normalized_mineral_id,mineral_name,signal_date,source_timestamp,as_of_date,signal_quality,ret_4w,ret_12w,price_vs_12w_avg,trend_score,signal_state,bullish,price
aluminum,Aluminum,2022-01-07,2022-01-07 23:00:00,2022-01-08,direct,,,,0.0,neutral,0,2884.5
aluminum,Aluminum,2022-01-14,2022-01-14 23:00:00,2022-01-15,direct,,,,0.0,neutral,0,2962.75
aluminum,Aluminum,2022-01-21,2022-01-21 23:00:00,2022-01-22,direct,,,,0.0,neutral,0,3026.0
aluminum,Aluminum,2022-01-28,2022-01-28 23:00:00,2022-01-29,direct,,,0.04261967254093246,0.014206557513644155,neutral,0,3128.25
aluminum,Aluminum,2022-02-04,2022-02-04 23:00:00,2022-02-05,direct,0.07964985266077318,,0.030134131617683524,0.03659466142615223,neutral,0,3114.25
aluminum,Aluminum,2022-02-11,2022-02-11 23:00:00,2022-02-12,direct,0.10783900092819176,,0.0704152625285357,0.05941808781890915,neutral,0,3282.25
aluminum,Aluminum,2022-02-18,2022-02-18 23:00:00,2022-02-19,direct,0.09203569068076667,,0.06584494873862456,0.052626879806463744,neutral,0,3304.5
aluminum,Aluminum,2022-02-25,2022-02-25 23:00:00,2022-02-26,direct,0.08878766083273404,,0.0852101877850131,0.05799928287258238,neutral,0,3406.0
aluminum,Aluminum,2022-03-04,2022-03-04 23:00:00,2022-03-05,direct,0.24363811511599898,,0.20273277780653176,0.1487902976408436,neutral,0,3873.0
aluminum,Aluminum,2022-03-11,2022-03-11 23:00:00,2022-03-12,direct,0.050041891994820675,,0.06281608486493151,0.0376193256199174,neutral,0,3446.5
aluminum,Aluminum,2022-03-18,2022-03-18 23:00:00,2022-03-19,direct,0.015963080647601657,,0.03198245087012097,0.015981843839240877,neutral,0,3357.25
aluminum,Aluminum,2022-03-25,2022-03-25 23:00:00,2022-03-26,direct,0.04859072225484429,,0.08896186804042516,0.04585086343175648,neutral,0,3571.5
aluminum,Aluminum,2022-04-01,2022-04-01 23:00:00,2022-04-02,direct,-0.10495739736638265,0.20176807072282887,0.04154486557541248,0.04611851297728623,neutral,0,3466.5
aluminum,Aluminum,2022-04-08,2022-04-08 23:00:00,2022-04-09,direct,-0.030683301900478743,0.1275841701122269,-0.005649016847836141,0.030417283787970668,neutral,0,3340.75
aluminum,Aluminum,2022-04-15,2022-04-15 23:00:00,2022-04-16,direct,-0.0317968575470996,0.07419035029742238,-0.03786883729534729,0.00150821848499183,neutral,0,3250.5
aluminum,Aluminum,2022-04-22,2022-04-22 23:00:00,2022-04-23,direct,-0.10317793644127116,0.023895149044993236,-0.053673429190466804,-0.04431873886224824,neutral,0,3203.0
aluminum,Aluminum,2022-04-29,2022-04-29 23:00:00,2022-04-30,direct,-0.12022212606375304,-0.020711246688608798,-0.09751797097517967,-0.07948378124251383,neutral,0,3049.75
aluminum,Aluminum,2022-05-06,2022-05-06 23:00:00,2022-05-07,direct,-0.1525854972685774,-0.13748191027496381,-0.15282323676286302,-0.14763021476880142,neutral,0,2831.0
aluminum,Aluminum,2022-05-13,2022-05-13 23:00:00,2022-05-14,direct,-0.14659283187201966,-0.16053865940384326,-0.15875131887363447,-0.15529427004983246,neutral,0,2774.0
aluminum,Aluminum,2022-05-20,2022-05-20 23:00:00,2022-05-21,direct,-0.08609116453325005,-0.14056077510275988,-0.10140441533856903,-0.10935211832485965,neutral,0,2927.25
aluminum,Aluminum,2022-05-27,2022-05-27 23:00:00,2022-05-28,direct,-0.06549717189933602,-0.2641363284275755,-0.10160764946937062,-0.14374704993209406,neutral,0,2850.0
aluminum,Aluminum,2022-06-03,2022-06-03 23:00:00,2022-06-04,direct,-0.04909925821264571,-0.21891774263745833,-0.13425435834215504,-0.13409045306408637,neutral,0,2692.0
aluminum,Aluminum,2022-06-10,2022-06-10 23:00:00,2022-06-11,direct,-0.048756308579668395,-0.21401444634745703,-0.1347178576308239,-0.1324962041859831,neutral,0,2638.75
aluminum,Aluminum,2022-06-17,2022-06-17 23:00:00,2022-06-18,direct,-0.15927918695020926,-0.31093378132437355,-0.1677492989896997,-0.21265408908809416,neutral,0,2461.0
aluminum,Aluminum,2022-06-24,2022-06-24 23:00:00,2022-06-25,direct,-0.15385964912280703,-0.3043415548824463,-0.1594998475144861,-0.20590035050657982,neutral,0,2411.5
aluminum,Aluminum,2022-07-01,2022-07-01 23:00:00,2022-07-02,direct,-0.11246285289747404,-0.2848162837686148,-0.14358683314415444,-0.18028865660341442,neutral,0,2389.25
aluminum,Aluminum,2022-07-08,2022-07-08 23:00:00,2022-07-09,direct,-0.09663666508763624,-0.26665128441778185,-0.12284871018436883,-0.16204555322992897,neutral,0,2383.75
aluminum,Aluminum,2022-07-15,2022-07-15 23:00:00,2022-07-16,direct,-0.0329134498171475,-0.2569466125507337,-0.1015548197840398,-0.13047162738397367,neutral,0,2380.0
aluminum,Aluminum,2022-07-22,2022-07-22 23:00:00,2022-07-23,direct,0.029649595687331498,-0.18583490450036888,-0.04565763976746784,-0.06728098286016841,neutral,0,2483.0
aluminum,Aluminum,2022-07-29,2022-07-29 23:00:00,2022-07-30,direct,0.03107669770848598,-0.1298127870010597,-0.04187463537952929,-0.046870241557367666,neutral,0,2463.5
aluminum,Aluminum,2022-08-05,2022-08-05 23:00:00,2022-08-06,direct,0.005453592029365462,-0.1359949531362653,-0.056297013297021414,-0.06227945813464042,neutral,0,2396.75
aluminum,Aluminum,2022-08-12,2022-08-12 23:00:00,2022-08-13,direct,0.017542016806722627,-0.1726876761465539,-0.03037077198982352,-0.06183881044321826,neutral,0,2421.75
aluminum,Aluminum,2022-08-19,2022-08-19 23:00:00,2022-08-20,direct,-0.04480467176802261,-0.16780701754385963,-0.03499135388058183,-0.08253434773082136,neutral,0,2371.75
aluminum,Aluminum,2022-08-26,2022-08-26 23:00:00,2022-08-27,direct,0.00832149380962055,-0.07726597325408613,0.017858972170053056,-0.017028502424804175,neutral,0,2484.0
aluminum,Aluminum,2022-09-02,2022-09-02 23:00:00,2022-09-03,direct,-0.050172108063001986,-0.1372809095215538,-0.05548400480590532,-0.08097900746348703,neutral,0,2276.5
aluminum,Aluminum,2022-09-09,2022-09-09 23:00:00,2022-09-10,direct,-0.06028698255393827,-0.07527427874847625,-0.04970856894301867,-0.06175661008181107,neutral,0,2275.75
aluminum,Aluminum,2022-09-16,2022-09-16 23:00:00,2022-09-17,direct,-0.04532518182776435,-0.06106157992950445,-0.049641048958998346,-0.05200927023875571,neutral,0,2264.25
aluminum,Aluminum,2022-09-23,2022-09-23 23:00:00,2022-09-24,direct,-0.1314412238325282,-0.09699696557497117,-0.08704621189414119,-0.10516146710054686,neutral,0,2157.5
aluminum,Aluminum,2022-09-30,2022-09-30 23:00:00,2022-10-01,direct,-0.05238304414671646,-0.09501835343471421,-0.07980236030143617,-0.07573458596095561,neutral,0,2157.25
aluminum,Aluminum,2022-10-07,2022-10-07 23:00:00,2022-10-08,direct,0.00878831154564419,-0.03539915966386553,-0.017782175040778725,-0.014797674386333356,neutral,0,2295.75
aluminum,Aluminum,2022-10-14,2022-10-14 23:00:00,2022-10-15,direct,0.03246107982775759,-0.058497784937575514,0.005393781919182716,-0.006880974396878403,neutral,0,2337.75
aluminum,Aluminum,2022-10-21,2022-10-21 23:00:00,2022-10-22,direct,0.03059096176129783,-0.09742236655165415,-0.03544509715318578,-0.03409216731451403,neutral,0,2223.5
aluminum,Aluminum,2022-10-28,2022-10-28 23:00:00,2022-10-29,direct,0.024800092710626886,-0.0776050902263482,-0.03448401361163178,-0.029096337042451032,neutral,0,2210.75
aluminum,Aluminum,2022-11-04,2022-11-04 23:00:00,2022-11-05,direct,0.036807143634977724,-0.017136368328687923,0.04111536358665946,0.020262046297649754,neutral,0,2380.25
aluminum,Aluminum,2022-11-11,2022-11-11 23:00:00,2022-11-12,direct,0.05871029836381125,0.043533256034573586,0.0784999046780388,0.06024781969214121,bullish,1,2475.0
aluminum,Aluminum,2022-11-18,2022-11-18 23:00:00,2022-11-19,direct,0.09197211603328093,-0.02254428341384862,0.06017520399530607,0.04320101220491279,neutral,0,2428.0
aluminum,Aluminum,2022-11-25,2022-11-25 23:00:00,2022-11-26,direct,0.07079045572769416,0.039863826048759154,0.03024698074203025,0.04696708750616119,bullish,1,2367.25
aluminum,Aluminum,2022-12-02,2022-12-02 23:00:00,2022-12-03,direct,0.0650141791828589,0.11391848841041408,0.09297667274474763,0.0906364467793402,bullish,1,2535.0
aluminum,Aluminum,2022-12-09,2022-12-09 23:00:00,2022-12-10,direct,-0.003939393939393909,0.08877111626366352,0.0552825662383063,0.04670476285419197,neutral,0,2465.25
aluminum,Aluminum,2022-12-16,2022-12-16 23:00:00,2022-12-17,direct,-0.01626853377265236,0.10706836616454218,0.014072547476051911,0.034957459955980576,neutral,0,2388.5
aluminum,Aluminum,2022-12-23,2022-12-23 23:00:00,2022-12-24,direct,0.019537437955433612,0.1187854907868815,0.015480093266247108,0.05126767400285407,bullish,1,2413.5
aluminum,Aluminum,2022-12-30,2022-12-30 23:00:00,2022-12-31,direct,-0.049211045364891515,0.049874768594141417,0.010057621791513816,0.0035737816735879058,neutral,0,2410.25
aluminum,Aluminum,2023-01-06,2023-01-06 23:00:00,2023-01-07,direct,-0.07301490721022208,-0.022457491177414135,-0.04056678037260564,-0.045346392920080615,neutral,0,2285.25
aluminum,Aluminum,2023-01-13,2023-01-13 23:00:00,2023-01-14,direct,0.08938664433745025,0.1702271194063414,0.07813956700390179,0.11258444358256448,bullish,1,2602.0
aluminum,Aluminum,2023-01-20,2023-01-20 23:00:00,2023-01-21,direct,0.08089910917754306,0.18002940178672389,0.06628291154330856,0.10907047416919184,bullish,1,2608.75
aluminum,Aluminum,2023-01-27,2023-01-27 23:00:00,2023-01-28,direct,0.09480344362617976,0.10860203760109233,0.06913142567738673,0.09084563563488628,bullish,1,2638.75
aluminum,Aluminum,2023-02-03,2023-02-03 23:00:00,2023-02-04,direct,0.11585165736790293,0.030303030303030276,0.03056327355392785,0.05890598707495368,bullish,1,2550.0
aluminum,Aluminum,2023-02-10,2023-02-10 23:00:00,2023-02-11,direct,-0.06648731744811687,0.0004118616144974663,-0.018371023961473165,-0.02814882659836419,neutral,0,2429.0
aluminum,Aluminum,2023-02-17,2023-02-17 23:00:00,2023-02-18,direct,-0.10158121705797796,-0.00992713063681483,-0.05207280080889787,-0.05452704950123022,neutral,0,2343.75
aluminum,Aluminum,2023-02-24,2023-02-24 23:00:00,2023-02-25,direct,-0.1304594978683089,-0.09487179487179487,-0.06440816187838738,-0.09657981820616372,neutral,0,2294.5
aluminum,Aluminum,2023-03-03,2023-03-03 23:00:00,2023-03-04,direct,-0.07068627450980391,-0.038738464658756744,-0.030578850480670883,-0.04666786321641051,neutral,0,2369.75
aluminum,Aluminum,2023-03-10,2023-03-10 23:00:00,2023-03-11,direct,-0.05650473445862492,-0.04050659409671342,-0.05938486006720878,-0.05213206287418237,neutral,0,2291.75
aluminum,Aluminum,2023-03-17,2023-03-17 23:00:00,2023-03-18,direct,-0.048853333333333304,-0.07634141288585039,-0.0792345024610196,-0.0681430828934011,neutral,0,2229.25
aluminum,Aluminum,2023-03-24,2023-03-24 23:00:00,2023-03-25,direct,0.005883634778818925,-0.04242298516751375,-0.04334084609207012,-0.02662673216025498,neutral,0,2308.0
aluminum,Aluminum,2023-03-31,2023-03-31 23:00:00,2023-04-01,direct,0.005907796181031655,0.043102505196368046,-0.015292993795020582,0.011239102527459707,bullish,1,2383.75
aluminum,Aluminum,2023-04-07,2023-04-07 23:00:00,2023-04-08,direct,0.01450856332496997,-0.106456571867794,-0.030315668743320368,-0.04075455909538147,neutral,0,2325.0
aluminum,Aluminum,2023-04-14,2023-04-14 23:00:00,2023-04-15,direct,0.0671750588763036,-0.08806899856252992,0.00019269510379271715,-0.006900414860811203,neutral,0,2379.0
aluminum,Aluminum,2023-04-21,2023-04-21 23:00:00,2023-04-22,direct,0.03412045060658575,-0.09549976314542874,0.012389317968929614,-0.016329998189971124,neutral,0,2386.75
aluminum,Aluminum,2023-04-28,2023-04-28 23:00:00,2023-04-29,direct,-0.010068169900367074,-0.07460784313725488,0.007713454506632411,-0.025654186176996514,neutral,0,2359.75
aluminum,Aluminum,2023-05-05,2023-05-05 23:00:00,2023-05-06,direct,0.001935483870967758,-0.04096335940716345,-0.001669598135764283,-0.013565824557319991,neutral,0,2329.5
aluminum,Aluminum,2023-05-12,2023-05-12 23:00:00,2023-05-13,direct,-0.05916351408154685,-0.04501333333333335,-0.03714790152445302,-0.04710824964644441,neutral,0,2238.25
aluminum,Aluminum,2023-05-19,2023-05-19 23:00:00,2023-05-20,direct,-0.0363464962815544,0.002397036391370566,-0.010779280126878343,-0.014909580005687392,neutral,0,2300.0
aluminum,Aluminum,2023-05-26,2023-05-26 23:00:00,2023-05-27,direct,-0.048628032630575246,-0.052642683827408,-0.030097926267281028,-0.04378954757508809,neutral,0,2245.0
aluminum,Aluminum,2023-06-02,2023-06-02 23:00:00,2023-06-03,direct,-0.025756600128783003,-0.009708737864077666,-0.01872719902715847,-0.018064179006673047,neutral,0,2269.5
aluminum,Aluminum,2023-06-09,2023-06-09 23:00:00,2023-06-10,direct,0.007148441863062738,0.011214534036110724,-0.026198083067092703,-0.002611702389306414,bullish,1,2254.25
aluminum,Aluminum,2023-06-16,2023-06-16 23:00:00,2023-06-17,direct,-0.020652173913043526,-0.024046793760831853,-0.02500608694868034,-0.02323501820751857,neutral,0,2252.5
aluminum,Aluminum,2023-06-23,2023-06-23 23:00:00,2023-06-24,direct,-0.03418708240534518,-0.0904037755637126,-0.054121111323172544,-0.05957065643074344,neutral,0,2168.25
aluminum,Aluminum,2023-06-30,2023-06-30 23:00:00,2023-07-01,direct,-0.06818682529191455,-0.09043010752688174,-0.07035442806117775,-0.07632378695999135,neutral,0,2114.75
aluminum,Aluminum,2023-07-07,2023-07-07 23:00:00,2023-07-08,direct,-0.0634357325052678,-0.11254728877679698,-0.062699433032122,-0.07956081810472893,neutral,0,2111.25
aluminum,Aluminum,2023-07-14,2023-07-14 23:00:00,2023-07-15,direct,-0.007769145394006638,-0.0635801822562061,-0.0021578986531736177,-0.024502408767795452,neutral,0,2235.0
aluminum,Aluminum,2023-07-21,2023-07-21 23:00:00,2023-07-22,direct,-0.0093393289519198,-0.08973408200021193,-0.03338489663901001,-0.04415276919704725,neutral,0,2148.0
aluminum,Aluminum,2023-07-28,2023-07-28 23:00:00,2023-07-29,direct,0.0301454072585412,-0.0648207769907706,-0.014076804857581893,-0.016250724863270432,neutral,0,2178.5
aluminum,Aluminum,2023-08-04,2023-08-04 23:00:00,2023-08-05,direct,0.02877442273534636,-0.02959901708924384,-0.014556315928768604,-0.0051269700942220275,neutral,0,2172.0
aluminum,Aluminum,2023-08-11,2023-08-11 23:00:00,2023-08-12,direct,-0.05357941834451907,-0.08032608695652177,-0.03355321396955935,-0.05581957309020006,neutral,0,2115.25
aluminum,Aluminum,2023-08-18,2023-08-18 23:00:00,2023-08-19,direct,-0.031191806331471117,-0.0730512249443207,-0.04322755529161604,-0.04915686218913595,neutral,0,2081.0
aluminum,Aluminum,2023-08-25,2023-08-25 23:00:00,2023-08-26,direct,-0.032017443194858886,-0.07083057942278037,-0.02446076447117329,-0.042436262362937516,neutral,0,2108.75
aluminum,Aluminum,2023-09-01,2023-09-01 23:00:00,2023-09-02,direct,0.02037292817679548,-0.016857047798602642,0.026774511128698997,0.010096797168963945,neutral,0,2216.25
aluminum,Aluminum,2023-09-08,2023-09-08 23:00:00,2023-09-09,direct,0.01867391561281173,-0.04339622641509433,0.002063653538729726,-0.007552885754517624,neutral,0,2154.75
aluminum,Aluminum,2023-09-15,2023-09-15 23:00:00,2023-09-16,direct,0.04144641999038923,-0.0004612014297243894,0.007915822925850913,0.016300347162171918,neutral,0,2167.25
aluminum,Aluminum,2023-09-22,2023-09-22 23:00:00,2023-09-23,direct,0.05062240663900419,0.047641565196831825,0.026347790839075902,0.04153725422497064,bullish,1,2215.5
aluminum,Aluminum,2023-09-29,2023-09-29 23:00:00,2023-09-30,direct,0.05109983079526237,0.10337477797513328,0.07014269717763932,0.07487243531601166,bullish,1,2329.5
aluminum,Aluminum,2023-10-06,2023-10-06 23:00:00,2023-10-07,direct,0.03364659473256748,-0.0034675615212528266,0.023473998621429182,0.017884343944247944,neutral,0,2227.25
aluminum,Aluminum,2023-10-13,2023-10-13 23:00:00,2023-10-14,direct,0.006575152843465215,0.015595903165735558,0.001166459508557205,0.007779171839252659,bullish,1,2181.5
aluminum,Aluminum,2023-10-20,2023-10-20 23:00:00,2023-10-21,direct,-0.017377567140600347,-0.0006885471654808351,-0.0008414288992580898,-0.006302514401779757,neutral,0,2177.0
aluminum,Aluminum,2023-10-27,2023-10-27 23:00:00,2023-10-28,direct,-0.04582528439579314,0.023365561694290937,0.01817973603595857,-0.001426662221847878,neutral,0,2222.75
aluminum,Aluminum,2023-11-03,2023-11-03 23:00:00,2023-11-04,direct,0.008418453249523061,0.06181302446519332,0.02372044440224097,0.031317307372319116,bullish,1,2246.0
aluminum,Aluminum,2023-11-10,2023-11-10 23:00:00,2023-11-11,direct,0.011230804492321722,0.06006727534839018,0.0007371703997731682,0.02401175008016169,bullish,1,2206.0
aluminum,Aluminum,2023-11-17,2023-11-17 23:00:00,2023-11-18,direct,0.0002296738631144546,0.032602252519265074,-0.01475232125182635,0.006026535043517726,bullish,1,2177.5
aluminum,Aluminum,2023-11-24,2023-11-24 23:00:00,2023-11-25,direct,-0.010122595883477636,-0.007219402143260001,-0.0038577262995067585,-0.007066574775414798,neutral,0,2200.25
aluminum,Aluminum,2023-12-01,2023-12-01 23:00:00,2023-12-02,direct,-0.03183437221727514,0.009165796496113154,-0.016248821866163943,-0.012972465862441976,neutral,0,2174.5
aluminum,Aluminum,2023-12-08,2023-12-08 23:00:00,2023-12-09,direct,-0.04397098821396195,-0.026877379167147275,-0.04378134829550284,-0.038209905225537355,neutral,0,2109.0
aluminum,Aluminum,2023-12-15,2023-12-15 23:00:00,2023-12-16,direct,0.013777267508610747,-0.003610923042202674,0.0011810837624603998,0.0037824760762894907,neutral,0,2207.5
aluminum,Aluminum,2023-12-22,2023-12-22 23:00:00,2023-12-23,direct,0.03079195545960678,-0.02640051513200259,0.03101648845997218,0.011802642929192123,neutral,0,2268.0
aluminum,Aluminum,2023-12-29,2023-12-29 23:00:00,2023-12-30,direct,0.07254541273856052,0.04714333819732852,0.05602354517069297,0.05857076536886067,bullish,1,2332.25
aluminum,Aluminum,2024-01-05,2024-01-05 23:00:00,2024-01-06,direct,0.044570886676149835,0.009855603942241498,-0.0033083557189311774,0.01703937829982005,bullish,1,2203.0
aluminum,Aluminum,2024-01-12,2024-01-12 23:00:00,2024-01-13,direct,-0.01812004530011324,-0.004363803399173194,-0.019018075185984973,-0.013833974628423803,neutral,0,2167.5
aluminum,Aluminum,2024-01-19,2024-01-19 23:00:00,2024-01-20,direct,-0.06194885361552027,-0.04285232257338878,-0.03365002460350508,-0.046150400264138046,neutral,0,2127.5
aluminum,Aluminum,2024-01-26,2024-01-26 23:00:00,2024-01-27,direct,-0.045556865687640724,-0.008904719501335756,0.011856509716277275,-0.014201691824233068,neutral,0,2226.0
aluminum,Aluminum,2024-02-02,2024-02-02 23:00:00,2024-02-03,direct,-0.002837040399455315,-0.004193109700815989,-0.0010894381341240988,-0.002706529411465134,neutral,0,2196.75
aluminum,Aluminum,2024-02-09,2024-02-09 23:00:00,2024-02-10,direct,0.006689734717416407,0.002066590126291512,-0.00796575011602918,0.00026352490922624633,bullish,1,2182.0
aluminum,Aluminum,2024-02-16,2024-02-16 23:00:00,2024-02-17,direct,0.02291421856639242,-0.010907851380524969,-0.009679468340269892,0.0007756329485325194,neutral,0,2176.25
aluminum,Aluminum,2024-02-23,2024-02-23 23:00:00,2024-02-24,direct,-0.04256513926325245,-0.01988962979995401,-0.028563831807649875,-0.03033953362361878,neutral,0,2131.25
aluminum,Aluminum,2024-03-01,2024-03-01 23:00:00,2024-03-02,direct,-0.0037555479685900117,0.03769559032716918,-0.0054721375418930185,0.00948930160556205,neutral,0,2188.5
aluminum,Aluminum,2024-03-08,2024-03-08 23:00:00,2024-03-09,direct,0.005270394133822132,-0.006342015855039684,-0.002671213412901441,-0.0012476117113729979,neutral,0,2193.5
aluminum,Aluminum,2024-03-15,2024-03-15 23:00:00,2024-03-16,direct,0.017346352670878806,-0.023809523809523836,0.008713480266530071,0.0007501030426283473,neutral,0,2214.0
aluminum,Aluminum,2024-03-22,2024-03-22 23:00:00,2024-03-23,direct,0.056304985337243485,-0.034730410547754276,0.028848900314195847,0.016807825034561685,neutral,0,2251.25
aluminum,Aluminum,2024-03-29,2024-03-29 23:00:00,2024-03-30,direct,0.04375142791866571,0.03688152519291865,0.04070998054197705,0.040447644551187135,bullish,1,2284.25
aluminum,Aluminum,2024-04-05,2024-04-05 23:00:00,2024-04-06,direct,0.09197629359471171,0.10507497116493658,0.08192648636440625,0.09299258370801818,bullish,1,2395.25
aluminum,Aluminum,2024-04-12,2024-04-12 23:00:00,2024-04-13,direct,0.10038392050587164,0.1451233842538191,0.08780383438293615,0.1111037130475423,bullish,1,2436.25
aluminum,Aluminum,2024-04-19,2024-04-19 23:00:00,2024-04-20,direct,0.19044975013881182,0.20395327942497743,0.17676116249073792,0.19038806401817573,bullish,1,2680.0
aluminum,Aluminum,2024-04-26,2024-04-26 23:00:00,2024-04-27,direct,0.11841961256429911,0.16296802094002505,0.10726056217211877,0.1295493985588143,bullish,1,2554.75
aluminum,Aluminum,2024-05-03,2024-05-03 23:00:00,2024-05-04,direct,0.048846675712347354,0.15135197066911088,0.0760060676362988,0.09206823800591901,bullish,1,2512.25
aluminum,Aluminum,2024-05-10,2024-05-10 23:00:00,2024-05-11,direct,0.021344279117496257,0.143365881677197,0.05398965742423978,0.07289993940631101,bullish,1,2488.25
aluminum,Aluminum,2024-05-17,2024-05-17 23:00:00,2024-05-18,direct,-0.05466417910447763,0.1887390029325513,0.05813255370800596,0.06406912584535988,neutral,0,2533.5
aluminum,Aluminum,2024-05-24,2024-05-24 23:00:00,2024-05-25,direct,0.013112829043937735,0.182659355723098,0.0661654909633902,0.08731255857680864,bullish,1,2588.25
aluminum,Aluminum,2024-05-31,2024-05-31 23:00:00,2024-06-01,direct,0.03154542740571209,0.18144517893777068,0.053116375150273454,0.08870232716458541,bullish,1,2591.5
aluminum,Aluminum,2024-06-07,2024-06-07 23:00:00,2024-06-08,direct,0.007836833115643538,0.13267841011743453,0.009044956535588788,0.04985339992288895,bullish,1,2507.75
aluminum,Aluminum,2024-06-14,2024-06-14 23:00:00,2024-06-15,direct,-0.036609433589895435,0.08417545807884519,-0.024114751230726927,0.007817091086074276,neutral,0,2440.75
aluminum,Aluminum,2024-06-21,2024-06-21 23:00:00,2024-06-22,direct,-0.060272384815995395,0.06479150705920977,-0.03228533773198616,-0.009255405162923927,neutral,0,2432.25
aluminum,Aluminum,2024-06-28,2024-06-28 23:00:00,2024-06-29,direct,-0.051803974532124264,0.025884563197996036,-0.024344243988386194,-0.016754551774171473,neutral,0,2457.25
aluminum,Aluminum,2024-07-05,2024-07-05 23:00:00,2024-07-06,direct,-0.02003788256405148,0.008722421754745913,-0.024930564740113792,-0.01208200851647312,neutral,0,2457.5
aluminum,Aluminum,2024-07-12,2024-07-12 23:00:00,2024-07-13,direct,-0.0215097818293557,-0.10886194029850749,-0.04317705681543127,-0.05784959298109815,neutral,0,2388.25
aluminum,Aluminum,2024-07-19,2024-07-19 23:00:00,2024-07-20,direct,-0.06938020351526364,-0.11400332713572758,-0.08425204814402754,-0.08921185959833959,neutral,0,2263.5
aluminum,Aluminum,2024-07-26,2024-07-26 23:00:00,2024-07-27,direct,-0.09980669447553159,-0.11951437954025279,-0.09593590081997216,-0.10508565827858551,neutral,0,2212.0
aluminum,Aluminum,2024-08-02,2024-08-02 23:00:00,2024-08-03,direct,-0.12309257375381488,-0.1339294685019592,-0.10912066144173638,-0.12204756789917015,neutral,0,2155.0
aluminum,Aluminum,2024-08-09,2024-08-09 23:00:00,2024-08-10,direct,-0.08625562650476293,-0.13864219459246108,-0.08680528311756242,-0.10390103473826214,neutral,0,2182.25
aluminum,Aluminum,2024-08-16,2024-08-16 23:00:00,2024-08-17,direct,-0.012370223105809597,-0.13628899835796382,-0.05287129062439311,-0.06717683736272217,neutral,0,2235.5
aluminum,Aluminum,2024-08-23,2024-08-23 23:00:00,2024-08-24,direct,0.09380650994575035,-0.06637082770596181,0.0313482407686978,0.01959464100282878,neutral,0,2419.5
aluminum,Aluminum,2024-08-30,2024-08-30 23:00:00,2024-08-31,direct,0.08700696055684465,-0.0658957232579005,0.004421814283800174,0.008511017194248108,neutral,0,2342.5
aluminum,Aluminum,2024-09-06,2024-09-06 23:00:00,2024-09-07,direct,0.03471187994042846,-0.07487452627266211,-0.02544643659970869,-0.021869694310647447,neutral,0,2258.0
aluminum,Aluminum,2024-09-13,2024-09-13 23:00:00,2024-09-14,direct,0.06463878326996197,-0.02148216671805936,0.029142831403990987,0.024099815985297868,neutral,0,2380.0
aluminum,Aluminum,2024-09-20,2024-09-20 23:00:00,2024-09-21,direct,-0.007129572225666458,-0.022382744938447496,0.04082682673647153,0.0037715031907858596,neutral,0,2402.25
aluminum,Aluminum,2024-09-27,2024-09-27 23:00:00,2024-09-28,direct,0.10096051227321245,0.04944048830111902,0.11252707354117408,0.08764269137183518,bullish,1,2579.0
aluminum,Aluminum,2024-10-04,2024-10-04 23:00:00,2024-10-05,direct,0.1442648361381753,0.08185910185282119,0.10679767609970292,0.11097387136356647,bullish,1,2583.75
aluminum,Aluminum,2024-10-11,2024-10-11 23:00:00,2024-10-12,direct,0.07972689075630246,0.13529931521979233,0.08889634350888964,0.10130751649499481,bullish,1,2569.75
aluminum,Aluminum,2024-10-18,2024-10-18 23:00:00,2024-10-19,direct,0.06826933083567499,0.1601491862567812,0.07397881337460221,0.10079911015568614,bullish,1,2566.25
aluminum,Aluminum,2024-10-25,2024-10-25 23:00:00,2024-10-26,direct,0.019387359441644048,0.21995359628770306,0.08234769407587206,0.10722954993507305,bullish,1,2629.0
aluminum,Aluminum,2024-11-01,2024-11-01 23:00:00,2024-11-02,direct,-0.014513788098693747,0.16680032076984763,0.035350326564842716,0.0625456197453322,neutral,0,2546.25
aluminum,Aluminum,2024-11-08,2024-11-08 23:00:00,2024-11-09,direct,-0.003113143301877619,0.14594050547975845,0.03026342248139957,0.057696928219760135,neutral,0,2561.75
aluminum,Aluminum,2024-11-15,2024-11-15 23:00:00,2024-11-16,direct,0.000194836824159772,0.060859681752428285,0.027205042479218955,0.029419853685269004,bullish,1,2566.75
aluminum,Aluminum,2024-11-22,2024-11-22 23:00:00,2024-11-23,direct,-0.027767211867630315,0.09114194236926365,0.01567117844281629,0.026348636314816543,neutral,0,2556.0
aluminum,Aluminum,2024-11-29,2024-11-29 23:00:00,2024-11-30,direct,0.006185567010309256,0.13463241806908766,0.007909122947930891,0.049575702675775934,bullish,1,2562.0
aluminum,Aluminum,2024-12-06,2024-12-06 23:00:00,2024-12-07,direct,-0.004977066458475621,0.07100840336134451,-0.0027305256465639527,0.021100270418768313,neutral,0,2549.0
aluminum,Aluminum,2024-12-13,2024-12-13 23:00:00,2024-12-14,direct,-0.017726697185156293,0.049536892496617746,-0.017399706080559962,0.004803496410300497,neutral,0,2521.25
aluminum,Aluminum,2024-12-20,2024-12-20 23:00:00,2024-12-21,direct,-0.02934272300469487,-0.03799922450562232,-0.029998941118016376,-0.032446962876111186,neutral,0,2481.0
aluminum,Aluminum,2024-12-27,2024-12-27 23:00:00,2024-12-28,direct,-0.012490241998438734,-0.020803096274794375,-0.00910604131988646,-0.014133126531039856,neutral,0,2530.0
aluminum,Aluminum,2025-01-03,2025-01-03 23:00:00,2025-01-04,direct,-0.03570027461749703,-0.04348672049810298,-0.03378129376213057,-0.03765609629257686,neutral,0,2458.0
aluminum,Aluminum,2025-01-10,2025-01-10 23:00:00,2025-01-11,direct,0.011105602379771984,-0.006624452021432026,0.0026466515351397657,0.002375933964493241,neutral,0,2549.25
aluminum,Aluminum,2025-01-17,2025-01-17 23:00:00,2025-01-18,direct,0.08293027005239817,0.021966527196652708,0.05473043705836167,0.05320907810247085,bullish,1,2686.75
aluminum,Aluminum,2025-01-24,2025-01-24 23:00:00,2025-01-25,direct,0.050494071146245156,0.04378988708885623,0.039554099643084095,0.04461268595939516,bullish,1,2657.75
aluminum,Aluminum,2025-01-31,2025-01-31 23:00:00,2025-02-01,direct,0.052074857607811165,0.009466185224943802,0.010690876521597392,0.024077306451450786,bullish,1,2586.0
aluminum,Aluminum,2025-02-07,2025-02-07 23:00:00,2025-02-08,direct,0.029224281651466066,0.022207071198987016,0.023544614484367177,0.024991989111606754,bullish,1,2623.75
aluminum,Aluminum,2025-02-14,2025-02-14 23:00:00,2025-02-15,direct,-0.027728668465618278,0.022007042253521236,0.017198299639809234,0.0038255578092373974,neutral,0,2612.25
aluminum,Aluminum,2025-02-21,2025-02-21 23:00:00,2025-02-22,direct,0.013639356598626584,0.051522248243559776,0.04455717470677567,0.03657292651632068,bullish,1,2694.0
aluminum,Aluminum,2025-02-28,2025-02-28 23:00:00,2025-03-01,direct,-0.009474091260634143,0.004903883876029802,-0.0072186425076304905,-0.003929616630744944,neutral,0,2561.5
aluminum,Aluminum,2025-03-07,2025-03-07 23:00:00,2025-03-08,direct,0.014387803716055192,0.05562716906296483,0.026887554558826965,0.032300842445948996,bullish,1,2661.5
aluminum,Aluminum,2025-03-14,2025-03-14 23:00:00,2025-03-15,direct,0.0046894439659297404,0.05783958081418783,0.00796121010393569,0.023496744961351086,bullish,1,2624.5
aluminum,Aluminum,2025-03-21,2025-03-21 23:00:00,2025-03-22,direct,-0.05215293244246477,0.009288537549407172,-0.020043973615830435,-0.020969456169629346,neutral,0,2553.5
aluminum,Aluminum,2025-03-28,2025-03-28 23:00:00,2025-03-29,direct,-0.03982041772398981,0.0006102522375914798,-0.056163605983322706,-0.03179125715657368,neutral,0,2459.5
aluminum,Aluminum,2025-04-04,2025-04-04 23:00:00,2025-04-05,direct,-0.1698290437723089,-0.13327449249779344,-0.14278786311246172,-0.14863046646085468,neutral,0,2209.5
aluminum,Aluminum,2025-04-11,2025-04-11 23:00:00,2025-04-12,direct,-0.12364259859020765,-0.1439471480413138,-0.09637814610190298,-0.12132263091114148,neutral,0,2300.0
aluminum,Aluminum,2025-04-18,2025-04-18 23:00:00,2025-04-19,direct,-0.09633835911494026,-0.1317844041012134,-0.08291519697948235,-0.10367932006521201,neutral,0,2307.5
aluminum,Aluminum,2025-04-25,2025-04-25 23:00:00,2025-04-26,direct,-0.04401301077454767,-0.09077726218097448,-0.058205031918888483,-0.0643317682914702,neutral,0,2351.25
aluminum,Aluminum,2025-05-02,2025-05-02 23:00:00,2025-05-03,direct,0.04446707399864214,-0.12043830395426391,-0.06577493653591515,-0.047248722163845645,neutral,0,2307.75
aluminum,Aluminum,2025-05-09,2025-05-09 23:00:00,2025-05-10,direct,0.004021739130434687,-0.1159919609532013,-0.055513424620182494,-0.0558278821476497,neutral,0,2309.25
aluminum,Aluminum,2025-05-16,2025-05-16 23:00:00,2025-05-17,direct,0.035644637053087846,-0.11293615441722349,-0.012346954590070736,-0.029879490651402125,neutral,0,2389.75
aluminum,Aluminum,2025-05-23,2025-05-23 23:00:00,2025-05-24,direct,0.0026581605528974706,-0.07964083544797973,-0.018781541022839576,-0.03192140530597395,neutral,0,2357.5
aluminum,Aluminum,2025-05-30,2025-05-30 23:00:00,2025-05-31,direct,0.01765789188603617,-0.11760285553259442,-0.011799358311271546,-0.0372481073192766,neutral,0,2348.5
aluminum,Aluminum,2025-06-06,2025-06-06 23:00:00,2025-06-07,direct,0.024466818231027476,-0.0985902076586016,0.00457364272507732,-0.02318324890083227,neutral,0,2365.75
aluminum,Aluminum,2025-06-13,2025-06-13 23:00:00,2025-06-14,direct,0.019353488858667278,-0.04601527315449383,0.03872291661114513,0.004020377438439526,neutral,0,2436.0
aluminum,Aluminum,2025-06-20,2025-06-20 23:00:00,2025-06-21,direct,0.04803817603393434,0.004574100426915972,0.053119505567691405,0.03524392734284724,bullish,1,2470.75
aluminum,Aluminum,2025-06-27,2025-06-27 23:00:00,2025-06-28,direct,0.06770278901426452,0.13487214301878248,0.05758923079626732,0.08672138760977144,bullish,1,2507.5
aluminum,Aluminum,2025-07-04,2025-07-04 23:00:00,2025-07-05,direct,0.06720913029694597,0.09771739130434787,0.05651889629920226,0.07381513930016537,bullish,1,2524.75
aluminum,Aluminum,2025-07-11,2025-07-11 23:00:00,2025-07-12,direct,0.022680623973727387,0.07963163596966405,0.035862785862785795,0.046058348602059075,bullish,1,2491.25
aluminum,Aluminum,2025-07-18,2025-07-18 23:00:00,2025-07-19,direct,0.01477284225437625,0.06634768740031904,0.036910669975185995,0.03934373320996043,bullish,1,2507.25
aluminum,Aluminum,2025-07-25,2025-07-25 23:00:00,2025-07-26,direct,0.01555333998005981,0.10345574693965975,0.044548321212794395,0.05451913604417132,bullish,1,2546.5
aluminum,Aluminum,2025-08-01,2025-08-01 23:00:00,2025-08-02,direct,-0.036736310525794624,0.05315578651077191,-0.006586673474597959,0.0032776008367931078,neutral,0,2432.0
aluminum,Aluminum,2025-08-08,2025-08-08 23:00:00,2025-08-09,direct,0.004214751630707392,0.046866827073961614,0.01802336424829165,0.02303498098432022,bullish,1,2501.75
aluminum,Aluminum,2025-08-15,2025-08-15 23:00:00,2025-08-16,direct,-0.01056934888822414,0.05227995758218462,0.00527644342386302,0.01566235070594117,neutral,0,2480.75
aluminum,Aluminum,2025-08-22,2025-08-22 23:00:00,2025-08-23,direct,-0.016198704103671746,0.06674473067915687,0.00985908396177293,0.020135036845752685,neutral,0,2505.25
aluminum,Aluminum,2025-08-29,2025-08-29 23:00:00,2025-08-30,direct,0.034025493421052655,0.06298214097009414,0.008640139044403972,0.03521592447851692,bullish,1,2514.75
aluminum,Aluminum,2025-09-05,2025-09-05 23:00:00,2025-09-06,direct,-0.002598181273108846,0.024322660098522242,-0.0011591930681923435,0.0068550952524070174,neutral,0,2495.25
aluminum,Aluminum,2025-09-12,2025-09-12 23:00:00,2025-09-13,direct,0.04151970170311392,0.04573510067793185,0.03038309114927351,0.039212631176773094,bullish,1,2583.75
aluminum,Aluminum,2025-09-19,2025-09-19 23:00:00,2025-09-20,direct,0.02175431593653321,0.02083748753738779,0.019042563779318566,0.02054478908441319,bullish,1,2559.75
aluminum,Aluminum,2025-09-26,2025-09-26 23:00:00,2025-09-27,direct,0.011929615269907545,0.00792157639370239,0.012399297152140054,0.01075016293858333,bullish,1,2544.75
aluminum,Aluminum,2025-10-03,2025-10-03 23:00:00,2025-10-04,direct,0.04708946999298669,0.048770697441043565,0.035282074988855605,0.04371408080762862,bullish,1,2612.75
aluminum,Aluminum,2025-10-10,2025-10-10 23:00:00,2025-10-11,direct,0.007643928398645361,0.03838867284873859,0.02834854307415058,0.024793714773844844,bullish,1,2603.5
aluminum,Aluminum,2025-10-17,2025-10-17 23:00:00,2025-10-18,direct,0.04814923332356669,0.05360298448851375,0.055009871466138005,0.05225402975940615,bullish,1,2683.0
aluminum,Aluminum,2025-10-24,2025-10-24 23:00:00,2025-10-25,direct,0.09116809116809121,0.14175575657894735,0.07967727302183913,0.1042003735896259,bullish,1,2776.75
aluminum,Aluminum,2025-10-31,2025-10-31 23:00:00,2025-11-01,direct,0.08114056071189357,0.12910962326371545,0.08696488696488691,0.09907169031349865,bullish,1,2824.75
aluminum,Aluminum,2025-11-07,2025-11-07 23:00:00,2025-11-08,direct,0.06587286345304388,0.1186133225838959,0.05783968804847639,0.08077529136180539,bullish,1,2775.0
aluminum,Aluminum,2025-11-14,2025-11-14 23:00:00,2025-11-15,direct,0.03857622064852784,0.11226424508532085,0.05281717857086621,0.06788588143490497,bullish,1,2786.5
aluminum,Aluminum,2025-11-21,2025-11-21 23:00:00,2025-11-22,direct,-0.02935085981813268,0.07177651854061029,0.012585704893397276,0.01833712120529163,neutral,0,2695.25
aluminum,Aluminum,2025-11-28,2025-11-28 23:00:00,2025-11-29,direct,-0.005929728294539305,0.1253381424706943,0.04471573072898494,0.05470804830171331,neutral,0,2808.0
aluminum,Aluminum,2025-12-05,2025-12-05 23:00:00,2025-12-06,direct,0.030990990990990896,0.1073052733430091,0.055362577234022936,0.06455294718934097,bullish,1,2861.0
aluminum,Aluminum,2025-12-12,2025-12-12 23:00:00,2025-12-13,direct,0.0005383097075184473,0.08916886414688929,0.021268801941436433,0.036991991931948055,bullish,1,2788.0
aluminum,Aluminum,2025-12-19,2025-12-19 23:00:00,2025-12-20,direct,0.0640942398664317,0.12702623047450623,0.040308320108818796,0.07714293014991891,bullish,1,2868.0
aluminum,Aluminum,2025-12-26,2025-12-26 23:00:00,2025-12-27,direct,0.041577635327635365,0.11941441010429621,0.05098144904100965,0.07065783149098041,bullish,1,2924.75
aluminum,Aluminum,2026-01-02,2026-01-02 23:00:00,2026-01-03,direct,0.026913666550157256,0.12848089110812366,0.0452726140709776,0.06688905724308618,bullish,1,2938.0
aluminum,Aluminum,2026-01-09,2026-01-09 23:00:00,2026-01-10,direct,0.08931133428981353,0.13194185613119647,0.06927207112049993,0.09684175384716998,bullish,1,3037.0
aluminum,Aluminum,2026-01-16,2026-01-16 23:00:00,2026-01-17,direct,0.058141562064156105,0.0929143783199784,0.06045252031099846,0.07050282023171099,bullish,1,3034.75
aluminum,Aluminum,2026-01-23,2026-01-23 23:00:00,2026-01-24,direct,0.05906487733994359,0.09655721745287194,0.07385070961684304,0.07649093480321952,bullish,1,3097.5
aluminum,Aluminum,2026-01-30,2026-01-30 23:00:00,2026-01-31,direct,0.032845473110959755,0.09351351351351345,0.04418142845877582,0.05684680502774967,bullish,1,3034.5
aluminum,Aluminum,2026-02-06,2026-02-06 23:00:00,2026-02-07,direct,-0.010865986170563002,0.07805490759016687,0.027279268753161556,0.03148939672425514,neutral,0,3004.0
aluminum,Aluminum,2026-02-13,2026-02-13 23:00:00,2026-02-14,direct,-0.006260812258011339,0.11891290232816987,0.02196335910198033,0.04487181639071295,neutral,0,3015.75
aluminum,Aluminum,2026-02-20,2026-02-20 23:00:00,2026-02-21,direct,-0.024455205811138025,0.07612179487179493,0.017852631578947342,0.02317307354653475,neutral,0,3021.75
aluminum,Aluminum,2026-02-27,2026-02-27 23:00:00,2026-02-28,direct,0.0032130499258526957,0.06405103110800425,0.020183896169178928,0.029149325734345293,bullish,1,3044.25
aluminum,Aluminum,2026-03-06,2026-03-06 23:00:00,2026-03-07,direct,0.10768974700399458,0.19350789096126264,0.0985549311855618,0.13325085638360634,bullish,1,3327.5
aluminum,Aluminum,2026-03-13,2026-03-13 23:00:00,2026-03-14,direct,0.12186023377269328,0.17965481171548126,0.10134823535794713,0.13428776028204056,bullish,1,3383.25
aluminum,Aluminum,2026-03-20,2026-03-20 23:00:00,2026-03-21,direct,0.026557458426408553,0.06060347038208391,0.004960819648895498,0.03070724948579599,bullish,1,3102.0
aluminum,Aluminum,2026-03-27,2026-03-27 23:00:00,2026-03-28,direct,0.047055925104705576,0.0849217154526889,0.025751044187745986,0.05257622824838015,bullish,1,3187.5
aluminum,Aluminum,2026-04-03,2026-04-03 23:00:00,2026-04-04,direct,0.025093914350112767,0.12314784326638128,0.08677441837310407,0.07833872532986604,bullish,1,3411.0
aluminum,Aluminum,2026-04-10,2026-04-10 23:00:00,2026-04-11,direct,0.013744180891154922,0.13015899167971012,0.08140703517587933,0.07510340258224812,bullish,1,3429.75
aluminum,Aluminum,2026-04-17,2026-04-17 23:00:00,2026-04-18,direct,0.1594938749194068,0.16117836965294585,0.11937859847502463,0.14668361434912577,bullish,1,3596.75
aluminum,Aluminum,2026-04-24,2026-04-24 23:00:00,2026-04-25,direct,0.13184313725490204,0.1889108584610315,0.10635361763296602,0.1423692044496332,bullish,1,3607.75
aluminum,Aluminum,2026-05-01,2026-05-01 23:00:00,2026-05-02,direct,0.02499267077103484,0.1638648468708388,0.058841344151828956,0.08256628726456754,bullish,1,3496.25
aluminum,Aluminum,2026-05-08,2026-05-08 23:00:00,2026-05-09,direct,0.022523507544281562,0.16289480228798814,0.04909042185231116,0.07816957722819362,bullish,1,3507.0
aluminum,Aluminum,2026-05-15,2026-05-15 23:00:00,2026-05-16,direct,0.05414610412177656,0.2547364937536196,0.11284227518986412,0.1405749576884201,bullish,1,3791.5
aluminum,Aluminum,2026-05-22,2026-05-22 23:00:00,2026-05-23,direct,0.09860716513062151,0.301962716596863,0.1377448195437012,0.17943823375706192,bullish,1,3963.5
aluminum,Aluminum,2026-05-29,2026-05-29 23:00:00,2026-05-30,direct,0.12055774043618173,0.17738542449286254,0.1089540972779166,0.13563242073565362,bullish,1,3917.75
aluminum,Aluminum,2026-06-05,2026-06-05 23:00:00,2026-06-06,direct,0.12639007698887927,0.1675903347373089,0.10339610344265715,0.1324588383896151,bullish,1,3950.25
aluminum,Aluminum,2026-06-12,2026-06-12 23:00:00,2026-06-13,direct,0.01773704338652249,0.2439555125725339,0.05918076753721313,0.1069577744987565,bullish,1,3858.75
aluminum,Aluminum,2026-06-19,2026-06-19 23:00:00,2026-06-20,direct,-0.12318657751986883,0.09027450980392149,-0.052323005078910634,-0.028411690931619327,neutral,0,3475.25
antimony,Antimony,2022-01-07,2022-01-07 23:00:00,2022-01-09,proxy,,,,0.0,neutral,0,4.4029998779296875
antimony,Antimony,2022-01-14,2022-01-14 23:00:00,2022-01-16,proxy,,,,0.0,neutral,0,4.411499977111816
antimony,Antimony,2022-01-21,2022-01-21 23:00:00,2022-01-23,proxy,,,,0.0,neutral,0,4.512499809265137
antimony,Antimony,2022-01-28,2022-01-28 23:00:00,2022-01-30,proxy,,,-0.0237095719232866,-0.007903190641095533,neutral,0,4.302999973297119
antimony,Antimony,2022-02-04,2022-02-04 23:00:00,2022-02-06,proxy,0.018283017968844684,,0.013747275762975075,0.010676764577273254,neutral,0,4.483500003814697
antimony,Antimony,2022-02-11,2022-02-11 23:00:00,2022-02-13,proxy,0.02119463624939555,,0.015459208240898414,0.012217948163431322,neutral,0,4.505000114440918
antimony,Antimony,2022-02-18,2022-02-18 23:00:00,2022-02-20,proxy,0.0015512398400658878,,0.01600934305596402,0.005853527632009969,neutral,0,4.519499778747559
antimony,Antimony,2022-02-25,2022-02-25 23:00:00,2022-02-27,proxy,0.0392749592893209,,0.004661649016728608,0.014645536102016502,neutral,0,4.4720001220703125
antimony,Antimony,2022-03-04,2022-03-04 23:00:00,2022-03-06,proxy,0.09936431284133573,,0.09427957254951758,0.0645479617969511,neutral,0,4.928999900817871
antimony,Antimony,2022-03-11,2022-03-11 23:00:00,2022-03-13,proxy,0.024639302600535373,,0.022256716371005014,0.015632006323846797,neutral,0,4.616000175476074
antimony,Antimony,2022-03-18,2022-03-18 23:00:00,2022-03-20,proxy,0.04668668056962599,,0.043098745758308965,0.029928475442644986,neutral,0,4.730500221252441
antimony,Antimony,2022-03-25,2022-03-25 23:00:00,2022-03-27,proxy,0.04785325187578682,,0.03042794543706817,0.02609373243761833,neutral,0,4.685999870300293
antimony,Antimony,2022-04-01,2022-04-01 23:00:00,2022-04-03,proxy,-0.05001014814747451,0.06347944932508542,0.024411565853914574,0.012626955677175164,neutral,0,4.682499885559082
antimony,Antimony,2022-04-08,2022-04-08 23:00:00,2022-04-10,proxy,0.022530244965783597,0.06993082051012656,0.02684030577849139,0.03976712375146718,bullish,1,4.71999979019165
antimony,Antimony,2022-04-15,2022-04-15 23:00:00,2022-04-17,proxy,-0.002853865974341452,0.045318605431156955,0.02239723017589612,0.02162065654423721,neutral,0,4.7170000076293945
antimony,Antimony,2022-04-22,2022-04-22 23:00:00,2022-04-24,proxy,-0.022087044865228833,0.06495468495558265,-0.01174441007226168,0.010374410006030713,neutral,0,4.582499980926514
antimony,Antimony,2022-04-29,2022-04-29 23:00:00,2022-05-01,proxy,-0.061398806547593,-0.019739048246433577,-0.0506705078916142,-0.04393612089521359,neutral,0,4.394999980926514
antimony,Antimony,2022-05-06,2022-05-06 23:00:00,2022-05-08,proxy,-0.0971398154296631,-0.054051104663901284,-0.07545449039024599,-0.07554847016127013,neutral,0,4.261499881744385
antimony,Antimony,2022-05-13,2022-05-13 23:00:00,2022-05-15,proxy,-0.11373754001358238,-0.07500824534256845,-0.08743461720937984,-0.09206013418851022,neutral,0,4.180500030517578
antimony,Antimony,2022-05-20,2022-05-20 23:00:00,2022-05-22,proxy,-0.06579374683084083,-0.0427101922020493,-0.06223813191075067,-0.056914023647880264,neutral,0,4.281000137329102
antimony,Antimony,2022-05-27,2022-05-27 23:00:00,2022-05-29,proxy,-0.02070536530229039,-0.1268005706180464,-0.04631948259613272,-0.06460847283882316,neutral,0,4.303999900817871
antimony,Antimony,2022-06-03,2022-06-03 23:00:00,2022-06-05,proxy,0.0506863982406649,-0.03000437789384669,-0.00533155815992159,0.005116820728965539,neutral,0,4.477499961853027
antimony,Antimony,2022-06-10,2022-06-10 23:00:00,2022-06-12,proxy,0.028824324090034326,-0.09079380253852143,-0.03688287867222617,-0.03295078570690443,neutral,0,4.301000118255615
antimony,Antimony,2022-06-17,2022-06-17 23:00:00,2022-06-19,proxy,-0.061551087402544113,-0.14265897675993722,-0.08900227797871108,-0.09773744738039747,neutral,0,4.017499923706055
antimony,Antimony,2022-06-24,2022-06-24 23:00:00,2022-06-26,proxy,-0.12639403412886707,-0.19701012656526318,-0.1322659715929586,-0.15189004409569629,neutral,0,3.759999990463257
antimony,Antimony,2022-07-01,2022-07-01 23:00:00,2022-07-03,proxy,-0.19173646256367682,-0.2332626866724109,-0.14673897801420133,-0.19057937575009634,neutral,0,3.61899995803833
antimony,Antimony,2022-07-08,2022-07-08 23:00:00,2022-07-10,proxy,-0.17879563642459284,-0.2512189825870028,-0.14740048402547068,-0.19247170101235545,neutral,0,3.5320000648498535
antimony,Antimony,2022-07-15,2022-07-15 23:00:00,2022-07-17,proxy,-0.19489732600873466,-0.29416258705985177,-0.19745263943962166,-0.22883751750273604,neutral,0,3.234499931335449
antimony,Antimony,2022-07-22,2022-07-22 23:00:00,2022-07-24,proxy,-0.10944148355200312,-0.2381114839855949,-0.15079146533539367,-0.1661148109576639,neutral,0,3.3485000133514404
antimony,Antimony,2022-07-29,2022-07-29 23:00:00,2022-07-31,proxy,-0.00967113783308271,-0.15898152995861148,-0.07786315896695395,-0.08217194225288271,neutral,0,3.5840001106262207
antimony,Antimony,2022-08-05,2022-08-05 23:00:00,2022-08-07,proxy,0.005945613834001495,-0.15010167507229266,-0.07337217243763083,-0.07250941122530734,neutral,0,3.552999973297119
antimony,Antimony,2022-08-12,2022-08-12 23:00:00,2022-08-14,proxy,0.13649720089432216,-0.14132212092171137,-0.02851980187929104,-0.01111490730222675,neutral,0,3.6760001182556152
antimony,Antimony,2022-08-19,2022-08-19 23:00:00,2022-08-21,proxy,0.10004480717074227,-0.14416818392620012,-0.013050798672291752,-0.019058058475916535,neutral,0,3.683500051498413
antimony,Antimony,2022-08-26,2022-08-26 23:00:00,2022-08-28,proxy,0.03557472513012905,-0.17107761897286877,0.011755863015621815,-0.04124901027570597,neutral,0,3.7114999294281006
antimony,Antimony,2022-09-02,2022-09-02 23:00:00,2022-09-04,proxy,-0.03701097852810176,-0.2044873579397265,-0.04828354511852895,-0.09659396052878573,neutral,0,3.4214999675750732
antimony,Antimony,2022-09-09,2022-09-09 23:00:00,2022-09-11,proxy,-0.025843314895025116,-0.10864961850652821,0.006263997380552944,-0.0427429786736668,neutral,0,3.5810000896453857
antimony,Antimony,2022-09-16,2022-09-16 23:00:00,2022-09-18,proxy,-0.03325639773771938,-0.052925500598170694,0.005328745369879373,-0.026951050988670233,neutral,0,3.561000108718872
antimony,Antimony,2022-09-23,2022-09-23 23:00:00,2022-09-25,proxy,-0.09160714552989402,-0.0683890427325945,-0.04259548901535681,-0.06753055909261511,neutral,0,3.371500015258789
antimony,Antimony,2022-09-30,2022-09-30 23:00:00,2022-10-02,proxy,0.005991508075745777,-0.025481356436984237,-0.020489500796232574,-0.01332644971915701,neutral,0,3.441999912261963
antimony,Antimony,2022-10-07,2022-10-07 23:00:00,2022-10-09,proxy,-0.04705394604709534,0.05503168250914969,-0.03296654542448196,-0.00832960298747587,neutral,0,3.4124999046325684
antimony,Antimony,2022-10-14,2022-10-14 23:00:00,2022-10-16,proxy,-0.031030635748712343,0.030461399936075217,-0.024547683061255876,-0.008372306291297668,neutral,0,3.450500011444092
antimony,Antimony,2022-10-21,2022-10-21 23:00:00,2022-10-23,proxy,0.04493548449144247,-0.017020119094866226,-0.0026187288747819837,0.00843221217393142,neutral,0,3.5230000019073486
antimony,Antimony,2022-10-28,2022-10-28 23:00:00,2022-10-30,proxy,0.006972739238365611,-0.02448631968542969,-0.01673757036025325,-0.011417050269105777,neutral,0,3.4660000801086426
antimony,Antimony,2022-11-04,2022-11-04 23:00:00,2022-11-06,proxy,0.08849818438570312,0.010473294590531701,0.052800627816538936,0.050590702264257915,bullish,1,3.7144999504089355
antimony,Antimony,2022-11-11,2022-11-11 23:00:00,2022-11-13,proxy,0.14505143083622496,0.07262112663667208,0.11280100835289852,0.11015785527526518,bullish,1,3.9509999752044678
antimony,Antimony,2022-11-18,2022-11-18 23:00:00,2022-11-20,proxy,0.03093953094409896,-0.021419900702498107,0.02486683944064305,0.011462156560747968,neutral,0,3.631999969482422
antimony,Antimony,2022-11-25,2022-11-25 23:00:00,2022-11-27,proxy,0.04630692656171398,0.05991522012240291,0.018405597432079368,0.04154258137206542,bullish,1,3.626499891281128
antimony,Antimony,2022-12-02,2022-12-02 23:00:00,2022-12-04,proxy,0.035940261398423656,0.07456016566928336,0.0738979437509919,0.06146612360623297,bullish,1,3.8480000495910645
antimony,Antimony,2022-12-09,2022-12-09 23:00:00,2022-12-11,proxy,-0.0189825482547199,0.0884582446461104,0.07384532453173276,0.04777367364104109,neutral,0,3.875999927520752
antimony,Antimony,2022-12-16,2022-12-16 23:00:00,2022-12-18,proxy,0.03565526248625428,0.11567547522483412,0.03282343610767979,0.06138472460625607,bullish,1,3.7614998817443848
antimony,Antimony,2022-12-23,2022-12-23 23:00:00,2022-12-25,proxy,0.04866954013712643,0.10488090361336466,0.035663631190984146,0.06307135831382508,bullish,1,3.802999973297119
antimony,Antimony,2022-12-30,2022-12-30 23:00:00,2023-01-01,proxy,-0.011044703359087249,0.11516487527267061,0.027183279102569458,0.04376781700538427,neutral,0,3.805500030517578
antimony,Antimony,2023-01-06,2023-01-06 23:00:00,2023-01-08,proxy,0.008384940458710854,0.13273436985012754,0.044227489401465814,0.061782266570101406,bullish,1,3.9084999561309814
antimony,Antimony,2023-01-13,2023-01-13 23:00:00,2023-01-15,proxy,0.11856974962213673,0.19429462919346507,0.10723684519075283,0.14003374133545154,bullish,1,4.207499980926514
antimony,Antimony,2023-01-20,2023-01-20 23:00:00,2023-01-22,proxy,0.11714433345549957,0.2257645043583274,0.09916453492379995,0.1473577909125423,bullish,1,4.248499870300293
antimony,Antimony,2023-01-27,2023-01-27 23:00:00,2023-01-29,proxy,0.10997239344058518,0.13716517256832628,0.08095198080859567,0.10936318227250237,bullish,1,4.223999977111816
antimony,Antimony,2023-02-03,2023-02-03 23:00:00,2023-02-05,proxy,0.03952929455854792,0.02834731148503522,0.037273481552009935,0.03505002919853103,bullish,1,4.063000202178955
antimony,Antimony,2023-02-10,2023-02-10 23:00:00,2023-02-12,proxy,-0.04278070805813439,0.10889322313563499,0.01963104969383722,0.028581188257112606,neutral,0,4.027500152587891
antimony,Antimony,2023-02-17,2023-02-17 23:00:00,2023-02-19,proxy,-0.03165823956901148,0.13442712448119387,0.030926938050874986,0.04456527432101912,neutral,0,4.113999843597412
antimony,Antimony,2023-02-24,2023-02-24 23:00:00,2023-02-26,proxy,-0.06368372510969855,0.027806619733895532,-0.011126404097735576,-0.015667836491179532,neutral,0,3.9549999237060547
antimony,Antimony,2023-03-03,2023-03-03 23:00:00,2023-03-05,proxy,0.0036918202656133214,0.05211562046467999,0.015353991313571402,0.023720477347954905,bullish,1,4.078000068664551
antimony,Antimony,2023-03-10,2023-03-10 23:00:00,2023-03-12,proxy,0.004469186434738148,0.07550177557353877,0.0013613415691544617,0.02711076785914379,bullish,1,4.045499801635742
antimony,Antimony,2023-03-17,2023-03-17 23:00:00,2023-03-19,proxy,-0.04873597001651542,0.029056034196860425,-0.03351476183941415,-0.017731565886356382,neutral,0,3.9135000705718994
antimony,Antimony,2023-03-24,2023-03-24 23:00:00,2023-03-26,proxy,0.037041748028389776,0.07778215778241337,0.006781024025954263,0.04053497661225247,bullish,1,4.101500034332275
antimony,Antimony,2023-03-31,2023-03-31 23:00:00,2023-04-02,proxy,0.006498221624272382,0.050147080200448446,0.003494077545482366,0.020046459790067733,bullish,1,4.104499816894531
antimony,Antimony,2023-04-07,2023-04-07 23:00:00,2023-04-09,proxy,-0.004820116105227368,-0.04313724512444628,-0.012044733490264137,-0.02000069823997926,neutral,0,4.026000022888184
antimony,Antimony,2023-04-14,2023-04-14 23:00:00,2023-04-16,proxy,0.04957199494663489,-0.03318813659193576,0.010869584191299131,0.009084480848666088,neutral,0,4.107500076293945
antimony,Antimony,2023-04-21,2023-04-21 23:00:00,2023-04-23,proxy,-0.029623312017982073,-0.057765141894050465,-0.015582484191562052,-0.03432364603453153,neutral,0,3.9800000190734863
antimony,Antimony,2023-04-28,2023-04-28 23:00:00,2023-04-30,proxy,-0.05713240146100729,-0.04750192149052035,-0.03896697432217133,-0.04786709909123299,neutral,0,3.869999885559082
antimony,Antimony,2023-05-05,2023-05-05 23:00:00,2023-05-07,proxy,-0.03837556054422442,-0.03873373840317873,-0.035480711074521,-0.03753000334064138,neutral,0,3.871500015258789
antimony,Antimony,2023-05-12,2023-05-12 23:00:00,2023-05-14,proxy,-0.09519172858487501,-0.09662124813811546,-0.06639171996794335,-0.08606823223031128,neutral,0,3.7165000438690186
antimony,Antimony,2023-05-19,2023-05-19 23:00:00,2023-05-21,proxy,-0.06469847537908857,-0.05878630653866135,-0.060310892872288524,-0.06126522493001282,neutral,0,3.7225000858306885
antimony,Antimony,2023-05-26,2023-05-26 23:00:00,2023-05-28,proxy,-0.05077514995728183,-0.0991907799947288,-0.06472177807545887,-0.07156256934248983,neutral,0,3.6735000610351562
antimony,Antimony,2023-06-02,2023-06-02 23:00:00,2023-06-04,proxy,-0.03848635640987874,-0.07984173319560006,-0.045706516359524385,-0.054678201988334396,neutral,0,3.7225000858306885
antimony,Antimony,2023-06-09,2023-06-09 23:00:00,2023-06-11,proxy,0.01950759844140393,-0.03181296384170762,-0.026068325254091973,-0.012791230218131888,neutral,0,3.7890000343322754
antimony,Antimony,2023-06-16,2023-06-16 23:00:00,2023-06-18,proxy,0.043519123475330046,-0.05290747429305387,0.003141950295267648,-0.0020821335074853917,neutral,0,3.884500026702881
antimony,Antimony,2023-06-23,2023-06-23 23:00:00,2023-06-25,proxy,0.03606912509631499,-0.07272501789083341,-0.010775520978893116,-0.015810471257803844,neutral,0,3.805999994277954
antimony,Antimony,2023-06-30,2023-06-30 23:00:00,2023-07-02,proxy,0.004969738294224424,-0.07078988678848397,-0.02163042017885841,-0.029150189557705986,neutral,0,3.740999937057495
antimony,Antimony,2023-07-07,2023-07-07 23:00:00,2023-07-09,proxy,-0.005806300920362384,-0.0828971661652379,-0.007465322069085123,-0.032056263051561805,neutral,0,3.7669999599456787
antimony,Antimony,2023-07-14,2023-07-14 23:00:00,2023-07-16,proxy,0.009653727474523421,-0.014572886296502885,0.03469197363744447,0.009924271605155003,neutral,0,3.921999931335449
antimony,Antimony,2023-07-21,2023-07-21 23:00:00,2023-07-23,proxy,-0.000788234625681894,-0.0173126393393378,0.004777725843401193,-0.004441049373872834,neutral,0,3.802999973297119
antimony,Antimony,2023-07-28,2023-07-28 23:00:00,2023-07-30,proxy,0.04704627672195283,0.011752560990569982,0.033861594618566304,0.030886810777029705,bullish,1,3.9170000553131104
antimony,Antimony,2023-08-04,2023-08-04 23:00:00,2023-08-06,proxy,0.02070615064877135,0.03457553699029092,0.011997459427360413,0.022426382355474228,bullish,1,3.8450000286102295
antimony,Antimony,2023-08-11,2023-08-11 23:00:00,2023-08-13,proxy,-0.052906676328232205,-0.0021491296809379445,-0.022178362013682396,-0.02574472267428418,neutral,0,3.7144999504089355
antimony,Antimony,2023-08-18,2023-08-18 23:00:00,2023-08-20,proxy,-0.027346855714692087,0.006941559898067107,-0.026803066875098258,-0.01573612089724108,neutral,0,3.6989998817443848
antimony,Antimony,2023-08-25,2023-08-25 23:00:00,2023-08-27,proxy,-0.04008171116487347,0.010073849232484333,-0.01156676920490185,-0.013858210379096994,neutral,0,3.759999990463257
antimony,Antimony,2023-09-01,2023-09-01 23:00:00,2023-09-03,proxy,-0.008452543138725677,0.006202155042172253,0.0017188021262501962,-0.00017719532343440925,neutral,0,3.8125
antimony,Antimony,2023-09-08,2023-09-08 23:00:00,2023-09-10,proxy,-0.009153296633538588,-0.052516410035516325,-0.028624828160860094,-0.030098178276638337,neutral,0,3.680500030517578
antimony,Antimony,2023-09-15,2023-09-15 23:00:00,2023-09-17,proxy,0.017437170998141793,-0.011166584113868061,-0.005789763634574729,0.00016027441656633426,neutral,0,3.7634999752044678
antimony,Antimony,2023-09-22,2023-09-22 23:00:00,2023-09-24,proxy,-0.025132996034452293,-0.020181772978985046,-0.030066496963339184,-0.025127088658925507,neutral,0,3.6654999256134033
antimony,Antimony,2023-09-29,2023-09-29 23:00:00,2023-10-01,proxy,-0.02268850607950179,-0.01088396331556385,-0.013165277347029769,-0.015579248914031804,neutral,0,3.7260000705718994
antimony,Antimony,2023-10-06,2023-10-06 23:00:00,2023-10-08,proxy,-0.015215322324037328,-0.07585413062323176,-0.033702861208875445,-0.04159077138538151,neutral,0,3.624500036239624
antimony,Antimony,2023-10-13,2023-10-13 23:00:00,2023-10-15,proxy,-0.04875781923937539,-0.058637930885318434,-0.0408145215078094,-0.049403423877501074,neutral,0,3.5799999237060547
antimony,Antimony,2023-10-20,2023-10-20 23:00:00,2023-10-22,proxy,-0.03369250383482847,-0.09573653170909235,-0.042982892628115055,-0.05747064272401196,neutral,0,3.5420000553131104
antimony,Antimony,2023-10-27,2023-10-27 23:00:00,2023-10-29,proxy,-0.024691359604637197,-0.054876453601481634,-0.013438286700202862,-0.03100203330210723,neutral,0,3.634000062942505
antimony,Antimony,2023-11-03,2023-11-03 23:00:00,2023-11-05,proxy,0.01379499291388031,-0.010768599377319554,-0.0015397871086531012,0.0004955354759692184,neutral,0,3.674499988555908
antimony,Antimony,2023-11-10,2023-11-10 23:00:00,2023-11-12,proxy,0.0009776493898880911,-0.031224649091540768,-0.023713599649842765,-0.01798686645049848,neutral,0,3.5834999084472656
antimony,Antimony,2023-11-17,2023-11-17 23:00:00,2023-11-19,proxy,0.0551947752541444,-0.005984052713840726,0.01876248182108431,0.02265773478712933,neutral,0,3.737499952316284
antimony,Antimony,2023-11-24,2023-11-24 23:00:00,2023-11-26,proxy,0.044716538750136925,-0.004196729816374201,0.03522086251420964,0.025246890482657453,neutral,0,3.7964999675750732
antimony,Antimony,2023-12-01,2023-12-01 23:00:00,2023-12-03,proxy,0.06381818807070094,0.062083925412071306,0.06039128921185677,0.062097800898209675,bullish,1,3.9089999198913574
antimony,Antimony,2023-12-08,2023-12-08 23:00:00,2023-12-10,proxy,0.06599693898080994,0.01501261017950739,0.03492649997572905,0.03864534971201546,bullish,1,3.819999933242798
antimony,Antimony,2023-12-15,2023-12-15 23:00:00,2023-12-17,proxy,0.03946489365319206,0.0598827088539966,0.04734625296994155,0.04889795182571007,bullish,1,3.884999990463257
antimony,Antimony,2023-12-22,2023-12-22 23:00:00,2023-12-24,proxy,0.026076643739588956,0.04549110867004735,0.04619309045002895,0.039253614286555084,bullish,1,3.8954999446868896
antimony,Antimony,2023-12-29,2023-12-29 23:00:00,2023-12-31,proxy,-0.00729082688005156,0.07063044265472462,0.03622771870185515,0.03318911149217607,neutral,0,3.880500078201294
antimony,Antimony,2024-01-05,2024-01-05 23:00:00,2024-01-07,proxy,-0.006675345852056536,0.059916255139319086,0.008449176390204594,0.020563361892489047,neutral,0,3.7945001125335693
antimony,Antimony,2024-01-12,2024-01-12 23:00:00,2024-01-14,proxy,-0.03732303250513613,0.05590060732117341,-0.010374742402342152,0.002734277471231709,neutral,0,3.740000009536743
antimony,Antimony,2024-01-19,2024-01-19 23:00:00,2024-01-21,proxy,-0.027852651868903622,0.042102332217848426,-0.0013076017490529779,0.004314026199963942,neutral,0,3.7869999408721924
antimony,Antimony,2024-01-26,2024-01-26 23:00:00,2024-01-28,proxy,-0.007730954976214344,0.04789770548476291,0.011525989091844435,0.017230913200131,neutral,0,3.8505001068115234
antimony,Antimony,2024-02-02,2024-02-02 23:00:00,2024-02-04,proxy,0.007115548717406162,0.06641556036717322,-0.0012957862196050218,0.024078440954991454,bullish,1,3.821500062942505
antimony,Antimony,2024-02-09,2024-02-09 23:00:00,2024-02-11,proxy,-0.014438476117693888,-0.01377922254299846,-0.035625493057999114,-0.021281063906230486,neutral,0,3.686000108718872
antimony,Antimony,2024-02-16,2024-02-16 23:00:00,2024-02-18,proxy,0.01346715580984914,0.010931144977525564,0.0032347751814214565,0.009211025322932054,bullish,1,3.8380000591278076
antimony,Antimony,2024-02-23,2024-02-23 23:00:00,2024-02-25,proxy,0.008180719853811969,-0.006907124830456857,0.015333296548955655,0.005535630524103589,neutral,0,3.881999969482422
antimony,Antimony,2024-03-01,2024-03-01 23:00:00,2024-03-03,proxy,0.008766179662231144,0.009162326293806311,0.007502909113735523,0.008477138356590993,bullish,1,3.8550000190734863
antimony,Antimony,2024-03-08,2024-03-08 23:00:00,2024-03-10,proxy,0.05398802926610613,0.0,0.015343391162756959,0.023110473476287696,neutral,0,3.884999990463257
antimony,Antimony,2024-03-15,2024-03-15 23:00:00,2024-03-17,proxy,0.07152165903547081,0.05570536494139655,0.06974479152637358,0.06565727183441365,bullish,1,4.112500190734863
antimony,Antimony,2024-03-22,2024-03-22 23:00:00,2024-03-24,proxy,0.029366327385930147,0.029764198162484323,0.036844835955616384,0.03199178716801029,bullish,1,3.996000051498413
antimony,Antimony,2024-03-29,2024-03-29 23:00:00,2024-03-31,proxy,0.03852139168170887,0.05507968533649432,0.03411755614949419,0.042572877722565794,bullish,1,4.003499984741211
antimony,Antimony,2024-04-05,2024-04-05 23:00:00,2024-04-07,proxy,0.09124840570999293,0.1335561590818004,0.0834282788290488,0.10274428120694738,bullish,1,4.239500045776367
antimony,Antimony,2024-04-12,2024-04-12 23:00:00,2024-04-14,proxy,0.03525835238942654,0.1242408867534397,0.07723451283291105,0.07891125065859243,bullish,1,4.257500171661377
antimony,Antimony,2024-04-19,2024-04-19 23:00:00,2024-04-21,proxy,0.12662657583133718,0.1691987352701223,0.12366229579249444,0.13982920229798465,bullish,1,4.501999855041504
antimony,Antimony,2024-04-26,2024-04-26 23:00:00,2024-04-28,proxy,0.1412513512470539,0.19560373990557967,0.12292624764999549,0.153260446267543,bullish,1,4.568999767303467
antimony,Antimony,2024-05-03,2024-05-03 23:00:00,2024-05-05,proxy,0.07878290058257487,0.24077591467900983,0.10396575554642773,0.14117485693600415,bullish,1,4.573500156402588
antimony,Antimony,2024-05-10,2024-05-10 23:00:00,2024-05-12,proxy,0.10240748155511059,0.2229025455065461,0.1137653548938018,0.14635846065181948,bullish,1,4.69350004196167
antimony,Antimony,2024-05-17,2024-05-17 23:00:00,2024-05-19,proxy,0.12327861462595813,0.30267908293969503,0.17277368221623557,0.1995771265939629,bullish,1,5.057000160217285
antimony,Antimony,2024-05-24,2024-05-24 23:00:00,2024-05-26,proxy,0.045852554929942224,0.23955902891463832,0.08875493276458046,0.12472217220305366,bullish,1,4.778500080108643
antimony,Antimony,2024-05-31,2024-05-31 23:00:00,2024-06-02,proxy,0.007980753441260813,0.18661522389468432,0.036100593531753766,0.07689885695589964,bullish,1,4.610000133514404
antimony,Antimony,2024-06-07,2024-06-07 23:00:00,2024-06-09,proxy,-0.04239903695861302,0.09288752626517494,0.00296611428016047,0.01781820119557413,neutral,0,4.494500160217285
antimony,Antimony,2024-06-14,2024-06-14 23:00:00,2024-06-16,proxy,-0.10005932883734148,0.13888890380496588,0.005199766983960519,0.014676447317194974,neutral,0,4.551000118255615
antimony,Antimony,2024-06-21,2024-06-21 23:00:00,2024-06-23,proxy,-0.059537536319104634,0.12251779072476388,-0.01627145460573809,0.015569599933307051,neutral,0,4.49399995803833
antimony,Antimony,2024-06-28,2024-06-28 23:00:00,2024-06-30,proxy,-0.04761389555156459,0.03561741272738472,-0.04156736860352417,-0.017854617142568013,neutral,0,4.390500068664551
antimony,Antimony,2024-07-05,2024-07-05 23:00:00,2024-07-07,proxy,0.03648904850063395,0.09418673087961471,0.009571654151456777,0.046749144510568476,bullish,1,4.6585001945495605
antimony,Antimony,2024-07-12,2024-07-12 23:00:00,2024-07-14,proxy,0.010437190824651665,0.021434900710468385,-0.005165153407784007,0.008902312709112015,bullish,1,4.598499774932861
antimony,Antimony,2024-07-19,2024-07-19 23:00:00,2024-07-21,proxy,-0.06119272317204727,-0.07660317847622289,-0.0814699656136727,-0.07308862242064762,neutral,0,4.218999862670898
antimony,Antimony,2024-07-26,2024-07-26 23:00:00,2024-07-28,proxy,-0.06514070089902346,-0.1025473539891516,-0.09872922040931598,-0.08880575843249701,neutral,0,4.104499816894531
antimony,Antimony,2024-08-02,2024-08-02 23:00:00,2024-08-04,proxy,-0.12332297089855315,-0.12986042950597398,-0.09311619301122098,-0.11543319780524937,neutral,0,4.084000110626221
antimony,Antimony,2024-08-09,2024-08-09 23:00:00,2024-08-11,proxy,-0.13450033405044692,-0.21297213901957301,-0.09823839358484354,-0.1485702888849545,neutral,0,3.9800000190734863
antimony,Antimony,2024-08-16,2024-08-16 23:00:00,2024-08-18,proxy,-0.02168755829077329,-0.13623522276332845,-0.05318090635812278,-0.07036789580407483,neutral,0,4.127500057220459
antimony,Antimony,2024-08-23,2024-08-23 23:00:00,2024-08-25,proxy,0.021927191278567237,-0.09013018481525048,-0.030108012553956898,-0.03277033536354671,neutral,0,4.194499969482422
antimony,Antimony,2024-08-30,2024-08-30 23:00:00,2024-09-01,proxy,0.01493630476198482,-0.07776174587428986,-0.03505538950131615,-0.03262694353787373,neutral,0,4.144999980926514
antimony,Antimony,2024-09-06,2024-09-06 23:00:00,2024-09-08,proxy,0.008668372337933716,-0.11788617076930674,-0.05560616467283197,-0.054941321034735,neutral,0,4.014500141143799
antimony,Antimony,2024-09-13,2024-09-13 23:00:00,2024-09-15,proxy,0.011508209050490548,-0.07098348248376773,-0.01166858143713867,-0.023714618290138618,neutral,0,4.175000190734863
antimony,Antimony,2024-09-20,2024-09-20 23:00:00,2024-09-22,proxy,0.020741421819395534,-0.02482637610499039,0.015726750781875687,0.0038805988320936105,neutral,0,4.281499862670898
antimony,Antimony,2024-09-27,2024-09-27 23:00:00,2024-09-29,proxy,0.09553676966694447,-0.02522277562921571,0.07979786035091685,0.0500372847962152,neutral,0,4.540999889373779
antimony,Antimony,2024-10-04,2024-10-04 23:00:00,2024-10-06,proxy,0.12654125772640668,-0.01652707198120895,0.07702078873364826,0.06234499149294866,neutral,0,4.522500038146973
antimony,Antimony,2024-10-11,2024-10-11 23:00:00,2024-10-13,proxy,0.06622748158038094,0.05510786533819845,0.055243310677802526,0.0588595525321273,bullish,1,4.451499938964844
antimony,Antimony,2024-10-18,2024-10-18 23:00:00,2024-10-20,proxy,0.01506489173128811,0.05883795551920601,0.025342624928207824,0.03308182405956731,bullish,1,4.3460001945495605
antimony,Antimony,2024-10-25,2024-10-25 23:00:00,2024-10-27,proxy,-0.04437347365640021,0.0625611735704723,0.01869184674552593,0.012293182219866009,neutral,0,4.3394999504089355
antimony,Antimony,2024-11-01,2024-11-01 23:00:00,2024-11-03,proxy,-0.03869545367799865,0.09233663984357832,0.013285128133847968,0.022308771433142544,neutral,0,4.347499847412109
antimony,Antimony,2024-11-08,2024-11-08 23:00:00,2024-11-10,proxy,-0.03706614941376285,0.03852208787089184,-0.004008137392993771,-0.0008507329786215934,neutral,0,4.286499977111816
antimony,Antimony,2024-11-15,2024-11-15 23:00:00,2024-11-17,proxy,-0.06787852349015377,-0.03421143217805622,-0.056105136808743516,-0.05273169749231784,neutral,0,4.051000118255615
antimony,Antimony,2024-11-22,2024-11-22 23:00:00,2024-11-24,proxy,-0.06118218036608836,-0.01712909517704231,-0.04943567431925233,-0.042582316620794335,neutral,0,4.073999881744385
antimony,Antimony,2024-11-29,2024-11-29 23:00:00,2024-12-01,proxy,-0.06141454419740433,0.016440399158238916,-0.04913923283890875,-0.03137112595935806,neutral,0,4.08050012588501
antimony,Antimony,2024-12-06,2024-12-06 23:00:00,2024-12-08,proxy,-0.034526948391234935,-0.00874250908845875,-0.03493970993660256,-0.02606972247209875,neutral,0,4.138500213623047
antimony,Antimony,2024-12-13,2024-12-13 23:00:00,2024-12-15,proxy,0.024191569175580296,-0.030947027694533724,-0.029993635358533055,-0.012249697959162162,neutral,0,4.14900016784668
antimony,Antimony,2024-12-20,2024-12-20 23:00:00,2024-12-22,proxy,-0.008100145637823575,-0.11010790843004226,-0.045949567754893894,-0.054719207274253244,neutral,0,4.040999889373779
antimony,Antimony,2024-12-27,2024-12-27 23:00:00,2024-12-29,proxy,-0.004411254828991296,-0.10171366152944261,-0.0321139682409366,-0.04607962819979017,neutral,0,4.0625
antimony,Antimony,2025-01-03,2025-01-03 23:00:00,2025-01-05,proxy,-0.0239217039994174,-0.09255300642538478,-0.029656349084942857,-0.04871035316991501,neutral,0,4.0395002365112305
antimony,Antimony,2025-01-10,2025-01-10 23:00:00,2025-01-12,proxy,0.030248185168652464,-0.01645197840781376,0.028265544230264172,0.014020583663700958,neutral,0,4.274499893188477
antimony,Antimony,2025-01-17,2025-01-17 23:00:00,2025-01-19,proxy,0.07337298047775986,-0.00046084919100308763,0.04346258527507718,0.03879157218727799,neutral,0,4.337500095367432
antimony,Antimony,2025-01-24,2025-01-24 23:00:00,2025-01-26,proxy,0.05599999060997596,-0.013225966090213759,0.03322660463915672,0.025333543052972973,neutral,0,4.289999961853027
antimony,Antimony,2025-01-31,2025-01-31 23:00:00,2025-02-02,proxy,0.05508103339146597,-0.005715593915617934,0.026987958262884693,0.025451132579577578,neutral,0,4.26200008392334
antimony,Antimony,2025-02-07,2025-02-07 23:00:00,2025-02-09,proxy,0.07182130492189209,0.1309552998429886,0.09233963466470296,0.09837207980986122,bullish,1,4.581500053405762
antimony,Antimony,2025-02-14,2025-02-14 23:00:00,2025-02-16,proxy,0.07354461332327511,0.14297987182981986,0.0975192526758415,0.10468124594297883,bullish,1,4.656499862670898
antimony,Antimony,2025-02-21,2025-02-21 23:00:00,2025-02-23,proxy,0.06293705905066949,0.11751006055673963,0.06474677991686328,0.08173129984142413,bullish,1,4.559999942779541
antimony,Antimony,2025-02-28,2025-02-28 23:00:00,2025-03-02,proxy,0.05924449841587576,0.09085415201454894,0.0464665066675225,0.06552171903264907,bullish,1,4.514500141143799
antimony,Antimony,2025-03-07,2025-03-07 23:00:00,2025-03-09,proxy,0.022154323507389995,0.12870568770511803,0.07444196331806019,0.07510065817685607,bullish,1,4.683000087738037
antimony,Antimony,2025-03-14,2025-03-14 23:00:00,2025-03-16,proxy,0.04574257571742146,0.20502358166901513,0.09980992926967902,0.11685869555203854,bullish,1,4.869500160217285
antimony,Antimony,2025-03-21,2025-03-21 23:00:00,2025-03-23,proxy,0.11567985947525106,0.25230771578275246,0.12729892259509956,0.1650954992843677,bullish,1,5.087500095367432
antimony,Antimony,2025-03-28,2025-03-28 23:00:00,2025-03-30,proxy,0.13246207351752437,0.2656269071419448,0.11082948554987615,0.16963948873644843,bullish,1,5.112500190734863
antimony,Antimony,2025-04-04,2025-04-04 23:00:00,2025-04-06,proxy,-0.06374120338300837,0.02573403585521028,-0.04924195137076193,-0.02908303963285334,neutral,0,4.384500026702881
antimony,Antimony,2025-04-11,2025-04-11 23:00:00,2025-04-13,proxy,-0.0743402765469372,0.039193100301141204,-0.02556339869873947,-0.020236858314845157,neutral,0,4.507500171661377
antimony,Antimony,2025-04-18,2025-04-18 23:00:00,2025-04-20,proxy,-0.06997541816626285,0.10291379740000361,0.014789873296680689,0.015909417510140484,neutral,0,4.731500148773193
antimony,Antimony,2025-04-25,2025-04-25 23:00:00,2025-04-27,proxy,-0.0541810106429117,0.13456116102125937,0.026572721322807746,0.03565095723371847,neutral,0,4.8354997634887695
antimony,Antimony,2025-05-02,2025-05-02 23:00:00,2025-05-04,proxy,0.05542251774150686,0.010040380503870683,-0.01838430174882144,0.015692865498852033,bullish,1,4.627500057220459
antimony,Antimony,2025-05-09,2025-05-09 23:00:00,2025-05-11,proxy,0.02296170503208894,-0.009771245136393936,-0.02109704812204638,-0.0026355294087837913,neutral,0,4.611000061035156
antimony,Antimony,2025-05-16,2025-05-16 23:00:00,2025-05-18,proxy,-0.0371975298999514,-0.000986822876848592,-0.03280255728472392,-0.023662303353841303,neutral,0,4.555500030517578
antimony,Antimony,2025-05-23,2025-05-23 23:00:00,2025-05-25,proxy,-0.005997271609732513,0.06468043144651436,0.015243236173860808,0.024642132003547552,neutral,0,4.80649995803833
antimony,Antimony,2025-05-30,2025-05-30 23:00:00,2025-06-01,proxy,0.005402505685207615,-0.00651290509902136,-0.016757200348896495,-0.00595586658757008,neutral,0,4.652500152587891
antimony,Antimony,2025-06-06,2025-06-06 23:00:00,2025-06-08,proxy,0.047495089952727776,-0.008111764084933859,0.021465554478027116,0.02028296011527368,neutral,0,4.829999923706055
antimony,Antimony,2025-06-13,2025-06-13 23:00:00,2025-06-15,proxy,0.054329917928114035,-0.05592139886726921,0.020874094889896888,0.006427537983580571,neutral,0,4.802999973297119
antimony,Antimony,2025-06-20,2025-06-20 23:00:00,2025-06-22,proxy,0.004057059347749359,-0.05603911323681243,0.03099467817783297,-0.006995791903743369,neutral,0,4.826000213623047
antimony,Antimony,2025-06-27,2025-06-27 23:00:00,2025-06-29,proxy,0.08941426668033214,0.15600410790124974,0.06977398598237161,0.1050641201879845,bullish,1,5.06850004196167
antimony,Antimony,2025-07-04,2025-07-04 23:00:00,2025-07-06,proxy,0.03902690072427917,0.11336653579695488,0.049785552949646705,0.06739299649029358,bullish,1,5.018499851226807
antimony,Antimony,2025-07-11,2025-07-11 23:00:00,2025-07-13,proxy,0.15802619794788275,0.17552565210490112,0.14687305551195218,0.16014163518824534,bullish,1,5.561999797821045
antimony,Antimony,2025-07-18,2025-07-18 23:00:00,2025-07-20,proxy,0.15582259050025016,0.15355192668649287,0.1356826664293065,0.14835239453868318,bullish,1,5.578000068664551
antimony,Antimony,2025-07-25,2025-07-25 23:00:00,2025-07-27,proxy,0.13712146905544653,0.24548895566841655,0.15126096103367725,0.17795712858584678,bullish,1,5.763500213623047
antimony,Antimony,2025-08-01,2025-08-01 23:00:00,2025-08-03,proxy,-0.12075320604943274,-0.04304926345154403,-0.11567979523026983,-0.09316075491041553,neutral,0,4.412499904632568
antimony,Antimony,2025-08-08,2025-08-08 23:00:00,2025-08-10,proxy,-0.19893917874098355,-0.0219514661316349,-0.10556821979686148,-0.10881962155649332,neutral,0,4.45550012588501
antimony,Antimony,2025-08-15,2025-08-15 23:00:00,2025-08-17,proxy,-0.19720327914874392,-0.06834490728684361,-0.09608394599076475,-0.12054404414211743,neutral,0,4.478000164031982
antimony,Antimony,2025-08-22,2025-08-22 23:00:00,2025-08-24,proxy,-0.22833346681077815,-0.04406231423593321,-0.09913403626549266,-0.12384327243740134,neutral,0,4.447500228881836
antimony,Antimony,2025-08-29,2025-08-29 23:00:00,2025-08-31,proxy,0.024022651305431575,-0.06449276964796191,-0.0799148534383275,-0.04012832392695261,neutral,0,4.518499851226807
antimony,Antimony,2025-09-05,2025-09-05 23:00:00,2025-09-07,proxy,0.0060599146327198206,-0.06672910655528486,-0.08225417716986105,-0.047641123030808696,neutral,0,4.482500076293945
antimony,Antimony,2025-09-12,2025-09-12 23:00:00,2025-09-14,proxy,0.02467616230650327,-0.04921263576914836,-0.05672951001372739,-0.027088661158790828,neutral,0,4.588500022888184
antimony,Antimony,2025-09-19,2025-09-19 23:00:00,2025-09-21,proxy,0.027318613191432695,-0.09854992019786601,-0.05263162838274438,-0.0412876451297259,neutral,0,4.568999767303467
antimony,Antimony,2025-09-26,2025-09-26 23:00:00,2025-09-28,proxy,0.043598546683451644,-0.06037660302471637,-0.017109335643447854,-0.011295797328237525,neutral,0,4.7154998779296875
antimony,Antimony,2025-10-03,2025-10-03 23:00:00,2025-10-05,proxy,0.12838817660877888,-0.09061483790065106,0.06359192946911119,0.03378842272574634,neutral,0,5.058000087738037
antimony,Antimony,2025-10-10,2025-10-10 23:00:00,2025-10-12,proxy,0.05666334330342315,-0.1307816932147048,0.032740132251245724,-0.01379273922001197,neutral,0,4.848499774932861
antimony,Antimony,2025-10-17,2025-10-17 23:00:00,2025-10-19,proxy,0.07933906964254533,-0.14435676667767583,0.06616460832310245,0.0003823037626573174,neutral,0,4.93149995803833
antimony,Antimony,2025-10-24,2025-10-24 23:00:00,2025-10-26,proxy,0.08016122769265621,0.15433433369178529,0.08784141331286488,0.10744565823243546,bullish,1,5.093500137329102
antimony,Antimony,2025-10-31,2025-10-31 23:00:00,2025-11-02,proxy,0.0014827391645169108,0.13690935684937955,0.07024196351210299,0.06954468650866648,bullish,1,5.065499782562256
antimony,Antimony,2025-11-07,2025-11-07 23:00:00,2025-11-09,proxy,0.018459406290749714,0.10272443530524344,0.034921845851041855,0.05203522914901167,bullish,1,4.938000202178955
antimony,Antimony,2025-11-14,2025-11-14 23:00:00,2025-11-16,proxy,0.023927817402743523,0.13535688110024524,0.04727914408526779,0.06885461419608552,bullish,1,5.049499988555908
antimony,Antimony,2025-11-21,2025-11-21 23:00:00,2025-11-23,proxy,-0.016687942643610953,0.10844312583573146,0.03005221080261622,0.04060246466491224,neutral,0,5.008500099182129
antimony,Antimony,2025-11-28,2025-11-28 23:00:00,2025-11-30,proxy,0.023689737942411027,0.15683213757929915,0.05375819249828462,0.07809335600666494,bullish,1,5.185500144958496
antimony,Antimony,2025-12-05,2025-12-05 23:00:00,2025-12-07,proxy,0.08991489451692325,0.17293231832540745,0.079187899744535,0.1140117041956219,bullish,1,5.381999969482422
antimony,Antimony,2025-12-12,2025-12-12 23:00:00,2025-12-14,proxy,0.04634126280304707,0.156380053323526,0.04693734437951158,0.08321955350202821,bullish,1,5.2835001945495605
antimony,Antimony,2025-12-19,2025-12-19 23:00:00,2025-12-21,proxy,0.08605365824585998,0.15353620949083435,0.06511537450178806,0.10156841407949413,bullish,1,5.439499855041504
antimony,Antimony,2025-12-26,2025-12-26 23:00:00,2025-12-28,proxy,0.11204316555495097,0.14007510797891465,0.1162408026721895,0.12278635873535171,bullish,1,5.766499996185303
antimony,Antimony,2026-01-02,2026-01-02 23:00:00,2026-01-04,proxy,0.0479375508112434,0.16324639131569207,0.07799020742877727,0.09639138318523759,bullish,1,5.639999866485596
antimony,Antimony,2026-01-09,2026-01-09 23:00:00,2026-01-11,proxy,0.10826157010327253,0.18736698186684442,0.10294709649790357,0.13285854948934017,bullish,1,5.855500221252441
antimony,Antimony,2026-01-16,2026-01-16 23:00:00,2026-01-18,proxy,0.06416030635396597,0.1364483510524961,0.07856058105298036,0.09305641281981414,bullish,1,5.78849983215332
antimony,Antimony,2026-01-23,2026-01-23 23:00:00,2026-01-25,proxy,0.02505848935110544,0.16691343967306027,0.08711373745720885,0.09302855549379152,bullish,1,5.910999774932861
antimony,Antimony,2026-01-30,2026-01-30 23:00:00,2026-02-01,proxy,0.045567371554312563,0.19420809933662864,0.06882955379487599,0.10286834156193907,bullish,1,5.896999835968018
antimony,Antimony,2026-02-06,2026-02-06 23:00:00,2026-02-08,proxy,0.0013662192299366271,0.16120410566284615,0.04985006960779503,0.07080679816685927,bullish,1,5.863500118255615
antimony,Antimony,2026-02-13,2026-02-13 23:00:00,2026-02-15,proxy,0.0006910576204814944,0.15653387328860835,0.025145644198211636,0.06079019170243383,bullish,1,5.792500019073486
antimony,Antimony,2026-02-20,2026-02-20 23:00:00,2026-02-22,proxy,-0.01353407659484529,0.12448166777044367,0.02222772208324808,0.04439177108628215,neutral,0,5.830999851226807
antimony,Antimony,2026-02-27,2026-02-27 23:00:00,2026-03-01,proxy,0.01822962172022824,0.11566331220908688,0.04315723209230282,0.05901672200720598,bullish,1,6.004499912261963
antimony,Antimony,2026-03-06,2026-03-06 23:00:00,2026-03-08,proxy,-0.018163238104423662,0.08961857812011087,-0.006650221413047608,0.021601706200879867,neutral,0,5.756999969482422
antimony,Antimony,2026-03-13,2026-03-13 23:00:00,2026-03-15,proxy,-0.01346570019986415,0.05055613616986365,-0.017866988741783163,0.00640781574273878,neutral,0,5.7144999504089355
antimony,Antimony,2026-03-20,2026-03-20 23:00:00,2026-03-22,proxy,-0.08377630833169714,-0.0735280996544595,-0.07619146333850746,-0.07783195710822137,neutral,0,5.34250020980835
antimony,Antimony,2026-03-27,2026-03-27 23:00:00,2026-03-29,proxy,-0.0895161816115484,-0.03067373456588418,-0.05230084184736328,-0.05749691934159862,neutral,0,5.4670000076293945
antimony,Antimony,2026-04-03,2026-04-03 23:00:00,2026-04-05,proxy,-0.03369806641164674,-0.049953036977415266,-0.03156730208361147,-0.03840613515755783,neutral,0,5.563000202178955
antimony,Antimony,2026-04-10,2026-04-10 23:00:00,2026-04-12,proxy,0.02729900055698442,0.014166063395083972,0.020749429320979118,0.02073816442434917,bullish,1,5.870500087738037
antimony,Antimony,2026-04-17,2026-04-17 23:00:00,2026-04-19,proxy,0.14244261107716993,0.032566422224758806,0.058310976800812764,0.07777333670091384,bullish,1,6.103499889373779
antimony,Antimony,2026-04-24,2026-04-24 23:00:00,2026-04-26,proxy,0.10179256580605722,0.021451608142861955,0.04253384964041729,0.05525934119644549,bullish,1,6.023499965667725
antimony,Antimony,2026-05-01,2026-05-01 23:00:00,2026-05-03,proxy,0.06633110635045414,0.011682449148146201,0.025683907289607344,0.03456582092940256,bullish,1,5.932000160217285
antimony,Antimony,2026-05-08,2026-05-08 23:00:00,2026-05-10,proxy,0.06447491339482303,0.07880881344887403,0.07343468995431457,0.07223947226600387,bullish,1,6.249000072479248
antimony,Antimony,2026-05-15,2026-05-15 23:00:00,2026-05-17,proxy,0.024248421890462613,0.07211460970701777,0.06743884633125208,0.054600625976244155,bullish,1,6.251500129699707
antimony,Antimony,2026-05-22,2026-05-22 23:00:00,2026-05-24,proxy,0.05287624201494667,0.05620786082088425,0.07771608967577137,0.062266730837200766,bullish,1,6.3420000076293945
antimony,Antimony,2026-05-29,2026-05-29 23:00:00,2026-05-31,proxy,0.07206671604380155,0.10465519629092412,0.07154740015469474,0.08275643749647348,bullish,1,6.359499931335449
antimony,Antimony,2026-06-05,2026-06-05 23:00:00,2026-06-07,proxy,0.0023203938191100892,0.09607144421706115,0.047298591209075536,0.04856347641508226,bullish,1,6.263500213623047
antimony,Antimony,2026-06-12,2026-06-12 23:00:00,2026-06-14,proxy,0.028633111589884797,0.20364993504572237,0.05916505448207521,0.09714936703922745,bullish,1,6.430500030517578
antimony,Antimony,2026-06-19,2026-06-19 23:00:00,2026-06-21,proxy,-0.0007884128721070693,0.15913661685475877,0.03144770962907839,0.06326530453724337,neutral,0,6.336999893188477
cobalt,Cobalt,2025-10-03,2025-10-03 23:00:00,2025-10-04,direct,,,,0.0,neutral,0,41629.03
cobalt,Cobalt,2025-10-10,2025-10-10 23:00:00,2025-10-11,direct,,,,0.0,neutral,0,42951.8
cobalt,Cobalt,2025-10-17,2025-10-17 23:00:00,2025-10-18,direct,,,,0.0,neutral,0,43493.37
cobalt,Cobalt,2025-10-24,2025-10-24 23:00:00,2025-10-25,direct,,,0.04006869533293966,0.013356231777646554,neutral,0,45003.06
cobalt,Cobalt,2025-10-31,2025-10-31 23:00:00,2025-11-01,direct,0.09026009013421654,,0.03876442098649524,0.043008170373570596,neutral,0,45386.47
copper,Copper,2022-01-07,2022-01-07 23:00:00,2022-01-08,direct,,,,0.0,neutral,0,4.4029998779296875
copper,Copper,2022-01-14,2022-01-14 23:00:00,2022-01-15,direct,,,,0.0,neutral,0,4.411499977111816
copper,Copper,2022-01-21,2022-01-21 23:00:00,2022-01-22,direct,,,,0.0,neutral,0,4.512499809265137
copper,Copper,2022-01-28,2022-01-28 23:00:00,2022-01-29,direct,,,-0.0237095719232866,-0.007903190641095533,neutral,0,4.302999973297119
copper,Copper,2022-02-04,2022-02-04 23:00:00,2022-02-05,direct,0.018283017968844684,,0.013747275762975075,0.010676764577273254,neutral,0,4.483500003814697
copper,Copper,2022-02-11,2022-02-11 23:00:00,2022-02-12,direct,0.02119463624939555,,0.015459208240898414,0.012217948163431322,neutral,0,4.505000114440918
copper,Copper,2022-02-18,2022-02-18 23:00:00,2022-02-19,direct,0.0015512398400658878,,0.01600934305596402,0.005853527632009969,neutral,0,4.519499778747559
copper,Copper,2022-02-25,2022-02-25 23:00:00,2022-02-26,direct,0.0392749592893209,,0.004661649016728608,0.014645536102016502,neutral,0,4.4720001220703125
copper,Copper,2022-03-04,2022-03-04 23:00:00,2022-03-05,direct,0.09936431284133573,,0.09427957254951758,0.0645479617969511,neutral,0,4.928999900817871
copper,Copper,2022-03-11,2022-03-11 23:00:00,2022-03-12,direct,0.024639302600535373,,0.022256716371005014,0.015632006323846797,neutral,0,4.616000175476074
copper,Copper,2022-03-18,2022-03-18 23:00:00,2022-03-19,direct,0.04668668056962599,,0.043098745758308965,0.029928475442644986,neutral,0,4.730500221252441
copper,Copper,2022-03-25,2022-03-25 23:00:00,2022-03-26,direct,0.04785325187578682,,0.03042794543706817,0.02609373243761833,neutral,0,4.685999870300293
copper,Copper,2022-04-01,2022-04-01 23:00:00,2022-04-02,direct,-0.05001014814747451,0.06347944932508542,0.024411565853914574,0.012626955677175164,neutral,0,4.682499885559082
copper,Copper,2022-04-08,2022-04-08 23:00:00,2022-04-09,direct,0.022530244965783597,0.06993082051012656,0.02684030577849139,0.03976712375146718,bullish,1,4.71999979019165
copper,Copper,2022-04-15,2022-04-15 23:00:00,2022-04-16,direct,-0.002853865974341452,0.045318605431156955,0.02239723017589612,0.02162065654423721,neutral,0,4.7170000076293945
copper,Copper,2022-04-22,2022-04-22 23:00:00,2022-04-23,direct,-0.022087044865228833,0.06495468495558265,-0.01174441007226168,0.010374410006030713,neutral,0,4.582499980926514
copper,Copper,2022-04-29,2022-04-29 23:00:00,2022-04-30,direct,-0.061398806547593,-0.019739048246433577,-0.0506705078916142,-0.04393612089521359,neutral,0,4.394999980926514
copper,Copper,2022-05-06,2022-05-06 23:00:00,2022-05-07,direct,-0.0971398154296631,-0.054051104663901284,-0.07545449039024599,-0.07554847016127013,neutral,0,4.261499881744385
copper,Copper,2022-05-13,2022-05-13 23:00:00,2022-05-14,direct,-0.11373754001358238,-0.07500824534256845,-0.08743461720937984,-0.09206013418851022,neutral,0,4.180500030517578
copper,Copper,2022-05-20,2022-05-20 23:00:00,2022-05-21,direct,-0.06579374683084083,-0.0427101922020493,-0.06223813191075067,-0.056914023647880264,neutral,0,4.281000137329102
copper,Copper,2022-05-27,2022-05-27 23:00:00,2022-05-28,direct,-0.02070536530229039,-0.1268005706180464,-0.04631948259613272,-0.06460847283882316,neutral,0,4.303999900817871
copper,Copper,2022-06-03,2022-06-03 23:00:00,2022-06-04,direct,0.0506863982406649,-0.03000437789384669,-0.00533155815992159,0.005116820728965539,neutral,0,4.477499961853027
copper,Copper,2022-06-10,2022-06-10 23:00:00,2022-06-11,direct,0.028824324090034326,-0.09079380253852143,-0.03688287867222617,-0.03295078570690443,neutral,0,4.301000118255615
copper,Copper,2022-06-17,2022-06-17 23:00:00,2022-06-18,direct,-0.061551087402544113,-0.14265897675993722,-0.08900227797871108,-0.09773744738039747,neutral,0,4.017499923706055
copper,Copper,2022-06-24,2022-06-24 23:00:00,2022-06-25,direct,-0.12639403412886707,-0.19701012656526318,-0.1322659715929586,-0.15189004409569629,neutral,0,3.759999990463257
copper,Copper,2022-07-01,2022-07-01 23:00:00,2022-07-02,direct,-0.19173646256367682,-0.2332626866724109,-0.14673897801420133,-0.19057937575009634,neutral,0,3.61899995803833
copper,Copper,2022-07-08,2022-07-08 23:00:00,2022-07-09,direct,-0.17879563642459284,-0.2512189825870028,-0.14740048402547068,-0.19247170101235545,neutral,0,3.5320000648498535
copper,Copper,2022-07-15,2022-07-15 23:00:00,2022-07-16,direct,-0.19489732600873466,-0.29416258705985177,-0.19745263943962166,-0.22883751750273604,neutral,0,3.234499931335449
copper,Copper,2022-07-22,2022-07-22 23:00:00,2022-07-23,direct,-0.10944148355200312,-0.2381114839855949,-0.15079146533539367,-0.1661148109576639,neutral,0,3.3485000133514404
copper,Copper,2022-07-29,2022-07-29 23:00:00,2022-07-30,direct,-0.00967113783308271,-0.15898152995861148,-0.07786315896695395,-0.08217194225288271,neutral,0,3.5840001106262207
copper,Copper,2022-08-05,2022-08-05 23:00:00,2022-08-06,direct,0.005945613834001495,-0.15010167507229266,-0.07337217243763083,-0.07250941122530734,neutral,0,3.552999973297119
copper,Copper,2022-08-12,2022-08-12 23:00:00,2022-08-13,direct,0.13649720089432216,-0.14132212092171137,-0.02851980187929104,-0.01111490730222675,neutral,0,3.6760001182556152
copper,Copper,2022-08-19,2022-08-19 23:00:00,2022-08-20,direct,0.10004480717074227,-0.14416818392620012,-0.013050798672291752,-0.019058058475916535,neutral,0,3.683500051498413
copper,Copper,2022-08-26,2022-08-26 23:00:00,2022-08-27,direct,0.03557472513012905,-0.17107761897286877,0.011755863015621815,-0.04124901027570597,neutral,0,3.7114999294281006
copper,Copper,2022-09-02,2022-09-02 23:00:00,2022-09-03,direct,-0.03701097852810176,-0.2044873579397265,-0.04828354511852895,-0.09659396052878573,neutral,0,3.4214999675750732
copper,Copper,2022-09-09,2022-09-09 23:00:00,2022-09-10,direct,-0.025843314895025116,-0.10864961850652821,0.006263997380552944,-0.0427429786736668,neutral,0,3.5810000896453857
copper,Copper,2022-09-16,2022-09-16 23:00:00,2022-09-17,direct,-0.03325639773771938,-0.052925500598170694,0.005328745369879373,-0.026951050988670233,neutral,0,3.561000108718872
copper,Copper,2022-09-23,2022-09-23 23:00:00,2022-09-24,direct,-0.09160714552989402,-0.0683890427325945,-0.04259548901535681,-0.06753055909261511,neutral,0,3.371500015258789
copper,Copper,2022-09-30,2022-09-30 23:00:00,2022-10-01,direct,0.005991508075745777,-0.025481356436984237,-0.020489500796232574,-0.01332644971915701,neutral,0,3.441999912261963
copper,Copper,2022-10-07,2022-10-07 23:00:00,2022-10-08,direct,-0.04705394604709534,0.05503168250914969,-0.03296654542448196,-0.00832960298747587,neutral,0,3.4124999046325684
copper,Copper,2022-10-14,2022-10-14 23:00:00,2022-10-15,direct,-0.031030635748712343,0.030461399936075217,-0.024547683061255876,-0.008372306291297668,neutral,0,3.450500011444092
copper,Copper,2022-10-21,2022-10-21 23:00:00,2022-10-22,direct,0.04493548449144247,-0.017020119094866226,-0.0026187288747819837,0.00843221217393142,neutral,0,3.5230000019073486
copper,Copper,2022-10-28,2022-10-28 23:00:00,2022-10-29,direct,0.006972739238365611,-0.02448631968542969,-0.01673757036025325,-0.011417050269105777,neutral,0,3.4660000801086426
copper,Copper,2022-11-04,2022-11-04 23:00:00,2022-11-05,direct,0.08849818438570312,0.010473294590531701,0.052800627816538936,0.050590702264257915,bullish,1,3.7144999504089355
copper,Copper,2022-11-11,2022-11-11 23:00:00,2022-11-12,direct,0.14505143083622496,0.07262112663667208,0.11280100835289852,0.11015785527526518,bullish,1,3.9509999752044678
copper,Copper,2022-11-18,2022-11-18 23:00:00,2022-11-19,direct,0.03093953094409896,-0.021419900702498107,0.02486683944064305,0.011462156560747968,neutral,0,3.631999969482422
copper,Copper,2022-11-25,2022-11-25 23:00:00,2022-11-26,direct,0.04630692656171398,0.05991522012240291,0.018405597432079368,0.04154258137206542,bullish,1,3.626499891281128
copper,Copper,2022-12-02,2022-12-02 23:00:00,2022-12-03,direct,0.035940261398423656,0.07456016566928336,0.0738979437509919,0.06146612360623297,bullish,1,3.8480000495910645
copper,Copper,2022-12-09,2022-12-09 23:00:00,2022-12-10,direct,-0.0189825482547199,0.0884582446461104,0.07384532453173276,0.04777367364104109,neutral,0,3.875999927520752
copper,Copper,2022-12-16,2022-12-16 23:00:00,2022-12-17,direct,0.03565526248625428,0.11567547522483412,0.03282343610767979,0.06138472460625607,bullish,1,3.7614998817443848
copper,Copper,2022-12-23,2022-12-23 23:00:00,2022-12-24,direct,0.04866954013712643,0.10488090361336466,0.035663631190984146,0.06307135831382508,bullish,1,3.802999973297119
copper,Copper,2022-12-30,2022-12-30 23:00:00,2022-12-31,direct,-0.011044703359087249,0.11516487527267061,0.027183279102569458,0.04376781700538427,neutral,0,3.805500030517578
copper,Copper,2023-01-06,2023-01-06 23:00:00,2023-01-07,direct,0.008384940458710854,0.13273436985012754,0.044227489401465814,0.061782266570101406,bullish,1,3.9084999561309814
copper,Copper,2023-01-13,2023-01-13 23:00:00,2023-01-14,direct,0.11856974962213673,0.19429462919346507,0.10723684519075283,0.14003374133545154,bullish,1,4.207499980926514
copper,Copper,2023-01-20,2023-01-20 23:00:00,2023-01-21,direct,0.11714433345549957,0.2257645043583274,0.09916453492379995,0.1473577909125423,bullish,1,4.248499870300293
copper,Copper,2023-01-27,2023-01-27 23:00:00,2023-01-28,direct,0.10997239344058518,0.13716517256832628,0.08095198080859567,0.10936318227250237,bullish,1,4.223999977111816
copper,Copper,2023-02-03,2023-02-03 23:00:00,2023-02-04,direct,0.03952929455854792,0.02834731148503522,0.037273481552009935,0.03505002919853103,bullish,1,4.063000202178955
copper,Copper,2023-02-10,2023-02-10 23:00:00,2023-02-11,direct,-0.04278070805813439,0.10889322313563499,0.01963104969383722,0.028581188257112606,neutral,0,4.027500152587891
copper,Copper,2023-02-17,2023-02-17 23:00:00,2023-02-18,direct,-0.03165823956901148,0.13442712448119387,0.030926938050874986,0.04456527432101912,neutral,0,4.113999843597412
copper,Copper,2023-02-24,2023-02-24 23:00:00,2023-02-25,direct,-0.06368372510969855,0.027806619733895532,-0.011126404097735576,-0.015667836491179532,neutral,0,3.9549999237060547
copper,Copper,2023-03-03,2023-03-03 23:00:00,2023-03-04,direct,0.0036918202656133214,0.05211562046467999,0.015353991313571402,0.023720477347954905,bullish,1,4.078000068664551
copper,Copper,2023-03-10,2023-03-10 23:00:00,2023-03-11,direct,0.004469186434738148,0.07550177557353877,0.0013613415691544617,0.02711076785914379,bullish,1,4.045499801635742
copper,Copper,2023-03-17,2023-03-17 23:00:00,2023-03-18,direct,-0.04873597001651542,0.029056034196860425,-0.03351476183941415,-0.017731565886356382,neutral,0,3.9135000705718994
copper,Copper,2023-03-24,2023-03-24 23:00:00,2023-03-25,direct,0.037041748028389776,0.07778215778241337,0.006781024025954263,0.04053497661225247,bullish,1,4.101500034332275
copper,Copper,2023-03-31,2023-03-31 23:00:00,2023-04-01,direct,0.006498221624272382,0.050147080200448446,0.003494077545482366,0.020046459790067733,bullish,1,4.104499816894531
copper,Copper,2023-04-07,2023-04-07 23:00:00,2023-04-08,direct,-0.004820116105227368,-0.04313724512444628,-0.012044733490264137,-0.02000069823997926,neutral,0,4.026000022888184
copper,Copper,2023-04-14,2023-04-14 23:00:00,2023-04-15,direct,0.04957199494663489,-0.03318813659193576,0.010869584191299131,0.009084480848666088,neutral,0,4.107500076293945
copper,Copper,2023-04-21,2023-04-21 23:00:00,2023-04-22,direct,-0.029623312017982073,-0.057765141894050465,-0.015582484191562052,-0.03432364603453153,neutral,0,3.9800000190734863
copper,Copper,2023-04-28,2023-04-28 23:00:00,2023-04-29,direct,-0.05713240146100729,-0.04750192149052035,-0.03896697432217133,-0.04786709909123299,neutral,0,3.869999885559082
copper,Copper,2023-05-05,2023-05-05 23:00:00,2023-05-06,direct,-0.03837556054422442,-0.03873373840317873,-0.035480711074521,-0.03753000334064138,neutral,0,3.871500015258789
copper,Copper,2023-05-12,2023-05-12 23:00:00,2023-05-13,direct,-0.09519172858487501,-0.09662124813811546,-0.06639171996794335,-0.08606823223031128,neutral,0,3.7165000438690186
copper,Copper,2023-05-19,2023-05-19 23:00:00,2023-05-20,direct,-0.06469847537908857,-0.05878630653866135,-0.060310892872288524,-0.06126522493001282,neutral,0,3.7225000858306885
copper,Copper,2023-05-26,2023-05-26 23:00:00,2023-05-27,direct,-0.05077514995728183,-0.0991907799947288,-0.06472177807545887,-0.07156256934248983,neutral,0,3.6735000610351562
copper,Copper,2023-06-02,2023-06-02 23:00:00,2023-06-03,direct,-0.03848635640987874,-0.07984173319560006,-0.045706516359524385,-0.054678201988334396,neutral,0,3.7225000858306885
copper,Copper,2023-06-09,2023-06-09 23:00:00,2023-06-10,direct,0.01950759844140393,-0.03181296384170762,-0.026068325254091973,-0.012791230218131888,neutral,0,3.7890000343322754
copper,Copper,2023-06-16,2023-06-16 23:00:00,2023-06-17,direct,0.043519123475330046,-0.05290747429305387,0.003141950295267648,-0.0020821335074853917,neutral,0,3.884500026702881
copper,Copper,2023-06-23,2023-06-23 23:00:00,2023-06-24,direct,0.03606912509631499,-0.07272501789083341,-0.010775520978893116,-0.015810471257803844,neutral,0,3.805999994277954
copper,Copper,2023-06-30,2023-06-30 23:00:00,2023-07-01,direct,0.004969738294224424,-0.07078988678848397,-0.02163042017885841,-0.029150189557705986,neutral,0,3.740999937057495
copper,Copper,2023-07-07,2023-07-07 23:00:00,2023-07-08,direct,-0.005806300920362384,-0.0828971661652379,-0.007465322069085123,-0.032056263051561805,neutral,0,3.7669999599456787
copper,Copper,2023-07-14,2023-07-14 23:00:00,2023-07-15,direct,0.009653727474523421,-0.014572886296502885,0.03469197363744447,0.009924271605155003,neutral,0,3.921999931335449
copper,Copper,2023-07-21,2023-07-21 23:00:00,2023-07-22,direct,-0.000788234625681894,-0.0173126393393378,0.004777725843401193,-0.004441049373872834,neutral,0,3.802999973297119
copper,Copper,2023-07-28,2023-07-28 23:00:00,2023-07-29,direct,0.04704627672195283,0.011752560990569982,0.033861594618566304,0.030886810777029705,bullish,1,3.9170000553131104
copper,Copper,2023-08-04,2023-08-04 23:00:00,2023-08-05,direct,0.02070615064877135,0.03457553699029092,0.011997459427360413,0.022426382355474228,bullish,1,3.8450000286102295
copper,Copper,2023-08-11,2023-08-11 23:00:00,2023-08-12,direct,-0.052906676328232205,-0.0021491296809379445,-0.022178362013682396,-0.02574472267428418,neutral,0,3.7144999504089355
copper,Copper,2023-08-18,2023-08-18 23:00:00,2023-08-19,direct,-0.027346855714692087,0.006941559898067107,-0.026803066875098258,-0.01573612089724108,neutral,0,3.6989998817443848
copper,Copper,2023-08-25,2023-08-25 23:00:00,2023-08-26,direct,-0.04008171116487347,0.010073849232484333,-0.01156676920490185,-0.013858210379096994,neutral,0,3.759999990463257
copper,Copper,2023-09-01,2023-09-01 23:00:00,2023-09-02,direct,-0.008452543138725677,0.006202155042172253,0.0017188021262501962,-0.00017719532343440925,neutral,0,3.8125
copper,Copper,2023-09-08,2023-09-08 23:00:00,2023-09-09,direct,-0.009153296633538588,-0.052516410035516325,-0.028624828160860094,-0.030098178276638337,neutral,0,3.680500030517578
copper,Copper,2023-09-15,2023-09-15 23:00:00,2023-09-16,direct,0.017437170998141793,-0.011166584113868061,-0.005789763634574729,0.00016027441656633426,neutral,0,3.7634999752044678
copper,Copper,2023-09-22,2023-09-22 23:00:00,2023-09-23,direct,-0.025132996034452293,-0.020181772978985046,-0.030066496963339184,-0.025127088658925507,neutral,0,3.6654999256134033
copper,Copper,2023-09-29,2023-09-29 23:00:00,2023-09-30,direct,-0.02268850607950179,-0.01088396331556385,-0.013165277347029769,-0.015579248914031804,neutral,0,3.7260000705718994
copper,Copper,2023-10-06,2023-10-06 23:00:00,2023-10-07,direct,-0.015215322324037328,-0.07585413062323176,-0.033702861208875445,-0.04159077138538151,neutral,0,3.624500036239624
copper,Copper,2023-10-13,2023-10-13 23:00:00,2023-10-14,direct,-0.04875781923937539,-0.058637930885318434,-0.0408145215078094,-0.049403423877501074,neutral,0,3.5799999237060547
copper,Copper,2023-10-20,2023-10-20 23:00:00,2023-10-21,direct,-0.03369250383482847,-0.09573653170909235,-0.042982892628115055,-0.05747064272401196,neutral,0,3.5420000553131104
copper,Copper,2023-10-27,2023-10-27 23:00:00,2023-10-28,direct,-0.024691359604637197,-0.054876453601481634,-0.013438286700202862,-0.03100203330210723,neutral,0,3.634000062942505
copper,Copper,2023-11-03,2023-11-03 23:00:00,2023-11-04,direct,0.01379499291388031,-0.010768599377319554,-0.0015397871086531012,0.0004955354759692184,neutral,0,3.674499988555908
copper,Copper,2023-11-10,2023-11-10 23:00:00,2023-11-11,direct,0.0009776493898880911,-0.031224649091540768,-0.023713599649842765,-0.01798686645049848,neutral,0,3.5834999084472656
copper,Copper,2023-11-17,2023-11-17 23:00:00,2023-11-18,direct,0.0551947752541444,-0.005984052713840726,0.01876248182108431,0.02265773478712933,neutral,0,3.737499952316284
copper,Copper,2023-11-24,2023-11-24 23:00:00,2023-11-25,direct,0.044716538750136925,-0.004196729816374201,0.03522086251420964,0.025246890482657453,neutral,0,3.7964999675750732
copper,Copper,2023-12-01,2023-12-01 23:00:00,2023-12-02,direct,0.06381818807070094,0.062083925412071306,0.06039128921185677,0.062097800898209675,bullish,1,3.9089999198913574
copper,Copper,2023-12-08,2023-12-08 23:00:00,2023-12-09,direct,0.06599693898080994,0.01501261017950739,0.03492649997572905,0.03864534971201546,bullish,1,3.819999933242798
copper,Copper,2023-12-15,2023-12-15 23:00:00,2023-12-16,direct,0.03946489365319206,0.0598827088539966,0.04734625296994155,0.04889795182571007,bullish,1,3.884999990463257
copper,Copper,2023-12-22,2023-12-22 23:00:00,2023-12-23,direct,0.026076643739588956,0.04549110867004735,0.04619309045002895,0.039253614286555084,bullish,1,3.8954999446868896
copper,Copper,2023-12-29,2023-12-29 23:00:00,2023-12-30,direct,-0.00729082688005156,0.07063044265472462,0.03622771870185515,0.03318911149217607,neutral,0,3.880500078201294
copper,Copper,2024-01-05,2024-01-05 23:00:00,2024-01-06,direct,-0.006675345852056536,0.059916255139319086,0.008449176390204594,0.020563361892489047,neutral,0,3.7945001125335693
copper,Copper,2024-01-12,2024-01-12 23:00:00,2024-01-13,direct,-0.03732303250513613,0.05590060732117341,-0.010374742402342152,0.002734277471231709,neutral,0,3.740000009536743
copper,Copper,2024-01-19,2024-01-19 23:00:00,2024-01-20,direct,-0.027852651868903622,0.042102332217848426,-0.0013076017490529779,0.004314026199963942,neutral,0,3.7869999408721924
copper,Copper,2024-01-26,2024-01-26 23:00:00,2024-01-27,direct,-0.007730954976214344,0.04789770548476291,0.011525989091844435,0.017230913200131,neutral,0,3.8505001068115234
copper,Copper,2024-02-02,2024-02-02 23:00:00,2024-02-03,direct,0.007115548717406162,0.06641556036717322,-0.0012957862196050218,0.024078440954991454,bullish,1,3.821500062942505
copper,Copper,2024-02-09,2024-02-09 23:00:00,2024-02-10,direct,-0.014438476117693888,-0.01377922254299846,-0.035625493057999114,-0.021281063906230486,neutral,0,3.686000108718872
copper,Copper,2024-02-16,2024-02-16 23:00:00,2024-02-17,direct,0.01346715580984914,0.010931144977525564,0.0032347751814214565,0.009211025322932054,bullish,1,3.8380000591278076
copper,Copper,2024-02-23,2024-02-23 23:00:00,2024-02-24,direct,0.008180719853811969,-0.006907124830456857,0.015333296548955655,0.005535630524103589,neutral,0,3.881999969482422
copper,Copper,2024-03-01,2024-03-01 23:00:00,2024-03-02,direct,0.008766179662231144,0.009162326293806311,0.007502909113735523,0.008477138356590993,bullish,1,3.8550000190734863
copper,Copper,2024-03-08,2024-03-08 23:00:00,2024-03-09,direct,0.05398802926610613,0.0,0.015343391162756959,0.023110473476287696,neutral,0,3.884999990463257
copper,Copper,2024-03-15,2024-03-15 23:00:00,2024-03-16,direct,0.07152165903547081,0.05570536494139655,0.06974479152637358,0.06565727183441365,bullish,1,4.112500190734863
copper,Copper,2024-03-22,2024-03-22 23:00:00,2024-03-23,direct,0.029366327385930147,0.029764198162484323,0.036844835955616384,0.03199178716801029,bullish,1,3.996000051498413
copper,Copper,2024-03-29,2024-03-29 23:00:00,2024-03-30,direct,0.03852139168170887,0.05507968533649432,0.03411755614949419,0.042572877722565794,bullish,1,4.003499984741211
copper,Copper,2024-04-05,2024-04-05 23:00:00,2024-04-06,direct,0.09124840570999293,0.1335561590818004,0.0834282788290488,0.10274428120694738,bullish,1,4.239500045776367
copper,Copper,2024-04-12,2024-04-12 23:00:00,2024-04-13,direct,0.03525835238942654,0.1242408867534397,0.07723451283291105,0.07891125065859243,bullish,1,4.257500171661377
copper,Copper,2024-04-19,2024-04-19 23:00:00,2024-04-20,direct,0.12662657583133718,0.1691987352701223,0.12366229579249444,0.13982920229798465,bullish,1,4.501999855041504
copper,Copper,2024-04-26,2024-04-26 23:00:00,2024-04-27,direct,0.1412513512470539,0.19560373990557967,0.12292624764999549,0.153260446267543,bullish,1,4.568999767303467
copper,Copper,2024-05-03,2024-05-03 23:00:00,2024-05-04,direct,0.07878290058257487,0.24077591467900983,0.10396575554642773,0.14117485693600415,bullish,1,4.573500156402588
copper,Copper,2024-05-10,2024-05-10 23:00:00,2024-05-11,direct,0.10240748155511059,0.2229025455065461,0.1137653548938018,0.14635846065181948,bullish,1,4.69350004196167
copper,Copper,2024-05-17,2024-05-17 23:00:00,2024-05-18,direct,0.12327861462595813,0.30267908293969503,0.17277368221623557,0.1995771265939629,bullish,1,5.057000160217285
copper,Copper,2024-05-24,2024-05-24 23:00:00,2024-05-25,direct,0.045852554929942224,0.23955902891463832,0.08875493276458046,0.12472217220305366,bullish,1,4.778500080108643
copper,Copper,2024-05-31,2024-05-31 23:00:00,2024-06-01,direct,0.007980753441260813,0.18661522389468432,0.036100593531753766,0.07689885695589964,bullish,1,4.610000133514404
copper,Copper,2024-06-07,2024-06-07 23:00:00,2024-06-08,direct,-0.04239903695861302,0.09288752626517494,0.00296611428016047,0.01781820119557413,neutral,0,4.494500160217285
copper,Copper,2024-06-14,2024-06-14 23:00:00,2024-06-15,direct,-0.10005932883734148,0.13888890380496588,0.005199766983960519,0.014676447317194974,neutral,0,4.551000118255615
copper,Copper,2024-06-21,2024-06-21 23:00:00,2024-06-22,direct,-0.059537536319104634,0.12251779072476388,-0.01627145460573809,0.015569599933307051,neutral,0,4.49399995803833
copper,Copper,2024-06-28,2024-06-28 23:00:00,2024-06-29,direct,-0.04761389555156459,0.03561741272738472,-0.04156736860352417,-0.017854617142568013,neutral,0,4.390500068664551
copper,Copper,2024-07-05,2024-07-05 23:00:00,2024-07-06,direct,0.03648904850063395,0.09418673087961471,0.009571654151456777,0.046749144510568476,bullish,1,4.6585001945495605
copper,Copper,2024-07-12,2024-07-12 23:00:00,2024-07-13,direct,0.010437190824651665,0.021434900710468385,-0.005165153407784007,0.008902312709112015,bullish,1,4.598499774932861
copper,Copper,2024-07-19,2024-07-19 23:00:00,2024-07-20,direct,-0.06119272317204727,-0.07660317847622289,-0.0814699656136727,-0.07308862242064762,neutral,0,4.218999862670898
copper,Copper,2024-07-26,2024-07-26 23:00:00,2024-07-27,direct,-0.06514070089902346,-0.1025473539891516,-0.09872922040931598,-0.08880575843249701,neutral,0,4.104499816894531
copper,Copper,2024-08-02,2024-08-02 23:00:00,2024-08-03,direct,-0.12332297089855315,-0.12986042950597398,-0.09311619301122098,-0.11543319780524937,neutral,0,4.084000110626221
copper,Copper,2024-08-09,2024-08-09 23:00:00,2024-08-10,direct,-0.13450033405044692,-0.21297213901957301,-0.09823839358484354,-0.1485702888849545,neutral,0,3.9800000190734863
copper,Copper,2024-08-16,2024-08-16 23:00:00,2024-08-17,direct,-0.02168755829077329,-0.13623522276332845,-0.05318090635812278,-0.07036789580407483,neutral,0,4.127500057220459
copper,Copper,2024-08-23,2024-08-23 23:00:00,2024-08-24,direct,0.021927191278567237,-0.09013018481525048,-0.030108012553956898,-0.03277033536354671,neutral,0,4.194499969482422
copper,Copper,2024-08-30,2024-08-30 23:00:00,2024-08-31,direct,0.01493630476198482,-0.07776174587428986,-0.03505538950131615,-0.03262694353787373,neutral,0,4.144999980926514
copper,Copper,2024-09-06,2024-09-06 23:00:00,2024-09-07,direct,0.008668372337933716,-0.11788617076930674,-0.05560616467283197,-0.054941321034735,neutral,0,4.014500141143799
copper,Copper,2024-09-13,2024-09-13 23:00:00,2024-09-14,direct,0.011508209050490548,-0.07098348248376773,-0.01166858143713867,-0.023714618290138618,neutral,0,4.175000190734863
copper,Copper,2024-09-20,2024-09-20 23:00:00,2024-09-21,direct,0.020741421819395534,-0.02482637610499039,0.015726750781875687,0.0038805988320936105,neutral,0,4.281499862670898
copper,Copper,2024-09-27,2024-09-27 23:00:00,2024-09-28,direct,0.09553676966694447,-0.02522277562921571,0.07979786035091685,0.0500372847962152,neutral,0,4.540999889373779
copper,Copper,2024-10-04,2024-10-04 23:00:00,2024-10-05,direct,0.12654125772640668,-0.01652707198120895,0.07702078873364826,0.06234499149294866,neutral,0,4.522500038146973
copper,Copper,2024-10-11,2024-10-11 23:00:00,2024-10-12,direct,0.06622748158038094,0.05510786533819845,0.055243310677802526,0.0588595525321273,bullish,1,4.451499938964844
copper,Copper,2024-10-18,2024-10-18 23:00:00,2024-10-19,direct,0.01506489173128811,0.05883795551920601,0.025342624928207824,0.03308182405956731,bullish,1,4.3460001945495605
copper,Copper,2024-10-25,2024-10-25 23:00:00,2024-10-26,direct,-0.04437347365640021,0.0625611735704723,0.01869184674552593,0.012293182219866009,neutral,0,4.3394999504089355
copper,Copper,2024-11-01,2024-11-01 23:00:00,2024-11-02,direct,-0.03869545367799865,0.09233663984357832,0.013285128133847968,0.022308771433142544,neutral,0,4.347499847412109
copper,Copper,2024-11-08,2024-11-08 23:00:00,2024-11-09,direct,-0.03706614941376285,0.03852208787089184,-0.004008137392993771,-0.0008507329786215934,neutral,0,4.286499977111816
copper,Copper,2024-11-15,2024-11-15 23:00:00,2024-11-16,direct,-0.06787852349015377,-0.03421143217805622,-0.056105136808743516,-0.05273169749231784,neutral,0,4.051000118255615
copper,Copper,2024-11-22,2024-11-22 23:00:00,2024-11-23,direct,-0.06118218036608836,-0.01712909517704231,-0.04943567431925233,-0.042582316620794335,neutral,0,4.073999881744385
copper,Copper,2024-11-29,2024-11-29 23:00:00,2024-11-30,direct,-0.06141454419740433,0.016440399158238916,-0.04913923283890875,-0.03137112595935806,neutral,0,4.08050012588501
copper,Copper,2024-12-06,2024-12-06 23:00:00,2024-12-07,direct,-0.034526948391234935,-0.00874250908845875,-0.03493970993660256,-0.02606972247209875,neutral,0,4.138500213623047
copper,Copper,2024-12-13,2024-12-13 23:00:00,2024-12-14,direct,0.024191569175580296,-0.030947027694533724,-0.029993635358533055,-0.012249697959162162,neutral,0,4.14900016784668
copper,Copper,2024-12-20,2024-12-20 23:00:00,2024-12-21,direct,-0.008100145637823575,-0.11010790843004226,-0.045949567754893894,-0.054719207274253244,neutral,0,4.040999889373779
copper,Copper,2024-12-27,2024-12-27 23:00:00,2024-12-28,direct,-0.004411254828991296,-0.10171366152944261,-0.0321139682409366,-0.04607962819979017,neutral,0,4.0625
copper,Copper,2025-01-03,2025-01-03 23:00:00,2025-01-04,direct,-0.0239217039994174,-0.09255300642538478,-0.029656349084942857,-0.04871035316991501,neutral,0,4.0395002365112305
copper,Copper,2025-01-10,2025-01-10 23:00:00,2025-01-11,direct,0.030248185168652464,-0.01645197840781376,0.028265544230264172,0.014020583663700958,neutral,0,4.274499893188477
copper,Copper,2025-01-17,2025-01-17 23:00:00,2025-01-18,direct,0.07337298047775986,-0.00046084919100308763,0.04346258527507718,0.03879157218727799,neutral,0,4.337500095367432
copper,Copper,2025-01-24,2025-01-24 23:00:00,2025-01-25,direct,0.05599999060997596,-0.013225966090213759,0.03322660463915672,0.025333543052972973,neutral,0,4.289999961853027
copper,Copper,2025-01-31,2025-01-31 23:00:00,2025-02-01,direct,0.05508103339146597,-0.005715593915617934,0.026987958262884693,0.025451132579577578,neutral,0,4.26200008392334
copper,Copper,2025-02-07,2025-02-07 23:00:00,2025-02-08,direct,0.07182130492189209,0.1309552998429886,0.09233963466470296,0.09837207980986122,bullish,1,4.581500053405762
copper,Copper,2025-02-14,2025-02-14 23:00:00,2025-02-15,direct,0.07354461332327511,0.14297987182981986,0.0975192526758415,0.10468124594297883,bullish,1,4.656499862670898
copper,Copper,2025-02-21,2025-02-21 23:00:00,2025-02-22,direct,0.06293705905066949,0.11751006055673963,0.06474677991686328,0.08173129984142413,bullish,1,4.559999942779541
copper,Copper,2025-02-28,2025-02-28 23:00:00,2025-03-01,direct,0.05924449841587576,0.09085415201454894,0.0464665066675225,0.06552171903264907,bullish,1,4.514500141143799
copper,Copper,2025-03-07,2025-03-07 23:00:00,2025-03-08,direct,0.022154323507389995,0.12870568770511803,0.07444196331806019,0.07510065817685607,bullish,1,4.683000087738037
copper,Copper,2025-03-14,2025-03-14 23:00:00,2025-03-15,direct,0.04574257571742146,0.20502358166901513,0.09980992926967902,0.11685869555203854,bullish,1,4.869500160217285
copper,Copper,2025-03-21,2025-03-21 23:00:00,2025-03-22,direct,0.11567985947525106,0.25230771578275246,0.12729892259509956,0.1650954992843677,bullish,1,5.087500095367432
copper,Copper,2025-03-28,2025-03-28 23:00:00,2025-03-29,direct,0.13246207351752437,0.2656269071419448,0.11082948554987615,0.16963948873644843,bullish,1,5.112500190734863
copper,Copper,2025-04-04,2025-04-04 23:00:00,2025-04-05,direct,-0.06374120338300837,0.02573403585521028,-0.04924195137076193,-0.02908303963285334,neutral,0,4.384500026702881
copper,Copper,2025-04-11,2025-04-11 23:00:00,2025-04-12,direct,-0.0743402765469372,0.039193100301141204,-0.02556339869873947,-0.020236858314845157,neutral,0,4.507500171661377
copper,Copper,2025-04-18,2025-04-18 23:00:00,2025-04-19,direct,-0.06997541816626285,0.10291379740000361,0.014789873296680689,0.015909417510140484,neutral,0,4.731500148773193
copper,Copper,2025-04-25,2025-04-25 23:00:00,2025-04-26,direct,-0.0541810106429117,0.13456116102125937,0.026572721322807746,0.03565095723371847,neutral,0,4.8354997634887695
copper,Copper,2025-05-02,2025-05-02 23:00:00,2025-05-03,direct,0.05542251774150686,0.010040380503870683,-0.01838430174882144,0.015692865498852033,bullish,1,4.627500057220459
copper,Copper,2025-05-09,2025-05-09 23:00:00,2025-05-10,direct,0.02296170503208894,-0.009771245136393936,-0.02109704812204638,-0.0026355294087837913,neutral,0,4.611000061035156
copper,Copper,2025-05-16,2025-05-16 23:00:00,2025-05-17,direct,-0.0371975298999514,-0.000986822876848592,-0.03280255728472392,-0.023662303353841303,neutral,0,4.555500030517578
copper,Copper,2025-05-23,2025-05-23 23:00:00,2025-05-24,direct,-0.005997271609732513,0.06468043144651436,0.015243236173860808,0.024642132003547552,neutral,0,4.80649995803833
copper,Copper,2025-05-30,2025-05-30 23:00:00,2025-05-31,direct,0.005402505685207615,-0.00651290509902136,-0.016757200348896495,-0.00595586658757008,neutral,0,4.652500152587891
copper,Copper,2025-06-06,2025-06-06 23:00:00,2025-06-07,direct,0.047495089952727776,-0.008111764084933859,0.021465554478027116,0.02028296011527368,neutral,0,4.829999923706055
copper,Copper,2025-06-13,2025-06-13 23:00:00,2025-06-14,direct,0.054329917928114035,-0.05592139886726921,0.020874094889896888,0.006427537983580571,neutral,0,4.802999973297119
copper,Copper,2025-06-20,2025-06-20 23:00:00,2025-06-21,direct,0.004057059347749359,-0.05603911323681243,0.03099467817783297,-0.006995791903743369,neutral,0,4.826000213623047
copper,Copper,2025-06-27,2025-06-27 23:00:00,2025-06-28,direct,0.08941426668033214,0.15600410790124974,0.06977398598237161,0.1050641201879845,bullish,1,5.06850004196167
copper,Copper,2025-07-04,2025-07-04 23:00:00,2025-07-05,direct,0.03902690072427917,0.11336653579695488,0.049785552949646705,0.06739299649029358,bullish,1,5.018499851226807
copper,Copper,2025-07-11,2025-07-11 23:00:00,2025-07-12,direct,0.15802619794788275,0.17552565210490112,0.14687305551195218,0.16014163518824534,bullish,1,5.561999797821045
copper,Copper,2025-07-18,2025-07-18 23:00:00,2025-07-19,direct,0.15582259050025016,0.15355192668649287,0.1356826664293065,0.14835239453868318,bullish,1,5.578000068664551
copper,Copper,2025-07-25,2025-07-25 23:00:00,2025-07-26,direct,0.13712146905544653,0.24548895566841655,0.15126096103367725,0.17795712858584678,bullish,1,5.763500213623047
copper,Copper,2025-08-01,2025-08-01 23:00:00,2025-08-02,direct,-0.12075320604943274,-0.04304926345154403,-0.11567979523026983,-0.09316075491041553,neutral,0,4.412499904632568
copper,Copper,2025-08-08,2025-08-08 23:00:00,2025-08-09,direct,-0.19893917874098355,-0.0219514661316349,-0.10556821979686148,-0.10881962155649332,neutral,0,4.45550012588501
copper,Copper,2025-08-15,2025-08-15 23:00:00,2025-08-16,direct,-0.19720327914874392,-0.06834490728684361,-0.09608394599076475,-0.12054404414211743,neutral,0,4.478000164031982
copper,Copper,2025-08-22,2025-08-22 23:00:00,2025-08-23,direct,-0.22833346681077815,-0.04406231423593321,-0.09913403626549266,-0.12384327243740134,neutral,0,4.447500228881836
copper,Copper,2025-08-29,2025-08-29 23:00:00,2025-08-30,direct,0.024022651305431575,-0.06449276964796191,-0.0799148534383275,-0.04012832392695261,neutral,0,4.518499851226807
copper,Copper,2025-09-05,2025-09-05 23:00:00,2025-09-06,direct,0.0060599146327198206,-0.06672910655528486,-0.08225417716986105,-0.047641123030808696,neutral,0,4.482500076293945
copper,Copper,2025-09-12,2025-09-12 23:00:00,2025-09-13,direct,0.02467616230650327,-0.04921263576914836,-0.05672951001372739,-0.027088661158790828,neutral,0,4.588500022888184
copper,Copper,2025-09-19,2025-09-19 23:00:00,2025-09-20,direct,0.027318613191432695,-0.09854992019786601,-0.05263162838274438,-0.0412876451297259,neutral,0,4.568999767303467
copper,Copper,2025-09-26,2025-09-26 23:00:00,2025-09-27,direct,0.043598546683451644,-0.06037660302471637,-0.017109335643447854,-0.011295797328237525,neutral,0,4.7154998779296875
copper,Copper,2025-10-03,2025-10-03 23:00:00,2025-10-04,direct,0.12838817660877888,-0.09061483790065106,0.06359192946911119,0.03378842272574634,neutral,0,5.058000087738037
copper,Copper,2025-10-10,2025-10-10 23:00:00,2025-10-11,direct,0.05666334330342315,-0.1307816932147048,0.032740132251245724,-0.01379273922001197,neutral,0,4.848499774932861
copper,Copper,2025-10-17,2025-10-17 23:00:00,2025-10-18,direct,0.07933906964254533,-0.14435676667767583,0.06616460832310245,0.0003823037626573174,neutral,0,4.93149995803833
copper,Copper,2025-10-24,2025-10-24 23:00:00,2025-10-25,direct,0.08016122769265621,0.15433433369178529,0.08784141331286488,0.10744565823243546,bullish,1,5.093500137329102
copper,Copper,2025-10-31,2025-10-31 23:00:00,2025-11-01,direct,0.0014827391645169108,0.13690935684937955,0.07024196351210299,0.06954468650866648,bullish,1,5.065499782562256
copper,Copper,2025-11-07,2025-11-07 23:00:00,2025-11-08,direct,0.018459406290749714,0.10272443530524344,0.034921845851041855,0.05203522914901167,bullish,1,4.938000202178955
copper,Copper,2025-11-14,2025-11-14 23:00:00,2025-11-15,direct,0.023927817402743523,0.13535688110024524,0.04727914408526779,0.06885461419608552,bullish,1,5.049499988555908
copper,Copper,2025-11-21,2025-11-21 23:00:00,2025-11-22,direct,-0.016687942643610953,0.10844312583573146,0.03005221080261622,0.04060246466491224,neutral,0,5.008500099182129
copper,Copper,2025-11-28,2025-11-28 23:00:00,2025-11-29,direct,0.023689737942411027,0.15683213757929915,0.05375819249828462,0.07809335600666494,bullish,1,5.185500144958496
copper,Copper,2025-12-05,2025-12-05 23:00:00,2025-12-06,direct,0.08991489451692325,0.17293231832540745,0.079187899744535,0.1140117041956219,bullish,1,5.381999969482422
copper,Copper,2025-12-12,2025-12-12 23:00:00,2025-12-13,direct,0.04634126280304707,0.156380053323526,0.04693734437951158,0.08321955350202821,bullish,1,5.2835001945495605
copper,Copper,2025-12-19,2025-12-19 23:00:00,2025-12-20,direct,0.08605365824585998,0.15353620949083435,0.06511537450178806,0.10156841407949413,bullish,1,5.439499855041504
copper,Copper,2025-12-26,2025-12-26 23:00:00,2025-12-27,direct,0.11204316555495097,0.14007510797891465,0.1162408026721895,0.12278635873535171,bullish,1,5.766499996185303
copper,Copper,2026-01-02,2026-01-02 23:00:00,2026-01-03,direct,0.0479375508112434,0.16324639131569207,0.07799020742877727,0.09639138318523759,bullish,1,5.639999866485596
copper,Copper,2026-01-09,2026-01-09 23:00:00,2026-01-10,direct,0.10826157010327253,0.18736698186684442,0.10294709649790357,0.13285854948934017,bullish,1,5.855500221252441
copper,Copper,2026-01-16,2026-01-16 23:00:00,2026-01-17,direct,0.06416030635396597,0.1364483510524961,0.07856058105298036,0.09305641281981414,bullish,1,5.78849983215332
copper,Copper,2026-01-23,2026-01-23 23:00:00,2026-01-24,direct,0.02505848935110544,0.16691343967306027,0.08711373745720885,0.09302855549379152,bullish,1,5.910999774932861
copper,Copper,2026-01-30,2026-01-30 23:00:00,2026-01-31,direct,0.045567371554312563,0.19420809933662864,0.06882955379487599,0.10286834156193907,bullish,1,5.896999835968018
copper,Copper,2026-02-06,2026-02-06 23:00:00,2026-02-07,direct,0.0013662192299366271,0.16120410566284615,0.04985006960779503,0.07080679816685927,bullish,1,5.863500118255615
copper,Copper,2026-02-13,2026-02-13 23:00:00,2026-02-14,direct,0.0006910576204814944,0.15653387328860835,0.025145644198211636,0.06079019170243383,bullish,1,5.792500019073486
copper,Copper,2026-02-20,2026-02-20 23:00:00,2026-02-21,direct,-0.01353407659484529,0.12448166777044367,0.02222772208324808,0.04439177108628215,neutral,0,5.830999851226807
copper,Copper,2026-02-27,2026-02-27 23:00:00,2026-02-28,direct,0.01822962172022824,0.11566331220908688,0.04315723209230282,0.05901672200720598,bullish,1,6.004499912261963
copper,Copper,2026-03-06,2026-03-06 23:00:00,2026-03-07,direct,-0.018163238104423662,0.08961857812011087,-0.006650221413047608,0.021601706200879867,neutral,0,5.756999969482422
copper,Copper,2026-03-13,2026-03-13 23:00:00,2026-03-14,direct,-0.01346570019986415,0.05055613616986365,-0.017866988741783163,0.00640781574273878,neutral,0,5.7144999504089355
copper,Copper,2026-03-20,2026-03-20 23:00:00,2026-03-21,direct,-0.08377630833169714,-0.0735280996544595,-0.07619146333850746,-0.07783195710822137,neutral,0,5.34250020980835
copper,Copper,2026-03-27,2026-03-27 23:00:00,2026-03-28,direct,-0.0895161816115484,-0.03067373456588418,-0.05230084184736328,-0.05749691934159862,neutral,0,5.4670000076293945
copper,Copper,2026-04-03,2026-04-03 23:00:00,2026-04-04,direct,-0.03369806641164674,-0.049953036977415266,-0.03156730208361147,-0.03840613515755783,neutral,0,5.563000202178955
copper,Copper,2026-04-10,2026-04-10 23:00:00,2026-04-11,direct,0.02729900055698442,0.014166063395083972,0.020749429320979118,0.02073816442434917,bullish,1,5.870500087738037
copper,Copper,2026-04-17,2026-04-17 23:00:00,2026-04-18,direct,0.14244261107716993,0.032566422224758806,0.058310976800812764,0.07777333670091384,bullish,1,6.103499889373779
copper,Copper,2026-04-24,2026-04-24 23:00:00,2026-04-25,direct,0.10179256580605722,0.021451608142861955,0.04253384964041729,0.05525934119644549,bullish,1,6.023499965667725
copper,Copper,2026-05-01,2026-05-01 23:00:00,2026-05-02,direct,0.06633110635045414,0.011682449148146201,0.025683907289607344,0.03456582092940256,bullish,1,5.932000160217285
copper,Copper,2026-05-08,2026-05-08 23:00:00,2026-05-09,direct,0.06447491339482303,0.07880881344887403,0.07343468995431457,0.07223947226600387,bullish,1,6.249000072479248
copper,Copper,2026-05-15,2026-05-15 23:00:00,2026-05-16,direct,0.024248421890462613,0.07211460970701777,0.06743884633125208,0.054600625976244155,bullish,1,6.251500129699707
copper,Copper,2026-05-22,2026-05-22 23:00:00,2026-05-23,direct,0.05287624201494667,0.05620786082088425,0.07771608967577137,0.062266730837200766,bullish,1,6.3420000076293945
copper,Copper,2026-05-29,2026-05-29 23:00:00,2026-05-30,direct,0.07206671604380155,0.10465519629092412,0.07154740015469474,0.08275643749647348,bullish,1,6.359499931335449
copper,Copper,2026-06-05,2026-06-05 23:00:00,2026-06-06,direct,0.0023203938191100892,0.09607144421706115,0.047298591209075536,0.04856347641508226,bullish,1,6.263500213623047
copper,Copper,2026-06-12,2026-06-12 23:00:00,2026-06-13,direct,0.028633111589884797,0.20364993504572237,0.05916505448207521,0.09714936703922745,bullish,1,6.430500030517578
copper,Copper,2026-06-19,2026-06-19 23:00:00,2026-06-20,direct,-0.0007884128721070693,0.15913661685475877,0.03144770962907839,0.06326530453724337,neutral,0,6.336999893188477
germanium,Germanium,2024-09-27,2024-09-27 23:00:00,2024-09-30,direct,,,,0.0,neutral,0,18700.0
germanium,Germanium,2024-10-11,2024-10-11 23:00:00,2024-10-14,direct,,,,0.0,neutral,0,18700.0
germanium,Germanium,2024-10-18,2024-10-18 23:00:00,2024-10-21,direct,,,,0.0,neutral,0,18700.0
germanium,Germanium,2024-10-25,2024-10-25 23:00:00,2024-10-28,direct,,,0.0,0.0,neutral,0,18700.0
germanium,Germanium,2024-11-01,2024-11-01 23:00:00,2024-11-04,direct,0.0,,0.0,0.0,neutral,0,18700.0
graphite,Graphite,2022-01-07,2022-01-07 23:00:00,2022-01-09,proxy,,,,0.0,neutral,0,78.17644500732422
graphite,Graphite,2022-01-14,2022-01-14 23:00:00,2022-01-16,proxy,,,,0.0,neutral,0,80.33782958984375
graphite,Graphite,2022-01-21,2022-01-21 23:00:00,2022-01-23,proxy,,,,0.0,neutral,0,76.05366516113281
graphite,Graphite,2022-01-28,2022-01-28 23:00:00,2022-01-30,proxy,,,-0.05882352355946008,-0.01960784118648669,neutral,0,72.17475128173828
graphite,Graphite,2022-02-04,2022-02-04 23:00:00,2022-02-06,proxy,-0.03233769013236698,,-0.01085039304567681,-0.014396027726014596,neutral,0,75.64839935302734
graphite,Graphite,2022-02-11,2022-02-11 23:00:00,2022-02-13,proxy,-0.10220996311504993,,-0.04787180024752191,-0.050027254454190616,neutral,0,72.12650299072266
graphite,Graphite,2022-02-18,2022-02-18 23:00:00,2022-02-20,proxy,-0.05341291864598363,,-0.04286553763510115,-0.032092818760361595,neutral,0,71.99141693115234
graphite,Graphite,2022-02-25,2022-02-25 23:00:00,2022-02-27,proxy,0.020989443122575224,,-0.017796434794590588,0.0010643361093282122,neutral,0,73.68965911865234
graphite,Graphite,2022-03-04,2022-03-04 23:00:00,2022-03-06,proxy,-0.08443866084097373,,-0.06888045723527825,-0.05110637269208399,neutral,0,69.26074981689453
graphite,Graphite,2022-03-11,2022-03-11 23:00:00,2022-03-13,proxy,-0.07839469248495179,,-0.09676158595231543,-0.05838542614575574,neutral,0,66.47216796875
graphite,Graphite,2022-03-18,2022-03-18 23:00:00,2022-03-20,proxy,-0.002680568232987901,,-0.022219301471161246,-0.008299956568049716,neutral,0,71.7984390258789
graphite,Graphite,2022-03-25,2022-03-25 23:00:00,2022-03-27,proxy,-0.011392067070235767,,-0.007242984583294865,-0.006211683884510211,neutral,0,72.85018157958984
graphite,Graphite,2022-04-01,2022-04-01 23:00:00,2022-04-03,proxy,0.08971843917452293,-0.03455937169498635,0.0316878883577818,0.028948985279106127,neutral,0,75.47471618652344
graphite,Graphite,2022-04-08,2022-04-08 23:00:00,2022-04-10,proxy,0.08303097568590001,-0.10389143820916158,-0.006480569710409556,-0.009113677411223708,neutral,0,71.99141693115234
graphite,Graphite,2022-04-15,2022-04-15 23:00:00,2022-04-17,proxy,-0.02875951104931429,-0.08310071739937763,-0.030594270430556403,-0.047484832959749444,neutral,0,69.73355102539062
graphite,Graphite,2022-04-22,2022-04-22 23:00:00,2022-04-24,proxy,-0.10913892364958744,-0.10080201148213297,-0.09012805238388066,-0.10002299583853369,neutral,0,64.8993911743164
graphite,Graphite,2022-04-29,2022-04-29 23:00:00,2022-05-01,proxy,-0.16312970413708316,-0.16505109684574082,-0.10136948122121092,-0.14318342740134496,neutral,0,63.16254806518555
graphite,Graphite,2022-05-06,2022-05-06 23:00:00,2022-05-08,proxy,-0.10280118002653438,-0.1044815478277702,-0.0727675554038425,-0.09335009441938236,neutral,0,64.59061431884766
graphite,Graphite,2022-05-13,2022-05-13 23:00:00,2022-05-15,proxy,-0.06544905994628514,-0.09475936935112428,-0.056758799585094,-0.07232240962750114,neutral,0,65.1695556640625
graphite,Graphite,2022-05-20,2022-05-20 23:00:00,2022-05-22,proxy,0.06155215786341084,-0.06507792858443695,0.0029499600256144287,-0.00019193689847056086,neutral,0,68.89408874511719
graphite,Graphite,2022-05-27,2022-05-27 23:00:00,2022-05-29,proxy,0.1358081924868353,0.03580368015712465,0.04125569010793084,0.07095585425063027,bullish,1,71.74053955078125
graphite,Graphite,2022-06-03,2022-06-03 23:00:00,2022-06-05,proxy,0.11054685548264054,0.07911184210526323,0.034535644469912974,0.07473144735260558,bullish,1,71.73090362548828
graphite,Graphite,2022-06-10,2022-06-10 23:00:00,2022-06-12,proxy,0.07388212276794492,-0.025265427412117902,0.011552479348281297,0.020056391568036108,neutral,0,69.98442077636719
graphite,Graphite,2022-06-17,2022-06-17 23:00:00,2022-06-19,proxy,0.013305299639449819,-0.0417217400757115,0.012749848648267337,-0.005222197262664781,neutral,0,69.81074523925781
graphite,Graphite,2022-06-24,2022-06-24 23:00:00,2022-06-26,proxy,0.01950245321368005,-0.030938309378443885,0.06404631889816903,0.017536820911135065,neutral,0,73.13965606689453
graphite,Graphite,2022-07-01,2022-07-01 23:00:00,2022-07-03,proxy,-0.034044880015375645,-0.037540354506049645,0.011337607445021769,-0.020082542358801175,neutral,0,69.28883361816406
graphite,Graphite,2022-07-08,2022-07-08 23:00:00,2022-07-10,proxy,0.032284973789376226,0.035998667850605015,0.05125927866161528,0.039847640100532176,bullish,1,72.24386596679688
graphite,Graphite,2022-07-15,2022-07-15 23:00:00,2022-07-17,proxy,-0.016329309173951145,0.058111374452433084,-0.005283688270003695,0.012166125669492748,neutral,0,68.67078399658203
graphite,Graphite,2022-07-22,2022-07-22 23:00:00,2022-07-24,proxy,-0.044992150991372215,0.10586016171465529,0.003681411256220013,0.021516473993167695,neutral,0,69.84894561767578
graphite,Graphite,2022-07-29,2022-07-29 23:00:00,2022-07-31,proxy,0.03679436271956771,0.11220914760310663,0.023385060885397158,0.057462857069357165,bullish,1,71.83827209472656
graphite,Graphite,2022-08-05,2022-08-05 23:00:00,2022-08-07,proxy,0.01497135750756029,0.1251489129355703,0.0345542340299374,0.058224834824355996,bullish,1,73.32545471191406
graphite,Graphite,2022-08-12,2022-08-12 23:00:00,2022-08-14,proxy,0.13668959162262717,0.13300526705947213,0.08957823543210863,0.11975769803806931,bullish,1,78.05736541748047
graphite,Graphite,2022-08-19,2022-08-19 23:00:00,2022-08-21,proxy,0.05972611753202339,0.031784154630307926,0.03049912337109628,0.04066979851114253,bullish,1,74.020751953125
graphite,Graphite,2022-08-26,2022-08-26 23:00:00,2022-08-28,proxy,0.03320353280049493,0.03475005565356759,0.030342929928103057,0.03276550612738852,bullish,1,74.22355651855469
graphite,Graphite,2022-09-02,2022-09-02 23:00:00,2022-09-04,proxy,-0.05544581920096259,-0.010353103750812997,-0.03775461105579292,-0.0345178446691895,neutral,0,69.2598648071289
graphite,Graphite,2022-09-09,2022-09-09 23:00:00,2022-09-11,proxy,-0.04688844395074443,0.06570094272998928,0.028162365101360054,0.015658287960201633,neutral,0,74.39737701416016
graphite,Graphite,2022-09-16,2022-09-16 23:00:00,2022-09-18,proxy,-0.05075021273858882,-0.0393148283310355,-0.02573150929431267,-0.03859885012131233,neutral,0,70.2641830444336
graphite,Graphite,2022-09-23,2022-09-23 23:00:00,2022-09-25,proxy,-0.10057253693479962,-0.03651567427079094,-0.07162360754965214,-0.06957060625174756,neutral,0,66.75870513916016
graphite,Graphite,2022-09-30,2022-09-30 23:00:00,2022-10-02,proxy,-0.07849985938577642,-0.11656201804006017,-0.1037024617667428,-0.09958811306419313,neutral,0,63.822975158691406
graphite,Graphite,2022-10-07,2022-10-07 23:00:00,2022-10-09,proxy,-0.12603845206843356,-0.05315706340879944,-0.08296825643415673,-0.08738792397046324,neutral,0,65.02044677734375
graphite,Graphite,2022-10-14,2022-10-14 23:00:00,2022-10-16,proxy,-0.11847154734259124,-0.1132310443821195,-0.11821912724440409,-0.11664057298970494,neutral,0,61.939876556396484
graphite,Graphite,2022-10-21,2022-10-21 23:00:00,2022-10-23,proxy,-0.015333597632144702,-0.08495775163641917,-0.0573655517751287,-0.05255230034789752,neutral,0,65.73505401611328
graphite,Graphite,2022-10-28,2022-10-28 23:00:00,2022-10-30,proxy,0.013466652242180688,-0.11787172375072752,-0.06277978901112247,-0.055728286839889764,neutral,0,64.68245697021484
graphite,Graphite,2022-11-04,2022-11-04 23:00:00,2022-11-06,proxy,0.05747821026100741,-0.11913878567724889,0.00758290863216704,-0.018025888928024814,neutral,0,68.75770568847656
graphite,Graphite,2022-11-11,2022-11-11 23:00:00,2022-11-13,proxy,0.1643278658155083,-0.02570127461748284,0.05929072217409792,0.06597243779070779,neutral,0,72.11832427978516
graphite,Graphite,2022-11-18,2022-11-18 23:00:00,2022-11-20,proxy,-0.005876027518490257,-0.11956801728506483,-0.029600390487018235,-0.05168147843019111,neutral,0,65.34879302978516
graphite,Graphite,2022-11-25,2022-11-25 23:00:00,2022-11-27,proxy,-0.01254113706922777,-0.07780262653930714,-0.045174041140480625,-0.04517260158300518,neutral,0,63.87126541137695
graphite,Graphite,2022-12-02,2022-12-02 23:00:00,2022-12-04,proxy,-0.01278088282452361,-0.08761673821014448,0.023044938845301566,-0.02578422739645551,neutral,0,67.87892150878906
graphite,Graphite,2022-12-09,2022-12-09 23:00:00,2022-12-11,proxy,-0.1068558981022657,-0.08328748477007908,-0.022018073214645217,-0.07072048536233,neutral,0,64.41205596923828
graphite,Graphite,2022-12-16,2022-12-16 23:00:00,2022-12-18,proxy,-0.058076117195735355,-0.077969101724224,-0.05922295528303145,-0.06508939140099694,neutral,0,61.5535888671875
graphite,Graphite,2022-12-23,2022-12-23 23:00:00,2022-12-25,proxy,-0.09782285857249773,-0.09714024604905558,-0.11228483294701852,-0.10241597918952394,neutral,0,57.62319564819336
graphite,Graphite,2022-12-30,2022-12-30 23:00:00,2023-01-01,proxy,-0.15870061523929457,-0.12171481843057552,-0.11121492827434731,-0.1305434539814058,neutral,0,57.10649490356445
graphite,Graphite,2023-01-06,2023-01-06 23:00:00,2023-01-08,proxy,-0.08316562269732242,-0.04657241007621593,-0.07743453164861713,-0.06905752147405182,neutral,0,59.0551872253418
graphite,Graphite,2023-01-13,2023-01-13 23:00:00,2023-01-15,proxy,0.020037117226279877,-0.044848349441882984,-0.015357643122847708,-0.013389625112816939,neutral,0,62.78694534301758
graphite,Graphite,2023-01-20,2023-01-20 23:00:00,2023-01-22,proxy,0.11294671007227475,-0.008517161770164594,0.006453366791114856,0.03696097169774167,neutral,0,64.13154602050781
graphite,Graphite,2023-01-27,2023-01-27 23:00:00,2023-01-29,proxy,0.2233406200683028,0.01604168123024219,0.09478499333340751,0.11138909821065084,bullish,1,69.8606948852539
graphite,Graphite,2023-02-03,2023-02-03 23:00:00,2023-02-05,proxy,0.1611945587622683,-0.049138166234743874,0.07962639088401535,0.06389426113717993,neutral,0,68.5745620727539
graphite,Graphite,2023-02-10,2023-02-10 23:00:00,2023-02-12,proxy,0.05710725920746795,0.01566582377909631,0.04355641923893505,0.03877650074183311,bullish,1,66.3725357055664
graphite,Graphite,2023-02-17,2023-02-17 23:00:00,2023-02-19,proxy,0.0010635450311389238,0.00514296051791896,0.008960125236479044,0.0050555435951789756,bullish,1,64.19975280761719
graphite,Graphite,2023-02-24,2023-02-24 23:00:00,2023-02-26,proxy,-0.12329136188798229,-0.09769522984421986,-0.029004678255848626,-0.08333042332935026,neutral,0,61.247474670410156
graphite,Graphite,2023-03-03,2023-03-03 23:00:00,2023-03-05,proxy,-0.0710429390517906,-0.011010863100860746,0.010868713306358524,-0.023728362948764275,neutral,0,63.702823638916016
graphite,Graphite,2023-03-10,2023-03-10 23:00:00,2023-03-12,proxy,-0.11024663141822577,-0.040589049116801834,-0.05977600253042992,-0.07020389435515251,neutral,0,59.0551872253418
graphite,Graphite,2023-03-17,2023-03-17 23:00:00,2023-03-19,proxy,-0.1113978483123168,-0.009981347946039776,-0.09103840989717049,-0.07080586871850902,neutral,0,57.048038482666016
graphite,Graphite,2023-03-24,2023-03-24 23:00:00,2023-03-26,proxy,-0.03897554369929901,0.03071150040497317,-0.06434167948629432,-0.024201907593540056,neutral,0,58.860321044921875
graphite,Graphite,2023-03-31,2023-03-31 23:00:00,2023-04-02,proxy,-0.027990193369032634,0.04850686614262956,-0.01942887789784542,0.00036259829191716736,neutral,0,61.919769287109375
graphite,Graphite,2023-04-07,2023-04-07 23:00:00,2023-04-09,proxy,0.006269700405588496,-0.0535381960057526,-0.05473608947942499,-0.03400152835986303,neutral,0,59.425445556640625
graphite,Graphite,2023-04-14,2023-04-14 23:00:00,2023-04-16,proxy,0.07190433359828718,-0.04649047984439403,-0.023443942973417564,0.0006566369268251974,neutral,0,61.15003967285156
graphite,Graphite,2023-04-21,2023-04-21 23:00:00,2023-04-23,proxy,-0.014401537795498132,-0.1695954069448642,-0.05870569634259748,-0.0809008803609866,neutral,0,58.01264190673828
graphite,Graphite,2023-04-28,2023-04-28 23:00:00,2023-04-30,proxy,-0.05224226424319134,-0.14421706002477697,-0.034891626748598026,-0.07711698367218878,neutral,0,58.684940338134766
graphite,Graphite,2023-05-05,2023-05-05 23:00:00,2023-05-07,proxy,-0.0045909545395488305,-0.10877857220939724,-0.01747856578348017,-0.04361603084414208,neutral,0,59.152626037597656
graphite,Graphite,2023-05-12,2023-05-12 23:00:00,2023-05-14,proxy,-0.02326321281767396,-0.06966163148456472,-0.0017505638151822378,-0.03155846937247364,neutral,0,59.72749328613281
graphite,Graphite,2023-05-19,2023-05-19 23:00:00,2023-05-21,proxy,0.055760824836631695,0.0,0.023653491777731128,0.026471438871454273,neutral,0,61.247474670410156
graphite,Graphite,2023-05-26,2023-05-26 23:00:00,2023-05-28,proxy,0.027727030295623845,-0.05322721958681775,0.012803200032900808,-0.004232329752764367,neutral,0,60.31209945678711
graphite,Graphite,2023-06-02,2023-06-02 23:00:00,2023-06-04,proxy,0.043320655214011516,0.045042094603546357,0.03252092817819796,0.04029455933191861,bullish,1,61.71515655517578
graphite,Graphite,2023-06-09,2023-06-09 23:00:00,2023-06-11,proxy,0.038009851567367914,0.0867635082539715,0.030139587654677058,0.05163764915867216,bullish,1,61.99772644042969
graphite,Graphite,2023-06-16,2023-06-16 23:00:00,2023-06-18,proxy,0.0548838297377785,0.09766595722066529,0.0650497680974631,0.07253318501863563,bullish,1,64.60897064208984
graphite,Graphite,2023-06-23,2023-06-23 23:00:00,2023-06-25,proxy,0.009046798463421934,-0.01715184720256957,0.0046780310436078665,-0.0011423392318465897,neutral,0,60.857730865478516
graphite,Graphite,2023-06-30,2023-06-30 23:00:00,2023-07-02,proxy,0.02989444228173399,0.06957711709777836,0.04335566870031915,0.0476090760266105,bullish,1,63.560096740722656
graphite,Graphite,2023-07-07,2023-07-07 23:00:00,2023-07-09,proxy,0.052162729631661575,0.06674823812878206,0.064849884037111,0.061253617265851545,bullish,1,65.23169708251953
graphite,Graphite,2023-07-14,2023-07-14 23:00:00,2023-07-16,proxy,0.027946040037896136,0.14482866733133148,0.07190735733533482,0.08156068823485414,bullish,1,66.41453552246094
graphite,Graphite,2023-07-21,2023-07-21 23:00:00,2023-07-23,proxy,0.045689504032628836,0.0844058124383893,0.020302364890004032,0.050132560453674056,bullish,1,63.63829040527344
graphite,Graphite,2023-07-28,2023-07-28 23:00:00,2023-07-30,proxy,0.01584129251061306,0.09153177382448363,0.02775701198177405,0.04504335943895691,bullish,1,64.56697082519531
graphite,Graphite,2023-08-04,2023-08-04 23:00:00,2023-08-06,proxy,-0.046905345220828565,0.040927358422359505,-0.013564248248860378,-0.006514078349109813,neutral,0,62.17198181152344
graphite,Graphite,2023-08-11,2023-08-11 23:00:00,2023-08-13,proxy,-0.10612307563647272,-0.030712350748876238,-0.05572946116297273,-0.06418829584944057,neutral,0,59.36642074584961
graphite,Graphite,2023-08-18,2023-08-18 23:00:00,2023-08-20,proxy,-0.12488469881664477,-0.07662239954511108,-0.1087331274450053,-0.10341340860225372,neutral,0,55.69084167480469
graphite,Graphite,2023-08-25,2023-08-25 23:00:00,2023-08-27,proxy,-0.13398935970342163,-0.09397161301297086,-0.09815952345149104,-0.10870683205596117,neutral,0,55.91568374633789
graphite,Graphite,2023-09-01,2023-09-01 23:00:00,2023-09-03,proxy,-0.06603774742588242,-0.06341268440738224,-0.05849845706167456,-0.0626496296316464,neutral,0,58.0662841796875
graphite,Graphite,2023-09-08,2023-09-08 23:00:00,2023-09-10,proxy,-0.05862014524482517,-0.13500630046170325,-0.08303719627064277,-0.0922212139923904,neutral,0,55.8863525390625
graphite,Graphite,2023-09-15,2023-09-15 23:00:00,2023-09-17,proxy,0.01614882368816528,-0.07012334417881882,-0.06603931112328276,-0.04000461053797877,neutral,0,56.59018325805664
graphite,Graphite,2023-09-22,2023-09-22 23:00:00,2023-09-24,proxy,-0.042482648166412784,-0.1576438650626717,-0.1040283988852041,-0.10138497070476286,neutral,0,53.54023742675781
graphite,Graphite,2023-09-29,2023-09-29 23:00:00,2023-10-01,proxy,-0.07121221716745962,-0.17323543993724477,-0.08303444885283817,-0.10916070198584753,neutral,0,53.93125534057617
graphite,Graphite,2023-10-06,2023-10-06 23:00:00,2023-10-08,proxy,-0.0857092619167753,-0.23064470586505403,-0.11196055411570427,-0.14277150729917787,neutral,0,51.09637451171875
graphite,Graphite,2023-10-13,2023-10-13 23:00:00,2023-10-15,proxy,-0.08550684651343254,-0.18678935567768562,-0.08482185606691894,-0.11903935275267903,neutral,0,51.75133514404297
graphite,Graphite,2023-10-20,2023-10-20 23:00:00,2023-10-22,proxy,-0.10589727922234671,-0.2585919496835727,-0.13209660267979084,-0.16552861052857007,neutral,0,47.8704719543457
graphite,Graphite,2023-10-27,2023-10-27 23:00:00,2023-10-29,proxy,-0.1250679474923706,-0.24103780264734131,-0.12468459050749736,-0.16359678021573643,neutral,0,47.18618392944336
graphite,Graphite,2023-11-03,2023-11-03 23:00:00,2023-11-05,proxy,-0.05720301781134618,-0.18853946245702258,-0.09063510445639811,-0.11212586157492228,neutral,0,48.17350769042969
graphite,Graphite,2023-11-10,2023-11-10 23:00:00,2023-11-12,proxy,-0.10332462007701138,-0.16675441228246823,-0.11104870056998672,-0.12704257764315544,neutral,0,46.40414810180664
graphite,Graphite,2023-11-17,2023-11-17 23:00:00,2023-11-19,proxy,0.008985049514473653,-0.136188860101347,-0.06333230960273872,-0.06351204006320403,neutral,0,48.30059051513672
graphite,Graphite,2023-11-24,2023-11-24 23:00:00,2023-11-26,proxy,0.011187126477667952,-0.1782828467306734,-0.0589633884180959,-0.07535303622370045,neutral,0,47.71406173706055
graphite,Graphite,2023-12-01,2023-12-01 23:00:00,2023-12-03,proxy,-0.019886373534691137,-0.15515131732707765,-0.055333730308955165,-0.07679047372357466,neutral,0,47.215511322021484
graphite,Graphite,2023-12-08,2023-12-08 23:00:00,2023-12-10,proxy,0.014324880725326228,-0.1682500518882084,-0.04307643462677424,-0.06566720192988547,neutral,0,47.06888198852539
graphite,Graphite,2023-12-15,2023-12-15 23:00:00,2023-12-17,proxy,-0.0018215549084602545,-0.09950701277041551,-0.010896493191772993,-0.037408353623549585,neutral,0,48.212608337402344
graphite,Graphite,2023-12-22,2023-12-22 23:00:00,2023-12-24,proxy,0.02929735516317411,-0.08936001508018776,0.015924440820031416,-0.014712739698994079,neutral,0,49.11195755004883
graphite,Graphite,2023-12-29,2023-12-29 23:00:00,2023-12-31,proxy,0.062182244976130896,-0.018492441137508475,0.039120396582579264,0.027603400140400563,neutral,0,50.1514778137207
graphite,Graphite,2024-01-05,2024-01-05 23:00:00,2024-01-07,proxy,0.012781443938138404,-0.07885487143069647,-0.0052758026711150485,-0.023783076721224372,neutral,0,47.67049026489258
graphite,Graphite,2024-01-12,2024-01-12 23:00:00,2024-01-14,proxy,-0.04412110284598525,-0.037289314163718945,-0.035356773325512014,-0.0389223967784054,neutral,0,46.08541488647461
graphite,Graphite,2024-01-19,2024-01-19 23:00:00,2024-01-21,proxy,-0.10512625632019501,-0.06860445892441736,-0.07485143942713102,-0.08286071822391446,neutral,0,43.94900131225586
graphite,Graphite,2024-01-26,2024-01-26 23:00:00,2024-01-28,proxy,-0.14723194630768344,-0.11221789370558222,-0.09110179329003254,-0.11685054443443273,neutral,0,42.767578125
graphite,Graphite,2024-02-02,2024-02-02 23:00:00,2024-02-04,proxy,-0.16294911556669356,-0.14010648466049225,-0.14210993287215068,-0.14838851103311215,neutral,0,39.902626037597656
graphite,Graphite,2024-02-09,2024-02-09 23:00:00,2024-02-11,proxy,-0.10617402594070113,-0.1471669308489928,-0.1029574245529189,-0.11876612711420427,neutral,0,41.19234085083008
graphite,Graphite,2024-02-16,2024-02-16 23:00:00,2024-02-18,proxy,-0.024641594755023588,-0.10160597795562909,-0.05822397757676134,-0.06149051676247134,neutral,0,42.86602783203125
graphite,Graphite,2024-02-23,2024-02-23 23:00:00,2024-02-25,proxy,-0.009438364844499225,-0.10275413877850059,-0.06091388024984323,-0.05770212795761435,neutral,0,42.363922119140625
graphite,Graphite,2024-03-01,2024-03-01 23:00:00,2024-03-03,proxy,0.16358238257385072,-0.013573496666011597,0.03043530548094786,0.06014806379626233,neutral,0,46.42999267578125
graphite,Graphite,2024-03-08,2024-03-08 23:00:00,2024-03-10,proxy,0.055927470232651766,-0.09782677669744055,-0.026182470350468945,-0.022693925605085912,neutral,0,43.496124267578125
graphite,Graphite,2024-03-15,2024-03-15 23:00:00,2024-03-17,proxy,0.041341374336659964,-0.09109368549459174,0.007798217948202124,-0.013984697736576549,neutral,0,44.63816833496094
graphite,Graphite,2024-03-22,2024-03-22 23:00:00,2024-03-24,proxy,0.050894840082092996,-0.11228882773890048,0.015894471779746677,-0.015166505292353602,neutral,0,44.52002716064453
graphite,Graphite,2024-03-29,2024-03-29 23:00:00,2024-03-31,proxy,-0.039652235611778,-0.06464272930740067,0.023464248089036355,-0.026943572276714105,neutral,0,44.58893966674805
graphite,Graphite,2024-04-05,2024-04-05 23:00:00,2024-04-07,proxy,0.0178814738988311,-0.039307789949768246,0.01976653719746224,-0.0005532596178249675,neutral,0,44.27389907836914
graphite,Graphite,2024-04-12,2024-04-12 23:00:00,2024-04-14,proxy,-0.027789979308861956,-0.012544693514007998,0.0006432552086728105,-0.013230472538065715,neutral,0,43.397674560546875
graphite,Graphite,2024-04-19,2024-04-19 23:00:00,2024-04-21,proxy,-0.061919559291344184,-0.023480670868155418,-0.03517817514179877,-0.04019280176709946,neutral,0,41.76336669921875
graphite,Graphite,2024-04-26,2024-04-26 23:00:00,2024-04-28,proxy,-0.05475816306024195,0.056254573272452646,-0.030497443418931902,-0.009667011068907069,neutral,0,42.14733123779297
graphite,Graphite,2024-05-03,2024-05-03 23:00:00,2024-05-05,proxy,0.02290417560985203,0.09942662403659819,0.033630541176760786,0.051987113607737,bullish,1,45.28795623779297
graphite,Graphite,2024-05-10,2024-05-10 23:00:00,2024-05-12,proxy,0.01950988182594915,0.03215437259812881,0.007171628623386717,0.01961196101582156,bullish,1,44.24435806274414
graphite,Graphite,2024-05-17,2024-05-17 23:00:00,2024-05-19,proxy,0.07967945973042045,0.06437381004350295,0.021162766486640727,0.055072012086854714,bullish,1,45.09104919433594
graphite,Graphite,2024-05-24,2024-05-24 23:00:00,2024-05-26,proxy,0.03457131039301564,-0.060856631773779424,-0.0072104237038420615,-0.011165248361535282,neutral,0,43.60441970825195
graphite,Graphite,2024-05-31,2024-05-31 23:00:00,2024-06-02,proxy,-0.05521739196355513,-0.01629687409009173,-0.02450331173344733,-0.03200585926236473,neutral,0,42.78727340698242
graphite,Graphite,2024-06-07,2024-06-07 23:00:00,2024-06-09,proxy,-0.0505117389969455,-0.05888838715433442,-0.037428335548600256,-0.04894282056662672,neutral,0,42.009498596191406
graphite,Graphite,2024-06-14,2024-06-14 23:00:00,2024-06-16,proxy,-0.11113539127612826,-0.09973465077975896,-0.07379039251163466,-0.09488681152250729,neutral,0,40.079837799072266
graphite,Graphite,2024-06-21,2024-06-21 23:00:00,2024-06-23,proxy,-0.10657026375695422,-0.12629711560450185,-0.08985662040991216,-0.10757466659045607,neutral,0,38.95748519897461
graphite,Graphite,2024-06-28,2024-06-28 23:00:00,2024-06-30,proxy,-0.10140109680203868,-0.13157418355478656,-0.09144143510706115,-0.1081389051546288,neutral,0,38.4485969543457
graphite,Graphite,2024-07-05,2024-07-05 23:00:00,2024-07-07,proxy,-0.05434287718235342,-0.08459192858222786,-0.054406224233512046,-0.06444700999936444,neutral,0,39.72658157348633
graphite,Graphite,2024-07-12,2024-07-12 23:00:00,2024-07-14,proxy,0.023813781867912942,-0.017457318294017865,-0.021864890982134177,-0.0051694758027463665,neutral,0,41.0342903137207
graphite,Graphite,2024-07-19,2024-07-19 23:00:00,2024-07-21,proxy,0.017453170736053902,-0.05955096857811848,-0.05042786956723477,-0.030841889136433116,neutral,0,39.63741683959961
graphite,Graphite,2024-07-26,2024-07-26 23:00:00,2024-07-28,proxy,0.004637928364217059,-0.1470818733813759,-0.06216457716257717,-0.06820284072657867,neutral,0,38.62691879272461
graphite,Graphite,2024-08-02,2024-08-02 23:00:00,2024-08-04,proxy,-0.07007471131645271,-0.16502906911328152,-0.08960557494381283,-0.10823645179118235,neutral,0,36.942752838134766
graphite,Graphite,2024-08-09,2024-08-09 23:00:00,2024-08-11,proxy,-0.12699178099103525,-0.2055347270655652,-0.10006539503687695,-0.14419730103115913,neutral,0,35.823272705078125
graphite,Graphite,2024-08-16,2024-08-16 23:00:00,2024-08-18,proxy,-0.09072718892864984,-0.17345017604880641,-0.08002389460395232,-0.11473375319380286,neutral,0,36.04122543334961
graphite,Graphite,2024-08-23,2024-08-23 23:00:00,2024-08-25,proxy,-0.03282896240944555,-0.12687034828470778,-0.03525099414411215,-0.06498343494608849,neutral,0,37.35883712768555
graphite,Graphite,2024-08-30,2024-08-30 23:00:00,2024-09-01,proxy,0.01662625598635148,-0.10598855595322354,-0.020751431082803418,-0.03670457701655849,neutral,0,37.55697250366211
graphite,Graphite,2024-09-06,2024-09-06 23:00:00,2024-09-08,proxy,-0.031803277571288535,-0.13462785469332916,-0.0849326468284346,-0.08378792636435077,neutral,0,34.68397521972656
graphite,Graphite,2024-09-13,2024-09-13 23:00:00,2024-09-15,proxy,0.020890578748434363,-0.05553073296364808,-0.024620794601103668,-0.019753649605439128,neutral,0,36.79414749145508
graphite,Graphite,2024-09-20,2024-09-20 23:00:00,2024-09-22,proxy,-0.0249270043738663,-0.052563783420869536,-0.03000720236241139,-0.035832663385715745,neutral,0,36.42759323120117
graphite,Graphite,2024-09-27,2024-09-27 23:00:00,2024-09-29,proxy,0.12134010676122253,0.06009975912430132,0.1155040493466426,0.09898130507738882,bullish,1,42.114139556884766
graphite,Graphite,2024-10-04,2024-10-04 23:00:00,2024-10-06,proxy,0.31590992979033894,0.11226457305097304,0.196752881184872,0.208309128008728,bullish,1,45.640987396240234
graphite,Graphite,2024-10-11,2024-10-11 23:00:00,2024-10-13,proxy,0.20893911220570716,0.12221954782497568,0.15414275892890772,0.16176713965319686,bullish,1,44.48188400268555
graphite,Graphite,2024-10-18,2024-10-18 23:00:00,2024-10-20,proxy,0.16562409188132077,0.0992562080188113,0.09264727615515023,0.1191758586850941,bullish,1,42.460880279541016
graphite,Graphite,2024-10-25,2024-10-25 23:00:00,2024-10-27,proxy,0.02822861187381953,0.17216395449923638,0.09932300438724972,0.09990519025343521,bullish,1,43.30296325683594
graphite,Graphite,2024-11-01,2024-11-01 23:00:00,2024-11-03,proxy,-0.051877506736380585,0.20796464134898884,0.08152281736474865,0.07920331732578563,neutral,0,43.27324676513672
graphite,Graphite,2024-11-08,2024-11-08 23:00:00,2024-11-10,proxy,-0.011581249395938964,0.21990103504543979,0.0810109263201102,0.09644357065653701,neutral,0,43.96672821044922
graphite,Graphite,2024-11-15,2024-11-15 23:00:00,2024-11-17,proxy,0.023331879418176493,0.1630868559881431,0.055172514095128466,0.08053041650048269,bullish,1,43.45157241821289
graphite,Graphite,2024-11-22,2024-11-22 23:00:00,2024-11-24,proxy,0.028826478565334934,0.18623073770470988,0.06677743702190453,0.09394488443064979,bullish,1,44.55123519897461
graphite,Graphite,2024-11-29,2024-11-29 23:00:00,2024-12-01,proxy,0.02335165343743939,0.27677834925687916,0.040442275898513236,0.11352409286427727,bullish,1,44.283748626708984
graphite,Graphite,2024-12-06,2024-12-06 23:00:00,2024-12-08,proxy,-0.004506571190046826,0.18955301328669272,0.014485529998509383,0.06651065736505175,neutral,0,43.76858901977539
graphite,Graphite,2024-12-13,2024-12-13 23:00:00,2024-12-15,proxy,-0.0022800441312457176,0.19010060973215248,-0.008421762124050658,0.05979960115895203,neutral,0,43.352500915527344
graphite,Graphite,2024-12-20,2024-12-20 23:00:00,2024-12-22,proxy,-0.062486262547159055,-0.008233447032324093,-0.044045231028268295,-0.03825498020258381,neutral,0,41.76739501953125
graphite,Graphite,2024-12-27,2024-12-27 23:00:00,2024-12-29,proxy,-0.061073922109752155,-0.08899502871450404,-0.04092326014039338,-0.06366407032154986,neutral,0,41.579166412353516
graphite,Graphite,2025-01-03,2025-01-03 23:00:00,2025-01-05,proxy,-0.07636046451733458,-0.09117160530978563,-0.06018708247776572,-0.07590638410162864,neutral,0,40.42639923095703
graphite,Graphite,2025-01-10,2025-01-10 23:00:00,2025-01-12,proxy,-0.0883554350096677,-0.06921214119477681,-0.07594951338652067,-0.07783902986365505,neutral,0,39.522071838378906
graphite,Graphite,2025-01-17,2025-01-17 23:00:00,2025-01-19,proxy,0.005962240452889622,-0.029710229701296997,-0.01516138502462605,-0.012969791424344476,neutral,0,42.016422271728516
graphite,Graphite,2025-01-24,2025-01-24 23:00:00,2025-01-26,proxy,-0.008365070360923599,-0.04718603659331044,-0.029692935073107884,-0.02841468067578064,neutral,0,41.231353759765625
graphite,Graphite,2025-01-31,2025-01-31 23:00:00,2025-02-02,proxy,-0.004670518756337505,-0.0848173468242126,-0.04610341624836267,-0.045197093942970924,neutral,0,40.237586975097656
graphite,Graphite,2025-02-07,2025-02-07 23:00:00,2025-02-09,proxy,0.03444803780213146,-0.059101261754351375,-0.025848145431996983,-0.016833789794738967,neutral,0,40.88352966308594
graphite,Graphite,2025-02-14,2025-02-14 23:00:00,2025-02-16,proxy,0.0014192390601608373,-0.05555809100545006,0.007518437684796986,-0.015540138086830746,neutral,0,42.076053619384766
graphite,Graphite,2025-02-21,2025-02-21 23:00:00,2025-02-23,proxy,0.026512339488212744,-0.04424321064193215,0.01744513348387766,-9.524588994724859e-05,neutral,0,42.324493408203125
graphite,Graphite,2025-02-28,2025-02-28 23:00:00,2025-03-02,proxy,0.006174321262657045,-0.07499812832385933,-0.020307759205764997,-0.029710522088989093,neutral,0,40.486026763916016
graphite,Graphite,2025-03-07,2025-03-07 23:00:00,2025-03-09,proxy,-0.009479749326607334,-0.06589093604542806,-0.014389910366311764,-0.029920198579449053,neutral,0,40.49596405029297
graphite,Graphite,2025-03-14,2025-03-14 23:00:00,2025-03-16,proxy,-0.03542760937571543,-0.028299475973854182,-0.00983944238141976,-0.02452217591032979,neutral,0,40.58539962768555
graphite,Graphite,2025-03-21,2025-03-21 23:00:00,2025-03-23,proxy,-0.05142048137954802,-0.03441672724156719,-0.017649036412053287,-0.034495415011056164,neutral,0,40.14814758300781
graphite,Graphite,2025-03-28,2025-03-28 23:00:00,2025-03-30,proxy,-0.03362793902556338,-0.03220257384309455,-0.040146317680900045,-0.035325610183185994,neutral,0,39.12456512451172
graphite,Graphite,2025-04-04,2025-04-04 23:00:00,2025-04-06,proxy,-0.1430675709562016,-0.12195127365794267,-0.1401662790822692,-0.13506170789880448,neutral,0,34.70230484008789
graphite,Graphite,2025-04-11,2025-04-11 23:00:00,2025-04-13,proxy,-0.13099899532099113,-0.16059599687789194,-0.11378395678703757,-0.13512631632864022,neutral,0,35.26875305175781
graphite,Graphite,2025-04-18,2025-04-18 23:00:00,2025-04-20,proxy,-0.13217818527190972,-0.15497709591442033,-0.1126483504022564,-0.13326787719619548,neutral,0,34.84143829345703
graphite,Graphite,2025-04-25,2025-04-25 23:00:00,2025-04-27,proxy,-0.06070608515571452,-0.08668812657363334,-0.05707364034108786,-0.06815595069014524,neutral,0,36.74946594238281
graphite,Graphite,2025-05-02,2025-05-02 23:00:00,2025-05-04,proxy,0.0730241757695751,-0.08920750348126383,-0.037070330015741004,-0.01775121924247658,neutral,0,37.236412048339844
graphite,Graphite,2025-05-09,2025-05-09 23:00:00,2025-05-11,proxy,0.0614258278521036,-0.11029761146547346,-0.02215105041818799,-0.023674278010519283,neutral,0,37.43516540527344
graphite,Graphite,2025-05-16,2025-05-16 23:00:00,2025-05-18,proxy,0.10039925662458771,-0.09415353355603806,0.010234175701245185,0.005493299589931611,neutral,0,38.33949279785156
graphite,Graphite,2025-05-23,2025-05-23 23:00:00,2025-05-25,proxy,0.01460245813321892,-0.07903784439878414,-0.010570291635886186,-0.025001892633817135,neutral,0,37.28609848022461
graphite,Graphite,2025-05-30,2025-05-30 23:00:00,2025-06-01,proxy,-0.03496131970919458,-0.11263804221906004,-0.03671801399581298,-0.061439125308022535,neutral,0,35.93457794189453
graphite,Graphite,2025-06-06,2025-06-06 23:00:00,2025-06-08,proxy,-0.011945905824319425,-0.08863855514206442,-0.0004476222287620457,-0.03367736106504863,neutral,0,36.98796844482422
graphite,Graphite,2025-06-13,2025-06-13 23:00:00,2025-06-15,proxy,-0.042768257159766065,-0.0858910878859388,-0.00047359260828083727,-0.04304431255132857,neutral,0,36.69977951049805
graphite,Graphite,2025-06-20,2025-06-20 23:00:00,2025-06-22,proxy,-0.034115085365979625,-0.07950209969121325,-0.012175155595459453,-0.04193078021755078,neutral,0,36.01408004760742
graphite,Graphite,2025-06-27,2025-06-27 23:00:00,2025-06-29,proxy,0.06960017341763303,0.10758149856199872,0.04532501952029788,0.07416889716664321,bullish,1,38.435630798339844
graphite,Graphite,2025-07-04,2025-07-04 23:00:00,2025-07-06,proxy,0.0717634605154569,0.12400778671378432,0.06756195587145597,0.08777773436689906,bullish,1,39.64235305786133
graphite,Graphite,2025-07-11,2025-07-11 23:00:00,2025-07-13,proxy,0.09186459468805941,0.15010148383846067,0.06659254430587969,0.10285287427746659,bullish,1,40.071189880371094
graphite,Graphite,2025-07-18,2025-07-18 23:00:00,2025-07-20,proxy,0.1672061117216359,0.14384939377091888,0.10591905050780204,0.1389915186667856,bullish,1,42.03585433959961
graphite,Graphite,2025-07-25,2025-07-25 23:00:00,2025-07-27,proxy,0.158017680213822,0.19531226469583673,0.15261042831133897,0.1686467910736659,bullish,1,44.50914001464844
graphite,Graphite,2025-08-01,2025-08-01 23:00:00,2025-08-03,proxy,0.026415114311434618,0.08693283186955303,0.0463487601289263,0.053232235436637985,bullish,1,40.689510345458984
graphite,Graphite,2025-08-08,2025-08-08 23:00:00,2025-08-10,proxy,0.09333002805865953,0.14271295625238545,0.1135633309086932,0.11653543840657939,bullish,1,43.81103515625
graphite,Graphite,2025-08-15,2025-08-15 23:00:00,2025-08-17,proxy,0.09134042751873128,0.2303627656410514,0.14519997831675302,0.15563439049217856,bullish,1,45.87542724609375
graphite,Graphite,2025-08-22,2025-08-22 23:00:00,2025-08-24,proxy,0.04212403636536921,0.29079141327940006,0.1332621824436413,0.1553925440294702,bullish,1,46.3840446472168
graphite,Graphite,2025-08-29,2025-08-29 23:00:00,2025-08-31,proxy,0.16323528846499102,0.2796451466320633,0.13255879564681394,0.19181307691462277,bullish,1,47.33147430419922
graphite,Graphite,2025-09-05,2025-09-05 23:00:00,2025-09-07,proxy,0.15092191418222356,0.3739341521087971,0.17439861262525502,0.2330848929720919,bullish,1,50.42308044433594
graphite,Graphite,2025-09-12,2025-09-12 23:00:00,2025-09-14,proxy,0.08717393892948988,0.38486305559601197,0.1311920389349326,0.20107634448681147,bullish,1,49.874568939208984
graphite,Graphite,2025-09-19,2025-09-19 23:00:00,2025-09-21,proxy,0.13631476617196436,0.37130245432809916,0.16403275617673185,0.22388332555893178,bullish,1,52.70687484741211
graphite,Graphite,2025-09-26,2025-09-26 23:00:00,2025-09-28,proxy,0.1704593500370981,0.3974843160679773,0.1890195114144959,0.2523210591731904,bullish,1,55.399566650390625
graphite,Graphite,2025-10-03,2025-10-03 23:00:00,2025-10-05,proxy,0.16455698500874716,0.46540571199443437,0.21961581169123345,0.2831928362314717,bullish,1,58.720550537109375
graphite,Graphite,2025-10-10,2025-10-10 23:00:00,2025-10-12,proxy,0.0781843398497466,0.2792407822280012,0.09463709700276879,0.1506874063601722,bullish,1,53.77397918701172
graphite,Graphite,2025-10-17,2025-10-17 23:00:00,2025-10-19,proxy,0.07549676332225053,0.273582758160833,0.13056307680083945,0.159880866094641,bullish,1,56.686073303222656
graphite,Graphite,2025-10-24,2025-10-24 23:00:00,2025-10-26,proxy,0.09864980695001968,0.49583326731674493,0.17451963646964574,0.2563342369121368,bullish,1,60.864723205566406
graphite,Graphite,2025-10-31,2025-10-31 23:00:00,2025-11-02,proxy,0.058423892565827584,0.4186205245193648,0.16498686891509218,0.21401042866676154,bullish,1,62.1512336730957
graphite,Graphite,2025-11-07,2025-11-07 23:00:00,2025-11-09,proxy,0.1292656077107226,0.32369568919524805,0.11245091143390162,0.18847073611329077,bullish,1,60.72510528564453
graphite,Graphite,2025-11-14,2025-11-14 23:00:00,2025-11-16,proxy,0.12192116320457846,0.37110305454286463,0.13523616885363055,0.20942012886702455,bullish,1,63.59730529785156
graphite,Graphite,2025-11-21,2025-11-21 23:00:00,2025-11-23,proxy,-0.012125107848027117,0.27033296039173216,0.053238450090789646,0.10381543421149823,neutral,0,60.126731872558594
graphite,Graphite,2025-11-28,2025-11-28 23:00:00,2025-11-30,proxy,0.01829262940850418,0.255142339584455,0.08818104588715858,0.12053867162670591,bullish,1,63.288143157958984
graphite,Graphite,2025-12-05,2025-12-05 23:00:00,2025-12-07,proxy,0.03218914181678656,0.2567485924123467,0.058303474880616823,0.11574706970325004,bullish,1,62.67979431152344
graphite,Graphite,2025-12-12,2025-12-12 23:00:00,2025-12-14,proxy,0.0015681109466536558,0.20851469780501142,0.059101497251926816,0.0897281020011973,bullish,1,63.6970329284668
graphite,Graphite,2025-12-19,2025-12-19 23:00:00,2025-12-21,proxy,0.06302859395672922,0.153735292643278,0.05035435482435635,0.08903941380812119,bullish,1,63.91643524169922
graphite,Graphite,2025-12-26,2025-12-26 23:00:00,2025-12-28,proxy,0.06980775326665256,0.1530230152976242,0.09910686167973592,0.10731254341467089,bullish,1,67.70614624023438
graphite,Graphite,2026-01-02,2026-01-02 23:00:00,2026-01-04,proxy,0.05727846383316737,0.23238037513639886,0.05790971599834771,0.11585618498930465,bullish,1,66.2699966430664
graphite,Graphite,2026-01-09,2026-01-09 23:00:00,2026-01-11,proxy,0.07085049253509212,0.20329377410932525,0.07243838728995633,0.11552755131145791,bullish,1,68.20999908447266
graphite,Graphite,2026-01-16,2026-01-16 23:00:00,2026-01-18,proxy,0.08986058747943182,0.14450538823346837,0.08275881516606898,0.10570826362632306,bullish,1,69.66000366210938
graphite,Graphite,2026-01-23,2026-01-23 23:00:00,2026-01-25,proxy,0.10403566220964167,0.20271144404263208,0.14321881625112698,0.14998864083446692,bullish,1,74.75
graphite,Graphite,2026-01-30,2026-01-30 23:00:00,2026-02-01,proxy,0.055530413333147566,0.15191232059960602,0.0573764401672765,0.08827305803334336,bullish,1,69.94999694824219
graphite,Graphite,2026-02-06,2026-02-06 23:00:00,2026-02-08,proxy,0.04222250831364649,0.11781459929705829,0.06456111455249025,0.07486607405439834,bullish,1,71.08999633789062
graphite,Graphite,2026-02-13,2026-02-13 23:00:00,2026-02-15,proxy,0.04364044108981835,0.20911273046293632,0.07185300585479437,0.10820205913584968,bullish,1,72.69999694824219
graphite,Graphite,2026-02-20,2026-02-20 23:00:00,2026-02-22,proxy,-0.02180598332331729,0.1553507355095567,0.06517835617876733,0.06624103612166891,neutral,0,73.12000274658203
graphite,Graphite,2026-02-27,2026-02-27 23:00:00,2026-03-01,proxy,0.07791286369418016,0.2029395174964208,0.08168905280607985,0.12084714466556028,bullish,1,75.4000015258789
graphite,Graphite,2026-03-06,2026-03-06 23:00:00,2026-03-08,proxy,-0.02982128606549883,0.08278200804357705,-0.01675400810502181,0.012068904624352136,neutral,0,68.97000122070312
graphite,Graphite,2026-03-13,2026-03-13 23:00:00,2026-03-15,proxy,-0.031636802185847857,0.10143817094401708,-0.004039164085544167,0.02192073489087502,neutral,0,70.4000015258789
graphite,Graphite,2026-03-20,2026-03-20 23:00:00,2026-03-22,proxy,-0.08397154210904967,-0.010724918247809967,-0.051610571937223404,-0.048769010764694344,neutral,0,66.9800033569336
graphite,Graphite,2026-03-27,2026-03-27 23:00:00,2026-03-29,proxy,-0.04628644287986772,0.08510649320567087,0.011463577895546084,0.016761209407116413,neutral,0,71.91000366210938
graphite,Graphite,2026-04-03,2026-04-03 23:00:00,2026-04-05,proxy,0.07539505373651156,0.08737720516740777,0.03601440077291773,0.06626221989227903,bullish,1,74.16999816894531
graphite,Graphite,2026-04-10,2026-04-10 23:00:00,2026-04-12,proxy,0.10653408860002678,0.11828879458201302,0.07777805017028383,0.10086697778410787,bullish,1,77.9000015258789
graphite,Graphite,2026-04-17,2026-04-17 23:00:00,2026-04-19,proxy,0.2426097220898069,0.11344486096232242,0.14037134563137843,0.16547530956116926,bullish,1,83.2300033569336
graphite,Graphite,2026-04-24,2026-04-24 23:00:00,2026-04-26,proxy,0.16520646152710117,0.1978556764988244,0.1301845628946392,0.16441556697352158,bullish,1,83.79000091552734
graphite,Graphite,2026-05-01,2026-05-01 23:00:00,2026-05-03,proxy,0.19617100459697512,0.24799558012377876,0.17342855720776473,0.2058650473095062,bullish,1,88.72000122070312
graphite,Graphite,2026-05-08,2026-05-08 23:00:00,2026-05-10,proxy,0.15750958154975425,0.2403026403583024,0.17007651463497564,0.1892962455143441,bullish,1,90.16999816894531
graphite,Graphite,2026-05-15,2026-05-15 23:00:00,2026-05-17,proxy,0.01021264495780283,0.14989057265845052,0.07827128222469648,0.07945816661364995,bullish,1,84.08000183105469
graphite,Graphite,2026-05-22,2026-05-22 23:00:00,2026-05-24,proxy,0.01778252592778551,0.13103444368004347,0.08223347132968217,0.07701681364583705,bullish,1,85.27999877929688
graphite,Graphite,2026-05-29,2026-05-29 23:00:00,2026-05-31,proxy,-0.017696118949757755,0.2635928662230991,0.0851024124569777,0.11033305324343967,neutral,0,87.1500015258789
graphite,Graphite,2026-06-05,2026-06-05 23:00:00,2026-06-07,proxy,-0.13164018363344654,0.11221592833311056,-0.03301496215732269,-0.01747973915255289,neutral,0,78.30000305175781
graphite,Graphite,2026-06-12,2026-06-12 23:00:00,2026-06-14,proxy,-0.02033776221732997,0.22977005999291733,0.001387964363840366,0.07027342071314258,neutral,0,82.37000274658203
graphite,Graphite,2026-06-19,2026-06-19 23:00:00,2026-06-21,proxy,-0.036702594960376866,0.1424001855414334,-0.0115410397558533,0.031385516941734415,neutral,0,82.1500015258789
indium,Indium,2024-09-27,2024-09-27 23:00:00,2024-09-30,direct,,,,0.0,neutral,0,367.5
indium,Indium,2024-10-11,2024-10-11 23:00:00,2024-10-14,direct,,,,0.0,neutral,0,367.5
indium,Indium,2024-10-18,2024-10-18 23:00:00,2024-10-21,direct,,,,0.0,neutral,0,357.5
indium,Indium,2024-10-25,2024-10-25 23:00:00,2024-10-28,direct,,,-0.02422145328719727,-0.00807381776239909,neutral,0,352.5
indium,Indium,2024-11-01,2024-11-01 23:00:00,2024-11-04,direct,-0.04081632653061229,,-0.01947148817802502,-0.020095938236212436,neutral,0,352.5
lead,Lead,2022-02-04,2022-02-04 23:00:00,2022-03-06,direct,,,,0.0,neutral,0,2296.8605
lead,Lead,2022-02-11,2022-02-11 23:00:00,2022-03-13,direct,,,,0.0,neutral,0,2296.8605
lead,Lead,2022-02-18,2022-02-18 23:00:00,2022-03-20,direct,,,,0.0,neutral,0,2296.8605
lead,Lead,2022-02-25,2022-02-25 23:00:00,2022-03-27,direct,,,0.0,0.0,neutral,0,2296.8605
lead,Lead,2022-03-04,2022-03-04 23:00:00,2022-04-03,direct,0.020887272942311075,,0.016640304238554116,0.01250919239362173,neutral,0,2344.835652173913
lead,Lead,2022-03-11,2022-03-11 23:00:00,2022-04-10,direct,0.020887272942311075,,0.01382856826826706,0.011571947070192712,neutral,0,2344.835652173913
lead,Lead,2022-03-18,2022-03-18 23:00:00,2022-04-17,direct,0.020887272942311075,,0.011829688849964048,0.010905653930758374,neutral,0,2344.835652173913
lead,Lead,2022-03-25,2022-03-25 23:00:00,2022-04-24,direct,0.020887272942311075,,0.010335694237858517,0.010407655726723197,neutral,0,2344.835652173913
lead,Lead,2022-04-01,2022-04-01 23:00:00,2022-05-01,direct,0.017601625604930504,,0.0249170345233356,0.014172886709422036,neutral,0,2386.108571428571
lead,Lead,2022-04-08,2022-04-08 23:00:00,2022-05-08,direct,0.017601625604930504,,0.022369592679694517,0.01332373942820834,neutral,0,2386.108571428571
lead,Lead,2022-04-15,2022-04-15 23:00:00,2022-05-15,direct,0.017601625604930504,,0.020294722011999333,0.012632115872309946,neutral,0,2386.108571428571
lead,Lead,2022-04-22,2022-04-22 23:00:00,2022-05-22,direct,0.017601625604930504,,0.01857208556818346,0.012057903724371322,neutral,0,2386.108571428571
lead,Lead,2022-04-29,2022-04-29 23:00:00,2022-05-29,direct,0.0,0.03885654850548015,0.015348536314262917,0.018068361606581023,neutral,0,2386.108571428571
lead,Lead,2022-05-06,2022-05-06 23:00:00,2022-06-05,direct,0.0,0.03885654850548015,0.012145326293430347,0.017000624932970165,neutral,0,2386.108571428571
lead,Lead,2022-05-13,2022-05-13 23:00:00,2022-06-12,direct,0.0,0.03885654850548015,0.008962263613122357,0.015939604039534167,neutral,0,2386.108571428571
lead,Lead,2022-05-20,2022-05-20 23:00:00,2022-06-19,direct,0.0,0.03885654850548015,0.0057991587871140116,0.014885235764198054,neutral,0,2386.108571428571
lead,Lead,2022-05-27,2022-05-27 23:00:00,2022-06-26,direct,0.0,0.017601625604930504,0.0043430725485023025,0.007314899384477602,neutral,0,2386.108571428571
lead,Lead,2022-06-03,2022-06-03 23:00:00,2022-07-03,direct,-0.1303163777614108,-0.11500853224802743,-0.11819816367280556,-0.12117435789408126,neutral,0,2075.159545454545
lead,Lead,2022-06-10,2022-06-10 23:00:00,2022-07-10,direct,-0.1303163777614108,-0.11500853224802743,-0.10969620568817973,-0.11834037189920599,neutral,0,2075.159545454545
lead,Lead,2022-06-17,2022-06-17 23:00:00,2022-07-17,direct,-0.1303163777614108,-0.11500853224802743,-0.10102870711122147,-0.11545120570688656,neutral,0,2075.159545454545
lead,Lead,2022-06-24,2022-06-24 23:00:00,2022-07-24,direct,-0.1303163777614108,-0.1303163777614108,-0.0908228187605945,-0.11715185809447204,neutral,0,2075.159545454545
lead,Lead,2022-07-01,2022-07-01 23:00:00,2022-07-31,direct,-0.043352500377820014,-0.16801933732309315,-0.11731770995196578,-0.10956318255095965,neutral,0,1985.19619047619
lead,Lead,2022-07-08,2022-07-08 23:00:00,2022-08-07,direct,-0.043352500377820014,-0.16801933732309315,-0.10400785245318511,-0.10512656338469943,neutral,0,1985.19619047619
lead,Lead,2022-07-15,2022-07-15 23:00:00,2022-08-14,direct,-0.043352500377820014,-0.16801933732309315,-0.09029045429632698,-0.10055409733241338,neutral,0,1985.19619047619
lead,Lead,2022-07-22,2022-07-22 23:00:00,2022-08-21,direct,-0.043352500377820014,-0.16801933732309315,-0.07614650644545584,-0.09583944804878967,neutral,0,1985.19619047619
lead,Lead,2022-07-29,2022-07-29 23:00:00,2022-08-28,direct,0.0,-0.16801933732309315,-0.06155579900201469,-0.07652504544170262,neutral,0,1985.19619047619
lead,Lead,2022-08-05,2022-08-05 23:00:00,2022-09-04,direct,0.042135746063074686,-0.1329632113911503,-0.00963604257538797,-0.0334878359678212,neutral,0,2068.843913043478
lead,Lead,2022-08-12,2022-08-12 23:00:00,2022-09-11,direct,0.042135746063074686,-0.1329632113911503,0.0030589961089770856,-0.02925615640636618,neutral,0,2068.843913043478
lead,Lead,2022-08-19,2022-08-19 23:00:00,2022-09-18,direct,0.042135746063074686,-0.1329632113911503,0.016083725149879546,-0.02491458005939869,neutral,0,2068.843913043478
lead,Lead,2022-08-26,2022-08-26 23:00:00,2022-09-25,direct,0.042135746063074686,-0.0030434442618644253,0.01634643668183311,0.01847957949434779,neutral,0,2068.843913043478
lead,Lead,2022-09-02,2022-09-02 23:00:00,2022-10-02,direct,-0.09606454510854989,-0.09881562228183505,-0.07351073751192727,-0.08946363496743741,neutral,0,1870.101363636364
lead,Lead,2022-09-09,2022-09-09 23:00:00,2022-10-09,direct,-0.09606454510854989,-0.09881562228183505,-0.06560023963706652,-0.08682680234248381,neutral,0,1870.101363636364
lead,Lead,2022-09-16,2022-09-16 23:00:00,2022-10-16,direct,-0.09606454510854989,-0.09881562228183505,-0.05755349655593944,-0.0841445546487748,neutral,0,1870.101363636364
lead,Lead,2022-09-23,2022-09-23 23:00:00,2022-10-23,direct,-0.09606454510854989,-0.05797655032383375,-0.05297600977067862,-0.0690057017343541,neutral,0,1870.101363636364
lead,Lead,2022-09-30,2022-09-30 23:00:00,2022-10-30,direct,0.0,-0.05797655032383375,-0.048353840018186434,-0.03544346344734006,neutral,0,1870.101363636364
lead,Lead,2022-10-07,2022-10-07 23:00:00,2022-11-06,direct,0.0,-0.05797655032383375,-0.04368632983286269,-0.03388762671889881,neutral,0,1870.101363636364
lead,Lead,2022-10-14,2022-10-14 23:00:00,2022-11-13,direct,0.0,-0.05797655032383375,-0.038972808786924884,-0.032316453036919546,neutral,0,1870.101363636364
lead,Lead,2022-10-21,2022-10-21 23:00:00,2022-11-20,direct,0.0,-0.05797655032383375,-0.03421259316938374,-0.030729714497739164,neutral,0,1870.101363636364
lead,Lead,2022-10-28,2022-10-28 23:00:00,2022-11-27,direct,0.0,-0.09606454510854989,-0.02588080725945352,-0.04064845078933447,neutral,0,1870.101363636364
lead,Lead,2022-11-04,2022-11-04 23:00:00,2022-12-04,direct,0.1229298946605466,0.015056145141189248,0.09239054662994306,0.07679219547722631,bullish,1,2099.992727272727
lead,Lead,2022-11-11,2022-11-11 23:00:00,2022-12-11,direct,0.1229298946605466,0.015056145141189248,0.09091751412886206,0.07630118464353264,bullish,1,2099.992727272727
lead,Lead,2022-11-18,2022-11-18 23:00:00,2022-12-18,direct,0.1229298946605466,0.015056145141189248,0.08944844889534642,0.07581149623236076,bullish,1,2099.992727272727
lead,Lead,2022-11-25,2022-11-25 23:00:00,2022-12-25,direct,0.1229298946605466,0.1229298946605466,0.07872728418958541,0.1081956911702262,bullish,1,2099.992727272727
lead,Lead,2022-12-02,2022-12-02 23:00:00,2023-01-01,direct,0.06005778374990056,0.19037057544036817,0.12634800192506446,0.12559212037177772,bullish,1,2226.113636363636
lead,Lead,2022-12-09,2022-12-09 23:00:00,2023-01-08,direct,0.06005778374990056,0.19037057544036817,0.10969046287498951,0.12003960735508608,bullish,1,2226.113636363636
lead,Lead,2022-12-16,2022-12-16 23:00:00,2023-01-15,direct,0.06005778374990056,0.19037057544036817,0.0935184395941,0.1146489329281229,bullish,1,2226.113636363636
lead,Lead,2022-12-23,2022-12-23 23:00:00,2023-01-22,direct,0.06005778374990056,0.19037057544036817,0.0778110100628262,0.10941312308436497,bullish,1,2226.113636363636
lead,Lead,2022-12-30,2022-12-30 23:00:00,2023-01-29,direct,0.0,0.19037057544036817,0.06254843734448379,0.08430633759495065,neutral,0,2226.113636363636
lead,Lead,2023-01-06,2023-01-06 23:00:00,2023-02-05,direct,0.0,0.19037057544036817,0.047712086848784585,0.07936088742971759,neutral,0,2226.113636363636
lead,Lead,2023-01-13,2023-01-13 23:00:00,2023-02-12,direct,0.0,0.19037057544036817,0.03328435043138955,0.07455164195725257,neutral,0,2226.113636363636
lead,Lead,2023-01-20,2023-01-20 23:00:00,2023-02-19,direct,0.0,0.19037057544036817,0.0192485766794932,0.06987305070662046,neutral,0,2226.113636363636
lead,Lead,2023-01-27,2023-01-27 23:00:00,2023-02-26,direct,0.0,0.06005778374990056,0.014367295014678039,0.024808359588192868,neutral,0,2226.113636363636
lead,Lead,2023-02-03,2023-02-03 23:00:00,2023-03-05,direct,-0.05976834883459747,-0.003300119654093825,-0.04600871429043607,-0.03635906092637579,neutral,0,2093.0625
lead,Lead,2023-02-10,2023-02-10 23:00:00,2023-03-12,direct,-0.05976834883459747,-0.003300119654093825,-0.04575753306074781,-0.03627533384981304,neutral,0,2093.0625
lead,Lead,2023-02-17,2023-02-17 23:00:00,2023-03-19,direct,-0.05976834883459747,-0.003300119654093825,-0.04550621952665124,-0.03619156267178084,neutral,0,2093.0625
lead,Lead,2023-02-24,2023-02-24 23:00:00,2023-03-26,direct,-0.05976834883459747,-0.05976834883459747,-0.040655537335575254,-0.05339741166825673,neutral,0,2093.0625
lead,Lead,2023-03-03,2023-03-03 23:00:00,2023-04-02,direct,0.01056622096548221,-0.04983365344964352,-0.026393505191648292,-0.02188697922526987,neutral,0,2115.178260869565
lead,Lead,2023-03-10,2023-03-10 23:00:00,2023-04-09,direct,0.01056622096548221,-0.04983365344964352,-0.02223285946551201,-0.020500097316557775,neutral,0,2115.178260869565
lead,Lead,2023-03-17,2023-03-17 23:00:00,2023-04-16,direct,0.01056622096548221,-0.04983365344964352,-0.018036500609292738,-0.01910131103115135,neutral,0,2115.178260869565
lead,Lead,2023-03-24,2023-03-24 23:00:00,2023-04-23,direct,0.01056622096548221,-0.04983365344964352,-0.013803966822638625,-0.017690466435599978,neutral,0,2115.178260869565
lead,Lead,2023-03-31,2023-03-31 23:00:00,2023-04-30,direct,0.0,-0.04983365344964352,-0.009534788308783848,-0.019789480586142456,neutral,0,2115.178260869565
lead,Lead,2023-04-07,2023-04-07 23:00:00,2023-05-07,direct,0.0,-0.04983365344964352,-0.005228487100715107,-0.018354046850119543,neutral,0,2115.178260869565
lead,Lead,2023-04-14,2023-04-14 23:00:00,2023-05-14,direct,0.0,-0.04983365344964352,-0.00088457688278476,-0.016906076777476093,neutral,0,2115.178260869565
lead,Lead,2023-04-21,2023-04-21 23:00:00,2023-05-21,direct,0.0,-0.04983365344964352,0.0034974371923692793,-0.015445405419091415,neutral,0,2115.178260869565
lead,Lead,2023-04-28,2023-04-28 23:00:00,2023-05-28,direct,0.0,0.01056622096548221,0.002620786385332474,0.004395669116938228,neutral,0,2115.178260869565
lead,Lead,2023-05-05,2023-05-05 23:00:00,2023-06-04,direct,-0.012720070874897682,-0.0022882529889761694,-0.009945314123619653,-0.008317879329164501,neutral,0,2088.273043478261
lead,Lead,2023-05-12,2023-05-12 23:00:00,2023-06-11,direct,-0.012720070874897682,-0.0022882529889761694,-0.009757936269637058,-0.008255420044503636,neutral,0,2088.273043478261
lead,Lead,2023-05-19,2023-05-19 23:00:00,2023-06-18,direct,-0.012720070874897682,-0.0022882529889761694,-0.009570487475923484,-0.008192937113265778,neutral,0,2088.273043478261
lead,Lead,2023-05-26,2023-05-26 23:00:00,2023-06-25,direct,-0.012720070874897682,-0.012720070874897682,-0.008516155952363769,-0.01131876590071971,neutral,0,2088.273043478261
lead,Lead,2023-06-02,2023-06-02 23:00:00,2023-07-02,direct,0.01657509312118033,0.003644185887023088,0.007610484821730434,0.009276587943311284,bullish,1,2122.886363636364
lead,Lead,2023-06-09,2023-06-09 23:00:00,2023-07-09,direct,0.01657509312118033,0.003644185887023088,0.0073033758738512145,0.00917421829401821,bullish,1,2122.886363636364
lead,Lead,2023-06-16,2023-06-16 23:00:00,2023-07-16,direct,0.01657509312118033,0.003644185887023088,0.006996454076005909,0.009071911028069776,bullish,1,2122.886363636364
lead,Lead,2023-06-23,2023-06-23 23:00:00,2023-07-23,direct,0.01657509312118033,0.003644185887023088,0.006689719257174431,0.008969666088459283,bullish,1,2122.886363636364
lead,Lead,2023-06-30,2023-06-30 23:00:00,2023-07-30,direct,0.0,0.003644185887023088,0.00638317124654586,0.003342452377856316,neutral,0,2122.886363636364
lead,Lead,2023-07-07,2023-07-07 23:00:00,2023-08-06,direct,0.0,0.003644185887023088,0.006076809873515998,0.0032403319201796954,neutral,0,2122.886363636364
lead,Lead,2023-07-14,2023-07-14 23:00:00,2023-08-13,direct,0.0,0.003644185887023088,0.005770634967689814,0.003138273618237634,neutral,0,2122.886363636364
lead,Lead,2023-07-21,2023-07-21 23:00:00,2023-08-20,direct,0.0,0.003644185887023088,0.005464646358878333,0.0030362774153004737,neutral,0,2122.886363636364
lead,Lead,2023-07-28,2023-07-28 23:00:00,2023-08-27,direct,0.0,0.01657509312118033,0.004092893215656757,0.006889328778945695,neutral,0,2122.886363636364
lead,Lead,2023-08-04,2023-08-04 23:00:00,2023-09-03,direct,0.014945681847696735,0.03176850103726214,0.016441883957709624,0.0210520222808895,bullish,1,2154.614347826087
lead,Lead,2023-08-11,2023-08-11 23:00:00,2023-09-10,direct,0.014945681847696735,0.03176850103726214,0.013797849379362015,0.020170677421440297,bullish,1,2154.614347826087
lead,Lead,2023-08-18,2023-08-18 23:00:00,2023-09-17,direct,0.014945681847696735,0.03176850103726214,0.011167534780310184,0.01929390588842302,bullish,1,2154.614347826087
lead,Lead,2023-08-25,2023-08-25 23:00:00,2023-09-24,direct,0.014945681847696735,0.014945681847696735,0.00991439543185213,0.013268586375748534,bullish,1,2154.614347826087
lead,Lead,2023-09-01,2023-09-01 23:00:00,2023-10-01,direct,0.04524572151099915,0.06086763151736885,0.050307632119106716,0.05214032838249157,bullish,1,2252.101428571429
lead,Lead,2023-09-08,2023-09-08 23:00:00,2023-10-08,direct,0.04524572151099915,0.06086763151736885,0.04505953923101558,0.05039096408646119,bullish,1,2252.101428571429
lead,Lead,2023-09-15,2023-09-15 23:00:00,2023-10-15,direct,0.04524572151099915,0.06086763151736885,0.03986363208415922,0.04865899503750907,bullish,1,2252.101428571429
lead,Lead,2023-09-22,2023-09-22 23:00:00,2023-10-22,direct,0.04524572151099915,0.06086763151736885,0.03471913614620781,0.046944163058191934,bullish,1,2252.101428571429
lead,Lead,2023-09-29,2023-09-29 23:00:00,2023-10-29,direct,0.0,0.06086763151736885,0.029625292136688408,0.030164307884685753,neutral,0,2252.101428571429
lead,Lead,2023-10-06,2023-10-06 23:00:00,2023-11-05,direct,0.0,0.06086763151736885,0.024581355653404247,0.02848299572359103,neutral,0,2252.101428571429
lead,Lead,2023-10-13,2023-10-13 23:00:00,2023-11-12,direct,0.0,0.06086763151736885,0.01958659680978192,0.026818076109050255,neutral,0,2252.101428571429
lead,Lead,2023-10-20,2023-10-20 23:00:00,2023-11-19,direct,0.0,0.06086763151736885,0.014640299882777041,0.025169310466715295,neutral,0,2252.101428571429
lead,Lead,2023-10-27,2023-10-27 23:00:00,2023-11-26,direct,0.0,0.04524572151099915,0.01094018302202926,0.0187286348443428,neutral,0,2252.101428571429
lead,Lead,2023-11-03,2023-11-03 23:00:00,2023-12-03,direct,-0.028260704965826777,0.015706340558583998,-0.018871713600967177,-0.010475359336069986,neutral,0,2188.455454545455
lead,Lead,2023-11-10,2023-11-10 23:00:00,2023-12-10,direct,-0.028260704965826777,0.015706340558583998,-0.02011059137244675,-0.010888318593229843,neutral,0,2188.455454545455
lead,Lead,2023-11-17,2023-11-17 23:00:00,2023-12-17,direct,-0.028260704965826777,0.015706340558583998,-0.021346344409735707,-0.011300236272326162,neutral,0,2188.455454545455
lead,Lead,2023-11-24,2023-11-24 23:00:00,2023-12-24,direct,-0.028260704965826777,-0.028260704965826777,-0.019019639450237658,-0.025180349793963736,neutral,0,2188.455454545455
lead,Lead,2023-12-01,2023-12-01 23:00:00,2023-12-31,direct,-0.07368328976844085,-0.0998616530212103,-0.08360289955257205,-0.08571594744740774,neutral,0,2027.202857142857
lead,Lead,2023-12-08,2023-12-08 23:00:00,2024-01-07,direct,-0.07368328976844085,-0.0998616530212103,-0.0757727380053328,-0.08310589359832798,neutral,0,2027.202857142857
lead,Lead,2023-12-15,2023-12-15 23:00:00,2024-01-14,direct,-0.07368328976844085,-0.0998616530212103,-0.06780761352420095,-0.08045085210461737,neutral,0,2027.202857142857
lead,Lead,2023-12-22,2023-12-22 23:00:00,2024-01-21,direct,-0.07368328976844085,-0.0998616530212103,-0.05970400638531803,-0.07774964972498973,neutral,0,2027.202857142857
lead,Lead,2023-12-29,2023-12-29 23:00:00,2024-01-28,direct,0.0,-0.0998616530212103,-0.05145827340283671,-0.05043997547468234,neutral,0,2027.202857142857
lead,Lead,2024-01-05,2024-01-05 23:00:00,2024-02-04,direct,0.02968910501346822,-0.07313735111110731,-0.016983479681579317,-0.0201439085930728,neutral,0,2087.388695652174
lead,Lead,2024-01-12,2024-01-12 23:00:00,2024-02-11,direct,0.02968910501346822,-0.07313735111110731,-0.01058788933528243,-0.01801204514430717,neutral,0,2087.388695652174
lead,Lead,2024-01-19,2024-01-19 23:00:00,2024-02-18,direct,0.02968910501346822,-0.07313735111110731,-0.004108533477470644,-0.01585225985836991,neutral,0,2087.388695652174
lead,Lead,2024-01-26,2024-01-26 23:00:00,2024-02-25,direct,0.02968910501346822,-0.0461817756826457,-9.065865581858734e-05,-0.005527776441665355,neutral,0,2087.388695652174
lead,Lead,2024-02-02,2024-02-02 23:00:00,2024-03-03,direct,-0.003622265762147747,-0.049636758779903034,0.0006263988225425621,-0.017544208573169406,neutral,0,2079.827619047619
lead,Lead,2024-02-09,2024-02-09 23:00:00,2024-03-10,direct,-0.003622265762147747,-0.049636758779903034,0.005003353059382931,-0.01608522382755595,neutral,0,2079.827619047619
lead,Lead,2024-02-16,2024-02-16 23:00:00,2024-03-17,direct,-0.003622265762147747,-0.049636758779903034,0.00941876699824995,-0.014613419181266943,neutral,0,2079.827619047619
lead,Lead,2024-02-23,2024-02-23 23:00:00,2024-03-24,direct,-0.003622265762147747,0.025959297422721406,0.007274884706713003,0.009870638789095554,neutral,0,2079.827619047619
lead,Lead,2024-03-01,2024-03-01 23:00:00,2024-03-31,direct,-0.012097614316937233,0.013547637537625334,-0.006012483457333295,-0.0015208200788817312,neutral,0,2054.666666666667
lead,Lead,2024-03-08,2024-03-08 23:00:00,2024-04-07,direct,-0.012097614316937233,0.013547637537625334,-0.007111791588149008,-0.0018872561224869688,neutral,0,2054.666666666667
lead,Lead,2024-03-15,2024-03-15 23:00:00,2024-04-14,direct,-0.012097614316937233,0.013547637537625334,-0.00820867082866783,-0.0022528825359932427,neutral,0,2054.666666666667
lead,Lead,2024-03-22,2024-03-22 23:00:00,2024-04-21,direct,-0.012097614316937233,0.013547637537625334,-0.009303129219853656,-0.002617701999721852,neutral,0,2054.666666666667
lead,Lead,2024-03-29,2024-03-29 23:00:00,2024-04-28,direct,0.0,-0.015676059304941092,-0.007998850013674175,-0.007891636439538422,neutral,0,2054.666666666667
lead,Lead,2024-04-05,2024-04-05 23:00:00,2024-05-05,direct,0.03421597545867483,0.018003544493267132,0.024394555607357926,0.025538025186433295,bullish,1,2124.969090909091
lead,Lead,2024-04-12,2024-04-12 23:00:00,2024-05-12,direct,0.03421597545867483,0.018003544493267132,0.022850343912041327,0.025023287954661095,bullish,1,2124.969090909091
lead,Lead,2024-04-19,2024-04-19 23:00:00,2024-05-19,direct,0.03421597545867483,0.018003544493267132,0.02131078081727633,0.024510100256406098,bullish,1,2124.969090909091
lead,Lead,2024-04-26,2024-04-26 23:00:00,2024-05-26,direct,0.03421597545867483,0.02170442946716067,0.019467577740504893,0.025129327555446796,bullish,1,2124.969090909091
lead,Lead,2024-05-03,2024-05-03 23:00:00,2024-06-02,direct,0.044729262558164784,0.06740451514963719,0.05913144863416475,0.057088408780655575,bullish,1,2220.017391304348
lead,Lead,2024-05-10,2024-05-10 23:00:00,2024-06-09,direct,0.044729262558164784,0.06740451514963719,0.05326109030066539,0.05513162266948912,bullish,1,2220.017391304348
lead,Lead,2024-05-17,2024-05-17 23:00:00,2024-06-16,direct,0.044729262558164784,0.06740451514963719,0.04745544755119302,0.053196408419665,bullish,1,2220.017391304348
lead,Lead,2024-05-24,2024-05-24 23:00:00,2024-06-23,direct,0.044729262558164784,0.08047569336681426,0.04068955285154896,0.055298169592176004,bullish,1,2220.017391304348
lead,Lead,2024-05-31,2024-05-31 23:00:00,2024-06-30,direct,0.0,0.08047569336681426,0.03401050391996496,0.03816206576225974,neutral,0,2220.017391304348
lead,Lead,2024-06-07,2024-06-07 23:00:00,2024-07-07,direct,0.0,0.08047569336681426,0.027416639315187563,0.03596411089400061,neutral,0,2220.017391304348
lead,Lead,2024-06-14,2024-06-14 23:00:00,2024-07-14,direct,0.0,0.08047569336681426,0.020906339707331467,0.03379401102471524,neutral,0,2220.017391304348
lead,Lead,2024-06-21,2024-06-21 23:00:00,2024-07-21,direct,0.0,0.08047569336681426,0.014478026552073864,0.03165123997296271,neutral,0,2220.017391304348
lead,Lead,2024-06-28,2024-06-28 23:00:00,2024-07-28,direct,0.0,0.044729262558164784,0.010819359171714282,0.01851620724329302,neutral,0,2220.017391304348
lead,Lead,2024-07-05,2024-07-05 23:00:00,2024-08-04,direct,-0.050936342057641415,-0.008485424517125528,-0.04001128887298466,-0.033144351815917204,neutral,0,2106.937826086957
lead,Lead,2024-07-12,2024-07-12 23:00:00,2024-08-11,direct,-0.050936342057641415,-0.008485424517125528,-0.03935359633737423,-0.03292512097071373,neutral,0,2106.937826086957
lead,Lead,2024-07-19,2024-07-19 23:00:00,2024-08-18,direct,-0.050936342057641415,-0.008485424517125528,-0.03869500200777842,-0.03270558952751512,neutral,0,2106.937826086957
lead,Lead,2024-07-26,2024-07-26 23:00:00,2024-08-25,direct,-0.050936342057641415,-0.050936342057641415,-0.0345440776908702,-0.045472253935384344,neutral,0,2106.937826086957
lead,Lead,2024-08-02,2024-08-02 23:00:00,2024-09-01,direct,-0.051176644403121974,-0.09950623539608372,-0.07615990281560303,-0.0756142608716029,neutral,0,1999.111818181818
lead,Lead,2024-08-09,2024-08-09 23:00:00,2024-09-08,direct,-0.051176644403121974,-0.09950623539608372,-0.06823320361395202,-0.0729720278043859,neutral,0,1999.111818181818
lead,Lead,2024-08-16,2024-08-16 23:00:00,2024-09-15,direct,-0.051176644403121974,-0.09950623539608372,-0.0601693024445783,-0.07028406074792799,neutral,0,1999.111818181818
lead,Lead,2024-08-23,2024-08-23 23:00:00,2024-09-22,direct,-0.051176644403121974,-0.09950623539608372,-0.05196460599913444,-0.06754916193278004,neutral,0,1999.111818181818
lead,Lead,2024-08-30,2024-08-30 23:00:00,2024-09-29,direct,0.0,-0.09950623539608372,-0.04361539438626971,-0.047707209927451144,neutral,0,1999.111818181818
lead,Lead,2024-09-06,2024-09-06 23:00:00,2024-10-06,direct,0.0,-0.09950623539608372,-0.0351178155081141,-0.044874683634732605,neutral,0,1999.111818181818
lead,Lead,2024-09-13,2024-09-13 23:00:00,2024-10-13,direct,0.0,-0.09950623539608372,-0.026467879134278616,-0.04199137151012078,neutral,0,1999.111818181818
lead,Lead,2024-09-20,2024-09-20 23:00:00,2024-10-20,direct,0.0,-0.09950623539608372,-0.017661450654223754,-0.03905589535010249,neutral,0,1999.111818181818
lead,Lead,2024-09-27,2024-09-27 23:00:00,2024-10-27,direct,0.0,-0.051176644403121974,-0.013304833656439086,-0.021493826019853685,neutral,0,1999.111818181818
lead,Lead,2024-10-04,2024-10-04 23:00:00,2024-11-03,direct,0.017449883722077564,-0.034619787175164896,0.006933819551356635,-0.003412027967243566,neutral,0,2033.996086956522
lead,Lead,2024-10-11,2024-10-11 23:00:00,2024-11-10,direct,0.017449883722077564,-0.034619787175164896,0.009972992696110072,-0.002398970252325753,neutral,0,2033.996086956522
lead,Lead,2024-10-18,2024-10-18 23:00:00,2024-11-17,direct,0.017449883722077564,-0.034619787175164896,0.013030567320414743,-0.0013797787108908628,neutral,0,2033.996086956522
lead,Lead,2024-10-25,2024-10-25 23:00:00,2024-11-24,direct,0.017449883722077564,0.017449883722077564,0.011565980807974885,0.015488582750710004,bullish,1,2033.996086956522
lead,Lead,2024-11-01,2024-11-01 23:00:00,2024-12-01,direct,-0.022846600727666644,-0.005795387531731477,-0.01107002253199818,-0.013237336930465434,neutral,0,1987.52619047619
lead,Lead,2024-11-08,2024-11-08 23:00:00,2024-12-08,direct,-0.022846600727666644,-0.005795387531731477,-0.010594725365119628,-0.013078904541505917,neutral,0,1987.52619047619
lead,Lead,2024-11-15,2024-11-15 23:00:00,2024-12-15,direct,-0.022846600727666644,-0.005795387531731477,-0.010118971106173547,-0.01292031978852389,neutral,0,1987.52619047619
lead,Lead,2024-11-22,2024-11-22 23:00:00,2024-12-22,direct,-0.022846600727666644,-0.005795387531731477,-0.00964275909546597,-0.012761582451621364,neutral,0,1987.52619047619
lead,Lead,2024-11-29,2024-11-29 23:00:00,2024-12-29,direct,0.0,-0.005795387531731477,-0.00916608867203339,-0.004987158734588289,neutral,0,1987.52619047619
lead,Lead,2024-12-06,2024-12-06 23:00:00,2025-01-05,direct,0.0,-0.005795387531731477,-0.008688959173638988,-0.0048281155684568216,neutral,0,1987.52619047619
lead,Lead,2024-12-13,2024-12-13 23:00:00,2025-01-12,direct,0.0,-0.005795387531731477,-0.00821136993676963,-0.004668919156167036,neutral,0,1987.52619047619
lead,Lead,2024-12-20,2024-12-20 23:00:00,2025-01-19,direct,0.0,-0.005795387531731477,-0.007733320296633095,-0.004509569276121524,neutral,0,1987.52619047619
lead,Lead,2024-12-27,2024-12-27 23:00:00,2025-01-26,direct,0.0,-0.022846600727666644,-0.005811225238997131,-0.009552608655554592,neutral,0,1987.52619047619
lead,Lead,2025-01-03,2025-01-03 23:00:00,2025-02-02,direct,-0.03321131802213795,-0.05529915302731325,-0.03430177044047433,-0.04093741382997518,neutral,0,1921.517826086957
lead,Lead,2025-01-10,2025-01-10 23:00:00,2025-02-09,direct,-0.03321131802213795,-0.05529915302731325,-0.029731136303254635,-0.03941386911756861,neutral,0,1921.517826086957
lead,Lead,2025-01-17,2025-01-17 23:00:00,2025-02-16,direct,-0.03321131802213795,-0.05529915302731325,-0.025117030942201857,-0.03787583399721769,neutral,0,1921.517826086957
lead,Lead,2025-01-24,2025-01-24 23:00:00,2025-02-23,direct,-0.03321131802213795,-0.03321131802213795,-0.02238873177849454,-0.029603789274256814,neutral,0,1921.517826086957
lead,Lead,2025-01-31,2025-01-31 23:00:00,2025-03-02,direct,0.0,-0.03321131802213795,-0.019645118968600883,-0.017618812330246276,neutral,0,1921.517826086957
lead,Lead,2025-02-07,2025-02-07 23:00:00,2025-03-09,direct,0.0,-0.03321131802213795,-0.016886063218921832,-0.01669912708035326,neutral,0,1921.517826086957
lead,Lead,2025-02-14,2025-02-14 23:00:00,2025-03-16,direct,0.0,-0.03321131802213795,-0.01411143377624402,-0.015774250599460655,neutral,0,1921.517826086957
lead,Lead,2025-02-21,2025-02-21 23:00:00,2025-03-23,direct,0.0,-0.03321131802213795,-0.011321098407084396,-0.014844138809740781,neutral,0,1921.517826086957
lead,Lead,2025-02-28,2025-02-28 23:00:00,2025-03-30,direct,0.0,-0.03321131802213795,-0.00851492337668236,-0.013908747132940102,neutral,0,1921.517826086957
lead,Lead,2025-03-07,2025-03-07 23:00:00,2025-04-06,direct,0.0,-0.03321131802213795,-0.005692773427633968,-0.012968030483257306,neutral,0,1921.517826086957
lead,Lead,2025-03-14,2025-03-14 23:00:00,2025-04-13,direct,0.0,-0.03321131802213795,-0.0028545117581599833,-0.01202194326009931,neutral,0,1921.517826086957
lead,Lead,2025-03-21,2025-03-21 23:00:00,2025-04-20,direct,0.0,-0.03321131802213795,0.0,-0.011070439340712649,neutral,0,1921.517826086957
lead,Lead,2025-03-28,2025-03-28 23:00:00,2025-04-27,direct,0.0,0.0,0.0,0.0,neutral,0,1921.517826086957
lead,Lead,2025-04-04,2025-04-04 23:00:00,2025-05-04,direct,-0.008206395467055372,-0.008206395467055372,-0.007527677102738606,-0.007980156012283116,neutral,0,1905.749090909091
lead,Lead,2025-04-11,2025-04-11 23:00:00,2025-05-11,direct,-0.008206395467055372,-0.008206395467055372,-0.00684802916179128,-0.007753606698634008,neutral,0,1905.749090909091
lead,Lead,2025-04-18,2025-04-18 23:00:00,2025-05-18,direct,-0.008206395467055372,-0.008206395467055372,-0.006167449733174957,-0.007526746889095233,neutral,0,1905.749090909091
lead,Lead,2025-04-25,2025-04-25 23:00:00,2025-05-25,direct,-0.008206395467055372,-0.008206395467055372,-0.005485936900608168,-0.007299575944906304,neutral,0,1905.749090909091
lead,Lead,2025-05-02,2025-05-02 23:00:00,2025-06-01,direct,0.026741810903276653,0.018315961560443794,0.019548733644648708,0.02153550203612305,bullish,1,1956.712272727273
lead,Lead,2025-05-09,2025-05-09 23:00:00,2025-06-08,direct,0.026741810903276653,0.018315961560443794,0.017993059145781087,0.021016943869833844,bullish,1,1956.712272727273
lead,Lead,2025-05-16,2025-05-16 23:00:00,2025-06-15,direct,0.026741810903276653,0.018315961560443794,0.01644212485394214,0.020499965772554196,bullish,1,1956.712272727273
lead,Lead,2025-05-23,2025-05-23 23:00:00,2025-06-22,direct,0.026741810903276653,0.018315961560443794,0.014895909136668273,0.019984560533462908,bullish,1,1956.712272727273
lead,Lead,2025-05-30,2025-05-30 23:00:00,2025-06-29,direct,0.0,0.018315961560443794,0.01335439049292475,0.010556784017789514,neutral,0,1956.712272727273
lead,Lead,2025-06-06,2025-06-06 23:00:00,2025-07-06,direct,0.0,0.018315961560443794,0.011817547552109842,0.01004450303751788,neutral,0,1956.712272727273
lead,Lead,2025-06-13,2025-06-13 23:00:00,2025-07-13,direct,0.0,0.018315961560443794,0.010285359073067601,0.009533773544503799,neutral,0,1956.712272727273
lead,Lead,2025-06-20,2025-06-20 23:00:00,2025-07-20,direct,0.0,0.018315961560443794,0.0087578039431091,0.009024588501184297,neutral,0,1956.712272727273
lead,Lead,2025-06-27,2025-06-27 23:00:00,2025-07-27,direct,0.0,0.026741810903276653,0.006554003288371302,0.011098604730549319,neutral,0,1956.712272727273
lead,Lead,2025-07-04,2025-07-04 23:00:00,2025-08-03,direct,0.018633690430207572,0.045873799959399,0.021481660784905765,0.028663050391504113,bullish,1,1993.173043478261
lead,Lead,2025-07-11,2025-07-11 23:00:00,2025-08-10,direct,0.018633690430207572,0.045873799959399,0.017681982331065438,0.02739649090689067,bullish,1,1993.173043478261
lead,Lead,2025-07-18,2025-07-18 23:00:00,2025-08-17,direct,0.018633690430207572,0.045873799959399,0.013910466988753756,0.02613931912612011,bullish,1,1993.173043478261
lead,Lead,2025-07-25,2025-07-25 23:00:00,2025-08-24,direct,0.018633690430207572,0.018633690430207572,0.012345777819468884,0.016537719559961344,bullish,1,1993.173043478261
lead,Lead,2025-08-01,2025-08-01 23:00:00,2025-08-31,direct,-0.022981635719725446,-0.004776177975099105,-0.010528190648158353,-0.012762001447660968,neutral,0,1947.366666666667
lead,Lead,2025-08-08,2025-08-08 23:00:00,2025-09-07,direct,-0.022981635719725446,-0.004776177975099105,-0.01013648734484085,-0.012631433679888468,neutral,0,1947.366666666667
lead,Lead,2025-08-15,2025-08-15 23:00:00,2025-09-14,direct,-0.022981635719725446,-0.004776177975099105,-0.009744473790661123,-0.012500762495161891,neutral,0,1947.366666666667
lead,Lead,2025-08-22,2025-08-22 23:00:00,2025-09-21,direct,-0.022981635719725446,-0.004776177975099105,-0.009352149616869365,-0.012369987770564639,neutral,0,1947.366666666667
lead,Lead,2025-08-29,2025-08-29 23:00:00,2025-09-28,direct,0.0,-0.004776177975099105,-0.008959514454130568,-0.004578564143076558,neutral,0,1947.366666666667
lead,Lead,2025-09-05,2025-09-05 23:00:00,2025-10-05,direct,0.0037071818819818247,-0.0010867022535717696,-0.005195837805080705,-0.0008584527255568833,neutral,0,1954.585909090909
lead,Lead,2025-09-12,2025-09-12 23:00:00,2025-10-12,direct,0.0037071818819818247,-0.0010867022535717696,-0.005106112305848676,-0.0008285442258128736,neutral,0,1954.585909090909
lead,Lead,2025-09-19,2025-09-19 23:00:00,2025-10-19,direct,0.0037071818819818247,-0.0010867022535717696,-0.005016370619729371,-0.000798630330439772,neutral,0,1954.585909090909
lead,Lead,2025-09-26,2025-09-26 23:00:00,2025-10-26,direct,0.0037071818819818247,-0.01935965094130221,-0.003385010399195365,-0.006345826486171917,neutral,0,1954.585909090909
lead,Lead,2025-10-03,2025-10-03 23:00:00,2025-11-02,direct,0.006626869917060629,-0.012861074912669301,0.004313340812526212,-0.0006402880610274867,neutral,0,1967.538695652174
lead,Lead,2025-10-10,2025-10-10 23:00:00,2025-11-09,direct,0.006626869917060629,-0.012861074912669301,0.005409642347278476,-0.00027485421611006533,neutral,0,1967.538695652174
lead,Lead,2025-10-17,2025-10-17 23:00:00,2025-11-16,direct,0.006626869917060629,-0.012861074912669301,0.006508339927966622,9.137831078598335e-05,neutral,0,1967.538695652174
lead,Lead,2025-10-24,2025-10-24 23:00:00,2025-11-23,direct,0.006626869917060629,0.010358618811133091,0.005643558191852582,0.007543015640015434,bullish,1,1967.538695652174
lead,Lead,2025-10-31,2025-10-31 23:00:00,2025-11-30,direct,0.0,0.010358618811133091,0.00478026120341557,0.005046293338182887,neutral,0,1967.538695652174
lead,Lead,2025-11-07,2025-11-07 23:00:00,2025-12-07,direct,0.0,0.010358618811133091,0.003918445142180316,0.004759021317771135,neutral,0,1967.538695652174
lead,Lead,2025-11-14,2025-11-14 23:00:00,2025-12-14,direct,0.0,0.010358618811133091,0.0030581062007675186,0.004472241670633537,neutral,0,1967.538695652174
lead,Lead,2025-11-21,2025-11-21 23:00:00,2025-12-21,direct,0.0,0.010358618811133091,0.0021992405848390018,0.004185953131990698,neutral,0,1967.538695652174
lead,Lead,2025-11-28,2025-11-28 23:00:00,2025-12-28,direct,0.0,0.006626869917060629,0.0016485240633727916,0.0027584646601444738,neutral,0,1967.538695652174
lead,Lead,2025-12-05,2025-12-05 23:00:00,2026-01-04,direct,-0.013963253260242836,-0.007428916006156805,-0.011728958518969823,-0.011040375928456489,neutral,0,1940.065454545455
lead,Lead,2025-12-12,2025-12-12 23:00:00,2026-01-11,direct,-0.013963253260242836,-0.007428916006156805,-0.011119418110427715,-0.010837195792275786,neutral,0,1940.065454545455
lead,Lead,2025-12-19,2025-12-19 23:00:00,2026-01-18,direct,-0.013963253260242836,-0.007428916006156805,-0.010509125339848047,-0.01063376486874923,neutral,0,1940.065454545455
lead,Lead,2025-12-26,2025-12-26 23:00:00,2026-01-25,direct,-0.013963253260242836,-0.013963253260242836,-0.009352365322019773,-0.012426290614168481,neutral,0,1940.065454545455
lead,Lead,2026-01-02,2026-01-02 23:00:00,2026-02-01,direct,0.02744588748645782,0.01309940034828938,0.01672177777355155,0.019089021869432916,bullish,1,1993.312272727273
lead,Lead,2026-01-09,2026-01-09 23:00:00,2026-02-08,direct,0.02744588748645782,0.01309940034828938,0.0156091578170241,0.018718148550590435,bullish,1,1993.312272727273
lead,Lead,2026-01-16,2026-01-16 23:00:00,2026-02-15,direct,0.02744588748645782,0.01309940034828938,0.014498970325287353,0.018348086053344852,bullish,1,1993.312272727273
lead,Lead,2026-01-23,2026-01-23 23:00:00,2026-02-22,direct,0.02744588748645782,0.01309940034828938,0.013391207330089472,0.017978831721612226,bullish,1,1993.312272727273
lead,Lead,2026-01-30,2026-01-30 23:00:00,2026-03-01,direct,0.0,0.01309940034828938,0.012285860897943479,0.008461753748744286,neutral,0,1993.312272727273
lead,Lead,2026-02-06,2026-02-06 23:00:00,2026-03-08,direct,0.0,0.01309940034828938,0.011182923129938516,0.008094107826075966,neutral,0,1993.312272727273
lead,Lead,2026-02-13,2026-02-13 23:00:00,2026-03-15,direct,0.0,0.01309940034828938,0.010082386161550883,0.007727262169946754,neutral,0,1993.312272727273
lead,Lead,2026-02-20,2026-02-20 23:00:00,2026-03-22,direct,0.0,0.01309940034828938,0.008984242162457967,0.007361214170249116,neutral,0,1993.312272727273
lead,Lead,2026-02-27,2026-02-27 23:00:00,2026-03-29,direct,0.0,0.02744588748645782,0.00672308117450604,0.011389656220321287,neutral,0,1993.312272727273
lead,Lead,2026-03-06,2026-03-06 23:00:00,2026-04-05,direct,0.0,0.02744588748645782,0.004472032171236595,0.010639306552564806,neutral,0,1993.312272727273
lead,Lead,2026-03-13,2026-03-13 23:00:00,2026-04-12,direct,0.0,0.02744588748645782,0.002231027472302749,0.009892304986253523,neutral,0,1993.312272727273
lead,Lead,2026-03-20,2026-03-20 23:00:00,2026-04-19,direct,0.0,0.02744588748645782,0.0,0.009148629162152607,neutral,0,1993.312272727273
lead,Lead,2026-03-27,2026-03-27 23:00:00,2026-04-26,direct,0.0,0.0,0.0,0.0,neutral,0,1993.312272727273
lead,Lead,2026-04-03,2026-04-03 23:00:00,2026-05-03,direct,-0.03264028101239458,-0.03264028101239458,-0.03000186336562405,-0.03176080846347107,neutral,0,1928.25
lead,Lead,2026-04-10,2026-04-10 23:00:00,2026-05-10,direct,-0.03264028101239458,-0.03264028101239458,-0.02734901409457191,-0.030876525373120356,neutral,0,1928.25
lead,Lead,2026-04-17,2026-04-17 23:00:00,2026-05-17,direct,-0.03264028101239458,-0.03264028101239458,-0.024681614467308877,-0.029987392164032678,neutral,0,1928.25
lead,Lead,2026-04-24,2026-04-24 23:00:00,2026-05-24,direct,-0.03264028101239458,-0.03264028101239458,-0.02199954444588237,-0.029093368823557175,neutral,0,1928.25
lead,Lead,2026-05-01,2026-05-01 23:00:00,2026-05-31,direct,0.029049058033888908,-0.004539392395877195,0.006795490160425244,0.01043505193281232,neutral,0,1984.263846153846
lead,Lead,2026-05-08,2026-05-08 23:00:00,2026-06-07,direct,0.029049058033888908,-0.004539392395877195,0.007180827515877342,0.010563497717963019,neutral,0,1984.263846153846
lead,Lead,2026-05-15,2026-05-15 23:00:00,2026-06-14,direct,0.029049058033888908,-0.004539392395877195,0.007566459949587934,0.010692041862533216,neutral,0,1984.263846153846
lead,Lead,2026-05-22,2026-05-22 23:00:00,2026-06-21,direct,0.029049058033888908,-0.004539392395877195,0.007952387800627791,0.010820684479546502,neutral,0,1984.263846153846
lead,Lead,2026-05-29,2026-05-29 23:00:00,2026-06-28,direct,0.0,-0.004539392395877195,0.008338611408587937,0.0012664063375702472,neutral,0,1984.263846153846
lead,Lead,2026-06-05,2026-06-05 23:00:00,2026-07-05,direct,0.0,-0.004539392395877195,0.008725131113580309,0.0013952462392343712,neutral,0,1984.263846153846
lead,Lead,2026-06-12,2026-06-12 23:00:00,2026-07-12,direct,0.0,-0.004539392395877195,0.009111947256237762,0.0015241849534535223,neutral,0,1984.263846153846
lead,Lead,2026-06-19,2026-06-19 23:00:00,2026-07-19,direct,0.0,-0.004539392395877195,0.00949906017771629,0.0016532225939463647,neutral,0,1984.263846153846
lithium,Lithium,2022-01-07,2022-01-07 23:00:00,2022-01-08,proxy,,,,0.0,neutral,0,78.17644500732422
lithium,Lithium,2022-01-14,2022-01-14 23:00:00,2022-01-15,proxy,,,,0.0,neutral,0,80.33784484863281
lithium,Lithium,2022-01-21,2022-01-21 23:00:00,2022-01-22,proxy,,,,0.0,neutral,0,76.05367279052734
lithium,Lithium,2022-01-28,2022-01-28 23:00:00,2022-01-29,proxy,,,-0.05882359378711022,-0.019607864595703406,neutral,0,72.17475128173828
lithium,Lithium,2022-02-04,2022-02-04 23:00:00,2022-02-05,proxy,-0.03233759254038093,,-0.010850372227928173,-0.014395988256103035,neutral,0,75.64840698242188
lithium,Lithium,2022-02-11,2022-02-11 23:00:00,2022-02-12,proxy,-0.10221013363479459,,-0.04787186417605882,-0.0500273326036178,neutral,0,72.12650299072266
lithium,Lithium,2022-02-18,2022-02-18 23:00:00,2022-02-19,proxy,-0.053412913287817276,,-0.042865505548322025,-0.0320928062787131,neutral,0,71.99142456054688
lithium,Lithium,2022-02-25,2022-02-25 23:00:00,2022-02-26,proxy,0.020989443122575224,,-0.017796497220737284,0.0010643153006126467,neutral,0,73.68965911865234
lithium,Lithium,2022-03-04,2022-03-04 23:00:00,2022-03-05,proxy,-0.084438753178393,,-0.06888051029210096,-0.05110642115683132,neutral,0,69.26074981689453
lithium,Lithium,2022-03-11,2022-03-11 23:00:00,2022-03-12,proxy,-0.07839458670698918,,-0.09676153846560542,-0.05838537505753153,neutral,0,66.47217559814453
lithium,Lithium,2022-03-18,2022-03-18 23:00:00,2022-03-19,proxy,-0.002680567948910917,,-0.0222192622201568,-0.008299943389689238,neutral,0,71.79844665527344
lithium,Lithium,2022-03-25,2022-03-25 23:00:00,2022-03-26,proxy,-0.011391963536108718,,-0.007242949425052103,-0.006211637653720274,neutral,0,72.85018920898438
lithium,Lithium,2022-04-01,2022-04-01 23:00:00,2022-04-02,proxy,0.08971843917452293,-0.03455937169498635,0.03168781662891651,0.028948961369484365,neutral,0,75.47471618652344
lithium,Lithium,2022-04-08,2022-04-08 23:00:00,2022-04-09,proxy,0.08303096615595651,-0.10389151344315628,-0.00648052544169142,-0.009113690909630398,neutral,0,71.99142456054688
lithium,Lithium,2022-04-15,2022-04-15 23:00:00,2022-04-16,proxy,-0.028759614254567634,-0.08310080937897724,-0.030594321838406047,-0.047484915157316974,neutral,0,69.73355102539062
lithium,Lithium,2022-04-22,2022-04-22 23:00:00,2022-04-23,proxy,-0.10913912167412676,-0.1008021171893837,-0.09012819989666399,-0.10002314625339148,neutral,0,64.89938354492188
lithium,Lithium,2022-04-29,2022-04-29 23:00:00,2022-04-30,proxy,-0.16312960305164803,-0.16505108019978643,-0.10136941331837424,-0.14318336552326957,neutral,0,63.16255569458008
lithium,Lithium,2022-05-06,2022-05-06 23:00:00,2022-05-07,proxy,-0.10280116913203186,-0.1044814420498077,-0.07276749665695126,-0.09335003594626361,neutral,0,64.59062194824219
lithium,Lithium,2022-05-13,2022-05-13 23:00:00,2022-05-14,proxy,-0.06544916935408696,-0.09475957126173429,-0.056758944729448535,-0.0723225617817566,neutral,0,65.16954803466797
lithium,Lithium,2022-05-20,2022-05-20 23:00:00,2022-05-21,proxy,0.06155228265658752,-0.06507792858443695,0.0029499228938685285,-0.00019190767799363387,neutral,0,68.89408874511719
lithium,Lithium,2022-05-27,2022-05-27 23:00:00,2022-05-28,proxy,0.13580805529275386,0.03580368015712465,0.041255651673633986,0.0709557957078375,bullish,1,71.74053955078125
lithium,Lithium,2022-06-03,2022-06-03 23:00:00,2022-06-04,proxy,0.1105464880672411,0.07911148869785856,0.03453541491450918,0.07473113055986962,bullish,1,71.73088836669922
lithium,Lithium,2022-06-10,2022-06-10 23:00:00,2022-06-11,proxy,0.07388224848725167,-0.025265530988657026,0.011552479348281297,0.020056398948958647,neutral,0,69.98442077636719
lithium,Lithium,2022-06-17,2022-06-17 23:00:00,2022-06-18,proxy,0.013305078157616723,-0.04172204988783723,0.012749655310678287,-0.005222438806514074,neutral,0,69.81072998046875
lithium,Lithium,2022-06-24,2022-06-24 23:00:00,2022-06-25,proxy,0.01950245321368005,-0.030938309378443885,0.06404634842373613,0.017536830752990767,neutral,0,73.13965606689453
lithium,Lithium,2022-07-01,2022-07-01 23:00:00,2022-07-02,proxy,-0.03404478089613905,-0.03754056248052684,0.011337543012009732,-0.020082600121552052,neutral,0,69.28882598876953
lithium,Lithium,2022-07-08,2022-07-08 23:00:00,2022-07-09,proxy,0.03228508280498921,0.03599877725840672,0.051259428584433664,0.03984776288260986,bullish,1,72.2438735961914
lithium,Lithium,2022-07-15,2022-07-15 23:00:00,2022-07-16,proxy,-0.016328984882569064,0.05811161639839324,-0.005283559434318796,0.012166357360501793,neutral,0,68.67079162597656
lithium,Lithium,2022-07-22,2022-07-22 23:00:00,2022-07-23,proxy,-0.04499235961675929,0.10585978655832617,0.003681237844865848,0.021516221595477576,neutral,0,69.84893035888672
lithium,Lithium,2022-07-29,2022-07-29 23:00:00,2022-07-30,proxy,0.03679447688102333,0.11220901622981838,0.02338511649917141,0.057462869870004374,bullish,1,71.83827209472656
lithium,Lithium,2022-08-05,2022-08-05 23:00:00,2022-08-06,proxy,0.01497125032038249,0.12514904465667653,0.034554280431287054,0.05822485846944869,bullish,1,73.32545471191406
lithium,Lithium,2022-08-12,2022-08-12 23:00:00,2022-08-13,proxy,0.13668968753728827,0.13300548854130523,0.08957847743377512,0.11975788450412288,bullish,1,78.05738067626953
lithium,Lithium,2022-08-19,2022-08-19 23:00:00,2022-08-20,proxy,0.05972634903359708,0.031784154630307926,0.030499150734609293,0.040669884799504764,bullish,1,74.020751953125
lithium,Lithium,2022-08-26,2022-08-26 23:00:00,2022-08-27,proxy,0.033203426598127805,0.034750169407049336,0.03034284220675687,0.032765479403978004,bullish,1,74.22354888916016
lithium,Lithium,2022-09-02,2022-09-02 23:00:00,2022-09-03,proxy,-0.05544581920096259,-0.010353103750812997,-0.03775459405657766,-0.03451783900278441,neutral,0,69.2598648071289
lithium,Lithium,2022-09-09,2022-09-09 23:00:00,2022-09-10,proxy,-0.04688863026660672,0.06570117566417988,0.028162365101360054,0.015658303499644404,neutral,0,74.39737701416016
lithium,Lithium,2022-09-16,2022-09-16 23:00:00,2022-09-17,proxy,-0.05075021273858882,-0.0393148283310355,-0.02573150929431267,-0.03859885012131233,neutral,0,70.2641830444336
lithium,Lithium,2022-09-23,2022-09-23 23:00:00,2022-09-24,proxy,-0.10057244448318459,-0.036515568181505365,-0.07162361575787424,-0.0695705428075214,neutral,0,66.75870513916016
lithium,Lithium,2022-09-30,2022-09-30 23:00:00,2022-10-01,proxy,-0.07849996954184657,-0.1165622169426207,-0.10370256090740282,-0.09958824913062336,neutral,0,63.822967529296875
lithium,Lithium,2022-10-07,2022-10-07 23:00:00,2022-10-08,proxy,-0.12603855461767444,-0.053157279705022376,-0.08296833936833903,-0.08738805789701194,neutral,0,65.02043914794922
lithium,Lithium,2022-10-14,2022-10-14 23:00:00,2022-10-15,proxy,-0.11847160163337067,-0.11323090527729529,-0.11821916957916023,-0.11664055882994206,neutral,0,61.93987274169922
lithium,Lithium,2022-10-21,2022-10-21 23:00:00,2022-10-22,proxy,-0.015333369065862135,-0.08495753923168536,-0.05736533726257009,-0.05255208185337253,neutral,0,65.73506927490234
lithium,Lithium,2022-10-28,2022-10-28 23:00:00,2022-10-29,proxy,0.013466653851983645,-0.11787182779910421,-0.06277989524074146,-0.055728356395954005,neutral,0,64.68244934082031
lithium,Lithium,2022-11-04,2022-11-04 23:00:00,2022-11-05,proxy,0.057478099667005234,-0.11913915335118663,0.0075827272718633765,-0.018026108804106006,neutral,0,68.7576904296875
lithium,Lithium,2022-11-11,2022-11-11 23:00:00,2022-11-12,proxy,0.16432806069729167,-0.02570117154646112,0.059290868859176005,0.06597258600333551,neutral,0,72.11833190917969
lithium,Lithium,2022-11-18,2022-11-18 23:00:00,2022-11-19,proxy,-0.0058764904056126666,-0.11956813236479669,-0.02960057584573661,-0.05168173287204866,neutral,0,65.3487777709961
lithium,Lithium,2022-11-25,2022-11-25 23:00:00,2022-11-26,proxy,-0.012540961621163693,-0.07780257146127201,-0.04517394781327988,-0.045172493631905196,neutral,0,63.87126922607422
lithium,Lithium,2022-12-02,2022-12-02 23:00:00,2022-12-03,proxy,-0.012780774700273279,-0.08761684075938536,0.023044872873491995,-0.025784247528722215,neutral,0,67.87891387939453
lithium,Lithium,2022-12-09,2022-12-09 23:00:00,2022-12-10,proxy,-0.10685609837788046,-0.08328759335163805,-0.022018132409280078,-0.07072060804626619,neutral,0,64.41204833984375
lithium,Lithium,2022-12-16,2022-12-16 23:00:00,2022-12-17,proxy,-0.05807589725867868,-0.077969101724224,-0.05922290043258749,-0.06508929980516338,neutral,0,61.5535888671875
lithium,Lithium,2022-12-23,2022-12-23 23:00:00,2022-12-24,proxy,-0.09782285273004943,-0.0971400783512667,-0.11228473505310221,-0.10241588871147278,neutral,0,57.623199462890625
lithium,Lithium,2022-12-30,2022-12-30 23:00:00,2022-12-31,proxy,-0.15870040828254384,-0.12171459803559082,-0.11121478754663772,-0.1305432646215908,neutral,0,57.106502532958984
lithium,Lithium,2023-01-06,2023-01-06 23:00:00,2023-01-07,proxy,-0.08316533643126722,-0.04657216659606733,-0.07743434828640172,-0.06905728377124543,neutral,0,59.055198669433594
lithium,Lithium,2023-01-13,2023-01-13 23:00:00,2023-01-14,proxy,0.020037055252683622,-0.04484862918837185,-0.015357673493792134,-0.01338974914316012,neutral,0,62.78694152832031
lithium,Lithium,2023-01-20,2023-01-20 23:00:00,2023-01-21,proxy,0.11294676879584076,-0.008516926871696362,0.0064534965657054855,0.03696111282994996,neutral,0,64.13155364990234
lithium,Lithium,2023-01-27,2023-01-27 23:00:00,2023-01-28,proxy,0.22334059023012975,0.01604201767202884,0.0947850910780128,0.11138923299339047,bullish,1,69.86070251464844
lithium,Lithium,2023-02-03,2023-02-03 23:00:00,2023-02-04,proxy,0.16119433373860526,-0.04913826682636713,0.07962638007732381,0.06389414899652064,neutral,0,68.5745620727539
lithium,Lithium,2023-02-10,2023-02-10 23:00:00,2023-02-11,proxy,0.05710744494575071,0.015666177683574478,0.04355649746719226,0.03877670669883915,bullish,1,66.37254333496094
lithium,Lithium,2023-02-17,2023-02-17 23:00:00,2023-02-18,proxy,0.0010633069751058155,0.005142781036427957,0.008959980129644718,0.0050553560470594965,bullish,1,64.19974517822266
lithium,Lithium,2023-02-24,2023-02-24 23:00:00,2023-02-25,proxy,-0.12329140302783226,-0.09769507222920026,-0.029004656927498318,-0.08333037739484361,neutral,0,61.24747848510742
lithium,Lithium,2023-03-03,2023-03-03 23:00:00,2023-03-04,proxy,-0.0710429390517906,-0.011010745958361712,0.010868662313467281,-0.02372834089889501,neutral,0,63.702823638916016
lithium,Lithium,2023-03-10,2023-03-10 23:00:00,2023-03-11,proxy,-0.11024656127156451,-0.04058886319601307,-0.05977588219022412,-0.0702037688859339,neutral,0,59.055198669433594
lithium,Lithium,2023-03-17,2023-03-17 23:00:00,2023-03-18,proxy,-0.111397861550658,-0.009981545887425947,-0.09103857749768651,-0.07080599497859015,neutral,0,57.048030853271484
lithium,Lithium,2023-03-24,2023-03-24 23:00:00,2023-03-25,proxy,-0.038975665838443585,0.030711295902833724,-0.06434177322268264,-0.024202047719430835,neutral,0,58.86031723022461
lithium,Lithium,2023-03-31,2023-03-31 23:00:00,2023-04-01,proxy,-0.027990133486329616,0.04850672755175611,-0.019428842169555427,0.0003625839652903566,neutral,0,61.91977310180664
lithium,Lithium,2023-04-07,2023-04-07 23:00:00,2023-04-08,proxy,0.00626950540424942,-0.053538138502310595,-0.05473611815841006,-0.03400158375215708,neutral,0,59.425445556640625
lithium,Lithium,2023-04-14,2023-04-14 23:00:00,2023-04-15,proxy,0.07190441008267645,-0.046490652760797224,-0.023444018766473063,0.0006565795184687214,neutral,0,61.1500358581543
lithium,Lithium,2023-04-21,2023-04-21 23:00:00,2023-04-22,proxy,-0.014401473919529728,-0.1695954976322468,-0.05870570119779672,-0.08090089091652441,neutral,0,58.01264190673828
lithium,Lithium,2023-04-28,2023-04-28 23:00:00,2023-04-29,proxy,-0.05224238423888472,-0.1442171156532367,-0.034891689483539046,-0.07711706312522015,neutral,0,58.6849365234375
lithium,Lithium,2023-05-05,2023-05-05 23:00:00,2023-05-06,proxy,-0.0045909545395488305,-0.10877867465356383,-0.017478555407745233,-0.0436160615336193,neutral,0,59.152626037597656
lithium,Lithium,2023-05-12,2023-05-12 23:00:00,2023-05-13,proxy,-0.023263276651477538,-0.06966163976304096,-0.0017506807208083064,-0.03155853237844227,neutral,0,59.72748565673828
lithium,Lithium,2023-05-19,2023-05-19 23:00:00,2023-05-20,proxy,0.05576089059294165,0.0,0.023653566411727223,0.026471485668222956,neutral,0,61.24747848510742
lithium,Lithium,2023-05-26,2023-05-26 23:00:00,2023-05-27,proxy,0.027727162103975633,-0.053227159704114735,0.012803269498584458,-0.004232242700518214,neutral,0,60.312103271484375
lithium,Lithium,2023-06-02,2023-06-02 23:00:00,2023-06-03,proxy,0.04332078419213192,0.04504202127955059,0.032521066804070076,0.04029462409191753,bullish,1,61.71516418457031
lithium,Lithium,2023-06-09,2023-06-09 23:00:00,2023-06-10,proxy,0.03800992029099448,0.08676358672557227,0.030139529711774138,0.05163767890944696,bullish,1,61.99772262573242
lithium,Lithium,2023-06-16,2023-06-16 23:00:00,2023-06-17,proxy,0.05488376403609463,0.09766602835965199,0.0650497680974631,0.0725331868310699,bullish,1,64.60897064208984
lithium,Lithium,2023-06-23,2023-06-23 23:00:00,2023-06-24,proxy,0.009046797891218317,-0.017151846145894045,0.004678094019050505,-0.0011423180785417413,neutral,0,60.85773468017578
lithium,Lithium,2023-06-30,2023-06-30 23:00:00,2023-07-01,proxy,0.02989419134072513,0.0695769887117903,0.043355554350830605,0.04760891146778201,bullish,1,63.560089111328125
lithium,Lithium,2023-07-07,2023-07-07 23:00:00,2023-07-08,proxy,0.05216291743012125,0.06674842944046255,0.06485000305442035,0.06125378330833472,bullish,1,65.23170471191406
lithium,Lithium,2023-07-14,2023-07-14 23:00:00,2023-07-15,proxy,0.02794592195221135,0.14482853581871136,0.07190723969916535,0.08156056582336269,bullish,1,66.4145278930664
lithium,Lithium,2023-07-21,2023-07-21 23:00:00,2023-07-22,proxy,0.04568943848650053,0.08440588292802653,0.020302364890004032,0.05013256210151037,bullish,1,63.63829040527344
lithium,Lithium,2023-07-28,2023-07-28 23:00:00,2023-07-29,proxy,0.015841414446471136,0.09153177382448363,0.02775701198177405,0.045043400084242936,bullish,1,64.56697082519531
lithium,Lithium,2023-08-04,2023-08-04 23:00:00,2023-08-05,proxy,-0.046905515172425916,0.040927427518658854,-0.013564313749100831,-0.006514133800955964,neutral,0,62.17197799682617
lithium,Lithium,2023-08-11,2023-08-11 23:00:00,2023-08-12,proxy,-0.106122972952016,-0.030712411119344307,-0.05572946116297273,-0.06418828174477768,neutral,0,59.36642074584961
lithium,Lithium,2023-08-18,2023-08-18 23:00:00,2023-08-19,proxy,-0.12488463887321699,-0.07662239469879928,-0.10873306639523128,-0.10341336665574918,neutral,0,55.69084548950195
lithium,Lithium,2023-08-25,2023-08-25 23:00:00,2023-08-26,proxy,-0.1339894187846703,-0.09397178682998053,-0.09815957110555595,-0.10870692557340227,neutral,0,55.915679931640625
lithium,Lithium,2023-09-01,2023-09-01 23:00:00,2023-09-02,proxy,-0.06603762876341168,-0.06341256524987093,-0.05849839035634974,-0.06264952812321078,neutral,0,58.066287994384766
lithium,Lithium,2023-09-08,2023-09-08 23:00:00,2023-09-09,proxy,-0.05862014524482517,-0.13500630046170325,-0.08303719148790578,-0.09222121239814474,neutral,0,55.8863525390625
lithium,Lithium,2023-09-15,2023-09-15 23:00:00,2023-09-16,proxy,0.01614882258200745,-0.07012333978333263,-0.06603924326578092,-0.0400045868223687,neutral,0,56.590187072753906
lithium,Lithium,2023-09-22,2023-09-22 23:00:00,2023-09-23,proxy,-0.04248258284236006,-0.15764376395099333,-0.10402840365156618,-0.10138491681497319,neutral,0,53.54023742675781
lithium,Lithium,2023-09-29,2023-09-29 23:00:00,2023-09-30,proxy,-0.07121221248913312,-0.17323547815509854,-0.08303438399349161,-0.10916069154590775,neutral,0,53.93125915527344
lithium,Lithium,2023-10-06,2023-10-06 23:00:00,2023-10-07,proxy,-0.08570919365865703,-0.23064456004737466,-0.11196050253629863,-0.14277141874744345,neutral,0,51.096378326416016
lithium,Lithium,2023-10-13,2023-10-13 23:00:00,2023-10-14,proxy,-0.08550690815865258,-0.18678935567768562,-0.0848218715013207,-0.1190393784458863,neutral,0,51.75133514404297
lithium,Lithium,2023-10-20,2023-10-20 23:00:00,2023-10-21,proxy,-0.10589727922234671,-0.2585919496835727,-0.13209661768614345,-0.16552861553068762,neutral,0,47.8704719543457
lithium,Lithium,2023-10-27,2023-10-27 23:00:00,2023-10-28,proxy,-0.12506793864599164,-0.24103769472238057,-0.12468454555244046,-0.16359672630693756,neutral,0,47.186187744140625
lithium,Lithium,2023-11-03,2023-11-03 23:00:00,2023-11-04,proxy,-0.057203013540746084,-0.18853939820020504,-0.09063506518833742,-0.11212582564309619,neutral,0,48.17351150512695
lithium,Lithium,2023-11-10,2023-11-10 23:00:00,2023-11-11,proxy,-0.10332462007701138,-0.16675446935791105,-0.11104872763747498,-0.12704260569079914,neutral,0,46.40414810180664
lithium,Lithium,2023-11-17,2023-11-17 23:00:00,2023-11-18,proxy,0.008985049514473653,-0.1361888011701492,-0.06333234424838807,-0.0635120319680212,neutral,0,48.30059051513672
lithium,Lithium,2023-11-24,2023-11-24 23:00:00,2023-11-25,proxy,0.011187044729746631,-0.17828290071384134,-0.05896341791765147,-0.07535309130058206,neutral,0,47.71406173706055
lithium,Lithium,2023-12-01,2023-12-01 23:00:00,2023-12-02,proxy,-0.019886451146570727,-0.15515131732707765,-0.05533376035040882,-0.07679050960801907,neutral,0,47.215511322021484
lithium,Lithium,2023-12-08,2023-12-08 23:00:00,2023-12-09,proxy,0.014324962931280272,-0.16825004054661286,-0.04307638799504476,-0.06566715520345912,neutral,0,47.068885803222656
lithium,Lithium,2023-12-15,2023-12-15 23:00:00,2023-12-16,proxy,-0.001821396951912524,-0.09950687027208349,-0.010896381825655888,-0.03740821634988397,neutral,0,48.212615966796875
lithium,Lithium,2023-12-22,2023-12-22 23:00:00,2023-12-23,proxy,0.02929735516317411,-0.08936007949210611,0.01592440073653134,-0.014712774530800221,neutral,0,49.11195755004883
lithium,Lithium,2023-12-29,2023-12-29 23:00:00,2023-12-30,proxy,0.06218232576943716,-0.018492439756920165,0.039120434556127126,0.02760344018954804,neutral,0,50.15148162841797
lithium,Lithium,2024-01-05,2024-01-05 23:00:00,2024-01-06,proxy,0.012781442902266349,-0.07885479771864135,-0.0052757692594711525,-0.023783041358615382,neutral,0,47.670494079589844
lithium,Lithium,2024-01-12,2024-01-12 23:00:00,2024-01-13,proxy,-0.044121254108825614,-0.037289314163718945,-0.03535681825658488,-0.03892246217637648,neutral,0,46.08541488647461
lithium,Lithium,2024-01-19,2024-01-19 23:00:00,2024-01-20,proxy,-0.10512625632019501,-0.06860453422170654,-0.07485147657244295,-0.0828607557047815,neutral,0,43.94900131225586
lithium,Lithium,2024-01-26,2024-01-26 23:00:00,2024-01-27,proxy,-0.14723201117220697,-0.11221796400604134,-0.09110182399189037,-0.11685059972337956,neutral,0,42.767578125
lithium,Lithium,2024-02-02,2024-02-02 23:00:00,2024-02-03,proxy,-0.16294926257152587,-0.1401065668664463,-0.14211003833969182,-0.14838862259255467,neutral,0,39.90262222290039
lithium,Lithium,2024-02-09,2024-02-09 23:00:00,2024-02-10,proxy,-0.10617394316619921,-0.14716685187071887,-0.10295737253031534,-0.11876605585574447,neutral,0,41.192344665527344
lithium,Lithium,2024-02-16,2024-02-16 23:00:00,2024-02-17,proxy,-0.024641421158484333,-0.10160581805738833,-0.05822385599979718,-0.06149036507188995,neutral,0,42.86603546142578
lithium,Lithium,2024-02-23,2024-02-23 23:00:00,2024-02-24,proxy,-0.009438364844499225,-0.10275413877850059,-0.06091392657229433,-0.05770214339843138,neutral,0,42.363922119140625
lithium,Lithium,2024-03-01,2024-03-01 23:00:00,2024-03-02,proxy,0.16358258941268322,-0.013573495565947669,0.030435339253204186,0.06014814436664658,neutral,0,46.429996490478516
lithium,Lithium,2024-03-08,2024-03-08 23:00:00,2024-03-09,proxy,0.05592727983948631,-0.09782699858402577,-0.02618258347941982,-0.02269410074131976,neutral,0,43.49612045288086
lithium,Lithium,2024-03-15,2024-03-15 23:00:00,2024-03-16,proxy,0.04134118899635264,-0.09109368549459174,0.007798189016124724,-0.01398476916070479,neutral,0,44.63816833496094
lithium,Lithium,2024-03-22,2024-03-22 23:00:00,2024-03-23,proxy,0.050894840082092996,-0.11228889526131991,0.015894449672133826,-0.015166535169031029,neutral,0,44.52002716064453
lithium,Lithium,2024-03-29,2024-03-29 23:00:00,2024-03-30,proxy,-0.03965223235394277,-0.06464272413454808,0.02346431324538112,-0.026943547747703245,neutral,0,44.58894348144531
lithium,Lithium,2024-04-05,2024-04-05 23:00:00,2024-04-06,proxy,0.017881475467072416,-0.039307872724270276,0.019766434399506982,-0.0005533209525636259,neutral,0,44.273895263671875
lithium,Lithium,2024-04-12,2024-04-12 23:00:00,2024-04-13,proxy,-0.027790064767056366,-0.01254478031227757,0.0006431599166636381,-0.0132305617208901,neutral,0,43.39767074584961
lithium,Lithium,2024-04-19,2024-04-19 23:00:00,2024-04-20,proxy,-0.06191964497631586,-0.023480760064163997,-0.035178263269348586,-0.04019288943660948,neutral,0,41.763362884521484
lithium,Lithium,2024-04-26,2024-04-26 23:00:00,2024-04-27,proxy,-0.05475824392807971,0.056254674250564074,-0.030497450508286006,-0.009667006728600547,neutral,0,42.14733123779297
lithium,Lithium,2024-05-03,2024-05-03 23:00:00,2024-05-04,proxy,0.022904177583305874,0.09942642961510884,0.033630461611348084,0.0519870229365876,bullish,1,45.2879524230957
lithium,Lithium,2024-05-10,2024-05-10 23:00:00,2024-05-11,proxy,0.019509883540886674,0.03215409990180729,0.0071715709395261396,0.019611851460740033,bullish,1,44.244354248046875
lithium,Lithium,2024-05-17,2024-05-17 23:00:00,2024-05-18,proxy,0.07967955834916185,0.06437381004350295,0.021162795892808894,0.055072054761824564,bullish,1,45.09104919433594
lithium,Lithium,2024-05-24,2024-05-24 23:00:00,2024-05-25,proxy,0.03457131039301564,-0.060856708933975656,-0.007210387775865468,-0.011165262105608495,neutral,0,43.60441970825195
lithium,Lithium,2024-05-31,2024-05-31 23:00:00,2024-06-01,proxy,-0.055217396614629544,-0.01629687551936032,-0.024503363354101415,-0.03200587849603043,neutral,0,42.787269592285156
lithium,Lithium,2024-06-07,2024-06-07 23:00:00,2024-06-08,proxy,-0.050511743352009475,-0.05888847261252883,-0.03742838088779288,-0.04894286561744373,neutral,0,42.00949478149414
lithium,Lithium,2024-06-14,2024-06-14 23:00:00,2024-06-15,proxy,-0.11113547587600636,-0.09973473646473063,-0.07379043303713473,-0.0948868817926239,neutral,0,40.079833984375
lithium,Lithium,2024-06-21,2024-06-21 23:00:00,2024-06-22,proxy,-0.10657035124114256,-0.12629727590453843,-0.08985664869617804,-0.107574758613953,neutral,0,38.957481384277344
lithium,Lithium,2024-06-28,2024-06-28 23:00:00,2024-06-29,proxy,-0.10140110584244932,-0.13157419489139188,-0.09144146382495022,-0.10813892151959714,neutral,0,38.44859313964844
lithium,Lithium,2024-07-05,2024-07-05 23:00:00,2024-07-06,proxy,-0.054342791311393523,-0.08459184811697229,-0.05440616699387668,-0.06444693547408083,neutral,0,39.72658157348633
lithium,Lithium,2024-07-12,2024-07-12 23:00:00,2024-07-13,proxy,0.023813784134448568,-0.017457319888582568,-0.021864922617935934,-0.005169486124023311,neutral,0,41.03428649902344
lithium,Lithium,2024-07-19,2024-07-19 23:00:00,2024-07-20,proxy,0.01745327036456401,-0.05955096857811848,-0.050427811715095805,-0.030841836642883425,neutral,0,39.63741683959961
lithium,Lithium,2024-07-26,2024-07-26 23:00:00,2024-07-27,proxy,0.004638127255416791,-0.14708171730627573,-0.062164441113960134,-0.0682026770549397,neutral,0,38.626922607421875
lithium,Lithium,2024-08-02,2024-08-02 23:00:00,2024-08-03,proxy,-0.07007480734025118,-0.1650290833418977,-0.08960562615911682,-0.10823650561375524,neutral,0,36.9427490234375
lithium,Lithium,2024-08-09,2024-08-09 23:00:00,2024-08-10,proxy,-0.1269917927966554,-0.2055348116654434,-0.10006544056023414,-0.14419734834077766,neutral,0,35.82326889038086
lithium,Lithium,2024-08-16,2024-08-16 23:00:00,2024-08-17,proxy,-0.09072718892864984,-0.17345017604880641,-0.08002384234864068,-0.11473373577536565,neutral,0,36.04122543334961
lithium,Lithium,2024-08-23,2024-08-23 23:00:00,2024-08-24,proxy,-0.032829057924813165,-0.12687027044086951,-0.03525094662531558,-0.06498342499699943,neutral,0,37.35883712768555
lithium,Lithium,2024-08-30,2024-08-30 23:00:00,2024-08-31,proxy,0.01662656748228053,-0.10598829316078573,-0.020751207806588567,-0.03670431116169792,neutral,0,37.55698013305664
lithium,Lithium,2024-09-06,2024-09-06 23:00:00,2024-09-07,proxy,-0.031803067984757516,-0.13462767715192459,-0.08493253851066584,-0.08378776121578264,neutral,0,34.68397903442383
lithium,Lithium,2024-09-13,2024-09-13 23:00:00,2024-09-14,proxy,0.020890578748434363,-0.055530640481685656,-0.024620794601103668,-0.01975361877811832,neutral,0,36.79414749145508
lithium,Lithium,2024-09-20,2024-09-20 23:00:00,2024-09-21,proxy,-0.0249270043738663,-0.052563689420490056,-0.030007210573209542,-0.03583263478918863,neutral,0,36.42759323120117
lithium,Lithium,2024-09-27,2024-09-27 23:00:00,2024-09-28,proxy,0.12133987897011544,0.06009975912430132,0.11550403995388314,0.09898122601609997,bullish,1,42.114139556884766
lithium,Lithium,2024-10-04,2024-10-04 23:00:00,2024-10-05,proxy,0.3159097850607504,0.11226467645115346,0.19675286123396019,0.20830910758195467,bullish,1,45.640987396240234
lithium,Lithium,2024-10-11,2024-10-11 23:00:00,2024-10-12,proxy,0.20893911220570716,0.12221954782497568,0.1541427398898827,0.1617671333068552,bullish,1,44.48188400268555
lithium,Lithium,2024-10-18,2024-10-18 23:00:00,2024-10-19,proxy,0.16562409188132077,0.09925609945904612,0.0926472672169556,0.1191758195191075,bullish,1,42.460880279541016
lithium,Lithium,2024-10-25,2024-10-25 23:00:00,2024-10-26,proxy,0.02822861187381953,0.17216407553653745,0.09932298664364558,0.09990522468466752,bullish,1,43.30296325683594
lithium,Lithium,2024-11-01,2024-11-01 23:00:00,2024-11-02,proxy,-0.051877506736380585,0.2079647699810081,0.08152279158658549,0.07920335161040433,neutral,0,43.27324676513672
lithium,Lithium,2024-11-08,2024-11-08 23:00:00,2024-11-09,proxy,-0.011581249395938964,0.21990103504543979,0.08101090097255392,0.09644356220735158,neutral,0,43.96672821044922
lithium,Lithium,2024-11-15,2024-11-15 23:00:00,2024-11-16,proxy,0.02333178957789883,0.1630867538785068,0.055172405168407046,0.08053031620827089,bullish,1,43.451568603515625
lithium,Lithium,2024-11-22,2024-11-22 23:00:00,2024-11-23,proxy,0.028826390472119767,0.18623039516067363,0.06677735379933947,0.09394471314404429,bullish,1,44.551231384277344
lithium,Lithium,2024-11-29,2024-11-29 23:00:00,2024-11-30,proxy,0.023351565283728837,0.2767780988467363,0.04044220958523104,0.11352395790523206,bullish,1,44.28374481201172
lithium,Lithium,2024-12-06,2024-12-06 23:00:00,2024-12-07,proxy,-0.004506657953320281,0.18955290960995264,0.014485471479737333,0.06651057437878989,neutral,0,43.768585205078125
lithium,Lithium,2024-12-13,2024-12-13 23:00:00,2024-12-14,proxy,-0.002280044331415265,0.1901005050121607,-0.008421813326932925,0.0597995491179375,neutral,0,43.35249710083008
lithium,Lithium,2024-12-20,2024-12-20 23:00:00,2024-12-21,proxy,-0.06248601102267193,-0.008233265872395146,-0.0440450355439419,-0.03825477081300299,neutral,0,41.76740264892578
lithium,Lithium,2024-12-27,2024-12-27 23:00:00,2024-12-28,proxy,-0.061073668944322757,-0.08899486155347258,-0.040923077126132745,-0.06366386920797602,neutral,0,41.57917404174805
lithium,Lithium,2025-01-03,2025-01-03 23:00:00,2025-01-04,proxy,-0.07636038401655543,-0.09117160530978563,-0.060187075532376344,-0.0759063549529058,neutral,0,40.42639923095703
lithium,Lithium,2025-01-10,2025-01-10 23:00:00,2025-01-11,proxy,-0.08835526679916583,-0.06921205135449937,-0.07594942419653894,-0.07783891411673471,neutral,0,39.52207565307617
lithium,Lithium,2025-01-17,2025-01-17 23:00:00,2025-01-18,proxy,0.005962056699954754,-0.029710229701296997,-0.01516138502462605,-0.012969852675322765,neutral,0,42.016422271728516
lithium,Lithium,2025-01-24,2025-01-24 23:00:00,2025-01-25,proxy,-0.008365252316777316,-0.04718603659331044,-0.029692935073107884,-0.02841474132773188,neutral,0,41.231353759765625
lithium,Lithium,2025-01-31,2025-01-31 23:00:00,2025-02-01,proxy,-0.004670518756337505,-0.0848173468242126,-0.04610341624836267,-0.045197093942970924,neutral,0,40.237586975097656
lithium,Lithium,2025-02-07,2025-02-07 23:00:00,2025-02-08,proxy,0.03444803447718381,-0.05910109135909636,-0.025848069294873932,-0.016833708725595493,neutral,0,40.8835334777832
lithium,Lithium,2025-02-14,2025-02-14 23:00:00,2025-02-15,proxy,0.0014192390601608373,-0.05555801013765238,0.007518414677209595,-0.015540118800093983,neutral,0,42.076053619384766
lithium,Lithium,2025-02-21,2025-02-21 23:00:00,2025-02-22,proxy,0.026512339488212744,-0.04424312831098143,0.017445102383258027,-9.52288131702191e-05,neutral,0,42.324493408203125
lithium,Lithium,2025-02-28,2025-02-28 23:00:00,2025-03-01,proxy,0.00617441606698188,-0.07499796054828833,-0.02030771211391391,-0.029710418865073456,neutral,0,40.48603057861328
lithium,Lithium,2025-03-07,2025-03-07 23:00:00,2025-03-08,proxy,-0.009479841748533002,-0.06589085385077886,-0.014389963745920498,-0.029920219781744122,neutral,0,40.49596405029297
lithium,Lithium,2025-03-14,2025-03-14 23:00:00,2025-03-15,proxy,-0.03542751871376071,-0.028299562136487544,-0.009839395390040973,-0.024522158746763074,neutral,0,40.58540344238281
lithium,Lithium,2025-03-21,2025-03-21 23:00:00,2025-03-22,proxy,-0.05142048137954802,-0.03441690441718237,-0.01764906697580404,-0.03449548425751148,neutral,0,40.14814758300781
lithium,Lithium,2025-03-28,2025-03-28 23:00:00,2025-03-29,proxy,-0.033628030079608684,-0.03220257384309455,-0.040146347624179124,-0.03532565051562745,neutral,0,39.12456512451172
lithium,Lithium,2025-04-04,2025-04-04 23:00:00,2025-04-05,proxy,-0.14306747675675835,-0.12195126188712391,-0.1401662116539274,-0.13506165009926988,neutral,0,34.702308654785156
lithium,Lithium,2025-04-11,2025-04-11 23:00:00,2025-04-12,proxy,-0.13099898300815283,-0.16059590608726626,-0.11378389632786223,-0.13512626180776044,neutral,0,35.26875686645508
lithium,Lithium,2025-04-18,2025-04-18 23:00:00,2025-04-19,proxy,-0.13217818527190972,-0.15497709591442033,-0.11264838632291296,-0.13326788916974766,neutral,0,34.84143829345703
lithium,Lithium,2025-04-25,2025-04-25 23:00:00,2025-04-26,proxy,-0.06070618265704786,-0.08668822137795806,-0.05707376898351335,-0.06815605767283976,neutral,0,36.74946212768555
lithium,Lithium,2025-05-02,2025-05-02 23:00:00,2025-05-03,proxy,0.07302405781597066,-0.08920758846407606,-0.03707035376343182,-0.01775129480384574,neutral,0,37.236412048339844
lithium,Lithium,2025-05-09,2025-05-09 23:00:00,2025-05-10,proxy,0.061425604886618856,-0.11029770212742807,-0.02215116630190106,-0.023674421180903422,neutral,0,37.43516159057617
lithium,Lithium,2025-05-16,2025-05-16 23:00:00,2025-05-17,proxy,0.10039936611195266,-0.09415344342625831,0.010234250831167913,0.005493391172287421,neutral,0,38.33949661254883
lithium,Lithium,2025-05-23,2025-05-23 23:00:00,2025-05-24,proxy,0.014602563451800332,-0.07903793117419211,-0.01057030832878525,-0.025001892017059008,neutral,0,37.28609848022461
lithium,Lithium,2025-05-30,2025-05-30 23:00:00,2025-05-31,proxy,-0.03496131970919458,-0.11263804221906004,-0.03671803041316635,-0.06143913078047366,neutral,0,35.93457794189453
lithium,Lithium,2025-06-06,2025-06-06 23:00:00,2025-06-07,proxy,-0.01194570323872357,-0.08863854681076244,-0.00044753631499139246,-0.03367726212149247,neutral,0,36.987972259521484
lithium,Lithium,2025-06-13,2025-06-13 23:00:00,2025-06-14,proxy,-0.04276835240226107,-0.0858910878859388,-0.0004736099157638396,-0.0430443500679879,neutral,0,36.69977951049805
lithium,Lithium,2025-06-20,2025-06-20 23:00:00,2025-06-21,proxy,-0.034115085365979625,-0.07950209969121325,-0.012175172821933034,-0.04193078595970864,neutral,0,36.01408004760742
lithium,Lithium,2025-06-27,2025-06-27 23:00:00,2025-06-28,proxy,0.06960017341763303,0.10758137680963475,0.045325010482814676,0.07416885357002749,bullish,1,38.435630798339844
lithium,Lithium,2025-07-04,2025-07-04 23:00:00,2025-07-05,proxy,0.07176334998079148,0.12400766514019312,0.06756195587145597,0.08777765699748019,bullish,1,39.64235305786133
lithium,Lithium,2025-07-11,2025-07-11 23:00:00,2025-07-12,proxy,0.09186459468805941,0.15010148383846067,0.06659254430587969,0.10285287427746659,bullish,1,40.071189880371094
lithium,Lithium,2025-07-18,2025-07-18 23:00:00,2025-07-19,proxy,0.1672061117216359,0.1438495125056949,0.10591904125857088,0.13899155516196723,bullish,1,42.03585433959961
lithium,Lithium,2025-07-25,2025-07-25 23:00:00,2025-07-26,proxy,0.158017680213822,0.19531226469583673,0.15261041882290138,0.16864678791085339,bullish,1,44.50914001464844
lithium,Lithium,2025-08-01,2025-08-01 23:00:00,2025-08-02,proxy,0.026415114311434618,0.08693294262958529,0.04634874302171266,0.05323226665424419,bullish,1,40.689510345458984
lithium,Lithium,2025-08-08,2025-08-08 23:00:00,2025-08-09,proxy,0.09333002805865953,0.14271284255490957,0.11356332191112473,0.11653539750823128,bullish,1,43.81103515625
lithium,Lithium,2025-08-15,2025-08-15 23:00:00,2025-08-16,proxy,0.09134042751873128,0.2303627656410514,0.14519996922889833,0.15563438746289368,bullish,1,45.87542724609375
lithium,Lithium,2025-08-22,2025-08-22 23:00:00,2025-08-23,proxy,0.04212403636536921,0.29079141327940006,0.13326217364185156,0.15539254109554027,bullish,1,46.3840446472168
lithium,Lithium,2025-08-29,2025-08-29 23:00:00,2025-08-30,proxy,0.16323528846499102,0.279645014657842,0.13255879564681394,0.19181303292321564,bullish,1,47.33147430419922
lithium,Lithium,2025-09-05,2025-09-05 23:00:00,2025-09-06,proxy,0.15092191418222356,0.3739341521087971,0.17439861262525502,0.2330848929720919,bullish,1,50.42308044433594
lithium,Lithium,2025-09-12,2025-09-12 23:00:00,2025-09-13,proxy,0.08717393892948988,0.38486305559601197,0.1311920389349326,0.20107634448681147,bullish,1,49.874568939208984
lithium,Lithium,2025-09-19,2025-09-19 23:00:00,2025-09-20,proxy,0.13631476617196436,0.37130245432809916,0.16403275617673185,0.22388332555893178,bullish,1,52.70687484741211
lithium,Lithium,2025-09-26,2025-09-26 23:00:00,2025-09-27,proxy,0.1704593500370981,0.3974843160679773,0.1890195114144959,0.2523210591731904,bullish,1,55.399566650390625
lithium,Lithium,2025-10-03,2025-10-03 23:00:00,2025-10-04,proxy,0.16455698500874716,0.46540571199443437,0.21961581169123345,0.2831928362314717,bullish,1,58.720550537109375
lithium,Lithium,2025-10-10,2025-10-10 23:00:00,2025-10-11,proxy,0.0781843398497466,0.2792407822280012,0.09463709700276879,0.1506874063601722,bullish,1,53.77397918701172
lithium,Lithium,2025-10-17,2025-10-17 23:00:00,2025-10-18,proxy,0.07549676332225053,0.273582758160833,0.13056307680083945,0.159880866094641,bullish,1,56.686073303222656
lithium,Lithium,2025-10-24,2025-10-24 23:00:00,2025-10-25,proxy,0.09864980695001968,0.49583326731674493,0.17451963646964574,0.2563342369121368,bullish,1,60.864723205566406
lithium,Lithium,2025-10-31,2025-10-31 23:00:00,2025-11-01,proxy,0.058423892565827584,0.4186205245193648,0.16498686891509218,0.21401042866676154,bullish,1,62.1512336730957
lithium,Lithium,2025-11-07,2025-11-07 23:00:00,2025-11-08,proxy,0.1292656077107226,0.32369568919524805,0.11245091143390162,0.18847073611329077,bullish,1,60.72510528564453
lithium,Lithium,2025-11-14,2025-11-14 23:00:00,2025-11-15,proxy,0.12192116320457846,0.37110305454286463,0.13523616885363055,0.20942012886702455,bullish,1,63.59730529785156
lithium,Lithium,2025-11-21,2025-11-21 23:00:00,2025-11-22,proxy,-0.012125107848027117,0.27033296039173216,0.053238450090789646,0.10381543421149823,neutral,0,60.126731872558594
lithium,Lithium,2025-11-28,2025-11-28 23:00:00,2025-11-29,proxy,0.01829262940850418,0.255142339584455,0.08818104588715858,0.12053867162670591,bullish,1,63.288143157958984
lithium,Lithium,2025-12-05,2025-12-05 23:00:00,2025-12-06,proxy,0.03218914181678656,0.2567485924123467,0.058303474880616823,0.11574706970325004,bullish,1,62.67979431152344
lithium,Lithium,2025-12-12,2025-12-12 23:00:00,2025-12-13,proxy,0.0015681109466536558,0.20851469780501142,0.059101497251926816,0.0897281020011973,bullish,1,63.6970329284668
lithium,Lithium,2025-12-19,2025-12-19 23:00:00,2025-12-20,proxy,0.06302859395672922,0.153735292643278,0.05035435482435635,0.08903941380812119,bullish,1,63.91643524169922
lithium,Lithium,2025-12-26,2025-12-26 23:00:00,2025-12-27,proxy,0.06980775326665256,0.1530230152976242,0.09910686167973592,0.10731254341467089,bullish,1,67.70614624023438
lithium,Lithium,2026-01-02,2026-01-02 23:00:00,2026-01-03,proxy,0.05727846383316737,0.23238037513639886,0.05790971599834771,0.11585618498930465,bullish,1,66.2699966430664
lithium,Lithium,2026-01-09,2026-01-09 23:00:00,2026-01-10,proxy,0.07085049253509212,0.20329377410932525,0.07243838728995633,0.11552755131145791,bullish,1,68.20999908447266
lithium,Lithium,2026-01-16,2026-01-16 23:00:00,2026-01-17,proxy,0.08986058747943182,0.14450538823346837,0.08275881516606898,0.10570826362632306,bullish,1,69.66000366210938
lithium,Lithium,2026-01-23,2026-01-23 23:00:00,2026-01-24,proxy,0.10403566220964167,0.20271144404263208,0.14321881625112698,0.14998864083446692,bullish,1,74.75
lithium,Lithium,2026-01-30,2026-01-30 23:00:00,2026-01-31,proxy,0.055530413333147566,0.15191232059960602,0.0573764401672765,0.08827305803334336,bullish,1,69.94999694824219
lithium,Lithium,2026-02-06,2026-02-06 23:00:00,2026-02-07,proxy,0.04222250831364649,0.11781459929705829,0.06456111455249025,0.07486607405439834,bullish,1,71.08999633789062
lithium,Lithium,2026-02-13,2026-02-13 23:00:00,2026-02-14,proxy,0.04364044108981835,0.20911273046293632,0.07185300585479437,0.10820205913584968,bullish,1,72.69999694824219
lithium,Lithium,2026-02-20,2026-02-20 23:00:00,2026-02-21,proxy,-0.02180598332331729,0.1553507355095567,0.06517835617876733,0.06624103612166891,neutral,0,73.12000274658203
lithium,Lithium,2026-02-27,2026-02-27 23:00:00,2026-02-28,proxy,0.07791286369418016,0.2029395174964208,0.08168905280607985,0.12084714466556028,bullish,1,75.4000015258789
lithium,Lithium,2026-03-06,2026-03-06 23:00:00,2026-03-07,proxy,-0.02982128606549883,0.08278200804357705,-0.01675400810502181,0.012068904624352136,neutral,0,68.97000122070312
lithium,Lithium,2026-03-13,2026-03-13 23:00:00,2026-03-14,proxy,-0.031636802185847857,0.10143817094401708,-0.004039164085544167,0.02192073489087502,neutral,0,70.4000015258789
lithium,Lithium,2026-03-20,2026-03-20 23:00:00,2026-03-21,proxy,-0.08397154210904967,-0.010724918247809967,-0.051610571937223404,-0.048769010764694344,neutral,0,66.9800033569336
lithium,Lithium,2026-03-27,2026-03-27 23:00:00,2026-03-28,proxy,-0.04628644287986772,0.08510649320567087,0.011463577895546084,0.016761209407116413,neutral,0,71.91000366210938
lithium,Lithium,2026-04-03,2026-04-03 23:00:00,2026-04-04,proxy,0.07539505373651156,0.08737720516740777,0.03601440077291773,0.06626221989227903,bullish,1,74.16999816894531
lithium,Lithium,2026-04-10,2026-04-10 23:00:00,2026-04-11,proxy,0.10653408860002678,0.11828879458201302,0.07777805017028383,0.10086697778410787,bullish,1,77.9000015258789
lithium,Lithium,2026-04-17,2026-04-17 23:00:00,2026-04-18,proxy,0.2426097220898069,0.11344486096232242,0.14037134563137843,0.16547530956116926,bullish,1,83.2300033569336
lithium,Lithium,2026-04-24,2026-04-24 23:00:00,2026-04-25,proxy,0.16520646152710117,0.1978556764988244,0.1301845628946392,0.16441556697352158,bullish,1,83.79000091552734
lithium,Lithium,2026-05-01,2026-05-01 23:00:00,2026-05-02,proxy,0.19617100459697512,0.24799558012377876,0.17342855720776473,0.2058650473095062,bullish,1,88.72000122070312
lithium,Lithium,2026-05-08,2026-05-08 23:00:00,2026-05-09,proxy,0.15750958154975425,0.2403026403583024,0.17007651463497564,0.1892962455143441,bullish,1,90.16999816894531
lithium,Lithium,2026-05-15,2026-05-15 23:00:00,2026-05-16,proxy,0.01021264495780283,0.14989057265845052,0.07827128222469648,0.07945816661364995,bullish,1,84.08000183105469
lithium,Lithium,2026-05-22,2026-05-22 23:00:00,2026-05-23,proxy,0.01778252592778551,0.13103444368004347,0.08223347132968217,0.07701681364583705,bullish,1,85.27999877929688
lithium,Lithium,2026-05-29,2026-05-29 23:00:00,2026-05-30,proxy,-0.017696118949757755,0.2635928662230991,0.0851024124569777,0.11033305324343967,neutral,0,87.1500015258789
lithium,Lithium,2026-06-05,2026-06-05 23:00:00,2026-06-06,proxy,-0.13164018363344654,0.11221592833311056,-0.03301496215732269,-0.01747973915255289,neutral,0,78.30000305175781
lithium,Lithium,2026-06-12,2026-06-12 23:00:00,2026-06-13,proxy,-0.02033776221732997,0.22977005999291733,0.001387964363840366,0.07027342071314258,neutral,0,82.37000274658203
lithium,Lithium,2026-06-19,2026-06-19 23:00:00,2026-06-20,proxy,-0.036702594960376866,0.1424001855414334,-0.0115410397558533,0.031385516941734415,neutral,0,82.1500015258789
manganese,Manganese,2026-05-22,2026-05-22 23:00:00,2026-05-23,proxy,,,,0.0,neutral,0,5848.0
manganese,Manganese,2026-05-29,2026-05-29 23:00:00,2026-05-30,proxy,,,,0.0,neutral,0,5962.0
manganese,Manganese,2026-06-05,2026-06-05 23:00:00,2026-06-06,proxy,,,,0.0,neutral,0,5996.0
manganese,Manganese,2026-06-12,2026-06-12 23:00:00,2026-06-13,proxy,,,0.004626124989486113,0.0015420416631620377,neutral,0,5972.0
manganese,Manganese,2026-06-19,2026-06-19 23:00:00,2026-06-20,proxy,-0.005129958960328307,,-0.017096904987160433,-0.007408954649162913,neutral,0,5818.0
neodymium,Neodymium,2022-01-07,2022-01-07 23:00:00,2022-01-08,proxy,,,,0.0,neutral,0,103.6290283203125
neodymium,Neodymium,2022-01-14,2022-01-14 23:00:00,2022-01-15,proxy,,,,0.0,neutral,0,108.56644439697266
neodymium,Neodymium,2022-01-21,2022-01-21 23:00:00,2022-01-22,proxy,,,,0.0,neutral,0,98.84266662597656
neodymium,Neodymium,2022-01-28,2022-01-28 23:00:00,2022-01-29,proxy,,,-0.08940881844299053,-0.029802939480996844,neutral,0,91.67727661132812
neodymium,Neodymium,2022-02-04,2022-02-04 23:00:00,2022-02-05,proxy,-0.07606812524957918,,-0.03958332427735256,-0.03855048317564391,neutral,0,95.74616241455078
neodymium,Neodymium,2022-02-11,2022-02-11 23:00:00,2022-02-12,proxy,-0.08547829971579102,,-0.0033956314836753876,-0.02962464373315547,neutral,0,99.28636932373047
neodymium,Neodymium,2022-02-18,2022-02-18 23:00:00,2022-02-19,proxy,0.01146130456039307,,0.0030173092309877525,0.004826204597126941,neutral,0,99.97553253173828
neodymium,Neodymium,2022-02-25,2022-02-25 23:00:00,2022-02-26,proxy,0.13592825892510896,,0.03896951461124876,0.05829925784545257,neutral,0,104.13880920410156
neodymium,Neodymium,2022-03-04,2022-03-04 23:00:00,2022-03-05,proxy,0.03746792438126323,,-0.007982404970934054,0.009828506470109724,neutral,0,99.33357238769531
neodymium,Neodymium,2022-03-11,2022-03-11 23:00:00,2022-03-12,proxy,-0.02272503906087009,,-0.027974746244579296,-0.016899928435149796,neutral,0,97.03008270263672
neodymium,Neodymium,2022-03-18,2022-03-18 23:00:00,2022-03-19,proxy,0.02776199590460715,,0.0265987246919952,0.01812024019886745,neutral,0,102.75105285644531
neodymium,Neodymium,2022-03-25,2022-03-25 23:00:00,2022-03-26,proxy,0.05883433767907564,,0.0924226138082418,0.05041898382910581,neutral,0,110.2657470703125
neodymium,Neodymium,2022-04-01,2022-04-01 23:00:00,2022-04-02,proxy,0.15928539883331982,0.11123265314296016,0.13011595550924415,0.13354466916184138,bullish,1,115.15596008300781
neodymium,Neodymium,2022-04-08,2022-04-08 23:00:00,2022-04-09,proxy,0.11490559742951811,-0.003565209074533393,0.06198548055140174,0.057775289635462156,neutral,0,108.17938232421875
neodymium,Neodymium,2022-04-15,2022-04-15 23:00:00,2022-04-16,proxy,0.01304676210328859,0.05310413966077432,0.0174872400010877,0.027879380588383535,bullish,1,104.09162139892578
neodymium,Neodymium,2022-04-22,2022-04-22 23:00:00,2022-04-23,proxy,-0.15847597744706332,0.012151303510125055,-0.09379506229268653,-0.0800399120765416,neutral,0,92.79127502441406
neodymium,Neodymium,2022-04-29,2022-04-29 23:00:00,2022-04-30,proxy,-0.2187243809048557,-0.0603430807303571,-0.11721110186472472,-0.13209285449997918,neutral,0,89.96854400634766
neodymium,Neodymium,2022-05-06,2022-05-06 23:00:00,2022-05-07,proxy,-0.19879573642907877,-0.12703241201189852,-0.14067767129331532,-0.15550193991143088,neutral,0,86.67378234863281
neodymium,Neodymium,2022-05-13,2022-05-13 23:00:00,2022-05-14,proxy,-0.18510789425907448,-0.15155800220589255,-0.1483613606107017,-0.16167575235855625,neutral,0,84.82344055175781
neodymium,Neodymium,2022-05-20,2022-05-20 23:00:00,2022-05-21,proxy,-0.00895313055762803,-0.11694301742707269,-0.06719970782163731,-0.06436528526877934,neutral,0,91.96050262451172
neodymium,Neodymium,2022-05-27,2022-05-27 23:00:00,2022-05-28,proxy,0.0869883773023492,-0.015491345906442855,-0.006727977927228124,0.021589684489559408,neutral,0,97.79476165771484
neodymium,Neodymium,2022-06-03,2022-06-03 23:00:00,2022-06-04,proxy,0.08288856147780743,-0.03269125542236562,-0.04414573910122033,0.002017188984740496,neutral,0,93.85804748535156
neodymium,Neodymium,2022-06-10,2022-06-10 23:00:00,2022-06-11,proxy,0.04095708770065931,-0.14066513976387807,-0.08960685164963456,-0.06310496790428444,neutral,0,88.29756164550781
neodymium,Neodymium,2022-06-17,2022-06-17 23:00:00,2022-06-18,proxy,-0.07237448341540809,-0.22636982908168635,-0.10118614833157491,-0.13331015360955645,neutral,0,85.3049087524414
neodymium,Neodymium,2022-06-24,2022-06-24 23:00:00,2022-06-25,proxy,-0.15049708791943928,-0.27857025589844575,-0.09929118477980059,-0.17611950953256186,neutral,0,83.07693481445312
neodymium,Neodymium,2022-07-01,2022-07-01 23:00:00,2022-07-02,proxy,-0.12693622470586874,-0.24251683159267234,-0.09000371696174725,-0.15315225775342944,neutral,0,81.94406127929688
neodymium,Neodymium,2022-07-08,2022-07-08 23:00:00,2022-07-09,proxy,-0.08499950489651298,-0.223834622457864,-0.08302235187191553,-0.13061882640876418,neutral,0,80.79231262207031
neodymium,Neodymium,2022-07-15,2022-07-15 23:00:00,2022-07-16,proxy,-0.10734843711500275,-0.17936724008163563,-0.12191670672741983,-0.13621079464135274,neutral,0,76.1475601196289
neodymium,Neodymium,2022-07-22,2022-07-22 23:00:00,2022-07-23,proxy,-0.02829555535555872,-0.10272831801140347,-0.06077697586541808,-0.06393361641079343,neutral,0,80.72622680664062
neodymium,Neodymium,2022-07-29,2022-07-29 23:00:00,2022-07-30,proxy,0.06566819718726347,0.007515510312656959,0.0153584024206328,0.02951403664018441,bullish,1,87.32518005371094
neodymium,Neodymium,2022-08-05,2022-08-05 23:00:00,2022-08-06,proxy,0.11147473797429752,0.05865329109303863,0.03910863890099536,0.06974555598944383,bullish,1,89.79861450195312
neodymium,Neodymium,2022-08-12,2022-08-12 23:00:00,2022-08-13,proxy,0.31019096340147834,0.08489886751897613,0.14584146838748513,0.18031043310264652,bullish,1,99.7678451538086
neodymium,Neodymium,2022-08-19,2022-08-19 23:00:00,2022-08-20,proxy,0.12454696875932103,-0.07172498694234852,0.04966712196629808,0.034163034594423526,neutral,0,90.78043365478516
neodymium,Neodymium,2022-08-26,2022-08-26 23:00:00,2022-08-27,proxy,0.07113516594521396,-0.0034198053968075293,0.08187590329845484,0.049863754615620426,neutral,0,93.53707122802734
neodymium,Neodymium,2022-09-02,2022-09-02 23:00:00,2022-09-03,proxy,-0.02785961425593908,-0.011333290361000392,0.010674702771577671,-0.009506067281787267,neutral,0,87.29685974121094
neodymium,Neodymium,2022-09-09,2022-09-09 23:00:00,2022-09-10,proxy,-0.020439143577569707,0.1456395331937821,0.11804725304039332,0.0810825475522019,neutral,0,97.72867584228516
neodymium,Neodymium,2022-09-16,2022-09-16 23:00:00,2022-09-17,proxy,-0.027558303700726094,0.06261357729684658,0.004952575986125751,0.013335949860748745,neutral,0,88.27867889404297
neodymium,Neodymium,2022-09-23,2022-09-23 23:00:00,2022-09-24,proxy,-0.13352845423414883,-0.010944668496240206,-0.07658383835260951,-0.07368565369433284,neutral,0,81.04721069335938
neodymium,Neodymium,2022-09-30,2022-09-30 23:00:00,2022-10-01,proxy,-0.09884284227804963,-0.02629114764377538,-0.10187803939741269,-0.0756706764397459,neutral,0,78.6681900024414
neodymium,Neodymium,2022-10-07,2022-10-07 23:00:00,2022-10-08,proxy,-0.18943193145895787,0.04029260942971269,-0.09825903846724204,-0.08246612016549575,neutral,0,79.21574401855469
neodymium,Neodymium,2022-10-14,2022-10-14 23:00:00,2022-10-15,proxy,-0.1433002015493572,-0.06315048519282018,-0.1349123808506213,-0.11378768919759956,neutral,0,75.62832641601562
neodymium,Neodymium,2022-10-21,2022-10-21 23:00:00,2022-10-22,proxy,0.02842176706812194,-0.04551338358603252,-0.04295268235688554,-0.020014766291598707,neutral,0,83.35071563720703
neodymium,Neodymium,2022-10-28,2022-10-28 23:00:00,2022-10-29,proxy,0.0262810418615802,-0.10092519305724579,-0.06486975040029941,-0.046504633865321665,neutral,0,80.73567199707031
neodymium,Neodymium,2022-11-04,2022-11-04 23:00:00,2022-11-05,proxy,0.11822199937859756,-0.11213089225161166,0.03719680627236466,0.014429304466450188,neutral,0,88.5807876586914
neodymium,Neodymium,2022-11-11,2022-11-11 23:00:00,2022-11-12,proxy,0.23442774138695643,0.028390154178081994,0.09038786884359928,0.11773525480287923,bullish,1,93.35770416259766
neodymium,Neodymium,2022-11-18,2022-11-18 23:00:00,2022-11-19,proxy,0.01880155918405091,-0.09214776627677557,0.00020383115860633794,-0.02438079197803944,neutral,0,84.91783905029297
neodymium,Neodymium,2022-11-25,2022-11-25 23:00:00,2022-11-26,proxy,0.04443410841578488,-0.03406502994972804,-0.0038939079574439317,0.002158390169537635,neutral,0,84.32308959960938
neodymium,Neodymium,2022-12-02,2022-12-02 23:00:00,2022-12-03,proxy,0.025045172624928558,-0.07090413336421664,0.0799763872932191,0.011372475517977007,neutral,0,90.79930877685547
neodymium,Neodymium,2022-12-09,2022-12-09 23:00:00,2022-12-10,proxy,-0.09030243006604544,-0.03796389258087318,0.013500501753820338,-0.03825527363103276,neutral,0,84.92727661132812
neodymium,Neodymium,2022-12-16,2022-12-16 23:00:00,2022-12-17,proxy,-0.08215670826553445,-0.038322623886616,-0.06698685113084601,-0.06248872776099882,neutral,0,77.94126892089844
neodymium,Neodymium,2022-12-23,2022-12-23 23:00:00,2022-12-24,proxy,-0.11683674743467387,-0.05335238964011646,-0.10477962945745478,-0.09165625551074837,neutral,0,74.47105407714844
neodymium,Neodymium,2022-12-30,2022-12-30 23:00:00,2022-12-31,proxy,-0.19660057471288517,-0.07912103343110244,-0.11754639179158766,-0.13108933331185843,neutral,0,72.94811248779297
neodymium,Neodymium,2023-01-06,2023-01-06 23:00:00,2023-01-07,proxy,-0.06853325868690074,0.04599608827252477,-0.04638716820544986,-0.022974779539941943,neutral,0,79.10693359375
neodymium,Neodymium,2023-01-13,2023-01-13 23:00:00,2023-01-14,proxy,0.0767698996800874,0.006887723462223327,0.011107944219991728,0.03158852245410082,bullish,1,83.92481231689453
neodymium,Neodymium,2023-01-20,2023-01-20 23:00:00,2023-01-21,proxy,0.1538263735430645,0.06429616716243691,0.02985856922807195,0.08266036997785779,bullish,1,85.92666625976562
neodymium,Neodymium,2023-01-27,2023-01-27 23:00:00,2023-01-28,proxy,0.25919120050243394,0.03697002212056866,0.09732981513701655,0.13116367925333972,bullish,1,91.85562133789062
neodymium,Neodymium,2023-02-03,2023-02-03 23:00:00,2023-02-04,proxy,0.13330913873132078,-0.039687066182947706,0.07497715914803993,0.05619974389880433,neutral,0,89.6526107788086
neodymium,Neodymium,2023-02-10,2023-02-10 23:00:00,2023-02-11,proxy,0.014152024423571552,0.002292560225638951,0.02034082402581694,0.012261802891675814,bullish,1,85.11251831054688
neodymium,Neodymium,2023-02-17,2023-02-17 23:00:00,2023-02-18,proxy,-0.04715189592437963,-0.02903153307210493,-0.01606394545363321,-0.030749124816705924,neutral,0,81.87506103515625
neodymium,Neodymium,2023-02-24,2023-02-24 23:00:00,2023-02-25,proxy,-0.11908228610347438,-0.10883414149794557,-0.01785473959069006,-0.08192372239737,neutral,0,80.91724395751953
neodymium,Neodymium,2023-03-03,2023-03-03 23:00:00,2023-03-04,proxy,-0.0643161780918593,-0.01225494511654579,0.019258014417232072,-0.019104369597057674,neutral,0,83.8864974975586
neodymium,Neodymium,2023-03-10,2023-03-10 23:00:00,2023-03-11,proxy,-0.11186139886201596,-0.030145210640884157,-0.07933701508236435,-0.07378120819508815,neutral,0,75.59171295166016
neodymium,Neodymium,2023-03-17,2023-03-17 23:00:00,2023-03-18,proxy,-0.12587741466080138,-0.0389710349377681,-0.1257580890774339,-0.09686884622533447,neutral,0,71.56884002685547
neodymium,Neodymium,2023-03-24,2023-03-24 23:00:00,2023-03-25,proxy,-0.10973030793462368,-0.012473833741831086,-0.11920918267341907,-0.08047110811662461,neutral,0,72.03816986083984
neodymium,Neodymium,2023-03-31,2023-03-31 23:00:00,2023-04-01,proxy,-0.06850871168806738,-0.012228915011943675,-0.04366676579151929,-0.04146813083051012,neutral,0,78.13954162597656
neodymium,Neodymium,2023-04-07,2023-04-07 23:00:00,2023-04-08,proxy,-0.0032944228562962197,-0.10225975126072784,-0.06975458697577519,-0.05843625369759975,neutral,0,75.34268188476562
neodymium,Neodymium,2023-04-14,2023-04-14 23:00:00,2023-04-15,proxy,0.10171308640927701,-0.08237650698152643,-0.019328708620271806,2.6236024929238155e-06,neutral,0,78.84832763671875
neodymium,Neodymium,2023-04-21,2023-04-21 23:00:00,2023-04-22,proxy,0.04892976595358678,-0.17737227671785838,-0.044047258294458325,-0.057496589686243306,neutral,0,75.56298065185547
neodymium,Neodymium,2023-04-28,2023-04-28 23:00:00,2023-04-29,proxy,-0.025373890367671792,-0.150534080359651,-0.02262828755882218,-0.06617875276204832,neutral,0,76.1568374633789
neodymium,Neodymium,2023-05-05,2023-05-05 23:00:00,2023-05-06,proxy,0.031400919221217904,-0.08699081057610214,0.005245298971086276,-0.01678153079459932,neutral,0,77.70851135253906
neodymium,Neodymium,2023-05-12,2023-05-12 23:00:00,2023-05-13,proxy,0.023930971915491872,-0.01392140988683066,0.04568429913657579,0.018564620388412334,neutral,0,80.73524475097656
neodymium,Neodymium,2023-05-19,2023-05-19 23:00:00,2023-05-20,proxy,0.07504116186773868,0.003906096416315785,0.051776498112775515,0.043574585465609994,bullish,1,81.23331451416016
neodymium,Neodymium,2023-05-26,2023-05-26 23:00:00,2023-05-27,proxy,0.02100354547156691,-0.07307608039929525,0.013462022036664356,-0.012870170963687996,neutral,0,77.75640106201172
neodymium,Neodymium,2023-06-02,2023-06-02 23:00:00,2023-06-03,proxy,0.0375939701985486,0.06664976442671278,0.045194904453307316,0.04981287969285623,bullish,1,80.6298828125
neodymium,Neodymium,2023-06-09,2023-06-09 23:00:00,2023-06-10,proxy,-0.0024913698848908483,0.12526769140501792,0.03394000104300687,0.052238774187711313,neutral,0,80.53410339355469
neodymium,Neodymium,2023-06-16,2023-06-16 23:00:00,2023-06-17,proxy,0.020398570056407106,0.1506449723988732,0.05197686493057918,0.07434013579528649,bullish,1,82.8903579711914
neodymium,Neodymium,2023-06-23,2023-06-23 23:00:00,2023-06-24,proxy,0.002463674561434148,-0.0024516920971545675,-0.01054745482251973,-0.0035118241194133835,neutral,0,77.94796752929688
neodymium,Neodymium,2023-06-30,2023-06-30 23:00:00,2023-07-01,proxy,-0.012116873826682029,0.05720819465422666,0.0065054852674570895,0.017198935365000573,neutral,0,79.65290069580078
neodymium,Neodymium,2023-07-07,2023-07-07 23:00:00,2023-07-08,proxy,0.005114171723776373,0.026603493746569784,0.020590554928488602,0.017436073466278252,bullish,1,80.94596862792969
neodymium,Neodymium,2023-07-14,2023-07-14 23:00:00,2023-07-15,proxy,0.0019644524582347334,0.09912541064686664,0.03898236189532289,0.04669074166680809,bullish,1,83.05319213867188
neodymium,Neodymium,2023-07-21,2023-07-21 23:00:00,2023-07-22,proxy,0.015851544848306753,0.03974332272526948,-0.01254183506923412,0.014351010834780705,bullish,1,79.18356323242188
neodymium,Neodymium,2023-07-28,2023-07-28 23:00:00,2023-07-29,proxy,-0.02116402217759794,0.0033279956329690386,-0.027972657261389644,-0.015269561268672849,neutral,0,77.96712493896484
neodymium,Neodymium,2023-08-04,2023-08-04 23:00:00,2023-08-05,proxy,-0.054313061099460436,-0.051844760931872846,-0.04147755438892531,-0.0492117921400862,neutral,0,76.54954528808594
neodymium,Neodymium,2023-08-11,2023-08-11 23:00:00,2023-08-12,proxy,-0.10448626063618893,-0.08442398167517307,-0.06199036974511363,-0.08363353735215855,neutral,0,74.37527465820312
neodymium,Neodymium,2023-08-18,2023-08-18 23:00:00,2023-08-19,proxy,-0.1254384440204156,-0.10938650294107344,-0.11874046695613161,-0.11785513797254021,neutral,0,69.25090026855469
neodymium,Neodymium,2023-08-25,2023-08-25 23:00:00,2023-08-26,proxy,-0.1299754474545094,-0.1587075334584872,-0.1249047816618789,-0.1378625875249585,neutral,0,67.83331298828125
neodymium,Neodymium,2023-09-01,2023-09-01 23:00:00,2023-09-02,proxy,-0.10122627174440191,-0.14569459004680474,-0.10108563582055685,-0.11600216587058783,neutral,0,68.80072021484375
neodymium,Neodymium,2023-09-08,2023-09-08 23:00:00,2023-09-09,proxy,-0.09298122914297935,-0.18615660670590417,-0.10354474255295065,-0.12756085946727805,neutral,0,67.45977020263672
neodymium,Neodymium,2023-09-15,2023-09-15 23:00:00,2023-09-16,proxy,-0.006500710488457795,-0.11735068410879501,-0.07636918375413759,-0.0667401927837968,neutral,0,68.80072021484375
neodymium,Neodymium,2023-09-22,2023-09-22 23:00:00,2023-09-23,proxy,-0.05182145006977801,-0.19252040058370168,-0.12147574092160829,-0.12193919719169599,neutral,0,64.3180923461914
neodymium,Neodymium,2023-09-29,2023-09-29 23:00:00,2023-09-30,proxy,-0.07656965386863912,-0.21512245811635522,-0.11465562778079508,-0.13544924658859647,neutral,0,63.53267288208008
neodymium,Neodymium,2023-10-06,2023-10-06 23:00:00,2023-10-07,proxy,-0.1103224272731087,-0.2773613744985738,-0.1406530649698562,-0.17611228891384623,neutral,0,60.0174446105957
neodymium,Neodymium,2023-10-13,2023-10-13 23:00:00,2023-10-14,proxy,-0.1207016352460143,-0.23599850386578425,-0.11404123611876427,-0.15691379174352094,neutral,0,60.496360778808594
neodymium,Neodymium,2023-10-20,2023-10-20 23:00:00,2023-10-21,proxy,-0.13849594456947623,-0.2893120345635961,-0.16555481254766147,-0.19778759722691128,neutral,0,55.41029739379883
neodymium,Neodymium,2023-10-27,2023-10-27 23:00:00,2023-10-28,proxy,-0.12151368120571782,-0.27089594440704756,-0.13703907546393168,-0.17648290035889902,neutral,0,55.812583923339844
neodymium,Neodymium,2023-11-03,2023-11-03 23:00:00,2023-11-04,proxy,-0.05138848625515968,-0.23451389934632105,-0.09947359653523324,-0.128458660712238,neutral,0,56.9332389831543
neodymium,Neodymium,2023-11-10,2023-11-10 23:00:00,2023-11-11,proxy,-0.1149461389094909,-0.22683261182784253,-0.1351992083750131,-0.15899265303744883,neutral,0,53.542537689208984
neodymium,Neodymium,2023-11-17,2023-11-17 23:00:00,2023-11-18,proxy,0.016594704600750854,-0.1695847891047264,-0.07587142313388773,-0.07628716921262109,neutral,0,56.32981491088867
neodymium,Neodymium,2023-11-24,2023-11-24 23:00:00,2023-11-25,proxy,-0.0036038710857420053,-0.1917026102014583,-0.07090372964933978,-0.0887367369788467,neutral,0,55.61144256591797
neodymium,Neodymium,2023-12-01,2023-12-01 23:00:00,2023-12-02,proxy,-0.023721336706978624,-0.176061432103077,-0.055770256854863365,-0.08518434188830633,neutral,0,55.582706451416016
neodymium,Neodymium,2023-12-08,2023-12-08 23:00:00,2023-12-09,proxy,0.025939139439670855,-0.20158706378728053,-0.04814593885554108,-0.07459795440105026,neutral,0,54.9313850402832
neodymium,Neodymium,2023-12-15,2023-12-15 23:00:00,2023-12-16,proxy,0.0018703116502103434,-0.122561519452271,-0.01082856810280497,-0.043839925301621875,neutral,0,56.4351692199707
neodymium,Neodymium,2023-12-22,2023-12-22 23:00:00,2023-12-23,proxy,0.05098171887542269,-0.08005429575503242,0.032094380141157286,0.0010072677538491837,neutral,0,58.44660949707031
neodymium,Neodymium,2023-12-29,2023-12-29 23:00:00,2023-12-30,proxy,0.060658282565259736,-0.017714627012295536,0.042690157051731514,0.028544604201565238,neutral,0,58.95425796508789
neodymium,Neodymium,2024-01-05,2024-01-05 23:00:00,2024-01-06,proxy,0.012554502857756278,-0.08058897172149293,-0.009142975795209063,-0.02572581488631524,neutral,0,55.62102127075195
neodymium,Neodymium,2024-01-12,2024-01-12 23:00:00,2024-01-13,proxy,-0.08010853756226877,-0.0630941758401462,-0.07035245271916368,-0.07118505537385955,neutral,0,51.91423034667969
neodymium,Neodymium,2024-01-19,2024-01-19 23:00:00,2024-01-20,proxy,-0.18420195558795172,-0.14570108784579305,-0.13567641613588433,-0.15519315318987636,neutral,0,47.68062973022461
neodymium,Neodymium,2024-01-26,2024-01-26 23:00:00,2024-01-27,proxy,-0.19366365988428613,-0.1650402919132684,-0.12587328220058358,-0.16152574466604605,neutral,0,47.53696060180664
neodymium,Neodymium,2024-02-02,2024-02-02 23:00:00,2024-02-03,proxy,-0.2090580319198294,-0.17835422209762075,-0.1790273133774679,-0.18881318913163936,neutral,0,43.99300003051758
neodymium,Neodymium,2024-02-09,2024-02-09 23:00:00,2024-02-10,proxy,-0.11273065978965102,-0.18228197660342926,-0.12647019460481124,-0.14049427699929717,neutral,0,46.06190490722656
neodymium,Neodymium,2024-02-16,2024-02-16 23:00:00,2024-02-17,proxy,0.009240758061861865,-0.1346882462766681,-0.07648470973658883,-0.06731073265046501,neutral,0,48.12123489379883
neodymium,Neodymium,2024-02-23,2024-02-23 23:00:00,2024-02-24,proxy,-0.02599231603120289,-0.16698254088881137,-0.09802209149969732,-0.09699898280657053,neutral,0,46.30136489868164
neodymium,Neodymium,2024-03-01,2024-03-01 23:00:00,2024-03-02,proxy,0.18266922326735546,-0.05283350971146883,0.018356772539853905,0.049397495365246846,neutral,0,52.02916717529297
neodymium,Neodymium,2024-03-08,2024-03-08 23:00:00,2024-03-09,proxy,0.05697651615108823,-0.1373047613916888,-0.0348734215049159,-0.03840055558183882,neutral,0,48.68635177612305
neodymium,Neodymium,2024-03-15,2024-03-15 23:00:00,2024-03-16,proxy,0.027866235032433906,-0.15372007100121476,-0.004721971242337419,-0.04352526907037276,neutral,0,49.46219253540039
neodymium,Neodymium,2024-03-22,2024-03-22 23:00:00,2024-03-23,proxy,0.048200203911391126,-0.17676683918378489,-0.0060483151019909975,-0.044871650124794916,neutral,0,48.53310012817383
neodymium,Neodymium,2024-03-29,2024-03-29 23:00:00,2024-03-30,proxy,-0.05449187609711881,-0.11555021608333804,0.01866022753577612,-0.05046062154822691,neutral,0,49.194000244140625
neodymium,Neodymium,2024-04-05,2024-04-05 23:00:00,2024-04-06,proxy,0.027346040280235462,-0.03653140229806673,0.03911779947189986,0.009977479151356198,neutral,0,50.017730712890625
neodymium,Neodymium,2024-04-12,2024-04-12 23:00:00,2024-04-13,proxy,0.010263286508316094,0.048011267289219006,0.0340247771497133,0.030766443649082802,bullish,1,49.9698371887207
neodymium,Neodymium,2024-04-19,2024-04-19 23:00:00,2024-04-20,proxy,-0.011249297611561015,0.00947002570872324,-0.00777345509078331,-0.0031842423312070287,neutral,0,47.98713684082031
neodymium,Neodymium,2024-04-26,2024-04-26 23:00:00,2024-04-27,proxy,-0.01966514659839491,0.0962333322147555,-0.010043777583996105,0.022174802677454825,neutral,0,48.226593017578125
neodymium,Neodymium,2024-05-03,2024-05-03 23:00:00,2024-05-04,proxy,0.01666027550044813,0.10397170913564824,0.0353468699330266,0.05199295152304099,bullish,1,50.85103988647461
neodymium,Neodymium,2024-05-10,2024-05-10 23:00:00,2024-05-11,proxy,0.04600347514938408,0.08618624329581381,0.056773044271641426,0.06298758757227978,bullish,1,52.26862335205078
neodymium,Neodymium,2024-05-17,2024-05-17 23:00:00,2024-05-18,proxy,0.13473052273771535,0.1760445721465278,0.08601172710904392,0.13226227399776236,bullish,1,54.45246887207031
neodymium,Neodymium,2024-05-24,2024-05-24 23:00:00,2024-05-25,proxy,0.05898715361557283,-0.018409379950369287,0.02020189800869865,0.020259890557967397,neutral,0,51.07134246826172
neodymium,Neodymium,2024-05-31,2024-05-31 23:00:00,2024-06-01,proxy,-0.026181941209853177,0.017115868065363138,-0.012164823325218399,-0.007076965489902813,neutral,0,49.51966094970703
neodymium,Neodymium,2024-06-07,2024-06-07 23:00:00,2024-06-08,proxy,-0.1066519504658695,-0.055964357221539585,-0.06422454597035387,-0.07561361788592098,neutral,0,46.69407272338867
neodymium,Neodymium,2024-06-14,2024-06-14 23:00:00,2024-06-15,proxy,-0.20422157503354965,-0.10716398086846768,-0.12399143513988853,-0.1451256636806353,neutral,0,43.33209991455078
neodymium,Neodymium,2024-06-21,2024-06-21 23:00:00,2024-06-22,proxy,-0.18567145646198113,-0.15459503755918935,-0.148321299570482,-0.16286259786388416,neutral,0,41.58885192871094
neodymium,Neodymium,2024-06-28,2024-06-28 23:00:00,2024-06-29,proxy,-0.17756289401925018,-0.185752610921054,-0.1525378934074073,-0.1719511327825705,neutral,0,40.726806640625
neodymium,Neodymium,2024-07-05,2024-07-05 23:00:00,2024-07-06,proxy,-0.09702562078190635,-0.1562199578252048,-0.11060220667375198,-0.12128259509362105,neutral,0,42.163551330566406
neodymium,Neodymium,2024-07-12,2024-07-12 23:00:00,2024-07-13,proxy,0.001105266632920321,-0.09600788264117766,-0.07747140164022182,-0.05745800588282638,neutral,0,43.3799934387207
neodymium,Neodymium,2024-07-19,2024-07-19 23:00:00,2024-07-20,proxy,-0.010363806870276937,-0.14657390198881348,-0.11362459890338972,-0.09018743592082672,neutral,0,41.157833099365234
neodymium,Neodymium,2024-07-26,2024-07-26 23:00:00,2024-07-27,proxy,-0.012464631902024403,-0.20907886884723859,-0.11699141974764216,-0.11284497349896838,neutral,0,40.21916198730469
neodymium,Neodymium,2024-08-02,2024-08-02 23:00:00,2024-08-03,proxy,-0.11108591918046651,-0.2829393224563065,-0.15425073822449908,-0.18275865995375737,neutral,0,37.479774475097656
neodymium,Neodymium,2024-08-09,2024-08-09 23:00:00,2024-08-10,proxy,-0.14639004098293984,-0.3199648209086092,-0.1361055232370122,-0.2008201283761871,neutral,0,37.02959442138672
neodymium,Neodymium,2024-08-16,2024-08-16 23:00:00,2024-08-17,proxy,-0.09285550962209799,-0.268942233989934,-0.10505672141688382,-0.1556181550096386,neutral,0,37.33610153198242
neodymium,Neodymium,2024-08-23,2024-08-23 23:00:00,2024-08-24,proxy,-0.03477033374649019,-0.21605423871078377,-0.049149675390061875,-0.09999141594911194,neutral,0,38.82072830200195
neodymium,Neodymium,2024-08-30,2024-08-30 23:00:00,2024-08-31,proxy,0.01942240169003906,-0.18174364578253743,-0.047668354296362625,-0.069996532796287,neutral,0,38.20772171020508
neodymium,Neodymium,2024-09-06,2024-09-06 23:00:00,2024-09-07,proxy,-0.06001028526995644,-0.19672856922772186,-0.11678209280283924,-0.12450698243350584,neutral,0,34.807437896728516
neodymium,Neodymium,2024-09-13,2024-09-13 23:00:00,2024-09-14,proxy,-0.0035916458193592238,-0.1054813548887259,-0.04718296191201554,-0.05208532087336689,neutral,0,37.202003479003906
neodymium,Neodymium,2024-09-20,2024-09-20 23:00:00,2024-09-21,proxy,-0.03626930785768678,-0.08137341368085982,-0.03495984395657936,-0.05086752183170865,neutral,0,37.41272735595703
neodymium,Neodymium,2024-09-27,2024-09-27 23:00:00,2024-09-28,proxy,0.14013543432084408,0.033166704695826166,0.1202890325588295,0.09786372385849991,bullish,1,43.56197738647461
neodymium,Neodymium,2024-10-04,2024-10-04 23:00:00,2024-10-05,proxy,0.31150243830908697,0.05232933558041131,0.1683042914649533,0.17737868845148386,bullish,1,45.65003967285156
neodymium,Neodymium,2024-10-11,2024-10-11 23:00:00,2024-10-12,proxy,0.2479403282226662,0.12799622662459642,0.17495911768259287,0.18363189084328516,bullish,1,46.425880432128906
neodymium,Neodymium,2024-10-18,2024-10-18 23:00:00,2024-10-19,proxy,0.19687664223439927,0.11336033079862196,0.12247150277048457,0.1442361586011686,bullish,1,44.778419494628906
neodymium,Neodymium,2024-10-25,2024-10-25 23:00:00,2024-10-26,proxy,0.037379096180212956,0.20572456376516546,0.11483936807027195,0.11931434267188346,bullish,1,45.190284729003906
neodymium,Neodymium,2024-11-01,2024-11-01 23:00:00,2024-11-02,proxy,0.01174992587878343,0.24728409741090163,0.11836106148889791,0.12579836159286098,bullish,1,46.186424255371094
neodymium,Neodymium,2024-11-08,2024-11-08 23:00:00,2024-11-09,proxy,-0.012172453749162093,0.2283222315141813,0.09169678656980396,0.10261552144494106,neutral,0,45.86076354980469
neodymium,Neodymium,2024-11-15,2024-11-15 23:00:00,2024-11-16,proxy,-0.025026677414303866,0.12459931444828287,0.029378092480789375,0.042983576504922794,neutral,0,43.65776443481445
neodymium,Neodymium,2024-11-22,2024-11-22 23:00:00,2024-11-23,proxy,-0.022891162704634538,0.15567808265337457,0.029094336036797674,0.0539604186618459,neutral,0,44.155826568603516
neodymium,Neodymium,2024-11-29,2024-11-29 23:00:00,2024-11-30,proxy,-0.047075885397919626,0.264446914213188,0.007730709386851942,0.0750339127340401,neutral,0,44.01215744018555
neodymium,Neodymium,2024-12-06,2024-12-06 23:00:00,2024-12-07,proxy,-0.0856307920297611,0.12718848778162894,-0.048450526199705024,-0.0022976101492790577,neutral,0,41.93367004394531
neodymium,Neodymium,2024-12-13,2024-12-13 23:00:00,2024-12-14,proxy,-0.062308135848273216,0.0942140124692048,-0.07720543870813634,-0.015099854029068252,neutral,0,40.937530517578125
neodymium,Neodymium,2024-12-20,2024-12-20 23:00:00,2024-12-21,proxy,-0.12407801689562625,-0.11213720097121493,-0.12008571511224253,-0.11876697765969457,neutral,0,38.677059173583984
neodymium,Neodymium,2024-12-27,2024-12-27 23:00:00,2024-12-28,proxy,-0.10879007565142018,-0.1407658835833956,-0.09663559112240971,-0.1153971834524085,neutral,0,39.22407150268555
neodymium,Neodymium,2025-01-03,2025-01-03 23:00:00,2025-01-04,proxy,-0.06274259369433788,-0.15343247222369671,-0.08227969182072736,-0.09948491924625398,neutral,0,39.302642822265625
neodymium,Neodymium,2025-01-10,2025-01-10 23:00:00,2025-01-11,proxy,-0.033458981796441245,-0.1163644703014739,-0.06662466824729407,-0.07214937344840307,neutral,0,39.56780242919922
neodymium,Neodymium,2025-01-17,2025-01-17 23:00:00,2025-01-18,proxy,0.08777903135815035,-0.06900135248272843,-0.0014293840330092955,0.005782764947470875,neutral,0,42.07209396362305
neodymium,Neodymium,2025-01-24,2025-01-24 23:00:00,2025-01-25,proxy,0.04456693043568327,-0.11289586432997611,-0.017402068480271482,-0.02857700079152144,neutral,0,40.97216796875
neodymium,Neodymium,2025-01-31,2025-01-31 23:00:00,2025-02-01,proxy,0.014742570867068094,-0.1303663146379126,-0.03197863771976761,-0.04920079383020404,neutral,0,39.88206481933594
neodymium,Neodymium,2025-02-07,2025-02-07 23:00:00,2025-02-08,proxy,0.029039392961863753,-0.06736343649999421,-0.005803160472273583,-0.014709068003468015,neutral,0,40.716827392578125
neodymium,Neodymium,2025-02-14,2025-02-14 23:00:00,2025-02-15,proxy,-0.03804860065063331,-0.08344350435867764,-0.0043333628616829545,-0.04194182262366464,neutral,0,40.471309661865234
neodymium,Neodymium,2025-02-21,2025-02-21 23:00:00,2025-02-22,proxy,-0.01174495894459604,-0.08000530096451375,0.003393356240140921,-0.029452301222989623,neutral,0,40.49095153808594
neodymium,Neodymium,2025-02-28,2025-02-28 23:00:00,2025-03-01,proxy,-0.019699576579047973,-0.067660784559879,-0.025454483445691012,-0.037604948194872666,neutral,0,39.096405029296875
neodymium,Neodymium,2025-03-07,2025-03-07 23:00:00,2025-03-08,proxy,0.009889005395706363,0.004444474263124443,0.024586832309778872,0.012973437322869893,bullish,1,41.119476318359375
neodymium,Neodymium,2025-03-14,2025-03-14 23:00:00,2025-03-15,proxy,0.03858280712102791,0.08676324660154955,0.04009714868679759,0.05514773413645835,bullish,1,42.032806396484375
neodymium,Neodymium,2025-03-21,2025-03-21 23:00:00,2025-03-22,proxy,0.03274316357120388,0.0660992544995771,0.02924826854996443,0.04269689554024847,bullish,1,41.81675338745117
neodymium,Neodymium,2025-03-28,2025-03-28 23:00:00,2025-03-29,proxy,0.026877647604306,0.021489180964834098,-0.013553197260565142,0.011604543769524986,bullish,1,40.14722442626953
neodymium,Neodymium,2025-04-04,2025-04-04 23:00:00,2025-04-05,proxy,-0.17219959433072363,-0.13973693034498458,-0.15406673353293987,-0.1553344194028827,neutral,0,34.038719177246094
neodymium,Neodymium,2025-04-11,2025-04-11 23:00:00,2025-04-12,proxy,-0.147196189586962,-0.14799255087543717,-0.09752124462980194,-0.13090332836406704,neutral,0,35.84573745727539
neodymium,Neodymium,2025-04-18,2025-04-18 23:00:00,2025-04-19,proxy,-0.12728987409335746,-0.10930014390246812,-0.07248792195182396,-0.10302597998254985,neutral,0,36.49390411376953
neodymium,Neodymium,2025-04-25,2025-04-25 23:00:00,2025-04-26,proxy,-0.06042071560876805,-0.05417383559238187,-0.03688068035803793,-0.05049174385306262,neutral,0,37.721500396728516
neodymium,Neodymium,2025-05-02,2025-05-02 23:00:00,2025-05-03,proxy,0.10213507808880506,-0.07862992229853039,-0.03557671622620795,-0.0040238534786444236,neutral,0,37.51526641845703
neodymium,Neodymium,2025-05-09,2025-05-09 23:00:00,2025-05-10,proxy,0.06630125644571594,-0.05556911282928745,-0.012642241745795202,-0.0006366993764555703,neutral,0,38.222354888916016
neodymium,Neodymium,2025-05-16,2025-05-16 23:00:00,2025-05-17,proxy,0.057858031509018026,-0.046567983675099844,0.0013161352522403913,0.004202061028719524,neutral,0,38.605369567871094
neodymium,Neodymium,2025-05-23,2025-05-23 23:00:00,2025-05-24,proxy,-0.022390027168018523,-0.05676967101211372,-0.03890453118263548,-0.039354743120922575,neutral,0,36.876914978027344
neodymium,Neodymium,2025-05-30,2025-05-30 23:00:00,2025-05-31,proxy,-0.04528795955259912,-0.12897050845218538,-0.05567058144331838,-0.07664301648270096,neutral,0,35.81627655029297
neodymium,Neodymium,2025-06-06,2025-06-06 23:00:00,2025-06-07,proxy,-0.003853984141937161,-0.09415882964951783,0.012690175006117466,-0.028440879595112507,neutral,0,38.07504653930664
neodymium,Neodymium,2025-06-13,2025-06-13 23:00:00,2025-06-14,proxy,0.008394723960061468,-0.0690465462952008,0.042083785938568985,-0.006189345465523448,neutral,0,38.92945098876953
neodymium,Neodymium,2025-06-20,2025-06-20 23:00:00,2025-06-21,proxy,0.031691117735667795,-0.0523482961519538,0.02322102875615406,0.0008546167799560189,neutral,0,38.04558563232422
neodymium,Neodymium,2025-06-27,2025-06-27 23:00:00,2025-06-28,proxy,0.13051817324530712,0.18955567414983632,0.07346496098020139,0.13117960279178162,bullish,1,40.49095153808594
neodymium,Neodymium,2025-07-04,2025-07-04 23:00:00,2025-07-05,proxy,0.079700775812795,0.14684925471532972,0.07733879079197159,0.10129627377336543,bullish,1,41.109657287597656
neodymium,Neodymium,2025-07-11,2025-07-11 23:00:00,2025-07-12,proxy,0.1690212032741989,0.24703987536713456,0.16961128354574728,0.19522412072902692,bullish,1,45.50935363769531
neodymium,Neodymium,2025-07-18,2025-07-18 23:00:00,2025-07-19,proxy,0.31156427553150756,0.3228326135552888,0.24983604051213448,0.2947443098663103,bullish,1,49.89923095703125
neodymium,Neodymium,2025-07-25,2025-07-25 23:00:00,2025-07-26,proxy,0.3320396892540931,0.43769616088502383,0.3061676806022766,0.35863451024713117,bullish,1,53.93555450439453
neodymium,Neodymium,2025-08-01,2025-08-01 23:00:00,2025-08-02,proxy,0.17916866558717226,0.26824262574726077,0.15013589816168693,0.19918239649870664,bullish,1,48.4752197265625
neodymium,Neodymium,2025-08-08,2025-08-08 23:00:00,2025-08-09,proxy,0.182347885214456,0.39379284885247934,0.23940583024655226,0.27184885477116255,bullish,1,53.80788803100586
neodymium,Neodymium,2025-08-15,2025-08-15 23:00:00,2025-08-16,proxy,0.1474118829574742,0.5525965386381095,0.26916168795720985,0.32305670318426455,bullish,1,57.25497055053711
neodymium,Neodymium,2025-08-22,2025-08-22 23:00:00,2025-08-23,proxy,0.07210499387433877,0.6144776314295568,0.23171333359312785,0.30609865296567446,bullish,1,57.82457733154297
neodymium,Neodymium,2025-08-29,2025-08-29 23:00:00,2025-08-30,proxy,0.27775528885016465,0.6267732810213658,0.2657457253533433,0.3900914317416246,bullish,1,61.93946838378906
neodymium,Neodymium,2025-09-05,2025-09-05 23:00:00,2025-09-06,proxy,0.11188171351215126,0.536831504807096,0.18058201137757735,0.2764317432322749,bullish,1,59.828006744384766
neodymium,Neodymium,2025-09-12,2025-09-12 23:00:00,2025-09-13,proxy,0.015094362753344637,0.527620008458481,0.11021482085437051,0.21764306402206537,bullish,1,58.119197845458984
neodymium,Neodymium,2025-09-19,2025-09-19 23:00:00,2025-09-20,proxy,0.053838256709199506,0.5049720852497441,0.12736191539699337,0.22872408578531234,bullish,1,60.93775177001953
neodymium,Neodymium,2025-09-26,2025-09-26 23:00:00,2025-09-27,proxy,0.0440779303642409,0.5731007316745,0.1544698014487207,0.2572161544958205,bullish,1,64.66963195800781
neodymium,Neodymium,2025-10-03,2025-10-03 23:00:00,2025-10-04,proxy,0.20403801358021356,0.5828656888966677,0.23713941719090137,0.34134770655592755,bullish,1,72.03519439697266
neodymium,Neodymium,2025-10-10,2025-10-10 23:00:00,2025-10-11,proxy,0.17387626177349502,0.36725046449815246,0.14175362878177755,0.22762678501780834,bullish,1,68.22474670410156
neodymium,Neodymium,2025-10-17,2025-10-17 23:00:00,2025-10-18,proxy,0.1518130246106506,0.3013474474148663,0.14858909029808576,0.20058318744120088,bullish,1,70.18889617919922
neodymium,Neodymium,2025-10-24,2025-10-24 23:00:00,2025-10-25,proxy,0.11586953767281272,0.48865487813169683,0.14393955618879306,0.2494879906644342,bullish,1,72.16287231445312
neodymium,Neodymium,2025-10-31,2025-10-31 23:00:00,2025-11-01,proxy,-0.03885478579977941,0.2867310887343619,0.07562423412179253,0.10783351235212502,neutral,0,69.23628234863281
neodymium,Neodymium,2025-11-07,2025-11-07 23:00:00,2025-11-08,proxy,-0.06132143728597639,0.11852484704725086,-0.013750437226940027,0.014484324178111482,neutral,0,64.04110717773438
neodymium,Neodymium,2025-11-14,2025-11-14 23:00:00,2025-11-15,proxy,-0.017629732997427427,0.1924252257796124,0.04692085321678641,0.0739054486663238,neutral,0,68.95148468017578
neodymium,Neodymium,2025-11-21,2025-11-21 23:00:00,2025-11-22,proxy,-0.061513351120448756,0.09338833508036548,0.020810508068708655,0.01756183067620846,neutral,0,67.72389221191406
neodymium,Neodymium,2025-11-28,2025-11-28 23:00:00,2025-11-29,proxy,0.06113474273873831,0.2280038840688714,0.08875247771454275,0.12596370150738415,bullish,1,73.46902465820312
neodymium,Neodymium,2025-12-05,2025-12-05 23:00:00,2025-12-06,proxy,0.10642547363615606,0.2191619115205119,0.0337787629593993,0.11978871603868908,bullish,1,70.8567123413086
neodymium,Neodymium,2025-12-12,2025-12-12 23:00:00,2025-12-13,proxy,0.03204663976943456,0.16776786153602874,0.0254740591275171,0.07509618681099346,bullish,1,71.16114807128906
neodymium,Neodymium,2025-12-19,2025-12-19 23:00:00,2025-12-20,proxy,0.05249424730299723,0.10220214341550138,0.01908392221226074,0.057926770976919784,bullish,1,71.27900695800781
neodymium,Neodymium,2025-12-26,2025-12-26 23:00:00,2025-12-27,proxy,0.04452179977594395,0.06531256708865918,0.09104455057136795,0.0669596391453237,bullish,1,76.73999786376953
neodymium,Neodymium,2026-01-02,2026-01-02 23:00:00,2026-01-03,proxy,0.08359527618860585,0.12539807750845022,0.08065955218977905,0.09655096862894504,bullish,1,76.77999877929688
neodymium,Neodymium,2026-01-09,2026-01-09 23:00:00,2026-01-10,proxy,0.19419101096852498,0.2107328649245488,0.17567645161601297,0.19353344250302892,bullish,1,84.9800033569336
neodymium,Neodymium,2026-01-16,2026-01-16 23:00:00,2026-01-17,proxy,0.2511397690727353,0.23581555784766595,0.21004254480859164,0.23233262390966428,bullish,1,89.18000030517578
neodymium,Neodymium,2026-01-23,2026-01-23 23:00:00,2026-01-24,proxy,0.2830336438015144,0.4220867404273174,0.2932257579420754,0.3327820473903024,bullish,1,98.45999908447266
neodymium,Neodymium,2026-01-30,2026-01-30 23:00:00,2026-01-31,proxy,0.11526437372785447,0.33710988187271007,0.09874635269856524,0.18370686943304326,bullish,1,85.62999725341797
neodymium,Neodymium,2026-02-06,2026-02-06 23:00:00,2026-02-07,proxy,0.019416260664924412,0.2563906006555494,0.09095510403442386,0.12225398845163256,bullish,1,86.62999725341797
neodymium,Neodymium,2026-02-13,2026-02-13 23:00:00,2026-02-14,proxy,0.005830866127909395,0.32449559555087215,0.10415184518108989,0.14482610228662382,bullish,1,89.69999694824219
neodymium,Neodymium,2026-02-20,2026-02-20 23:00:00,2026-02-21,proxy,-0.09607961783908359,0.21139487578678207,0.07835560173777889,0.06455695322849246,neutral,0,89.0
neodymium,Neodymium,2026-02-27,2026-02-27 23:00:00,2026-02-28,proxy,0.1661801216087928,0.40932308754797253,0.17551484709599863,0.2503393520842547,bullish,1,99.86000061035156
neodymium,Neodymium,2026-03-06,2026-03-06 23:00:00,2026-03-07,proxy,0.06810575681561759,0.30028816688849025,0.06686497036990047,0.14508629802466944,bullish,1,92.52999877929688
neodymium,Neodymium,2026-03-13,2026-03-13 23:00:00,2026-03-14,proxy,-0.002118113918346598,0.255769488889807,0.014277651910377775,0.08930967562727939,neutral,0,89.51000213623047
neodymium,Neodymium,2026-03-20,2026-03-20 23:00:00,2026-03-21,proxy,-0.11123597220088655,0.030753201407968334,-0.10567574812810587,-0.06205283964034136,neutral,0,79.0999984741211
neodymium,Neodymium,2026-03-27,2026-03-27 23:00:00,2026-03-28,proxy,-0.1377929306241572,0.12138577550143537,-0.035005801212984466,-0.017137652111902102,neutral,0,86.0999984741211
neodymium,Neodymium,2026-04-03,2026-04-03 23:00:00,2026-04-04,proxy,-0.039230490665802975,0.04612847745463733,-0.007258489298932802,-0.00012016750336614941,neutral,0,88.9000015258789
neodymium,Neodymium,2026-04-10,2026-04-10 23:00:00,2026-04-11,proxy,0.055747935925361425,0.05965462745704264,0.05007779273854318,0.05516011870698242,bullish,1,94.5
neodymium,Neodymium,2026-04-17,2026-04-17 23:00:00,2026-04-18,proxy,0.28482932002417094,0.03219579726205013,0.126000590675988,0.14767523598740304,bullish,1,101.62999725341797
neodymium,Neodymium,2026-04-24,2026-04-24 23:00:00,2026-04-25,proxy,0.14471543908584072,0.15099849024764134,0.07910437999171527,0.12493943644173244,bullish,1,98.55999755859375
neodymium,Neodymium,2026-05-01,2026-05-01 23:00:00,2026-05-02,proxy,0.19820016664519735,0.22959713748419497,0.1454686964006331,0.1910886668433418,bullish,1,106.5199966430664
neodymium,Neodymium,2026-05-08,2026-05-08 23:00:00,2026-05-09,proxy,0.12571425664992564,0.1859531869861748,0.12711570803896133,0.14626105055835392,bullish,1,106.37999725341797
neodymium,Neodymium,2026-05-15,2026-05-15 23:00:00,2026-05-16,proxy,-0.049788425615878595,0.08505617634633955,0.01638367257627582,0.017217141102245592,neutral,0,96.56999969482422
neodymium,Neodymium,2026-05-22,2026-05-22 23:00:00,2026-05-23,proxy,-0.017654199542112448,-0.03044262864957581,0.021739138456893015,-0.008785896578265081,neutral,0,96.81999969482422
neodymium,Neodymium,2026-05-29,2026-05-29 23:00:00,2026-05-30,proxy,-0.0646826850054818,0.07673185526626947,0.044868977739399796,0.01897271600006249,neutral,0,99.62999725341797
neodymium,Neodymium,2026-06-05,2026-06-05 23:00:00,2026-06-06,proxy,-0.1672306953829683,-0.010278245742186831,-0.07016533324649366,-0.08255809145721626,neutral,0,88.58999633789062
neodymium,Neodymium,2026-06-12,2026-06-12 23:00:00,2026-06-13,proxy,-0.011080042437667803,0.20733251380838458,-0.011813384414730232,0.061479695651995514,neutral,0,95.5
neodymium,Neodymium,2026-06-19,2026-06-19 23:00:00,2026-06-20,proxy,-0.01311708993048366,0.10975615267260541,-0.019287473729520888,0.025783863004200287,neutral,0,95.55000305175781
nickel,Nickel,2022-01-07,2022-01-07 23:00:00,2022-01-08,direct,,,,0.0,neutral,0,28470.0
nickel,Nickel,2022-01-14,2022-01-14 23:00:00,2022-01-15,direct,,,,0.0,neutral,0,28085.0
nickel,Nickel,2022-01-21,2022-01-21 23:00:00,2022-01-22,direct,,,,0.0,neutral,0,27495.0
nickel,Nickel,2022-01-28,2022-01-28 23:00:00,2022-01-29,direct,,,-0.03566591422121901,-0.011888638073739669,neutral,0,26700.0
nickel,Nickel,2022-02-04,2022-02-04 23:00:00,2022-02-05,direct,-0.03635405690200211,,-0.007309042226001372,-0.01455436637600116,neutral,0,27435.0
nickel,Nickel,2022-02-11,2022-02-11 23:00:00,2022-02-12,direct,-0.04112515577710518,,-0.021409320776428542,-0.020844825517844574,neutral,0,26930.0
nickel,Nickel,2022-02-18,2022-02-18 23:00:00,2022-02-19,direct,-0.023640661938534313,,-0.02107209835382362,-0.014904253430785977,neutral,0,26845.0
nickel,Nickel,2022-02-25,2022-02-25 23:00:00,2022-02-26,direct,0.01048689138576786,,-0.014159130355348548,-0.0012240796565268959,neutral,0,26980.0
nickel,Nickel,2022-03-04,2022-03-04 23:00:00,2022-03-05,direct,-0.057043921997448566,,-0.048935909480821826,-0.035326610492756795,neutral,0,25870.0
nickel,Nickel,2022-03-11,2022-03-11 23:00:00,2022-03-12,direct,-0.06832528778314151,,-0.07039644312708415,-0.04624057697007522,neutral,0,25090.0
nickel,Nickel,2022-03-18,2022-03-18 23:00:00,2022-03-19,direct,0.01471409945986224,,0.00841354243790815,0.007709213965923463,neutral,0,27240.0
nickel,Nickel,2022-03-25,2022-03-25 23:00:00,2022-03-26,direct,0.047627872498146706,,0.042331863370261624,0.029986578622802778,neutral,0,28265.0
nickel,Nickel,2022-04-01,2022-04-01 23:00:00,2022-04-02,direct,0.07344414379590258,-0.024587284861257497,0.026285397514667075,0.02504741881643739,neutral,0,27770.0
nickel,Nickel,2022-04-08,2022-04-08 23:00:00,2022-04-09,direct,0.07473096851335193,-0.03987893893537475,-1.5451890538864532e-05,0.011612192562479437,neutral,0,26965.0
nickel,Nickel,2022-04-15,2022-04-15 23:00:00,2022-04-16,direct,-0.013032305433186453,-0.02218585197308598,-0.0010991562814458566,-0.012105771229239429,neutral,0,26885.0
nickel,Nickel,2022-04-22,2022-04-22 23:00:00,2022-04-23,direct,-0.054307447373076245,0.0011235955056179137,-0.006950356805622171,-0.020044736224360166,neutral,0,26730.0
nickel,Nickel,2022-04-29,2022-04-29 23:00:00,2022-04-30,direct,-0.037810586964350024,-0.02606160014579917,-0.00511961277110673,-0.022997266627085306,neutral,0,26720.0
nickel,Nickel,2022-05-06,2022-05-06 23:00:00,2022-05-07,direct,-0.00278138327461519,-0.001485332343111767,0.0013343677269199716,-0.0009774492969356618,neutral,0,26890.0
nickel,Nickel,2022-05-13,2022-05-13 23:00:00,2022-05-14,direct,-0.0078110470522596565,-0.00633265040044706,-0.006147540983606592,-0.00676374614543777,neutral,0,26675.0
nickel,Nickel,2022-05-20,2022-05-20 23:00:00,2022-05-21,direct,-0.0005611672278339475,-0.009822090437361042,-0.0038376085639265645,-0.004740288743040518,neutral,0,26715.0
nickel,Nickel,2022-05-27,2022-05-27 23:00:00,2022-05-28,direct,0.01571856287425155,0.04909161190568234,0.00803194205859148,0.02428070561284179,bullish,1,27140.0
nickel,Nickel,2022-06-03,2022-06-03 23:00:00,2022-06-04,direct,0.02547415396058006,0.09904344360302919,0.016371287280769087,0.04696296161479278,bullish,1,27575.0
nickel,Nickel,2022-06-10,2022-06-10 23:00:00,2022-06-11,direct,0.02455482661668218,0.0033039647577093323,0.007062580605539548,0.011640457326643686,bullish,1,27330.0
nickel,Nickel,2022-06-17,2022-06-17 23:00:00,2022-06-18,direct,-0.028261276436458926,-0.08154961967097119,-0.03660064016328801,-0.04880384542357271,neutral,0,25960.0
nickel,Nickel,2022-06-24,2022-06-24 23:00:00,2022-06-25,direct,-0.008658806190125268,-0.03114872164205973,0.0011473223975937419,-0.012886735144863751,neutral,0,26905.0
nickel,Nickel,2022-07-01,2022-07-01 23:00:00,2022-07-02,direct,-0.04569356300997285,-0.02410532171333213,-0.018829231916480227,-0.029542705546595067,neutral,0,26315.0
nickel,Nickel,2022-07-08,2022-07-08 23:00:00,2022-07-09,direct,-0.023966337358214407,-0.0078110470522596565,-0.00475701893480085,-0.012178134448424971,neutral,0,26675.0
nickel,Nickel,2022-07-15,2022-07-15 23:00:00,2022-07-16,direct,0.037942989214175604,0.008043396932285729,0.004645093134894029,0.016877159760451788,bullish,1,26945.0
nickel,Nickel,2022-07-22,2022-07-22 23:00:00,2022-07-23,direct,0.027318342315554744,0.034431137724550975,0.02762071476151373,0.02979006493387315,bullish,1,27640.0
nickel,Nickel,2022-07-29,2022-07-29 23:00:00,2022-07-30,direct,0.06365190955728672,0.04090740052063957,0.037098791162984535,0.04721936708030361,bullish,1,27990.0
nickel,Nickel,2022-08-05,2022-08-05 23:00:00,2022-08-06,direct,0.05529522024367384,0.05529522024367384,0.03829839552468184,0.04962961200400984,bullish,1,28150.0
nickel,Nickel,2022-08-12,2022-08-12 23:00:00,2022-08-13,direct,0.06550380404527734,0.07467714766984845,0.052499732689752054,0.06422689480162595,bullish,1,28710.0
nickel,Nickel,2022-08-19,2022-08-19 23:00:00,2022-08-20,direct,0.03925470332850933,0.05840088430361101,0.04797519153593588,0.04854359305601874,bullish,1,28725.0
nickel,Nickel,2022-08-26,2022-08-26 23:00:00,2022-08-27,direct,0.00821722043586992,0.02339075249320044,0.027536297847162272,0.019714756925410876,bullish,1,28220.0
nickel,Nickel,2022-09-02,2022-09-02 23:00:00,2022-09-03,direct,-0.022557726465364136,0.006769118185144585,0.001304018195602774,-0.0048281966948722594,neutral,0,27515.0
nickel,Nickel,2022-09-09,2022-09-09 23:00:00,2022-09-10,direct,-0.01253918495297801,0.09206471494607094,0.024266875413982092,0.034597468469025006,neutral,0,28350.0
nickel,Nickel,2022-09-16,2022-09-16 23:00:00,2022-09-17,direct,-0.043167972149695366,0.02155733135104998,-0.008716037509016616,-0.010108892769220668,neutral,0,27485.0
nickel,Nickel,2022-09-23,2022-09-23 23:00:00,2022-09-24,direct,-0.0494330262225372,0.01938058141744259,-0.03400054016745191,-0.021350994990848842,neutral,0,26825.0
nickel,Nickel,2022-09-30,2022-09-30 23:00:00,2022-10-01,direct,-0.05542431401053971,-0.025679475164011256,-0.06214196574899633,-0.04774858497451576,neutral,0,25990.0
nickel,Nickel,2022-10-07,2022-10-07 23:00:00,2022-10-08,direct,-0.05714285714285716,-0.007979216923362453,-0.03481479252550179,-0.033312288863907136,neutral,0,26730.0
nickel,Nickel,2022-10-14,2022-10-14 23:00:00,2022-10-15,direct,-0.033654720756776446,-0.03907380607814759,-0.037826415094339705,-0.03685164730975458,neutral,0,26560.0
nickel,Nickel,2022-10-21,2022-10-21 23:00:00,2022-10-22,direct,0.010065237651444514,-0.03197570560914609,-0.0157860483419352,-0.012565505433212257,neutral,0,27095.0
nickel,Nickel,2022-10-28,2022-10-28 23:00:00,2022-10-29,direct,0.05790688726433246,-0.023268206039076422,0.0007279344858963643,0.011788871903717468,neutral,0,27495.0
nickel,Nickel,2022-11-04,2022-11-04 23:00:00,2022-11-05,direct,0.02974186307519644,-0.04127481713688608,0.0054335418474043,-0.002033137404761779,neutral,0,27525.0
nickel,Nickel,2022-11-11,2022-11-11 23:00:00,2022-11-12,direct,0.05873493975903621,-0.021061792863359408,0.029062852611997148,0.02224533316922465,neutral,0,28120.0
nickel,Nickel,2022-11-18,2022-11-18 23:00:00,2022-11-19,direct,0.0321092452482008,-0.009036144578313254,0.024187025987700617,0.015753375552529387,neutral,0,27965.0
nickel,Nickel,2022-11-25,2022-11-25 23:00:00,2022-11-26,direct,0.030732860520094496,0.029983645284390237,0.035314174378957564,0.032010226727814096,bullish,1,28340.0
nickel,Nickel,2022-12-02,2022-12-02 23:00:00,2022-12-03,direct,0.006721162579473194,-0.022574955908289285,0.014275256222547661,-0.0005261790354228099,neutral,0,27710.0
nickel,Nickel,2022-12-09,2022-12-09 23:00:00,2022-12-10,direct,-0.012091038406827903,0.010733127160269307,0.015923324241547077,0.00485513766499616,neutral,0,27780.0
nickel,Nickel,2022-12-16,2022-12-16 23:00:00,2022-12-17,direct,-0.022349365278026112,0.01919850885368124,-0.0017343678685531883,-0.001628408097632687,neutral,0,27340.0
nickel,Nickel,2022-12-23,2022-12-23 23:00:00,2022-12-24,direct,-0.07233592095977415,0.011542901115813686,-0.04094847241222066,-0.03391383075206037,neutral,0,26290.0
nickel,Nickel,2022-12-30,2022-12-30 23:00:00,2022-12-31,direct,-0.07055214723926384,-0.03647586980920314,-0.05767207866453239,-0.054900031904333124,neutral,0,25755.0
nickel,Nickel,2023-01-06,2023-01-06 23:00:00,2023-01-07,direct,-0.056875449964002844,-0.013554216867469826,-0.04033698090746762,-0.036922215912980096,neutral,0,26200.0
nickel,Nickel,2023-01-13,2023-01-13 23:00:00,2023-01-14,direct,-0.05541331382589609,-0.04687211662668389,-0.05039145689377811,-0.050892295782119366,neutral,0,25825.0
nickel,Nickel,2023-01-20,2023-01-20 23:00:00,2023-01-21,direct,0.024534043362495206,-0.020367339516275673,-0.007873290667157806,-0.0012355289403127578,neutral,0,26935.0
nickel,Nickel,2023-01-27,2023-01-27 23:00:00,2023-01-28,direct,0.06484177829547666,-0.0036330608537693543,0.010485591906289837,0.023898103115999048,neutral,0,27425.0
nickel,Nickel,2023-02-03,2023-02-03 23:00:00,2023-02-04,direct,0.05477099236641214,-0.017247510668563337,0.01974169741697418,0.019088393038274327,neutral,0,27635.0
nickel,Nickel,2023-02-10,2023-02-10 23:00:00,2023-02-11,direct,0.06815101645692168,-0.01358841408903988,0.01908749461240067,0.024550032326760823,neutral,0,27585.0
nickel,Nickel,2023-02-17,2023-02-17 23:00:00,2023-02-18,direct,0.021162056803415652,-0.029463655610444617,0.01875086809574511,0.0034830897629053816,neutral,0,27505.0
nickel,Nickel,2023-02-24,2023-02-24 23:00:00,2023-02-25,direct,-0.003463992707383734,-0.013713460844460457,0.013457764867662814,-0.001239896228060459,neutral,0,27330.0
nickel,Nickel,2023-03-03,2023-03-03 23:00:00,2023-03-04,direct,0.020626017731138147,0.015298776097912192,0.04453291361910927,0.026819235816053204,bullish,1,28205.0
nickel,Nickel,2023-03-10,2023-03-10 23:00:00,2023-03-11,direct,0.007069059271343159,0.01609363569861011,0.0273985268283663,0.016853740599439854,bullish,1,27780.0
nickel,Nickel,2023-03-17,2023-03-17 23:00:00,2023-03-18,direct,-0.01926922377749496,0.026055534423735205,-0.004474788946809971,0.0007705072331434248,neutral,0,26975.0
nickel,Nickel,2023-03-24,2023-03-24 23:00:00,2023-03-25,direct,0.0018294914013903263,0.06309454474859244,0.0054470897851766065,0.023457041978386457,bullish,1,27380.0
nickel,Nickel,2023-03-31,2023-03-31 23:00:00,2023-04-01,direct,-0.0003545470661230343,0.07614503816793894,0.029092844650596916,0.03496111191747094,neutral,0,28195.0
nickel,Nickel,2023-04-07,2023-04-07 23:00:00,2023-04-08,direct,-0.005759539236861011,0.06950629235237171,0.002631817769307654,0.022126190294939452,neutral,0,27620.0
nickel,Nickel,2023-04-14,2023-04-14 23:00:00,2023-04-15,direct,0.056163113994439406,0.05773157601633572,0.029371471584493936,0.04775538719842302,bullish,1,28490.0
nickel,Nickel,2023-04-21,2023-04-21 23:00:00,2023-04-22,direct,0.046749452154857485,0.0450319051959891,0.03167746580273567,0.04115294105119408,bullish,1,28660.0
nickel,Nickel,2023-04-28,2023-04-28 23:00:00,2023-04-29,direct,0.030324525625110788,0.0512031843676497,0.04129639309984312,0.040941367697534536,bullish,1,29050.0
nickel,Nickel,2023-05-05,2023-05-05 23:00:00,2023-05-06,direct,0.06860970311368564,0.06996556099329343,0.051900031184568096,0.06349176509718239,bullish,1,29515.0
nickel,Nickel,2023-05-12,2023-05-12 23:00:00,2023-05-13,direct,0.03808353808353804,0.07525904381021631,0.047597963249944586,0.05364684838123298,bullish,1,29575.0
nickel,Nickel,2023-05-19,2023-05-19 23:00:00,2023-05-20,direct,0.07658757850662945,0.1289791437980241,0.08168273444347074,0.09574981891604144,bullish,1,30855.0
nickel,Nickel,2023-05-26,2023-05-26 23:00:00,2023-05-27,direct,0.0843373493975903,0.1168232582875377,0.09376582415833568,0.09830881061448789,bullish,1,31500.0
nickel,Nickel,2023-06-02,2023-06-02 23:00:00,2023-06-03,direct,0.08300863967474159,0.15064794816414695,0.09663216879181213,0.11009625221023356,bullish,1,31965.0
nickel,Nickel,2023-06-09,2023-06-09 23:00:00,2023-06-10,direct,0.09399830938292486,0.19944392956441148,0.09319743214325937,0.1288798903635319,bullish,1,32355.0
nickel,Nickel,2023-06-16,2023-06-16 23:00:00,2023-06-17,direct,0.0910711391994814,0.22954711468224986,0.11768042164091352,0.14609955850754827,bullish,1,33665.0
nickel,Nickel,2023-06-23,2023-06-23 23:00:00,2023-06-24,direct,0.03730158730158739,0.15889342081929425,0.0715310514449683,0.08924201985528331,bullish,1,32675.0
nickel,Nickel,2023-06-30,2023-06-30 23:00:00,2023-07-01,direct,0.04614422024088838,0.21071687183200583,0.07944962272525524,0.11210357159938315,bullish,1,33440.0
nickel,Nickel,2023-07-07,2023-07-07 23:00:00,2023-07-08,direct,0.0026271055478288563,0.1386451386451386,0.036159650780553276,0.05914396499117358,bullish,1,32440.0
nickel,Nickel,2023-07-14,2023-07-14 23:00:00,2023-07-15,direct,-0.041437694935392844,0.12595952547103972,0.02091984023411242,0.035147223589919764,neutral,0,32270.0
nickel,Nickel,2023-07-21,2023-07-21 23:00:00,2023-07-22,direct,-0.000612088752869111,0.12409638554216862,0.023373638714058176,0.04895264516778589,neutral,0,32655.0
nickel,Nickel,2023-07-28,2023-07-28 23:00:00,2023-07-29,direct,-0.009718899521531155,0.12197187870574289,0.028123463817236294,0.04679214766714934,neutral,0,33115.0
nickel,Nickel,2023-08-04,2023-08-04 23:00:00,2023-08-05,direct,-0.012946979038224393,0.08267117497886733,-0.012122224936046644,0.0192006570015321,neutral,0,32020.0
nickel,Nickel,2023-08-11,2023-08-11 23:00:00,2023-08-12,direct,0.005732878834831201,0.051855452924971734,-0.0028037024234742747,0.018261543112109552,bullish,1,32455.0
nickel,Nickel,2023-08-18,2023-08-18 23:00:00,2023-08-19,direct,-0.036594702189557515,-0.0012698412698413097,-0.03327657068230416,-0.023713704713900996,neutral,0,31460.0
nickel,Nickel,2023-08-25,2023-08-25 23:00:00,2023-08-26,direct,-0.037898233428959704,-0.003284842796808962,-0.020721805281627037,-0.020634960502465233,neutral,0,31860.0
nickel,Nickel,2023-09-01,2023-09-01 23:00:00,2023-09-02,direct,0.023110555902560836,0.012517385257301727,0.005897931246241717,0.013841957468701427,bullish,1,32760.0
nickel,Nickel,2023-09-08,2023-09-08 23:00:00,2023-09-09,direct,0.009551686951163152,-0.026733996732511534,0.00837361989151475,-0.0029362299632778774,neutral,0,32765.0
nickel,Nickel,2023-09-15,2023-09-15 23:00:00,2023-09-16,direct,0.055467260012714625,0.016220351951032885,0.02052785923753664,0.03073849040042805,bullish,1,33205.0
nickel,Nickel,2023-09-22,2023-09-22 23:00:00,2023-09-23,direct,0.019774011299435124,-0.02840909090909094,0.0009884594153968251,-0.00254887339808633,neutral,0,32490.0
nickel,Nickel,2023-09-29,2023-09-29 23:00:00,2023-09-30,direct,-0.0283882783882784,-0.018803945745992645,-0.01780732093035209,-0.021666515021541044,neutral,0,31830.0
nickel,Nickel,2023-10-06,2023-10-06 23:00:00,2023-10-07,direct,-0.04455974362887227,-0.029903935543848736,-0.03160445452670657,-0.03535604456647586,neutral,0,31305.0
nickel,Nickel,2023-10-13,2023-10-13 23:00:00,2023-10-14,direct,-0.03900015057973194,-0.022814270402694792,-0.010989862465293432,-0.024268094482573388,neutral,0,31910.0
nickel,Nickel,2023-10-20,2023-10-20 23:00:00,2023-10-21,direct,-0.044475223145583276,-0.06250943681111276,-0.03262746523675353,-0.04653737506448319,neutral,0,31045.0
nickel,Nickel,2023-10-27,2023-10-27 23:00:00,2023-10-28,direct,-0.03927112786679232,-0.04497189256714551,-0.04354058879491218,-0.04259453640961667,neutral,0,30580.0
nickel,Nickel,2023-11-03,2023-11-03 23:00:00,2023-11-04,direct,0.04504072831815997,0.00801109228162078,0.022543465520609596,0.025198428706796783,bullish,1,32715.0
nickel,Nickel,2023-11-10,2023-11-10 23:00:00,2023-11-11,direct,0.030554685051707997,0.04529561347743161,0.024056052938886685,0.03330211715600876,bullish,1,32885.0
nickel,Nickel,2023-11-17,2023-11-17 23:00:00,2023-11-18,direct,0.08004509582863584,0.05241682360326427,0.03963619451191147,0.057366037981270525,bullish,1,33530.0
nickel,Nickel,2023-11-24,2023-11-24 23:00:00,2023-11-25,direct,0.10333551340745584,0.029914529914529808,0.04350515463917537,0.058918399320387005,bullish,1,33740.0
nickel,Nickel,2023-12-01,2023-12-01 23:00:00,2023-12-02,direct,0.02307809873146871,0.02151686250572249,0.033277163916080266,0.025957375051090487,bullish,1,33470.0
nickel,Nickel,2023-12-08,2023-12-08 23:00:00,2023-12-09,direct,-0.007450205260757237,-0.01701550971239274,0.009120420466841805,-0.00511509816876939,neutral,0,32640.0
nickel,Nickel,2023-12-15,2023-12-15 23:00:00,2023-12-16,direct,-0.025052192066805867,0.00615574022776233,0.010145748570840052,-0.0029169010894011618,neutral,0,32690.0
nickel,Nickel,2023-12-22,2023-12-22 23:00:00,2023-12-23,direct,-0.011262596324836949,0.04806786050895373,0.026803806397004193,0.021203023527040326,neutral,0,33360.0
nickel,Nickel,2023-12-29,2023-12-29 23:00:00,2023-12-30,direct,-0.0031371377352853447,0.06580418463504234,0.02155997244405894,0.02807567311460531,neutral,0,33365.0
nickel,Nickel,2024-01-05,2024-01-05 23:00:00,2024-01-06,direct,0.02313112745098045,0.04653713569413975,0.018619015543382966,0.029429092896167724,bullish,1,33395.0
nickel,Nickel,2024-01-12,2024-01-12 23:00:00,2024-01-13,direct,0.08840624044050172,0.14607827347398938,0.0728986053524312,0.10246103975564076,bullish,1,35580.0
nickel,Nickel,2024-01-19,2024-01-19 23:00:00,2024-01-20,direct,0.08872901678657064,0.1877043819489863,0.07964031806584249,0.1186912389337998,bullish,1,36320.0
nickel,Nickel,2024-01-26,2024-01-26 23:00:00,2024-01-27,direct,0.0774763974224486,0.09888430383616087,0.06014621859064939,0.07883563994975296,bullish,1,35950.0
nickel,Nickel,2024-02-02,2024-02-02 23:00:00,2024-02-03,direct,0.09043269950591415,0.10734377375703219,0.06462340573266245,0.08746662633186959,bullish,1,36415.0
nickel,Nickel,2024-02-09,2024-02-09 23:00:00,2024-02-10,direct,0.04426644182124795,0.10811213838353706,0.07674845440494593,0.07637567820324365,bullish,1,37155.0
nickel,Nickel,2024-02-16,2024-02-16 23:00:00,2024-02-17,direct,0.05451541850220254,0.13515115589804383,0.0978406267915155,0.09583573373058729,bullish,1,38300.0
nickel,Nickel,2024-02-23,2024-02-23 23:00:00,2024-02-24,direct,0.09791376912378302,0.1792650134448761,0.11539186134137158,0.13085688130334358,bullish,1,39470.0
nickel,Nickel,2024-03-01,2024-03-01 23:00:00,2024-03-02,direct,0.10448990800494307,0.2322303921568627,0.11665355605941419,0.15112461874040664,bullish,1,40220.0
nickel,Nickel,2024-03-08,2024-03-08 23:00:00,2024-03-09,direct,0.050598842686044865,0.19409605383909456,0.06807428773385915,0.10425639475299953,bullish,1,39035.0
nickel,Nickel,2024-03-15,2024-03-15 23:00:00,2024-03-16,direct,0.01422976501305473,0.16441846522781778,0.049746650152010075,0.07613162679762753,bullish,1,38845.0
nickel,Nickel,2024-03-22,2024-03-22 23:00:00,2024-03-23,direct,0.03242969343805413,0.22133972725910378,0.08321242260790584,0.11232728110168792,bullish,1,40750.0
nickel,Nickel,2024-03-29,2024-03-29 23:00:00,2024-03-30,direct,0.0037294878170064383,0.2088636023356789,0.05678322898715127,0.08979210637994554,bullish,1,40370.0
nickel,Nickel,2024-04-05,2024-04-05 23:00:00,2024-04-06,direct,0.007044959651594684,0.10483417650365379,0.020729649024105345,0.044202928393117936,bullish,1,39310.0
nickel,Nickel,2024-04-12,2024-04-12 23:00:00,2024-04-13,direct,-0.0006435834727763767,0.06883259911894268,0.0025826446280992066,0.023590553424755172,neutral,0,38820.0
nickel,Nickel,2024-04-19,2024-04-19 23:00:00,2024-04-20,direct,-0.09042944785276075,0.031015299026425636,-0.045034406501272106,-0.034816185109202404,neutral,0,37065.0
nickel,Nickel,2024-04-26,2024-04-26 23:00:00,2024-04-27,direct,-0.04991330195689869,0.05327474941644916,-0.01589711243438574,-0.004178554991611756,neutral,0,38355.0
nickel,Nickel,2024-05-03,2024-05-03 23:00:00,2024-05-04,direct,-0.014118544899516694,0.04306284483918721,-0.009024174559711828,0.006640041793319562,neutral,0,38755.0
nickel,Nickel,2024-05-10,2024-05-10 23:00:00,2024-05-11,direct,-0.016099948480164827,-0.002741514360313335,-0.02312496003751141,-0.013988807625996524,neutral,0,38195.0
nickel,Nickel,2024-05-17,2024-05-17 23:00:00,2024-05-18,direct,0.04532577903682711,-0.01836838104889793,-0.007524574941564444,0.006477607682121578,neutral,0,38745.0
nickel,Nickel,2024-05-24,2024-05-24 23:00:00,2024-05-25,direct,0.01160213792204412,-0.03530581800099453,-0.0030939202860537085,-0.008932533455001371,neutral,0,38800.0
nickel,Nickel,2024-05-31,2024-05-31 23:00:00,2024-06-01,direct,-0.003096374661334056,-0.010247214038683228,-0.006482443827749207,-0.006608677509255497,neutral,0,38635.0
nickel,Nickel,2024-06-07,2024-06-07 23:00:00,2024-06-08,direct,0.011912553999214648,-0.0050199510876560716,-0.005681209132811671,0.00040379792624896843,neutral,0,38650.0
nickel,Nickel,2024-06-14,2024-06-14 23:00:00,2024-06-15,direct,-0.007097690024519321,-0.05595092024539883,-0.005450589223775837,-0.022833066497897996,neutral,0,38470.0
nickel,Nickel,2024-06-21,2024-06-21 23:00:00,2024-06-22,direct,-0.008118556701030899,-0.0466930889274213,-0.0010058730004217642,-0.018605839542957987,neutral,0,38485.0
nickel,Nickel,2024-06-28,2024-06-28 23:00:00,2024-06-29,direct,0.03041283810016826,0.012719409819384353,0.0322720053588601,0.025134751092804237,bullish,1,39810.0
nickel,Nickel,2024-07-05,2024-07-05 23:00:00,2024-07-06,direct,0.0628719275549805,0.05821741370427613,0.06002644905331733,0.06037193010419132,bullish,1,41080.0
nickel,Nickel,2024-07-12,2024-07-12 23:00:00,2024-07-13,direct,0.07031453080322336,0.11088628085795227,0.05317006106723787,0.0781236242428045,bullish,1,41175.0
nickel,Nickel,2024-07-19,2024-07-19 23:00:00,2024-07-20,direct,0.03105105885409909,0.034545691565636805,0.012072776738649926,0.025889842386128608,bullish,1,39680.0
nickel,Nickel,2024-07-26,2024-07-26 23:00:00,2024-07-27,direct,-0.03868374780205974,-0.012514514256224962,-0.022883222161937944,-0.02469382807340755,neutral,0,38270.0
nickel,Nickel,2024-08-02,2024-08-02 23:00:00,2024-08-03,direct,-0.14909931840311585,-0.08482785704935203,-0.10132724877076837,-0.11175147474107876,neutral,0,34955.0
nickel,Nickel,2024-08-09,2024-08-09 23:00:00,2024-08-10,direct,-0.14329083181542202,-0.08955994321847982,-0.08630756445816301,-0.10638611316402162,neutral,0,35275.0
nickel,Nickel,2024-08-16,2024-08-16 23:00:00,2024-08-17,direct,-0.051159274193548376,-0.029639175257731964,-0.02236359505339347,-0.034387348168224606,neutral,0,37650.0
nickel,Nickel,2024-08-23,2024-08-23 23:00:00,2024-08-24,direct,0.001567807682257616,-0.007894396272809634,-0.004049108979494731,-0.0034585658566822497,neutral,0,38330.0
nickel,Nickel,2024-08-30,2024-08-30 23:00:00,2024-08-31,direct,0.11543412959519372,0.008796895213454059,0.012354761235043421,0.04552859534789707,bullish,1,38990.0
nickel,Nickel,2024-09-06,2024-09-06 23:00:00,2024-09-07,direct,-0.0005669737774628425,-0.08357161424486614,-0.0782102820537961,-0.054116290025375026,neutral,0,35255.0
nickel,Nickel,2024-09-13,2024-09-13 23:00:00,2024-09-14,direct,-0.03067729083665338,-0.051708457840717204,-0.04163338548904172,-0.0413397113888041,neutral,0,36495.0
nickel,Nickel,2024-09-20,2024-09-20 23:00:00,2024-09-21,direct,-0.003913383772501944,-0.04094448630997238,0.006204223264190123,-0.012884548939428067,neutral,0,38180.0
nickel,Nickel,2024-09-27,2024-09-27 23:00:00,2024-09-28,direct,-0.037701974865350096,-0.08666017526777026,-0.0033977090365778784,-0.042586619723232744,neutral,0,37520.0
nickel,Nickel,2024-10-04,2024-10-04 23:00:00,2024-10-05,direct,0.12423769678059848,-0.03740133576199145,0.05638166735149408,0.0477393427900337,neutral,0,39635.0
nickel,Nickel,2024-10-11,2024-10-11 23:00:00,2024-10-12,direct,0.09275243183997817,0.00504032258064524,0.06243964167970972,0.05341079870011104,bullish,1,39880.0
nickel,Nickel,2024-10-18,2024-10-18 23:00:00,2024-10-19,direct,0.025798847564169725,0.023386464593676548,0.04132231404958664,0.03016920873581097,bullish,1,39165.0
nickel,Nickel,2024-10-25,2024-10-25 23:00:00,2024-10-26,direct,0.015325159914712172,0.08982978114718931,0.005874975245890868,0.03700997210259745,bullish,1,38095.0
nickel,Nickel,2024-11-01,2024-11-01 23:00:00,2024-11-02,direct,-0.025860981455784082,0.09454287739192058,0.012046613732921374,0.02690950322301929,neutral,0,38610.0
nickel,Nickel,2024-11-08,2024-11-08 23:00:00,2024-11-09,direct,-0.01868104312938812,0.03944223107569722,0.02249123647368778,0.014417474806665628,neutral,0,39135.0
nickel,Nickel,2024-11-15,2024-11-15 23:00:00,2024-11-16,direct,-0.029362951614962385,-0.008218105922254137,-0.006089656299362645,-0.014556904612193056,neutral,0,38015.0
nickel,Nickel,2024-11-22,2024-11-22 23:00:00,2024-11-23,direct,0.01312508203176277,-0.01013080276994105,0.009943739369357552,0.004312672877059757,neutral,0,38595.0
nickel,Nickel,2024-11-29,2024-11-29 23:00:00,2024-11-30,direct,-0.008029008029008078,0.08637072755637498,-0.004386677497969171,0.02465168067646591,neutral,0,38300.0
nickel,Nickel,2024-12-06,2024-12-06 23:00:00,2024-12-07,direct,0.0051105148843746395,0.07781887929853415,0.01626602650361164,0.03306514022884014,bullish,1,39335.0
nickel,Nickel,2024-12-13,2024-12-13 23:00:00,2024-12-14,direct,0.040510324871761094,0.036013619696176,0.01893353941267395,0.03181916132687035,bullish,1,39555.0
nickel,Nickel,2024-12-20,2024-12-20 23:00:00,2024-12-21,direct,0.006995724834823136,0.035847547974413585,-0.001723086143604835,0.013706728888543962,bullish,1,38865.0
nickel,Nickel,2024-12-27,2024-12-27 23:00:00,2024-12-28,direct,0.046605744125326476,0.011353601614734421,0.028622750649544892,0.028860698796535262,bullish,1,40085.0
nickel,Nickel,2025-01-03,2025-01-03 23:00:00,2025-01-04,direct,0.020846574297699316,0.006895687061183597,0.029813425658780535,0.019185229005887816,bullish,1,40155.0
nickel,Nickel,2025-01-10,2025-01-10 23:00:00,2025-01-11,direct,-0.020351409429907763,-0.01059619558279079,-0.005336955475459537,-0.012094853496052696,neutral,0,38750.0
nickel,Nickel,2025-01-17,2025-01-17 23:00:00,2025-01-18,direct,-0.0014151550238002963,0.01876886730542071,-0.005318126481706931,0.004011861933304495,neutral,0,38810.0
nickel,Nickel,2025-01-24,2025-01-24 23:00:00,2025-01-25,direct,0.009105650492702955,0.047656047656047695,0.03265610041484934,0.02980593285453333,bullish,1,40450.0
nickel,Nickel,2025-01-31,2025-01-31 23:00:00,2025-02-01,direct,-0.02141700908977706,0.004088411907499756,0.0028285234257034997,-0.004833357918857935,neutral,0,39295.0
nickel,Nickel,2025-02-07,2025-02-07 23:00:00,2025-02-08,direct,-0.010322580645161339,0.008812310929896094,-0.021985144885186436,-0.007831804866817227,neutral,0,38350.0
nickel,Nickel,2025-02-14,2025-02-14 23:00:00,2025-02-15,direct,0.007472300953362598,0.013084596450317454,-0.003927396242437098,0.005543167053747651,bullish,1,39100.0
nickel,Nickel,2025-02-21,2025-02-21 23:00:00,2025-02-22,direct,-0.057354758961681074,-0.004438642297650119,-0.02828746177370034,-0.030026954344343843,neutral,0,38130.0
nickel,Nickel,2025-02-28,2025-02-28 23:00:00,2025-03-01,direct,-0.043389744242270045,-0.04436252701156729,-0.03848572372558012,-0.04207933165980582,neutral,0,37590.0
nickel,Nickel,2025-03-07,2025-03-07 23:00:00,2025-03-08,direct,-0.02816166883963489,-0.0577676652761977,-0.042004926635964335,-0.042644753583932306,neutral,0,37270.0
nickel,Nickel,2025-03-14,2025-03-14 23:00:00,2025-03-15,direct,-0.03874680306905376,-0.03293451691753502,-0.03125201366067398,-0.03431111121575425,neutral,0,37585.0
nickel,Nickel,2025-03-21,2025-03-21 23:00:00,2025-03-22,direct,-0.013244164699711458,-0.06136958962205319,-0.02506963788300831,-0.033227797401590986,neutral,0,37625.0
nickel,Nickel,2025-03-28,2025-03-28 23:00:00,2025-03-29,direct,-0.03205639797818571,-0.09388619100983686,-0.049462271955414305,-0.058468286981145624,neutral,0,36385.0
nickel,Nickel,2025-04-04,2025-04-04 23:00:00,2025-04-05,direct,-0.13683928092299436,-0.1698064516129032,-0.14736284124039223,-0.15133619125876327,neutral,0,32170.0
nickel,Nickel,2025-04-11,2025-04-11 23:00:00,2025-04-12,direct,-0.10642543567912732,-0.1346302499355836,-0.09946708078697764,-0.11350758880056284,neutral,0,33585.0
nickel,Nickel,2025-04-18,2025-04-18 23:00:00,2025-04-19,direct,-0.08425249169435212,-0.14820766378244743,-0.06359559722788422,-0.09868525090156126,neutral,0,34455.0
nickel,Nickel,2025-04-25,2025-04-25 23:00:00,2025-04-26,direct,-0.011268379826851693,-0.08448912075327653,-0.014878371594176487,-0.03687862405810157,neutral,0,35975.0
nickel,Nickel,2025-05-02,2025-05-02 23:00:00,2025-05-03,direct,0.15666770282872244,-0.029726205997392396,0.021597876818888917,0.049513124550072986,neutral,0,37210.0
nickel,Nickel,2025-05-09,2025-05-09 23:00:00,2025-05-10,direct,0.11567664135774902,-0.041687979539641984,0.0325869789872546,0.03552521360178721,neutral,0,37470.0
nickel,Nickel,2025-05-16,2025-05-16 23:00:00,2025-05-17,direct,0.1027427078798433,-0.003540519276160503,0.04737948382205981,0.048860557475247535,neutral,0,37995.0
nickel,Nickel,2025-05-23,2025-05-23 23:00:00,2025-05-24,direct,0.024461431549687385,-0.019553072625698276,0.017672235261631863,0.007526864728540324,neutral,0,36855.0
nickel,Nickel,2025-05-30,2025-05-30 23:00:00,2025-05-31,direct,0.013302875571083117,0.01167158572578475,0.04010206544601913,0.02169217558096233,bullish,1,37705.0
nickel,Nickel,2025-06-06,2025-06-06 23:00:00,2025-06-07,direct,0.013877768881772168,0.010775575362511614,0.046989113958936235,0.02388081940107334,bullish,1,37990.0
nickel,Nickel,2025-06-13,2025-06-13 23:00:00,2025-06-14,direct,-0.0010527701013290924,0.008770764119601315,0.045232358003442386,0.017650117340571536,neutral,0,37955.0
nickel,Nickel,2025-06-20,2025-06-20 23:00:00,2025-06-21,direct,0.03961470628137298,0.05304383674591184,0.05049351124108936,0.0477173514227914,bullish,1,38315.0
nickel,Nickel,2025-06-27,2025-06-27 23:00:00,2025-06-28,direct,0.07624983423949083,0.26142368666459426,0.09161828330605948,0.1430972680700482,bullish,1,40580.0
nickel,Nickel,2025-07-04,2025-07-04 23:00:00,2025-07-05,direct,0.05830481705712032,0.19711180586571375,0.06571535861809985,0.10704399384697798,bullish,1,40205.0
nickel,Nickel,2025-07-11,2025-07-11 23:00:00,2025-07-12,direct,0.04149650902384394,0.1472935713249166,0.0362069530456437,0.07499901113146808,bullish,1,39530.0
nickel,Nickel,2025-07-18,2025-07-18 23:00:00,2025-07-19,direct,0.03588672843533858,0.10326615705350939,0.032026002166847256,0.057059629218565076,bullish,1,39690.0
nickel,Nickel,2025-07-25,2025-07-25 23:00:00,2025-07-26,direct,0.019960571710202046,0.1123353937113678,0.06656931798660026,0.06628842780272337,bullish,1,41390.0
nickel,Nickel,2025-08-01,2025-08-01 23:00:00,2025-08-02,direct,-0.006093769431662732,0.06645316253002398,0.02424333041416582,0.02820090783750902,neutral,0,39960.0
nickel,Nickel,2025-08-08,2025-08-08 23:00:00,2025-08-09,direct,0.06956741715153059,0.11277799710488212,0.07388005206845105,0.08540848877495459,bullish,1,42280.0
nickel,Nickel,2025-08-15,2025-08-15 23:00:00,2025-08-16,direct,0.09460821365583261,0.17880884547551212,0.0882902441315534,0.1205691010876327,bullish,1,43445.0
nickel,Nickel,2025-08-22,2025-08-22 23:00:00,2025-08-23,direct,0.038052669726987176,0.13950404455642484,0.06457707436429527,0.0807112628825691,bullish,1,42965.0
nickel,Nickel,2025-08-29,2025-08-29 23:00:00,2025-08-30,direct,0.05305305305305308,0.1076599105027638,0.03391721864474451,0.06487672740018713,bullish,1,42080.0
nickel,Nickel,2025-09-05,2025-09-05 23:00:00,2025-09-06,direct,0.014427625354777707,0.1300223949413779,0.043277319441347606,0.06257577991250107,bullish,1,42890.0
nickel,Nickel,2025-09-12,2025-09-12 23:00:00,2025-09-13,direct,0.02831165841869021,0.1659924311627301,0.07286517640937373,0.08905642199693135,bullish,1,44675.0
nickel,Nickel,2025-09-19,2025-09-19 23:00:00,2025-09-20,direct,0.05353194460607469,0.11545096106456376,0.07693680297397765,0.08197323621487203,bullish,1,45265.0
nickel,Nickel,2025-09-26,2025-09-26 23:00:00,2025-09-27,direct,0.07640209125475295,0.12660116900882978,0.06688388800015699,0.0899623827545799,bullish,1,45295.0
nickel,Nickel,2025-10-03,2025-10-03 23:00:00,2025-10-04,direct,0.0719281883889018,0.16304072856058682,0.0693725649822643,0.10144716064391764,bullish,1,45975.0
nickel,Nickel,2025-10-10,2025-10-10 23:00:00,2025-10-11,direct,0.02842753217683258,0.15759637188208608,0.05587314354658002,0.08063234920183289,bullish,1,45945.0
nickel,Nickel,2025-10-17,2025-10-17 23:00:00,2025-10-18,direct,0.06616591185242471,0.16598212128533452,0.09467237517366534,0.10894013610380819,bullish,1,48260.0
nickel,Nickel,2025-10-24,2025-10-24 23:00:00,2025-10-25,direct,0.09283585384700288,0.23873873873873874,0.10291045815346056,0.14482835024640073,bullish,1,49500.0
nickel,Nickel,2025-10-31,2025-10-31 23:00:00,2025-11-01,direct,0.13572593800978794,0.23498107852412486,0.14233104227817184,0.17101268627069488,bullish,1,52215.0
nickel,Nickel,2025-11-07,2025-11-07 23:00:00,2025-11-08,direct,0.0954402002394168,0.15847623431925428,0.08744227081626588,0.11378623512497898,bullish,1,50330.0
nickel,Nickel,2025-11-14,2025-11-14 23:00:00,2025-11-15,direct,0.04496477414007449,0.17374607238449902,0.07515190278221939,0.09795424976893097,bullish,1,50430.0
nickel,Nickel,2025-11-21,2025-11-21 23:00:00,2025-11-22,direct,-0.014444444444444482,0.15933935361216722,0.02783703352558531,0.05757731423110268,neutral,0,48785.0
nickel,Nickel,2025-11-28,2025-11-28 23:00:00,2025-11-29,direct,-0.038015895815378675,0.17113546281184422,0.044816737591111266,0.05931210152919227,neutral,0,50230.0
nickel,Nickel,2025-12-05,2025-12-05 23:00:00,2025-12-06,direct,0.006954102920723182,0.13441522104085069,0.04331715016040216,0.06156215804065868,bullish,1,50680.0
nickel,Nickel,2025-12-12,2025-12-12 23:00:00,2025-12-13,direct,-0.009914733293674427,0.10305975919584665,0.019716631919329375,0.0376205526071672,neutral,0,49930.0
nickel,Nickel,2025-12-19,2025-12-19 23:00:00,2025-12-20,direct,0.030234703289945708,0.10961474776465385,0.017855334660951128,0.052568261905183565,bullish,1,50260.0
nickel,Nickel,2025-12-26,2025-12-26 23:00:00,2025-12-27,direct,0.009854668524786003,0.10331702011963029,0.01910294831656323,0.04409154565365984,bullish,1,50725.0
nickel,Nickel,2026-01-02,2026-01-02 23:00:00,2026-01-03,direct,0.006906077348066253,0.11067580803134192,0.016576053123054546,0.044719312834154236,bullish,1,51030.0
nickel,Nickel,2026-01-09,2026-01-09 23:00:00,2026-01-10,direct,0.07390346485079102,0.11106506423539164,0.058750935851974884,0.08123982164605252,bullish,1,53620.0
nickel,Nickel,2026-01-16,2026-01-16 23:00:00,2026-01-17,direct,0.06784719458814159,0.08424242424242423,0.05251632197808487,0.06820198026955022,bullish,1,53670.0
nickel,Nickel,2026-01-23,2026-01-23 23:00:00,2026-01-24,direct,0.04199112863479537,0.012257014267930577,0.03545045670114044,0.029899533201288797,bullish,1,52855.0
nickel,Nickel,2026-01-30,2026-01-30 23:00:00,2026-01-31,direct,0.047912992357436845,0.062487581959070226,0.042245285776933095,0.05088195336448006,bullish,1,53475.0
nickel,Nickel,2026-02-06,2026-02-06 23:00:00,2026-02-07,direct,0.05212607236105926,0.11867935752528247,0.0889612739775607,0.08658890128796748,bullish,1,56415.0
nickel,Nickel,2026-02-13,2026-02-13 23:00:00,2026-02-14,direct,0.07322526551145891,0.1806907861022855,0.09629018699741465,0.11673541287038636,bullish,1,57600.0
nickel,Nickel,2026-02-20,2026-02-20 23:00:00,2026-02-21,direct,0.08116545265348596,0.13766673302807098,0.07583090813532989,0.0982210312722956,bullish,1,57145.0
nickel,Nickel,2026-02-27,2026-02-27 23:00:00,2026-02-28,direct,0.09742870500233747,0.15795185477505913,0.09112037309617138,0.115500310957856,bullish,1,58685.0
nickel,Nickel,2026-03-06,2026-03-06 23:00:00,2026-03-07,direct,-0.042541877160329644,0.08181454035649915,-0.0020246499203228074,0.012416004425282234,neutral,0,54015.0
nickel,Nickel,2026-03-13,2026-03-13 23:00:00,2026-03-14,direct,-0.07456597222222228,0.06058495821727017,-0.019738253593649446,-0.011239755866200518,neutral,0,53305.0
nickel,Nickel,2026-03-20,2026-03-20 23:00:00,2026-03-21,direct,-0.10263365123807855,0.010941350418925522,-0.057778730506281684,-0.04982367710847824,neutral,0,51280.0
nickel,Nickel,2026-03-27,2026-03-27 23:00:00,2026-03-28,direct,-0.12089971883786321,0.010973936899862924,-0.052894875737200864,-0.054273552558400384,neutral,0,51590.0
nickel,Nickel,2026-04-03,2026-04-03 23:00:00,2026-04-04,direct,-0.013329630658150515,-0.0060611712047743405,-0.021107250547196643,-0.013499350803373833,neutral,0,53295.0
nickel,Nickel,2026-04-10,2026-04-10 23:00:00,2026-04-11,direct,0.07579026357752561,0.06847400782560098,0.04738928927481534,0.06388452022598064,bullish,1,57345.0
nickel,Nickel,2026-04-17,2026-04-17 23:00:00,2026-04-18,direct,0.16175897035881426,0.12714028947119482,0.07710271573317273,0.12200065852106061,bullish,1,59575.0
nickel,Nickel,2026-04-24,2026-04-24 23:00:00,2026-04-25,direct,0.16437294049234352,0.1233286582515194,0.0753669889008235,0.1210228625482288,bullish,1,60070.0
nickel,Nickel,2026-05-01,2026-05-01 23:00:00,2026-05-02,direct,0.11558307533539725,0.05388637773641758,0.05955209694665564,0.07634051667282349,bullish,1,59455.0
nickel,Nickel,2026-05-08,2026-05-08 23:00:00,2026-05-09,direct,0.11021013165925542,0.10529513888888897,0.12445082238657679,0.11331869764490705,bullish,1,63665.0
nickel,Nickel,2026-05-15,2026-05-15 23:00:00,2026-05-16,direct,0.03776751993285776,0.08189692886516764,0.08448264520797255,0.06804903133533265,bullish,1,61825.0
nickel,Nickel,2026-05-22,2026-05-22 23:00:00,2026-05-23,direct,0.054353254536374296,0.07923660219817674,0.10346930330814286,0.0790197200142313,bullish,1,63335.0
nickel,Nickel,2026-05-29,2026-05-29 23:00:00,2026-05-30,direct,0.11386763098141461,0.22604831991113583,0.1337227964306349,0.1578795824410618,bullish,1,66225.0
nickel,Nickel,2026-06-05,2026-06-05 23:00:00,2026-06-06,direct,0.0056545982879132595,0.2011068380076917,0.07955064389441957,0.09543736006334151,bullish,1,64025.0
nickel,Nickel,2026-06-12,2026-06-12 23:00:00,2026-06-13,direct,0.08459361099878682,0.3076248049921997,0.10612267341159654,0.1661136964675277,bullish,1,67055.0
nickel,Nickel,2026-06-19,2026-06-19 23:00:00,2026-06-20,direct,0.1368911344438304,0.39571622407443297,0.15535350158783223,0.22932028670203186,bullish,1,72005.0
palladium,Palladium,2022-01-07,2022-01-07 23:00:00,2022-01-08,direct,,,,0.0,neutral,0,1917.5999755859375
palladium,Palladium,2022-01-14,2022-01-14 23:00:00,2022-01-15,direct,,,,0.0,neutral,0,1874.199951171875
palladium,Palladium,2022-01-21,2022-01-21 23:00:00,2022-01-22,direct,,,,0.0,neutral,0,2100.300048828125
palladium,Palladium,2022-01-28,2022-01-28 23:00:00,2022-01-29,direct,,,0.14695911881334678,0.04898637293778226,neutral,0,2368.699951171875
palladium,Palladium,2022-02-04,2022-02-04 23:00:00,2022-02-05,direct,0.19284518745616763,,0.08426079302793132,0.09236866016136631,neutral,0,2287.39990234375
palladium,Palladium,2022-02-11,2022-02-11 23:00:00,2022-02-12,direct,0.16855199803353593,,0.0315819741639638,0.06671132406583324,neutral,0,2190.10009765625
palladium,Palladium,2022-02-18,2022-02-18 23:00:00,2022-02-19,direct,0.11193631769270307,,0.0845246689100767,0.06548699553425992,neutral,0,2335.39990234375
palladium,Palladium,2022-02-25,2022-02-25 23:00:00,2022-02-26,direct,-0.003377380067087876,,0.08323772813467056,0.026620116022527562,neutral,0,2360.699951171875
palladium,Palladium,2022-03-04,2022-03-04 23:00:00,2022-03-05,direct,0.3027454881371816,,0.3137408354953395,0.20549544121084037,neutral,0,2979.89990234375
palladium,Palladium,2022-03-11,2022-03-11 23:00:00,2022-03-12,direct,0.27523847212855257,,0.20346269790933547,0.15956705667929602,neutral,0,2792.89990234375
palladium,Palladium,2022-03-18,2022-03-18 23:00:00,2022-03-19,direct,0.06581322331916262,,0.06552699853281219,0.04378007395065827,neutral,0,2489.10009765625
palladium,Palladium,2022-03-25,2022-03-25 23:00:00,2022-03-26,direct,0.01258099368245924,,0.021294749899497534,0.011291914527318925,neutral,0,2390.39990234375
palladium,Palladium,2022-04-01,2022-04-01 23:00:00,2022-04-02,direct,-0.23910199112379737,0.1824154835269689,-0.043173411097516046,-0.033286639564781506,neutral,0,2267.39990234375
palladium,Palladium,2022-04-08,2022-04-08 23:00:00,2022-04-09,direct,-0.1335171024320705,0.291217619809911,0.00199088548279569,0.05323046762021207,neutral,0,2420.0
palladium,Palladium,2022-04-15,2022-04-15 23:00:00,2022-04-16,direct,-0.05415613817823295,0.12093510169736033,-0.03368069794777262,0.011032755190451585,neutral,0,2354.300048828125
palladium,Palladium,2022-04-22,2022-04-22 23:00:00,2022-04-23,direct,-0.0072790759097211,0.0018153623999517254,-0.026148561232987144,-0.010537424914252172,neutral,0,2373.0
palladium,Palladium,2022-04-29,2022-04-29 23:00:00,2022-04-30,direct,0.015612661201838574,0.0067325990827382665,-0.05545526331216699,-0.011036667675863384,bullish,1,2302.800048828125
palladium,Palladium,2022-05-06,2022-05-06 23:00:00,2022-05-07,direct,-0.16479340860666325,-0.07711982966674658,-0.16614582616394247,-0.1360196881457841,neutral,0,2021.199951171875
palladium,Palladium,2022-05-13,2022-05-13 23:00:00,2022-05-14,direct,-0.18527802922117353,-0.1786845697557068,-0.19716217197754504,-0.1870415903181418,neutral,0,1918.0999755859375
palladium,Palladium,2022-05-20,2022-05-20 23:00:00,2022-05-21,direct,-0.18280659453355452,-0.17854873923759906,-0.1762194654008813,-0.17919159972401164,neutral,0,1939.199951171875
palladium,Palladium,2022-05-27,2022-05-27 23:00:00,2022-05-28,direct,-0.11208098496766794,-0.3138360286653662,-0.10166185254272053,-0.17585962205858488,neutral,0,2044.699951171875
palladium,Palladium,2022-06-03,2022-06-03 23:00:00,2022-06-04,direct,-0.022659770366241117,-0.2927064723098943,-0.10533068041396199,-0.14023230769669914,neutral,0,1975.4000244140625
palladium,Palladium,2022-06-10,2022-06-10 23:00:00,2022-06-11,direct,-0.010635537601647038,-0.2375959677319689,-0.12089932630185363,-0.12304361054515651,neutral,0,1897.699951171875
palladium,Palladium,2022-06-17,2022-06-17 23:00:00,2022-06-18,direct,-0.07704203078876237,-0.25125496906469336,-0.15120375321010104,-0.15983358435451891,neutral,0,1789.800048828125
palladium,Palladium,2022-06-24,2022-06-24 23:00:00,2022-06-25,direct,-0.09747147822035607,-0.1861162106840869,-0.10999291385210608,-0.13119353425218303,neutral,0,1845.4000244140625
palladium,Palladium,2022-07-01,2022-07-01 23:00:00,2022-07-02,direct,-0.02257769314302127,-0.20214874015366735,-0.05013034540482597,-0.0916189262338382,neutral,0,1930.800048828125
palladium,Palladium,2022-07-08,2022-07-08 23:00:00,2022-07-09,direct,0.133582761512671,-0.08626772010532169,0.0671825762723719,0.038165872559907076,neutral,0,2151.199951171875
palladium,Palladium,2022-07-15,2022-07-15 23:00:00,2022-07-16,direct,0.0191082524521482,-0.23135271807838176,-0.07412342196109079,-0.09545596252910811,neutral,0,1824.0
palladium,Palladium,2022-07-22,2022-07-22 23:00:00,2022-07-23,direct,0.09092875503298581,-0.12575998415651635,0.03458995194458003,-8.042572631683509e-05,neutral,0,2013.199951171875
palladium,Palladium,2022-07-29,2022-07-29 23:00:00,2022-07-30,direct,0.10259988010455001,0.053285154251775824,0.08902563974579936,0.08163689136737506,bullish,1,2128.89990234375
palladium,Palladium,2022-08-05,2022-08-05 23:00:00,2022-08-06,direct,-0.011574889786598264,0.10854495380439544,0.07812701207043937,0.058365692029412185,neutral,0,2126.300048828125
palladium,Palladium,2022-08-12,2022-08-12 23:00:00,2022-08-13,direct,0.2153509039627879,0.1431518691450533,0.11098306229419741,0.1564952784673462,bullish,1,2216.800048828125
palladium,Palladium,2022-08-19,2022-08-19 23:00:00,2022-08-20,direct,0.05752039123620989,0.041228566949302436,0.06323740558087265,0.05399545458879499,bullish,1,2129.0
palladium,Palladium,2022-08-26,2022-08-26 23:00:00,2022-08-27,direct,-0.003992672455216062,0.0734027924155245,0.05259060362028922,0.04066690786019922,neutral,0,2120.39990234375
palladium,Palladium,2022-09-02,2022-09-02 23:00:00,2022-09-03,direct,-0.05361425828063604,0.06038894483054702,-0.005784700729561609,0.0003299952734497902,neutral,0,2012.300048828125
palladium,Palladium,2022-09-09,2022-09-09 23:00:00,2022-09-10,direct,-0.024404590610167642,0.20834724112780467,0.05236606554986234,0.07876957202249979,neutral,0,2162.699951171875
palladium,Palladium,2022-09-16,2022-09-16 23:00:00,2022-09-17,direct,-0.014513810401009852,0.13693511970252792,0.010576559130902163,0.04433262281080674,neutral,0,2098.10009765625
palladium,Palladium,2022-09-23,2022-09-23 23:00:00,2022-09-24,direct,-0.030135778761883225,0.06510252123111715,-0.014433249349155686,0.006844497706692747,neutral,0,2056.5
palladium,Palladium,2022-09-30,2022-09-30 23:00:00,2022-10-01,direct,0.07995820625132466,0.010226850362289763,0.04058031537271156,0.04358845732877533,bullish,1,2173.199951171875
palladium,Palladium,2022-10-07,2022-10-07 23:00:00,2022-10-08,direct,0.009062791001419157,0.19643643027857727,0.030208878792459037,0.07856936669081849,bullish,1,2182.300048828125
palladium,Palladium,2022-10-14,2022-10-14 23:00:00,2022-10-15,direct,-0.052714404703474105,-0.012765722131532486,-0.060801764196266816,-0.04209396367709114,neutral,0,1987.5
palladium,Palladium,2022-10-21,2022-10-21 23:00:00,2022-10-22,direct,-0.029564818297167506,-0.0625675030682431,-0.051954040736192364,-0.04802878736720099,neutral,0,1995.699951171875
palladium,Palladium,2022-10-28,2022-10-28 23:00:00,2022-10-29,direct,-0.12819804060629825,-0.10896866289867468,-0.09164933101039274,-0.10960534483845523,neutral,0,1894.5999755859375
palladium,Palladium,2022-11-04,2022-11-04 23:00:00,2022-11-05,direct,-0.15827338894096576,-0.1713731577256552,-0.10573972637514395,-0.1451287576805883,neutral,0,1836.9000244140625
palladium,Palladium,2022-11-11,2022-11-11 23:00:00,2022-11-12,direct,0.018314477692610076,-0.04936588801594055,-0.010483158187634678,-0.013844856170321718,neutral,0,2023.9000244140625
palladium,Palladium,2022-11-18,2022-11-18 23:00:00,2022-11-19,direct,-0.02976394437894858,-0.0868231758132667,-0.046157616194513085,-0.05424824546224279,neutral,0,1936.300048828125
palladium,Palladium,2022-11-25,2022-11-25 23:00:00,2022-11-26,direct,-0.0399556382071965,-0.0961089398803574,-0.09681956896015431,-0.07762804901590274,neutral,0,1818.9000244140625
palladium,Palladium,2022-12-02,2022-12-02 23:00:00,2022-12-03,direct,0.023136806268788,-0.13099363441715728,-0.05570837649777094,-0.054521734882046737,neutral,0,1879.4000244140625
palladium,Palladium,2022-12-09,2022-12-09 23:00:00,2022-12-10,direct,-0.038292405289355624,-0.07230354424540986,-0.015793279978812524,-0.04212974317119267,neutral,0,1946.4000244140625
palladium,Palladium,2022-12-16,2022-12-16 23:00:00,2022-12-17,direct,-0.1301968141811618,-0.18103576407883537,-0.13480286773077332,-0.1486784819969235,neutral,0,1684.199951171875
palladium,Palladium,2022-12-23,2022-12-23 23:00:00,2022-12-24,direct,-0.059761433714425216,-0.21304988514762857,-0.10368053483327433,-0.12549728456510936,neutral,0,1710.199951171875
palladium,Palladium,2022-12-30,2022-12-30 23:00:00,2022-12-31,direct,-0.04794081856736587,-0.18008522714877695,-0.045846585196483325,-0.09129087697087539,neutral,0,1789.300048828125
palladium,Palladium,2023-01-06,2023-01-06 23:00:00,2023-01-07,direct,-0.07624333258973126,-0.09534591194968556,-0.03306474232150669,-0.06821799562030784,neutral,0,1798.0
palladium,Palladium,2023-01-13,2023-01-13 23:00:00,2023-01-14,direct,0.05539725183058364,-0.10933504860976118,-0.03464943673276644,-0.02952907783731466,neutral,0,1777.5
palladium,Palladium,2023-01-20,2023-01-20 23:00:00,2023-01-21,direct,0.0020465443222599244,-0.09548191003122763,-0.06161620531728851,-0.051683857008752075,neutral,0,1713.699951171875
palladium,Palladium,2023-01-27,2023-01-27 23:00:00,2023-01-28,direct,-0.11071373847331678,-0.1337579998783882,-0.11881492389761872,-0.1210955540831079,neutral,0,1591.199951171875
palladium,Palladium,2023-02-03,2023-02-03 23:00:00,2023-02-04,direct,-0.10200223827255983,-0.20223333360876905,-0.08864190221258261,-0.13095915803130384,neutral,0,1614.5999755859375
palladium,Palladium,2023-02-10,2023-02-10 23:00:00,2023-02-11,direct,-0.1437974546193741,-0.21401643028665052,-0.12388882111857114,-0.16056756867486524,neutral,0,1521.9000244140625
palladium,Palladium,2023-02-17,2023-02-17 23:00:00,2023-02-18,direct,-0.13082800814609408,-0.18109847709753857,-0.12877328876233884,-0.14689992466865717,neutral,0,1489.5
palladium,Palladium,2023-02-24,2023-02-24 23:00:00,2023-02-25,direct,-0.13631216000478708,-0.2687559694713805,-0.17586500058473675,-0.1936443766869681,neutral,0,1374.300048828125
palladium,Palladium,2023-03-03,2023-03-03 23:00:00,2023-03-04,direct,-0.11358852173121503,-0.2646938279798273,-0.11906278631557698,-0.16578171200887312,neutral,0,1431.199951171875
palladium,Palladium,2023-03-10,2023-03-10 23:00:00,2023-03-11,direct,-0.11419938631976745,-0.19956061354358634,-0.15565647276283157,-0.15647215754206178,neutral,0,1348.0999755859375
palladium,Palladium,2023-03-17,2023-03-17 23:00:00,2023-03-18,direct,-0.07875129159323602,-0.1976377088353869,-0.12512820333882146,-0.13383906792248146,neutral,0,1372.199951171875
palladium,Palladium,2023-03-24,2023-03-24 23:00:00,2023-03-25,direct,0.021101651000251742,-0.21572681465738786,-0.0865666405879637,-0.09373060141503327,neutral,0,1403.300048828125
palladium,Palladium,2023-03-31,2023-03-31 23:00:00,2023-04-01,direct,0.02431529486821926,-0.1846496106785317,-0.028254198435588962,-0.06286283808196713,neutral,0,1466.0
palladium,Palladium,2023-04-07,2023-04-07 23:00:00,2023-04-08,direct,0.08233810697293054,-0.1791280024832982,-0.01551299395318484,-0.03743429648785083,neutral,0,1459.0999755859375
palladium,Palladium,2023-04-14,2023-04-14 23:00:00,2023-04-15,direct,0.08803385302918887,-0.12878564361337252,0.020017768874035502,-0.006911340570049385,neutral,0,1493.0
palladium,Palladium,2023-04-21,2023-04-21 23:00:00,2023-04-22,direct,0.14309122765690607,0.008107104581395852,0.095116985386835,0.08210510587504564,bullish,1,1604.0999755859375
palladium,Palladium,2023-04-28,2023-04-28 23:00:00,2023-04-29,direct,0.035402472315185785,-0.05989096533758009,0.042000864867809184,0.005837457281804959,neutral,0,1517.9000244140625
palladium,Palladium,2023-05-05,2023-05-05 23:00:00,2023-05-06,direct,0.024467187882620145,-0.017806672679679503,0.02773659070888357,0.01146570197060807,neutral,0,1494.800048828125
palladium,Palladium,2023-05-12,2023-05-12 23:00:00,2023-05-13,direct,0.019290052798476287,0.021685162019553506,0.04436746016441884,0.028447558327482875,bullish,1,1521.800048828125
palladium,Palladium,2023-05-19,2023-05-19 23:00:00,2023-05-20,direct,-0.045071958018952696,0.11460379422550515,0.041845943506380046,0.0371259265709775,neutral,0,1531.800048828125
palladium,Palladium,2023-05-26,2023-05-26 23:00:00,2023-05-27,direct,-0.05692076093576359,0.0002096484337350546,-0.02638917766664295,-0.027700096722890494,neutral,0,1431.5
palladium,Palladium,2023-06-02,2023-06-02 23:00:00,2023-06-03,direct,-0.0722504659299874,0.02870712405833764,-0.05885544159428546,-0.03413292782197841,neutral,0,1386.800048828125
palladium,Palladium,2023-06-09,2023-06-09 23:00:00,2023-06-10,direct,-0.152582511362774,-0.06019529115665401,-0.12071231127261406,-0.11116337126401403,neutral,0,1289.5999755859375
palladium,Palladium,2023-06-16,2023-06-16 23:00:00,2023-06-17,direct,-0.08486747346656243,-0.0010689089630208093,-0.044129490559032036,-0.04335529099620509,neutral,0,1401.800048828125
palladium,Palladium,2023-06-23,2023-06-23 23:00:00,2023-06-24,direct,-0.11414601775344912,-0.13499319537112042,-0.1254633795064275,-0.12486753087699902,neutral,0,1268.0999755859375
palladium,Palladium,2023-06-30,2023-06-30 23:00:00,2023-07-01,direct,-0.1250360674277371,-0.16839144354944435,-0.1512014208162734,-0.14820964393115163,neutral,0,1213.4000244140625
palladium,Palladium,2023-07-07,2023-07-07 23:00:00,2023-07-08,direct,-0.04117554016066971,-0.17180174146014737,-0.12191312590995496,-0.11163013584359067,neutral,0,1236.5
palladium,Palladium,2023-07-14,2023-07-14 23:00:00,2023-07-15,direct,-0.10272506419184457,-0.2158842541165913,-0.08809916028594778,-0.13556949286479456,neutral,0,1257.800048828125
palladium,Palladium,2023-07-21,2023-07-21 23:00:00,2023-07-22,direct,0.010645848324192464,-0.15567563411782748,-0.057387179252786136,-0.06747232168214039,neutral,0,1281.5999755859375
palladium,Palladium,2023-07-28,2023-07-28 23:00:00,2023-07-29,direct,0.012609136682027566,-0.1780171855525854,-0.08131149578869068,-0.0822398482197495,neutral,0,1228.699951171875
palladium,Palladium,2023-08-04,2023-08-04 23:00:00,2023-08-05,direct,0.013910191000303218,-0.17617301160077026,-0.046694545600528325,-0.06965245540033178,neutral,0,1253.699951171875
palladium,Palladium,2023-08-11,2023-08-11 23:00:00,2023-08-12,direct,0.03211949497170874,-0.15250038530483234,0.001974534046002896,-0.03946878542904023,neutral,0,1298.199951171875
palladium,Palladium,2023-08-18,2023-08-18 23:00:00,2023-08-19,direct,-0.02535892682515173,-0.12741880853235243,-0.02447724558058295,-0.05908499364602904,neutral,0,1249.0999755859375
palladium,Palladium,2023-08-25,2023-08-25 23:00:00,2023-08-26,direct,-0.008545617658717752,-0.12157491471010595,-0.03805434216260695,-0.056058291510476886,neutral,0,1218.199951171875
palladium,Palladium,2023-09-01,2023-09-01 23:00:00,2023-09-02,direct,-0.02911382421757469,-0.05614145920029745,-0.03424293337959927,-0.03983273893249047,neutral,0,1217.199951171875
palladium,Palladium,2023-09-08,2023-09-08 23:00:00,2023-09-09,direct,-0.08858419683053476,-0.15594242405612346,-0.04745166660207878,-0.097326095829579,neutral,0,1183.199951171875
palladium,Palladium,2023-09-15,2023-09-15 23:00:00,2023-09-16,direct,-0.004242996446562564,-0.019162469226122747,0.002970204840720303,-0.0068117536106550025,neutral,0,1243.800048828125
palladium,Palladium,2023-09-22,2023-09-22 23:00:00,2023-09-23,direct,0.022163849189147156,0.02620729035601288,0.0019579773358417984,0.01677637229366728,bullish,1,1245.199951171875
palladium,Palladium,2023-09-29,2023-09-29 23:00:00,2023-09-30,direct,0.031219192839611054,0.015123292496461715,0.008739661988532266,0.018360715774868346,bullish,1,1255.199951171875
palladium,Palladium,2023-10-06,2023-10-06 23:00:00,2023-10-07,direct,-0.01605814805957506,-0.07441572111835737,-0.05849053949497085,-0.04965480289096776,neutral,0,1164.199951171875
palladium,Palladium,2023-10-13,2023-10-13 23:00:00,2023-10-14,direct,-0.07645931333243694,-0.1036985228977565,-0.06263006454243647,-0.0809293002575433,neutral,0,1148.699951171875
palladium,Palladium,2023-10-20,2023-10-20 23:00:00,2023-10-21,direct,-0.1133954037172823,-0.10148934331196335,-0.09140162151996689,-0.10209545618307085,neutral,0,1104.0
palladium,Palladium,2023-10-27,2023-10-27 23:00:00,2023-10-28,direct,-0.10436584217334954,-0.10329425304591588,-0.06648584190189455,-0.09138197904038665,neutral,0,1124.199951171875
palladium,Palladium,2023-11-03,2023-11-03 23:00:00,2023-11-04,direct,-0.034186504403947215,-0.13387762540040515,-0.05495394007434551,-0.07433935662623263,neutral,0,1124.4000244140625
palladium,Palladium,2023-11-10,2023-11-10 23:00:00,2023-11-11,direct,-0.151301413898822,-0.21951801819806394,-0.16456234734018826,-0.1784605931456914,neutral,0,974.9000244140625
palladium,Palladium,2023-11-17,2023-11-17 23:00:00,2023-11-18,direct,-0.043025362318840576,-0.13273679006170047,-0.08405879249947923,-0.08660698162667342,neutral,0,1056.5
palladium,Palladium,2023-11-24,2023-11-24 23:00:00,2023-11-25,direct,-0.04572131700430193,-0.11863285256027745,-0.060122162821698244,-0.0748254441287592,neutral,0,1072.800048828125
palladium,Palladium,2023-12-01,2023-12-01 23:00:00,2023-12-02,direct,-0.11063680337332682,-0.15483431265394199,-0.11202538965685183,-0.12583216856137355,neutral,0,1000.0
palladium,Palladium,2023-12-08,2023-12-08 23:00:00,2023-12-09,direct,-0.03436249785728984,-0.24312591457041322,-0.14492673826985514,-0.1408050502325194,neutral,0,941.4000244140625
palladium,Palladium,2023-12-15,2023-12-15 23:00:00,2023-12-16,direct,0.13402742601603168,-0.03782523083269562,0.09212723813347368,0.06277647777226991,neutral,0,1198.0999755859375
palladium,Palladium,2023-12-22,2023-12-22 23:00:00,2023-12-23,direct,0.12994024608408972,-0.03425749017903845,0.10860117992930118,0.06809464527811748,neutral,0,1212.199951171875
palladium,Palladium,2023-12-29,2023-12-29 23:00:00,2023-12-30,direct,0.10400000000000009,-0.05170928852151058,0.014301905607942533,0.022197539028810682,neutral,0,1104.0
palladium,Palladium,2024-01-05,2024-01-05 23:00:00,2024-01-06,direct,0.09655834082927672,-0.10133185974718784,-0.04304426957456697,-0.01593926283082603,neutral,0,1032.300048828125
palladium,Palladium,2024-01-12,2024-01-12 23:00:00,2024-01-13,direct,-0.18838156729073896,-0.1192028764365376,-0.08931412712920084,-0.1322995236188258,neutral,0,972.4000244140625
palladium,Palladium,2024-01-19,2024-01-19 23:00:00,2024-01-20,direct,-0.2230654795172211,-0.1622486846657225,-0.10523484219417711,-0.16351633545904024,neutral,0,941.7999877929688
palladium,Palladium,2024-01-26,2024-01-26 23:00:00,2024-01-27,direct,-0.13487321051998413,-0.15056923261483313,-0.0802712634196957,-0.12190456885150432,neutral,0,955.0999755859375
palladium,Palladium,2024-02-02,2024-02-02 23:00:00,2024-02-03,direct,-0.08389037346205963,-0.02995180169841638,-0.08718418137325445,-0.0670087855112435,neutral,0,945.7000122070312
palladium,Palladium,2024-02-09,2024-02-09 23:00:00,2024-02-10,direct,-0.10952282736127406,-0.18040698115091103,-0.1511963019188094,-0.14704203681033148,neutral,0,865.9000244140625
palladium,Palladium,2024-02-16,2024-02-16 23:00:00,2024-02-17,direct,0.007326422280204303,-0.11567862693206865,-0.06050702184598311,-0.05628640883261582,neutral,0,948.7000122070312
palladium,Palladium,2024-02-23,2024-02-23 23:00:00,2024-02-24,direct,0.03151506375301483,-0.01479998779296876,-0.023168184322015728,-0.002151036120656554,neutral,0,985.2000122070312
palladium,Palladium,2024-03-01,2024-03-01 23:00:00,2024-03-02,direct,0.007507640366174684,0.01210958474958801,-0.05618201433075165,-0.012188263071662986,bullish,1,952.7999877929688
palladium,Palladium,2024-03-08,2024-03-08 23:00:00,2024-03-09,direct,0.17334561884035882,-0.1519906345852987,0.021781577641927452,0.01437885396566252,neutral,0,1016.0
palladium,Palladium,2024-03-15,2024-03-15 23:00:00,2024-03-16,direct,0.14208915996466942,-0.10617056290709825,0.10154700390342342,0.045821866986998194,neutral,0,1083.5
palladium,Palladium,2024-03-22,2024-03-22 23:00:00,2024-03-23,direct,0.007714144835333725,-0.10072464873825293,0.018935681812366045,-0.02469160736351772,neutral,0,992.7999877929688
palladium,Palladium,2024-03-29,2024-03-29 23:00:00,2024-03-30,direct,0.059508829695064325,-0.022086648987382884,0.038099643054121834,0.025173941253934424,neutral,0,1009.5
palladium,Palladium,2024-04-05,2024-04-05 23:00:00,2024-04-06,direct,-0.020275566521592014,0.023652817176613272,0.02158669460740903,0.008321315087476763,neutral,0,995.4000244140625
palladium,Palladium,2024-04-12,2024-04-12 23:00:00,2024-04-13,direct,-0.02381176633883253,0.1230621839893078,0.07487101675799934,0.0580404781361582,neutral,0,1057.699951171875
palladium,Palladium,2024-04-19,2024-04-19 23:00:00,2024-04-20,direct,0.032937160162264556,0.07370958665439531,0.03597194872787912,0.047539565181513,bullish,1,1025.5
palladium,Palladium,2024-04-26,2024-04-26 23:00:00,2024-04-27,direct,-0.05160968359181528,0.012371800841713299,-0.03377512368135005,-0.02433766881048401,neutral,0,957.4000244140625
palladium,Palladium,2024-05-03,2024-05-03 23:00:00,2024-05-04,direct,-0.04812138159455903,0.094237178987441,-0.050283995990644814,-0.001389399532587617,neutral,0,947.5
palladium,Palladium,2024-05-10,2024-05-10 23:00:00,2024-05-11,direct,-0.07270489451541073,0.033835749101827295,-0.01953500241977668,-0.019468049277786708,neutral,0,980.7999877929688
palladium,Palladium,2024-05-17,2024-05-17 23:00:00,2024-05-18,direct,-0.015212067855619238,0.025071063642903013,0.0074820684745871,0.005780354753956958,neutral,0,1009.9000244140625
palladium,Palladium,2024-05-24,2024-05-24 23:00:00,2024-05-25,direct,0.012220546139045219,0.017107460119437423,-0.03452858584799379,-0.0017335265298370484,bullish,1,969.0999755859375
palladium,Palladium,2024-05-31,2024-05-31 23:00:00,2024-06-01,direct,-0.05097624041474269,-0.11496061790646528,-0.0953949718294379,-0.0871106100502153,neutral,0,899.2000122070312
palladium,Palladium,2024-06-07,2024-06-07 23:00:00,2024-06-08,direct,-0.07269574702321369,-0.16059067835717578,-0.07148873081898832,-0.10159171873312593,neutral,0,909.5
palladium,Palladium,2024-06-14,2024-06-14 23:00:00,2024-06-15,direct,-0.11813055346477697,-0.10294119003186697,-0.08280913059245931,-0.10129362469636775,neutral,0,890.5999755859375
palladium,Palladium,2024-06-21,2024-06-21 23:00:00,2024-06-22,direct,-0.052626149298130365,-0.09053989540768947,-0.047012745459718674,-0.0633929300551795,neutral,0,918.0999755859375
palladium,Palladium,2024-06-28,2024-06-28 23:00:00,2024-06-29,direct,0.08752225438016503,-0.01758087158004773,0.016598546556184646,0.028846643118767317,neutral,0,977.9000244140625
palladium,Palladium,2024-07-05,2024-07-05 23:00:00,2024-07-06,direct,0.1388675633074492,-0.020705212588396193,0.07883663590566425,0.06566632887490575,neutral,0,1035.800048828125
palladium,Palladium,2024-07-12,2024-07-12 23:00:00,2024-07-13,direct,0.08814282747801983,-0.05499758597178206,0.014330668585623707,0.015825303363953824,neutral,0,969.0999755859375
palladium,Palladium,2024-07-19,2024-07-19 23:00:00,2024-07-20,direct,-0.020694913958443473,-0.0608941376033546,-0.05412658196799547,-0.04523854450993118,neutral,0,899.0999755859375
palladium,Palladium,2024-07-26,2024-07-26 23:00:00,2024-07-27,direct,-0.09510174627076395,-0.06606857581629288,-0.06392804187511025,-0.07503278798738904,neutral,0,884.9000244140625
palladium,Palladium,2024-08-02,2024-08-02 23:00:00,2024-08-03,direct,-0.1511875161603503,-0.10358888341195982,-0.061552682383382185,-0.1054430273185641,neutral,0,879.2000122070312
palladium,Palladium,2024-08-09,2024-08-09 23:00:00,2024-08-10,direct,-0.07801050200236381,-0.11525895791674734,-0.03631134280064707,-0.07652693423991941,neutral,0,893.5
palladium,Palladium,2024-08-16,2024-08-16 23:00:00,2024-08-17,direct,0.047380756064787644,-0.028273618892972974,0.018182483303967878,0.012429873491927515,neutral,0,941.7000122070312
palladium,Palladium,2024-08-23,2024-08-23 23:00:00,2024-08-24,direct,0.06509207141685569,0.04815390036160205,0.015087191162871383,0.042777720980443044,bullish,1,942.5
palladium,Palladium,2024-08-30,2024-08-30 23:00:00,2024-08-31,direct,0.09315282329593577,0.05673444264534089,0.030347943630790297,0.06007840319068899,bullish,1,961.0999755859375
palladium,Palladium,2024-09-06,2024-09-06 23:00:00,2024-09-07,direct,0.003133730042494509,0.006400193536139742,-0.03960998626758039,-0.010025354229648712,bullish,1,896.2999877929688
palladium,Palladium,2024-09-13,2024-09-13 23:00:00,2024-09-14,direct,0.14261440591703334,0.17198565364658647,0.1369099469376085,0.15050333550040942,bullish,1,1076.0
palladium,Palladium,2024-09-20,2024-09-20 23:00:00,2024-09-21,direct,0.14578251927221486,0.1043051410711604,0.1308741743727606,0.12698727823871195,bullish,1,1079.9000244140625
palladium,Palladium,2024-09-27,2024-09-27 23:00:00,2024-09-28,direct,0.055041125541400504,-0.021046580228287315,0.0638874570910013,0.03262733413470483,neutral,0,1014.0
palladium,Palladium,2024-10-04,2024-10-04 23:00:00,2024-10-05,direct,0.11034254798730059,0.026932243606045958,0.04178517028544482,0.05968665395959712,bullish,1,995.2000122070312
palladium,Palladium,2024-10-11,2024-10-11 23:00:00,2024-10-12,direct,-0.01319698064300645,0.1809588228896981,0.09594795149803748,0.08790326458157638,neutral,0,1061.800048828125
palladium,Palladium,2024-10-18,2024-10-18 23:00:00,2024-10-19,direct,-0.0020372934461051484,0.2178776375167073,0.0942134536503656,0.10335126590698925,neutral,0,1077.699951171875
palladium,Palladium,2024-10-25,2024-10-25 23:00:00,2024-10-26,direct,0.18313604652058668,0.36453586728269216,0.18592347706577872,0.24453179695635252,bullish,1,1199.699951171875
palladium,Palladium,2024-11-01,2024-11-01 23:00:00,2024-11-02,direct,0.10912382967143874,0.2353665907421656,0.07254431871583278,0.13901157970981237,bullish,1,1103.800048828125
palladium,Palladium,2024-11-08,2024-11-08 23:00:00,2024-11-09,direct,-0.06865701738714358,0.0501221318840277,-0.0427606684252797,-0.020431851309465194,neutral,0,988.9000244140625
palladium,Palladium,2024-11-15,2024-11-15 23:00:00,2024-11-16,direct,-0.12656580640148207,-0.0012732225008289522,-0.08874853034584984,-0.0721958530827203,neutral,0,941.2999877929688
palladium,Palladium,2024-11-22,2024-11-22 23:00:00,2024-11-23,direct,-0.15228803751589093,0.05816254898974771,-0.01988499758206841,-0.038003495369403874,neutral,0,1017.0
palladium,Palladium,2024-11-29,2024-11-29 23:00:00,2024-11-30,direct,-0.10291722376865253,0.10476405856623972,-0.05285559852733912,-0.017002921243250646,neutral,0,990.2000122070312
palladium,Palladium,2024-12-06,2024-12-06 23:00:00,2024-12-07,direct,-0.028921059677432748,-0.1075278923857168,-0.07290545236067059,-0.06978480147460671,neutral,0,960.2999877929688
palladium,Palladium,2024-12-13,2024-12-13 23:00:00,2024-12-14,direct,0.012535841863374309,-0.11741832203117575,-0.07037310354943915,-0.058418527905746864,neutral,0,953.0999755859375
palladium,Palladium,2024-12-20,2024-12-20 23:00:00,2024-12-21,direct,-0.10855459627734754,-0.10591718384029836,-0.10794059096641051,-0.10747079036135214,neutral,0,906.5999755859375
palladium,Palladium,2024-12-27,2024-12-27 23:00:00,2024-12-28,direct,-0.09755608506384927,-0.1020900676998363,-0.11334548030855407,-0.10433054435741322,neutral,0,893.5999755859375
palladium,Palladium,2025-01-03,2025-01-03 23:00:00,2025-01-04,direct,-0.046547967067836815,-0.13769077652948303,-0.08039975304970548,-0.08821283221567511,neutral,0,915.5999755859375
palladium,Palladium,2025-01-10,2025-01-10 23:00:00,2025-01-11,direct,0.009023226147715224,-0.10763658181361813,-0.024628524998502765,-0.04108062688813522,neutral,0,961.7000122070312
palladium,Palladium,2025-01-17,2025-01-17 23:00:00,2025-01-18,direct,0.05945292947887726,-0.19938314654278588,-0.005745042158462832,-0.04855841974079048,neutral,0,960.5
palladium,Palladium,2025-01-24,2025-01-24 23:00:00,2025-01-25,direct,0.12041186163925288,-0.09295165073603817,0.045639704987394,0.024366638630202903,neutral,0,1001.2000122070312
palladium,Palladium,2025-01-31,2025-01-31 23:00:00,2025-02-01,direct,0.1652468904133606,0.0788755163053172,0.10674276975440589,0.11695505882436123,bullish,1,1066.9000244140625
palladium,Palladium,2025-02-07,2025-02-07 23:00:00,2025-02-08,direct,0.01674116188164465,0.038776161131777176,0.01112498730921585,0.022214103440879224,bullish,1,977.7999877929688
palladium,Palladium,2025-02-14,2025-02-14 23:00:00,2025-02-15,direct,0.046330036439354405,-0.01179941002949858,0.040327803622736136,0.024952810010863986,neutral,0,1005.0
palladium,Palladium,2025-02-21,2025-02-21 23:00:00,2025-02-22,direct,-0.013084335259061941,-0.0021208206374518923,0.02301903359120061,0.002604625898228926,neutral,0,988.0999755859375
palladium,Palladium,2025-02-28,2025-02-28 23:00:00,2025-03-01,direct,-0.15671572629202712,-0.06310525497892883,-0.06360906389809917,-0.09447668172301837,neutral,0,899.7000122070312
palladium,Palladium,2025-03-07,2025-03-07 23:00:00,2025-03-08,direct,-0.032726529351087885,-0.007659204679426157,-0.01500543166544388,-0.01846372189865264,neutral,0,945.7999877929688
palladium,Palladium,2025-03-14,2025-03-14 23:00:00,2025-03-15,direct,-0.04248757433535444,0.061438356173605824,-0.0026429063054100865,0.005435958510947099,neutral,0,962.2999877929688
palladium,Palladium,2025-03-21,2025-03-21 23:00:00,2025-03-22,direct,-0.0373443622008236,0.0644584133782291,-0.01902747052552145,0.002695526883961352,neutral,0,951.2000122070312
palladium,Palladium,2025-03-28,2025-03-28 23:00:00,2025-03-29,direct,0.08291649947068258,0.06411098052887798,-0.00024799234549355287,0.048926495884689,bullish,1,974.2999877929688
palladium,Palladium,2025-04-04,2025-04-04 23:00:00,2025-04-05,direct,-0.052442351687569166,-0.06810855689778172,-0.07520851780167048,-0.06525314212900712,neutral,0,896.2000122070312
palladium,Palladium,2025-04-11,2025-04-11 23:00:00,2025-04-12,direct,-0.06806609251884543,-0.0663196379042491,-0.06949237245256412,-0.06795936762521955,neutral,0,896.7999877929688
palladium,Palladium,2025-04-18,2025-04-18 23:00:00,2025-04-19,direct,0.00441548796586555,-0.04574509312280961,-0.004748444553257514,-0.015359349903400524,neutral,0,955.4000244140625
palladium,Palladium,2025-04-25,2025-04-25 23:00:00,2025-04-26,direct,-0.04444215163242893,-0.12737840594642247,-0.018588142243205152,-0.06346956660735219,neutral,0,931.0
palladium,Palladium,2025-05-02,2025-05-02 23:00:00,2025-05-03,direct,0.056572206557077065,-0.03160151745210371,0.0008896809350074086,0.008620123346660255,neutral,0,946.9000244140625
palladium,Palladium,2025-05-09,2025-05-09 23:00:00,2025-05-10,direct,0.09054417184690755,-0.0268656716417911,0.03622734023952079,0.03330194681487908,neutral,0,978.0
palladium,Palladium,2025-05-16,2025-05-16 23:00:00,2025-05-17,direct,0.0014653164571194477,-0.03167694420233946,0.01657457046827715,-0.004545685758980955,neutral,0,956.7999877929688
palladium,Palladium,2025-05-23,2025-05-23 23:00:00,2025-05-24,direct,0.07572502685284643,0.11314881228382534,0.05456204586852875,0.08114529500173351,bullish,1,1001.5
palladium,Palladium,2025-05-30,2025-05-30 23:00:00,2025-05-31,direct,0.015207480206600454,0.0163882429689699,0.010857264139090494,0.014150995771553617,bullish,1,961.2999877929688
palladium,Palladium,2025-06-06,2025-06-06 23:00:00,2025-06-07,direct,0.08445805274635743,0.10215108494225311,0.10575149496361869,0.09745354421740975,bullish,1,1060.5999755859375
palladium,Palladium,2025-06-13,2025-06-13 23:00:00,2025-06-14,direct,0.08653844988435022,0.09293520000467126,0.07559661215519164,0.08502342068140438,bullish,1,1039.5999755859375
palladium,Palladium,2025-06-20,2025-06-20 23:00:00,2025-06-21,direct,0.05122321400711427,0.08057072977387425,0.08193103987558059,0.07124166121885638,bullish,1,1052.800048828125
palladium,Palladium,2025-06-27,2025-06-27 23:00:00,2025-06-28,direct,0.19171953618360038,0.27828605220024527,0.15267934909419045,0.20756164582601203,bullish,1,1145.5999755859375
palladium,Palladium,2025-07-04,2025-07-04 23:00:00,2025-07-05,direct,0.07156329074223389,0.26728369253988804,0.12099293111951326,0.15327997146721173,bullish,1,1136.5
palladium,Palladium,2025-07-11,2025-07-11 23:00:00,2025-07-12,direct,0.2245094554590712,0.33242617486923187,0.22368547773680136,0.2602070360217015,bullish,1,1273.0
palladium,Palladium,2025-07-18,2025-07-18 23:00:00,2025-07-19,direct,0.22710862889119388,0.38764771687869226,0.20696020031676987,0.2739055153622187,bullish,1,1291.9000244140625
palladium,Palladium,2025-07-25,2025-07-25 23:00:00,2025-07-26,direct,0.0853701561734963,0.313127038077196,0.13543872558928172,0.177978639946658,bullish,1,1243.4000244140625
palladium,Palladium,2025-08-01,2025-08-01 23:00:00,2025-08-02,direct,0.06282448254646944,0.23507159960538093,0.08405569307245941,0.12731725840810326,bullish,1,1207.9000244140625
palladium,Palladium,2025-08-08,2025-08-08 23:00:00,2025-08-09,direct,-0.10981936278721527,0.18436451257258524,0.003771926975528306,0.026105692253632757,neutral,0,1133.199951171875
palladium,Palladium,2025-08-15,2025-08-15 23:00:00,2025-08-16,direct,-0.14265813557184026,0.10594106398995251,-0.026528209626843657,-0.02108176040291047,neutral,0,1107.5999755859375
palladium,Palladium,2025-08-22,2025-08-22 23:00:00,2025-08-23,direct,-0.09642916363184406,0.16872985984263167,-0.024146615143421646,0.016051360355788653,neutral,0,1123.5
palladium,Palladium,2025-08-29,2025-08-29 23:00:00,2025-08-30,direct,-0.08502365358590502,0.042051646815565835,-0.04313072965868947,-0.028700912143009554,neutral,0,1105.199951171875
palladium,Palladium,2025-09-05,2025-09-05 23:00:00,2025-09-06,direct,-0.019061045284726963,0.06925740832132998,-0.04256328836931067,0.0025443582224307835,neutral,0,1111.5999755859375
palladium,Palladium,2025-09-12,2025-09-12 23:00:00,2025-09-13,direct,0.10987728053876689,0.16764816851638886,0.04556767363333325,0.10769770756282966,bullish,1,1229.300048828125
palladium,Palladium,2025-09-19,2025-09-19 23:00:00,2025-09-20,direct,0.024299108881286058,0.004539170175460017,-0.021560265975399395,0.0024260043604488932,bullish,1,1150.800048828125
palladium,Palladium,2025-09-26,2025-09-26 23:00:00,2025-09-27,direct,0.1684763675973331,0.13629566600445453,0.0860619141019836,0.13027798256792375,bullish,1,1291.4000244140625
palladium,Palladium,2025-10-03,2025-10-03 23:00:00,2025-10-04,direct,0.14519613886190186,0.0,0.07058757202604404,0.0719279036293153,neutral,0,1273.0
palladium,Palladium,2025-10-10,2025-10-10 23:00:00,2025-10-11,direct,0.17758067037084624,0.12052012402623213,0.20428435696427938,0.16746171712045257,bullish,1,1447.5999755859375
palladium,Palladium,2025-10-17,2025-10-17 23:00:00,2025-10-18,direct,0.30274581817973534,0.20572617157407191,0.2254790095447139,0.24465033309950704,bullish,1,1499.199951171875
palladium,Palladium,2025-10-24,2025-10-24 23:00:00,2025-10-25,direct,0.13334361771443048,0.21168966471038186,0.17589715121675042,0.17364347788052092,bullish,1,1463.5999755859375
palladium,Palladium,2025-10-31,2025-10-31 23:00:00,2025-11-01,direct,0.13487820202032608,0.2748852924657019,0.1369994787903841,0.1822543244254707,bullish,1,1444.699951171875
palladium,Palladium,2025-11-07,2025-11-07 23:00:00,2025-11-08,direct,-0.03474711771631034,0.2615565904910133,0.07919062885412775,0.10200003387627692,neutral,0,1397.300048828125
palladium,Palladium,2025-11-14,2025-11-14 23:00:00,2025-11-15,direct,-0.05236126104369143,0.26453044163050743,0.07666848880954791,0.0962792231321213,neutral,0,1420.699951171875
palladium,Palladium,2025-11-21,2025-11-21 23:00:00,2025-11-22,direct,-0.054659744010977285,0.25190014179684583,0.030435416718546326,0.07589193816813829,neutral,0,1383.5999755859375
palladium,Palladium,2025-11-28,2025-11-28 23:00:00,2025-11-29,direct,0.016543244425720305,0.3211586972299285,0.0700311956066666,0.13591104575410515,bullish,1,1468.5999755859375
palladium,Palladium,2025-12-05,2025-12-05 23:00:00,2025-12-06,direct,0.05374649177814139,0.19775479210114844,0.05719536383335533,0.10289888257088171,bullish,1,1472.4000244140625
palladium,Palladium,2025-12-12,2025-12-12 23:00:00,2025-12-13,direct,0.0658126298398729,0.3157802284713187,0.06407123451151087,0.14855469760756748,bullish,1,1514.199951171875
palladium,Palladium,2025-12-19,2025-12-19 23:00:00,2025-12-20,direct,0.26409369099570856,0.3543440970535532,0.19699554936504238,0.2718111124714347,bullish,1,1749.0
palladium,Palladium,2025-12-26,2025-12-26 23:00:00,2025-12-27,direct,0.3514231132817671,0.5590730174170266,0.305322914270459,0.40527301498975093,bullish,1,1984.699951171875
palladium,Palladium,2026-01-02,2026-01-02 23:00:00,2026-01-03,direct,0.13284431699447707,0.15225202274879313,0.08393806263583437,0.12301146745970153,bullish,1,1668.0
palladium,Palladium,2026-01-09,2026-01-09 23:00:00,2026-01-10,direct,0.22374855352882528,0.2359925696045888,0.18152160122668337,0.21375424145336583,bullish,1,1853.0
palladium,Palladium,2026-01-16,2026-01-16 23:00:00,2026-01-17,direct,0.032132619309248156,0.23339709024604316,0.1305228043080564,0.13201750462111592,bullish,1,1805.199951171875
palladium,Palladium,2026-01-23,2026-01-23 23:00:00,2026-01-24,direct,0.012747543432540809,0.39129235684515606,0.22270831963576998,0.20891607330448894,bullish,1,2010.0
palladium,Palladium,2026-01-30,2026-01-30 23:00:00,2026-01-31,direct,0.012170293062425008,0.20825877752173083,0.0120843433012352,0.07750447129513034,bullish,1,1688.300048828125
palladium,Palladium,2026-02-06,2026-02-06 23:00:00,2026-02-07,direct,-0.06492177486677009,0.21961005893091246,0.022759784396747085,0.05914935615362982,neutral,0,1732.699951171875
palladium,Palladium,2026-02-13,2026-02-13 23:00:00,2026-02-14,direct,-0.05966095395801441,0.22687194995152393,-0.013253495294282769,0.05131916689974225,neutral,0,1697.5
palladium,Palladium,2026-02-20,2026-02-20 23:00:00,2026-02-21,direct,-0.11731345712842045,0.20808932361857768,0.016286998441198852,0.03568762164378536,neutral,0,1774.199951171875
palladium,Palladium,2026-02-27,2026-02-27 23:00:00,2026-02-28,direct,0.06154113566238917,0.21719636067316417,0.0111617688150909,0.09663308838354807,bullish,1,1792.199951171875
palladium,Palladium,2026-03-06,2026-03-06 23:00:00,2026-03-07,direct,-0.058290530874483326,0.07759873450601029,-0.08445048803753163,-0.021714094802001555,neutral,0,1631.699951171875
palladium,Palladium,2026-03-13,2026-03-13 23:00:00,2026-03-14,direct,-0.08447718669458759,-0.11143511973359777,-0.11997206707530927,-0.10529479116783154,neutral,0,1554.0999755859375
palladium,Palladium,2026-03-20,2026-03-20 23:00:00,2026-03-21,direct,-0.19693377970897152,-0.282108084908832,-0.17129462295584208,-0.2167788291912152,neutral,0,1424.800048828125
palladium,Palladium,2026-03-27,2026-03-27 23:00:00,2026-03-28,direct,-0.22391470689161241,-0.16612708368461482,-0.17999860409508706,-0.1900134648904381,neutral,0,1390.9000244140625
palladium,Palladium,2026-04-03,2026-04-03 23:00:00,2026-04-04,direct,-0.08598390081279961,-0.19514299815754854,-0.10484667622465882,-0.12865785839833566,neutral,0,1491.4000244140625
palladium,Palladium,2026-04-10,2026-04-10 23:00:00,2026-04-11,direct,-0.016729940421109202,-0.15350098774712106,-0.0699283422081386,-0.08005309012545629,neutral,0,1528.0999755859375
palladium,Palladium,2026-04-17,2026-04-17 23:00:00,2026-04-18,direct,0.1162268177363841,-0.20875620675917284,-0.010960631550703703,-0.03449667352449748,neutral,0,1590.4000244140625
palladium,Palladium,2026-04-24,2026-04-24 23:00:00,2026-04-25,direct,0.07951684063887288,-0.11064386864040299,-0.05711818126597357,-0.02941506975583456,neutral,0,1501.5
palladium,Palladium,2026-05-01,2026-05-01 23:00:00,2026-05-02,direct,0.032050372787536974,-0.11167542301200528,-0.02355680200585608,-0.03439395074344146,neutral,0,1539.199951171875
palladium,Palladium,2026-05-08,2026-05-08 23:00:00,2026-05-09,direct,-0.02977553872583072,-0.1265979525266937,-0.0486549001722657,-0.0683427971415967,neutral,0,1482.5999755859375
palladium,Palladium,2026-05-15,2026-05-15 23:00:00,2026-05-16,direct,-0.10531941488224672,-0.1980046986957562,-0.06948302645686333,-0.12426904667828875,neutral,0,1422.9000244140625
palladium,Palladium,2026-05-22,2026-05-22 23:00:00,2026-05-23,direct,-0.09557109557109555,-0.24227204720542617,-0.09040165988261673,-0.14274826755304615,neutral,0,1358.0
palladium,Palladium,2026-05-29,2026-05-29 23:00:00,2026-05-30,direct,-0.11577440022409169,-0.16590056951185195,-0.07440677037543375,-0.11869391337045913,neutral,0,1361.0
palladium,Palladium,2026-06-05,2026-06-05 23:00:00,2026-06-06,direct,-0.1588425764724083,-0.19754198881848173,-0.13685050173560442,-0.1644116890088315,neutral,0,1247.0999755859375
palladium,Palladium,2026-06-12,2026-06-12 23:00:00,2026-06-13,direct,-0.10309935394273206,-0.10429540466290077,-0.10907369821249902,-0.10548948560604395,neutral,0,1276.199951171875
palladium,Palladium,2026-06-19,2026-06-19 23:00:00,2026-06-20,direct,-0.06885125184094254,-0.09087642691451558,-0.11070216159940616,-0.0901432801182881,neutral,0,1264.5
platinum,Platinum,2022-01-07,2022-01-07 23:00:00,2022-01-08,direct,,,,0.0,neutral,0,957.0
platinum,Platinum,2022-01-14,2022-01-14 23:00:00,2022-01-15,direct,,,,0.0,neutral,0,964.4000244140625
platinum,Platinum,2022-01-21,2022-01-21 23:00:00,2022-01-22,direct,,,,0.0,neutral,0,1034.699951171875
platinum,Platinum,2022-01-28,2022-01-28 23:00:00,2022-01-29,direct,,,0.014794268532251964,0.004931422844083988,neutral,0,1004.9000244140625
platinum,Platinum,2022-02-04,2022-02-04 23:00:00,2022-02-05,direct,0.06875651806997785,,0.026124634112680845,0.0316270507275529,neutral,0,1022.7999877929688
platinum,Platinum,2022-02-11,2022-02-11 23:00:00,2022-02-12,direct,0.05485271883007936,,0.017113521119409114,0.02398874664982949,neutral,0,1017.2999877929688
platinum,Platinum,2022-02-18,2022-02-18 23:00:00,2022-02-19,direct,0.03923852282999274,,0.06369062176076334,0.03430971486358536,neutral,0,1075.300048828125
platinum,Platinum,2022-02-25,2022-02-25 23:00:00,2022-02-26,direct,0.04378545022491709,,0.03272496337199571,0.025503471198970933,neutral,0,1048.9000244140625
platinum,Platinum,2022-03-04,2022-03-04 23:00:00,2022-03-05,direct,0.09122016905210817,,0.08694567421999677,0.05938861442403498,neutral,0,1116.0999755859375
platinum,Platinum,2022-03-11,2022-03-11 23:00:00,2022-03-12,direct,0.0693011519523421,,0.05313096959567387,0.04081070718267199,neutral,0,1087.800048828125
platinum,Platinum,2022-03-18,2022-03-18 23:00:00,2022-03-19,direct,-0.03729200765865448,,0.0020062157639277878,-0.011761930631575565,neutral,0,1035.199951171875
platinum,Platinum,2022-03-25,2022-03-25 23:00:00,2022-03-26,direct,-0.03918394095190636,,-0.022518239150395636,-0.020567393367434,neutral,0,1007.7999877929688
platinum,Platinum,2022-04-01,2022-04-01 23:00:00,2022-04-02,direct,-0.11746257365260826,0.02925809822361547,-0.04678956884855645,-0.04499801475918308,neutral,0,985.0
platinum,Platinum,2022-04-08,2022-04-08 23:00:00,2022-04-09,direct,-0.10626956373611895,0.008087917456978344,-0.059767879877145824,-0.052649842052095476,neutral,0,972.2000122070312
platinum,Platinum,2022-04-15,2022-04-15 23:00:00,2022-04-16,direct,-0.04404943753553803,-0.043587491750490925,-0.039448698640263125,-0.042361875975430695,neutral,0,989.5999755859375
platinum,Platinum,2022-04-22,2022-04-22 23:00:00,2022-04-23,direct,-0.08205994563280372,-0.07941093331613247,-0.09622165991515574,-0.08589751295469732,neutral,0,925.0999755859375
platinum,Platinum,2022-04-29,2022-04-29 23:00:00,2022-04-30,direct,-0.04812185219701781,-0.08330075598737408,-0.07761174129890247,-0.06967811649443145,neutral,0,937.5999755859375
platinum,Platinum,2022-05-06,2022-05-06 23:00:00,2022-05-07,direct,-0.018103308372871885,-0.061633749099966884,-0.05603535556700556,-0.045257471013281446,neutral,0,954.5999755859375
platinum,Platinum,2022-05-13,2022-05-13 23:00:00,2022-05-14,direct,-0.053759046568665814,-0.12917327081444607,-0.0633111574757308,-0.08208115828628089,neutral,0,936.4000244140625
platinum,Platinum,2022-05-20,2022-05-20 23:00:00,2022-05-21,direct,0.022808385231801065,-0.09791210774773473,-0.04533528720826918,-0.040146336574734286,neutral,0,946.2000122070312
platinum,Platinum,2022-05-27,2022-05-27 23:00:00,2022-05-28,direct,0.008425794176376344,-0.15285366841476256,-0.032158998628992075,-0.05886229095579276,neutral,0,945.5
platinum,Platinum,2022-06-03,2022-06-03 23:00:00,2022-06-04,direct,0.06557724515200158,-0.06490166708224587,0.04754387497713619,0.016073151015630633,neutral,0,1017.2000122070312
platinum,Platinum,2022-06-10,2022-06-10 23:00:00,2022-06-11,direct,0.03780431701831399,-0.061244171531437686,0.006264553881537571,-0.005725100210528707,neutral,0,971.7999877929688
platinum,Platinum,2022-06-17,2022-06-17 23:00:00,2022-06-18,direct,-0.0160642697219765,-0.07620558515897269,-0.029551254548636052,-0.04060703647652841,neutral,0,931.0
platinum,Platinum,2022-06-24,2022-06-24 23:00:00,2022-06-25,direct,-0.043363299841353786,-0.08172588832487304,-0.05053491201128446,-0.058541366725837096,neutral,0,904.5
platinum,Platinum,2022-07-01,2022-07-01 23:00:00,2022-07-02,direct,-0.13940226709720893,-0.09956797631921344,-0.07323396528351056,-0.10406806956664431,neutral,0,875.4000244140625
platinum,Platinum,2022-07-08,2022-07-08 23:00:00,2022-07-09,direct,-0.0800576134700911,-0.09660466647579813,-0.04549215594817224,-0.07405147863135382,neutral,0,894.0
platinum,Platinum,2022-07-15,2022-07-15 23:00:00,2022-07-16,direct,-0.09323306959502553,-0.08744996812659733,-0.09212789250075915,-0.090936976740794,neutral,0,844.2000122070312
platinum,Platinum,2022-07-22,2022-07-22 23:00:00,2022-07-23,direct,-0.04787173885347573,-0.08148460470166008,-0.06746073907537498,-0.06560569421017026,neutral,0,861.2000122070312
platinum,Platinum,2022-07-29,2022-07-29 23:00:00,2022-07-30,direct,0.010852181557064355,-0.07301482605747278,-0.03573275455343694,-0.032631799684615125,neutral,0,884.9000244140625
platinum,Platinum,2022-08-05,2022-08-05 23:00:00,2022-08-06,direct,0.031208081000069887,-0.015484835136642783,0.005910289553924031,0.007211178472450379,neutral,0,921.9000244140625
platinum,Platinum,2022-08-12,2022-08-12 23:00:00,2022-08-13,direct,0.13515751473118387,0.012787968114388537,0.04447813007073487,0.06414120430543575,bullish,1,958.2999877929688
platinum,Platinum,2022-08-19,2022-08-19 23:00:00,2022-08-20,direct,0.02984209456891307,-0.06197776370802488,-0.028170154575225426,-0.020101941238112413,neutral,0,886.9000244140625
platinum,Platinum,2022-08-26,2022-08-26 23:00:00,2022-08-27,direct,-0.034241211427458396,-0.1598506042762411,-0.04944992099039902,-0.08118057889803283,neutral,0,854.5999755859375
platinum,Platinum,2022-09-02,2022-09-02 23:00:00,2022-09-03,direct,-0.1136783230857743,-0.15918914812745233,-0.0779387200721181,-0.11693539709511491,neutral,0,817.0999755859375
platinum,Platinum,2022-09-09,2022-09-09 23:00:00,2022-09-10,direct,-0.085881236399169,-0.05907626208378092,-0.006333307557292889,-0.050430268680080936,neutral,0,876.0
platinum,Platinum,2022-09-16,2022-09-16 23:00:00,2022-09-17,direct,0.015334282570262037,-0.004422332780541716,0.021843965733483905,0.010918638507734743,neutral,0,900.5
platinum,Platinum,2022-09-23,2022-09-23 23:00:00,2022-09-24,direct,0.0045635671957380275,-0.019305487711602787,-0.0242562616126768,-0.012999394042847187,neutral,0,858.5
platinum,Platinum,2022-09-30,2022-09-30 23:00:00,2022-10-01,direct,0.0647411895663419,-0.02684563758389258,-0.008932897570173126,0.009654218137425397,neutral,0,870.0
platinum,Platinum,2022-10-07,2022-10-07 23:00:00,2022-10-08,direct,0.06073060754227311,0.10068703952962577,0.05003249880225602,0.07048338195805164,bullish,1,929.2000122070312
platinum,Platinum,2022-10-14,2022-10-14 23:00:00,2022-10-15,direct,0.005330358459709972,0.05120758820348925,0.018793593018904264,0.02511051322736783,bullish,1,905.2999877929688
platinum,Platinum,2022-10-21,2022-10-21 23:00:00,2022-10-22,direct,0.11193940079899534,0.07876590490324253,0.06729772439106485,0.0860010100311009,bullish,1,954.5999755859375
platinum,Platinum,2022-10-28,2022-10-28 23:00:00,2022-10-29,direct,0.10160922346443968,0.03959214560515778,0.06791467789077887,0.0697053489867921,bullish,1,958.4000244140625
platinum,Platinum,2022-11-04,2022-11-04 23:00:00,2022-11-05,direct,0.04369347293647219,0.012000417558686749,0.0794645987855187,0.04505282976022588,bullish,1,969.7999877929688
platinum,Platinum,2022-11-11,2022-11-11 23:00:00,2022-11-12,direct,0.156964584709119,0.18096740960858093,0.14873785210638357,0.16222328214136117,bullish,1,1047.4000244140625
platinum,Platinum,2022-11-18,2022-11-18 23:00:00,2022-11-19,direct,0.0496543323133527,0.17247838594074483,0.0843373505912759,0.10215668961512447,bullish,1,1002.0
platinum,Platinum,2022-11-25,2022-11-25 23:00:00,2022-11-26,direct,0.04914438061991189,0.23057157024018027,0.0699464394476581,0.11655413010258342,bullish,1,1005.5
platinum,Platinum,2022-12-02,2022-12-02 23:00:00,2022-12-03,direct,0.07197359112348178,0.18675796299764547,0.09041323337021523,0.11638159583044749,bullish,1,1039.5999755859375
platinum,Platinum,2022-12-09,2022-12-09 23:00:00,2022-12-10,direct,0.0017184711818385434,0.16513042884161577,0.08636261101590326,0.0844038370131192,bullish,1,1049.199951171875
platinum,Platinum,2022-12-16,2022-12-16 23:00:00,2022-12-17,direct,0.010978043912175606,0.17996505532906237,0.03508174924866969,0.07534161616330255,bullish,1,1013.0
platinum,Platinum,2022-12-23,2022-12-23 23:00:00,2022-12-24,direct,0.03689704185573106,0.19839077653556036,0.04989676558280953,0.09506152799136698,bullish,1,1042.5999755859375
platinum,Platinum,2022-12-30,2022-12-30 23:00:00,2022-12-31,direct,0.03280105462364813,0.15551004850035266,0.0682607366281689,0.08552394658405656,bullish,1,1073.699951171875
platinum,Platinum,2023-01-06,2023-01-06 23:00:00,2023-01-07,direct,0.041364874603347035,0.20689273204298542,0.07044184357966521,0.10623315007533256,bullish,1,1092.5999755859375
platinum,Platinum,2023-01-13,2023-01-13 23:00:00,2023-01-14,direct,0.050049310140054315,0.11428868465974085,0.03292733993098462,0.0657551115769266,bullish,1,1063.699951171875
platinum,Platinum,2023-01-20,2023-01-20 23:00:00,2023-01-21,direct,-0.004316132846129195,0.08315937932138628,0.0016080741113602137,0.02681710686220577,neutral,0,1038.0999755859375
platinum,Platinum,2023-01-27,2023-01-27 23:00:00,2023-01-28,direct,-0.061749026518489014,0.038770918843443525,-0.03094234118079453,-0.017973482951946673,neutral,0,1007.4000244140625
platinum,Platinum,2023-02-03,2023-02-03 23:00:00,2023-02-04,direct,-0.11056195358981802,-0.07217876156092895,-0.05948770310568241,-0.08074280608547646,neutral,0,971.7999877929688
platinum,Platinum,2023-02-10,2023-02-10 23:00:00,2023-02-11,direct,-0.1110275275051269,-0.056287449515032395,-0.08066241511640115,-0.08265913071218682,neutral,0,945.5999755859375
platinum,Platinum,2023-02-17,2023-02-17 23:00:00,2023-02-18,direct,-0.1181003549458115,-0.08950770760815518,-0.10338859445643178,-0.10366555233679949,neutral,0,915.5
platinum,Platinum,2023-02-24,2023-02-24 23:00:00,2023-02-25,direct,-0.10462579100627545,-0.13235857908555992,-0.10657684501990539,-0.11452040503724692,neutral,0,902.0
platinum,Platinum,2023-03-03,2023-03-03 23:00:00,2023-03-04,direct,0.0055567241015574975,-0.06862365832597062,-0.02630527493628909,-0.029790736386900735,neutral,0,977.2000122070312
platinum,Platinum,2023-03-10,2023-03-10 23:00:00,2023-03-11,direct,0.014911206625567663,-0.05261598005228896,-0.039491547143111094,-0.025732106856610797,neutral,0,959.7000122070312
platinum,Platinum,2023-03-17,2023-03-17 23:00:00,2023-03-18,direct,0.06684872988206592,-0.06320733255520239,-0.017074784764310347,-0.004477795812482273,neutral,0,976.7000122070312
platinum,Platinum,2023-03-24,2023-03-24 23:00:00,2023-03-25,direct,0.08869179600886912,-0.08540556518773268,-0.00408204043649929,-0.00026526987178761746,neutral,0,982.0
platinum,Platinum,2023-03-31,2023-03-31 23:00:00,2023-04-01,direct,0.01729427258267968,-0.09015193318778592,0.01665272814374874,-0.018734977487119164,neutral,0,994.0999755859375
platinum,Platinum,2023-04-07,2023-04-07 23:00:00,2023-04-08,direct,0.04918204814698801,-0.05339844821393114,0.03475210182142252,0.010178567251493131,neutral,0,1006.9000244140625
platinum,Platinum,2023-04-14,2023-04-14 23:00:00,2023-04-15,direct,0.0695197732469297,0.006261439314966921,0.07289765113461288,0.04955962123216984,bullish,1,1044.5999755859375
platinum,Platinum,2023-04-21,2023-04-21 23:00:00,2023-04-22,direct,0.1505092146925917,0.12150091467910618,0.14837501231596062,0.14012838056255283,bullish,1,1129.800048828125
platinum,Platinum,2023-04-28,2023-04-28 23:00:00,2023-04-29,direct,0.09465846282761814,0.11977769586441278,0.09529196777742244,0.10324270882315112,bullish,1,1088.199951171875
platinum,Platinum,2023-05-05,2023-05-05 23:00:00,2023-05-06,direct,0.05909226194986372,0.1277496319236595,0.06258357516385127,0.08314182301245816,bullish,1,1066.4000244140625
platinum,Platinum,2023-05-12,2023-05-12 23:00:00,2023-05-13,direct,0.024411258468292063,0.1688694435673812,0.05275582234193554,0.08201217479253627,bullish,1,1070.0999755859375
platinum,Platinum,2023-05-19,2023-05-19 23:00:00,2023-05-20,direct,-0.04514073092216564,0.19600892331277708,0.0461514018413256,0.06567319807731235,neutral,0,1078.800048828125
platinum,Platinum,2023-05-26,2023-05-26 23:00:00,2023-05-27,direct,-0.05238007954201529,0.05525986317057385,-0.004352945724544366,-0.0004910540319952675,neutral,0,1031.199951171875
platinum,Platinum,2023-06-02,2023-06-02 23:00:00,2023-06-03,direct,-0.05138789157308499,0.05407936096567445,-0.02733888796423478,-0.008215806190548439,neutral,0,1011.5999755859375
platinum,Platinum,2023-06-09,2023-06-09 23:00:00,2023-06-10,direct,-0.04597696691370856,0.04525444010915214,-0.02186095229794971,-0.007527826367502044,neutral,0,1020.9000244140625
platinum,Platinum,2023-06-16,2023-06-16 23:00:00,2023-06-17,direct,-0.07730813926515667,0.013645646042833581,-0.04731214763369351,-0.03699154695200554,neutral,0,995.4000244140625
platinum,Platinum,2023-06-23,2023-06-23 23:00:00,2023-06-24,direct,-0.096392521417351,-0.06266974079367438,-0.10372966305900067,-0.08759730842334201,neutral,0,931.7999877929688
platinum,Platinum,2023-06-30,2023-06-30 23:00:00,2023-07-01,direct,-0.10587186454201247,-0.10169830363610466,-0.12278858423313532,-0.11011958413708416,neutral,0,904.5
platinum,Platinum,2023-07-07,2023-07-07 23:00:00,2023-07-08,direct,-0.10853173295956953,-0.12875742211707042,-0.10765763653919491,-0.11498226387194495,neutral,0,910.0999755859375
platinum,Platinum,2023-07-14,2023-07-14 23:00:00,2023-07-15,direct,-0.021498918916201037,-0.1379005506237384,-0.032690552094688186,-0.06403000721154255,neutral,0,974.0
platinum,Platinum,2023-07-21,2023-07-21 23:00:00,2023-07-22,direct,0.033590886674193854,-0.11496046792799264,-0.03350924974910319,-0.03829294366763399,neutral,0,963.0999755859375
platinum,Platinum,2023-07-28,2023-07-28 23:00:00,2023-07-29,direct,0.03659477676720568,-0.12078023807144478,-0.04885411499556824,-0.04434652543326911,neutral,0,937.5999755859375
platinum,Platinum,2023-08-04,2023-08-04 23:00:00,2023-08-05,direct,0.01021871121591622,-0.14082791758719426,-0.05528151736835751,-0.06196357457987852,neutral,0,919.4000244140625
platinum,Platinum,2023-08-11,2023-08-11 23:00:00,2023-08-12,direct,-0.06786445132026442,-0.15841677482282945,-0.05324350634332564,-0.09317491082880651,neutral,0,907.9000244140625
platinum,Platinum,2023-08-18,2023-08-18 23:00:00,2023-08-19,direct,-0.055965076051543106,-0.11830871289918188,-0.04172850147254181,-0.07200076347442226,neutral,0,909.2000122070312
platinum,Platinum,2023-08-25,2023-08-25 23:00:00,2023-08-26,direct,0.007145917642376487,-0.06652826158283298,0.0011839198188883238,-0.01939947470718939,neutral,0,944.2999877929688
platinum,Platinum,2023-09-01,2023-09-01 23:00:00,2023-09-02,direct,0.05025010870683677,-0.05416793760962446,0.02879362728132162,0.008291932792844644,neutral,0,965.5999755859375
platinum,Platinum,2023-09-08,2023-09-08 23:00:00,2023-09-09,direct,-0.017843387786542153,-0.1041792341406399,-0.041114041032961235,-0.05437888765338109,neutral,0,891.7000122070312
platinum,Platinum,2023-09-15,2023-09-15 23:00:00,2023-09-16,direct,0.01891774304454663,-0.005795195803443232,-0.0033172277488131563,0.0032684398307634144,neutral,0,926.4000244140625
platinum,Platinum,2023-09-22,2023-09-22 23:00:00,2023-09-23,direct,-0.010801665084070211,0.03272523558423157,0.0023069678037830332,0.008076846101314797,neutral,0,934.0999755859375
platinum,Platinum,2023-09-29,2023-09-29 23:00:00,2023-09-30,direct,-0.06089476934512994,-0.0036259618519868253,-0.026699235491824624,-0.030406655562980462,neutral,0,906.7999877929688
platinum,Platinum,2023-10-06,2023-10-06 23:00:00,2023-10-07,direct,-0.02242906776517628,-0.1050307882884689,-0.05573307353345691,-0.06106430986236736,neutral,0,871.7000122070312
platinum,Platinum,2023-10-13,2023-10-13 23:00:00,2023-10-14,direct,-0.05494389364492536,-0.09095626394616285,-0.04405743404753515,-0.06331919721287445,neutral,0,875.5
platinum,Platinum,2023-10-20,2023-10-20 23:00:00,2023-10-21,direct,-0.04003850161268463,-0.04362197572941118,-0.017252235439832342,-0.03363757092730938,neutral,0,896.7000122070312
platinum,Platinum,2023-10-27,2023-10-27 23:00:00,2023-10-28,direct,-0.010586651648841094,-0.02414619492878456,-0.014706545158198248,-0.016479797245274635,neutral,0,897.2000122070312
platinum,Platinum,2023-11-03,2023-11-03 23:00:00,2023-11-04,direct,0.07445217674666305,0.03161135631689982,0.02586755139323893,0.04397702815226726,bullish,1,936.5999755859375
platinum,Platinum,2023-11-10,2023-11-10 23:00:00,2023-11-11,direct,-0.04214737226049403,-0.07765072115399141,-0.07551540144672586,-0.06510449828707043,neutral,0,838.5999755859375
platinum,Platinum,2023-11-17,2023-11-17 23:00:00,2023-11-18,direct,-0.002230400326501014,-0.05252565522304331,-0.00915499181633439,-0.021303682455292905,neutral,0,894.7000122070312
platinum,Platinum,2023-11-24,2023-11-24 23:00:00,2023-11-25,direct,0.037784176234589406,-0.03572908126790808,0.03445017010178408,0.01216842168948847,neutral,0,931.0999755859375
platinum,Platinum,2023-12-01,2023-12-01 23:00:00,2023-12-02,direct,-0.004911355654327987,0.04519455785721371,0.03160108821539276,0.02396143013942616,neutral,0,932.0
platinum,Platinum,2023-12-08,2023-12-08 23:00:00,2023-12-09,direct,0.09253522404037029,-0.011010375580983611,0.015067600639654177,0.03219748303301362,neutral,0,916.2000122070312
platinum,Platinum,2023-12-15,2023-12-15 23:00:00,2023-12-16,direct,0.061584860661863416,0.016807635817764677,0.050770256201862374,0.04305425089383016,bullish,1,949.7999877929688
platinum,Platinum,2023-12-22,2023-12-22 23:00:00,2023-12-23,direct,0.05198155480951927,0.08017204806538802,0.0764130578299218,0.06952222023494303,bullish,1,979.5
platinum,Platinum,2023-12-29,2023-12-29 23:00:00,2023-12-30,direct,0.06759656652360513,0.14144772979960063,0.0812377219386311,0.09676067275394562,bullish,1,995.0
platinum,Platinum,2024-01-05,2024-01-05 23:00:00,2024-01-06,direct,0.04704210326532743,0.09571671935233428,0.03459245814417877,0.05911709358728016,bullish,1,959.2999877929688
platinum,Platinum,2024-01-12,2024-01-12 23:00:00,2024-01-13,direct,-0.041798286710111876,0.01494364134770687,-0.019649752623278727,-0.015501465995227911,neutral,0,910.0999755859375
platinum,Platinum,2024-01-19,2024-01-19 23:00:00,2024-01-20,direct,-0.08392037999696911,0.00011143065601570967,-0.03344644084447579,-0.03908513006180973,neutral,0,897.2999877929688
platinum,Platinum,2024-01-26,2024-01-26 23:00:00,2024-01-27,direct,-0.0841206152834485,-0.02701258643226112,-0.01613150369355254,-0.042421568469754055,neutral,0,911.2999877929688
platinum,Platinum,2024-02-02,2024-02-02 23:00:00,2024-02-03,direct,-0.06827895427236874,0.06582400884100004,-0.03979374082913312,-0.014082895420167274,neutral,0,893.7999877929688
platinum,Platinum,2024-02-09,2024-02-09 23:00:00,2024-02-10,direct,-0.04252274718165916,-0.02604223479945278,-0.061901140984214065,-0.04348870765510867,neutral,0,871.4000244140625
platinum,Platinum,2024-02-16,2024-02-16 23:00:00,2024-02-17,direct,0.011478867639687529,-0.02523896532723191,-0.02086612976857971,-0.01154207581870803,neutral,0,907.5999755859375
platinum,Platinum,2024-02-23,2024-02-23 23:00:00,2024-02-24,direct,-0.005815854124835984,-0.027896995708154515,-0.020302229212943,-0.0180050263486445,neutral,0,906.0
platinum,Platinum,2024-03-01,2024-03-01 23:00:00,2024-03-02,direct,-0.010740630697078424,-0.03492687139668915,-0.04111047900052045,-0.02892599369809601,neutral,0,884.2000122070312
platinum,Platinum,2024-03-08,2024-03-08 23:00:00,2024-03-09,direct,0.04659166220845279,-0.039797839838684124,-0.00757197365014739,-0.00025938376012624165,neutral,0,912.0
platinum,Platinum,2024-03-15,2024-03-15 23:00:00,2024-03-16,direct,0.03702075531613125,-0.03910156997750769,0.02777274020571019,0.008563975181444583,neutral,0,941.2000122070312
platinum,Platinum,2024-03-22,2024-03-22 23:00:00,2024-03-23,direct,-0.010927179264969666,-0.09939700946136931,-0.012589205131963599,-0.04097113128610086,neutral,0,896.0999755859375
platinum,Platinum,2024-03-29,2024-03-29 23:00:00,2024-03-30,direct,0.026577696986615162,-0.053789196541794926,0.004954486751586273,-0.007419004267864497,neutral,0,907.7000122070312
platinum,Platinum,2024-04-05,2024-04-05 23:00:00,2024-04-06,direct,0.018092105263157965,0.020217585878096855,0.026240895363836447,0.021516862168363755,bullish,1,928.5
platinum,Platinum,2024-04-12,2024-04-12 23:00:00,2024-04-13,direct,0.05237992685249182,0.10386717204384377,0.085449714916497,0.08056560460427753,bullish,1,990.5
platinum,Platinum,2024-04-19,2024-04-19 23:00:00,2024-04-20,direct,0.04240598263062423,0.025019190275846315,0.02151622895723282,0.02964713395456779,bullish,1,934.0999755859375
platinum,Platinum,2024-04-26,2024-04-26 23:00:00,2024-04-27,direct,0.007271097826571538,0.022935780129758054,-0.0020011754219881883,0.009401900844780467,bullish,1,914.2999877929688
platinum,Platinum,2024-05-03,2024-05-03 23:00:00,2024-05-04,direct,0.03349485792777318,0.10121637445578613,0.039109150421219985,0.057940127601593096,bullish,1,959.5999755859375
platinum,Platinum,2024-05-10,2024-05-10 23:00:00,2024-05-11,direct,0.010701641177120136,0.10301895385093784,0.0749778337731406,0.0628994762670662,bullish,1,1001.0999755859375
platinum,Platinum,2024-05-17,2024-05-17 23:00:00,2024-05-18,direct,0.1611176575672162,0.1971302158785182,0.14631975083244853,0.16818920809272764,bullish,1,1084.5999755859375
platinum,Platinum,2024-05-24,2024-05-24 23:00:00,2024-05-25,direct,0.13179488422178776,0.17032349529738688,0.07936899924524798,0.12716245958814087,bullish,1,1034.800048828125
platinum,Platinum,2024-05-31,2024-05-31 23:00:00,2024-06-01,direct,0.08138805499473789,0.13782889382881036,0.07069521862844907,0.09663738915066578,bullish,1,1037.699951171875
platinum,Platinum,2024-06-07,2024-06-07 23:00:00,2024-06-08,direct,-0.03326339886631047,0.02826176714932549,-0.003705992442579631,-0.0029025413865215364,neutral,0,967.7999877929688
platinum,Platinum,2024-06-14,2024-06-14 23:00:00,2024-06-15,direct,-0.11921444837126849,0.06606407077326604,-0.021543191109921977,-0.02489785623597481,neutral,0,955.2999877929688
platinum,Platinum,2024-06-21,2024-06-21 23:00:00,2024-06-22,direct,-0.039717853383982815,0.09474495851431675,0.010371146400669051,0.021799417177000995,neutral,0,993.7000122070312
platinum,Platinum,2024-06-28,2024-06-28 23:00:00,2024-06-29,direct,-0.034499304656787966,0.0790522610813813,0.01241224647903505,0.01898840096787613,neutral,0,1001.9000244140625
platinum,Platinum,2024-07-05,2024-07-05 23:00:00,2024-07-06,direct,0.0697458791966794,0.04522973127523988,0.04223088847734768,0.052402166316422326,bullish,1,1035.300048828125
platinum,Platinum,2024-07-12,2024-07-12 23:00:00,2024-07-13,direct,0.045744805574625236,0.06947867049600598,0.0002419691466879481,0.038488481739106385,bullish,1,999.0
platinum,Platinum,2024-07-19,2024-07-19 23:00:00,2024-07-20,direct,-0.0313978180776463,0.052717940337483116,-0.04016354518571352,-0.006281140975292236,neutral,0,962.5
platinum,Platinum,2024-07-26,2024-07-26 23:00:00,2024-07-27,direct,-0.06767147138036678,-0.02657357299788332,-0.0665067940483327,-0.05358394614219427,neutral,0,934.0999755859375
platinum,Platinum,2024-08-02,2024-08-02 23:00:00,2024-08-03,direct,-0.07012463362990373,-0.038357770767530996,-0.034838828769957586,-0.04777374438913077,neutral,0,962.7000122070312
platinum,Platinum,2024-08-09,2024-08-09 23:00:00,2024-08-10,direct,-0.07147149590997248,-0.14475382955377936,-0.05766823981366165,-0.09129785509247117,neutral,0,927.5999755859375
platinum,Platinum,2024-08-16,2024-08-16 23:00:00,2024-08-17,direct,-0.005402610085227244,-0.07489375471418114,-0.021073900129956913,-0.033790088309788434,neutral,0,957.2999877929688
platinum,Platinum,2024-08-23,2024-08-23 23:00:00,2024-08-24,direct,0.028155496751434583,-0.07449159718136023,-0.011391688103483344,-0.019242596177802995,neutral,0,960.4000244140625
platinum,Platinum,2024-08-30,2024-08-30 23:00:00,2024-08-31,direct,-0.0362522322338531,-0.04133085400343772,-0.04166094387651498,-0.039748010037935266,neutral,0,927.7999877929688
platinum,Platinum,2024-09-06,2024-09-06 23:00:00,2024-09-07,direct,-0.014338063974794202,-0.042918455484043716,-0.05226061029936491,-0.03650570991940094,neutral,0,914.2999877929688
platinum,Platinum,2024-09-13,2024-09-13 23:00:00,2024-09-14,direct,0.0513945605707784,0.012881138810232784,0.04215921225919028,0.035478303880067154,bullish,1,1006.5
platinum,Platinum,2024-09-20,2024-09-20 23:00:00,2024-09-21,direct,0.02207408437417424,-0.020261551385825194,0.01816042145790786,0.006657651482085636,neutral,0,981.5999755859375
platinum,Platinum,2024-09-27,2024-09-27 23:00:00,2024-09-28,direct,0.08697996687734255,-0.025886262497968993,0.04849120858007416,0.03652830431981591,neutral,0,1008.5
platinum,Platinum,2024-10-04,2024-10-04 23:00:00,2024-10-05,direct,0.08257683583945963,-0.009209221428459702,0.029870541443086207,0.03441271861802871,neutral,0,989.7999877929688
platinum,Platinum,2024-10-11,2024-10-11 23:00:00,2024-10-12,direct,-0.021361152508693526,0.023376623376623273,0.022880688791958592,0.008298719886629446,neutral,0,985.0
platinum,Platinum,2024-10-18,2024-10-18 23:00:00,2024-10-19,direct,0.034127955209048544,0.08671448679697336,0.04680059437288753,0.05588101212630314,bullish,1,1015.0999755859375
platinum,Platinum,2024-10-25,2024-10-25 23:00:00,2024-10-26,direct,0.018542341271070795,0.06699900087980137,0.05343938333788367,0.04632690849625195,bullish,1,1027.199951171875
platinum,Platinum,2024-11-01,2024-11-01 23:00:00,2024-11-02,direct,0.005354604827573883,0.0727684365853527,0.01466613324133581,0.030929724884754133,bullish,1,995.0999755859375
platinum,Platinum,2024-11-08,2024-11-08 23:00:00,2024-11-09,direct,-0.01157362884676394,0.01702704272518374,-0.008629698652241724,-0.001058761591273975,neutral,0,973.5999755859375
platinum,Platinum,2024-11-15,2024-11-15 23:00:00,2024-11-16,direct,-0.07417987351394029,-0.02144943367078922,-0.04137092383330354,-0.04566674367267768,neutral,0,939.7999877929688
platinum,Platinum,2024-11-22,2024-11-22 23:00:00,2024-11-23,direct,-0.05597735757215061,0.04516062186391423,-0.014382247046051289,-0.008399660918095889,neutral,0,969.7000122070312
platinum,Platinum,2024-11-29,2024-11-29 23:00:00,2024-11-30,direct,-0.045824516837202456,0.0384994123121456,-0.03778268171874777,-0.015035928747934876,neutral,0,949.5
platinum,Platinum,2024-12-06,2024-12-06 23:00:00,2024-12-07,direct,-0.04478222748485372,-0.07600596125186287,-0.05141563884672318,-0.05740127586114659,neutral,0,930.0
platinum,Platinum,2024-12-13,2024-12-13 23:00:00,2024-12-14,direct,-0.019685039625767065,-0.06143030694043616,-0.055448285983485834,-0.045521210849896354,neutral,0,921.2999877929688
platinum,Platinum,2024-12-20,2024-12-20 23:00:00,2024-12-21,direct,-0.036402998193870495,-0.07347543439359194,-0.0359141558269197,-0.04859752947146071,neutral,0,934.4000244140625
platinum,Platinum,2024-12-27,2024-12-27 23:00:00,2024-12-28,direct,-0.03370194839389151,-0.07304504817602742,-0.04742952149534374,-0.05139217268842089,neutral,0,917.5
platinum,Platinum,2025-01-03,2025-01-03 23:00:00,2025-01-04,direct,0.004946210307459786,-0.051167537476205616,-0.025426246728790458,-0.023882524632512097,neutral,0,934.5999755859375
platinum,Platinum,2025-01-10,2025-01-10 23:00:00,2025-01-11,direct,0.06599369217253437,-0.03250911318459215,0.02705056688925933,0.020178381959067182,neutral,0,982.0999755859375
platinum,Platinum,2025-01-17,2025-01-17 23:00:00,2025-01-18,direct,0.017872378783751808,-0.07408487071978465,0.0012720588342780559,-0.01831347770058493,neutral,0,951.0999755859375
platinum,Platinum,2025-01-24,2025-01-24 23:00:00,2025-01-25,direct,0.04370569546151226,-0.03768465573312785,0.011442437255891669,0.005821158994758695,neutral,0,957.5999755859375
platinum,Platinum,2025-01-31,2025-01-31 23:00:00,2025-02-01,direct,0.10549965564050146,0.06121608163565195,0.08559816823985522,0.08410463517200288,bullish,1,1033.199951171875
platinum,Platinum,2025-02-07,2025-02-07 23:00:00,2025-02-08,direct,0.02952856198036069,0.07586719378493512,0.05578613671021149,0.05372729749183577,bullish,1,1011.0999755859375
platinum,Platinum,2025-02-14,2025-02-14 23:00:00,2025-02-15,direct,0.061718025143327804,0.041352970074394646,0.05076221649722035,0.05127773723831427,bullish,1,1009.7999877929688
platinum,Platinum,2025-02-21,2025-02-21 23:00:00,2025-02-22,direct,0.021616554652025055,0.030331740698229304,0.015448494027315851,0.02246559645919007,bullish,1,978.2999877929688
platinum,Platinum,2025-02-28,2025-02-28 23:00:00,2025-03-01,direct,-0.09765773146278567,0.002473105153729893,-0.032490721292167346,-0.04255844920040771,neutral,0,932.2999877929688
platinum,Platinum,2025-03-07,2025-03-07 23:00:00,2025-03-08,direct,-0.048956583122568564,0.04374252504823084,-0.005550009186886307,-0.0035880224204080102,neutral,0,961.5999755859375
platinum,Platinum,2025-03-14,2025-03-14 23:00:00,2025-03-15,direct,0.00019807111254621645,0.08090750600455543,0.037742331725401534,0.039615969614167724,bullish,1,1010.0
platinum,Platinum,2025-03-21,2025-03-21 23:00:00,2025-03-22,direct,-0.002146555874619871,0.06397821493954359,-0.002002030536038202,0.019943209509628506,neutral,0,976.2000122070312
platinum,Platinum,2025-03-28,2025-03-28 23:00:00,2025-03-29,direct,0.048696798250033035,0.04611602583669305,-0.0041252585659548036,0.03022918850692376,bullish,1,977.7000122070312
platinum,Platinum,2025-04-04,2025-04-04 23:00:00,2025-04-05,direct,-0.06198000946248061,-0.0815598997832665,-0.07494294056024708,-0.07282761660199806,neutral,0,902.0
platinum,Platinum,2025-04-11,2025-04-11 23:00:00,2025-04-12,direct,-0.07495050713567453,-0.01766374537294979,-0.04043957223267225,-0.044351274913765525,neutral,0,934.2999877929688
platinum,Platinum,2025-04-18,2025-04-18 23:00:00,2025-04-19,direct,-0.009117009119822717,0.010129503398426776,-0.007371428722643403,-0.002119644814679781,neutral,0,967.2999877929688
platinum,Platinum,2025-04-25,2025-04-25 23:00:00,2025-04-26,direct,-0.013194256165490192,-0.06620205827664405,-0.004111690714268534,-0.027836001718800924,neutral,0,964.7999877929688
platinum,Platinum,2025-05-02,2025-05-02 23:00:00,2025-05-03,direct,0.06751665677833985,-0.047670806384841335,-0.0019348079239883686,0.005970347489836714,neutral,0,962.9000244140625
platinum,Platinum,2025-05-09,2025-05-09 23:00:00,2025-05-10,direct,0.06871455961236439,-0.011190322766458038,0.03597645128685101,0.031166896044252452,neutral,0,998.5
platinum,Platinum,2025-05-16,2025-05-16 23:00:00,2025-05-17,direct,0.023674170064151623,0.01216398299350785,0.026308984350443154,0.020715712469367542,bullish,1,990.2000122070312
platinum,Platinum,2025-05-23,2025-05-23 23:00:00,2025-05-24,direct,0.12707300805584354,0.16636280022727634,0.11215473291484068,0.13519684706598686,bullish,1,1087.4000244140625
platinum,Platinum,2025-05-30,2025-05-30 23:00:00,2025-05-31,direct,0.09222133607468597,0.09369798031768495,0.06744476140256284,0.08445469259831125,bullish,1,1051.699951171875
platinum,Platinum,2025-06-06,2025-06-06 23:00:00,2025-06-07,direct,0.16845263011705058,0.15514846650680703,0.16867696779775843,0.16409268814053868,bullish,1,1166.699951171875
platinum,Platinum,2025-06-13,2025-06-13 23:00:00,2025-06-14,direct,0.22278331034293175,0.24031964114679827,0.18955655260296989,0.21755316803089997,bullish,1,1210.800048828125
platinum,Platinum,2025-06-20,2025-06-20 23:00:00,2025-06-21,direct,0.16212978002535028,0.292523202816819,0.2131228452848548,0.22259194270900803,bullish,1,1263.699951171875
platinum,Platinum,2025-06-27,2025-06-27 23:00:00,2025-06-28,direct,0.2749834426824318,0.4865853929202466,0.24356995437816398,0.3350462633269475,bullish,1,1340.9000244140625
platinum,Platinum,2025-07-04,2025-07-04 23:00:00,2025-07-05,direct,0.18496619341705434,0.4797174548463632,0.23922494624660295,0.3013028648366735,bullish,1,1382.5
platinum,Platinum,2025-07-11,2025-07-11 23:00:00,2025-07-12,direct,0.19920708741738236,0.5010855146529491,0.25604631098861685,0.3187796376863161,bullish,1,1452.0
platinum,Platinum,2025-07-18,2025-07-18 23:00:00,2025-07-19,direct,0.13832401328023036,0.4909826059291784,0.20327900951417588,0.27752854290786155,bullish,1,1438.5
platinum,Platinum,2025-07-25,2025-07-25 23:00:00,2025-07-26,direct,0.0495935556635243,0.46162632540224946,0.1418835525248141,0.21770114453019596,bullish,1,1407.4000244140625
platinum,Platinum,2025-08-01,2025-08-01 23:00:00,2025-08-02,direct,-0.05678119349005428,0.30595893840761135,0.03657971175118635,0.09525248555624781,neutral,0,1304.0
platinum,Platinum,2025-08-08,2025-08-08 23:00:00,2025-08-09,direct,-0.08705235841188874,0.33871940945682466,0.030846580782152744,0.09417121060902955,neutral,0,1325.5999755859375
platinum,Platinum,2025-08-15,2025-08-15 23:00:00,2025-08-16,direct,-0.07243653192344457,0.22705537876652415,0.02127174918331254,0.05863019867546404,neutral,0,1334.300048828125
platinum,Platinum,2025-08-22,2025-08-22 23:00:00,2025-08-23,direct,-0.03694756224098328,0.28877064499602234,0.01770765766534388,0.08984358014012765,neutral,0,1355.4000244140625
platinum,Platinum,2025-08-29,2025-08-29 23:00:00,2025-08-30,direct,0.047315913475364235,0.17056656237974233,0.01282998149707737,0.07690415245072797,bullish,1,1365.699951171875
platinum,Platinum,2025-09-05,2025-09-05 23:00:00,2025-09-06,direct,0.04232044102229282,0.14114626317463053,0.013986280544135976,0.06581766158035311,bullish,1,1381.699951171875
platinum,Platinum,2025-09-12,2025-09-12 23:00:00,2025-09-13,direct,0.05471033300501915,0.11363464683454683,0.023782564484921,0.06404251477482899,bullish,1,1407.300048828125
platinum,Platinum,2025-09-19,2025-09-19 23:00:00,2025-09-20,direct,0.043455823633709034,0.05473937137568208,0.02431696577971021,0.04083738692970044,bullish,1,1414.300048828125
platinum,Platinum,2025-09-26,2025-09-26 23:00:00,2025-09-27,direct,0.15889288112941458,0.14481009126356237,0.1325966155449203,0.14543319597929907,bullish,1,1582.699951171875
platinum,Platinum,2025-10-03,2025-10-03 23:00:00,2025-10-04,direct,0.171962152459173,0.11522041930311633,0.1473412277785877,0.1448412665136257,bullish,1,1619.300048828125
platinum,Platinum,2025-10-10,2025-10-10 23:00:00,2025-10-11,direct,0.13742620310771425,0.11275630946949944,0.12340332350603922,0.12452861202775097,bullish,1,1600.699951171875
platinum,Platinum,2025-10-17,2025-10-17 23:00:00,2025-10-18,direct,0.13292794563344246,0.1384823227463028,0.11185259792219071,0.12775428876731199,bullish,1,1602.300048828125
platinum,Platinum,2025-10-24,2025-10-24 23:00:00,2025-10-25,direct,0.007076561311507357,0.22231596964268596,0.08778835554943076,0.1057269621678747,bullish,1,1593.9000244140625
platinum,Platinum,2025-10-31,2025-10-31 23:00:00,2025-11-01,direct,-0.030568763359096307,0.18421852575415665,0.056665606378524025,0.07010512292452813,neutral,0,1569.800048828125
platinum,Platinum,2025-11-07,2025-11-07 23:00:00,2025-11-08,direct,-0.03835815844112389,0.15363860638395788,0.024356183086295946,0.046545543676376644,neutral,0,1539.300048828125
platinum,Platinum,2025-11-14,2025-11-14 23:00:00,2025-11-15,direct,-0.029395304388024956,0.1474103018731947,0.023595580297063545,0.047203525927411095,neutral,0,1555.199951171875
platinum,Platinum,2025-11-21,2025-11-21 23:00:00,2025-11-22,direct,-0.05025407764541767,0.10844263231405171,-0.011680961843097193,0.015502530941845616,neutral,0,1513.800048828125
platinum,Platinum,2025-11-28,2025-11-28 23:00:00,2025-11-29,direct,0.0687348063368316,0.21422885609060827,0.07796508033389649,0.12030958092044546,bullish,1,1677.699951171875
platinum,Platinum,2025-12-05,2025-12-05 23:00:00,2025-12-06,direct,0.07516400149532765,0.176010760021033,0.04946099513273983,0.10021191888303349,bullish,1,1655.0
platinum,Platinum,2025-12-12,2025-12-12 23:00:00,2025-12-13,direct,0.12982255063853798,0.24238132993197103,0.09437995170940328,0.1555279440933041,bullish,1,1757.0999755859375
platinum,Platinum,2025-12-19,2025-12-19 23:00:00,2025-12-20,direct,0.32989819410453136,0.27200354664903204,0.22648278465452854,0.27612817513603066,bullish,1,2013.199951171875
platinum,Platinum,2025-12-26,2025-12-26 23:00:00,2025-12-27,direct,0.4708827698589275,0.5239300171439694,0.44129426032883745,0.47870234911057813,bullish,1,2467.699951171875
platinum,Platinum,2026-01-02,2026-01-02 23:00:00,2026-01-03,direct,0.28441084662953164,0.32798151809503495,0.21060996896991147,0.2743341112314927,bullish,1,2125.699951171875
platinum,Platinum,2026-01-09,2026-01-09 23:00:00,2026-01-10,direct,0.29662516674293604,0.42189351519673646,0.2571838783504363,0.3252341867633696,bullish,1,2278.300048828125
platinum,Platinum,2026-01-16,2026-01-16 23:00:00,2026-01-17,direct,0.14434735977769764,0.44538554083718673,0.2310679540087488,0.2736002848745444,bullish,1,2303.800048828125
platinum,Platinum,2026-01-23,2026-01-23 23:00:00,2026-01-24,direct,0.10309200936830432,0.73404256146401,0.3835969121007661,0.4069104943110268,bullish,1,2722.10009765625
platinum,Platinum,2026-01-30,2026-01-30 23:00:00,2026-01-31,direct,-0.01077287616774203,0.3660754772462944,0.04390133211644809,0.13306797773166681,neutral,0,2102.800048828125
platinum,Platinum,2026-02-06,2026-02-06 23:00:00,2026-02-07,direct,-0.08120089366418493,0.3460005880599344,0.01655573387208764,0.0937851427559457,neutral,0,2093.300048828125
platinum,Platinum,2026-02-13,2026-02-13 23:00:00,2026-02-14,direct,-0.10096366556401748,0.36821236911390565,-0.016364660694083488,0.08362801428526823,neutral,0,2071.199951171875
platinum,Platinum,2026-02-20,2026-02-20 23:00:00,2026-02-21,direct,-0.2029316067252619,0.2932586364184713,0.010733713616372098,0.03368691443652716,neutral,0,2169.699951171875
platinum,Platinum,2026-02-27,2026-02-27 23:00:00,2026-02-28,direct,0.12497624249846373,0.42936561791918426,0.07240894735519565,0.2089169359242812,bullish,1,2365.60009765625
platinum,Platinum,2026-03-06,2026-03-06 23:00:00,2026-03-07,direct,0.023455716987687447,0.21928173246336025,-0.04270962766395692,0.06667594059569693,bullish,1,2142.39990234375
platinum,Platinum,2026-03-13,2026-03-13 23:00:00,2026-03-14,direct,-0.016705280224809327,0.011623298719256159,-0.09077652458266128,-0.03195283536273815,neutral,0,2036.5999755859375
platinum,Platinum,2026-03-20,2026-03-20 23:00:00,2026-03-21,direct,-0.09176382913148973,-0.2014426329869934,-0.10366499939358365,-0.13229048717068892,neutral,0,1970.5999755859375
platinum,Platinum,2026-03-27,2026-03-27 23:00:00,2026-03-28,direct,-0.2092492820577495,-0.12000751820373501,-0.14084282151974337,-0.15669987392707596,neutral,0,1870.5999755859375
platinum,Platinum,2026-04-03,2026-04-03 23:00:00,2026-04-04,direct,-0.0833643865089051,-0.13804151922911445,-0.08704695498332071,-0.10281762024044676,neutral,0,1963.800048828125
platinum,Platinum,2026-04-10,2026-04-10 23:00:00,2026-04-11,direct,0.006137740459667862,-0.11055644837816259,-0.03789837124269946,-0.04743902638706473,neutral,0,2049.10009765625
platinum,Platinum,2026-04-17,2026-04-17 23:00:00,2026-04-18,direct,0.07809805456244456,-0.2195364153473961,0.02138604358905183,-0.0400174390652999,neutral,0,2124.5
platinum,Platinum,2026-04-24,2026-04-24 23:00:00,2026-04-25,direct,0.07719449711252735,-0.041753874257828394,-0.027838086543092833,0.0025341787705353744,neutral,0,2015.0
platinum,Platinum,2026-05-01,2026-05-01 23:00:00,2026-05-02,direct,0.01670227413294212,-0.04619503701646699,-0.03295568826510609,-0.020816150382876986,neutral,0,1996.5999755859375
platinum,Platinum,2026-05-08,2026-05-08 23:00:00,2026-05-09,direct,-0.000927307790648424,-0.011587485788815743,-0.007486376187288979,-0.006667056588917715,neutral,0,2047.199951171875
platinum,Platinum,2026-05-15,2026-05-15 23:00:00,2026-05-16,direct,-0.0674040720978466,-0.08683223790551942,-0.032068144806471355,-0.06210148493661246,neutral,0,1981.300048828125
platinum,Platinum,2026-05-22,2026-05-22 23:00:00,2026-05-23,direct,-0.04138959027993172,-0.18346301325414383,-0.03937537444561179,-0.08807599265989578,neutral,0,1931.5999755859375
platinum,Platinum,2026-05-29,2026-05-29 23:00:00,2026-05-30,direct,-0.03726336037454303,-0.10278190870480342,-0.03524601772479674,-0.058430428934714396,neutral,0,1922.199951171875
platinum,Platinum,2026-06-05,2026-06-05 23:00:00,2026-06-06,direct,-0.12465804868048735,-0.12010212045473745,-0.09129709057871493,-0.11201908657131325,neutral,0,1792.0
platinum,Platinum,2026-06-12,2026-06-12 23:00:00,2026-06-13,direct,-0.13733411949249608,-0.13264996836120324,-0.12360330744820547,-0.13119579843396825,neutral,0,1709.199951171875
platinum,Platinum,2026-06-19,2026-06-19 23:00:00,2026-06-20,direct,-0.13636365072647194,-0.10820059181849595,-0.13716398831961252,-0.1272427436215268,neutral,0,1668.199951171875
silicon,Silicon,2026-05-22,2026-05-22 23:00:00,2026-05-23,proxy,,,,0.0,neutral,0,5810.0
silicon,Silicon,2026-05-29,2026-05-29 23:00:00,2026-05-30,proxy,,,,0.0,neutral,0,5790.0
silicon,Silicon,2026-06-05,2026-06-05 23:00:00,2026-06-06,proxy,,,,0.0,neutral,0,5784.0
silicon,Silicon,2026-06-12,2026-06-12 23:00:00,2026-06-13,proxy,,,0.011004126547455195,0.003668042182485065,neutral,0,5880.0
silicon,Silicon,2026-06-19,2026-06-19 23:00:00,2026-06-20,proxy,-0.0037865748709122737,,-0.003855156271513116,-0.0025472437141417967,neutral,0,5788.0
silver,Silver,2022-01-07,2022-01-07 23:00:00,2022-01-08,direct,,,,0.0,neutral,0,22.393999099731445
silver,Silver,2022-01-14,2022-01-14 23:00:00,2022-01-15,direct,,,,0.0,neutral,0,22.910999298095703
silver,Silver,2022-01-21,2022-01-21 23:00:00,2022-01-22,direct,,,,0.0,neutral,0,24.31399917602539
silver,Silver,2022-01-28,2022-01-28 23:00:00,2022-01-29,direct,,,-0.02951444726209218,-0.00983814908736406,neutral,0,22.302000045776367
silver,Silver,2022-02-04,2022-02-04 23:00:00,2022-02-05,direct,0.0036170976598481897,,-0.017666667794887347,-0.004683190045013053,neutral,0,22.475000381469727
silver,Silver,2022-02-11,2022-02-11 23:00:00,2022-02-12,direct,0.019859453434834418,,0.017668138942352307,0.012509197459062241,neutral,0,23.365999221801758
silver,Silver,2022-02-18,2022-02-18 23:00:00,2022-02-19,direct,-0.01328452600023633,,0.03823111932287593,0.008315531107546533,neutral,0,23.990999221801758
silver,Silver,2022-02-25,2022-02-25 23:00:00,2022-02-26,direct,0.07600213843355386,,0.033518179635874334,0.0365067726898094,neutral,0,23.996999740600586
silver,Silver,2022-03-04,2022-03-04 23:00:00,2022-03-05,direct,0.14714123027421766,,0.0969404200240882,0.08136055009943528,neutral,0,25.781999588012695
silver,Silver,2022-03-11,2022-03-11 23:00:00,2022-03-12,direct,0.11726447700598341,,0.09856173110764654,0.07194206937120999,neutral,0,26.106000900268555
silver,Silver,2022-03-18,2022-03-18 23:00:00,2022-03-19,direct,0.04435001116615078,,0.049152457532843474,0.03116748956633142,neutral,0,25.05500030517578
silver,Silver,2022-03-25,2022-03-25 23:00:00,2022-03-26,direct,0.06659164020618147,,0.06539292551410103,0.043994855240094166,neutral,0,25.594999313354492
silver,Silver,2022-04-01,2022-04-01 23:00:00,2022-04-02,direct,-0.04421687254151063,0.10038408453181424,0.017787830203613186,0.024651680731305598,neutral,0,24.642000198364258
silver,Silver,2022-04-08,2022-04-08 23:00:00,2022-04-09,direct,-0.04929903515458356,0.08327881823135974,0.018410378135697014,0.0174633870708244,neutral,0,24.819000244140625
silver,Silver,2022-04-15,2022-04-15 23:00:00,2022-04-16,direct,0.025344251492611658,0.05659296720668738,0.049213827271411326,0.04371701532357012,bullish,1,25.690000534057617
silver,Silver,2022-04-22,2022-04-22 23:00:00,2022-04-23,direct,-0.05227581089146405,0.08766029592383129,-0.015860028706926932,0.006508152108480103,neutral,0,24.256999969482422
silver,Silver,2022-04-29,2022-04-29 23:00:00,2022-04-30,direct,-0.06501092727623847,0.025139066717144498,-0.06701757830881316,-0.035629812955969044,neutral,0,23.040000915527344
silver,Silver,2022-05-06,2022-05-06 23:00:00,2022-05-07,direct,-0.10048750782336469,-0.044551848563402996,-0.09278389829055189,-0.07927441822577319,neutral,0,22.325000762939453
silver,Silver,2022-05-13,2022-05-13 23:00:00,2022-05-14,direct,-0.18318416441834884,-0.12533867146099598,-0.13850536606405306,-0.1490094006477993,neutral,0,20.983999252319336
silver,Silver,2022-05-20,2022-05-20 23:00:00,2022-05-21,direct,-0.10669082521037287,-0.09701209068446526,-0.10324038443582118,-0.10231443344355311,neutral,0,21.66900062561035
silver,Silver,2022-05-27,2022-05-27 23:00:00,2022-05-28,direct,-0.042534783448055724,-0.1443642922017907,-0.07518815795329592,-0.08736241120104744,neutral,0,22.059999465942383
silver,Silver,2022-06-03,2022-06-03 23:00:00,2022-06-04,direct,-0.01948494326652561,-0.16149549395659246,-0.06859654157344519,-0.08319232626552109,neutral,0,21.889999389648438
silver,Silver,2022-06-10,2022-06-10 23:00:00,2022-06-11,direct,0.044271868451839946,-0.12540411734559798,-0.05711334982291716,-0.04608186623889173,neutral,0,21.913000106811523
silver,Silver,2022-06-17,2022-06-17 23:00:00,2022-06-18,direct,-0.004430322978220658,-0.15714004559602912,-0.05816010174506003,-0.0732434901064366,neutral,0,21.572999954223633
silver,Silver,2022-06-24,2022-06-24 23:00:00,2022-06-25,direct,-0.042792396509257924,-0.14308907345908373,-0.06613206412573347,-0.08400451136469171,neutral,0,21.115999221801758
silver,Silver,2022-07-01,2022-07-01 23:00:00,2022-07-02,direct,-0.10475099732814341,-0.21040332288578567,-0.11630353464426213,-0.14381928495273041,neutral,0,19.597000122070312
silver,Silver,2022-07-08,2022-07-08 23:00:00,2022-07-09,direct,-0.12531375332140915,-0.2539120506640491,-0.11397545310027868,-0.16440041902857896,neutral,0,19.16699981689453
silver,Silver,2022-07-15,2022-07-15 23:00:00,2022-07-16,direct,-0.14022155587767615,-0.2353547281597691,-0.12330923793307613,-0.1662951739901738,neutral,0,18.54800033569336
silver,Silver,2022-07-22,2022-07-22 23:00:00,2022-07-23,direct,-0.11986172715501453,-0.1933594467894456,-0.10587069291552964,-0.13969728895332992,neutral,0,18.584999084472656
silver,Silver,2022-07-29,2022-07-29 23:00:00,2022-07-30,direct,0.028524774801079733,-0.09715567979782536,-0.021782898507009762,-0.030137934501251795,neutral,0,20.1560001373291
silver,Silver,2022-08-05,2022-08-05 23:00:00,2022-08-06,direct,0.03401682232351222,-0.05551844499088732,-0.033584846481503505,-0.018362156382959533,neutral,0,19.819000244140625
silver,Silver,2022-08-12,2022-08-12 23:00:00,2022-08-13,direct,0.11478324733400003,-0.04577971070163478,0.012333701821316767,0.027112412817894005,neutral,0,20.677000045776367
silver,Silver,2022-08-19,2022-08-19 23:00:00,2022-08-20,direct,0.025450713123667645,-0.1360833623773139,-0.0553616177786741,-0.05533142234410678,neutral,0,19.058000564575195
silver,Silver,2022-08-26,2022-08-26 23:00:00,2022-08-27,direct,-0.07025205182393757,-0.14390131139153328,-0.05887868200548041,-0.09101068174031708,neutral,0,18.739999771118164
silver,Silver,2022-09-02,2022-09-02 23:00:00,2022-09-03,direct,-0.10308295826025626,-0.188792087684593,-0.09156265304258993,-0.1278125663291464,neutral,0,17.775999069213867
silver,Silver,2022-09-09,2022-09-09 23:00:00,2022-09-10,direct,-0.09764468226829937,-0.13512256127400601,-0.03450233521219881,-0.08908985958483473,neutral,0,18.658000946044922
silver,Silver,2022-09-16,2022-09-16 23:00:00,2022-09-17,direct,0.012488139120151676,-0.08619055511922513,0.006410874018593304,-0.022430513993493384,neutral,0,19.29599952697754
silver,Silver,2022-09-23,2022-09-23 23:00:00,2022-09-24,direct,0.005389532197806135,-0.03857735949837615,-0.014080716193815124,-0.015756181164795047,neutral,0,18.840999603271484
silver,Silver,2022-09-30,2022-09-30 23:00:00,2022-10-01,direct,0.06660666501211465,-0.010799850493002916,-0.006957276336036489,0.016283179394358416,neutral,0,18.959999084472656
silver,Silver,2022-10-07,2022-10-07 23:00:00,2022-10-08,direct,0.08221665835562386,0.08863484310854641,0.05003508366655396,0.07362886171024141,bullish,1,20.191999435424805
silver,Silver,2022-10-14,2022-10-14 23:00:00,2022-10-15,direct,-0.06638682466477819,-0.030669880166980468,-0.060854628716514925,-0.05263711118275786,neutral,0,18.014999389648438
silver,Silver,2022-10-21,2022-10-21 23:00:00,2022-10-22,direct,0.010721281702673835,-0.05521933231632048,-0.0024402739048425826,-0.015646108172829742,neutral,0,19.042999267578125
silver,Silver,2022-10-28,2022-10-28 23:00:00,2022-10-29,direct,0.009862884160756424,-0.03390690129328999,0.005958749533920837,-0.00602842253287091,neutral,0,19.14699935913086
silver,Silver,2022-11-04,2022-11-04 23:00:00,2022-11-05,direct,0.029615763511433357,0.005465051482362426,0.0917398096181985,0.04227354153733143,bullish,1,20.790000915527344
silver,Silver,2022-11-11,2022-11-11 23:00:00,2022-11-12,direct,0.2015542959654626,0.13579595273402467,0.12396151986135417,0.15377058952028047,bullish,1,21.645999908447266
silver,Silver,2022-11-18,2022-11-18 23:00:00,2022-11-19,direct,0.10150714902700475,0.11931697376438866,0.07873490158689056,0.09985300812609466,bullish,1,20.97599983215332
silver,Silver,2022-11-25,2022-11-25 23:00:00,2022-11-26,direct,0.11897424944777835,0.2052767978687824,0.08486045612038517,0.13637050114564864,bullish,1,21.424999237060547
silver,Silver,2022-12-02,2022-12-02 23:00:00,2022-12-03,direct,0.1081288644679772,0.23475179218999154,0.1453666636775237,0.1627491067784975,bullish,1,23.038000106811523
silver,Silver,2022-12-09,2022-12-09 23:00:00,2022-12-10,direct,0.0872678530423383,0.21968285781247388,0.14988112269750564,0.1522772778507726,bullish,1,23.53499984741211
silver,Silver,2022-12-16,2022-12-16 23:00:00,2022-12-17,direct,0.10368989580780652,0.22875641190470652,0.11161258446851074,0.14801963072700794,bullish,1,23.150999069213867
silver,Silver,2022-12-23,2022-12-23 23:00:00,2022-12-24,direct,0.10917156523666693,0.25337558472913835,0.1195263989823081,0.16069118298270446,bullish,1,23.763999938964844
silver,Silver,2022-12-30,2022-12-30 23:00:00,2022-12-31,direct,0.0357669676658956,0.18175515941503573,0.10817671657079564,0.10856628121724232,bullish,1,23.86199951171875
silver,Silver,2023-01-06,2023-01-06 23:00:00,2023-01-07,direct,0.012194631739480988,0.3223425651198384,0.0820026145069761,0.13884660378876515,bullish,1,23.82200050354004
silver,Silver,2023-01-13,2023-01-13 23:00:00,2023-01-14,direct,0.04665033365626403,0.27243616196127896,0.07938397822470233,0.13282349128074844,bullish,1,24.231000900268555
silver,Silver,2023-01-20,2023-01-20 23:00:00,2023-01-21,direct,0.0027773095821714833,0.24458143423616696,0.04338307513732942,0.09691393965188928,bullish,1,23.829999923706055
silver,Silver,2023-01-27,2023-01-27 23:00:00,2023-01-28,direct,-0.014039019836042499,0.13164980236602974,0.01993087579513686,0.04584721944170803,neutral,0,23.527000427246094
silver,Silver,2023-02-03,2023-02-03 23:00:00,2023-02-04,direct,-0.062463304436999434,0.03178415080161345,-0.03418801550634343,-0.0216223897139098,neutral,0,22.333999633789062
silver,Silver,2023-02-10,2023-02-10 23:00:00,2023-02-11,direct,-0.0906689951679086,0.05043862381012354,-0.05078026358103371,-0.030336878312939592,neutral,0,22.034000396728516
silver,Silver,2023-02-17,2023-02-17 23:00:00,2023-02-18,direct,-0.08963490081426895,0.012555473356319347,-0.06632904699217856,-0.04780282481670939,neutral,0,21.694000244140625
silver,Silver,2023-02-24,2023-02-24 23:00:00,2023-02-25,direct,-0.11565438100794134,-0.09688342480266876,-0.09732095544822805,-0.10328625375294605,neutral,0,20.805999755859375
silver,Silver,2023-03-03,2023-03-03 23:00:00,2023-03-04,direct,-0.05556547157474889,-0.10376033359920867,-0.07671766971962712,-0.07868115829786156,neutral,0,21.093000411987305
silver,Silver,2023-03-10,2023-03-10 23:00:00,2023-03-11,direct,-0.07529274606779235,-0.119908391897669,-0.09902274915895792,-0.09807462904147309,neutral,0,20.375
silver,Silver,2023-03-17,2023-03-17 23:00:00,2023-03-18,direct,0.030284852061350342,-0.059459691568787054,-0.006471366190142103,-0.011882068565859605,neutral,0,22.35099983215332
silver,Silver,2023-03-24,2023-03-24 23:00:00,2023-03-25,direct,0.11732192701068245,-0.025773186811781423,0.0357163889077492,0.04242170970221674,neutral,0,23.246999740600586
silver,Silver,2023-03-31,2023-03-31 23:00:00,2023-04-01,direct,0.1414213124435575,0.010662400500128566,0.07164000095453038,0.07457457129940548,bullish,1,24.076000213623047
silver,Silver,2023-04-07,2023-04-07 23:00:00,2023-04-08,direct,0.22822084017326505,0.03276788777854067,0.11060976361008468,0.12386616385396347,bullish,1,25.024999618530273
silver,Silver,2023-04-14,2023-04-14 23:00:00,2023-04-15,direct,0.13748825454344682,0.06689046864348458,0.12170478395233597,0.1086945023797558,bullish,1,25.423999786376953
silver,Silver,2023-04-21,2023-04-21 23:00:00,2023-04-22,direct,0.0776874339059428,0.0648616075786117,0.09916930486970621,0.0805727821180869,bullish,1,25.05299949645996
silver,Silver,2023-04-28,2023-04-28 23:00:00,2023-04-29,direct,0.038336946648268144,0.11932483922384729,0.08621647183535863,0.08129275256915802,bullish,1,24.999000549316406
silver,Silver,2023-05-05,2023-05-05 23:00:00,2023-05-06,direct,0.028691325591695405,0.16833074189922193,0.10372080318372934,0.10024762355821555,bullish,1,25.743000030517578
silver,Silver,2023-05-12,2023-05-12 23:00:00,2023-05-13,direct,-0.05632470180047289,0.10592792061547196,0.020270486428853873,0.023291235081284316,neutral,0,23.992000579833984
silver,Silver,2023-05-19,2023-05-19 23:00:00,2023-05-20,direct,-0.04522410261997212,0.14966838205203792,0.00610589831609154,0.03685005924938578,neutral,0,23.920000076293945
silver,Silver,2023-05-26,2023-05-26 23:00:00,2023-05-27,direct,-0.07036284409563498,0.10178729043738621,-0.029797013169474362,0.0005424777240922903,neutral,0,23.239999771118164
silver,Silver,2023-06-02,2023-06-02 23:00:00,2023-06-03,direct,-0.08157558866411208,0.16039262081216443,-0.024068423397267447,0.018249536250261638,neutral,0,23.64299964904785
silver,Silver,2023-06-09,2023-06-09 23:00:00,2023-06-10,direct,0.014254711807673903,0.08872085439252131,-0.0023505737763673817,0.03354166414127594,bullish,1,24.333999633789062
silver,Silver,2023-06-16,2023-06-16 23:00:00,2023-06-17,direct,0.00652174485081658,0.03566053608090436,-0.015715857460348648,0.008822141157124097,bullish,1,24.076000213623047
silver,Silver,2023-06-23,2023-06-23 23:00:00,2023-06-24,direct,-0.0392427136450032,-0.07260346748309676,-0.0817096935706152,-0.06451862489957172,neutral,0,22.327999114990234
silver,Silver,2023-06-30,2023-06-30 23:00:00,2023-07-01,direct,-0.03523242378168434,-0.08851149595813579,-0.05471023430327826,-0.05948471801436613,neutral,0,22.809999465942383
silver,Silver,2023-07-07,2023-07-07 23:00:00,2023-07-08,direct,-0.051039722138788934,-0.09172438451920695,-0.03525400922886346,-0.05933937196228645,neutral,0,23.091999053955078
silver,Silver,2023-07-14,2023-07-14 23:00:00,2023-07-15,direct,0.03895994837261396,-0.0015566821649690699,0.04518596083115556,0.027529742346266817,neutral,0,25.013999938964844
silver,Silver,2023-07-21,2023-07-21 23:00:00,2023-07-22,direct,0.10614479277913724,-0.012040505159355397,0.03306494493231349,0.042389744184031776,neutral,0,24.697999954223633
silver,Silver,2023-07-28,2023-07-28 23:00:00,2023-07-29,direct,0.06839111836106149,-0.053334855675582826,0.02424728412396937,0.013101182269816011,neutral,0,24.3700008392334
silver,Silver,2023-08-04,2023-08-04 23:00:00,2023-08-05,direct,0.022735213380713715,-0.015630209692275465,-0.006095178344208807,0.0003366084480764808,neutral,0,23.617000579833984
silver,Silver,2023-08-11,2023-08-11 23:00:00,2023-08-12,direct,-0.093547619664891,-0.05209031295747557,-0.04159269819833633,-0.062410210273567635,neutral,0,22.673999786376953
silver,Silver,2023-08-18,2023-08-18 23:00:00,2023-08-19,direct,-0.08109969483811896,-0.023450950157549166,-0.0388599357953775,-0.04780352693034854,neutral,0,22.69499969482422
silver,Silver,2023-08-25,2023-08-25 23:00:00,2023-08-26,direct,-0.006155171141291826,0.024404672540350836,0.023639775676000507,0.013963092358353172,neutral,0,24.219999313354492
silver,Silver,2023-09-01,2023-09-01 23:00:00,2023-09-02,direct,0.026040553669770317,-0.0041916365731872185,0.02451504071745747,0.015454652604680189,neutral,0,24.23200035095215
silver,Silver,2023-09-08,2023-09-08 23:00:00,2023-09-09,direct,0.009614554734109326,-0.04917760445062802,-0.028084983684807385,-0.022549344467108694,neutral,0,22.892000198364258
silver,Silver,2023-09-15,2023-09-15 23:00:00,2023-09-16,direct,0.01899095667129136,0.035739894631114044,-0.020914497767525964,0.011272117844959814,bullish,1,23.125999450683594
silver,Silver,2023-09-22,2023-09-22 23:00:00,2023-09-23,direct,-0.025763776203895694,0.03445862445625725,-0.003778654226379463,0.0016387313419940301,neutral,0,23.59600067138672
silver,Silver,2023-09-29,2023-09-29 23:00:00,2023-09-30,direct,-0.08237043005153977,-0.03706907275198901,-0.05836185925762183,-0.0592671206870502,neutral,0,22.236000061035156
silver,Silver,2023-10-06,2023-10-06 23:00:00,2023-10-07,direct,-0.05905990176138132,-0.13888218725170687,-0.07651410056068597,-0.09148539652459138,neutral,0,21.540000915527344
silver,Silver,2023-10-13,2023-10-13 23:00:00,2023-10-14,direct,-0.0172533156328033,-0.07980406004696161,-0.018713716754340526,-0.038590364144701815,neutral,0,22.726999282836914
silver,Silver,2023-10-20,2023-10-20 23:00:00,2023-10-21,direct,-0.010383151053665385,-0.041813745260097956,0.01193906180029014,-0.013419278171157734,neutral,0,23.35099983215332
silver,Silver,2023-10-27,2023-10-27 23:00:00,2023-10-28,direct,0.024015128407211206,-0.03586400056210126,-0.010211565360806585,-0.00735347917189888,neutral,0,22.770000457763672
silver,Silver,2023-11-03,2023-11-03 23:00:00,2023-11-04,direct,0.0771123132542837,0.023242499435971897,0.006601932556421053,0.03565224841555888,bullish,1,23.201000213623047
silver,Silver,2023-11-10,2023-11-10 23:00:00,2023-11-11,direct,-0.022528232780632762,-0.02115001316108389,-0.03450123879290379,-0.02605982824487348,neutral,0,22.21500015258789
silver,Silver,2023-11-17,2023-11-17 23:00:00,2023-11-18,direct,0.019613729022207593,-0.016969418238962808,0.03631911540921351,0.012987808730819431,neutral,0,23.80900001525879
silver,Silver,2023-11-24,2023-11-24 23:00:00,2023-11-25,direct,0.06846728080443376,0.004002976257240887,0.058580393379864315,0.04368355014717965,bullish,1,24.32900047302246
silver,Silver,2023-12-01,2023-12-01 23:00:00,2023-12-02,direct,0.09904746840802292,0.11388259341088203,0.09909879098327301,0.10400961760072598,bullish,1,25.499000549316406
silver,Silver,2023-12-08,2023-12-08 23:00:00,2023-12-09,direct,0.034031083214318913,-0.006702360242955563,-0.009315547535812874,0.006004391811850159,neutral,0,22.97100067138672
silver,Silver,2023-12-15,2023-12-15 23:00:00,2023-12-16,direct,0.0025620909712928963,0.011612144433397198,0.02844342738542882,0.014205887596706305,bullish,1,23.8700008392334
silver,Silver,2023-12-22,2023-12-22 23:00:00,2023-12-23,direct,-0.0016030069767297705,0.09237276708284758,0.038877744394335556,0.04321583483348446,neutral,0,24.290000915527344
silver,Silver,2023-12-29,2023-12-29 23:00:00,2023-12-30,direct,-0.06455154606016089,0.10738159828370497,0.011845815787161262,0.01822528933690178,neutral,0,23.85300064086914
silver,Silver,2024-01-05,2024-01-05 23:00:00,2024-01-06,direct,0.0065734650124300575,0.017380229252788704,-0.02053095002018812,0.0011409147483435467,bullish,1,23.121999740600586
silver,Silver,2024-01-12,2024-01-12 23:00:00,2024-01-13,direct,-0.029660668546847346,-0.008093836554490808,-0.018181423482061865,-0.018645309527800007,neutral,0,23.16200065612793
silver,Silver,2024-01-19,2024-01-19 23:00:00,2024-01-20,direct,-0.07076993434449241,-0.008739627064346722,-0.04256046157604321,-0.04069000766162745,neutral,0,22.570999145507812
silver,Silver,2024-01-26,2024-01-26 23:00:00,2024-01-27,direct,-0.04603200648145078,-0.019223354542903026,-0.03323117669442921,-0.032828845906261006,neutral,0,22.7549991607666
silver,Silver,2024-02-02,2024-02-02 23:00:00,2024-02-03,direct,-0.018207747240749805,0.02187711265797776,-0.037182080307026744,-0.011170904963266262,neutral,0,22.701000213623047
silver,Silver,2024-02-09,2024-02-09 23:00:00,2024-02-10,direct,-0.02737245316632464,-0.05380318940350837,-0.040173847182850775,-0.04044982991756126,neutral,0,22.527999877929688
silver,Silver,2024-02-16,2024-02-16 23:00:00,2024-02-17,direct,0.038456429195795394,-0.03658190964252561,0.0018057654821181934,0.0012267616784626585,neutral,0,23.43899917602539
silver,Silver,2024-02-23,2024-02-23 23:00:00,2024-02-24,direct,0.009404557670706026,-0.09921960202919933,-0.009355544636633795,-0.0330568629983757,neutral,0,22.9689998626709
silver,Silver,2024-03-01,2024-03-01 23:00:00,2024-03-02,direct,0.019778837966697882,0.007792387876533358,-0.0021910291490361278,0.008460065564731703,bullish,1,23.149999618530273
silver,Silver,2024-03-08,2024-03-08 23:00:00,2024-03-09,direct,0.08038888644299114,0.019648087397635905,0.04729294327102296,0.04910997237055,bullish,1,24.339000701904297
silver,Silver,2024-03-15,2024-03-15 23:00:00,2024-03-16,direct,0.07513126194890196,0.0374639692512484,0.08081450533630385,0.06446991217881808,bullish,1,25.200000762939453
silver,Silver,2024-03-22,2024-03-22 23:00:00,2024-03-23,direct,0.07501413135336876,0.03517372120965545,0.055860409385741994,0.05534942064958873,bullish,1,24.691999435424805
silver,Silver,2024-03-29,2024-03-29 23:00:00,2024-03-30,direct,0.07114476430319949,0.07244188059858847,0.054058976174103934,0.06588187369196397,bullish,1,24.797000885009766
silver,Silver,2024-04-05,2024-04-05 23:00:00,2024-04-06,direct,0.12576518461526165,0.18297205950907802,0.14747975748946085,0.15207233387126684,bullish,1,27.399999618530273
silver,Silver,2024-04-12,2024-04-12 23:00:00,2024-04-13,direct,0.12123009148158448,0.2518275765559119,0.1602703112315209,0.17777599308967243,bullish,1,28.2549991607666
silver,Silver,2024-04-19,2024-04-19 23:00:00,2024-04-20,direct,0.16669371550548862,0.2660075423885304,0.15897252535010464,0.19722459441470788,bullish,1,28.808000564575195
silver,Silver,2024-04-26,2024-04-26 23:00:00,2024-04-27,direct,0.09856023912429812,0.1999911442428084,0.07949987076087606,0.12601708470932751,bullish,1,27.240999221801758
silver,Silver,2024-05-03,2024-05-03 23:00:00,2024-05-04,direct,-0.034854012299335935,0.17387250701878565,0.034573810226188106,0.05786410164854594,neutral,0,26.44499969482422
silver,Silver,2024-05-10,2024-05-10 23:00:00,2024-05-11,direct,0.0007078555426554001,0.20632282147317071,0.08899735968014677,0.09867601223199096,bullish,1,28.274999618530273
silver,Silver,2024-05-17,2024-05-17 23:00:00,2024-05-18,direct,0.07772147585930833,0.35169145677375324,0.16554098534481576,0.19831797265929244,bullish,1,31.047000885009766
silver,Silver,2024-05-24,2024-05-24 23:00:00,2024-05-25,direct,0.11339527881312383,0.31015120619823233,0.1136098649682562,0.17905211665987078,bullish,1,30.329999923706055
silver,Silver,2024-05-31,2024-05-31 23:00:00,2024-06-01,direct,0.14566085213226354,0.24479230910410021,0.09248260870559499,0.16097858998065293,bullish,1,30.297000885009766
silver,Silver,2024-06-07,2024-06-07 23:00:00,2024-06-08,direct,0.03748892945157478,0.16408723001367398,0.044811529320802235,0.08212922959535034,bullish,1,29.334999084472656
silver,Silver,2024-06-14,2024-06-14 23:00:00,2024-06-15,direct,-0.05298419850137337,0.19075008502810853,0.032760412251986004,0.05684209959290706,neutral,0,29.402000427246094
silver,Silver,2024-06-21,2024-06-21 23:00:00,2024-06-22,direct,-0.02495878573645327,0.19260389961517665,0.02444516418641185,0.0640300926883784,neutral,0,29.572999954223633
silver,Silver,2024-06-28,2024-06-28 23:00:00,2024-06-29,direct,-0.034987006711132196,0.06704379265560778,0.007463122849464376,0.013173302931313321,neutral,0,29.23699951171875
silver,Silver,2024-07-05,2024-07-05 23:00:00,2024-07-06,direct,0.0699847100010742,0.11088307982910739,0.07193963646362178,0.08426914209793446,bullish,1,31.38800048828125
silver,Silver,2024-07-12,2024-07-12 23:00:00,2024-07-13,direct,0.05047273079229497,0.07213270877068512,0.048594441205685346,0.057066626922888476,bullish,1,30.88599967956543
silver,Silver,2024-07-19,2024-07-19 23:00:00,2024-07-20,direct,-0.016400115345156063,0.06780221632223049,-0.01758219710739406,0.011273301289893456,neutral,0,29.08799934387207
silver,Silver,2024-07-26,2024-07-26 23:00:00,2024-07-27,direct,-0.04709781866690044,0.05350731449636914,-0.06278907445629389,-0.018793192875608395,neutral,0,27.860000610351562
silver,Silver,2024-08-02,2024-08-02 23:00:00,2024-08-03,direct,-0.10010195455226045,-0.0010256172945897202,-0.04972678594096658,-0.05028478592927225,neutral,0,28.246000289916992
silver,Silver,2024-08-09,2024-08-09 23:00:00,2024-08-10,direct,-0.11004986735447975,-0.11466490391379058,-0.0659390919142151,-0.09688462106082847,neutral,0,27.48699951171875
silver,Silver,2024-08-16,2024-08-16 23:00:00,2024-08-17,direct,-0.010657297611899486,-0.051170459930114154,-0.017751448857887264,-0.026526402133300302,neutral,0,28.777999877929688
silver,Silver,2024-08-23,2024-08-23 23:00:00,2024-08-24,direct,0.069131322525116,-0.016866408290825086,0.018133324032002962,0.023466079422097958,neutral,0,29.785999298095703
silver,Silver,2024-08-30,2024-08-30 23:00:00,2024-08-31,direct,0.017170594256656457,-0.02058967796333777,-0.016235680592189605,-0.00655158809962364,neutral,0,28.731000900268555
silver,Silver,2024-09-06,2024-09-06 23:00:00,2024-09-07,direct,0.011678286410256922,-0.0542139935891498,-0.04348920868147277,-0.028674971953455215,neutral,0,27.808000564575195
silver,Silver,2024-09-13,2024-09-13 23:00:00,2024-09-14,direct,0.06675236413670227,0.038075252846398344,0.05255516781702285,0.05246092826670782,bullish,1,30.698999404907227
silver,Silver,2024-09-20,2024-09-20 23:00:00,2024-09-21,direct,0.04666626367260873,0.06632011204148469,0.06302053669578656,0.05866897080329333,bullish,1,31.176000595092773
silver,Silver,2024-09-27,2024-09-27 23:00:00,2024-09-28,direct,0.09703797682303605,0.004173525213850615,0.074316005277411,0.05850916910476589,bullish,1,31.518999099731445
silver,Silver,2024-10-04,2024-10-04 23:00:00,2024-10-05,direct,0.1553508954174454,0.04021235140098356,0.091223988758657,0.09559574519236198,bullish,1,32.12799835205078
silver,Silver,2024-10-11,2024-10-11 23:00:00,2024-10-12,direct,0.02674357694945617,0.08360840101586242,0.06325443611982506,0.05786880469504788,bullish,1,31.520000457763672
silver,Silver,2024-10-18,2024-10-18 23:00:00,2024-10-19,direct,0.05953300182322607,0.18564252590461439,0.09829048270184182,0.11448867014322743,bullish,1,33.03200149536133
silver,Silver,2024-10-25,2024-10-25 23:00:00,2024-10-26,direct,0.066118899732303,0.1896551828920161,0.10093458452998405,0.11890288905143438,bullish,1,33.60300064086914
silver,Silver,2024-11-01,2024-11-01 23:00:00,2024-11-02,direct,0.01288600243025484,0.18390513315287982,0.05165866087434123,0.08281659881915863,bullish,1,32.54199981689453
silver,Silver,2024-11-08,2024-11-08 23:00:00,2024-11-09,direct,-0.005107906189915079,0.0896865447681463,0.006432125847311898,0.03033692147518104,neutral,0,31.358999252319336
silver,Silver,2024-11-15,2024-11-15 23:00:00,2024-11-16,direct,-0.08055827939515015,0.019640133136600513,-0.026799249555228388,-0.029239131937926006,neutral,0,30.371000289916992
silver,Silver,2024-11-22,2024-11-22 23:00:00,2024-11-23,direct,-0.06826773150789123,0.08972883067801996,-0.0036014909901467274,0.005953202726660667,neutral,0,31.30900001525879
silver,Silver,2024-11-29,2024-11-29 23:00:00,2024-11-30,direct,-0.05706472747222091,0.10345939452519337,-0.03085464222046075,0.005180008277503904,neutral,0,30.684999465942383
silver,Silver,2024-12-06,2024-12-06 23:00:00,2024-12-07,direct,-0.0055167075630429,0.015863755448313865,-0.016292065327415117,-0.001981672480714717,neutral,0,31.18600082397461
silver,Silver,2024-12-13,2024-12-13 23:00:00,2024-12-14,direct,0.00935103862294584,-0.016711569749240818,-0.03171546908443856,-0.013025333403577847,neutral,0,30.655000686645508
silver,Silver,2024-12-20,2024-12-20 23:00:00,2024-12-21,direct,-0.05266856709070944,-0.05898027556132568,-0.05853723821841905,-0.056728693623484726,neutral,0,29.65999984741211
silver,Silver,2024-12-27,2024-12-27 23:00:00,2024-12-28,direct,-0.03356685016208272,-0.07697328785649105,-0.052497876751285255,-0.05434600492328634,neutral,0,29.655000686645508
silver,Silver,2025-01-03,2025-01-03 23:00:00,2025-01-04,direct,-0.044250658361245976,-0.05437819406763755,-0.04330732269980819,-0.04731205837623057,neutral,0,29.805999755859375
silver,Silver,2025-01-10,2025-01-10 23:00:00,2025-01-11,direct,0.014222766493556582,-0.0587612558797691,0.003145805710509153,-0.013797561225234456,neutral,0,31.090999603271484
silver,Silver,2025-01-17,2025-01-17 23:00:00,2025-01-18,direct,0.04352664776981041,-0.0789215360731993,0.005800639377846917,-0.009864749641847323,neutral,0,30.951000213623047
silver,Silver,2025-01-24,2025-01-24 23:00:00,2025-01-25,direct,0.04613050071968572,-0.04667811161816926,0.012304540929092944,0.003918976676869801,neutral,0,31.023000717163086
silver,Silver,2025-01-31,2025-01-31 23:00:00,2025-02-01,direct,0.07790373130278705,0.02452243751606864,0.04617382976692985,0.049533332861928514,bullish,1,32.12799835205078
silver,Silver,2025-02-07,2025-02-07 23:00:00,2025-02-08,direct,0.040011562737605644,0.06466691171866668,0.047332650793940445,0.05067037508340425,bullish,1,32.334999084472656
silver,Silver,2025-02-14,2025-02-14 23:00:00,2025-02-15,direct,0.059771847803058,0.04765398676924226,0.05816500647576395,0.0551969470160214,bullish,1,32.80099868774414
silver,Silver,2025-02-21,2025-02-21 23:00:00,2025-02-22,direct,0.06295332421722799,0.0746619623084035,0.057298721672744746,0.06497133606612542,bullish,1,32.97600173950195
silver,Silver,2025-02-28,2025-02-28 23:00:00,2025-03-01,direct,-0.028293032121680883,0.001058136273469179,0.0008763000685514388,-0.008786198593220088,neutral,0,31.2189998626709
silver,Silver,2025-03-07,2025-03-07 23:00:00,2025-03-08,direct,0.006587328197048992,0.061751740552806966,0.03823304842142039,0.035524039057092116,bullish,1,32.54800033569336
silver,Silver,2025-03-14,2025-03-14 23:00:00,2025-03-15,direct,0.04225485937511819,0.15262981964044364,0.07754781476095762,0.09081083125883982,bullish,1,34.1870002746582
silver,Silver,2025-03-21,2025-03-21 23:00:00,2025-03-22,direct,0.00952205117242122,0.12257629892818644,0.039351670882662004,0.05715000699442322,bullish,1,33.290000915527344
silver,Silver,2025-03-28,2025-03-28 23:00:00,2025-03-29,direct,0.10970886830056692,0.16231635546026713,0.06817956961560534,0.11340159779214647,bullish,1,34.64400100708008
silver,Silver,2025-04-04,2025-04-04 23:00:00,2025-04-05,direct,-0.10544430006435568,-0.06352321915252646,-0.0976865995643812,-0.08888470626042111,neutral,0,29.115999221801758
silver,Silver,2025-04-11,2025-04-11 23:00:00,2025-04-12,direct,-0.06911986576086349,0.02820584747693977,-0.015983382121012468,-0.018965800134978728,neutral,0,31.823999404907227
silver,Silver,2025-04-18,2025-04-18 23:00:00,2025-04-19,direct,-0.02613405595240581,0.04503102277302773,-0.00115027685345237,0.00591556332238985,neutral,0,32.41999816894531
silver,Silver,2025-04-25,2025-04-25 23:00:00,2025-04-26,direct,-0.047771693392339776,0.0267990570592207,0.01413858849828431,-0.002278015944944922,neutral,0,32.98899841308594
silver,Silver,2025-05-02,2025-05-02 23:00:00,2025-05-03,direct,0.0986743088137445,-0.010700441436048647,-0.015730634207324568,0.024081077723457096,neutral,0,31.98900032043457
silver,Silver,2025-05-09,2025-05-09 23:00:00,2025-05-10,direct,0.026772225325819354,-0.003810859577476955,0.005729961450303911,0.009563775732882104,neutral,0,32.67599868774414
silver,Silver,2025-05-16,2025-05-16 23:00:00,2025-05-17,direct,-0.008081346011652557,-0.02480594220969934,-0.008132386330923724,-0.01367322485075854,neutral,0,32.15800094604492
silver,Silver,2025-05-23,2025-05-23 23:00:00,2025-05-24,direct,0.013731939479187272,0.07120668470743108,0.025610663124144395,0.03684976243692092,bullish,1,33.44200134277344
silver,Silver,2025-05-30,2025-05-30 23:00:00,2025-05-31,direct,0.02822838980698683,0.010568942846698404,0.007856921309783882,0.015551417987823038,bullish,1,32.891998291015625
silver,Silver,2025-06-06,2025-06-06 23:00:00,2025-06-07,direct,0.10249121595756705,0.053763162501951234,0.09870006287345157,0.08498481377765661,bullish,1,36.025001525878906
silver,Silver,2025-06-13,2025-06-13 23:00:00,2025-06-14,direct,0.12821062138946893,0.08984671769888841,0.09815965362091195,0.1054056642364231,bullish,1,36.28099822998047
silver,Silver,2025-06-20,2025-06-20 23:00:00,2025-06-21,direct,0.07577298890564443,0.03844823616503357,0.08528166987974473,0.06650096498347424,bullish,1,35.97600173950195
silver,Silver,2025-06-27,2025-06-27 23:00:00,2025-06-28,direct,0.09561597413261214,0.23770434510092886,0.06853069601313622,0.13395033841555906,bullish,1,36.0369987487793
silver,Silver,2025-07-04,2025-07-04 23:00:00,2025-07-05,direct,0.02081887489890133,0.1555744788069673,0.07723483017522392,0.08454272796036418,bullish,1,36.775001525878906
silver,Silver,2025-07-11,2025-07-11 23:00:00,2025-07-12,direct,0.06601252927447243,0.19296733103431718,0.11587913418251072,0.12495299816376677,bullish,1,38.67599868774414
silver,Silver,2025-07-18,2025-07-18 23:00:00,2025-07-19,direct,0.06245824228946284,0.1586589897070585,0.08910363359493512,0.10340695519715215,bullish,1,38.222999572753906
silver,Silver,2025-07-25,2025-07-25 23:00:00,2025-07-26,direct,0.05910595060825874,0.19312887037965543,0.07178560438650194,0.1080068084581387,bullish,1,38.16699981689453
silver,Silver,2025-08-01,2025-08-01 23:00:00,2025-08-02,direct,0.0003262331040816413,0.1258109996979857,0.023189803954751342,0.04977567891893956,bullish,1,36.7869987487793
silver,Silver,2025-08-08,2025-08-08 23:00:00,2025-08-09,direct,-0.0066966304591297154,0.19463270995454707,0.053246758860805876,0.0803942794520744,neutral,0,38.41699981689453
silver,Silver,2025-08-15,2025-08-15 23:00:00,2025-08-16,direct,-0.008607345560298296,0.1331259938265832,0.02844739214947456,0.050988680138586484,neutral,0,37.89400100708008
silver,Silver,2025-08-22,2025-08-22 23:00:00,2025-08-23,direct,0.021903700557207362,0.18578986922495266,0.04411488519115214,0.08393615165777073,bullish,1,39.00299835205078
silver,Silver,2025-08-29,2025-08-29 23:00:00,2025-08-30,direct,0.09277739772868565,0.11589171575916235,0.06622817888953625,0.09163243079246142,bullish,1,40.20000076293945
silver,Silver,2025-09-05,2025-09-05 23:00:00,2025-09-06,direct,0.06916212895398632,0.1321078061825416,0.07798940060314963,0.09308644524655918,bullish,1,41.07400131225586
silver,Silver,2025-09-12,2025-09-12 23:00:00,2025-09-13,direct,0.11856758091282349,0.1782021066297752,0.09706671797249644,0.13127880183836504,bullish,1,42.387001037597656
silver,Silver,2025-09-19,2025-09-19 23:00:00,2025-09-20,direct,0.09058280376690986,0.18034244734480143,0.08570442282689728,0.11887655797953618,bullish,1,42.5359992980957
silver,Silver,2025-09-26,2025-09-26 23:00:00,2025-09-27,direct,0.14977611428301385,0.256859245508408,0.15652493117063893,0.1877200969873536,bullish,1,46.22100067138672
silver,Silver,2025-10-03,2025-10-03 23:00:00,2025-10-04,direct,0.1588108925698477,0.23065988563995643,0.16920570240337107,0.18622549353772508,bullish,1,47.59700012207031
silver,Silver,2025-10-10,2025-10-10 23:00:00,2025-10-11,direct,0.10736779145350162,0.22800408785290904,0.1328081395265872,0.15606000627766595,bullish,1,46.9379997253418
silver,Silver,2025-10-17,2025-10-17 23:00:00,2025-10-18,direct,0.17227758218714984,0.3064689038254915,0.1757650187617401,0.21817050159146048,bullish,1,49.86399841308594
silver,Silver,2025-10-24,2025-10-24 23:00:00,2025-10-25,direct,0.04664542521069093,0.3150569643296188,0.11530271861930386,0.1590017027198712,bullish,1,48.37699890136719
silver,Silver,2025-10-31,2025-10-31 23:00:00,2025-11-01,direct,0.008340848333144635,0.249290671055864,0.08648234673518096,0.11470462204139653,bullish,1,47.99399948120117
silver,Silver,2025-11-07,2025-11-07 23:00:00,2025-11-08,direct,0.022987740678929613,0.26713983783460016,0.06663356219412742,0.11892038023588573,bullish,1,48.016998291015625
silver,Silver,2025-11-14,2025-11-14 23:00:00,2025-11-15,direct,0.014559637466044606,0.29707977053327905,0.1001912011626871,0.13727686972067024,bullish,1,50.59000015258789
silver,Silver,2025-11-21,2025-11-21 23:00:00,2025-11-22,direct,0.030923832218607172,0.24062189433117975,0.06591295457179891,0.11248622704052862,bullish,1,49.87300109863281
silver,Silver,2025-11-28,2025-11-28 23:00:00,2025-11-29,direct,0.17610534141079892,0.37425128651065176,0.17424588108714834,0.241534169669533,bullish,1,56.44599914550781
silver,Silver,2025-12-05,2025-12-05 23:00:00,2025-12-06,direct,0.21669414924549746,0.37829993759617286,0.18248199895581374,0.259158695265828,bullish,1,58.422000885009766
silver,Silver,2025-12-12,2025-12-12 23:00:00,2025-12-13,direct,0.21292744270884967,0.44258981860726787,0.20376458183895507,0.28642728105169085,bullish,1,61.36199951171875
silver,Silver,2025-12-19,2025-12-19 23:00:00,2025-12-20,direct,0.34030436805888487,0.44620411176177255,0.2685565469019331,0.3516883422408635,bullish,1,66.84500122070312
silver,Silver,2025-12-26,2025-12-26 23:00:00,2025-12-27,direct,0.3550296073928598,0.6069500150193134,0.3881012880146122,0.45002697014226184,bullish,1,76.48600006103516
silver,Silver,2026-01-02,2026-01-02 23:00:00,2026-01-03,direct,0.20769570858643793,0.5031744038671984,0.23632073396248043,0.3157302821387056,bullish,1,70.55599975585938
silver,Silver,2026-01-09,2026-01-09 23:00:00,2026-01-10,direct,0.28555137240079365,0.5819830979467773,0.32605642436850957,0.3978636315720268,bullish,1,78.88400268554688
silver,Silver,2026-01-16,2026-01-16 23:00:00,2026-01-17,direct,0.3178398056590259,0.8209274121689927,0.40278626292882436,0.513851160252281,bullish,1,88.09100341796875
silver,Silver,2026-01-23,2026-01-23 23:00:00,2026-01-24,direct,0.3195225658449985,1.102867111362312,0.5016795136119498,0.6413563969397534,bullish,1,100.92500305175781
silver,Silver,2026-01-30,2026-01-30 23:00:00,2026-01-31,direct,0.10961507435837436,0.6304642876890547,0.12274579349590686,0.287608385181112,bullish,1,78.29000091552734
silver,Silver,2026-02-06,2026-02-06 23:00:00,2026-02-07,direct,-0.027242558719564713,0.5168017469639452,0.06710393739269871,0.18555437521235973,neutral,0,76.73500061035156
silver,Silver,2026-02-13,2026-02-13 23:00:00,2026-02-14,direct,-0.11624348793687722,0.5609848256542727,0.04862420679611734,0.16445518150450425,neutral,0,77.85099792480469
silver,Silver,2026-02-20,2026-02-20 23:00:00,2026-02-21,direct,-0.1847114724470198,0.45772948263767343,0.07708480997863854,0.11670094005643072,neutral,0,82.28299713134766
silver,Silver,2026-02-27,2026-02-27 23:00:00,2026-02-28,direct,0.1838293284291077,0.586422885258006,0.1695012398177198,0.31325115116827784,bullish,1,92.68199920654297
silver,Silver,2026-03-06,2026-03-06 23:00:00,2026-03-07,direct,0.09227863719835638,0.36592683678899496,0.03323048328399136,0.16381198575711423,bullish,1,83.81600189208984
silver,Silver,2026-03-13,2026-03-13 23:00:00,2026-03-14,direct,0.03934443516058184,0.2104719872423788,-0.01675420010019668,0.07768740743425466,bullish,1,80.91400146484375
silver,Silver,2026-03-20,2026-03-20 23:00:00,2026-03-21,direct,-0.15705549106782324,-0.09316736978005269,-0.15102913444772836,-0.13375066509853475,neutral,0,69.36000061035156
silver,Silver,2026-03-27,2026-03-27 23:00:00,2026-03-28,direct,-0.24963856234948678,-0.014329066137711455,-0.1478860294776364,-0.13728455265494488,neutral,0,69.54499816894531
silver,Silver,2026-04-03,2026-04-03 23:00:00,2026-04-04,direct,-0.1322062736421702,-0.0779499247738088,-0.10316914467468996,-0.10444178103022299,neutral,0,72.73500061035156
silver,Silver,2026-04-10,2026-04-10 23:00:00,2026-04-11,direct,-0.05672694322600602,-0.1335778395505247,-0.04739877806374104,-0.07923452028009059,neutral,0,76.3239974975586
silver,Silver,2026-04-17,2026-04-17 23:00:00,2026-04-18,direct,0.17846018228268923,-0.19011150368274665,0.040946724313064786,0.009765134304335787,neutral,0,81.73799896240234
silver,Silver,2026-04-24,2026-04-24 23:00:00,2026-04-25,direct,0.0983249010849987,-0.024358125665647323,-0.025277347930462546,0.016229809162962943,neutral,0,76.38300323486328
silver,Silver,2026-05-01,2026-05-01 23:00:00,2026-05-02,direct,0.04421524385216702,-0.010217035318821899,-0.029981456139750673,0.0013389174645314823,neutral,0,75.95099639892578
silver,Silver,2026-05-08,2026-05-08 23:00:00,2026-05-09,direct,0.05333839000817586,0.03267779201390497,0.02400312494488266,0.03667310232232116,bullish,1,80.3949966430664
silver,Silver,2026-05-15,2026-05-15 23:00:00,2026-05-16,direct,-0.055995937112611416,-0.062248510593002515,-0.011816342806628799,-0.04335359683741424,neutral,0,77.16100311279297
silver,Silver,2026-05-22,2026-05-22 23:00:00,2026-05-23,direct,-0.0064151116401823804,-0.1811463025029192,-0.01032261316681693,-0.0659613424366395,neutral,0,75.89299774169922
silver,Silver,2026-05-29,2026-05-29 23:00:00,2026-05-30,direct,-0.004410726657397723,-0.09783340164798049,-0.005069021922428751,-0.03577105007593565,neutral,0,75.61599731445312
silver,Silver,2026-06-05,2026-06-05 23:00:00,2026-06-06,direct,-0.14244662389194895,-0.1479472088225421,-0.08080491874557927,-0.12373291715335677,neutral,0,68.94300079345703
silver,Silver,2026-06-12,2026-06-12 23:00:00,2026-06-13,direct,-0.12055314962050778,-0.021640706999353387,-0.09374618521991318,-0.07864668061325812,neutral,0,67.85900115966797
silver,Silver,2026-06-19,2026-06-19 23:00:00,2026-06-20,direct,-0.14471683035858351,-0.06664741719564315,-0.12863510960305158,-0.11333311905242609,neutral,0,64.91000366210938
tantalum,Tantalum,2024-09-27,2024-09-27 23:00:00,2024-09-30,direct,,,,0.0,neutral,0,317.0
tantalum,Tantalum,2024-10-11,2024-10-11 23:00:00,2024-10-14,direct,,,,0.0,neutral,0,320.0
tantalum,Tantalum,2024-10-18,2024-10-18 23:00:00,2024-10-21,direct,,,,0.0,neutral,0,320.0
tantalum,Tantalum,2024-10-25,2024-10-25 23:00:00,2024-10-28,direct,,,0.0046948356807512415,0.0015649452269170805,neutral,0,321.0
tantalum,Tantalum,2024-11-01,2024-11-01 23:00:00,2024-11-04,direct,0.012618296529968376,,0.0037523452157597337,0.0054568805819093695,neutral,0,321.0
tin,Tin,2022-02-04,2022-02-04 23:00:00,2022-03-06,direct,,,,0.0,neutral,0,43983.3535
tin,Tin,2022-02-11,2022-02-11 23:00:00,2022-03-13,direct,,,,0.0,neutral,0,43983.3535
tin,Tin,2022-02-18,2022-02-18 23:00:00,2022-03-20,direct,,,,0.0,neutral,0,43983.3535
tin,Tin,2022-02-25,2022-02-25 23:00:00,2022-03-27,direct,,,0.0,0.0,neutral,0,43983.3535
tin,Tin,2022-03-04,2022-03-04 23:00:00,2022-04-03,direct,-0.0007658534801768813,,-0.000612776643566515,-0.0004595433745811321,neutral,0,43949.66869565217
tin,Tin,2022-03-11,2022-03-11 23:00:00,2022-04-10,direct,-0.0007658534801768813,,-0.0005106993604119259,-0.0004255176135296024,neutral,0,43949.66869565217
tin,Tin,2022-03-18,2022-03-18 23:00:00,2022-04-17,direct,-0.0007658534801768813,,-0.00043777424764290807,-0.00040120924260659646,neutral,0,43949.66869565217
tin,Tin,2022-03-25,2022-03-25 23:00:00,2022-04-24,direct,-0.0007658534801768813,,-0.00038307342914789544,-0.0003829756364415922,neutral,0,43949.66869565217
tin,Tin,2022-04-01,2022-04-01 23:00:00,2022-05-01,direct,-0.02110210674934676,,-0.01913641854277004,-0.013412841764038933,neutral,0,43022.2380952381
tin,Tin,2022-04-08,2022-04-08 23:00:00,2022-05-08,direct,-0.02110210674934676,,-0.01725579810597755,-0.012785968285108104,neutral,0,43022.2380952381
tin,Tin,2022-04-15,2022-04-15 23:00:00,2022-05-15,direct,-0.02110210674934676,,-0.01571173632815892,-0.012271281025835227,neutral,0,43022.2380952381
tin,Tin,2022-04-22,2022-04-22 23:00:00,2022-05-22,direct,-0.02110210674934676,,-0.014421306948502521,-0.011841137899283094,neutral,0,43022.2380952381
tin,Tin,2022-04-29,2022-04-29 23:00:00,2022-05-29,direct,0.0,-0.021851799107630576,-0.012609626959598885,-0.011487142022409821,neutral,0,43022.2380952381
tin,Tin,2022-05-06,2022-05-06 23:00:00,2022-06-05,direct,0.0,-0.021851799107630576,-0.010791274284299601,-0.010881024463976726,neutral,0,43022.2380952381
tin,Tin,2022-05-13,2022-05-13 23:00:00,2022-06-12,direct,0.0,-0.021851799107630576,-0.008966211989848372,-0.010272670365826317,neutral,0,43022.2380952381
tin,Tin,2022-05-20,2022-05-20 23:00:00,2022-06-19,direct,0.0,-0.021851799107630576,-0.007134402870425327,-0.009662067326018634,neutral,0,43022.2380952381
tin,Tin,2022-05-27,2022-05-27 23:00:00,2022-06-26,direct,0.0,-0.02110210674934676,-0.005360362899933913,-0.00882082321642689,neutral,0,43022.2380952381
tin,Tin,2022-06-03,2022-06-03 23:00:00,2022-07-03,direct,-0.25875102245018367,-0.274392937502284,-0.24518722479598298,-0.25944372824948353,neutral,0,31890.19
tin,Tin,2022-06-10,2022-06-10 23:00:00,2022-07-10,direct,-0.25875102245018367,-0.274392937502284,-0.22679544200087742,-0.2533131339844484,neutral,0,31890.19
tin,Tin,2022-06-17,2022-06-17 23:00:00,2022-07-17,direct,-0.25875102245018367,-0.274392937502284,-0.20748500621279886,-0.24687632205508883,neutral,0,31890.19
tin,Tin,2022-06-24,2022-06-24 23:00:00,2022-07-24,direct,-0.25875102245018367,-0.25875102245018367,-0.18878330612745775,-0.23542845034260837,neutral,0,31890.19
tin,Tin,2022-07-01,2022-07-01 23:00:00,2022-07-31,direct,-0.20364940112423602,-0.40970593281215606,-0.3289119653340299,-0.3140890997568073,neutral,0,25395.7719047619
tin,Tin,2022-07-08,2022-07-08 23:00:00,2022-08-07,direct,-0.20364940112423602,-0.40970593281215606,-0.3018116280805113,-0.30505565400563445,neutral,0,25395.7719047619
tin,Tin,2022-07-15,2022-07-15 23:00:00,2022-08-14,direct,-0.20364940112423602,-0.40970593281215606,-0.27243041408911284,-0.29526191600850166,neutral,0,25395.7719047619
tin,Tin,2022-07-22,2022-07-22 23:00:00,2022-08-21,direct,-0.20364940112423602,-0.40970593281215606,-0.24046772133997318,-0.28460768509212175,neutral,0,25395.7719047619
tin,Tin,2022-07-29,2022-07-29 23:00:00,2022-08-28,direct,0.0,-0.40970593281215606,-0.20556769792945273,-0.20509121024720292,neutral,0,25395.7719047619
tin,Tin,2022-08-05,2022-08-05 23:00:00,2022-09-04,direct,-0.028966228457538046,-0.42680452561944837,-0.18979743610489896,-0.21518939672729512,neutral,0,24660.15217391304
tin,Tin,2022-08-12,2022-08-12 23:00:00,2022-09-11,direct,-0.028966228457538046,-0.42680452561944837,-0.1469096467542882,-0.2008934669437582,neutral,0,24660.15217391304
tin,Tin,2022-08-19,2022-08-19 23:00:00,2022-09-18,direct,-0.028966228457538046,-0.42680452561944837,-0.09922757339820065,-0.18499944249172903,neutral,0,24660.15217391304
tin,Tin,2022-08-26,2022-08-26 23:00:00,2022-09-25,direct,-0.028966228457538046,-0.22671667450356858,-0.07895735663978798,-0.11154675320029821,neutral,0,24660.15217391304
tin,Tin,2022-09-02,2022-09-02 23:00:00,2022-10-02,direct,-0.1433938984152714,-0.3376007851260272,-0.1836748989938326,-0.2215565275117104,neutral,0,21124.03681818182
tin,Tin,2022-09-09,2022-09-09 23:00:00,2022-10-09,direct,-0.1433938984152714,-0.3376007851260272,-0.15435561828943134,-0.21178343394357665,neutral,0,21124.03681818182
tin,Tin,2022-09-16,2022-09-16 23:00:00,2022-10-16,direct,-0.1433938984152714,-0.3376007851260272,-0.12285180425923092,-0.2012821626001765,neutral,0,21124.03681818182
tin,Tin,2022-09-23,2022-09-23 23:00:00,2022-10-23,direct,-0.1433938984152714,-0.1682065464518957,-0.10969169333522466,-0.14043071273413057,neutral,0,21124.03681818182
tin,Tin,2022-09-30,2022-09-30 23:00:00,2022-10-30,direct,0.0,-0.1682065464518957,-0.09613067753168214,-0.08811240799452595,neutral,0,21124.03681818182
tin,Tin,2022-10-07,2022-10-07 23:00:00,2022-11-06,direct,0.0,-0.1682065464518957,-0.08215015395995862,-0.0834522334706181,neutral,0,21124.03681818182
tin,Tin,2022-10-14,2022-10-14 23:00:00,2022-11-13,direct,0.0,-0.1682065464518957,-0.06773035069490296,-0.07864563238226623,neutral,0,21124.03681818182
tin,Tin,2022-10-21,2022-10-21 23:00:00,2022-11-20,direct,0.0,-0.1682065464518957,-0.052850233478887065,-0.07368559331026092,neutral,0,21124.03681818182
tin,Tin,2022-10-28,2022-10-28 23:00:00,2022-11-27,direct,0.0,-0.1433938984152714,-0.0401684024714376,-0.061187433628903,neutral,0,21124.03681818182
tin,Tin,2022-11-04,2022-11-04 23:00:00,2022-12-04,direct,0.00593935633127618,-0.13830620954241424,-0.021835206908597193,-0.051400686706578415,neutral,0,21249.5
tin,Tin,2022-11-11,2022-11-11 23:00:00,2022-12-11,direct,0.00593935633127618,-0.13830620954241424,-0.008867862208162602,-0.04707823847310022,neutral,0,21249.5
tin,Tin,2022-11-18,2022-11-18 23:00:00,2022-12-18,direct,0.00593935633127618,-0.13830620954241424,0.004447912813674515,-0.04263964679915452,neutral,0,21249.5
tin,Tin,2022-11-25,2022-11-25 23:00:00,2022-12-25,direct,0.00593935633127618,0.00593935633127618,0.003951747275783513,0.005276819979445291,bullish,1,21249.5
tin,Tin,2022-12-02,2022-12-02 23:00:00,2023-01-01,direct,0.1364661628401953,0.14321604033974134,0.12752711451132148,0.13573643923041936,bullish,1,24149.33772727273
tin,Tin,2022-12-09,2022-12-09 23:00:00,2023-01-08,direct,0.1364661628401953,0.14321604033974134,0.11440952857673925,0.13136391058555863,bullish,1,24149.33772727273
tin,Tin,2022-12-16,2022-12-16 23:00:00,2023-01-15,direct,0.1364661628401953,0.14321604033974134,0.10159365107193197,0.12709195141728954,bullish,1,24149.33772727273
tin,Tin,2022-12-23,2022-12-23 23:00:00,2023-01-22,direct,0.1364661628401953,0.14321604033974134,0.08906919126465329,0.12291713148152998,bullish,1,24149.33772727273
tin,Tin,2022-12-30,2022-12-30 23:00:00,2023-01-29,direct,0.0,0.14321604033974134,0.07682632115945864,0.07334745383306666,neutral,0,24149.33772727273
tin,Tin,2023-01-06,2023-01-06 23:00:00,2023-02-05,direct,0.0,0.14321604033974134,0.0648556497773507,0.06935723003903067,neutral,0,24149.33772727273
tin,Tin,2023-01-13,2023-01-13 23:00:00,2023-02-12,direct,0.0,0.14321604033974134,0.05314819913211122,0.06545474649061751,neutral,0,24149.33772727273
tin,Tin,2023-01-20,2023-01-20 23:00:00,2023-02-19,direct,0.0,0.14321604033974134,0.04169538177414833,0.06163714070462989,neutral,0,24149.33772727273
tin,Tin,2023-01-27,2023-01-27 23:00:00,2023-02-26,direct,0.0,0.1364661628401953,0.03094892947314043,0.05580503077111191,neutral,0,24149.33772727273
tin,Tin,2023-02-03,2023-02-03 23:00:00,2023-03-05,direct,0.11236607410822441,0.26416640391538615,0.12433960738206173,0.16695736180189077,bullish,1,26862.904
tin,Tin,2023-02-10,2023-02-10 23:00:00,2023-03-12,direct,0.11236607410822441,0.26416640391538615,0.10274893094400794,0.15976046965587284,bullish,1,26862.904
tin,Tin,2023-02-17,2023-02-17 23:00:00,2023-03-19,direct,0.11236607410822441,0.26416640391538615,0.081971842061209,0.15283477336160653,bullish,1,26862.904
tin,Tin,2023-02-24,2023-02-24 23:00:00,2023-03-26,direct,0.11236607410822441,0.11236607410822441,0.07220620674604938,0.09897945165416606,bullish,1,26862.904
tin,Tin,2023-03-03,2023-03-03 23:00:00,2023-04-02,direct,-0.10657598753057851,-0.006185438735372251,-0.04158904806684938,-0.051450158110933376,neutral,0,23999.96347826087
tin,Tin,2023-03-10,2023-03-10 23:00:00,2023-04-09,direct,-0.10657598753057851,-0.006185438735372251,-0.041112393914082834,-0.05129127339334453,neutral,0,23999.96347826087
tin,Tin,2023-03-17,2023-03-17 23:00:00,2023-04-16,direct,-0.10657598753057851,-0.006185438735372251,-0.040635265408990096,-0.05113223055831362,neutral,0,23999.96347826087
tin,Tin,2023-03-24,2023-03-24 23:00:00,2023-04-23,direct,-0.10657598753057851,-0.006185438735372251,-0.04015766184312586,-0.050973029369692203,neutral,0,23999.96347826087
tin,Tin,2023-03-31,2023-03-31 23:00:00,2023-04-30,direct,0.0,-0.006185438735372251,-0.03967958250663417,-0.01528834041400214,neutral,0,23999.96347826087
tin,Tin,2023-04-07,2023-04-07 23:00:00,2023-05-07,direct,0.0,-0.006185438735372251,-0.03920102668824299,-0.015128821807871748,neutral,0,23999.96347826087
tin,Tin,2023-04-14,2023-04-14 23:00:00,2023-05-14,direct,0.0,-0.006185438735372251,-0.03872199367526297,-0.014969144136878406,neutral,0,23999.96347826087
tin,Tin,2023-04-21,2023-04-21 23:00:00,2023-05-21,direct,0.0,-0.006185438735372251,-0.03824248275358244,-0.014809307162984897,neutral,0,23999.96347826087
tin,Tin,2023-04-28,2023-04-28 23:00:00,2023-05-28,direct,0.0,-0.10657598753057851,-0.028958725454880097,-0.04517823766181953,neutral,0,23999.96347826087
tin,Tin,2023-05-05,2023-05-05 23:00:00,2023-06-04,direct,0.06642718441817919,-0.04722834589064262,0.03999350278755709,0.019730780438364553,neutral,0,25594.21347826087
tin,Tin,2023-05-12,2023-05-12 23:00:00,2023-06-11,direct,0.06642718441817919,-0.04722834589064262,0.04448058118386289,0.021226473237133153,neutral,0,25594.21347826087
tin,Tin,2023-05-19,2023-05-19 23:00:00,2023-06-18,direct,0.06642718441817919,-0.04722834589064262,0.049006546586681576,0.02273512837140605,neutral,0,25594.21347826087
tin,Tin,2023-05-26,2023-05-26 23:00:00,2023-06-25,direct,0.06642718441817919,0.06642718441817919,0.04332546016792693,0.0587266096680951,bullish,1,25594.21347826087
tin,Tin,2023-06-02,2023-06-02 23:00:00,2023-07-02,direct,0.06339198064256113,0.1340301158495174,0.09747161218065936,0.09829790289091263,bullish,1,27216.68136363636
tin,Tin,2023-06-09,2023-06-09 23:00:00,2023-07-09,direct,0.06339198064256113,0.1340301158495174,0.08573577695969936,0.0943859578172593,bullish,1,27216.68136363636
tin,Tin,2023-06-16,2023-06-16 23:00:00,2023-07-16,direct,0.06339198064256113,0.1340301158495174,0.07424828090857827,0.0905567924668856,bullish,1,27216.68136363636
tin,Tin,2023-06-23,2023-06-23 23:00:00,2023-07-23,direct,0.06339198064256113,0.1340301158495174,0.06300132398704106,0.0868078068263732,bullish,1,27216.68136363636
tin,Tin,2023-06-30,2023-06-30 23:00:00,2023-07-30,direct,0.0,0.1340301158495174,0.051987429423746345,0.06200584842442125,neutral,0,27216.68136363636
tin,Tin,2023-07-07,2023-07-07 23:00:00,2023-08-06,direct,0.0,0.1340301158495174,0.04119942714085156,0.058409847663456325,neutral,0,27216.68136363636
tin,Tin,2023-07-14,2023-07-14 23:00:00,2023-08-13,direct,0.0,0.1340301158495174,0.03063043818811817,0.05488685134587853,neutral,0,27216.68136363636
tin,Tin,2023-07-21,2023-07-21 23:00:00,2023-08-20,direct,0.0,0.1340301158495174,0.020273860115524567,0.05143465865501399,neutral,0,27216.68136363636
tin,Tin,2023-07-28,2023-07-28 23:00:00,2023-08-27,direct,0.0,0.06339198064256113,0.01512871572008434,0.026173565454215158,neutral,0,27216.68136363636
tin,Tin,2023-08-04,2023-08-04 23:00:00,2023-09-03,direct,-0.04321937232755724,0.017432846701031623,-0.030089584955539483,-0.0186253701940217,neutral,0,26040.39347826087
tin,Tin,2023-08-11,2023-08-11 23:00:00,2023-09-10,direct,-0.04321937232755724,0.017432846701031623,-0.031430939317342754,-0.019072488314622788,neutral,0,26040.39347826087
tin,Tin,2023-08-18,2023-08-18 23:00:00,2023-09-17,direct,-0.04321937232755724,0.017432846701031623,-0.03276858870463628,-0.019518371443720633,neutral,0,26040.39347826087
tin,Tin,2023-08-25,2023-08-25 23:00:00,2023-09-24,direct,-0.04321937232755724,-0.04321937232755724,-0.0292340743327848,-0.038557606329299755,neutral,0,26040.39347826087
tin,Tin,2023-09-01,2023-09-01 23:00:00,2023-10-01,direct,-0.017913146489594522,-0.06035832386945994,-0.04173314476751899,-0.04000153837552448,neutral,0,25573.9280952381
tin,Tin,2023-09-08,2023-09-08 23:00:00,2023-10-08,direct,-0.017913146489594522,-0.06035832386945994,-0.03679231306574582,-0.038354594474933425,neutral,0,25573.9280952381
tin,Tin,2023-09-15,2023-09-15 23:00:00,2023-10-15,direct,-0.017913146489594522,-0.06035832386945994,-0.03180026736728603,-0.0366905792421135,neutral,0,25573.9280952381
tin,Tin,2023-09-22,2023-09-22 23:00:00,2023-10-22,direct,-0.017913146489594522,-0.06035832386945994,-0.026756207238705976,-0.035009225865920146,neutral,0,25573.9280952381
tin,Tin,2023-09-29,2023-09-29 23:00:00,2023-10-29,direct,0.0,-0.06035832386945994,-0.021659315479046648,-0.027339213116168864,neutral,0,25573.9280952381
tin,Tin,2023-10-06,2023-10-06 23:00:00,2023-11-05,direct,0.0,-0.06035832386945994,-0.01650875767845361,-0.025622360515971183,neutral,0,25573.9280952381
tin,Tin,2023-10-13,2023-10-13 23:00:00,2023-11-12,direct,0.0,-0.06035832386945994,-0.011303681762789397,-0.023887335210749778,neutral,0,25573.9280952381
tin,Tin,2023-10-20,2023-10-20 23:00:00,2023-11-19,direct,0.0,-0.06035832386945994,-0.006043217523711952,-0.0221338471310573,neutral,0,25573.9280952381
tin,Tin,2023-10-27,2023-10-27 23:00:00,2023-11-26,direct,0.0,-0.017913146489594522,-0.004539271093438213,-0.0074841391943442455,neutral,0,25573.9280952381
tin,Tin,2023-11-03,2023-11-03 23:00:00,2023-12-03,direct,-0.05498049345063283,-0.07190876630697596,-0.05352128093031605,-0.06013684689597495,neutral,0,24167.86090909091
tin,Tin,2023-11-10,2023-11-10 23:00:00,2023-12-10,direct,-0.05498049345063283,-0.07190876630697596,-0.047701672066440604,-0.05819697727468313,neutral,0,24167.86090909091
tin,Tin,2023-11-17,2023-11-17 23:00:00,2023-12-17,direct,-0.05498049345063283,-0.07190876630697596,-0.04181005444410835,-0.05623310473390571,neutral,0,24167.86090909091
tin,Tin,2023-11-24,2023-11-24 23:00:00,2023-12-24,direct,-0.05498049345063283,-0.05498049345063283,-0.03733794857953421,-0.049099645160266624,neutral,0,24167.86090909091
tin,Tin,2023-12-01,2023-12-01 23:00:00,2023-12-31,direct,0.018004885444201202,-0.037965525492675956,-0.01683673245380979,-0.012265790834094847,neutral,0,24603.00047619048
tin,Tin,2023-12-08,2023-12-08 23:00:00,2024-01-07,direct,0.018004885444201202,-0.037965525492675956,-0.013647579910139762,-0.011202739986204838,neutral,0,24603.00047619048
tin,Tin,2023-12-15,2023-12-15 23:00:00,2024-01-14,direct,0.018004885444201202,-0.037965525492675956,-0.010437670299949131,-0.010132770116141296,neutral,0,24603.00047619048
tin,Tin,2023-12-22,2023-12-22 23:00:00,2024-01-21,direct,0.018004885444201202,-0.037965525492675956,-0.0072068003109815315,-0.009055813453152095,neutral,0,24603.00047619048
tin,Tin,2023-12-29,2023-12-29 23:00:00,2024-01-28,direct,0.0,-0.037965525492675956,-0.003954763967067176,-0.013973429819914377,neutral,0,24603.00047619048
tin,Tin,2024-01-05,2024-01-05 23:00:00,2024-02-04,direct,0.02194778085959559,-0.016851003666813025,0.019388301852487855,0.00816169301509014,neutral,0,25142.98173913043
tin,Tin,2024-01-12,2024-01-12 23:00:00,2024-02-11,direct,0.02194778085959559,-0.016851003666813025,0.020874707259244785,0.008657161484009116,neutral,0,25142.98173913043
tin,Tin,2024-01-19,2024-01-19 23:00:00,2024-02-18,direct,0.02194778085959559,-0.016851003666813025,0.022365453754353837,0.0091540769823788,neutral,0,25142.98173913043
tin,Tin,2024-01-26,2024-01-26 23:00:00,2024-02-25,direct,0.02194778085959559,0.04034783358392824,0.018998477072403652,0.02709803050530916,bullish,1,25142.98173913043
tin,Tin,2024-02-02,2024-02-02 23:00:00,2024-03-03,direct,0.03822608609635525,0.08011625944066414,0.05107744043628104,0.05647326199110014,bullish,1,26104.09952380952
tin,Tin,2024-02-09,2024-02-09 23:00:00,2024-03-10,direct,0.03822608609635525,0.08011625944066414,0.04429281433283738,0.05421171995661892,bullish,1,26104.09952380952
tin,Tin,2024-02-16,2024-02-16 23:00:00,2024-03-17,direct,0.03822608609635525,0.08011625944066414,0.0375952149842409,0.0519791868404201,bullish,1,26104.09952380952
tin,Tin,2024-02-23,2024-02-23 23:00:00,2024-03-24,direct,0.03822608609635525,0.061012844716713754,0.03246162398039831,0.04390018493115577,bullish,1,26104.09952380952
tin,Tin,2024-03-01,2024-03-01 23:00:00,2024-03-31,direct,0.05163768383834788,0.11580109054062127,0.07567452318308532,0.08103776585401816,bullish,1,27452.05476190476
tin,Tin,2024-03-08,2024-03-08 23:00:00,2024-04-07,direct,0.05163768383834788,0.11580109054062127,0.06575970396029018,0.07773282611308645,bullish,1,27452.05476190476
tin,Tin,2024-03-15,2024-03-15 23:00:00,2024-04-14,direct,0.05163768383834788,0.11580109054062127,0.056025991232153016,0.07448825520370739,bullish,1,27452.05476190476
tin,Tin,2024-03-22,2024-03-22 23:00:00,2024-04-21,direct,0.05163768383834788,0.11580109054062127,0.046468467706114014,0.07130241402836106,bullish,1,27452.05476190476
tin,Tin,2024-03-29,2024-03-29 23:00:00,2024-04-28,direct,0.0,0.09183767648292407,0.0388483815976004,0.04356201936017482,neutral,0,27452.05476190476
tin,Tin,2024-04-05,2024-04-05 23:00:00,2024-05-05,direct,0.14891257440076977,0.25442603571575106,0.16994446644289307,0.19109435885313797,bullish,1,31540.01090909091
tin,Tin,2024-04-12,2024-04-12 23:00:00,2024-05-12,direct,0.14891257440076977,0.25442603571575106,0.14725826989363533,0.18353229333671872,bullish,1,31540.01090909091
tin,Tin,2024-04-19,2024-04-19 23:00:00,2024-05-19,direct,0.14891257440076977,0.25442603571575106,0.12543514609580275,0.1762579187374412,bullish,1,31540.01090909091
tin,Tin,2024-04-26,2024-04-26 23:00:00,2024-05-26,direct,0.14891257440076977,0.20823975867557887,0.10753294584533557,0.15489509297389473,bullish,1,31540.01090909091
tin,Tin,2024-05-03,2024-05-03 23:00:00,2024-06-02,direct,0.04418532436989531,0.2616262243292635,0.13381047689303638,0.1465406751973984,bullish,1,32933.61652173913
tin,Tin,2024-05-10,2024-05-10 23:00:00,2024-06-09,direct,0.04418532436989531,0.2616262243292635,0.11202218241823769,0.1392779103724655,bullish,1,32933.61652173913
tin,Tin,2024-05-17,2024-05-17 23:00:00,2024-06-16,direct,0.04418532436989531,0.2616262243292635,0.09105550490580128,0.13228901786832004,bullish,1,32933.61652173913
tin,Tin,2024-05-24,2024-05-24 23:00:00,2024-06-23,direct,0.04418532436989531,0.19967764917331943,0.07479049606689747,0.10621782320337074,bullish,1,32933.61652173913
tin,Tin,2024-05-31,2024-05-31 23:00:00,2024-06-30,direct,0.0,0.19967764917331943,0.059003308254960585,0.08622698580942667,neutral,0,32933.61652173913
tin,Tin,2024-06-07,2024-06-07 23:00:00,2024-07-07,direct,0.0,0.19967764917331943,0.04367319067780606,0.08111694661704183,neutral,0,32933.61652173913
tin,Tin,2024-06-14,2024-06-14 23:00:00,2024-07-14,direct,0.0,0.19967764917331943,0.02878057695053382,0.07615274204128442,neutral,0,32933.61652173913
tin,Tin,2024-06-21,2024-06-21 23:00:00,2024-07-21,direct,0.0,0.19967764917331943,0.01430700178034816,0.07132821698455587,neutral,0,32933.61652173913
tin,Tin,2024-06-28,2024-06-28 23:00:00,2024-07-28,direct,0.0,0.04418532436989531,0.010692008688425902,0.018292444352773735,neutral,0,32933.61652173913
tin,Tin,2024-07-05,2024-07-05 23:00:00,2024-08-04,direct,-0.03258502169014088,0.010160522926775606,-0.023042079318317032,-0.015155526027227436,neutral,0,31860.47391304348
tin,Tin,2024-07-12,2024-07-12 23:00:00,2024-08-11,direct,-0.03258502169014088,0.010160522926775606,-0.023841436072410738,-0.015421978278592005,neutral,0,31860.47391304348
tin,Tin,2024-07-19,2024-07-19 23:00:00,2024-08-18,direct,-0.03258502169014088,0.010160522926775606,-0.024639485812514406,-0.01568799485862656,neutral,0,31860.47391304348
tin,Tin,2024-07-26,2024-07-26 23:00:00,2024-08-25,direct,-0.03258502169014088,-0.03258502169014088,-0.021961890688238173,-0.029043978022839978,neutral,0,31860.47391304348
tin,Tin,2024-08-02,2024-08-02 23:00:00,2024-09-01,direct,-0.009621149027021825,-0.04189266536743308,-0.02794096513360622,-0.026484926509353707,neutral,0,31553.93954545455
tin,Tin,2024-08-09,2024-08-09 23:00:00,2024-09-08,direct,-0.009621149027021825,-0.04189266536743308,-0.024485799920368922,-0.025333204771607942,neutral,0,31553.93954545455
tin,Tin,2024-08-16,2024-08-16 23:00:00,2024-09-15,direct,-0.009621149027021825,-0.04189266536743308,-0.02100598445118107,-0.024173266281878658,neutral,0,31553.93954545455
tin,Tin,2024-08-23,2024-08-23 23:00:00,2024-09-22,direct,-0.009621149027021825,-0.04189266536743308,-0.01750125398743896,-0.02300502279396462,neutral,0,31553.93954545455
tin,Tin,2024-08-30,2024-08-30 23:00:00,2024-09-29,direct,0.0,-0.04189266536743308,-0.01397133998593525,-0.018621335117789444,neutral,0,31553.93954545455
tin,Tin,2024-09-06,2024-09-06 23:00:00,2024-10-06,direct,0.0,-0.04189266536743308,-0.010415970030267285,-0.017436211799233454,neutral,0,31553.93954545455
tin,Tin,2024-09-13,2024-09-13 23:00:00,2024-10-13,direct,0.0,-0.04189266536743308,-0.006834867760754815,-0.016242511042729297,neutral,0,31553.93954545455
tin,Tin,2024-09-20,2024-09-20 23:00:00,2024-10-20,direct,0.0,-0.04189266536743308,-0.0032277528028329394,-0.015040139390088672,neutral,0,31553.93954545455
tin,Tin,2024-09-27,2024-09-27 23:00:00,2024-10-27,direct,0.0,-0.009621149027021825,-0.0024227696274884414,-0.004014639551503422,neutral,0,31553.93954545455
tin,Tin,2024-10-04,2024-10-04 23:00:00,2024-11-03,direct,0.014530508994322622,0.004769559774828069,0.011667511976165335,0.010322526915105342,bullish,1,32012.43434782609
tin,Tin,2024-10-11,2024-10-11 23:00:00,2024-11-10,direct,0.014530508994322622,0.004769559774828069,0.01126281270584717,0.01018762715833262,bullish,1,32012.43434782609
tin,Tin,2024-10-18,2024-10-18 23:00:00,2024-11-17,direct,0.014530508994322622,0.004769559774828069,0.010858437091287199,0.01005283528681263,bullish,1,32012.43434782609
tin,Tin,2024-10-25,2024-10-25 23:00:00,2024-11-24,direct,0.014530508994322622,0.014530508994322622,0.009640313110760301,0.012900443699801848,bullish,1,32012.43434782609
tin,Tin,2024-11-01,2024-11-01 23:00:00,2024-12-01,direct,-0.07332981150047813,-0.05986482199171517,-0.05972826428915223,-0.06430763259378185,neutral,0,29664.96857142857
tin,Tin,2024-11-08,2024-11-08 23:00:00,2024-12-08,direct,-0.07332981150047813,-0.05986482199171517,-0.05501329109729103,-0.06273597486316145,neutral,0,29664.96857142857
tin,Tin,2024-11-15,2024-11-15 23:00:00,2024-12-15,direct,-0.07332981150047813,-0.05986482199171517,-0.050250793323083465,-0.061148475605092255,neutral,0,29664.96857142857
tin,Tin,2024-11-22,2024-11-22 23:00:00,2024-12-22,direct,-0.07332981150047813,-0.05986482199171517,-0.04544004879074992,-0.059544894094314404,neutral,0,29664.96857142857
tin,Tin,2024-11-29,2024-11-29 23:00:00,2024-12-29,direct,0.0,-0.05986482199171517,-0.0405803206179306,-0.03348171420321525,neutral,0,29664.96857142857
tin,Tin,2024-12-06,2024-12-06 23:00:00,2025-01-05,direct,0.0,-0.05986482199171517,-0.03567085683941007,-0.03184522627704175,neutral,0,29664.96857142857
tin,Tin,2024-12-13,2024-12-13 23:00:00,2025-01-12,direct,0.0,-0.05986482199171517,-0.030710890019227555,-0.030191904003647574,neutral,0,29664.96857142857
tin,Tin,2024-12-20,2024-12-20 23:00:00,2025-01-19,direct,0.0,-0.05986482199171517,-0.025699636850757268,-0.028521486280824144,neutral,0,29664.96857142857
tin,Tin,2024-12-27,2024-12-27 23:00:00,2025-01-26,direct,0.0,-0.07332981150047813,-0.019399366808596774,-0.030909726103024966,neutral,0,29664.96857142857
tin,Tin,2025-01-03,2025-01-03 23:00:00,2025-02-02,direct,-0.00289653190575323,-0.07601394126757732,-0.01564140382833401,-0.03151729233388819,neutral,0,29579.04304347826
tin,Tin,2025-01-10,2025-01-10 23:00:00,2025-02-09,direct,-0.00289653190575323,-0.07601394126757732,-0.00895343895454126,-0.029287970709290605,neutral,0,29579.04304347826
tin,Tin,2025-01-17,2025-01-17 23:00:00,2025-02-16,direct,-0.00289653190575323,-0.07601394126757732,-0.0021739731749808033,-0.02702814878277045,neutral,0,29579.04304347826
tin,Tin,2025-01-24,2025-01-24 23:00:00,2025-02-23,direct,-0.00289653190575323,-0.00289653190575323,-0.0019328874939342766,-0.002575317101813579,neutral,0,29579.04304347826
tin,Tin,2025-01-31,2025-01-31 23:00:00,2025-03-02,direct,0.0,-0.00289653190575323,-0.001691685286859257,-0.001529405730870829,neutral,0,29579.04304347826
tin,Tin,2025-02-07,2025-02-07 23:00:00,2025-03-09,direct,0.0,-0.00289653190575323,-0.001450366469253228,-0.0014489661250021528,neutral,0,29579.04304347826
tin,Tin,2025-02-14,2025-02-14 23:00:00,2025-03-16,direct,0.0,-0.00289653190575323,-0.0012089309565316286,-0.0013684876207616197,neutral,0,29579.04304347826
tin,Tin,2025-02-21,2025-02-21 23:00:00,2025-03-23,direct,0.0,-0.00289653190575323,-0.0009673786640278514,-0.0012879701899270273,neutral,0,29579.04304347826
tin,Tin,2025-02-28,2025-02-28 23:00:00,2025-03-30,direct,0.0,-0.00289653190575323,-0.0007257095069942432,-0.0012074138042491578,neutral,0,29579.04304347826
tin,Tin,2025-03-07,2025-03-07 23:00:00,2025-04-06,direct,0.0,-0.00289653190575323,-0.0004839234006003279,-0.001126818435451186,neutral,0,29579.04304347826
tin,Tin,2025-03-14,2025-03-14 23:00:00,2025-04-13,direct,0.0,-0.00289653190575323,-0.00024202025993391718,-0.0010461840552290491,neutral,0,29579.04304347826
tin,Tin,2025-03-21,2025-03-21 23:00:00,2025-04-20,direct,0.0,-0.00289653190575323,0.0,-0.0009655106352510767,neutral,0,29579.04304347826
tin,Tin,2025-03-28,2025-03-28 23:00:00,2025-04-27,direct,0.0,0.0,0.0,0.0,neutral,0,29579.04304347826
tin,Tin,2025-04-04,2025-04-04 23:00:00,2025-05-04,direct,0.09210763136862488,0.09210763136862488,0.08378886261535845,0.0893347084508694,bullish,1,32303.49863636364
tin,Tin,2025-04-11,2025-04-11 23:00:00,2025-05-11,direct,0.09210763136862488,0.09210763136862488,0.07559586676896268,0.08660370983540415,bullish,1,32303.49863636364
tin,Tin,2025-04-18,2025-04-18 23:00:00,2025-05-18,direct,0.09210763136862488,0.09210763136862488,0.06752581285684722,0.08391369186469899,bullish,1,32303.49863636364
tin,Tin,2025-04-25,2025-04-25 23:00:00,2025-05-25,direct,0.09210763136862488,0.09210763136862488,0.05957595423536799,0.08126373899087258,bullish,1,32303.49863636364
tin,Tin,2025-05-02,2025-05-02 23:00:00,2025-06-01,direct,-0.011116935448182708,0.07996674132823212,0.04106581901104067,0.03663854163036336,neutral,0,31944.38272727273
tin,Tin,2025-05-09,2025-05-09 23:00:00,2025-06-08,direct,-0.011116935448182708,0.07996674132823212,0.0344208459722235,0.0344235506174243,neutral,0,31944.38272727273
tin,Tin,2025-05-16,2025-05-16 23:00:00,2025-06-15,direct,-0.011116935448182708,0.07996674132823212,0.027860162733647886,0.03223665620456576,neutral,0,31944.38272727273
tin,Tin,2025-05-23,2025-05-23 23:00:00,2025-06-22,direct,-0.011116935448182708,0.07996674132823212,0.021382175610899834,0.030077327163649747,neutral,0,31944.38272727273
tin,Tin,2025-05-30,2025-05-30 23:00:00,2025-06-29,direct,0.0,0.07996674132823212,0.01498533084409881,0.03165069072411031,neutral,0,31944.38272727273
tin,Tin,2025-06-06,2025-06-06 23:00:00,2025-07-06,direct,0.0,0.07996674132823212,0.00866811335545603,0.029544951561229382,neutral,0,31944.38272727273
tin,Tin,2025-06-13,2025-06-13 23:00:00,2025-07-13,direct,0.0,0.07996674132823212,0.002429045552944986,0.0274652622937257,neutral,0,31944.38272727273
tin,Tin,2025-06-20,2025-06-20 23:00:00,2025-07-20,direct,0.0,0.07996674132823212,-0.0037333138219047823,0.025411142502109112,neutral,0,31944.38272727273
tin,Tin,2025-06-27,2025-06-27 23:00:00,2025-07-27,direct,0.0,-0.011116935448182708,-0.002802601113797598,-0.004639845520660102,neutral,0,31944.38272727273
tin,Tin,2025-07-04,2025-07-04 23:00:00,2025-08-03,direct,0.052149220670630436,0.04045254570257928,0.045645909348103864,0.04608255857377119,bullish,1,33610.25739130435
tin,Tin,2025-07-11,2025-07-11 23:00:00,2025-08-10,direct,0.052149220670630436,0.04045254570257928,0.042115356048323616,0.044905707473844446,bullish,1,33610.25739130435
tin,Tin,2025-07-18,2025-07-18 23:00:00,2025-08-17,direct,0.052149220670630436,0.04045254570257928,0.038608563873666846,0.04373677674895885,bullish,1,33610.25739130435
tin,Tin,2025-07-25,2025-07-25 23:00:00,2025-08-24,direct,0.052149220670630436,0.052149220670630436,0.03417213045643441,0.04615685726589843,bullish,1,33610.25739130435
tin,Tin,2025-08-01,2025-08-01 23:00:00,2025-08-31,direct,0.0066856783625388605,0.05918355194943037,0.03606375180242494,0.03397766070479805,bullish,1,33834.96476190476
tin,Tin,2025-08-08,2025-08-08 23:00:00,2025-09-07,direct,0.0066856783625388605,0.05918355194943037,0.031089458623304145,0.032319562978424456,bullish,1,33834.96476190476
tin,Tin,2025-08-15,2025-08-15 23:00:00,2025-09-14,direct,0.0066856783625388605,0.05918355194943037,0.02616270182914282,0.030677310713704015,bullish,1,33834.96476190476
tin,Tin,2025-08-22,2025-08-22 23:00:00,2025-09-21,direct,0.0066856783625388605,0.05918355194943037,0.02128280324462617,0.029050677852198465,bullish,1,33834.96476190476
tin,Tin,2025-08-29,2025-08-29 23:00:00,2025-09-28,direct,0.0,0.05918355194943037,0.01644909753358692,0.025210883161005764,neutral,0,33834.96476190476
tin,Tin,2025-09-05,2025-09-05 23:00:00,2025-10-05,direct,0.020484518611006086,0.08088041713181005,0.030604517712585544,0.043989817818467225,bullish,1,34528.05772727273
tin,Tin,2025-09-12,2025-09-12 23:00:00,2025-10-12,direct,0.020484518611006086,0.08088041713181005,0.024023599474710222,0.04179617840584212,bullish,1,34528.05772727273
tin,Tin,2025-09-19,2025-09-19 23:00:00,2025-10-19,direct,0.020484518611006086,0.08088041713181005,0.017526192792922446,0.03963037617857953,bullish,1,34528.05772727273
tin,Tin,2025-09-26,2025-09-26 23:00:00,2025-10-26,direct,0.020484518611006086,0.02730714987638949,0.015237917642795695,0.021009862043397092,bullish,1,34528.05772727273
tin,Tin,2025-10-03,2025-10-03 23:00:00,2025-11-02,direct,0.04297570114830118,0.07145639493699041,0.05267376621152309,0.055701954098938224,bullish,1,36011.9252173913
tin,Tin,2025-10-10,2025-10-10 23:00:00,2025-11-09,direct,0.04297570114830118,0.07145639493699041,0.046551113887055795,0.05366106999078246,bullish,1,36011.9252173913
tin,Tin,2025-10-17,2025-10-17 23:00:00,2025-11-16,direct,0.04297570114830118,0.07145639493699041,0.04049927191069713,0.05164378933199624,bullish,1,36011.9252173913
tin,Tin,2025-10-24,2025-10-24 23:00:00,2025-11-23,direct,0.04297570114830118,0.06434055630930069,0.03507381824896205,0.04746335856885464,bullish,1,36011.9252173913
tin,Tin,2025-10-31,2025-10-31 23:00:00,2025-11-30,direct,0.0,0.06434055630930069,0.02970465075527673,0.03134840235485914,neutral,0,36011.9252173913
tin,Tin,2025-11-07,2025-11-07 23:00:00,2025-12-07,direct,0.0,0.06434055630930069,0.024390898041584785,0.029577151450295158,neutral,0,36011.9252173913
tin,Tin,2025-11-14,2025-11-14 23:00:00,2025-12-14,direct,0.0,0.06434055630930069,0.01913170661454755,0.027824087641282746,neutral,0,36011.9252173913
tin,Tin,2025-11-21,2025-11-21 23:00:00,2025-12-21,direct,0.0,0.06434055630930069,0.013926240418536295,0.026088932242612328,neutral,0,36011.9252173913
tin,Tin,2025-11-28,2025-11-28 23:00:00,2025-12-28,direct,0.0,0.04297570114830118,0.010408442695063691,0.01779471461445496,neutral,0,36011.9252173913
tin,Tin,2025-12-05,2025-12-05 23:00:00,2026-01-04,direct,0.14969996302542343,0.19910912504661704,0.1432889531684085,0.16403268041348298,bullish,1,41402.90909090909
tin,Tin,2025-12-12,2025-12-12 23:00:00,2026-01-11,direct,0.14969996302542343,0.19910912504661704,0.1254837696746669,0.15809761924890245,bullish,1,41402.90909090909
tin,Tin,2025-12-19,2025-12-19 23:00:00,2026-01-18,direct,0.14969996302542343,0.19910912504661704,0.10822466517527318,0.15234458441577123,bullish,1,41402.90909090909
tin,Tin,2025-12-26,2025-12-26 23:00:00,2026-01-25,direct,0.14969996302542343,0.14969996302542343,0.09505664970172578,0.13148552525085755,bullish,1,41402.90909090909
tin,Tin,2026-01-02,2026-01-02 23:00:00,2026-02-01,direct,0.18672294656501975,0.3643753277872246,0.2630010553932045,0.27136644324848297,bullish,1,49133.78227272727
tin,Tin,2026-01-09,2026-01-09 23:00:00,2026-02-08,direct,0.18672294656501975,0.3643753277872246,0.2284705973552139,0.25985629056915277,bullish,1,49133.78227272727
tin,Tin,2026-01-16,2026-01-16 23:00:00,2026-02-15,direct,0.18672294656501975,0.3643753277872246,0.19577801765770442,0.24895876400331626,bullish,1,49133.78227272727
tin,Tin,2026-01-23,2026-01-23 23:00:00,2026-02-22,direct,0.18672294656501975,0.3643753277872246,0.16478038875914836,0.2386262210371309,bullish,1,49133.78227272727
tin,Tin,2026-01-30,2026-01-30 23:00:00,2026-03-01,direct,0.0,0.3643753277872246,0.13534922883970846,0.1665748522089777,neutral,0,49133.78227272727
tin,Tin,2026-02-06,2026-02-06 23:00:00,2026-03-08,direct,0.0,0.3643753277872246,0.10736872173829215,0.1572480165085056,neutral,0,49133.78227272727
tin,Tin,2026-02-13,2026-02-13 23:00:00,2026-03-15,direct,0.0,0.3643753277872246,0.08073419377497304,0.14836984052073254,neutral,0,49133.78227272727
tin,Tin,2026-02-20,2026-02-20 23:00:00,2026-03-22,direct,0.0,0.3643753277872246,0.05535080522420044,0.13990871100380833,neutral,0,49133.78227272727
tin,Tin,2026-02-27,2026-02-27 23:00:00,2026-03-29,direct,0.0,0.18672294656501975,0.04094649850234622,0.07588981502245533,neutral,0,49133.78227272727
tin,Tin,2026-03-06,2026-03-06 23:00:00,2026-04-05,direct,0.0,0.18672294656501975,0.02693010121849393,0.07121768259450456,neutral,0,49133.78227272727
tin,Tin,2026-03-13,2026-03-13 23:00:00,2026-04-12,direct,0.0,0.18672294656501975,0.013286151901491294,0.06666969948883701,neutral,0,49133.78227272727
tin,Tin,2026-03-20,2026-03-20 23:00:00,2026-04-19,direct,0.0,0.18672294656501975,0.0,0.06224098218833992,neutral,0,49133.78227272727
tin,Tin,2026-03-27,2026-03-27 23:00:00,2026-04-26,direct,0.0,0.0,0.0,0.0,neutral,0,49133.78227272727
tin,Tin,2026-04-03,2026-04-03 23:00:00,2026-05-03,direct,-0.011550523546930869,-0.011550523546930869,-0.010598181129744422,-0.011233076074535386,neutral,0,48566.26136363636
tin,Tin,2026-04-10,2026-04-10 23:00:00,2026-05-10,direct,-0.011550523546930869,-0.011550523546930869,-0.009644001834154481,-0.01091501630933874,neutral,0,48566.26136363636
tin,Tin,2026-04-17,2026-04-17 23:00:00,2026-05-17,direct,-0.011550523546930869,-0.011550523546930869,-0.008687980340572943,-0.010596342478144893,neutral,0,48566.26136363636
tin,Tin,2026-04-24,2026-04-24 23:00:00,2026-05-24,direct,-0.011550523546930869,-0.011550523546930869,-0.007730111308851706,-0.010277052800904482,neutral,0,48566.26136363636
tin,Tin,2026-05-01,2026-05-01 23:00:00,2026-05-31,direct,0.0895114944882005,0.07692706631646273,0.07417672881195525,0.08020509653887282,bullish,1,52913.5
tin,Tin,2026-05-08,2026-05-08 23:00:00,2026-06-07,direct,0.0895114944882005,0.07692706631646273,0.06735184945545125,0.0779301367533715,bullish,1,52913.5
tin,Tin,2026-05-15,2026-05-15 23:00:00,2026-06-14,direct,0.0895114944882005,0.07692706631646273,0.06061314754378899,0.0756839027828174,bullish,1,52913.5
tin,Tin,2026-05-22,2026-05-22 23:00:00,2026-06-21,direct,0.0895114944882005,0.07692706631646273,0.05395900107933049,0.07346585396133125,bullish,1,52913.5
tin,Tin,2026-05-29,2026-05-29 23:00:00,2026-06-28,direct,0.0,0.07692706631646273,0.047387828515448094,0.04143829827730361,neutral,0,52913.5
tin,Tin,2026-06-05,2026-06-05 23:00:00,2026-07-05,direct,0.0,0.07692706631646273,0.040898087503326463,0.03927505127326306,neutral,0,52913.5
tin,Tin,2026-06-12,2026-06-12 23:00:00,2026-07-12,direct,0.0,0.07692706631646273,0.03448827368506868,0.03713844666717714,neutral,0,52913.5
tin,Tin,2026-06-19,2026-06-19 23:00:00,2026-07-19,direct,0.0,0.07692706631646273,0.02815691953112376,0.03502799528252883,neutral,0,52913.5
uranium,Uranium,2022-01-07,2022-01-07 23:00:00,2022-01-08,proxy,,,,0.0,neutral,0,21.0302677154541
uranium,Uranium,2022-01-14,2022-01-14 23:00:00,2022-01-15,proxy,,,,0.0,neutral,0,20.013940811157227
uranium,Uranium,2022-01-21,2022-01-21 23:00:00,2022-01-22,proxy,,,,0.0,neutral,0,18.024703979492188
uranium,Uranium,2022-01-28,2022-01-28 23:00:00,2022-01-29,proxy,,,-0.09196328087171879,-0.030654426957239595,neutral,0,17.34714698791504
uranium,Uranium,2022-02-04,2022-02-04 23:00:00,2022-02-05,proxy,-0.15282928394980666,,-0.054664402732711115,-0.06916456222750593,neutral,0,17.816226959228516
uranium,Uranium,2022-02-11,2022-02-11 23:00:00,2022-02-12,proxy,-0.05208352294262053,,0.005524856107041121,-0.015519555611859803,neutral,0,18.97154426574707
uranium,Uranium,2022-02-18,2022-02-18 23:00:00,2022-02-19,proxy,0.004337397895649353,,-0.03492985840803209,-0.010197486837460912,neutral,0,18.10288429260254
uranium,Uranium,2022-02-25,2022-02-25 23:00:00,2022-02-26,proxy,0.13720589152097418,,0.04491855875793127,0.06070815009296848,neutral,0,19.727277755737305
uranium,Uranium,2022-03-04,2022-03-04 23:00:00,2022-03-05,proxy,0.1345684978450532,,0.062341536203584624,0.0656366780162126,neutral,0,20.213729858398438
uranium,Uranium,2022-03-11,2022-03-11 23:00:00,2022-03-12,proxy,0.173992638454749,,0.15091117505598706,0.10830127117024535,neutral,0,22.27245330810547
uranium,Uranium,2022-03-18,2022-03-18 23:00:00,2022-03-19,proxy,0.23080614784864806,,0.13573242858505608,0.12217952547790138,neutral,0,22.28114128112793
uranium,Uranium,2022-03-25,2022-03-25 23:00:00,2022-03-26,proxy,0.15587857224004198,,0.14678902096742763,0.10088919773582321,neutral,0,22.802337646484375
uranium,Uranium,2022-04-01,2022-04-01 23:00:00,2022-04-02,proxy,0.12032658426981557,0.07682789558455783,0.13126494159541258,0.109473140483262,bullish,1,22.645978927612305
uranium,Uranium,2022-04-08,2022-04-08 23:00:00,2022-04-09,proxy,0.07254302836815052,0.19357625495458008,0.17437731362932896,0.14683219898401986,bullish,1,23.888164520263672
uranium,Uranium,2022-04-15,2022-04-15 23:00:00,2022-04-16,proxy,0.0935672654789721,0.3518073179052661,0.1675338501798711,0.20430281118803642,bullish,1,24.36592674255371
uranium,Uranium,2022-04-22,2022-04-22 23:00:00,2022-04-23,proxy,-0.06857135496201083,0.22433680146710788,0.0021177095402704627,0.05262771868178917,neutral,0,21.238750457763672
uranium,Uranium,2022-04-29,2022-04-29 23:00:00,2022-04-30,proxy,-0.11047177149190834,0.1306679896034979,-0.05814657691335989,-0.012650119600590112,neutral,0,20.144237518310547
uranium,Uranium,2022-05-06,2022-05-06 23:00:00,2022-05-07,proxy,-0.201090953107237,0.005952413866391781,-0.10808891294210121,-0.10107581739431548,neutral,0,19.084470748901367
uranium,Uranium,2022-05-13,2022-05-13 23:00:00,2022-05-14,proxy,-0.2773618579068746,-0.027351236023126835,-0.17551352612340199,-0.16007554001780114,neutral,0,17.60774803161621
uranium,Uranium,2022-05-20,2022-05-20 23:00:00,2022-05-21,proxy,-0.14642132864526636,-0.08102148601318315,-0.1457807536965634,-0.12440785611833764,neutral,0,18.128944396972656
uranium,Uranium,2022-05-27,2022-05-27 23:00:00,2022-05-28,proxy,-0.043122197454840694,-0.04641182673864119,-0.08839449919930831,-0.05930950779759673,neutral,0,19.27557373046875
uranium,Uranium,2022-06-03,2022-06-03 23:00:00,2022-06-04,proxy,0.0077377438333263715,-0.13650547478072617,-0.07941795632902804,-0.06939522909214262,neutral,0,19.232141494750977
uranium,Uranium,2022-06-10,2022-06-10 23:00:00,2022-06-11,proxy,0.082881051907858,-0.14424954854736904,-0.07546511615629492,-0.04561120426526866,neutral,0,19.067096710205078
uranium,Uranium,2022-06-17,2022-06-17 23:00:00,2022-06-18,proxy,-0.09631051213346364,-0.28152381866922205,-0.18446182975255665,-0.1874320535184141,neutral,0,16.382936477661133
uranium,Uranium,2022-06-24,2022-06-24 23:00:00,2022-06-25,proxy,-0.11987371402516067,-0.25086307058485147,-0.13510720917320707,-0.1686146645944064,neutral,0,16.96493911743164
uranium,Uranium,2022-07-01,2022-07-01 23:00:00,2022-07-02,proxy,-0.13635954764671987,-0.3046910169192987,-0.12620013475555203,-0.18908356644052352,neutral,0,16.609655380249023
uranium,Uranium,2022-07-08,2022-07-08 23:00:00,2022-07-09,proxy,-0.11560182661191498,-0.3079308790307891,-0.08270436626145983,-0.1687456906347213,neutral,0,16.862905502319336
uranium,Uranium,2022-07-15,2022-07-15 23:00:00,2022-07-16,proxy,0.0021117946039626023,-0.22700095247315233,-0.08697717364086688,-0.10395544383668553,neutral,0,16.41753387451172
uranium,Uranium,2022-07-22,2022-07-22 23:00:00,2022-07-23,proxy,-0.006014381449059525,-0.16289184502558474,-0.04772769522655551,-0.07221130723373326,neutral,0,16.862905502319336
uranium,Uranium,2022-07-29,2022-07-29 23:00:00,2022-07-30,proxy,0.1345952335046232,-0.01253558075904082,0.06541679922151689,0.06249215065569976,neutral,0,18.84523582458496
uranium,Uranium,2022-08-05,2022-08-05 23:00:00,2022-08-06,proxy,0.10460898229038973,0.05788183996782337,0.048041880097811074,0.07017756745200805,bullish,1,18.626916885375977
uranium,Uranium,2022-08-12,2022-08-12 23:00:00,2022-08-13,proxy,0.1489362320093277,0.04047423256573435,0.0576693750455759,0.08235994654021266,bullish,1,18.862699508666992
uranium,Uranium,2022-08-19,2022-08-19 23:00:00,2022-08-20,proxy,0.0165715060673437,-0.11066983100651973,-0.029116494080995814,-0.04107160634005728,neutral,0,17.142349243164062
uranium,Uranium,2022-08-26,2022-08-26 23:00:00,2022-08-27,proxy,0.009267806918614285,-0.011036298961607405,0.0783011320734519,0.02551088001015293,neutral,0,19.01988983154297
uranium,Uranium,2022-09-02,2022-09-02 23:00:00,2022-09-03,proxy,0.039850012323532136,0.01584420780961615,0.09653962183043796,0.050744613987862085,bullish,1,19.369199752807617
uranium,Uranium,2022-09-09,2022-09-09 23:00:00,2022-09-10,proxy,0.1046296941388365,0.27182926072519575,0.15532282312360834,0.17726059266254687,bullish,1,20.8362979888916
uranium,Uranium,2022-09-16,2022-09-16 23:00:00,2022-09-17,proxy,0.11258290377509805,0.1242176919390987,0.047314524229760346,0.09470503998131903,bullish,1,19.072284698486328
uranium,Uranium,2022-09-23,2022-09-23 23:00:00,2022-09-24,proxy,-0.11478424372486684,0.013669806871489554,-0.07640719793365425,-0.05917387826234385,neutral,0,16.836706161499023
uranium,Uranium,2022-09-30,2022-09-30 23:00:00,2022-10-01,proxy,-0.10640215168055978,0.026411208934173702,-0.05246795789122849,-0.04415296687920486,neutral,0,17.30827522277832
uranium,Uranium,2022-10-07,2022-10-07 23:00:00,2022-10-08,proxy,-0.14626992624920354,0.0835107364308123,-0.03222741621915681,-0.031662202012516016,neutral,0,17.78857421875
uranium,Uranium,2022-10-14,2022-10-14 23:00:00,2022-10-15,proxy,-0.1401098269190959,-0.027446949271345278,-0.10589167293362334,-0.09114948304135484,neutral,0,16.400070190429688
uranium,Uranium,2022-10-21,2022-10-21 23:00:00,2022-10-22,proxy,0.055497824188937894,-0.056997381970300354,-0.02639352797265182,-0.009297695251338093,neutral,0,17.771106719970703
uranium,Uranium,2022-10-28,2022-10-28 23:00:00,2022-10-29,proxy,0.0428857897843864,-0.0309424588840993,-0.008474656181688967,0.0011562249061993768,neutral,0,18.050554275512695
uranium,Uranium,2022-11-04,2022-11-04 23:00:00,2022-11-05,proxy,-0.006382034702588468,-0.06296302325894154,-0.023794282335243278,-0.031046446765591096,neutral,0,17.675046920776367
uranium,Uranium,2022-11-11,2022-11-11 23:00:00,2022-11-12,proxy,0.1586794458478129,0.10850758962864981,0.04060896814190884,0.10259866787279052,bullish,1,19.002424240112305
uranium,Uranium,2022-11-18,2022-11-18 23:00:00,2022-11-19,proxy,0.009336732645871981,-0.05693298167851668,-0.012855917909179726,-0.020150722313941476,neutral,0,17.937030792236328
uranium,Uranium,2022-11-25,2022-11-25 23:00:00,2022-11-26,proxy,0.012094860682763331,-0.056808053617519394,0.010505936299092022,-0.01140241887855468,neutral,0,18.26887321472168
uranium,Uranium,2022-12-02,2022-12-02 23:00:00,2022-12-03,proxy,0.03804359966180404,-0.11944677794416647,0.026630878283167903,-0.018257433333064843,neutral,0,18.347469329833984
uranium,Uranium,2022-12-09,2022-12-09 23:00:00,2022-12-10,proxy,-0.09926473060682184,-0.10256406153587672,-0.03345112453283705,-0.0784266388918452,neutral,0,17.116153717041016
uranium,Uranium,2022-12-16,2022-12-16 23:00:00,2022-12-17,proxy,-0.0511198755445722,0.010892026459330628,-0.03970444596869238,-0.02664409835131132,neutral,0,17.020092010498047
uranium,Uranium,2022-12-23,2022-12-23 23:00:00,2022-12-24,proxy,-0.05305919691598093,-0.0005045996367191163,-0.023897463880342973,-0.025820420144347673,neutral,0,17.299541473388672
uranium,Uranium,2022-12-30,2022-12-30 23:00:00,2022-12-31,proxy,-0.041870673697766536,-0.011767429352748993,-0.007138171146924721,-0.020258758065813415,neutral,0,17.579248428344727
uranium,Uranium,2023-01-06,2023-01-06 23:00:00,2023-01-07,proxy,0.08280767309791148,0.13008678399136575,0.036351115116266985,0.08308185740184808,bullish,1,18.53350257873535
uranium,Uranium,2023-01-13,2023-01-13 23:00:00,2023-01-14,proxy,0.13881287800767184,0.09068614981918355,0.07575765635522691,0.1017522280606941,bullish,1,19.382699966430664
uranium,Uranium,2023-01-20,2023-01-20 23:00:00,2023-01-21,proxy,0.12851394198551658,0.08156090082841905,0.07620386999133033,0.09542623760175532,bullish,1,19.52277374267578
uranium,Uranium,2023-01-27,2023-01-27 23:00:00,2023-01-28,proxy,0.15239043424850562,0.14614449516905226,0.10364614439774655,0.13406035793843482,bullish,1,20.25815773010254
uranium,Uranium,2023-02-03,2023-02-03 23:00:00,2023-02-04,proxy,0.046764228030503174,0.02093329116288567,0.05500055945764104,0.040899359550343295,bullish,1,19.40020751953125
uranium,Uranium,2023-02-10,2023-02-10 23:00:00,2023-02-11,proxy,0.022583581747779524,0.10500065396520908,0.0687309682754218,0.06543840132947014,bullish,1,19.820430755615234
uranium,Uranium,2023-02-17,2023-02-17 23:00:00,2023-02-18,proxy,-0.008968540644006096,0.059051794025798854,0.038207365580121166,0.029430206320637975,neutral,0,19.34768295288086
uranium,Uranium,2023-02-24,2023-02-24 23:00:00,2023-02-25,proxy,-0.09420908871192268,0.00011913476970093484,-0.015356982371224626,-0.03648231210448213,neutral,0,18.349655151367188
uranium,Uranium,2023-03-03,2023-03-03 23:00:00,2023-03-04,proxy,-0.02211183314299381,0.1083818059563213,0.009621804404391199,0.03196392573923956,neutral,0,18.971233367919922
uranium,Uranium,2023-03-10,2023-03-10 23:00:00,2023-03-11,proxy,-0.13295056956503581,0.009706245244261558,-0.08609293925553674,-0.06977908785877034,neutral,0,17.185293197631836
uranium,Uranium,2023-03-17,2023-03-17 23:00:00,2023-03-18,proxy,-0.1339367520400231,-0.031401082829416116,-0.10675534410167076,-0.09069772632370332,neutral,0,16.756317138671875
uranium,Uranium,2023-03-24,2023-03-24 23:00:00,2023-03-25,proxy,-0.10925571051163219,-0.0702190365654799,-0.1238855170648141,-0.10112008804730872,neutral,0,16.344850540161133
uranium,Uranium,2023-03-31,2023-03-31 23:00:00,2023-04-01,proxy,-0.08029536344342014,-0.058573455527399565,-0.06020119588879802,-0.06635667161987258,neutral,0,17.44793128967285
uranium,Uranium,2023-04-07,2023-04-07 23:00:00,2023-04-08,proxy,-0.02852783277504889,-0.1386631348566445,-0.08977372977307396,-0.08565489913492245,neutral,0,16.69503402709961
uranium,Uranium,2023-04-14,2023-04-14 23:00:00,2023-04-15,proxy,0.03761774433543197,-0.10941691882688154,-0.04277607982154097,-0.03819175143766351,neutral,0,17.38665199279785
uranium,Uranium,2023-04-21,2023-04-21 23:00:00,2023-04-22,proxy,0.027316586242995378,-0.1711321294226431,-0.06060977108201615,-0.06814177142055462,neutral,0,16.791336059570312
uranium,Uranium,2023-04-28,2023-04-28 23:00:00,2023-04-29,proxy,0.003512233238785356,-0.09747292773703564,-0.01173571486628544,-0.03523213645484524,neutral,0,17.509212493896484
uranium,Uranium,2023-05-05,2023-05-05 23:00:00,2023-05-06,proxy,0.055584675710264486,-0.11086583855020016,0.005076059580741532,-0.01673503441973138,neutral,0,17.623022079467773
uranium,Uranium,2023-05-12,2023-05-12 23:00:00,2023-05-13,proxy,0.02316190913326399,-0.08054312809907338,0.022132752899963526,-0.011749488688615287,neutral,0,17.78936004638672
uranium,Uranium,2023-05-19,2023-05-19 23:00:00,2023-05-20,proxy,0.04848800976339396,-0.04055338472911607,0.015186593614576971,0.0077070728829516195,neutral,0,17.605514526367188
uranium,Uranium,2023-05-26,2023-05-26 23:00:00,2023-05-27,proxy,-0.012499850215743846,-0.08860169367981752,0.005131775811088035,-0.031989922694824445,neutral,0,17.29034996032715
uranium,Uranium,2023-06-02,2023-06-02 23:00:00,2023-06-03,proxy,0.05861905014958002,0.08558327635062346,0.07685180479831266,0.07368471043283871,bullish,1,18.65606689453125
uranium,Uranium,2023-06-09,2023-06-09 23:00:00,2023-06-10,proxy,0.07775593379385826,0.14420061339972423,0.09395160334040087,0.10530271684466112,bullish,1,19.172588348388672
uranium,Uranium,2023-06-16,2023-06-16 23:00:00,2023-06-17,proxy,0.1213325374091585,0.20781993250643072,0.10851655027003493,0.14588967339520806,bullish,1,19.741636276245117
uranium,Uranium,2023-06-23,2023-06-23 23:00:00,2023-06-24,proxy,0.0789872349222398,0.06924234081397795,0.04167176081432533,0.0633004455168477,bullish,1,18.65606689453125
uranium,Uranium,2023-06-30,2023-06-30 23:00:00,2023-07-01,proxy,0.018301320744223082,0.13791307808997266,0.049492229360172946,0.06856887606478956,bullish,1,18.99749755859375
uranium,Uranium,2023-07-07,2023-07-07 23:00:00,2023-07-08,proxy,-0.04748855894543136,0.05035229117339668,0.004816971203486231,0.0025602344771505172,neutral,0,18.262109756469727
uranium,Uranium,2023-07-14,2023-07-14 23:00:00,2023-07-15,proxy,-0.037250407065377744,0.1319082782567289,0.03524743190207391,0.04330176769780836,neutral,0,19.00625228881836
uranium,Uranium,2023-07-21,2023-07-21 23:00:00,2023-07-22,proxy,0.017832050866809945,0.08450010729999446,0.027394058311293268,0.043242072159365895,bullish,1,18.98874282836914
uranium,Uranium,2023-07-28,2023-07-28 23:00:00,2023-07-29,proxy,0.012903206374194731,0.09190274536424381,0.03358284151960733,0.04612959775268196,bullish,1,19.242626190185547
uranium,Uranium,2023-08-04,2023-08-04 23:00:00,2023-08-05,proxy,0.06903167284707834,0.09744103732619336,0.040556850834349234,0.06900985366920698,bullish,1,19.52277374267578
uranium,Uranium,2023-08-11,2023-08-11 23:00:00,2023-08-12,proxy,0.053431546200356284,0.13724513453429776,0.05582271176225406,0.08216646416563604,bullish,1,20.021785736083984
uranium,Uranium,2023-08-18,2023-08-18 23:00:00,2023-08-19,proxy,0.03181194045142566,0.13316454724331916,0.022851992603441396,0.06260949343272874,bullish,1,19.592811584472656
uranium,Uranium,2023-08-25,2023-08-25 23:00:00,2023-08-26,proxy,0.07006368921676365,0.10370721158407514,0.06598180342693505,0.07991756807592461,bullish,1,20.590835571289062
uranium,Uranium,2023-09-01,2023-09-01 23:00:00,2023-09-02,proxy,0.09013442943402383,0.11004562494192682,0.09184811650599811,0.09734272362731626,bullish,1,21.282447814941406
uranium,Uranium,2023-09-08,2023-09-08 23:00:00,2023-09-09,proxy,0.07127236624076816,0.08647456987491098,0.09240881468009143,0.08338525026525685,bullish,1,21.44878578186035
uranium,Uranium,2023-09-15,2023-09-15 23:00:00,2023-09-16,proxy,0.19302937343194437,0.2529328856151096,0.1671280435955027,0.20436343421418557,bullish,1,23.374799728393555
uranium,Uranium,2023-09-22,2023-09-22 23:00:00,2023-09-23,proxy,0.13903071716362558,0.23456229618801294,0.14974439256014294,0.1744458019705938,bullish,1,23.453594207763672
uranium,Uranium,2023-09-29,2023-09-29 23:00:00,2023-09-30,proxy,0.11229953185712449,0.29626078569298686,0.13537910200682424,0.18131313985231187,bullish,1,23.672456741333008
uranium,Uranium,2023-10-06,2023-10-06 23:00:00,2023-10-07,proxy,0.06775508186012313,0.2049745352367094,0.08158757758497748,0.11810573156060333,bullish,1,22.902050018310547
uranium,Uranium,2023-10-13,2023-10-13 23:00:00,2023-10-14,proxy,-0.05243446273547392,0.1664360754833727,0.0331801648796215,0.049060592542506755,neutral,0,22.149154663085938
uranium,Uranium,2023-10-20,2023-10-20 23:00:00,2023-10-21,proxy,-0.0410601834449944,0.1687898057604773,0.03602636483890542,0.05458532905146277,neutral,0,22.490585327148438
uranium,Uranium,2023-10-27,2023-10-27 23:00:00,2023-10-28,proxy,-0.06508862771765955,0.13363240843975643,0.00938323531533003,0.025975672012475637,neutral,0,22.131649017333984
uranium,Uranium,2023-11-03,2023-11-03 23:00:00,2023-11-04,proxy,0.032110213229151974,0.18058598964941264,0.06344573770883466,0.09204731352913309,bullish,1,23.637439727783203
uranium,Uranium,2023-11-10,2023-11-10 23:00:00,2023-11-11,proxy,0.06166008871791662,0.20017861669604664,0.04260065221142795,0.1014797858751304,bullish,1,23.514873504638672
uranium,Uranium,2023-11-17,2023-11-17 23:00:00,2023-11-18,proxy,0.11521994066256291,0.21811225907616572,0.09392900037883578,0.14242040003918813,bullish,1,25.08194923400879
uranium,Uranium,2023-11-24,2023-11-24 23:00:00,2023-11-25,proxy,0.14992073846208998,0.19580427978446568,0.09340520609715153,0.1463767414479024,bullish,1,25.449642181396484
uranium,Uranium,2023-12-01,2023-12-01 23:00:00,2023-12-02,proxy,0.07185181168524446,0.18122456224315475,0.07357487171429189,0.1088837485475637,bullish,1,25.335832595825195
uranium,Uranium,2023-12-08,2023-12-08 23:00:00,2023-12-09,proxy,0.07148179277297939,0.07790266065786189,0.06081827498863235,0.07006757613982455,bullish,1,25.195758819580078
uranium,Uranium,2023-12-15,2023-12-15 23:00:00,2023-12-16,proxy,0.01256539366616316,0.0828665992541906,0.06205377997410566,0.05249525763148647,bullish,1,25.397113800048828
uranium,Uranium,2023-12-22,2023-12-22 23:00:00,2023-12-23,proxy,0.015479869432093674,0.09171598038382323,0.07260944616005016,0.059935098658655685,bullish,1,25.843599319458008
uranium,Uranium,2023-12-29,2023-12-29 23:00:00,2023-12-30,proxy,0.014743354292274136,0.12257932069487909,0.056777486294047774,0.06470005376040033,bullish,1,25.709367752075195
uranium,Uranium,2024-01-05,2024-01-05 23:00:00,2024-01-06,proxy,-0.0065160546302095446,0.1301371207805082,0.018857610845863126,0.04749289233205393,neutral,0,25.03158187866211
uranium,Uranium,2024-01-12,2024-01-12 23:00:00,2024-01-13,proxy,0.15085012078493754,0.2995780705224014,0.1630940935261862,0.2045074282778417,bullish,1,29.228271484375
uranium,Uranium,2024-01-19,2024-01-19 23:00:00,2024-01-20,proxy,0.0932447710758686,0.2766052723702914,0.1019301515418154,0.1572600649959918,bullish,1,28.253379821777344
uranium,Uranium,2024-01-26,2024-01-26 23:00:00,2024-01-27,proxy,0.06861682960889182,0.1622859063784161,0.058317361809482327,0.09640669926559675,bullish,1,27.47346305847168
uranium,Uranium,2024-02-02,2024-02-02 23:00:00,2024-02-03,proxy,0.16913958638981308,0.24454904163225466,0.106912348600529,0.17353365887419892,bullish,1,29.265413284301758
uranium,Uranium,2024-02-09,2024-02-09 23:00:00,2024-02-10,proxy,-0.05432010322087555,0.1020111914945554,0.03709243801278217,0.028261175428820673,neutral,0,27.640588760375977
uranium,Uranium,2024-02-16,2024-02-16 23:00:00,2024-02-17,proxy,-0.04830766517958529,0.05653843058000252,0.004355948181356206,0.004195571193924478,neutral,0,26.888525009155273
uranium,Uranium,2024-02-23,2024-02-23 23:00:00,2024-02-24,proxy,-0.0882055250320275,-0.011275760123276801,-0.0634792501569752,-0.0543201784374265,neutral,0,25.050151824951172
uranium,Uranium,2024-03-01,2024-03-01 23:00:00,2024-03-02,proxy,-0.10247463014480718,0.04249493218461331,-0.021271668425282608,-0.027083788795158825,neutral,0,26.266450881958008
uranium,Uranium,2024-03-08,2024-03-08 23:00:00,2024-03-09,proxy,-0.05744040231777947,0.025821375877348673,-0.031201590759010633,-0.020940205733147144,neutral,0,26.052902221679688
uranium,Uranium,2024-03-15,2024-03-15 23:00:00,2024-03-16,proxy,-0.03694756120857201,0.001991219004642941,-0.03722462780037816,-0.02406032333476908,neutral,0,25.89505958557129
uranium,Uranium,2024-03-22,2024-03-22 23:00:00,2024-03-23,proxy,0.06931057340872115,0.04189229662218863,-0.0073972681777736415,0.034601867284378716,bullish,1,26.786392211914062
uranium,Uranium,2024-03-29,2024-03-29 23:00:00,2024-03-30,proxy,0.019087972458434077,0.06936206839534842,-0.013375167686178746,0.025024957722534585,bullish,1,26.767824172973633
uranium,Uranium,2024-04-05,2024-04-05 23:00:00,2024-04-06,proxy,0.08838203400134592,-0.029860156909095492,0.04795403462171288,0.035491970571321106,neutral,0,28.355510711669922
uranium,Uranium,2024-04-12,2024-04-12 23:00:00,2024-04-13,proxy,0.0835425617662442,-0.006901143246147212,0.03759656049747728,0.03807932633919142,neutral,0,28.058399200439453
uranium,Uranium,2024-04-19,2024-04-19 23:00:00,2024-04-20,proxy,-0.0006931892430130926,-0.02568438074210877,-0.00797156110246322,-0.011449710362528362,neutral,0,26.767824172973633
uranium,Uranium,2024-04-26,2024-04-26 23:00:00,2024-04-27,proxy,0.023239693690680463,-0.06408633490196669,0.020996780005439808,-0.006616620401948807,neutral,0,27.38990020751953
uranium,Uranium,2024-05-03,2024-05-03 23:00:00,2024-05-04,proxy,0.00949574121710528,0.035606280011722724,0.06377597921218237,0.036292666813670126,bullish,1,28.624767303466797
uranium,Uranium,2024-05-10,2024-05-10 23:00:00,2024-05-11,proxy,0.03309064800666617,0.0780386727104585,0.07027766524817936,0.060468995321768006,bullish,1,28.98686981201172
uranium,Uranium,2024-05-17,2024-05-17 23:00:00,2024-05-18,proxy,0.13250089122533337,0.21015572855174725,0.10145907341672489,0.14803856439793517,bullish,1,30.314584732055664
uranium,Uranium,2024-05-24,2024-05-24 23:00:00,2024-05-25,proxy,0.08474577923588233,0.1311417281809808,0.06838798548236524,0.09475849763307613,bullish,1,29.711078643798828
uranium,Uranium,2024-05-31,2024-05-31 23:00:00,2024-06-01,proxy,0.04573476064362492,0.14896658843869903,0.06402650914853769,0.08624261941028721,bullish,1,29.933914184570312
uranium,Uranium,2024-06-07,2024-06-07 23:00:00,2024-06-08,proxy,-0.04035876239384084,0.07422018199282898,-0.016818489075260623,0.005680976841242506,neutral,0,27.81699562072754
uranium,Uranium,2024-06-14,2024-06-14 23:00:00,2024-06-15,proxy,-0.09464014164719281,0.024610105082789602,-0.03182489621585105,-0.033951644260084755,neutral,0,27.445608139038086
uranium,Uranium,2024-06-21,2024-06-21 23:00:00,2024-06-22,proxy,-0.0740625282063575,0.02774886990917591,-0.03164662129632323,-0.025986759864501607,neutral,0,27.510601043701172
uranium,Uranium,2024-06-28,2024-06-28 23:00:00,2024-06-29,proxy,-0.10127512490129986,-0.051247795876541935,-0.049002872140470055,-0.06717526430610395,neutral,0,26.902353286743164
uranium,Uranium,2024-07-05,2024-07-05 23:00:00,2024-07-06,proxy,-0.008159904367196158,-0.016693311703699365,-0.023346601136608025,-0.016066605735834516,neutral,0,27.590011596679688
uranium,Uranium,2024-07-12,2024-07-12 23:00:00,2024-07-13,proxy,0.055710789391332005,0.0824422802001048,0.019033298601684123,0.052395456064373645,bullish,1,28.974624633789062
uranium,Uranium,2024-07-19,2024-07-19 23:00:00,2024-07-20,proxy,-0.047443550023094305,-0.04324585820416382,-0.07514923718268851,-0.05527954846998221,neutral,0,26.205400466918945
uranium,Uranium,2024-07-26,2024-07-26 23:00:00,2024-07-27,proxy,-0.04870467261664846,-0.10594616522191191,-0.0886662818244438,-0.08110570655433473,neutral,0,25.592082977294922
uranium,Uranium,2024-08-02,2024-08-02 23:00:00,2024-08-03,proxy,-0.1741326994218918,-0.21393070214064602,-0.1733906902102671,-0.18715136392426832,neutral,0,22.785688400268555
uranium,Uranium,2024-08-09,2024-08-09 23:00:00,2024-08-10,proxy,-0.2071841258088316,-0.2422280377105891,-0.1477288140746662,-0.1990469925313623,neutral,0,22.971542358398438
uranium,Uranium,2024-08-16,2024-08-16 23:00:00,2024-08-17,proxy,-0.10212766019391117,-0.20806967276837718,-0.11003247888574241,-0.1400766039493436,neutral,0,23.529104232788086
uranium,Uranium,2024-08-23,2024-08-23 23:00:00,2024-08-24,proxy,-0.02650693245047442,-0.1677094011517274,-0.042509737206569365,-0.0789086902695904,neutral,0,24.913715362548828
uranium,Uranium,2024-08-30,2024-08-30 23:00:00,2024-08-31,proxy,0.05628061260663686,-0.13477065495291896,-0.06376841467359384,-0.04741948567329198,neutral,0,24.06808090209961
uranium,Uranium,2024-09-06,2024-09-06 23:00:00,2024-09-07,proxy,-0.06229777815861304,-0.2151579881389103,-0.14573845190626278,-0.14106473940126205,neutral,0,21.54046630859375
uranium,Uranium,2024-09-13,2024-09-13 23:00:00,2024-09-14,proxy,0.004344429531485394,-0.1410102334540948,-0.05064705546931347,-0.06243761979730763,neutral,0,23.631324768066406
uranium,Uranium,2024-09-20,2024-09-20 23:00:00,2024-09-21,proxy,0.013800836352149792,-0.061139923263229146,0.02030218323148003,-0.009012301226533107,neutral,0,25.257545471191406
uranium,Uranium,2024-09-27,2024-09-27 23:00:00,2024-09-28,proxy,0.12355207857349693,-0.01987202034799318,0.09439636186717903,0.0660254733642276,neutral,0,27.0417423248291
uranium,Uranium,2024-10-04,2024-10-04 23:00:00,2024-10-05,proxy,0.3080242031457643,-0.02758183635520073,0.1433599235966998,0.1412674301290878,neutral,0,28.175451278686523
uranium,Uranium,2024-10-11,2024-10-11 23:00:00,2024-10-12,proxy,0.17970898219638687,0.06382980581733544,0.12492971664653463,0.12282283488675232,bullish,1,27.87808609008789
uranium,Uranium,2024-10-18,2024-10-18 23:00:00,2024-10-19,proxy,0.2310522066226317,0.21495999812783517,0.2318831382078852,0.22596511431945068,bullish,1,31.09335708618164
uranium,Uranium,2024-10-25,2024-10-25 23:00:00,2024-10-26,proxy,0.08453608814599245,0.28711254724594637,0.1373655953216688,0.16967141023786922,bullish,1,29.32774543762207
uranium,Uranium,2024-11-01,2024-11-01 23:00:00,2024-11-02,proxy,0.007915556208139218,0.23624592567203573,0.08234458731386352,0.10883535639801283,bullish,1,28.398475646972656
uranium,Uranium,2024-11-08,2024-11-08 23:00:00,2024-11-09,proxy,0.033333342455665216,0.2243286270368896,0.07982587345561365,0.11249594764938949,bullish,1,28.807355880737305
uranium,Uranium,2024-11-15,2024-11-15 23:00:00,2024-11-16,proxy,-0.09444116670267477,0.13017523707387912,0.04485754172572376,0.02686387069897604,neutral,0,28.156864166259766
uranium,Uranium,2024-11-22,2024-11-22 23:00:00,2024-11-23,proxy,0.049429621196675155,0.27876438966396133,0.11888737985570952,0.149027130238782,bullish,1,30.77740478515625
uranium,Uranium,2024-11-29,2024-11-29 23:00:00,2024-11-30,proxy,0.05857325350695608,0.3955996276766056,0.06537126245232416,0.17318138121196194,bullish,1,30.061866760253906
uranium,Uranium,2024-12-06,2024-12-06 23:00:00,2024-12-07,proxy,0.025806392237060605,0.25049145978649867,0.02926500027160328,0.10185428409838752,bullish,1,29.550769805908203
uranium,Uranium,2024-12-13,2024-12-13 23:00:00,2024-12-14,proxy,-0.030032909492595516,0.08130980677873834,-0.05437576443765235,-0.001032955717169844,neutral,0,27.31123161315918
uranium,Uranium,2024-12-20,2024-12-20 23:00:00,2024-12-21,proxy,-0.15549511459434373,-0.03883158159868538,-0.0973293949970947,-0.0972186970633746,neutral,0,25.991668701171875
uranium,Uranium,2024-12-27,2024-12-27 23:00:00,2024-12-28,proxy,-0.13137548477020222,-0.07321894569684329,-0.08768697072561404,-0.09742713373088652,neutral,0,26.11247444152832
uranium,Uranium,2025-01-03,2025-01-03 23:00:00,2025-01-04,proxy,-0.06851843986948003,-0.012629594696166868,-0.03731471271399911,-0.03948758242654867,neutral,0,27.525997161865234
uranium,Uranium,2025-01-10,2025-01-10 23:00:00,2025-01-11,proxy,-0.05049741423097265,-0.16599275641561206,-0.07920877926623604,-0.09856631663760691,neutral,0,25.932085037231445
uranium,Uranium,2025-01-17,2025-01-17 23:00:00,2025-01-18,proxy,0.029287553055964866,-0.08779550974445227,-0.04277035259741879,-0.0337594364286354,neutral,0,26.752901077270508
uranium,Uranium,2025-01-24,2025-01-24 23:00:00,2025-01-25,proxy,0.11590336246627841,0.02607613147441934,0.04030814690178475,0.06076254694749417,bullish,1,29.13899803161621
uranium,Uranium,2025-01-31,2025-01-31 23:00:00,2025-02-01,proxy,-0.018377305279058676,-0.06204013930418484,-0.03018158823304029,-0.0368663442720946,neutral,0,27.020143508911133
uranium,Uranium,2025-02-07,2025-02-07 23:00:00,2025-02-08,proxy,0.07103423455971702,-0.013592185394341483,-0.001975991019169676,0.018488686048735287,neutral,0,27.774150848388672
uranium,Uranium,2025-02-14,2025-02-14 23:00:00,2025-02-15,proxy,0.0,-0.13076163295700405,-0.026946639598759647,-0.052569424185254565,neutral,0,26.752901077270508
uranium,Uranium,2025-02-21,2025-02-21 23:00:00,2025-02-22,proxy,-0.14641341651858675,-0.1726176563072217,-0.08087827484975685,-0.1333031158918551,neutral,0,24.872657775878906
uranium,Uranium,2025-02-28,2025-02-28 23:00:00,2025-03-01,proxy,-0.12398448519190242,-0.19900344114165813,-0.10918588432940513,-0.14405793688765522,neutral,0,23.67006492614746
uranium,Uranium,2025-03-07,2025-03-07 23:00:00,2025-03-08,proxy,-0.17731962316918115,-0.16337537575203653,-0.12787265482568588,-0.15618921791563453,neutral,0,22.8492488861084
uranium,Uranium,2025-03-14,2025-03-14 23:00:00,2025-03-15,proxy,-0.147342139456625,-0.12236987712737546,-0.1204315830297048,-0.13004786653790176,neutral,0,22.811071395874023
uranium,Uranium,2025-03-21,2025-03-21 23:00:00,2025-03-22,proxy,-0.04067532711329591,-0.08622392955910818,-0.07324455141535768,-0.0667146026959206,neutral,0,23.86095428466797
uranium,Uranium,2025-03-28,2025-03-28 23:00:00,2025-03-29,proxy,-0.0685483263363833,-0.19902914101395897,-0.12821963013465132,-0.1319323658283312,neutral,0,22.047521591186523
uranium,Uranium,2025-04-04,2025-04-04 23:00:00,2025-04-05,proxy,-0.13032577834277592,-0.23371365195091076,-0.19825426517702005,-0.1874312318235689,neutral,0,19.871402740478516
uranium,Uranium,2025-04-11,2025-04-11 23:00:00,2025-04-12,proxy,-0.05230129074027823,-0.19193724612288765,-0.11246086019179036,-0.11889979901831875,neutral,0,21.618022918701172
uranium,Uranium,2025-04-18,2025-04-18 23:00:00,2025-04-19,proxy,-0.08519999820943414,-0.25090076883717183,-0.08084932524168753,-0.13898336409609782,neutral,0,21.828001022338867
uranium,Uranium,2025-04-25,2025-04-25 23:00:00,2025-04-26,proxy,0.05844158933827104,-0.1363475258283069,-0.004478782486551536,-0.027461572992195798,neutral,0,23.336013793945312
uranium,Uranium,2025-05-02,2025-05-02 23:00:00,2025-05-03,proxy,0.24111427369701377,-0.11202752104946323,0.06388526255509897,0.06432400506754983,neutral,0,24.662681579589844
uranium,Uranium,2025-05-09,2025-05-09 23:00:00,2025-05-10,proxy,0.19911708680112272,-0.0310381446183845,0.12158025714797605,0.09655306644357142,neutral,0,25.92254066467285
uranium,Uranium,2025-05-16,2025-05-16 23:00:00,2025-05-17,proxy,0.21163092893064483,0.06331544436090941,0.13783191977096543,0.13759276435417322,bullish,1,26.447481155395508
uranium,Uranium,2025-05-23,2025-05-23 23:00:00,2025-05-24,proxy,0.301840439951901,0.2834678129958983,0.2763056774208359,0.2872046434562117,bullish,1,30.3797664642334
uranium,Uranium,2025-05-30,2025-05-30 23:00:00,2025-05-31,proxy,0.23877702286125624,0.3370926727273653,0.24982096723727754,0.27523022094196636,bullish,1,30.551563262939453
uranium,Uranium,2025-06-06,2025-06-06 23:00:00,2025-06-07,proxy,0.2385861486348526,0.40753142399505804,0.27311720892956304,0.3064115938531579,bullish,1,32.1072998046875
uranium,Uranium,2025-06-13,2025-06-13 23:00:00,2025-06-14,proxy,0.3038614975793117,0.4452000525658968,0.32098358513484326,0.35668171176001723,bullish,1,34.48385238647461
uranium,Uranium,2025-06-20,2025-06-20 23:00:00,2025-06-21,proxy,0.1551995395205612,0.5917749342063772,0.2906283310675104,0.3458676015981496,bullish,1,35.09469223022461
uranium,Uranium,2025-06-27,2025-06-27 23:00:00,2025-06-28,proxy,0.18931592305518774,0.828530231981339,0.2720741778608955,0.42997344429914075,bullish,1,36.3354606628418
uranium,Uranium,2025-07-04,2025-07-04 23:00:00,2025-07-05,proxy,0.1266349568288705,0.6732892950193532,0.2148084820998919,0.33824424464937186,bullish,1,36.1732063293457
uranium,Uranium,2025-07-11,2025-07-11 23:00:00,2025-07-12,proxy,0.03819525682998459,0.6401397429029079,0.1570612321915359,0.2784654106414761,bullish,1,35.80097198486328
uranium,Uranium,2025-07-18,2025-07-18 23:00:00,2025-07-19,proxy,0.11313570647736815,0.6740286226361674,0.21124541871866254,0.33280324927739935,bullish,1,39.065155029296875
uranium,Uranium,2025-07-25,2025-07-25 23:00:00,2025-07-26,proxy,0.09876544376382324,0.6188080939507583,0.19091794825464126,0.30283049532307427,bullish,1,39.92414855957031
uranium,Uranium,2025-08-01,2025-08-01 23:00:00,2025-08-02,proxy,0.00844326375423421,0.4072164732268566,0.06031672498269147,0.1586588206545941,bullish,1,36.4786262512207
uranium,Uranium,2025-08-08,2025-08-08 23:00:00,2025-08-09,proxy,0.06504947783753035,0.441717882112032,0.07781205769733379,0.1948598058822987,bullish,1,38.12980651855469
uranium,Uranium,2025-08-15,2025-08-15 23:00:00,2025-08-16,proxy,-0.04690940928233789,0.2255733343830737,0.035732435151769604,0.07146545341750181,neutral,0,37.23263168334961
uranium,Uranium,2025-08-22,2025-08-22 23:00:00,2025-08-23,proxy,-0.05713606773097635,0.2321150109209631,0.030213284372519356,0.06839740918750203,neutral,0,37.64303970336914
uranium,Uranium,2025-08-29,2025-08-29 23:00:00,2025-08-30,proxy,0.06410250377170446,0.20897732802834734,0.04633057830164389,0.10647013670056522,bullish,1,38.81699752807617
uranium,Uranium,2025-09-05,2025-09-05 23:00:00,2025-09-06,proxy,0.01952428592866795,0.12731789150898787,0.03764086248785525,0.061494346641837026,bullish,1,38.874263763427734
uranium,Uranium,2025-09-12,2025-09-12 23:00:00,2025-09-13,proxy,0.07792876681900807,0.1435952904950868,0.059394112282582956,0.09363938986555927,bullish,1,40.134124755859375
uranium,Uranium,2025-09-19,2025-09-19 23:00:00,2025-09-20,proxy,0.25329621904241595,0.2983977214782423,0.21631435467340498,0.2560027650646877,bullish,1,47.177879333496094
uranium,Uranium,2025-09-26,2025-09-26 23:00:00,2025-09-27,proxy,0.19031229770934388,0.2773086548409933,0.166084521552901,0.21123515803441273,bullish,1,46.204349517822266
uranium,Uranium,2025-10-03,2025-10-03 23:00:00,2025-10-04,proxy,0.21777559931132995,0.3223140944975018,0.16644124247110748,0.23551031209331308,bullish,1,47.34012985229492
uranium,Uranium,2025-10-10,2025-10-10 23:00:00,2025-10-11,proxy,0.2335314782357436,0.2672855438731898,0.19422113543211283,0.23167938584701542,bullish,1,49.50670623779297
uranium,Uranium,2025-10-17,2025-10-17 23:00:00,2025-10-18,proxy,0.07849484588431621,0.2744442032372636,0.2009236672721575,0.1846209054645791,bullish,1,50.881099700927734
uranium,Uranium,2025-10-24,2025-10-24 23:00:00,2025-10-25,proxy,0.06382981182680947,0.3474620484503621,0.13193032763450496,0.1810740626372255,bullish,1,49.153564453125
uranium,Uranium,2025-10-31,2025-10-31 23:00:00,2025-11-01,proxy,0.11129038509561417,0.3797245760592267,0.17874329230611297,0.22325275115365129,bullish,1,52.6086311340332
uranium,Uranium,2025-11-07,2025-11-07 23:00:00,2025-11-08,proxy,-0.078079819779585,0.22583952499054583,0.006825153784015159,0.05152828633165866,neutral,0,45.641231536865234
uranium,Uranium,2025-11-14,2025-11-14 23:00:00,2025-11-15,proxy,-0.16057031790331133,0.1346348669833095,-0.06650908563759583,-0.03081484551919922,neutral,0,42.71110534667969
uranium,Uranium,2025-11-21,2025-11-21 23:00:00,2025-11-22,proxy,-0.1924271604754313,0.022621174897743623,-0.13381232303995882,-0.10120610287254883,neutral,0,39.69508361816406
uranium,Uranium,2025-11-28,2025-11-28 23:00:00,2025-11-29,proxy,-0.17851964286659516,0.1117112688046058,-0.0643500856349235,-0.04371948656563762,neutral,0,43.216957092285156
uranium,Uranium,2025-12-05,2025-12-05 23:00:00,2025-12-06,proxy,0.0020911733178989866,0.1395956817464632,-0.019706793854899374,0.04066002040315427,bullish,1,45.73667526245117
uranium,Uranium,2025-12-12,2025-12-12 23:00:00,2025-12-13,proxy,0.029050342697602538,-0.06837954111285172,-0.052501600874808374,-0.030610266430019184,neutral,0,43.95187759399414
uranium,Uranium,2025-12-19,2025-12-19 23:00:00,2025-12-20,proxy,0.10339023477997134,-0.05205531318729817,-0.05169620130320973,-0.00012042657017885539,neutral,0,43.79916763305664
uranium,Uranium,2025-12-26,2025-12-26 23:00:00,2025-12-27,proxy,0.013250959964395959,-0.07499993352098411,-0.04579012666557736,-0.035846366740721836,neutral,0,43.78962326049805
uranium,Uranium,2026-01-02,2026-01-02 23:00:00,2026-01-03,proxy,0.00706929633569775,-0.06962096908541193,0.010004656587056182,-0.017515672054219333,neutral,0,46.060001373291016
uranium,Uranium,2026-01-09,2026-01-09 23:00:00,2026-01-10,proxy,0.14466102763640953,-0.011224174221735717,0.10435123159961002,0.07926269500476128,neutral,0,50.310001373291016
uranium,Uranium,2026-01-16,2026-01-16 23:00:00,2026-01-17,proxy,0.24203277061414918,0.10673563822125542,0.18277938171007557,0.17718259684849338,bullish,1,54.400001525878906
uranium,Uranium,2026-01-23,2026-01-23 23:00:00,2026-01-24,proxy,0.3016782460290959,0.08347240312675552,0.22952648399070164,0.2048923777155177,bullish,1,57.0
uranium,Uranium,2026-01-30,2026-01-30 23:00:00,2026-01-31,proxy,0.19387755186551203,0.20483168018922537,0.16656550190459884,0.18842491131977876,bullish,1,54.9900016784668
uranium,Uranium,2026-02-06,2026-02-06 23:00:00,2026-02-07,proxy,0.03677198218291511,0.221228048865445,0.08834946667675236,0.11544983257503749,bullish,1,52.15999984741211
uranium,Uranium,2026-02-13,2026-02-13 23:00:00,2026-02-14,proxy,-0.04577208839382596,0.307718616913522,0.06060653592519616,0.10751768814829739,neutral,0,51.90999984741211
uranium,Uranium,2026-02-20,2026-02-20 23:00:00,2026-02-21,proxy,-0.046315778765762095,0.2578396136098069,0.08998428622307642,0.10050270702237374,neutral,0,54.36000061035156
uranium,Uranium,2026-02-27,2026-02-27 23:00:00,2026-02-28,proxy,-0.011820358356770866,0.18810560323347025,0.07414182367235478,0.08347568951635138,neutral,0,54.34000015258789
uranium,Uranium,2026-03-06,2026-03-06 23:00:00,2026-03-07,proxy,-0.06480063416416848,0.10985016908498313,-0.04337124194381292,0.0005594309923339091,neutral,0,48.779998779296875
uranium,Uranium,2026-03-13,2026-03-13 23:00:00,2026-03-14,proxy,-0.05047195029062168,0.12536387285877537,-0.04196639714271777,0.010975175141811974,neutral,0,49.290000915527344
uranium,Uranium,2026-03-20,2026-03-20 23:00:00,2026-03-21,proxy,-0.1456953990933989,0.060525192245757475,-0.10121930961055214,-0.062129838819397855,neutral,0,46.439998626708984
uranium,Uranium,2026-03-27,2026-03-27 23:00:00,2026-03-28,proxy,-0.14188441411157182,0.012375155836507279,-0.0983709433821075,-0.07596006721905735,neutral,0,46.630001068115234
uranium,Uranium,2026-04-03,2026-04-03 23:00:00,2026-04-04,proxy,0.002460080967303435,-0.028026233530589084,-0.05232555883004275,-0.025963903797776133,neutral,0,48.900001525878906
uranium,Uranium,2026-04-10,2026-04-10 23:00:00,2026-04-11,proxy,0.0338810740094595,-0.063235337222735,-0.006885820949475319,-0.012080028054250272,neutral,0,50.959999084472656
uranium,Uranium,2026-04-17,2026-04-17 23:00:00,2026-04-18,proxy,0.20284242597339053,-0.019999989292077802,0.09062510873178131,0.09115584847103135,neutral,0,55.86000061035156
uranium,Uranium,2026-04-24,2026-04-24 23:00:00,2026-04-25,proxy,0.1861462600546886,0.005819234134512241,0.07932483469024909,0.0904301096264833,bullish,1,55.310001373291016
uranium,Uranium,2026-05-01,2026-05-01 23:00:00,2026-05-02,proxy,0.1419222578763355,0.0705521532964184,0.08318515220328782,0.0985531877920139,bullish,1,55.84000015258789
uranium,Uranium,2026-05-08,2026-05-08 23:00:00,2026-05-09,proxy,0.0828100725376375,0.06299365184696093,0.06475421738614351,0.07018598059024732,bullish,1,55.18000030517578
uranium,Uranium,2026-05-15,2026-05-15 23:00:00,2026-05-16,proxy,-0.10615825707808668,-0.08149375009999893,-0.029637545996722525,-0.07242985105826938,neutral,0,49.93000030517578
uranium,Uranium,2026-05-22,2026-05-22 23:00:00,2026-05-23,proxy,-0.11480748745532943,-0.09900627627913283,-0.04012549461493731,-0.08464641944979985,neutral,0,48.959999084472656
uranium,Uranium,2026-05-29,2026-05-29 23:00:00,2026-05-30,proxy,-0.09097424457688252,0.04059039753557103,-0.008044851486572413,-0.019476232842627967,neutral,0,50.7599983215332
uranium,Uranium,2026-06-05,2026-06-05 23:00:00,2026-06-06,proxy,-0.17886913514494818,-0.08074659095781322,-0.10877259564711828,-0.12279610724995989,neutral,0,45.310001373291016
uranium,Uranium,2026-06-12,2026-06-12 23:00:00,2026-06-13,proxy,-0.08832364951848326,-0.019810469340026948,-0.10328977245828175,-0.07047463043893065,neutral,0,45.52000045776367
uranium,Uranium,2026-06-19,2026-06-19 23:00:00,2026-06-20,proxy,-0.02410131387339043,0.02466218496331951,-0.060543028851870795,-0.019994052587313904,neutral,0,47.779998779296875
vanadium,Vanadium,2024-09-27,2024-09-27 23:00:00,2024-09-28,direct,,,,0.0,neutral,0,4.6
vanadium,Vanadium,2024-10-11,2024-10-11 23:00:00,2024-10-12,direct,,,,0.0,neutral,0,4.6
vanadium,Vanadium,2024-10-18,2024-10-18 23:00:00,2024-10-19,direct,,,,0.0,neutral,0,4.6
vanadium,Vanadium,2024-10-25,2024-10-25 23:00:00,2024-10-26,direct,,,0.0,0.0,neutral,0,4.6
vanadium,Vanadium,2024-11-01,2024-11-01 23:00:00,2024-11-02,direct,0.0,,0.0,0.0,neutral,0,4.6
zinc,Zinc,2022-02-04,2022-02-04 23:00:00,2022-03-06,direct,,,,0.0,neutral,0,3620.0375
zinc,Zinc,2022-02-11,2022-02-11 23:00:00,2022-03-13,direct,,,,0.0,neutral,0,3620.0375
zinc,Zinc,2022-02-18,2022-02-18 23:00:00,2022-03-20,direct,,,,0.0,neutral,0,3620.0375
zinc,Zinc,2022-02-25,2022-02-25 23:00:00,2022-03-27,direct,,,0.0,0.0,neutral,0,3620.0375
zinc,Zinc,2022-03-04,2022-03-04 23:00:00,2022-04-03,direct,0.09452109026615019,,0.07421391615926143,0.05624500214180387,neutral,0,3962.207391304348
zinc,Zinc,2022-03-11,2022-03-11 23:00:00,2022-04-10,direct,0.09452109026615019,,0.061089317221632244,0.05187013582926081,neutral,0,3962.207391304348
zinc,Zinc,2022-03-18,2022-03-18 23:00:00,2022-04-17,direct,0.09452109026615019,,0.05190925746199415,0.048810115909381446,neutral,0,3962.207391304348
zinc,Zinc,2022-03-25,2022-03-25 23:00:00,2022-04-24,direct,0.09452109026615019,,0.04512778157518538,0.04654962394711185,neutral,0,3962.207391304348
zinc,Zinc,2022-04-01,2022-04-01 23:00:00,2022-05-01,direct,0.1032594777185103,,0.13376715165431396,0.07900887645760808,neutral,0,4371.342857142857
zinc,Zinc,2022-04-08,2022-04-08 23:00:00,2022-05-08,direct,0.1032594777185103,,0.11880126579504968,0.07402024783785333,neutral,0,4371.342857142857
zinc,Zinc,2022-04-15,2022-04-15 23:00:00,2022-05-15,direct,0.1032594777185103,,0.10684718878870503,0.0700355555024051,neutral,0,4371.342857142857
zinc,Zinc,2022-04-22,2022-04-22 23:00:00,2022-05-22,direct,0.1032594777185103,,0.0970788726700158,0.0667794501295087,neutral,0,4371.342857142857
zinc,Zinc,2022-04-29,2022-04-29 23:00:00,2022-05-29,direct,0.0,0.20754076639892727,0.0801071832875162,0.09588264989548116,neutral,0,4371.342857142857
zinc,Zinc,2022-05-06,2022-05-06 23:00:00,2022-06-05,direct,0.0,0.20754076639892727,0.06365259474461471,0.09039778704784733,neutral,0,4371.342857142857
zinc,Zinc,2022-05-13,2022-05-13 23:00:00,2022-06-12,direct,0.0,0.20754076639892727,0.04769182878621625,0.08507753172838117,neutral,0,4371.342857142857
zinc,Zinc,2022-05-20,2022-05-20 23:00:00,2022-06-19,direct,0.0,0.20754076639892727,0.032202983719594735,0.07991458337284067,neutral,0,4371.342857142857
zinc,Zinc,2022-05-27,2022-05-27 23:00:00,2022-06-26,direct,0.0,0.1032594777185103,0.023959347172960443,0.04240627496382358,neutral,0,4371.342857142857
zinc,Zinc,2022-06-03,2022-06-03 23:00:00,2022-07-03,direct,-0.16435487148589345,-0.07806659195750931,-0.13913550885092107,-0.12718565743144128,neutral,0,3652.891363636364
zinc,Zinc,2022-06-10,2022-06-10 23:00:00,2022-07-10,direct,-0.16435487148589345,-0.07806659195750931,-0.13387412205430715,-0.12543186183256996,neutral,0,3652.891363636364
zinc,Zinc,2022-06-17,2022-06-17 23:00:00,2022-07-17,direct,-0.16435487148589345,-0.07806659195750931,-0.12854802723855963,-0.12365649689398746,neutral,0,3652.891363636364
zinc,Zinc,2022-06-24,2022-06-24 23:00:00,2022-07-24,direct,-0.16435487148589345,-0.16435487148589345,-0.11592062055523589,-0.14821012117567425,neutral,0,3652.891363636364
zinc,Zinc,2022-07-01,2022-07-01 23:00:00,2022-07-31,direct,-0.14988933542480354,-0.2896091644498475,-0.228742230757229,-0.22274691021062668,neutral,0,3105.361904761905
zinc,Zinc,2022-07-08,2022-07-08 23:00:00,2022-08-07,direct,-0.14988933542480354,-0.2896091644498475,-0.20799004252055675,-0.21582951413173593,neutral,0,3105.361904761905
zinc,Zinc,2022-07-15,2022-07-15 23:00:00,2022-08-14,direct,-0.14988933542480354,-0.2896091644498475,-0.1860902190696786,-0.20852957298144323,neutral,0,3105.361904761905
zinc,Zinc,2022-07-22,2022-07-22 23:00:00,2022-08-21,direct,-0.14988933542480354,-0.2896091644498475,-0.1629448535956859,-0.20081445115677898,neutral,0,3105.361904761905
zinc,Zinc,2022-07-29,2022-07-29 23:00:00,2022-08-28,direct,0.0,-0.2896091644498475,-0.13844457651349784,-0.1426845803211151,neutral,0,3105.361904761905
zinc,Zinc,2022-08-05,2022-08-05 23:00:00,2022-09-04,direct,0.15610721534342042,-0.17871202930662744,0.014371710010603778,-0.0027443679842010793,neutral,0,3590.131304347826
zinc,Zinc,2022-08-12,2022-08-12 23:00:00,2022-09-11,direct,0.15610721534342042,-0.17871202930662744,0.033379608077370504,0.0035915980380544963,neutral,0,3590.131304347826
zinc,Zinc,2022-08-19,2022-08-19 23:00:00,2022-09-18,direct,0.15610721534342042,-0.17871202930662744,0.05311347223730101,0.01016955275803133,neutral,0,3590.131304347826
zinc,Zinc,2022-08-26,2022-08-26 23:00:00,2022-09-25,direct,0.15610721534342042,-0.01718092684422512,0.05473158538580569,0.06455262462833367,neutral,0,3590.131304347826
zinc,Zinc,2022-09-02,2022-09-02 23:00:00,2022-10-02,direct,-0.1295671615036219,-0.14452200442463947,-0.06990578602665276,-0.11466498398497138,neutral,0,3124.968181818182
zinc,Zinc,2022-09-09,2022-09-09 23:00:00,2022-10-09,direct,-0.1295671615036219,-0.14452200442463947,-0.057565592713279656,-0.11055158621384702,neutral,0,3124.968181818182
zinc,Zinc,2022-09-16,2022-09-16 23:00:00,2022-10-16,direct,-0.1295671615036219,-0.14452200442463947,-0.044893544964876186,-0.10632757029771252,neutral,0,3124.968181818182
zinc,Zinc,2022-09-23,2022-09-23 23:00:00,2022-10-23,direct,-0.1295671615036219,0.006313685057516727,-0.04537025580946419,-0.05620791075185646,neutral,0,3124.968181818182
zinc,Zinc,2022-09-30,2022-09-30 23:00:00,2022-10-30,direct,0.0,0.006313685057516727,-0.04584649102150151,-0.013177601987994928,neutral,0,3124.968181818182
zinc,Zinc,2022-10-07,2022-10-07 23:00:00,2022-11-06,direct,0.0,0.006313685057516727,-0.046322251312468254,-0.01333618875165051,neutral,0,3124.968181818182
zinc,Zinc,2022-10-14,2022-10-14 23:00:00,2022-11-13,direct,0.0,0.006313685057516727,-0.04679753739242598,-0.01349461744496975,neutral,0,3124.968181818182
zinc,Zinc,2022-10-21,2022-10-21 23:00:00,2022-11-20,direct,0.0,0.006313685057516727,-0.04727234997002161,-0.013652888304168295,neutral,0,3124.968181818182
zinc,Zinc,2022-10-28,2022-10-28 23:00:00,2022-11-27,direct,0.0,-0.1295671615036219,-0.03587827507139019,-0.05514847885833737,neutral,0,3124.968181818182
zinc,Zinc,2022-11-04,2022-11-04 23:00:00,2022-12-04,direct,-0.05953587891076706,-0.1813891455762976,-0.07783859653323588,-0.10625454034010018,neutral,0,2938.920454545455
zinc,Zinc,2022-11-11,2022-11-11 23:00:00,2022-12-11,direct,-0.05953587891076706,-0.1813891455762976,-0.06186417231662489,-0.10092973226789652,neutral,0,2938.920454545455
zinc,Zinc,2022-11-18,2022-11-18 23:00:00,2022-12-18,direct,-0.05953587891076706,-0.1813891455762976,-0.04532654815365511,-0.09541719088023992,neutral,0,2938.920454545455
zinc,Zinc,2022-11-25,2022-11-25 23:00:00,2022-12-25,direct,-0.05953587891076706,-0.05953587891076706,-0.04049420530845527,-0.053188654376663126,neutral,0,2938.920454545455
zinc,Zinc,2022-12-02,2022-12-02 23:00:00,2023-01-01,direct,0.06043112614789736,-0.0027025729716522173,0.017723657205736876,0.025150736793994006,neutral,0,3116.522727272727
zinc,Zinc,2022-12-09,2022-12-09 23:00:00,2023-01-08,direct,0.06043112614789736,-0.0027025729716522173,0.017957611514686445,0.025228721563643863,neutral,0,3116.522727272727
zinc,Zinc,2022-12-16,2022-12-16 23:00:00,2023-01-15,direct,0.06043112614789736,-0.0027025729716522173,0.018191673411198428,0.025306742195814524,neutral,0,3116.522727272727
zinc,Zinc,2022-12-23,2022-12-23 23:00:00,2023-01-22,direct,0.06043112614789736,-0.0027025729716522173,0.018425842969504336,0.025384798715249828,neutral,0,3116.522727272727
zinc,Zinc,2022-12-30,2022-12-30 23:00:00,2023-01-29,direct,0.0,-0.0027025729716522173,0.018660120263902957,0.005319182430750247,neutral,0,3116.522727272727
zinc,Zinc,2023-01-06,2023-01-06 23:00:00,2023-02-05,direct,0.0,-0.0027025729716522173,0.018894505368761916,0.005397310799036566,neutral,0,3116.522727272727
zinc,Zinc,2023-01-13,2023-01-13 23:00:00,2023-02-12,direct,0.0,-0.0027025729716522173,0.01912899835851678,0.005475475128954854,neutral,0,3116.522727272727
zinc,Zinc,2023-01-20,2023-01-20 23:00:00,2023-02-19,direct,0.0,-0.0027025729716522173,0.01936359930767284,0.0055536754453402075,neutral,0,3116.522727272727
zinc,Zinc,2023-01-27,2023-01-27 23:00:00,2023-02-26,direct,0.0,0.06043112614789736,0.014452735237246328,0.02496128712838123,neutral,0,3116.522727272727
zinc,Zinc,2023-02-03,2023-02-03 23:00:00,2023-03-05,direct,0.005555959074434735,0.0663228380860319,0.014723877482914371,0.028867558214460336,bullish,1,3133.838
zinc,Zinc,2023-02-10,2023-02-10 23:00:00,2023-03-12,direct,0.005555959074434735,0.0663228380860319,0.009414901788070695,0.027097899649512442,bullish,1,3133.838
zinc,Zinc,2023-02-17,2023-02-17 23:00:00,2023-03-19,direct,0.005555959074434735,0.0663228380860319,0.004161189456246106,0.025346662205570913,bullish,1,3133.838
zinc,Zinc,2023-02-24,2023-02-24 23:00:00,2023-03-26,direct,0.005555959074434735,0.005555959074434735,0.0036971256899476224,0.004936347946272364,bullish,1,3133.838
zinc,Zinc,2023-03-03,2023-03-03 23:00:00,2023-04-02,direct,-0.05308928457415607,-0.04782828739210632,-0.04579229033911636,-0.04890328743512625,neutral,0,2967.464782608696
zinc,Zinc,2023-03-10,2023-03-10 23:00:00,2023-04-09,direct,-0.05308928457415607,-0.04782828739210632,-0.041965697190499585,-0.047627756385587326,neutral,0,2967.464782608696
zinc,Zinc,2023-03-17,2023-03-17 23:00:00,2023-04-16,direct,-0.05308928457415607,-0.04782828739210632,-0.038108289424734765,-0.04634195379699905,neutral,0,2967.464782608696
zinc,Zinc,2023-03-24,2023-03-24 23:00:00,2023-04-23,direct,-0.05308928457415607,-0.04782828739210632,-0.034219693323245814,-0.045045755096502736,neutral,0,2967.464782608696
zinc,Zinc,2023-03-31,2023-03-31 23:00:00,2023-04-30,direct,0.0,-0.04782828739210632,-0.030299529099666156,-0.026042605497257492,neutral,0,2967.464782608696
zinc,Zinc,2023-04-07,2023-04-07 23:00:00,2023-05-07,direct,0.0,-0.04782828739210632,-0.02634741077618885,-0.024725232722765056,neutral,0,2967.464782608696
zinc,Zinc,2023-04-14,2023-04-14 23:00:00,2023-05-14,direct,0.0,-0.04782828739210632,-0.022362946056880495,-0.023397077816328937,neutral,0,2967.464782608696
zinc,Zinc,2023-04-21,2023-04-21 23:00:00,2023-05-21,direct,0.0,-0.04782828739210632,-0.01834573619787283,-0.022058007863326384,neutral,0,2967.464782608696
zinc,Zinc,2023-04-28,2023-04-28 23:00:00,2023-05-28,direct,0.0,-0.05308928457415607,-0.01382269904596456,-0.02230399454004021,neutral,0,2967.464782608696
zinc,Zinc,2023-05-05,2023-05-05 23:00:00,2023-06-04,direct,-0.16232169489136483,-0.20679343681287388,-0.15880338008760908,-0.17597283726394927,neutral,0,2485.780869565217
zinc,Zinc,2023-05-12,2023-05-12 23:00:00,2023-06-11,direct,-0.16232169489136483,-0.20679343681287388,-0.14314399994232996,-0.17075304388218956,neutral,0,2485.780869565217
zinc,Zinc,2023-05-19,2023-05-19 23:00:00,2023-06-18,direct,-0.16232169489136483,-0.20679343681287388,-0.1268905431770706,-0.16533522496043643,neutral,0,2485.780869565217
zinc,Zinc,2023-05-26,2023-05-26 23:00:00,2023-06-25,direct,-0.16232169489136483,-0.16232169489136483,-0.11440457827734696,-0.1463493226866922,neutral,0,2485.780869565217
zinc,Zinc,2023-06-02,2023-06-02 23:00:00,2023-07-02,direct,-0.04438479309099963,-0.19950187314043089,-0.13857093878453286,-0.12748586833865447,neutral,0,2375.45
zinc,Zinc,2023-06-09,2023-06-09 23:00:00,2023-07-09,direct,-0.04438479309099963,-0.19950187314043089,-0.12287871176776655,-0.12225512599973236,neutral,0,2375.45
zinc,Zinc,2023-06-16,2023-06-16 23:00:00,2023-07-16,direct,-0.04438479309099963,-0.19950187314043089,-0.10660416179003107,-0.11683027600715386,neutral,0,2375.45
zinc,Zinc,2023-06-23,2023-06-23 23:00:00,2023-07-23,direct,-0.04438479309099963,-0.19950187314043089,-0.08971426191269594,-0.11120030938137548,neutral,0,2375.45
zinc,Zinc,2023-06-30,2023-06-30 23:00:00,2023-07-30,direct,0.0,-0.19950187314043089,-0.07217343953640065,-0.09055843755894384,neutral,0,2375.45
zinc,Zinc,2023-07-07,2023-07-07 23:00:00,2023-08-06,direct,0.0,-0.19950187314043089,-0.05394332631291687,-0.08448173315111591,neutral,0,2375.45
zinc,Zinc,2023-07-14,2023-07-14 23:00:00,2023-08-13,direct,0.0,-0.19950187314043089,-0.03498247798344323,-0.0781614503746247,neutral,0,2375.45
zinc,Zinc,2023-07-21,2023-07-21 23:00:00,2023-08-20,direct,0.0,-0.19950187314043089,-0.015246059837905501,-0.07158264432611212,neutral,0,2375.45
zinc,Zinc,2023-07-28,2023-07-28 23:00:00,2023-08-27,direct,0.0,-0.04438479309099963,-0.011478294569891578,-0.01862102922029707,neutral,0,2375.45
zinc,Zinc,2023-08-04,2023-08-04 23:00:00,2023-09-03,direct,0.012508568170607637,-0.032431415130508956,0.0036927024549457954,-0.005410048168318508,neutral,0,2405.16347826087
zinc,Zinc,2023-08-11,2023-08-11 23:00:00,2023-09-10,direct,0.012508568170607637,-0.032431415130508956,0.006514485959465022,-0.004469453666812099,neutral,0,2405.16347826087
zinc,Zinc,2023-08-18,2023-08-18 23:00:00,2023-09-17,direct,0.012508568170607637,-0.032431415130508956,0.009352180531026821,-0.003523555476291499,neutral,0,2405.16347826087
zinc,Zinc,2023-08-25,2023-08-25 23:00:00,2023-09-24,direct,0.012508568170607637,0.012508568170607637,0.008304419979262567,0.011107185440159281,bullish,1,2405.16347826087
zinc,Zinc,2023-09-01,2023-09-01 23:00:00,2023-10-01,direct,0.037557826331471755,0.05053618913308644,0.04180495534304107,0.043299656935866425,bullish,1,2495.49619047619
zinc,Zinc,2023-09-08,2023-09-08 23:00:00,2023-10-08,direct,0.037557826331471755,0.05053618913308644,0.03747211111943338,0.041855375527997195,bullish,1,2495.49619047619
zinc,Zinc,2023-09-15,2023-09-15 23:00:00,2023-10-15,direct,0.037557826331471755,0.05053618913308644,0.03317515803573845,0.04042305783343222,bullish,1,2495.49619047619
zinc,Zinc,2023-09-22,2023-09-22 23:00:00,2023-10-22,direct,0.037557826331471755,0.05053618913308644,0.02891365197468576,0.03900255581308132,bullish,1,2495.49619047619
zinc,Zinc,2023-09-29,2023-09-29 23:00:00,2023-10-29,direct,0.0,0.05053618913308644,0.024687156116254272,0.025074448416446904,neutral,0,2495.49619047619
zinc,Zinc,2023-10-06,2023-10-06 23:00:00,2023-11-05,direct,0.0,0.05053618913308644,0.02049524078841025,0.023677143307165565,neutral,0,2495.49619047619
zinc,Zinc,2023-10-13,2023-10-13 23:00:00,2023-11-12,direct,0.0,0.05053618913308644,0.016337483321491097,0.022291224151525846,neutral,0,2495.49619047619
zinc,Zinc,2023-10-20,2023-10-20 23:00:00,2023-11-19,direct,0.0,0.05053618913308644,0.012213467906141418,0.020916552346409285,neutral,0,2495.49619047619
zinc,Zinc,2023-10-27,2023-10-27 23:00:00,2023-11-26,direct,0.0,0.037557826331471755,0.009132216920039848,0.015563347750503867,neutral,0,2495.49619047619
zinc,Zinc,2023-11-03,2023-11-03 23:00:00,2023-12-03,direct,0.019280439799062243,0.057562397540101395,0.023812186961938764,0.033551674767034134,bullish,1,2543.610454545455
zinc,Zinc,2023-11-10,2023-11-10 23:00:00,2023-12-10,direct,0.019280439799062243,0.057562397540101395,0.019079801446947098,0.03197421292870358,bullish,1,2543.610454545455
zinc,Zinc,2023-11-17,2023-11-17 23:00:00,2023-12-17,direct,0.019280439799062243,0.057562397540101395,0.014390963821394376,0.030411267053519337,bullish,1,2543.610454545455
zinc,Zinc,2023-11-24,2023-11-24 23:00:00,2023-12-24,direct,0.019280439799062243,0.019280439799062243,0.012771546190220917,0.017110808596115135,bullish,1,2543.610454545455
zinc,Zinc,2023-12-01,2023-12-01 23:00:00,2023-12-31,direct,-0.01299015069616416,0.0060398332844198155,-0.0008841719930551273,-0.0026114964682664907,neutral,0,2510.568571428571
zinc,Zinc,2023-12-08,2023-12-08 23:00:00,2024-01-07,direct,-0.01299015069616416,0.0060398332844198155,-0.001383335901444016,-0.0027778844377294534,neutral,0,2510.568571428571
zinc,Zinc,2023-12-15,2023-12-15 23:00:00,2024-01-14,direct,-0.01299015069616416,0.0060398332844198155,-0.0018820012886836546,-0.0029441062334759995,neutral,0,2510.568571428571
zinc,Zinc,2023-12-22,2023-12-22 23:00:00,2024-01-21,direct,-0.01299015069616416,0.0060398332844198155,-0.0023801689012196148,-0.00311016210432132,neutral,0,2510.568571428571
zinc,Zinc,2023-12-29,2023-12-29 23:00:00,2024-01-28,direct,0.0,0.0060398332844198155,-0.0028778394840088817,0.0010539979334703113,neutral,0,2510.568571428571
zinc,Zinc,2024-01-05,2024-01-05 23:00:00,2024-02-04,direct,0.004130761104967906,0.010195543497799386,0.0003986008906822214,0.004908301831149838,bullish,1,2520.939130434783
zinc,Zinc,2024-01-12,2024-01-12 23:00:00,2024-02-11,direct,0.004130761104967906,0.010195543497799386,-0.00044241573635428466,0.004627962955471003,bullish,1,2520.939130434783
zinc,Zinc,2024-01-19,2024-01-19 23:00:00,2024-02-18,direct,0.004130761104967906,0.010195543497799386,-0.0012820194968709009,0.0043480950352987975,bullish,1,2520.939130434783
zinc,Zinc,2024-01-26,2024-01-26 23:00:00,2024-02-25,direct,0.004130761104967906,-0.008913048800439638,-0.0005339461230932097,-0.0017720779395216473,neutral,0,2520.939130434783
zinc,Zinc,2024-02-02,2024-02-02 23:00:00,2024-03-03,direct,-0.06380448608655487,-0.07214884238881814,-0.058596412737092596,-0.06484991373748854,neutral,0,2360.091904761905
zinc,Zinc,2024-02-09,2024-02-09 23:00:00,2024-03-10,direct,-0.06380448608655487,-0.07214884238881814,-0.052818394455508844,-0.06292390764362728,neutral,0,2360.091904761905
zinc,Zinc,2024-02-16,2024-02-16 23:00:00,2024-03-17,direct,-0.06380448608655487,-0.07214884238881814,-0.046969011097191204,-0.06097411319085474,neutral,0,2360.091904761905
zinc,Zinc,2024-02-23,2024-02-23 23:00:00,2024-03-24,direct,-0.06380448608655487,-0.05993728607103588,-0.0421186088137806,-0.05528679365712378,neutral,0,2360.091904761905
zinc,Zinc,2024-03-01,2024-03-01 23:00:00,2024-03-31,direct,0.04142393163462321,-0.02099619247698392,-0.0006577206183062678,0.006590006179777674,neutral,0,2457.85619047619
zinc,Zinc,2024-03-08,2024-03-08 23:00:00,2024-04-07,direct,0.04142393163462321,-0.02099619247698392,0.0011303299577645198,0.007186023038467937,neutral,0,2457.85619047619
zinc,Zinc,2024-03-15,2024-03-15 23:00:00,2024-04-14,direct,0.04142393163462321,-0.02099619247698392,0.002924790460775206,0.007784176539471499,neutral,0,2457.85619047619
zinc,Zinc,2024-03-22,2024-03-22 23:00:00,2024-04-21,direct,0.04142393163462321,-0.02099619247698392,0.004725695420740417,0.008384478192793235,neutral,0,2457.85619047619
zinc,Zinc,2024-03-29,2024-03-29 23:00:00,2024-04-28,direct,0.0,-0.025023587121563273,0.0068894275831234975,-0.006044719846146592,neutral,0,2457.85619047619
zinc,Zinc,2024-04-05,2024-04-05 23:00:00,2024-05-05,direct,0.10891741999213123,0.081168328322339,0.10881170182701938,0.09963248338049653,bullish,1,2725.559545454545
zinc,Zinc,2024-04-12,2024-04-12 23:00:00,2024-05-12,direct,0.10891741999213123,0.081168328322339,0.10117289803067253,0.09708621544838092,bullish,1,2725.559545454545
zinc,Zinc,2024-04-19,2024-04-19 23:00:00,2024-05-19,direct,0.10891741999213123,0.081168328322339,0.09363862430197334,0.09457479087214786,bullish,1,2725.559545454545
zinc,Zinc,2024-04-26,2024-04-26 23:00:00,2024-05-26,direct,0.10891741999213123,0.15485313938632816,0.08043526025321124,0.11473527321055688,bullish,1,2725.559545454545
zinc,Zinc,2024-05-03,2024-05-03 23:00:00,2024-06-02,direct,0.08425011876844701,0.2521496535397403,0.14887692755914972,0.161758899955779,bullish,1,2955.188260869565
zinc,Zinc,2024-05-10,2024-05-10 23:00:00,2024-06-09,direct,0.08425011876844701,0.2521496535397403,0.12714618115008847,0.15451531781942526,bullish,1,2955.188260869565
zinc,Zinc,2024-05-17,2024-05-17 23:00:00,2024-06-16,direct,0.08425011876844701,0.2521496535397403,0.10622223850627877,0.14754067027148868,bullish,1,2955.188260869565
zinc,Zinc,2024-05-24,2024-05-24 23:00:00,2024-06-23,direct,0.08425011876844701,0.20234384433086827,0.08932254058487188,0.1253055012280624,bullish,1,2955.188260869565
zinc,Zinc,2024-05-31,2024-05-31 23:00:00,2024-06-30,direct,0.0,0.20234384433086827,0.07293142464476476,0.09175842299187768,neutral,0,2955.188260869565
zinc,Zinc,2024-06-07,2024-06-07 23:00:00,2024-07-07,direct,0.0,0.20234384433086827,0.05702627300504681,0.08645670577863836,neutral,0,2955.188260869565
zinc,Zinc,2024-06-14,2024-06-14 23:00:00,2024-07-14,direct,0.0,0.20234384433086827,0.04158578953352299,0.08130987795479709,neutral,0,2955.188260869565
zinc,Zinc,2024-06-21,2024-06-21 23:00:00,2024-07-21,direct,0.0,0.20234384433086827,0.026589904513922624,0.0763112496149303,neutral,0,2955.188260869565
zinc,Zinc,2024-06-28,2024-06-28 23:00:00,2024-07-28,direct,0.0,0.08425011876844701,0.01981073698425151,0.034686951917566176,neutral,0,2955.188260869565
zinc,Zinc,2024-07-05,2024-07-05 23:00:00,2024-08-04,direct,-0.060205831071161064,0.01897193927898755,-0.04301089027675942,-0.028081594022977645,neutral,0,2777.268695652174
zinc,Zinc,2024-07-12,2024-07-12 23:00:00,2024-08-11,direct,-0.060205831071161064,0.01897193927898755,-0.044429744815538075,-0.028554545535903864,neutral,0,2777.268695652174
zinc,Zinc,2024-07-19,2024-07-19 23:00:00,2024-08-18,direct,-0.060205831071161064,0.01897193927898755,-0.04584439832870524,-0.029026096706959586,neutral,0,2777.268695652174
zinc,Zinc,2024-07-26,2024-07-26 23:00:00,2024-08-25,direct,-0.060205831071161064,-0.060205831071161064,-0.04095921524539792,-0.05379029246257335,neutral,0,2777.268695652174
zinc,Zinc,2024-08-02,2024-08-02 23:00:00,2024-09-01,direct,-0.02023229294376816,-0.07922002200377443,-0.05398966250071546,-0.05114732581608602,neutral,0,2721.078181818182
zinc,Zinc,2024-08-09,2024-08-09 23:00:00,2024-09-08,direct,-0.02023229294376816,-0.07922002200377443,-0.04752947276175923,-0.04899392923643394,neutral,0,2721.078181818182
zinc,Zinc,2024-08-16,2024-08-16 23:00:00,2024-09-15,direct,-0.02023229294376816,-0.07922002200377443,-0.04098044465358408,-0.04681091986704222,neutral,0,2721.078181818182
zinc,Zinc,2024-08-23,2024-08-23 23:00:00,2024-09-22,direct,-0.02023229294376816,-0.07922002200377443,-0.03434073297557538,-0.044597682641039325,neutral,0,2721.078181818182
zinc,Zinc,2024-08-30,2024-08-30 23:00:00,2024-09-29,direct,0.0,-0.07922002200377443,-0.027608441070338552,-0.03560948769137099,neutral,0,2721.078181818182
zinc,Zinc,2024-09-06,2024-09-06 23:00:00,2024-10-06,direct,0.0,-0.07922002200377443,-0.0207816190173985,-0.033333880340390976,neutral,0,2721.078181818182
zinc,Zinc,2024-09-13,2024-09-13 23:00:00,2024-10-13,direct,0.0,-0.07922002200377443,-0.013858261750272494,-0.031026094584682307,neutral,0,2721.078181818182
zinc,Zinc,2024-09-20,2024-09-20 23:00:00,2024-10-20,direct,0.0,-0.07922002200377443,-0.006836307093096794,-0.028685443032290408,neutral,0,2721.078181818182
zinc,Zinc,2024-09-27,2024-09-27 23:00:00,2024-10-27,direct,0.0,-0.02023229294376816,-0.00513600815206261,-0.008456100365276923,neutral,0,2721.078181818182
zinc,Zinc,2024-10-04,2024-10-04 23:00:00,2024-11-03,direct,0.14137509547409954,0.11828246018374622,0.12426054477202775,0.12797270014329118,bullish,1,3105.770869565217
zinc,Zinc,2024-10-11,2024-10-11 23:00:00,2024-11-10,direct,0.14137509547409954,0.11828246018374622,0.11322893111625398,0.12429549559136659,bullish,1,3105.770869565217
zinc,Zinc,2024-10-18,2024-10-18 23:00:00,2024-11-17,direct,0.14137509547409954,0.11828246018374622,0.10241170544677392,0.12068975370153989,bullish,1,3105.770869565217
zinc,Zinc,2024-10-25,2024-10-25 23:00:00,2024-11-24,direct,0.14137509547409954,0.14137509547409954,0.09000841426277573,0.12425286840365828,bullish,1,3105.770869565217
zinc,Zinc,2024-11-01,2024-11-01 23:00:00,2024-12-01,direct,-0.032705142573265955,0.104046260247044,0.045700805022896196,0.039013974232224746,neutral,0,3004.19619047619
zinc,Zinc,2024-11-08,2024-11-08 23:00:00,2024-12-08,direct,-0.032705142573265955,0.104046260247044,0.03718313431494713,0.03617475066290839,neutral,0,3004.19619047619
zinc,Zinc,2024-11-15,2024-11-15 23:00:00,2024-12-15,direct,-0.032705142573265955,0.104046260247044,0.028803102466417485,0.03338140671339851,neutral,0,3004.19619047619
zinc,Zinc,2024-11-22,2024-11-22 23:00:00,2024-12-22,direct,-0.032705142573265955,0.104046260247044,0.020557400012906513,0.030632839228894853,neutral,0,3004.19619047619
zinc,Zinc,2024-11-29,2024-11-29 23:00:00,2024-12-29,direct,0.0,0.104046260247044,0.012442822745846183,0.038829694330963394,neutral,0,3004.19619047619
zinc,Zinc,2024-12-06,2024-12-06 23:00:00,2025-01-05,direct,0.0,0.104046260247044,0.004456267560999372,0.03616750926934779,neutral,0,3004.19619047619
zinc,Zinc,2024-12-13,2024-12-13 23:00:00,2025-01-12,direct,0.0,0.104046260247044,-0.0034052714980863374,0.03354699624965255,neutral,0,3004.19619047619
zinc,Zinc,2024-12-20,2024-12-20 23:00:00,2025-01-19,direct,0.0,0.104046260247044,-0.011144707012271104,0.030967184411590964,neutral,0,3004.19619047619
zinc,Zinc,2024-12-27,2024-12-27 23:00:00,2025-01-26,direct,0.0,-0.032705142573265955,-0.008381883668627688,-0.013695675413964548,neutral,0,3004.19619047619
zinc,Zinc,2025-01-03,2025-01-03 23:00:00,2025-02-02,direct,-0.059705652844059154,-0.0904581135286302,-0.06032554160824832,-0.07016310266031256,neutral,0,2824.828695652174
zinc,Zinc,2025-01-10,2025-01-10 23:00:00,2025-02-09,direct,-0.059705652844059154,-0.0904581135286302,-0.05295000017726037,-0.06770458884998325,neutral,0,2824.828695652174
zinc,Zinc,2025-01-17,2025-01-17 23:00:00,2025-02-16,direct,-0.059705652844059154,-0.0904581135286302,-0.04545776095673215,-0.06520717577647384,neutral,0,2824.828695652174
zinc,Zinc,2025-01-24,2025-01-24 23:00:00,2025-02-23,direct,-0.059705652844059154,-0.059705652844059154,-0.04061202437219291,-0.05334111002010374,neutral,0,2824.828695652174
zinc,Zinc,2025-01-31,2025-01-31 23:00:00,2025-03-02,direct,0.0,-0.059705652844059154,-0.03571683796239711,-0.03180749693548542,neutral,0,2824.828695652174
zinc,Zinc,2025-02-07,2025-02-07 23:00:00,2025-03-09,direct,0.0,-0.059705652844059154,-0.03077144090615691,-0.03015903125007202,neutral,0,2824.828695652174
zinc,Zinc,2025-02-14,2025-02-14 23:00:00,2025-03-16,direct,0.0,-0.059705652844059154,-0.025775056694116616,-0.02849356984605859,neutral,0,2824.828695652174
zinc,Zinc,2025-02-21,2025-02-21 23:00:00,2025-03-23,direct,0.0,-0.059705652844059154,-0.02072689272229522,-0.026810848522118125,neutral,0,2824.828695652174
zinc,Zinc,2025-02-28,2025-02-28 23:00:00,2025-03-30,direct,0.0,-0.059705652844059154,-0.015626139872923828,-0.02511059757232766,neutral,0,2824.828695652174
zinc,Zinc,2025-03-07,2025-03-07 23:00:00,2025-04-06,direct,0.0,-0.059705652844059154,-0.010471972082116032,-0.023392541642058395,neutral,0,2824.828695652174
zinc,Zinc,2025-03-14,2025-03-14 23:00:00,2025-04-13,direct,0.0,-0.059705652844059154,-0.005263545893885002,-0.021656399579314718,neutral,0,2824.828695652174
zinc,Zinc,2025-03-21,2025-03-21 23:00:00,2025-04-20,direct,0.0,-0.059705652844059154,0.0,-0.01990188428135305,neutral,0,2824.828695652174
zinc,Zinc,2025-03-28,2025-03-28 23:00:00,2025-04-27,direct,0.0,0.0,0.0,0.0,neutral,0,2824.828695652174
zinc,Zinc,2025-04-04,2025-04-04 23:00:00,2025-05-04,direct,-0.07557403250000849,-0.07557403250000849,-0.06971525168304449,-0.07362110556102049,neutral,0,2611.345
zinc,Zinc,2025-04-11,2025-04-11 23:00:00,2025-05-11,direct,-0.07557403250000849,-0.07557403250000849,-0.06378173422588951,-0.0716432664086355,neutral,0,2611.345
zinc,Zinc,2025-04-18,2025-04-18 23:00:00,2025-05-18,direct,-0.07557403250000849,-0.07557403250000849,-0.05777204089913224,-0.06964003529971641,neutral,0,2611.345
zinc,Zinc,2025-04-25,2025-04-25 23:00:00,2025-05-25,direct,-0.07557403250000849,-0.07557403250000849,-0.05168469528029429,-0.0676109200934371,neutral,0,2611.345
zinc,Zinc,2025-05-02,2025-05-02 23:00:00,2025-06-01,direct,0.01197710897501647,-0.06450208194792606,-0.03500556242782604,-0.029176845133578544,neutral,0,2642.621363636364
zinc,Zinc,2025-05-09,2025-05-09 23:00:00,2025-06-08,direct,0.01197710897501647,-0.06450208194792606,-0.029625169481959146,-0.027383380818289577,neutral,0,2642.621363636364
zinc,Zinc,2025-05-16,2025-05-16 23:00:00,2025-06-15,direct,0.01197710897501647,-0.06450208194792606,-0.024184442637450565,-0.025569805203453384,neutral,0,2642.621363636364
zinc,Zinc,2025-05-23,2025-05-23 23:00:00,2025-06-22,direct,0.01197710897501647,-0.06450208194792606,-0.018682361326385344,-0.023735778099764977,neutral,0,2642.621363636364
zinc,Zinc,2025-05-30,2025-05-30 23:00:00,2025-06-29,direct,0.0,-0.06450208194792606,-0.013117881832669376,-0.02587332126019848,neutral,0,2642.621363636364
zinc,Zinc,2025-06-06,2025-06-06 23:00:00,2025-07-06,direct,0.0,-0.06450208194792606,-0.007489936631987049,-0.0239973395266377,neutral,0,2642.621363636364
zinc,Zinc,2025-06-13,2025-06-13 23:00:00,2025-07-13,direct,0.0,-0.06450208194792606,-0.001797433709045948,-0.022099838552324003,neutral,0,2642.621363636364
zinc,Zinc,2025-06-20,2025-06-20 23:00:00,2025-07-20,direct,0.0,-0.06450208194792606,0.0039607441488105355,-0.02018044593303851,neutral,0,2642.621363636364
zinc,Zinc,2025-06-27,2025-06-27 23:00:00,2025-07-27,direct,0.0,0.01197710897501647,0.002967619616100148,0.004981576197038873,neutral,0,2642.621363636364
zinc,Zinc,2025-07-04,2025-07-04 23:00:00,2025-08-03,direct,0.04538755202503175,0.05790827265676124,0.04349909338771951,0.048931639356504165,bullish,1,2762.56347826087
zinc,Zinc,2025-07-11,2025-07-11 23:00:00,2025-08-10,direct,0.04538755202503175,0.05790827265676124,0.03855560881840936,0.047283811166734115,bullish,1,2762.56347826087
zinc,Zinc,2025-07-18,2025-07-18 23:00:00,2025-08-17,direct,0.04538755202503175,0.05790827265676124,0.03365874204238728,0.045651522241393426,bullish,1,2762.56347826087
zinc,Zinc,2025-07-25,2025-07-25 23:00:00,2025-08-24,direct,0.04538755202503175,0.04538755202503175,0.02980740628223244,0.040194170110765315,bullish,1,2762.56347826087
zinc,Zinc,2025-08-01,2025-08-01 23:00:00,2025-08-31,direct,0.010069614881056621,0.05591420207537423,0.03542449646419632,0.033802771140209055,bullish,1,2790.381428571429
zinc,Zinc,2025-08-08,2025-08-08 23:00:00,2025-09-07,direct,0.010069614881056621,0.05591420207537423,0.03071505601213076,0.0322329576561872,bullish,1,2790.381428571429
zinc,Zinc,2025-08-15,2025-08-15 23:00:00,2025-09-14,direct,0.010069614881056621,0.05591420207537423,0.026048261662811045,0.0306773595397473,bullish,1,2790.381428571429
zinc,Zinc,2025-08-22,2025-08-22 23:00:00,2025-09-21,direct,0.010069614881056621,0.05591420207537423,0.021423536757708694,0.029135784571379848,bullish,1,2790.381428571429
zinc,Zinc,2025-08-29,2025-08-29 23:00:00,2025-09-28,direct,0.0,0.05591420207537423,0.016840314988376237,0.024251505687916824,neutral,0,2790.381428571429
zinc,Zinc,2025-09-05,2025-09-05 23:00:00,2025-10-05,direct,0.05244946962285146,0.1112963419414641,0.06069942707611631,0.07481507954681062,bullish,1,2936.735454545455
zinc,Zinc,2025-09-12,2025-09-12 23:00:00,2025-10-12,direct,0.05244946962285146,0.1112963419414641,0.051392061186145366,0.07171262425015364,bullish,1,2936.735454545455
zinc,Zinc,2025-09-19,2025-09-19 23:00:00,2025-10-19,direct,0.05244946962285146,0.1112963419414641,0.04224661400618457,0.06866414185683338,bullish,1,2936.735454545455
zinc,Zinc,2025-09-26,2025-09-26 23:00:00,2025-10-26,direct,0.05244946962285146,0.06304723046372573,0.03690537727645493,0.05080069245434404,bullish,1,2936.735454545455
zinc,Zinc,2025-10-03,2025-10-03 23:00:00,2025-11-02,direct,0.07330032930141694,0.14096894251967607,0.10030303176587174,0.10485743452898826,bullish,1,3151.999130434783
zinc,Zinc,2025-10-10,2025-10-10 23:00:00,2025-11-09,direct,0.07330032930141694,0.14096894251967607,0.08797764224407945,0.10074897135505749,bullish,1,3151.999130434783
zinc,Zinc,2025-10-17,2025-10-17 23:00:00,2025-11-16,direct,0.07330032930141694,0.14096894251967607,0.07592532722579137,0.09673153301562813,bullish,1,3151.999130434783
zinc,Zinc,2025-10-24,2025-10-24 23:00:00,2025-11-23,direct,0.07330032930141694,0.1295943623193081,0.06497058680979317,0.08928842614350607,bullish,1,3151.999130434783
zinc,Zinc,2025-10-31,2025-10-31 23:00:00,2025-11-30,direct,0.0,0.1295943623193081,0.05423667358743778,0.061277011968915295,neutral,0,3151.999130434783
zinc,Zinc,2025-11-07,2025-11-07 23:00:00,2025-12-07,direct,0.0,0.1295943623193081,0.04371697698881438,0.057770446436040825,neutral,0,3151.999130434783
zinc,Zinc,2025-11-14,2025-11-14 23:00:00,2025-12-14,direct,0.0,0.1295943623193081,0.033405147691342174,0.05433317000355009,neutral,0,3151.999130434783
zinc,Zinc,2025-11-21,2025-11-21 23:00:00,2025-12-21,direct,0.0,0.1295943623193081,0.02329508484052889,0.050963149053279,neutral,0,3151.999130434783
zinc,Zinc,2025-11-28,2025-11-28 23:00:00,2025-12-28,direct,0.0,0.07330032930141694,0.017370153828614177,0.03022349437667704,neutral,0,3151.999130434783
zinc,Zinc,2025-12-05,2025-12-05 23:00:00,2026-01-04,direct,0.003228385904983755,0.07676535695634823,0.014502918560816092,0.031498887140716025,bullish,1,3162.175
zinc,Zinc,2025-12-12,2025-12-12 23:00:00,2026-01-11,direct,0.003228385904983755,0.07676535695634823,0.00842493070576178,0.029472891189031254,bullish,1,3162.175
zinc,Zinc,2025-12-19,2025-12-19 23:00:00,2026-01-18,direct,0.003228385904983755,0.07676535695634823,0.002419336790539628,0.027471026550623872,bullish,1,3162.175
zinc,Zinc,2025-12-26,2025-12-26 23:00:00,2026-01-25,direct,0.003228385904983755,0.003228385904983755,0.0021499436540592942,0.0028689051546756015,bullish,1,3162.175
zinc,Zinc,2026-01-02,2026-01-02 23:00:00,2026-02-01,direct,0.014090991744031278,0.017364868808148692,0.014804313513285816,0.015420058021821928,bullish,1,3206.733181818182
zinc,Zinc,2026-01-09,2026-01-09 23:00:00,2026-02-08,direct,0.014090991744031278,0.017364868808148692,0.013341625470592255,0.014932495340924076,bullish,1,3206.733181818182
zinc,Zinc,2026-01-16,2026-01-16 23:00:00,2026-02-15,direct,0.014090991744031278,0.017364868808148692,0.011883147849583109,0.014446336133921026,bullish,1,3206.733181818182
zinc,Zinc,2026-01-23,2026-01-23 23:00:00,2026-02-22,direct,0.014090991744031278,0.017364868808148692,0.01042886249651831,0.013961574349566094,bullish,1,3206.733181818182
zinc,Zinc,2026-01-30,2026-01-30 23:00:00,2026-03-01,direct,0.0,0.017364868808148692,0.008978751361870208,0.008781206723339633,neutral,0,3206.733181818182
zinc,Zinc,2026-02-06,2026-02-06 23:00:00,2026-03-08,direct,0.0,0.017364868808148692,0.007532796499577943,0.008299221769242212,neutral,0,3206.733181818182
zinc,Zinc,2026-02-13,2026-02-13 23:00:00,2026-03-15,direct,0.0,0.017364868808148692,0.006090980066306928,0.007818616291485206,neutral,0,3206.733181818182
zinc,Zinc,2026-02-20,2026-02-20 23:00:00,2026-03-22,direct,0.0,0.017364868808148692,0.0046532843207129915,0.007339384376287228,neutral,0,3206.733181818182
zinc,Zinc,2026-02-27,2026-02-27 23:00:00,2026-03-29,direct,0.0,0.014090991744031278,0.003485908010262939,0.005858966584764739,neutral,0,3206.733181818182
zinc,Zinc,2026-03-06,2026-03-06 23:00:00,2026-04-05,direct,0.0,0.014090991744031278,0.002321241462106549,0.005470744402045942,neutral,0,3206.733181818182
zinc,Zinc,2026-03-13,2026-03-13 23:00:00,2026-04-12,direct,0.0,0.014090991744031278,0.0011592752521625282,0.005083422332064602,neutral,0,3206.733181818182
zinc,Zinc,2026-03-20,2026-03-20 23:00:00,2026-04-19,direct,0.0,0.014090991744031278,0.0,0.004696997248010426,neutral,0,3206.733181818182
zinc,Zinc,2026-03-27,2026-03-27 23:00:00,2026-04-26,direct,0.0,0.0,0.0,0.0,neutral,0,3206.733181818182
zinc,Zinc,2026-04-03,2026-04-03 23:00:00,2026-05-03,direct,0.046116176289860755,0.046116176289860755,0.04211132715015076,0.04478122657662409,bullish,1,3354.615454545455
zinc,Zinc,2026-04-10,2026-04-10 23:00:00,2026-05-10,direct,0.046116176289860755,0.046116176289860755,0.03813702461648649,0.043456459065402665,bullish,1,3354.615454545455
zinc,Zinc,2026-04-17,2026-04-17 23:00:00,2026-05-17,direct,0.046116176289860755,0.046116176289860755,0.034192920529642956,0.04214175770312149,bullish,1,3354.615454545455
zinc,Zinc,2026-04-24,2026-04-24 23:00:00,2026-05-24,direct,0.046116176289860755,0.046116176289860755,0.030278672001295526,0.04083700819367234,bullish,1,3354.615454545455
zinc,Zinc,2026-05-01,2026-05-01 23:00:00,2026-05-31,direct,0.030830521964717583,0.07836848404061159,0.0552554706431172,0.05481815888281546,bullish,1,3458.04
zinc,Zinc,2026-05-08,2026-05-08 23:00:00,2026-06-07,direct,0.030830521964717583,0.07836848404061159,0.04855443992508102,0.0525844819768034,bullish,1,3458.04
zinc,Zinc,2026-05-15,2026-05-15 23:00:00,2026-06-14,direct,0.030830521964717583,0.07836848404061159,0.04193797728987425,0.05037899443173447,bullish,1,3458.04
zinc,Zinc,2026-05-22,2026-05-22 23:00:00,2026-06-21,direct,0.030830521964717583,0.07836848404061159,0.03540449188176309,0.04820116596236409,bullish,1,3458.04
zinc,Zinc,2026-05-29,2026-05-29 23:00:00,2026-06-28,direct,0.0,0.07836848404061159,0.02895243249829149,0.035773638846301026,neutral,0,3458.04
zinc,Zinc,2026-06-05,2026-06-05 23:00:00,2026-07-05,direct,0.0,0.07836848404061159,0.022580286362449575,0.03364959013435372,neutral,0,3458.04
zinc,Zinc,2026-06-12,2026-06-12 23:00:00,2026-07-12,direct,0.0,0.07836848404061159,0.016286577940179514,0.03155168732693037,neutral,0,3458.04
zinc,Zinc,2026-06-19,2026-06-19 23:00:00,2026-07-19,direct,0.0,0.07836848404061159,0.01006986780128627,0.029479450613965952,neutral,0,3458.04
