signal_date,execution_date,exit_date,ticker_normalized,market,weight,stock_signal_score,local_return,base_currency_return
2022-04-08,2022-04-11,2022-04-18,000831.SZ,CN_A,0.05555555555555555,1.0,0.003846181056369913,0.003846181056369913
2022-04-08,2022-04-11,2022-04-18,000970.SZ,CN_A,0.05555555555555555,1.0,0.01967788399089443,0.01967788399089443
2022-04-08,2022-04-11,2022-04-19,1164.HK,HK,0.05555555555555555,1.0,0.1666667023306483,0.16543956780197222
2022-04-08,2022-04-11,2022-04-19,2302.HK,HK,0.05555555555555555,1.0,0.0,0.0
2022-04-08,2022-04-11,2022-04-18,300748.SZ,CN_A,0.05555555555555555,1.0,0.018826881571563536,0.018090389634035642
2022-04-08,2022-04-11,2022-04-18,600111.SH,CN_A,0.05555555555555555,1.0,-0.009142820257021955,-0.009142820257021844
2022-04-08,2022-04-11,2022-04-18,600366.SH,CN_A,0.05555555555555555,1.0,0.0021007035589317713,0.0021007035589317713
2022-04-08,2022-04-11,2022-04-18,600392.SH,CN_A,0.05555555555555555,1.0,0.01607725108974023,0.01945501884393086
2022-04-08,2022-04-11,2022-04-18,601985.SH,CN_A,0.05555555555555555,1.0,-0.041405310463615175,-0.041405310463615175
2022-04-08,2022-04-11,2022-04-19,6680.HK,HK,0.05555555555555555,1.0,-0.002173989283562383,-0.002173989283562383
2022-04-08,2022-04-11,2022-04-18,CCJ,US,0.05555555555555555,1.0,-0.0009793855562889586,-0.0009793855562889586
2022-04-08,2022-04-11,2022-04-18,DNN,US,0.05555555555555555,1.0,-0.017341023733535632,-0.017341023733535632
2022-04-08,2022-04-11,2022-04-18,MP,US,0.05555555555555555,1.0,-0.09695559491154737,-0.09695559491154737
2022-04-08,2022-04-11,2022-04-18,NXE,US,0.05555555555555555,1.0,-0.057784932971467806,-0.057784932971467806
2022-04-08,2022-04-11,2022-04-18,UEC,US,0.05555555555555555,1.0,0.01953812689898493,0.01953812689898493
2022-04-08,2022-04-11,2022-04-18,USA,US,0.05555555555555555,1.0,0.0064264810325844746,0.0064264810325844746
2022-04-08,2022-04-11,2022-04-18,UUUU,US,0.05555555555555555,1.0,0.026804147834466052,0.026804147834466052
2022-04-15,2022-04-18,2022-04-25,000630.SZ,CN_A,0.05263157894736842,1.0,-0.14750004309050613,-0.14750004309050602
2022-04-15,2022-04-18,2022-04-25,002155.SZ,CN_A,0.05263157894736842,1.0,-0.21896552128476576,-0.21896552128476587
2022-04-15,2022-04-19,2022-04-25,0358.HK,HK,0.05263157894736842,1.0,-0.14705881861049297,-0.1467666502142868
2022-04-15,2022-04-19,2022-04-25,1164.HK,HK,0.05263157894736842,1.0,-0.2040816875527165,-0.2040816875527166
2022-04-15,2022-04-19,2022-04-25,2302.HK,HK,0.05263157894736842,1.0,0.0,3.322949471873393e-05
2022-04-15,2022-04-19,2022-04-25,3993.HK,HK,0.05263157894736842,1.0,-0.12080528665514734,-0.12080528665514745
2022-04-15,2022-04-18,2022-04-25,600362.SH,CN_A,0.05263157894736842,1.0,-0.1379309326077387,-0.1379309326077387
2022-04-15,2022-04-18,2022-04-25,601020.SH,CN_A,0.05263157894736842,1.0,-0.13858689312290529,-0.13858689312290529
2022-04-15,2022-04-18,2022-04-25,601985.SH,CN_A,0.05263157894736842,1.0,-0.044502471932956866,-0.044502471932956866
2022-04-15,2022-04-18,2022-04-25,603993.SH,CN_A,0.05263157894736842,1.0,-0.13992527261440435,-0.13992527261440435
2022-04-15,2022-04-18,2022-04-25,CCJ,US,0.05263157894736842,1.0,-0.11797380369785937,-0.11797380369785937
2022-04-15,2022-04-18,2022-04-25,DNN,US,0.05263157894736842,1.0,-0.18823531969195761,-0.18823531969195761
2022-04-15,2022-04-18,2022-04-25,FCX,US,0.05263157894736842,1.0,-0.17963351023385543,-0.17963351023385543
2022-04-15,2022-04-18,2022-04-25,NXE,US,0.05263157894736842,1.0,-0.1448040751625349,-0.1448040751625349
2022-04-15,2022-04-18,2022-04-25,SCCO,US,0.05263157894736842,1.0,-0.1219610727868079,-0.1219610727868079
2022-04-15,2022-04-18,2022-04-25,UAMY,US,0.05263157894736842,1.0,-0.12000000476837158,-0.12000000476837158
2022-04-15,2022-04-18,2022-04-25,UEC,US,0.05263157894736842,1.0,-0.19860625643605578,-0.19860625643605578
2022-04-15,2022-04-18,2022-04-25,UUUU,US,0.05263157894736842,0.5,-0.19076301317803634,-0.19076301317803634
2022-04-15,2022-04-18,2022-04-25,600497.SH,CN_A,0.05263157894736842,0.1111111111111111,-0.1343804835388437,-0.13438048353884358
2022-04-22,2022-04-25,2022-05-05,000831.SZ,CN_A,0.043478260869565216,1.0,0.11142722293666618,0.11142722293666618
2022-04-22,2022-04-25,2022-05-05,000970.SZ,CN_A,0.043478260869565216,1.0,0.12164942013989988,0.12164942013989988
2022-04-22,2022-04-25,2022-05-03,0815.HK,HK,0.043478260869565216,1.0,0.0,0.0
2022-04-22,2022-04-25,2022-05-03,1164.HK,HK,0.043478260869565216,1.0,0.03846159754979439,0.03846159754979439
2022-04-22,2022-04-25,2022-05-03,2302.HK,HK,0.043478260869565216,1.0,0.0,0.0
2022-04-22,2022-04-25,2022-05-05,300748.SZ,CN_A,0.043478260869565216,1.0,0.1645516985245632,0.1645516985245632
2022-04-22,2022-04-25,2022-05-05,600111.SH,CN_A,0.043478260869565216,1.0,0.1104875125435878,0.11048751254358802
2022-04-22,2022-04-25,2022-05-05,600366.SH,CN_A,0.043478260869565216,1.0,0.0635118800740917,0.0635118800740917
2022-04-22,2022-04-25,2022-05-05,600392.SH,CN_A,0.043478260869565216,1.0,0.26981714932773704,0.26981714932773704
2022-04-22,2022-04-25,2022-05-05,601985.SH,CN_A,0.043478260869565216,1.0,-0.013698771398996445,-0.013698771398996445
2022-04-22,2022-04-25,2022-05-03,6680.HK,HK,0.043478260869565216,1.0,-0.008188387629884386,-0.008623901981127835
2022-04-22,2022-04-25,2022-05-02,CCJ,US,0.043478260869565216,1.0,-0.05705824506901125,-0.05705824506901125
2022-04-22,2022-04-25,2022-05-02,CDE,US,0.043478260869565216,1.0,-0.1195121647359465,-0.1195121647359465
2022-04-22,2022-04-25,2022-05-02,DNN,US,0.043478260869565216,1.0,-0.08695652549493671,-0.08695652549493671
2022-04-22,2022-04-25,2022-05-02,MP,US,0.043478260869565216,1.0,-0.07108547377184882,-0.07108547377184882
2022-04-22,2022-04-25,2022-05-02,NXE,US,0.043478260869565216,1.0,-0.05577693443669529,-0.05577693443669529
2022-04-22,2022-04-25,2022-05-02,PAAS,US,0.043478260869565216,1.0,-0.04078430761800633,-0.04078430761800633
2022-04-22,2022-04-25,2022-05-02,SVM,US,0.043478260869565216,1.0,-0.0709878071445269,-0.0709878071445269
2022-04-22,2022-04-25,2022-05-02,UEC,US,0.043478260869565216,1.0,-0.08260872224328253,-0.08260872224328253
2022-04-22,2022-04-25,2022-05-02,USA,US,0.043478260869565216,1.0,-0.05842371789059009,-0.05842371789059009
2022-04-22,2022-04-25,2022-05-02,UUUU,US,0.043478260869565216,1.0,-0.086848666210812,-0.086848666210812
2022-04-22,2022-04-25,2022-05-02,WPM,US,0.043478260869565216,1.0,-0.050869269669109984,-0.050869269669109984
2022-05-06,2022-05-09,2022-05-16,ANGPY,US,0.16666666666666666,0.5,0.023206062385340065,0.023206062385340065
2022-05-06,2022-05-09,2022-05-16,IMPUY,US,0.16666666666666666,0.5,0.07248914430835884,0.07248914430835884
2022-05-06,2022-05-09,2022-05-16,NGLOY,US,0.16666666666666666,0.5,0.02115093289123937,0.02115093289123937
2022-05-06,2022-05-09,2022-05-16,PLG,US,0.16666666666666666,0.5,0.007299263086460783,0.007299263086460783
2022-05-06,2022-05-09,2022-05-16,SBSW,US,0.16666666666666666,0.5,0.00590213617123303,0.00590213617123303
2022-05-06,2022-05-10,2022-05-16,2362.HK,HK,0.16666666666666666,0.25,-0.03571434456499245,-0.03571434456499234
2022-06-03,2022-06-06,2022-06-13,000408.SZ,CN_A,0.038461538461538464,1.0,0.06428116542247175,0.06428116542247153
2022-06-03,2022-06-06,2022-06-13,000792.SZ,CN_A,0.038461538461538464,1.0,-0.013441710167313103,-0.013441710167313103
2022-06-03,2022-06-06,2022-06-13,002340.SZ,CN_A,0.038461538461538464,1.0,0.01831524066786039,0.01831524066786061
2022-06-03,2022-06-06,2022-06-13,002460.SZ,CN_A,0.038461538461538464,1.0,0.08010091302684952,0.08010091302684952
2022-06-03,2022-06-06,2022-06-13,002466.SZ,CN_A,0.038461538461538464,1.0,0.13512471001540605,0.13512471001540605
2022-06-03,2022-06-06,2022-06-13,1772.HK,HK,0.038461538461538464,1.0,0.06692167509272218,0.06605810285296765
2022-06-03,2022-06-06,2022-06-13,300919.SZ,CN_A,0.038461538461538464,1.0,0.0931519201653932,0.0931519201653932
2022-06-03,2022-06-06,2022-06-13,600516.SH,CN_A,0.038461538461538464,1.0,-0.014884966358988616,-0.014884966358988616
2022-06-03,2022-06-06,2022-06-13,600884.SH,CN_A,0.038461538461538464,1.0,0.0028214478388792763,0.0028214478388792763
2022-06-03,2022-06-06,2022-06-13,603659.SH,CN_A,0.038461538461538464,1.0,0.020522866817801022,0.020522866817801022
2022-06-03,2022-06-06,2022-06-13,603799.SH,CN_A,0.038461538461538464,1.0,0.04005890501391729,0.04005890501391729
2022-06-03,2022-06-06,2022-06-13,ALB,US,0.038461538461538464,1.0,-0.13663578406864807,-0.13663578406864807
2022-06-03,2022-06-06,2022-06-13,BHP,US,0.038461538461538464,1.0,-0.08939796486208862,-0.08939796486208862
2022-06-03,2022-06-06,2022-06-13,GPHOF,US,0.038461538461538464,1.0,0.03846161781683777,0.03846161781683777
2022-06-03,2022-06-06,2022-06-13,NMG,US,0.038461538461538464,1.0,0.037037001061669184,0.037037001061669184
2022-06-03,2022-06-06,2022-06-13,SGML,US,0.038461538461538464,1.0,-0.10362700388266766,-0.10362700388266766
2022-06-03,2022-06-06,2022-06-13,SQM,US,0.038461538461538464,1.0,-0.10519710422096817,-0.10519710422096817
2022-06-03,2022-06-06,2022-06-13,TLOFF,US,0.038461538461538464,1.0,-0.13793100967701988,-0.13793100967701988
2022-06-03,2022-06-06,2022-06-13,VALE,US,0.038461538461538464,1.0,-0.14293412653106718,-0.14293412653106718
2022-06-03,2022-06-06,2022-06-13,WWR,US,0.038461538461538464,1.0,-0.1600000381469726,-0.1600000381469726
2022-06-03,2022-06-06,2022-06-13,2362.HK,HK,0.038461538461538464,0.5,-0.022988464500281025,-0.02324614554922544
2022-06-10,2022-06-13,2022-06-20,000408.SZ,CN_A,0.038461538461538464,1.0,0.011603625360123715,0.011603625360123715
2022-06-10,2022-06-13,2022-06-20,000792.SZ,CN_A,0.038461538461538464,1.0,-0.051964493580496596,-0.051964493580496596
2022-06-10,2022-06-13,2022-06-20,002340.SZ,CN_A,0.038461538461538464,1.0,0.037241214541188006,0.037241214541188006
2022-06-10,2022-06-13,2022-06-20,002460.SZ,CN_A,0.038461538461538464,1.0,0.032773771058553836,0.032773771058553836
2022-06-10,2022-06-13,2022-06-20,002466.SZ,CN_A,0.038461538461538464,1.0,-0.00033946126219619455,-0.00033946126219619455
2022-06-10,2022-06-13,2022-06-20,1772.HK,HK,0.038461538461538464,1.0,0.028347865723470145,0.028347865723470145
2022-06-10,2022-06-13,2022-06-20,300919.SZ,CN_A,0.038461538461538464,1.0,-0.009805550924337658,-0.009805550924337547
2022-06-10,2022-06-13,2022-06-20,600516.SH,CN_A,0.038461538461538464,1.0,0.04258239691250432,0.04258239691250432
2022-06-10,2022-06-13,2022-06-20,600884.SH,CN_A,0.038461538461538464,1.0,0.09003214972048101,0.09003214972048124
2022-06-10,2022-06-13,2022-06-20,603659.SH,CN_A,0.038461538461538464,1.0,0.15275474450377802,0.15275474450377802
2022-06-10,2022-06-13,2022-06-20,603799.SH,CN_A,0.038461538461538464,1.0,0.0724536575355712,0.07245365753557143
2022-06-10,2022-06-13,2022-06-21,ALB,US,0.038461538461538464,1.0,-0.026505374013555683,-0.026505374013555683
2022-06-10,2022-06-13,2022-06-21,BHP,US,0.038461538461538464,1.0,-0.050813873133162546,-0.050813873133162546
2022-06-10,2022-06-13,2022-06-21,GPHOF,US,0.038461538461538464,1.0,-0.06481486080605126,-0.06481486080605126
2022-06-10,2022-06-13,2022-06-21,NMG,US,0.038461538461538464,1.0,-0.057142803620318094,-0.057142803620318094
2022-06-10,2022-06-13,2022-06-21,SGML,US,0.038461538461538464,1.0,0.022479151466269665,0.022479151466269665
2022-06-10,2022-06-13,2022-06-21,SQM,US,0.038461538461538464,1.0,0.010363788853588574,0.010363788853588574
2022-06-10,2022-06-13,2022-06-21,TLOFF,US,0.038461538461538464,1.0,0.027500033378601074,0.027500033378601074
2022-06-10,2022-06-13,2022-06-21,VALE,US,0.038461538461538464,1.0,-0.073631275162927,-0.073631275162927
2022-06-10,2022-06-13,2022-06-21,WWR,US,0.038461538461538464,1.0,0.1047619231433834,0.1047619231433834
2022-06-10,2022-06-13,2022-06-20,2362.HK,HK,0.038461538461538464,0.5,0.07058824692776966,0.07058824692776944
2022-06-17,2022-06-20,2022-06-27,002340.SZ,CN_A,0.14285714285714285,1.0,0.08700715527808667,0.08848388510320015
2022-06-17,2022-06-20,2022-06-27,300919.SZ,CN_A,0.14285714285714285,1.0,0.0025151049356828548,0.0025151049356828548
2022-06-17,2022-06-20,2022-06-27,603799.SH,CN_A,0.14285714285714285,1.0,0.02807621789039727,0.02807621789039727
2022-06-17,2022-06-21,2022-06-27,BHP,US,0.14285714285714285,1.0,-0.0006930687067027153,-0.0006930687067027153
2022-06-17,2022-06-21,2022-06-27,TLOFF,US,0.14285714285714285,1.0,-0.06326039426658447,-0.06326039426658447
2022-06-17,2022-06-21,2022-06-27,VALE,US,0.14285714285714285,1.0,0.01086946329301508,0.01086946329301508
2022-06-17,2022-06-20,2022-06-27,2362.HK,HK,0.14285714285714285,0.5,0.07692300079718528,0.07692300079718528
2022-07-15,2022-07-18,2022-07-25,000408.SZ,CN_A,0.05263157894736842,1.0,-0.03258127525693533,-0.03681053827454128
2022-07-15,2022-07-18,2022-07-25,000792.SZ,CN_A,0.05263157894736842,1.0,-0.03565539116577099,-0.037843392865542946
2022-07-15,2022-07-18,2022-07-25,002460.SZ,CN_A,0.05263157894736842,1.0,-0.08718204577336341,-0.08718204577336341
2022-07-15,2022-07-18,2022-07-25,002466.SZ,CN_A,0.05263157894736842,1.0,-0.018921434951888694,-0.01682448924098945
2022-07-15,2022-07-18,2022-07-25,1772.HK,HK,0.05263157894736842,1.0,-0.06987154906754278,-0.06938311717055468
2022-07-15,2022-07-18,2022-07-25,2237.HK,HK,0.05263157894736842,1.0,-0.3544304154023793,-0.35395421448081577
2022-07-15,2022-07-18,2022-07-25,600516.SH,CN_A,0.05263157894736842,1.0,-0.02338376023912414,-0.022450351721272632
2022-07-15,2022-07-18,2022-07-25,600884.SH,CN_A,0.05263157894736842,1.0,-0.0915200241821783,-0.09485158833738694
2022-07-15,2022-07-18,2022-07-25,603659.SH,CN_A,0.05263157894736842,1.0,-0.017666909710810974,-0.018920807418636665
2022-07-15,2022-07-18,2022-07-25,9696.HK,HK,0.05263157894736842,1.0,0.013645182449301574,0.013673712219080203
2022-07-15,2022-07-18,2022-07-25,ALB,US,0.05263157894736842,1.0,0.11619607299041723,0.11619607299041723
2022-07-15,2022-07-18,2022-07-25,GPHOF,US,0.05263157894736842,1.0,0.031068024989045373,0.031068024989045373
2022-07-15,2022-07-18,2022-07-25,NMG,US,0.05263157894736842,1.0,-0.0780856273414341,-0.0780856273414341
2022-07-15,2022-07-18,2022-07-25,SGML,US,0.05263157894736842,1.0,0.0643000682199697,0.0643000682199697
2022-07-15,2022-07-18,2022-07-25,SQM,US,0.05263157894736842,1.0,0.11135725079052694,0.11135725079052694
2022-07-15,2022-07-18,2022-07-25,WWR,US,0.05263157894736842,1.0,0.0,0.0
2022-07-22,2022-07-25,2022-08-01,002340.SZ,CN_A,0.14285714285714285,1.0,0.02256420813312765,0.02256420813312765
2022-07-22,2022-07-25,2022-08-01,300919.SZ,CN_A,0.14285714285714285,1.0,0.01324004261115519,0.01324004261115519
2022-07-22,2022-07-25,2022-08-01,603799.SH,CN_A,0.14285714285714285,1.0,0.055281523903552454,0.055281523903552454
2022-07-22,2022-07-25,2022-08-01,BHP,US,0.14285714285714285,1.0,0.02593691468849535,0.02593691468849535
2022-07-22,2022-07-25,2022-08-01,TLOFF,US,0.14285714285714285,1.0,0.3313609016679988,0.3313609016679988
2022-07-22,2022-07-25,2022-08-01,VALE,US,0.14285714285714285,1.0,-0.0007604877329933091,-0.0007604877329933091
2022-07-22,2022-07-25,2022-08-01,2362.HK,HK,0.14285714285714285,0.5,0.0,0.0
2022-07-29,2022-08-01,2022-08-08,002340.SZ,CN_A,0.14285714285714285,1.0,-0.07221672045472805,-0.07221672045472805
2022-07-29,2022-08-01,2022-08-08,300919.SZ,CN_A,0.14285714285714285,1.0,-0.06127972447993335,-0.06127972447993346
2022-07-29,2022-08-01,2022-08-08,603799.SH,CN_A,0.14285714285714285,1.0,-0.0778175746396721,-0.0778175746396721
2022-07-29,2022-08-01,2022-08-08,BHP,US,0.14285714285714285,1.0,0.0035062649770183363,0.0035062649770183363
2022-07-29,2022-08-01,2022-08-08,TLOFF,US,0.14285714285714285,1.0,-0.12666665183173287,-0.12666665183173287
2022-07-29,2022-08-01,2022-08-08,VALE,US,0.14285714285714285,1.0,0.01674274242234186,0.01674274242234186
2022-07-29,2022-08-01,2022-08-08,2362.HK,HK,0.14285714285714285,0.5,-0.048780544949867166,-0.048780544949867166
2022-08-05,2022-08-08,2022-08-15,000408.SZ,CN_A,0.023809523809523808,1.0,0.02609979720149047,0.02609979720149047
2022-08-05,2022-08-08,2022-08-15,000792.SZ,CN_A,0.023809523809523808,1.0,0.016789070992462962,0.016789070992463184
2022-08-05,2022-08-08,2022-08-15,000831.SZ,CN_A,0.023809523809523808,1.0,0.04295526695222662,0.04295526695222662
2022-08-05,2022-08-08,2022-08-15,000970.SZ,CN_A,0.023809523809523808,1.0,-0.033123080901061974,-0.033123080901062085
2022-08-05,2022-08-08,2022-08-15,002340.SZ,CN_A,0.023809523809523808,1.0,-0.00972977981649814,-0.00972977981649814
2022-08-05,2022-08-08,2022-08-15,002460.SZ,CN_A,0.023809523809523808,1.0,0.028402187053517602,0.028402187053517602
2022-08-05,2022-08-08,2022-08-15,002466.SZ,CN_A,0.023809523809523808,1.0,0.016075746898670085,0.016075746898670085
2022-08-05,2022-08-08,2022-08-15,1772.HK,HK,0.023809523809523808,1.0,0.06392031353286698,0.06300814189777793
2022-08-05,2022-08-08,2022-08-15,2237.HK,HK,0.023809523809523808,1.0,0.7192981845277473,0.7187962879720788
2022-08-05,2022-08-08,2022-08-15,300748.SZ,CN_A,0.023809523809523808,1.0,0.04495979489392754,0.04495979489392776
2022-08-05,2022-08-08,2022-08-15,300919.SZ,CN_A,0.023809523809523808,1.0,-0.028960003759920028,-0.028960003759919917
2022-08-05,2022-08-08,2022-08-15,600111.SH,CN_A,0.023809523809523808,1.0,0.018490389684806985,0.018490389684806985
2022-08-05,2022-08-08,2022-08-15,600366.SH,CN_A,0.023809523809523808,1.0,0.10858016032919093,0.10858016032919093
2022-08-05,2022-08-08,2022-08-15,600392.SH,CN_A,0.023809523809523808,1.0,0.01333348401599821,0.013333484015998431
2022-08-05,2022-08-08,2022-08-15,600516.SH,CN_A,0.023809523809523808,1.0,0.02164503370343973,0.02164503370343973
2022-08-05,2022-08-08,2022-08-15,600884.SH,CN_A,0.023809523809523808,1.0,-0.006958944597272421,-0.006958944597272421
2022-08-05,2022-08-08,2022-08-15,603659.SH,CN_A,0.023809523809523808,1.0,0.004033271582675413,0.004033271582675413
2022-08-05,2022-08-08,2022-08-15,603799.SH,CN_A,0.023809523809523808,1.0,-0.01826737920988608,-0.01826737920988597
2022-08-05,2022-08-08,2022-08-15,6680.HK,HK,0.023809523809523808,1.0,0.013595135929062918,0.013595135929062918
2022-08-05,2022-08-08,2022-08-15,9696.HK,HK,0.023809523809523808,1.0,0.09107822793983922,0.0906935682893657
2022-08-05,2022-08-08,2022-08-15,ALB,US,0.023809523809523808,1.0,0.16026809268656428,0.16026809268656428
2022-08-05,2022-08-08,2022-08-15,BHP,US,0.023809523809523808,1.0,0.006620209665189503,0.006620209665189503
2022-08-05,2022-08-08,2022-08-15,GPHOF,US,0.023809523809523808,1.0,-0.04825461195539471,-0.04825461195539471
2022-08-05,2022-08-08,2022-08-15,MP,US,0.023809523809523808,1.0,-0.05293972467770225,-0.05293972467770225
2022-08-05,2022-08-08,2022-08-15,NMG,US,0.023809523809523808,1.0,0.06309749952247912,0.06309749952247912
2022-08-05,2022-08-08,2022-08-15,SGML,US,0.023809523809523808,1.0,0.09334613786086243,0.09334613786086243
2022-08-05,2022-08-08,2022-08-15,SQM,US,0.023809523809523808,1.0,0.15955449552888679,0.15955449552888679
2022-08-05,2022-08-08,2022-08-15,TLOFF,US,0.023809523809523808,1.0,0.12977098773539653,0.12977098773539653
2022-08-05,2022-08-08,2022-08-15,USA,US,0.023809523809523808,1.0,0.03545072519188497,0.03545072519188497
2022-08-05,2022-08-08,2022-08-15,VALE,US,0.023809523809523808,1.0,0.05550040308404114,0.05550040308404114
2022-08-05,2022-08-08,2022-08-15,WWR,US,0.023809523809523808,1.0,0.23776226982498483,0.23776226982498483
2022-08-05,2022-08-08,2022-08-15,2362.HK,HK,0.023809523809523808,0.75,0.025641057219175645,0.026053550665748437
2022-08-05,2022-08-08,2022-08-15,ANGPY,US,0.023809523809523808,0.5,0.038267323960176514,0.038267323960176514
2022-08-05,2022-08-08,2022-08-15,IMPUY,US,0.023809523809523808,0.5,0.001762038462733928,0.001762038462733928
2022-08-05,2022-08-08,2022-08-15,NGLOY,US,0.023809523809523808,0.5,-0.00676468616718473,-0.00676468616718473
2022-08-05,2022-08-08,2022-08-15,PLG,US,0.023809523809523808,0.5,-0.012048181523292234,-0.012048181523292234
2022-08-05,2022-08-08,2022-08-15,SBSW,US,0.023809523809523808,0.5,-0.049056610603280704,-0.049056610603280704
2022-08-05,2022-08-08,2022-08-15,UUUU,US,0.023809523809523808,0.5,-0.048814491061132226,-0.048814491061132226
2022-08-12,2022-08-15,2022-08-22,000408.SZ,CN_A,0.022727272727272728,1.0,-0.007394164942615689,-0.007394164942615689
2022-08-12,2022-08-15,2022-08-22,000792.SZ,CN_A,0.022727272727272728,1.0,-0.0058479559022566185,-0.0058479559022567296
2022-08-12,2022-08-15,2022-08-22,000831.SZ,CN_A,0.022727272727272728,1.0,-0.05799011051615621,-0.05799011051615621
2022-08-12,2022-08-15,2022-08-22,000970.SZ,CN_A,0.022727272727272728,1.0,-0.04458933948373278,-0.04458933948373278
2022-08-12,2022-08-15,2022-08-22,002340.SZ,CN_A,0.022727272727272728,1.0,0.003275197733007662,0.003275197733007662
2022-08-12,2022-08-15,2022-08-22,002460.SZ,CN_A,0.022727272727272728,1.0,0.00031985449997495863,0.00031985449997495863
2022-08-12,2022-08-15,2022-08-22,002466.SZ,CN_A,0.022727272727272728,1.0,0.0002498338002181466,0.0002498338002181466
2022-08-12,2022-08-15,2022-08-22,1164.HK,HK,0.022727272727272728,1.0,0.15294119139763018,0.15294119139763018
2022-08-12,2022-08-15,2022-08-22,1772.HK,HK,0.022727272727272728,1.0,-0.039385826320727846,-0.039385826320727846
2022-08-12,2022-08-15,2022-08-22,2237.HK,HK,0.022727272727272728,1.0,0.3979592268826926,0.3979592268826926
2022-08-12,2022-08-15,2022-08-22,2302.HK,HK,0.022727272727272728,1.0,0.0,0.0
2022-08-12,2022-08-15,2022-08-22,300748.SZ,CN_A,0.022727272727272728,1.0,-0.06974642947450382,-0.06974642947450382
2022-08-12,2022-08-15,2022-08-22,300919.SZ,CN_A,0.022727272727272728,1.0,-0.09919262425894626,-0.09919262425894626
2022-08-12,2022-08-15,2022-08-22,600111.SH,CN_A,0.022727272727272728,1.0,-0.05982136403007621,-0.059821364030076096
2022-08-12,2022-08-15,2022-08-22,600366.SH,CN_A,0.022727272727272728,1.0,-0.08561642483294829,-0.08561642483294829
2022-08-12,2022-08-15,2022-08-22,600392.SH,CN_A,0.022727272727272728,1.0,-0.06676419224504837,-0.06676419224504848
2022-08-12,2022-08-15,2022-08-22,600516.SH,CN_A,0.022727272727272728,1.0,0.011299418469119749,0.011299418469119749
2022-08-12,2022-08-15,2022-08-22,600884.SH,CN_A,0.022727272727272728,1.0,0.02277511251816966,0.02277511251816966
2022-08-12,2022-08-15,2022-08-22,601985.SH,CN_A,0.022727272727272728,1.0,0.04368187894264741,0.04368187894264741
2022-08-12,2022-08-15,2022-08-22,603659.SH,CN_A,0.022727272727272728,1.0,-0.04488150533230173,-0.04488150533230173
2022-08-12,2022-08-15,2022-08-22,603799.SH,CN_A,0.022727272727272728,1.0,0.004081385030550333,0.004081385030550333
2022-08-12,2022-08-15,2022-08-22,6680.HK,HK,0.022727272727272728,1.0,-0.049180356382448664,-0.048745291220651965
2022-08-12,2022-08-15,2022-08-22,9696.HK,HK,0.022727272727272728,1.0,-0.041453727665334505,-0.041453727665334505
2022-08-12,2022-08-15,2022-08-22,ALB,US,0.022727272727272728,1.0,-0.029498808952330924,-0.029498808952330924
2022-08-12,2022-08-15,2022-08-22,BHP,US,0.022727272727272728,1.0,0.04694907058116815,0.04694907058116815
2022-08-12,2022-08-15,2022-08-22,CCJ,US,0.022727272727272728,1.0,-0.09584671171571335,-0.09584671171571335
2022-08-12,2022-08-15,2022-08-22,DNN,US,0.022727272727272728,1.0,-0.09401710969221488,-0.09401710969221488
2022-08-12,2022-08-15,2022-08-22,GPHOF,US,0.022727272727272728,1.0,-0.06796112696889034,-0.06796112696889034
2022-08-12,2022-08-15,2022-08-22,MP,US,0.022727272727272728,1.0,-0.07256116176756733,-0.07256116176756733
2022-08-12,2022-08-15,2022-08-22,NMG,US,0.022727272727272728,1.0,0.07733809941797554,0.07733809941797554
2022-08-12,2022-08-15,2022-08-22,NXE,US,0.022727272727272728,1.0,-0.10500001907348633,-0.10500001907348633
2022-08-12,2022-08-15,2022-08-22,SGML,US,0.022727272727272728,1.0,-0.04553419039314266,-0.04553419039314266
2022-08-12,2022-08-15,2022-08-22,SQM,US,0.022727272727272728,1.0,-0.15869320266555786,-0.15869320266555786
2022-08-12,2022-08-15,2022-08-22,TLOFF,US,0.022727272727272728,1.0,-0.0788288063337721,-0.0788288063337721
2022-08-12,2022-08-15,2022-08-22,UEC,US,0.022727272727272728,1.0,-0.1815980579219737,-0.1815980579219737
2022-08-12,2022-08-15,2022-08-22,USA,US,0.022727272727272728,1.0,-0.04422274448660013,-0.04422274448660013
2022-08-12,2022-08-15,2022-08-22,UUUU,US,0.022727272727272728,1.0,-0.1656891621698663,-0.1656891621698663
2022-08-12,2022-08-15,2022-08-22,VALE,US,0.022727272727272728,1.0,-0.047725334689113774,-0.047725334689113774
2022-08-12,2022-08-15,2022-08-22,WWR,US,0.022727272727272728,1.0,-0.16949150031021354,-0.16949150031021354
2022-08-12,2022-08-15,2022-08-22,2362.HK,HK,0.022727272727272728,0.5,0.037499932457299545,0.037499932457299545
2022-08-19,2022-08-22,2022-08-29,000408.SZ,CN_A,0.02040816326530612,1.0,-0.04901079173084533,-0.04901079173084533
2022-08-19,2022-08-22,2022-08-29,000792.SZ,CN_A,0.02040816326530612,1.0,-0.03252597046592698,-0.03252597046592698
2022-08-19,2022-08-22,2022-08-29,000831.SZ,CN_A,0.02040816326530612,1.0,-0.055613783275332396,-0.055613783275332396
2022-08-19,2022-08-22,2022-08-29,000970.SZ,CN_A,0.02040816326530612,1.0,-0.07455893217549614,-0.07455893217549614
2022-08-19,2022-08-22,2022-08-29,002340.SZ,CN_A,0.02040816326530612,1.0,-0.059847669229256995,-0.06382038390449807
2022-08-19,2022-08-22,2022-08-29,002460.SZ,CN_A,0.02040816326530612,1.0,-0.042852524905800826,-0.04167209884732026
2022-08-19,2022-08-22,2022-08-29,002466.SZ,CN_A,0.02040816326530612,1.0,-0.03388278217915175,-0.03388278217915186
2022-08-19,2022-08-22,2022-08-29,1164.HK,HK,0.02040816326530612,1.0,0.03061216753935403,0.029596491619604537
2022-08-19,2022-08-22,2022-08-29,1772.HK,HK,0.02040816326530612,1.0,0.009034061901686208,0.00903406190168643
2022-08-19,2022-08-22,2022-08-29,2237.HK,HK,0.02040816326530612,1.0,0.0,0.0
2022-08-19,2022-08-22,2022-08-29,2302.HK,HK,0.02040816326530612,1.0,0.0,0.0
2022-08-19,2022-08-22,2022-08-29,2362.HK,HK,0.02040816326530612,1.0,0.036144660234696424,0.036144660234696424
2022-08-19,2022-08-22,2022-08-29,300748.SZ,CN_A,0.02040816326530612,1.0,-0.06645560436660225,-0.06670210845752356
2022-08-19,2022-08-22,2022-08-29,300919.SZ,CN_A,0.02040816326530612,1.0,-0.09914025236247526,-0.09914025236247526
2022-08-19,2022-08-22,2022-08-29,600111.SH,CN_A,0.02040816326530612,1.0,-0.03165558138850466,-0.03165558138850466
2022-08-19,2022-08-22,2022-08-29,600366.SH,CN_A,0.02040816326530612,1.0,-0.08614244189621156,-0.08614244189621167
2022-08-19,2022-08-22,2022-08-29,600392.SH,CN_A,0.02040816326530612,1.0,-0.06214102336907035,-0.06331684173289631
2022-08-19,2022-08-22,2022-08-29,600516.SH,CN_A,0.02040816326530612,1.0,-0.0377094509865904,-0.03770945098659029
2022-08-19,2022-08-22,2022-08-29,600884.SH,CN_A,0.02040816326530612,1.0,-0.1092840220231408,-0.1092840220231408
2022-08-19,2022-08-22,2022-08-29,601985.SH,CN_A,0.02040816326530612,1.0,-0.0089687224689321,-0.0089687224689321
2022-08-19,2022-08-22,2022-08-29,603659.SH,CN_A,0.02040816326530612,1.0,-0.04873096404529664,-0.048730964045296754
2022-08-19,2022-08-22,2022-08-29,603799.SH,CN_A,0.02040816326530612,1.0,-0.066953498444137,-0.06688588922577654
2022-08-19,2022-08-22,2022-08-29,6680.HK,HK,0.02040816326530612,1.0,-0.031348085842130335,-0.031348085842130446
2022-08-19,2022-08-22,2022-08-29,9696.HK,HK,0.02040816326530612,1.0,0.0071089686126000196,0.007108968612600242
2022-08-19,2022-08-22,2022-08-29,ALB,US,0.02040816326530612,1.0,0.03362338588032454,0.03362338588032454
2022-08-19,2022-08-22,2022-08-29,ANGPY,US,0.02040816326530612,1.0,0.09374982173140967,0.09374982173140967
2022-08-19,2022-08-22,2022-08-29,BHP,US,0.02040816326530612,1.0,0.009596964456891177,0.009596964456891177
2022-08-19,2022-08-22,2022-08-29,CCJ,US,0.02040816326530612,1.0,0.28710239556895667,0.28710239556895667
2022-08-19,2022-08-22,2022-08-29,DNN,US,0.02040816326530612,1.0,0.27358499690280746,0.27358499690280746
2022-08-19,2022-08-22,2022-08-29,GPHOF,US,0.02040816326530612,1.0,0.1458333146493933,0.1458333146493933
2022-08-19,2022-08-22,2022-08-29,IMPUY,US,0.02040816326530612,1.0,0.08054987640451694,0.08054987640451694
2022-08-19,2022-08-22,2022-08-29,MP,US,0.02040816326530612,1.0,0.040857719964950245,0.040857719964950245
2022-08-19,2022-08-22,2022-08-29,NGLOY,US,0.02040816326530612,1.0,0.01899090988827723,0.01899090988827723
2022-08-19,2022-08-22,2022-08-29,NMG,US,0.02040816326530612,1.0,-0.021702778392509448,-0.021702778392509448
2022-08-19,2022-08-22,2022-08-29,NXE,US,0.02040816326530612,1.0,0.23743014601872936,0.23743014601872936
2022-08-19,2022-08-22,2022-08-29,PLG,US,0.02040816326530612,1.0,0.09154929518344934,0.09154929518344934
2022-08-19,2022-08-22,2022-08-29,SBSW,US,0.02040816326530612,1.0,0.03470720574400965,0.03470720574400965
2022-08-19,2022-08-22,2022-08-29,SGML,US,0.02040816326530612,1.0,0.059633082105762014,0.059633082105762014
2022-08-19,2022-08-22,2022-08-29,SQM,US,0.02040816326530612,1.0,0.12034579711862148,0.12034579711862148
2022-08-19,2022-08-22,2022-08-29,TLOFF,US,0.02040816326530612,1.0,-0.08312961855826828,-0.08312961855826828
2022-08-19,2022-08-22,2022-08-29,UEC,US,0.02040816326530612,1.0,0.3224851002500715,0.3224851002500715
2022-08-19,2022-08-22,2022-08-29,USA,US,0.02040816326530612,1.0,-0.02388049484061583,-0.02388049484061583
2022-08-19,2022-08-22,2022-08-29,UUUU,US,0.02040816326530612,1.0,0.36379616007817117,0.36379616007817117
2022-08-19,2022-08-22,2022-08-29,VALE,US,0.02040816326530612,1.0,0.037587921123753754,0.037587921123753754
2022-08-19,2022-08-22,2022-08-29,WWR,US,0.02040816326530612,1.0,-0.061224511310852936,-0.061224511310852936
2022-08-26,2022-08-29,2022-09-05,000408.SZ,CN_A,0.03225806451612903,1.0,-0.06946223508728033,-0.06946223508728022
2022-08-26,2022-08-29,2022-09-05,000792.SZ,CN_A,0.03225806451612903,1.0,-0.052932746448415724,-0.05293274644841561
2022-08-26,2022-08-29,2022-09-05,002340.SZ,CN_A,0.03225806451612903,1.0,-0.03587957314246404,-0.03587957314246415
2022-08-26,2022-08-29,2022-09-05,002460.SZ,CN_A,0.03225806451612903,1.0,-0.09678145558044715,-0.09678145558044715
2022-08-26,2022-08-29,2022-09-05,002466.SZ,CN_A,0.03225806451612903,1.0,-0.09090911035971061,-0.09090911035971061
2022-08-26,2022-08-29,2022-09-05,1772.HK,HK,0.03225806451612903,1.0,-0.13292008749129314,-0.13362081007789883
2022-08-26,2022-08-29,2022-09-05,2237.HK,HK,0.03225806451612903,1.0,-0.20437953064127945,-0.20411663680776115
2022-08-26,2022-08-29,2022-09-05,300919.SZ,CN_A,0.03225806451612903,1.0,-0.06588839706752514,-0.06588839706752525
2022-08-26,2022-08-29,2022-09-05,600516.SH,CN_A,0.03225806451612903,1.0,-0.0014514029025676223,-0.0014514029025677333
2022-08-26,2022-08-29,2022-09-05,600884.SH,CN_A,0.03225806451612903,1.0,-0.058461541047068355,-0.058461541047068355
2022-08-26,2022-08-29,2022-09-05,603659.SH,CN_A,0.03225806451612903,1.0,-0.05183707521873915,-0.05183707521873915
2022-08-26,2022-08-29,2022-09-05,603799.SH,CN_A,0.03225806451612903,1.0,-0.0620195562823731,-0.06201955628237299
2022-08-26,2022-08-29,2022-09-05,9696.HK,HK,0.03225806451612903,1.0,-0.09117638896247571,-0.09194876835552679
2022-08-26,2022-08-29,2022-09-06,ALB,US,0.03225806451612903,1.0,-0.06411176685029618,-0.06411176685029618
2022-08-26,2022-08-29,2022-09-06,BHP,US,0.03225806451612903,1.0,-0.07975948064871186,-0.07975948064871186
2022-08-26,2022-08-29,2022-09-06,GPHOF,US,0.03225806451612903,1.0,-0.007070736383469556,-0.007070736383469556
2022-08-26,2022-08-29,2022-09-06,NMG,US,0.03225806451612903,1.0,0.026450465774688237,0.026450465774688237
2022-08-26,2022-08-29,2022-09-06,SGML,US,0.03225806451612903,1.0,-0.008225131208657088,-0.008225131208657088
2022-08-26,2022-08-29,2022-09-06,SQM,US,0.03225806451612903,1.0,-0.012379783787224818,-0.012379783787224818
2022-08-26,2022-08-29,2022-09-06,TLOFF,US,0.03225806451612903,1.0,0.002666664123535112,0.002666664123535112
2022-08-26,2022-08-29,2022-09-06,VALE,US,0.03225806451612903,1.0,-0.08377353469496374,-0.08377353469496374
2022-08-26,2022-08-29,2022-09-06,WWR,US,0.03225806451612903,1.0,0.007246369925949514,0.007246369925949514
2022-08-26,2022-08-29,2022-09-05,2362.HK,HK,0.03225806451612903,0.75,-0.06976745484866531,-0.06962085093947878
2022-08-26,2022-08-29,2022-09-06,ANGPY,US,0.03225806451612903,0.5,-0.07619030233612745,-0.07619030233612745
2022-08-26,2022-08-29,2022-09-06,IMPUY,US,0.03225806451612903,0.5,-0.04727273755190786,-0.04727273755190786
2022-08-26,2022-08-29,2022-09-06,NGLOY,US,0.03225806451612903,0.5,-0.06639484168752285,-0.06639484168752285
2022-08-26,2022-08-29,2022-09-06,PLG,US,0.03225806451612903,0.5,-0.10967739504160101,-0.10967739504160101
2022-08-26,2022-08-29,2022-09-06,SBSW,US,0.03225806451612903,0.5,-0.058700315040136064,-0.058700315040136064
2022-09-02,2022-09-05,2022-09-13,000408.SZ,CN_A,0.038461538461538464,1.0,0.10939120164221872,0.10939120164221872
2022-09-02,2022-09-05,2022-09-13,000792.SZ,CN_A,0.038461538461538464,1.0,0.02907856763877592,0.0290785676387757
2022-09-02,2022-09-05,2022-09-13,002340.SZ,CN_A,0.038461538461538464,1.0,0.02400942379884441,0.02400942379884463
2022-09-02,2022-09-05,2022-09-13,002460.SZ,CN_A,0.038461538461538464,1.0,0.041676961259605294,0.041676961259605294
2022-09-02,2022-09-05,2022-09-13,002466.SZ,CN_A,0.038461538461538464,1.0,0.06161136288163105,0.06161136288163105
2022-09-02,2022-09-05,2022-09-13,1772.HK,HK,0.038461538461538464,1.0,0.07227940507153008,0.07227940507152986
2022-09-02,2022-09-05,2022-09-13,2237.HK,HK,0.038461538461538464,1.0,-0.05504591610567944,-0.05504591610567933
2022-09-02,2022-09-05,2022-09-13,300919.SZ,CN_A,0.038461538461538464,1.0,0.0269536203885421,0.0269536203885421
2022-09-02,2022-09-05,2022-09-13,600516.SH,CN_A,0.038461538461538464,1.0,0.021802337305954378,0.021802337305954156
2022-09-02,2022-09-05,2022-09-13,600884.SH,CN_A,0.038461538461538464,1.0,0.011029338087994445,0.011029338087994223
2022-09-02,2022-09-05,2022-09-13,603659.SH,CN_A,0.038461538461538464,1.0,0.022029022883959026,0.02202902288395925
2022-09-02,2022-09-05,2022-09-13,603799.SH,CN_A,0.038461538461538464,1.0,0.05109304168453499,0.05109304168453499
2022-09-02,2022-09-05,2022-09-13,9696.HK,HK,0.038461538461538464,1.0,0.07831711077662296,0.07831711077662273
2022-09-02,2022-09-06,2022-09-12,ALB,US,0.038461538461538464,1.0,0.11349807077386731,0.11349807077386731
2022-09-02,2022-09-06,2022-09-12,BHP,US,0.038461538461538464,1.0,0.09408230875445245,0.09408230875445245
2022-09-02,2022-09-06,2022-09-12,GPHOF,US,0.038461538461538464,1.0,-0.06917595152026101,-0.06917595152026101
2022-09-02,2022-09-06,2022-09-12,NMG,US,0.038461538461538464,1.0,0.1221945386249601,0.1221945386249601
2022-09-02,2022-09-06,2022-09-12,SGML,US,0.038461538461538464,1.0,0.213880386345082,0.213880386345082
2022-09-02,2022-09-06,2022-09-12,SQM,US,0.038461538461538464,1.0,0.04859691122923748,0.04859691122923748
2022-09-02,2022-09-06,2022-09-12,TLOFF,US,0.038461538461538464,1.0,0.07180856915689171,0.07180856915689171
2022-09-02,2022-09-06,2022-09-12,VALE,US,0.038461538461538464,1.0,0.13509061095226538,0.13509061095226538
2022-09-02,2022-09-06,2022-09-12,WWR,US,0.038461538461538464,1.0,0.035971274849026624,0.035971274849026624
2022-09-02,2022-09-05,2022-09-13,2362.HK,HK,0.038461538461538464,0.5,0.0,0.0
2022-09-09,2022-09-13,2022-09-19,1164.HK,HK,0.125,1.0,-0.08695655345243491,-0.0869565534524348
2022-09-09,2022-09-13,2022-09-19,2302.HK,HK,0.125,1.0,0.0,0.0
2022-09-09,2022-09-13,2022-09-19,601985.SH,CN_A,0.125,1.0,-0.0717558372176832,-0.07175583721768308
2022-09-09,2022-09-12,2022-09-19,CCJ,US,0.125,1.0,-0.0656983173158695,-0.0656983173158695
2022-09-09,2022-09-12,2022-09-19,DNN,US,0.125,1.0,-0.11267603623727451,-0.11267603623727451
2022-09-09,2022-09-12,2022-09-19,NXE,US,0.125,1.0,-0.09327555156662726,-0.09327555156662726
2022-09-09,2022-09-12,2022-09-19,UEC,US,0.125,1.0,-0.11564620627911304,-0.11564620627911304
2022-09-09,2022-09-12,2022-09-19,UUUU,US,0.125,0.5,-0.11375663227825539,-0.11375663227825539
2022-09-16,2022-09-19,2022-09-26,1164.HK,HK,0.125,1.0,-0.13333320399194692,-0.13361154018914578
2022-09-16,2022-09-19,2022-09-26,2302.HK,HK,0.125,1.0,0.0,1.15123619315316e-05
2022-09-16,2022-09-19,2022-09-26,601985.SH,CN_A,0.125,1.0,-0.01809215345291426,-0.017084303459314665
2022-09-16,2022-09-19,2022-09-26,CCJ,US,0.125,1.0,-0.11236734856375585,-0.11236734856375585
2022-09-16,2022-09-19,2022-09-26,DNN,US,0.125,1.0,-0.15873019777578168,-0.15873019777578168
2022-09-16,2022-09-19,2022-09-26,NXE,US,0.125,1.0,-0.16267939145081134,-0.16267939145081134
2022-09-16,2022-09-19,2022-09-26,UEC,US,0.125,1.0,-0.1743589872125727,-0.1743589872125727
2022-09-16,2022-09-19,2022-09-26,UUUU,US,0.125,0.5,-0.19104474170299768,-0.19104474170299768
2022-09-23,2022-09-26,2022-10-03,1164.HK,HK,0.125,1.0,-0.07692312250544175,-0.07692312250544175
2022-09-23,2022-09-26,2022-10-03,2302.HK,HK,0.125,1.0,0.0,0.0
2022-09-23,2022-09-26,2022-10-10,601985.SH,CN_A,0.125,1.0,-0.018425340594382167,-0.018425340594382056
2022-09-23,2022-09-26,2022-10-03,CCJ,US,0.125,1.0,0.09514324358121251,0.09514324358121251
2022-09-23,2022-09-26,2022-10-03,DNN,US,0.125,1.0,0.13207557779396217,0.13207557779396217
2022-09-23,2022-09-26,2022-10-03,NXE,US,0.125,1.0,0.13428572246006554,0.13428572246006554
2022-09-23,2022-09-26,2022-10-03,UEC,US,0.125,1.0,0.18633537245387277,0.18633537245387277
2022-09-23,2022-09-26,2022-10-03,UUUU,US,0.125,0.5,0.19926197573866644,0.19926197573866644
2022-10-07,2022-10-10,2022-10-17,ANGPY,US,0.16666666666666666,0.5,0.03806227967797371,0.03806227967797371
2022-10-07,2022-10-10,2022-10-17,IMPUY,US,0.16666666666666666,0.5,0.020366734333921332,0.020366734333921332
2022-10-07,2022-10-10,2022-10-17,NGLOY,US,0.16666666666666666,0.5,-0.009771950836121701,-0.009771950836121701
2022-10-07,2022-10-10,2022-10-17,PLG,US,0.16666666666666666,0.5,-0.019736823530408287,-0.019736823530408287
2022-10-07,2022-10-10,2022-10-17,SBSW,US,0.16666666666666666,0.5,-0.010582026148598156,-0.010582026148598156
2022-10-07,2022-10-10,2022-10-17,2362.HK,HK,0.16666666666666666,0.25,-0.014285604011908148,-0.014285604011908037
2022-10-14,2022-10-17,2022-10-24,0815.HK,HK,0.09090909090909091,1.0,-0.08771932026025686,-0.0877437663665005
2022-10-14,2022-10-17,2022-10-24,ANGPY,US,0.09090909090909091,1.0,-0.03481494031189292,-0.03481494031189292
2022-10-14,2022-10-17,2022-10-24,CDE,US,0.09090909090909091,1.0,0.08262109947622975,0.08262109947622975
2022-10-14,2022-10-17,2022-10-24,IMPUY,US,0.09090909090909091,1.0,-0.038922187432063216,-0.038922187432063216
2022-10-14,2022-10-17,2022-10-24,NGLOY,US,0.09090909090909091,1.0,-0.0039473959552032145,-0.0039473959552032145
2022-10-14,2022-10-17,2022-10-24,PAAS,US,0.09090909090909091,1.0,0.013452929477674846,0.013452929477674846
2022-10-14,2022-10-17,2022-10-24,PLG,US,0.09090909090909091,1.0,0.013422805905036084,0.013422805905036084
2022-10-14,2022-10-17,2022-10-24,SBSW,US,0.09090909090909091,1.0,0.010695203067119019,0.010695203067119019
2022-10-14,2022-10-17,2022-10-24,SVM,US,0.09090909090909091,1.0,0.05084736451382654,0.05084736451382654
2022-10-14,2022-10-17,2022-10-24,WPM,US,0.09090909090909091,1.0,0.042105360008661386,0.042105360008661386
2022-10-14,2022-10-17,2022-10-24,2362.HK,HK,0.09090909090909091,0.5,-0.15942034660172122,-0.15925767238305144
2022-10-21,2022-10-24,2022-10-31,ANGPY,US,0.16666666666666666,0.5,0.02225638400428842,0.02225638400428842
2022-10-21,2022-10-24,2022-10-31,IMPUY,US,0.16666666666666666,0.5,0.05815169661559416,0.05815169661559416
2022-10-21,2022-10-24,2022-10-31,NGLOY,US,0.16666666666666666,0.5,-0.003962968904869801,-0.003962968904869801
2022-10-21,2022-10-24,2022-10-31,PLG,US,0.16666666666666666,0.5,0.01986753084718007,0.01986753084718007
2022-10-21,2022-10-24,2022-10-31,SBSW,US,0.16666666666666666,0.5,-0.006349237482381587,-0.006349237482381587
2022-10-21,2022-10-24,2022-10-31,2362.HK,HK,0.16666666666666666,0.25,-0.10344830084813972,-0.10344830084813972
2022-10-28,2022-10-31,2022-11-07,ANGPY,US,0.16666666666666666,0.5,0.1355105419612903,0.1355105419612903
2022-10-28,2022-10-31,2022-11-07,IMPUY,US,0.16666666666666666,0.5,0.12168780364685516,0.12168780364685516
2022-10-28,2022-10-31,2022-11-07,NGLOY,US,0.16666666666666666,0.5,0.1326259945065824,0.1326259945065824
2022-10-28,2022-10-31,2022-11-07,PLG,US,0.16666666666666666,0.5,0.12337666358889954,0.12337666358889954
2022-10-28,2022-10-31,2022-11-07,SBSW,US,0.16666666666666666,0.5,0.037273696588523864,0.037273696588523864
2022-10-28,2022-10-31,2022-11-07,2362.HK,HK,0.16666666666666666,0.25,0.19230782108734057,0.1923078210873408
2022-11-04,2022-11-07,2022-11-14,ANGPY,US,0.16666666666666666,0.5,0.08198347858950483,0.08198347858950483
2022-11-04,2022-11-07,2022-11-14,IMPUY,US,0.16666666666666666,0.5,0.01487318569733187,0.01487318569733187
2022-11-04,2022-11-07,2022-11-14,NGLOY,US,0.16666666666666666,0.5,0.14197911142972308,0.14197911142972308
2022-11-04,2022-11-07,2022-11-14,PLG,US,0.16666666666666666,0.5,0.0,0.0
2022-11-04,2022-11-07,2022-11-14,SBSW,US,0.16666666666666666,0.5,0.11498973653295264,0.11498973653295264
2022-11-04,2022-11-07,2022-11-14,2362.HK,HK,0.16666666666666666,0.25,-0.04838720141890984,-0.04896004402580045
2022-11-11,2022-11-14,2022-11-21,000630.SZ,CN_A,0.045454545454545456,1.0,-0.03401356148141277,-0.03401356148141277
2022-11-11,2022-11-14,2022-11-21,002155.SZ,CN_A,0.045454545454545456,1.0,-0.012641262254232455,-0.012641262254232344
2022-11-11,2022-11-14,2022-11-21,0358.HK,HK,0.045454545454545456,1.0,-0.020637911862072422,-0.020637911862072533
2022-11-11,2022-11-14,2022-11-21,0815.HK,HK,0.045454545454545456,1.0,-0.03174600171093711,-0.03174600171093722
2022-11-11,2022-11-14,2022-11-21,3993.HK,HK,0.045454545454545456,1.0,0.01186946157157398,0.011691639264201248
2022-11-11,2022-11-14,2022-11-21,600362.SH,CN_A,0.045454545454545456,1.0,-0.025477870478021525,-0.025477870478021525
2022-11-11,2022-11-14,2022-11-21,601020.SH,CN_A,0.045454545454545456,1.0,-0.038432000131986555,-0.038432000131986555
2022-11-11,2022-11-14,2022-11-21,603993.SH,CN_A,0.045454545454545456,1.0,-0.008510652783155326,-0.008510652783155326
2022-11-11,2022-11-14,2022-11-21,CDE,US,0.045454545454545456,1.0,-0.09497201936292754,-0.09497201936292754
2022-11-11,2022-11-14,2022-11-21,FCX,US,0.045454545454545456,1.0,-0.0464500926295891,-0.0464500926295891
2022-11-11,2022-11-14,2022-11-21,PAAS,US,0.045454545454545456,1.0,-0.025250178097861453,-0.025250178097861453
2022-11-11,2022-11-14,2022-11-21,SCCO,US,0.045454545454545456,1.0,-0.053406123494205704,-0.053406123494205704
2022-11-11,2022-11-14,2022-11-21,SVM,US,0.045454545454545456,1.0,-0.04301068009371489,-0.04301068009371489
2022-11-11,2022-11-14,2022-11-21,UAMY,US,0.045454545454545456,1.0,-0.10810808416175732,-0.10810808416175732
2022-11-11,2022-11-14,2022-11-21,WPM,US,0.045454545454545456,1.0,-0.017420106035428096,-0.017420106035428096
2022-11-11,2022-11-14,2022-11-21,ANGPY,US,0.045454545454545456,0.5,-0.0711884796427632,-0.0711884796427632
2022-11-11,2022-11-14,2022-11-21,IMPUY,US,0.045454545454545456,0.5,-0.030172436726202845,-0.030172436726202845
2022-11-11,2022-11-14,2022-11-21,NGLOY,US,0.045454545454545456,0.5,-0.05255077921029705,-0.05255077921029705
2022-11-11,2022-11-14,2022-11-21,PLG,US,0.045454545454545456,0.5,-0.06936416384124577,-0.06936416384124577
2022-11-11,2022-11-14,2022-11-21,SBSW,US,0.045454545454545456,0.5,-0.07734797357519907,-0.07734797357519907
2022-11-11,2022-11-14,2022-11-21,2362.HK,HK,0.045454545454545456,0.25,-0.06779659464689336,-0.06779659464689347
2022-11-11,2022-11-14,2022-11-21,600497.SH,CN_A,0.045454545454545456,0.1111111111111111,-0.009633989144809396,-0.009633989144809396
2022-11-18,2022-11-21,2022-11-28,000630.SZ,CN_A,0.020833333333333332,1.0,0.014084543182271148,0.014084543182271148
2022-11-18,2022-11-21,2022-11-28,000807.SZ,CN_A,0.020833333333333332,1.0,-0.004935847930698012,-0.004935847930698123
2022-11-18,2022-11-21,2022-11-28,000831.SZ,CN_A,0.020833333333333332,1.0,-0.0451878068888838,-0.0451878068888838
2022-11-18,2022-11-21,2022-11-28,000933.SZ,CN_A,0.020833333333333332,1.0,-0.008290907789786472,-0.008290907789786472
2022-11-18,2022-11-21,2022-11-28,000970.SZ,CN_A,0.020833333333333332,1.0,-0.03443116732370577,-0.03443116732370566
2022-11-18,2022-11-21,2022-11-28,002155.SZ,CN_A,0.020833333333333332,1.0,-0.017520373551023538,-0.01752037355102365
2022-11-18,2022-11-21,2022-11-28,0358.HK,HK,0.020833333333333332,1.0,0.019157209253815033,0.019157209253815033
2022-11-18,2022-11-21,2022-11-28,0815.HK,HK,0.020833333333333332,1.0,0.0491802798135097,0.04918027981350992
2022-11-18,2022-11-21,2022-11-28,1164.HK,HK,0.020833333333333332,1.0,0.012658170246288236,0.013049984895649125
2022-11-18,2022-11-21,2022-11-28,1378.HK,HK,0.020833333333333332,1.0,0.019519597571440617,0.019554651195201833
2022-11-18,2022-11-21,2022-11-28,2302.HK,HK,0.020833333333333332,1.0,0.24031013267901913,0.24037037890811064
2022-11-18,2022-11-21,2022-11-28,2600.HK,HK,0.020833333333333332,1.0,0.036789229466702045,0.03678922946670182
2022-11-18,2022-11-21,2022-11-28,300748.SZ,CN_A,0.020833333333333332,1.0,-0.058670941115947506,-0.058670941115947506
2022-11-18,2022-11-21,2022-11-28,3993.HK,HK,0.020833333333333332,1.0,-0.011730230056690383,-0.011730230056690383
2022-11-18,2022-11-21,2022-11-28,600111.SH,CN_A,0.020833333333333332,1.0,-0.018273712823453248,-0.018273712823453137
2022-11-18,2022-11-21,2022-11-28,600362.SH,CN_A,0.020833333333333332,1.0,0.013666098792010306,0.013666098792010084
2022-11-18,2022-11-21,2022-11-28,600366.SH,CN_A,0.020833333333333332,1.0,-0.008653746414590602,-0.00865374641459049
2022-11-18,2022-11-21,2022-11-28,600392.SH,CN_A,0.020833333333333332,1.0,-0.026822641681015336,-0.026822641681015447
2022-11-18,2022-11-21,2022-11-28,601020.SH,CN_A,0.020833333333333332,1.0,-0.02957647882394121,-0.02957647882394121
2022-11-18,2022-11-21,2022-11-28,601600.SH,CN_A,0.020833333333333332,1.0,0.03755858655136146,0.03755858655136146
2022-11-18,2022-11-21,2022-11-28,601985.SH,CN_A,0.020833333333333332,1.0,0.022801372127624342,0.022801372127624342
2022-11-18,2022-11-21,2022-11-28,603993.SH,CN_A,0.020833333333333332,1.0,-0.021459098179851255,-0.021459098179851255
2022-11-18,2022-11-21,2022-11-28,6680.HK,HK,0.020833333333333332,1.0,-0.13846162884703195,-0.13846162884703195
2022-11-18,2022-11-21,2022-11-28,AA,US,0.020833333333333332,1.0,-0.004289131570219484,-0.004289131570219484
2022-11-18,2022-11-21,2022-11-28,CCJ,US,0.020833333333333332,1.0,-0.00043325502699331775,-0.00043325502699331775
2022-11-18,2022-11-21,2022-11-28,CDE,US,0.020833333333333332,1.0,-0.01851852124698572,-0.01851852124698572
2022-11-18,2022-11-21,2022-11-28,CENX,US,0.020833333333333332,1.0,-0.03022974439684656,-0.03022974439684656
2022-11-18,2022-11-21,2022-11-28,DNN,US,0.020833333333333332,1.0,0.0,0.0
2022-11-18,2022-11-21,2022-11-28,FCX,US,0.020833333333333332,1.0,0.0016604978593821595,0.0016604978593821595
2022-11-18,2022-11-21,2022-11-28,KALU,US,0.020833333333333332,1.0,-0.008998377178496497,-0.008998377178496497
2022-11-18,2022-11-21,2022-11-28,MP,US,0.020833333333333332,1.0,-0.027431453176020693,-0.027431453176020693
2022-11-18,2022-11-21,2022-11-28,NXE,US,0.020833333333333332,1.0,0.009478777412064598,0.009478777412064598
2022-11-18,2022-11-21,2022-11-28,PAAS,US,0.020833333333333332,1.0,0.008771788654460266,0.008771788654460266
2022-11-18,2022-11-21,2022-11-28,SCCO,US,0.020833333333333332,1.0,0.006637476088466654,0.006637476088466654
2022-11-18,2022-11-21,2022-11-28,SVM,US,0.020833333333333332,1.0,-0.02178632650125656,-0.02178632650125656
2022-11-18,2022-11-21,2022-11-28,UAMY,US,0.020833333333333332,1.0,0.030303000199675578,0.030303000199675578
2022-11-18,2022-11-21,2022-11-28,UEC,US,0.020833333333333332,1.0,-0.04497356549752629,-0.04497356549752629
2022-11-18,2022-11-21,2022-11-28,USA,US,0.020833333333333332,1.0,-0.0048308654376855165,-0.0048308654376855165
2022-11-18,2022-11-21,2022-11-28,UUUU,US,0.020833333333333332,1.0,-0.059347126426372854,-0.059347126426372854
2022-11-18,2022-11-21,2022-11-28,WPM,US,0.020833333333333332,1.0,0.011369863305551231,0.011369863305551231
2022-11-18,2022-11-21,2022-11-28,ANGPY,US,0.020833333333333332,0.5,0.05526330011457237,0.05526330011457237
2022-11-18,2022-11-21,2022-11-28,IMPUY,US,0.020833333333333332,0.5,0.04711111462854989,0.04711111462854989
2022-11-18,2022-11-21,2022-11-28,NGLOY,US,0.020833333333333332,0.5,0.026515248980329753,0.026515248980329753
2022-11-18,2022-11-21,2022-11-28,PLG,US,0.020833333333333332,0.5,0.024844696582373427,0.024844696582373427
2022-11-18,2022-11-21,2022-11-28,SBSW,US,0.020833333333333332,0.5,0.004989872783165206,0.004989872783165206
2022-11-18,2022-11-21,2022-11-28,2362.HK,HK,0.020833333333333332,0.25,-0.018181677266277396,-0.018181677266277285
2022-11-18,2022-11-21,2022-11-28,600497.SH,CN_A,0.020833333333333332,0.1111111111111111,0.01945520923588928,0.01945520923588928
2022-11-25,2022-11-28,2022-12-05,0815.HK,HK,0.09090909090909091,1.0,0.09375000582076631,0.09376808717247953
2022-11-25,2022-11-28,2022-12-05,CDE,US,0.09090909090909091,1.0,0.0,0.0
2022-11-25,2022-11-28,2022-12-05,PAAS,US,0.09090909090909091,1.0,0.10969918919129928,0.10969918919129928
2022-11-25,2022-11-28,2022-12-05,SVM,US,0.09090909090909091,1.0,0.1115385656453245,0.1115385656453245
2022-11-25,2022-11-28,2022-12-05,WPM,US,0.09090909090909091,1.0,0.04068519236118706,0.04068519236118706
2022-11-25,2022-11-28,2022-12-05,ANGPY,US,0.09090909090909091,0.5,-0.007481534488622876,-0.007481534488622876
2022-11-25,2022-11-28,2022-12-05,IMPUY,US,0.09090909090909091,0.5,-0.015280115846033393,-0.015280115846033393
2022-11-25,2022-11-28,2022-12-05,NGLOY,US,0.09090909090909091,0.5,0.06905628574893319,0.06905628574893319
2022-11-25,2022-11-28,2022-12-05,PLG,US,0.09090909090909091,0.5,0.06060607593140577,0.06060607593140577
2022-11-25,2022-11-28,2022-12-05,SBSW,US,0.09090909090909091,0.5,0.07547173284206266,0.07547173284206266
2022-11-25,2022-11-28,2022-12-05,2362.HK,HK,0.09090909090909091,0.25,0.1481480904985384,0.14801579348381488
2022-12-02,2022-12-05,2022-12-12,000630.SZ,CN_A,0.027777777777777776,1.0,0.07920795821138493,0.07920795821138493
2022-12-02,2022-12-05,2022-12-12,000807.SZ,CN_A,0.027777777777777776,1.0,0.00768561809265389,0.00768561809265389
2022-12-02,2022-12-05,2022-12-12,000933.SZ,CN_A,0.027777777777777776,1.0,-0.05313735153182764,-0.05313735153182764
2022-12-02,2022-12-05,2022-12-12,002155.SZ,CN_A,0.027777777777777776,1.0,-0.05641755189730924,-0.05641755189730924
2022-12-02,2022-12-05,2022-12-12,002340.SZ,CN_A,0.027777777777777776,1.0,-0.03902436393124087,-0.03902436393124087
2022-12-02,2022-12-05,2022-12-12,0358.HK,HK,0.027777777777777776,1.0,0.003448277547915435,0.003448277547915435
2022-12-02,2022-12-05,2022-12-12,0815.HK,HK,0.027777777777777776,1.0,0.19999998297010113,0.19999998297010113
2022-12-02,2022-12-05,2022-12-12,1378.HK,HK,0.027777777777777776,1.0,-0.03689064547917409,-0.03689064547917409
2022-12-02,2022-12-05,2022-12-12,2600.HK,HK,0.027777777777777776,1.0,-0.027932904139436388,-0.0279329041394365
2022-12-02,2022-12-05,2022-12-12,300919.SZ,CN_A,0.027777777777777776,1.0,0.02865505186452677,0.02865505186452677
2022-12-02,2022-12-05,2022-12-12,3993.HK,HK,0.027777777777777776,1.0,0.00797868806671076,0.007848055293958156
2022-12-02,2022-12-05,2022-12-12,600362.SH,CN_A,0.027777777777777776,1.0,-0.030709081460944643,-0.030709081460944754
2022-12-02,2022-12-05,2022-12-12,601020.SH,CN_A,0.027777777777777776,1.0,0.007205860065890191,0.007205860065890191
2022-12-02,2022-12-05,2022-12-12,601600.SH,CN_A,0.027777777777777776,1.0,-0.03073769810564919,-0.03073769810564908
2022-12-02,2022-12-05,2022-12-12,603799.SH,CN_A,0.027777777777777776,1.0,0.02117834858606904,0.02117834858606904
2022-12-02,2022-12-05,2022-12-12,603993.SH,CN_A,0.027777777777777776,1.0,0.016597429068313074,0.016597429068313074
2022-12-02,2022-12-05,2022-12-12,AA,US,0.027777777777777776,1.0,-0.015262221840041779,-0.015262221840041779
2022-12-02,2022-12-05,2022-12-12,BHP,US,0.027777777777777776,1.0,0.009763107120815961,0.009763107120815961
2022-12-02,2022-12-05,2022-12-12,CDE,US,0.027777777777777776,1.0,0.04402508878304956,0.04402508878304956
2022-12-02,2022-12-05,2022-12-12,CENX,US,0.027777777777777776,1.0,-0.014669912112735939,-0.014669912112735939
2022-12-02,2022-12-05,2022-12-12,FCX,US,0.027777777777777776,1.0,0.0005146149196548766,0.0005146149196548766
2022-12-02,2022-12-05,2022-12-12,KALU,US,0.027777777777777776,1.0,-0.019340442924243084,-0.019340442924243084
2022-12-02,2022-12-05,2022-12-12,PAAS,US,0.027777777777777776,1.0,-0.009041516094534852,-0.009041516094534852
2022-12-02,2022-12-05,2022-12-12,SCCO,US,0.027777777777777776,1.0,-0.002638424682244178,-0.002638424682244178
2022-12-02,2022-12-05,2022-12-12,SVM,US,0.027777777777777776,1.0,-0.003460123350734756,-0.003460123350734756
2022-12-02,2022-12-05,2022-12-12,TLOFF,US,0.027777777777777776,1.0,0.02830185920753414,0.02830185920753414
2022-12-02,2022-12-05,2022-12-12,UAMY,US,0.027777777777777776,1.0,0.17948724414705297,0.17948724414705297
2022-12-02,2022-12-05,2022-12-12,VALE,US,0.027777777777777776,1.0,-0.01397310627566628,-0.01397310627566628
2022-12-02,2022-12-05,2022-12-12,WPM,US,0.027777777777777776,1.0,0.005658598338805776,0.005658598338805776
2022-12-02,2022-12-05,2022-12-12,2362.HK,HK,0.027777777777777776,0.75,0.0,0.0
2022-12-02,2022-12-05,2022-12-12,ANGPY,US,0.027777777777777776,0.5,-0.07474867977501798,-0.07474867977501798
2022-12-02,2022-12-05,2022-12-12,IMPUY,US,0.027777777777777776,0.5,0.04482747823335331,0.04482747823335331
2022-12-02,2022-12-05,2022-12-12,NGLOY,US,0.027777777777777776,0.5,-0.03994092198916388,-0.03994092198916388
2022-12-02,2022-12-05,2022-12-12,PLG,US,0.027777777777777776,0.5,-0.034285681588309136,-0.034285681588309136
2022-12-02,2022-12-05,2022-12-12,SBSW,US,0.027777777777777776,0.5,0.0018468579739214785,0.0018468579739214785
2022-12-02,2022-12-05,2022-12-12,600497.SH,CN_A,0.027777777777777776,0.1111111111111111,-0.025547499957785713,-0.025547499957785824
2022-12-09,2022-12-12,2022-12-19,000630.SZ,CN_A,0.02702702702702703,1.0,0.0,0.0
2022-12-09,2022-12-12,2022-12-19,000807.SZ,CN_A,0.02702702702702703,1.0,-0.037288014967384986,-0.037288014967384986
2022-12-09,2022-12-12,2022-12-19,000933.SZ,CN_A,0.02702702702702703,1.0,-0.03402979912769588,-0.03402979912769588
2022-12-09,2022-12-12,2022-12-19,002155.SZ,CN_A,0.02702702702702703,1.0,-0.04633789125910437,-0.04633789125910426
2022-12-09,2022-12-12,2022-12-19,0358.HK,HK,0.02702702702702703,1.0,-0.006872953025320316,-0.00724398749563071
2022-12-09,2022-12-12,2022-12-19,0815.HK,HK,0.02702702702702703,1.0,-0.04761900369272076,-0.0475898295245164
2022-12-09,2022-12-12,2022-12-19,1378.HK,HK,0.02702702702702703,1.0,0.009575817837179867,0.009559075530392036
2022-12-09,2022-12-12,2022-12-19,2600.HK,HK,0.02702702702702703,1.0,-0.03160921203846101,-0.03160921203846101
2022-12-09,2022-12-12,2022-12-19,3993.HK,HK,0.02702702702702703,1.0,-0.05013184533532267,-0.05013184533532267
2022-12-09,2022-12-12,2022-12-19,600362.SH,CN_A,0.02702702702702703,1.0,-0.018433134662622752,-0.018433134662622752
2022-12-09,2022-12-12,2022-12-19,600531.SH,CN_A,0.02702702702702703,1.0,-0.03656295697367673,-0.03656295697367673
2022-12-09,2022-12-12,2022-12-19,601020.SH,CN_A,0.02702702702702703,1.0,-0.0548489415221316,-0.0548489415221316
2022-12-09,2022-12-12,2022-12-19,601600.SH,CN_A,0.02702702702702703,1.0,-0.02748418749767545,-0.02748418749767545
2022-12-09,2022-12-12,2022-12-19,603993.SH,CN_A,0.02702702702702703,1.0,-0.04693887847157896,-0.04693887847157907
2022-12-09,2022-12-12,2022-12-19,AA,US,0.02702702702702703,1.0,-0.0761842470592261,-0.0761842470592261
2022-12-09,2022-12-12,2022-12-19,CDE,US,0.02702702702702703,1.0,-0.05421680726992528,-0.05421680726992528
2022-12-09,2022-12-12,2022-12-19,CENX,US,0.02702702702702703,1.0,-0.11290326015796204,-0.11290326015796204
2022-12-09,2022-12-12,2022-12-19,FCX,US,0.02702702702702703,1.0,-0.03909442270949337,-0.03909442270949337
2022-12-09,2022-12-12,2022-12-19,KALU,US,0.02702702702702703,1.0,-0.0909858382252352,-0.0909858382252352
2022-12-09,2022-12-12,2022-12-19,PAAS,US,0.02702702702702703,1.0,-0.04501228140834057,-0.04501228140834057
2022-12-09,2022-12-12,2022-12-19,SCCO,US,0.02702702702702703,1.0,-0.015873248382747396,-0.015873248382747396
2022-12-09,2022-12-12,2022-12-19,SVM,US,0.02702702702702703,1.0,-0.0520833289294641,-0.0520833289294641
2022-12-09,2022-12-12,2022-12-19,UAMY,US,0.02702702702702703,1.0,0.0,0.0
2022-12-09,2022-12-12,2022-12-19,WPM,US,0.02702702702702703,1.0,-0.020204762933700215,-0.020204762933700215
2022-12-09,2022-12-12,2022-12-19,600497.SH,CN_A,0.02702702702702703,0.5555555555555556,-0.03932583175836346,-0.03932583175836335
2022-12-09,2022-12-12,2022-12-19,2899.HK,HK,0.02702702702702703,0.5,-0.009345830610513861,-0.009345830610513861
2022-12-09,2022-12-12,2022-12-19,601168.SH,CN_A,0.02702702702702703,0.5,-0.014137564134235614,-0.014137564134235614
2022-12-09,2022-12-12,2022-12-19,601899.SH,CN_A,0.02702702702702703,0.5,-0.02613732982660666,-0.02613732982660666
2022-12-09,2022-12-12,2022-12-19,ANGPY,US,0.02702702702702703,0.5,-0.07467749796964851,-0.07467749796964851
2022-12-09,2022-12-12,2022-12-19,HL,US,0.02702702702702703,0.5,-0.07181336684153372,-0.07181336684153372
2022-12-09,2022-12-12,2022-12-19,IMPUY,US,0.02702702702702703,0.5,-0.023102179915896803,-0.023102179915896803
2022-12-09,2022-12-12,2022-12-19,NEXA,US,0.02702702702702703,0.5,-0.02294450461616293,-0.02294450461616293
2022-12-09,2022-12-12,2022-12-19,NGLOY,US,0.02702702702702703,0.5,-0.03595272691109075,-0.03595272691109075
2022-12-09,2022-12-12,2022-12-19,PLG,US,0.02702702702702703,0.5,-0.09467460379489001,-0.09467460379489001
2022-12-09,2022-12-12,2022-12-19,SBSW,US,0.02702702702702703,0.5,-0.06912447163479118,-0.06912447163479118
2022-12-09,2022-12-12,2022-12-19,TECK,US,0.02702702702702703,0.5,-0.004355371038691658,-0.004355371038691658
2022-12-09,2022-12-12,2022-12-19,2362.HK,HK,0.02702702702702703,0.25,0.0,0.0
2022-12-16,2022-12-19,2022-12-28,0815.HK,HK,0.05263157894736842,1.0,-0.025000050291418274,-0.025000050291418274
2022-12-16,2022-12-19,2022-12-26,600531.SH,CN_A,0.05263157894736842,1.0,-0.018975319142310543,-0.018975319142310543
2022-12-16,2022-12-19,2022-12-27,CDE,US,0.05263157894736842,1.0,0.17515918628341254,0.17515918628341254
2022-12-16,2022-12-19,2022-12-27,PAAS,US,0.05263157894736842,1.0,0.10318476459690773,0.10318476459690773
2022-12-16,2022-12-19,2022-12-27,SVM,US,0.05263157894736842,1.0,0.17582407094050656,0.17582407094050656
2022-12-16,2022-12-19,2022-12-27,WPM,US,0.05263157894736842,1.0,0.07439311608810262,0.07439311608810262
2022-12-16,2022-12-19,2022-12-28,2899.HK,HK,0.05263157894736842,0.5,0.013207501039094405,0.013207501039094405
2022-12-16,2022-12-19,2022-12-26,601168.SH,CN_A,0.05263157894736842,0.5,-0.016252408501615356,-0.016252408501615245
2022-12-16,2022-12-19,2022-12-26,601899.SH,CN_A,0.05263157894736842,0.5,-0.027833031040290224,-0.027833031040290224
2022-12-16,2022-12-19,2022-12-27,ANGPY,US,0.05263157894736842,0.5,0.060895104902329855,0.060895104902329855
2022-12-16,2022-12-19,2022-12-27,HL,US,0.05263157894736842,0.5,0.09090926986511816,0.09090926986511816
2022-12-16,2022-12-19,2022-12-27,IMPUY,US,0.05263157894736842,0.5,0.04983104665450333,0.04983104665450333
2022-12-16,2022-12-19,2022-12-27,NEXA,US,0.05263157894736842,0.5,0.1585127628242562,0.1585127628242562
2022-12-16,2022-12-19,2022-12-27,NGLOY,US,0.05263157894736842,0.5,0.04368675670549815,0.04368675670549815
2022-12-16,2022-12-19,2022-12-27,PLG,US,0.05263157894736842,0.5,0.0653594939292863,0.0653594939292863
2022-12-16,2022-12-19,2022-12-27,SBSW,US,0.05263157894736842,0.5,0.08514845287187023,0.08514845287187023
2022-12-16,2022-12-19,2022-12-27,TECK,US,0.05263157894736842,0.5,0.07747074230922446,0.07747074230922446
2022-12-16,2022-12-19,2022-12-26,600497.SH,CN_A,0.05263157894736842,0.4444444444444444,-0.025341113616241584,-0.025341113616241584
2022-12-16,2022-12-19,2022-12-28,2362.HK,HK,0.05263157894736842,0.25,-0.06451620400160707,-0.06449226854920576
2022-12-23,2022-12-26,2023-01-03,000630.SZ,CN_A,0.034482758620689655,1.0,0.02265380427385333,0.020966204590090465
2022-12-23,2022-12-26,2023-01-03,002155.SZ,CN_A,0.034482758620689655,1.0,0.06698566410368412,0.06698566410368412
2022-12-23,2022-12-28,2023-01-03,0358.HK,HK,0.034482758620689655,1.0,0.008547013518464208,0.008547013518464208
2022-12-23,2022-12-28,2023-01-03,0815.HK,HK,0.034482758620689655,1.0,0.1025641613458057,0.1025641613458057
2022-12-23,2022-12-28,2023-01-03,3993.HK,HK,0.034482758620689655,1.0,0.013698642041612974,0.013698642041612974
2022-12-23,2022-12-26,2023-01-03,600362.SH,CN_A,0.034482758620689655,1.0,0.04353007547994814,0.043300510414104654
2022-12-23,2022-12-26,2023-01-03,600531.SH,CN_A,0.034482758620689655,1.0,0.023210716407813026,0.02525698845314661
2022-12-23,2022-12-26,2023-01-03,601020.SH,CN_A,0.034482758620689655,1.0,0.016379140162506634,0.016379140162506634
2022-12-23,2022-12-26,2023-01-03,603993.SH,CN_A,0.034482758620689655,1.0,0.02207491761823621,0.02207491761823621
2022-12-23,2022-12-27,2023-01-03,CDE,US,0.034482758620689655,1.0,-0.07859073647407011,-0.07859073647407011
2022-12-23,2022-12-27,2023-01-03,FCX,US,0.034482758620689655,1.0,-0.02469127930040138,-0.02469127930040138
2022-12-23,2022-12-27,2023-01-03,PAAS,US,0.034482758620689655,1.0,-0.008660494617866665,-0.008660494617866665
2022-12-23,2022-12-27,2023-01-03,SCCO,US,0.034482758620689655,1.0,-0.008845309863892203,-0.008845309863892203
2022-12-23,2022-12-27,2023-01-03,SVM,US,0.034482758620689655,1.0,-0.05919003115264798,-0.05919003115264798
2022-12-23,2022-12-27,2023-01-03,UAMY,US,0.034482758620689655,1.0,0.06666667108182556,0.06666667108182556
2022-12-23,2022-12-27,2023-01-03,WPM,US,0.034482758620689655,1.0,-0.014334355089779205,-0.014334355089779205
2022-12-23,2022-12-26,2023-01-03,600497.SH,CN_A,0.034482758620689655,0.5555555555555556,0.01999995425302359,0.019691956178480075
2022-12-23,2022-12-28,2023-01-03,2899.HK,HK,0.034482758620689655,0.5,0.0465550225379574,0.045650094430102595
2022-12-23,2022-12-26,2023-01-03,601168.SH,CN_A,0.034482758620689655,0.5,0.01360542433702272,0.010173911762557886
2022-12-23,2022-12-26,2023-01-03,601899.SH,CN_A,0.034482758620689655,0.5,0.07668698046238998,0.07668698046238998
2022-12-23,2022-12-27,2023-01-03,ANGPY,US,0.034482758620689655,0.5,-0.010027725348701222,-0.010027725348701222
2022-12-23,2022-12-27,2023-01-03,HL,US,0.034482758620689655,0.5,0.0035460471859372067,0.0035460471859372067
2022-12-23,2022-12-27,2023-01-03,IMPUY,US,0.034482758620689655,0.5,0.021721653108795147,0.021721653108795147
2022-12-23,2022-12-27,2023-01-03,NEXA,US,0.034482758620689655,0.5,-0.032094605191434034,-0.032094605191434034
2022-12-23,2022-12-27,2023-01-03,NGLOY,US,0.034482758620689655,0.5,-0.002807342256197387,-0.002807342256197387
2022-12-23,2022-12-27,2023-01-03,PLG,US,0.034482758620689655,0.5,0.04294481758089841,0.04294481758089841
2022-12-23,2022-12-27,2023-01-03,SBSW,US,0.034482758620689655,0.5,-0.010948864990681262,-0.010948864990681262
2022-12-23,2022-12-27,2023-01-03,TECK,US,0.034482758620689655,0.5,-0.07012212248427463,-0.07012212248427463
2022-12-23,2022-12-28,2023-01-03,2362.HK,HK,0.034482758620689655,0.25,-0.017241348970116088,-0.0172413489701162
2022-12-30,2023-01-03,2023-01-09,000426.SZ,CN_A,0.023809523809523808,1.0,0.01774202346343201,0.01774202346343201
2022-12-30,2023-01-03,2023-01-09,000630.SZ,CN_A,0.023809523809523808,1.0,0.009493634136528595,0.009493634136528373
2022-12-30,2023-01-03,2023-01-09,000807.SZ,CN_A,0.023809523809523808,1.0,0.03687038197239034,0.036870381972390565
2022-12-30,2023-01-03,2023-01-09,000933.SZ,CN_A,0.023809523809523808,1.0,0.002634861330046423,0.002634861330046423
2022-12-30,2023-01-03,2023-01-09,000960.SZ,CN_A,0.023809523809523808,1.0,-0.005649729554325522,-0.005649729554325411
2022-12-30,2023-01-03,2023-01-09,002155.SZ,CN_A,0.023809523809523808,1.0,0.0343796730202508,0.03437967302025058
2022-12-30,2023-01-03,2023-01-09,0358.HK,HK,0.023809523809523808,1.0,0.06779664926989692,0.06779664926989692
2022-12-30,2023-01-03,2023-01-09,0815.HK,HK,0.023809523809523808,1.0,0.011627895694091173,0.011308206754933714
2022-12-30,2023-01-03,2023-01-09,1378.HK,HK,0.023809523809523808,1.0,0.06117023393665777,0.06117023393665777
2022-12-30,2023-01-03,2023-01-09,2600.HK,HK,0.023809523809523808,1.0,0.09792282424348953,0.09792282424348975
2022-12-30,2023-01-03,2023-01-09,3993.HK,HK,0.023809523809523808,1.0,0.06756755405167136,0.06606486932448141
2022-12-30,2023-01-03,2023-01-09,600362.SH,CN_A,0.023809523809523808,1.0,0.044571615385974095,0.044571615385974095
2022-12-30,2023-01-03,2023-01-09,600531.SH,CN_A,0.023809523809523808,1.0,0.039697713334697626,0.039697713334697626
2022-12-30,2023-01-03,2023-01-09,601020.SH,CN_A,0.023809523809523808,1.0,0.07888054696672109,0.07888054696672087
2022-12-30,2023-01-03,2023-01-09,601600.SH,CN_A,0.023809523809523808,1.0,0.03303963995211179,0.03303963995211179
2022-12-30,2023-01-03,2023-01-09,603993.SH,CN_A,0.023809523809523808,1.0,0.04535630672812707,0.04535630672812707
2022-12-30,2023-01-03,2023-01-09,AA,US,0.023809523809523808,1.0,0.1276356298485013,0.1276356298485013
2022-12-30,2023-01-03,2023-01-09,AFMJF,US,0.023809523809523808,1.0,0.12698400768657958,0.12698400768657958
2022-12-30,2023-01-03,2023-01-09,CDE,US,0.023809523809523808,1.0,0.0911764131878956,0.0911764131878956
2022-12-30,2023-01-03,2023-01-09,CENX,US,0.023809523809523808,1.0,0.1779142123691213,0.1779142123691213
2022-12-30,2023-01-03,2023-01-09,FCX,US,0.023809523809523808,1.0,0.12948319997890945,0.12948319997890945
2022-12-30,2023-01-03,2023-01-09,KALU,US,0.023809523809523808,1.0,0.12039101653347473,0.12039101653347473
2022-12-30,2023-01-03,2023-01-09,MLXEF,US,0.023809523809523808,1.0,0.0500000458497285,0.0500000458497285
2022-12-30,2023-01-03,2023-01-09,PAAS,US,0.023809523809523808,1.0,0.024461302223429016,0.024461302223429016
2022-12-30,2023-01-03,2023-01-09,SCCO,US,0.023809523809523808,1.0,0.12250536065784301,0.12250536065784301
2022-12-30,2023-01-03,2023-01-09,SVM,US,0.023809523809523808,1.0,0.09933774834437092,0.09933774834437092
2022-12-30,2023-01-03,2023-01-09,UAMY,US,0.023809523809523808,1.0,-0.0416666278615585,-0.0416666278615585
2022-12-30,2023-01-03,2023-01-09,WPM,US,0.023809523809523808,1.0,0.056938658166301837,0.056938658166301837
2022-12-30,2023-01-03,2023-01-09,600497.SH,CN_A,0.023809523809523808,0.5555555555555556,-0.0019606575985445795,-0.0019606575985445795
2022-12-30,2023-01-03,2023-01-09,2899.HK,HK,0.023809523809523808,0.5,0.11209961721443085,0.11209961721443062
2022-12-30,2023-01-03,2023-01-09,601168.SH,CN_A,0.023809523809523808,0.5,0.04889735609339496,0.04889735609339496
2022-12-30,2023-01-03,2023-01-09,601899.SH,CN_A,0.023809523809523808,0.5,0.0864198327277943,0.08641983272779452
2022-12-30,2023-01-03,2023-01-09,ANGPY,US,0.023809523809523808,0.5,0.03981841517264262,0.03981841517264262
2022-12-30,2023-01-03,2023-01-09,HL,US,0.023809523809523808,0.5,0.060070733704854495,0.060070733704854495
2022-12-30,2023-01-03,2023-01-09,IMPUY,US,0.023809523809523808,0.5,0.06692917275052368,0.06692917275052368
2022-12-30,2023-01-03,2023-01-09,NEXA,US,0.023809523809523808,0.5,0.09773124016247858,0.09773124016247858
2022-12-30,2023-01-03,2023-01-09,NGLOY,US,0.023809523809523808,0.5,0.10417176287597152,0.10417176287597152
2022-12-30,2023-01-03,2023-01-09,PLG,US,0.023809523809523808,0.5,0.02941173583166079,0.02941173583166079
2022-12-30,2023-01-03,2023-01-09,SBSW,US,0.023809523809523808,0.5,0.09225086572343177,0.09225086572343177
2022-12-30,2023-01-03,2023-01-09,TECK,US,0.023809523809523808,0.5,0.08060123545924402,0.08060123545924402
2022-12-30,2023-01-03,2023-01-09,2362.HK,HK,0.023809523809523808,0.25,0.08771935183443347,0.08771935183443347
2023-01-06,2023-01-09,2023-01-16,000426.SZ,CN_A,0.041666666666666664,1.0,0.0015847590718809368,0.0015847590718811588
2023-01-06,2023-01-09,2023-01-16,000960.SZ,CN_A,0.041666666666666664,1.0,0.04971587276163447,0.04971587276163447
2023-01-06,2023-01-09,2023-01-16,0815.HK,HK,0.041666666666666664,1.0,0.03448272554637244,0.03448272554637244
2023-01-06,2023-01-09,2023-01-16,600531.SH,CN_A,0.041666666666666664,1.0,-0.005454727875292109,-0.005454727875292109
2023-01-06,2023-01-09,2023-01-17,AFMJF,US,0.041666666666666664,1.0,0.02816901706635444,0.02816901706635444
2023-01-06,2023-01-09,2023-01-17,CDE,US,0.041666666666666664,1.0,-0.016172445524029966,-0.016172445524029966
2023-01-06,2023-01-09,2023-01-17,MLXEF,US,0.041666666666666664,1.0,0.12967034046696857,0.12967034046696857
2023-01-06,2023-01-09,2023-01-17,PAAS,US,0.041666666666666664,1.0,0.045480352272719404,0.045480352272719404
2023-01-06,2023-01-09,2023-01-17,SVM,US,0.041666666666666664,1.0,-0.012048266119390472,-0.012048266119390472
2023-01-06,2023-01-09,2023-01-17,WPM,US,0.041666666666666664,1.0,0.027751939549558235,0.027751939549558235
2023-01-06,2023-01-09,2023-01-16,2899.HK,HK,0.041666666666666664,0.5,-0.0016000891684395668,-0.0016000891684396779
2023-01-06,2023-01-09,2023-01-16,601168.SH,CN_A,0.041666666666666664,0.5,0.011883113651826482,0.011883113651826482
2023-01-06,2023-01-09,2023-01-16,601899.SH,CN_A,0.041666666666666664,0.5,0.006118865857582811,0.006118865857582811
2023-01-06,2023-01-09,2023-01-17,ANGPY,US,0.041666666666666664,0.5,-0.08632842261679508,-0.08632842261679508
2023-01-06,2023-01-09,2023-01-17,HL,US,0.041666666666666664,0.5,0.00666648789208768,0.00666648789208768
2023-01-06,2023-01-09,2023-01-17,IMPUY,US,0.041666666666666664,0.5,-0.051660478857434855,-0.051660478857434855
2023-01-06,2023-01-09,2023-01-17,NEXA,US,0.041666666666666664,0.5,0.16693166910525292,0.16693166910525292
2023-01-06,2023-01-09,2023-01-17,NGLOY,US,0.041666666666666664,0.5,0.019007940381451593,0.019007940381451593
2023-01-06,2023-01-09,2023-01-17,PLG,US,0.041666666666666664,0.5,-0.051428590502057725,-0.051428590502057725
2023-01-06,2023-01-09,2023-01-17,SBSW,US,0.041666666666666664,0.5,-0.01689191716032523,-0.01689191716032523
2023-01-06,2023-01-09,2023-01-17,TECK,US,0.041666666666666664,0.5,0.03261702304576786,0.03261702304576786
2023-01-06,2023-01-09,2023-01-16,600497.SH,CN_A,0.041666666666666664,0.4444444444444444,0.02554015325317538,0.02554015325317538
2023-01-06,2023-01-09,2023-01-16,2362.HK,HK,0.041666666666666664,0.25,0.04838700774809168,0.04834674096427394
2023-01-13,2023-01-16,2023-01-30,000426.SZ,CN_A,0.023809523809523808,1.0,0.03955705188195102,0.03955705188195102
2023-01-13,2023-01-16,2023-01-30,000630.SZ,CN_A,0.023809523809523808,1.0,0.026946238665549904,0.026946238665549904
2023-01-13,2023-01-16,2023-01-30,000960.SZ,CN_A,0.023809523809523808,1.0,0.037212428212329174,0.037212428212329174
2023-01-13,2023-01-16,2023-01-30,002155.SZ,CN_A,0.023809523809523808,1.0,0.08189659317362419,0.08189659317362419
2023-01-13,2023-01-16,2023-01-26,0358.HK,HK,0.023809523809523808,1.0,0.07894732914689606,0.07894732914689606
2023-01-13,2023-01-16,2023-01-26,0815.HK,HK,0.023809523809523808,1.0,-0.011111100809073515,-0.011111100809073515
2023-01-13,2023-01-16,2023-01-26,1164.HK,HK,0.023809523809523808,1.0,0.13829795642282594,0.13829795642282594
2023-01-13,2023-01-16,2023-01-26,2302.HK,HK,0.023809523809523808,1.0,0.17733996974785304,0.17733996974785282
2023-01-13,2023-01-16,2023-01-26,3993.HK,HK,0.023809523809523808,1.0,0.0939085427702735,0.0939085427702735
2023-01-13,2023-01-16,2023-01-30,600362.SH,CN_A,0.023809523809523808,1.0,0.052060603663659055,0.052060603663659055
2023-01-13,2023-01-16,2023-01-30,600531.SH,CN_A,0.023809523809523808,1.0,0.05301661107079081,0.05301661107079081
2023-01-13,2023-01-16,2023-01-30,601020.SH,CN_A,0.023809523809523808,1.0,0.07334387152560495,0.07334387152560495
2023-01-13,2023-01-16,2023-01-30,601985.SH,CN_A,0.023809523809523808,1.0,0.005000020723809007,0.005000020723809007
2023-01-13,2023-01-16,2023-01-30,603993.SH,CN_A,0.023809523809523808,1.0,0.12704911748017977,0.12704911748017977
2023-01-13,2023-01-17,2023-01-23,AFMJF,US,0.023809523809523808,1.0,0.013698528591906456,0.013698528591906456
2023-01-13,2023-01-17,2023-01-23,CCJ,US,0.023809523809523808,1.0,0.05704174514266436,0.05704174514266436
2023-01-13,2023-01-17,2023-01-23,CDE,US,0.023809523809523808,1.0,0.13698631928589244,0.13698631928589244
2023-01-13,2023-01-17,2023-01-23,DNN,US,0.023809523809523808,1.0,0.05384619616898001,0.05384619616898001
2023-01-13,2023-01-17,2023-01-23,FCX,US,0.023809523809523808,1.0,0.018119859744704536,0.018119859744704536
2023-01-13,2023-01-17,2023-01-23,MLXEF,US,0.023809523809523808,1.0,0.0654344572629002,0.0654344572629002
2023-01-13,2023-01-17,2023-01-23,NXE,US,0.023809523809523808,1.0,0.006451555345359905,0.006451555345359905
2023-01-13,2023-01-17,2023-01-23,PAAS,US,0.023809523809523808,1.0,0.022294594791183897,0.022294594791183897
2023-01-13,2023-01-17,2023-01-23,SCCO,US,0.023809523809523808,1.0,-0.01564751921744778,-0.01564751921744778
2023-01-13,2023-01-17,2023-01-23,SVM,US,0.023809523809523808,1.0,0.027439026427394042,0.027439026427394042
2023-01-13,2023-01-17,2023-01-23,UAMY,US,0.023809523809523808,1.0,-0.10869567611717734,-0.10869567611717734
2023-01-13,2023-01-17,2023-01-23,UEC,US,0.023809523809523808,1.0,0.026525173776789313,0.026525173776789313
2023-01-13,2023-01-17,2023-01-23,WPM,US,0.023809523809523808,1.0,0.029952401357624225,0.029952401357624225
2023-01-13,2023-01-16,2023-01-30,600497.SH,CN_A,0.023809523809523808,0.5555555555555556,0.04214555876573578,0.042145558765736
2023-01-13,2023-01-16,2023-01-26,2899.HK,HK,0.023809523809523808,0.5,0.07051285246084649,0.07075461566299723
2023-01-13,2023-01-16,2023-01-30,601168.SH,CN_A,0.023809523809523808,0.5,0.04245702613327884,0.04245702613327884
2023-01-13,2023-01-16,2023-01-30,601899.SH,CN_A,0.023809523809523808,0.5,0.0017376529045589617,0.0017376529045591838
2023-01-13,2023-01-17,2023-01-23,ANGPY,US,0.023809523809523808,0.5,-0.04191197623835785,-0.04191197623835785
2023-01-13,2023-01-17,2023-01-23,HL,US,0.023809523809523808,0.5,0.04966903544273871,0.04966903544273871
2023-01-13,2023-01-17,2023-01-23,IMPUY,US,0.023809523809523808,0.5,-0.004669385330662745,-0.004669385330662745
2023-01-13,2023-01-17,2023-01-23,NEXA,US,0.023809523809523808,0.5,-0.0040872703115516495,-0.0040872703115516495
2023-01-13,2023-01-17,2023-01-23,NGLOY,US,0.023809523809523808,0.5,0.0213830052521764,0.0213830052521764
2023-01-13,2023-01-17,2023-01-23,PLG,US,0.023809523809523808,0.5,-0.0361445445698767,-0.0361445445698767
2023-01-13,2023-01-17,2023-01-23,SBSW,US,0.023809523809523808,0.5,-0.016322986966663677,-0.016322986966663677
2023-01-13,2023-01-17,2023-01-23,TECK,US,0.023809523809523808,0.5,0.03746300167616279,0.03746300167616279
2023-01-13,2023-01-17,2023-01-23,UUUU,US,0.023809523809523808,0.5,0.04867255361270595,0.04867255361270595
2023-01-13,2023-01-16,2023-01-26,2362.HK,HK,0.023809523809523808,0.25,0.06153853827336753,0.061538538273367305
2023-01-20,2023-01-26,2023-01-30,0358.HK,HK,0.016666666666666666,1.0,-0.025824980942121933,-0.025824980942121822
2023-01-20,2023-01-26,2023-01-30,0815.HK,HK,0.016666666666666666,1.0,-0.01123594452133514,-0.01123594452133514
2023-01-20,2023-01-26,2023-01-30,1164.HK,HK,0.016666666666666666,1.0,-0.05607484799385032,-0.05607484799385032
2023-01-20,2023-01-26,2023-01-30,1378.HK,HK,0.016666666666666666,1.0,-0.023026332928709703,-0.023026332928709592
2023-01-20,2023-01-26,2023-01-30,2302.HK,HK,0.016666666666666666,1.0,0.15899575704728885,0.15899575704728885
2023-01-20,2023-01-26,2023-01-30,2600.HK,HK,0.016666666666666666,1.0,-0.011876676914525097,-0.011876676914525097
2023-01-20,2023-01-26,2023-01-30,3993.HK,HK,0.016666666666666666,1.0,0.018561341625722205,0.018561341625722427
2023-01-20,2023-01-26,2023-01-30,6680.HK,HK,0.016666666666666666,1.0,0.01651359921234974,0.01651359921234974
2023-01-20,2023-01-23,2023-01-30,AA,US,0.016666666666666666,1.0,-0.02724615395351515,-0.02724615395351515
2023-01-20,2023-01-23,2023-01-30,AFMJF,US,0.016666666666666666,1.0,0.0,0.0
2023-01-20,2023-01-23,2023-01-30,CCJ,US,0.016666666666666666,1.0,0.034983157090697325,0.034983157090697325
2023-01-20,2023-01-23,2023-01-30,CDE,US,0.016666666666666666,1.0,-0.06024102829968281,-0.06024102829968281
2023-01-20,2023-01-23,2023-01-30,CENX,US,0.016666666666666666,1.0,-0.014111060262437136,-0.014111060262437136
2023-01-20,2023-01-23,2023-01-30,DNN,US,0.016666666666666666,1.0,0.07299271787868733,0.07299271787868733
2023-01-20,2023-01-23,2023-01-30,FCX,US,0.016666666666666666,1.0,-0.021579613905967743,-0.021579613905967743
2023-01-20,2023-01-23,2023-01-30,KALU,US,0.016666666666666666,1.0,0.007526944031849947,0.007526944031849947
2023-01-20,2023-01-23,2023-01-30,MLXEF,US,0.016666666666666666,1.0,-0.060198370749497854,-0.060198370749497854
2023-01-20,2023-01-23,2023-01-30,MP,US,0.016666666666666666,1.0,0.02599087781721976,0.02599087781721976
2023-01-20,2023-01-23,2023-01-30,NXE,US,0.016666666666666666,1.0,0.044871804668745296,0.044871804668745296
2023-01-20,2023-01-23,2023-01-30,PAAS,US,0.016666666666666666,1.0,-0.03563816739034864,-0.03563816739034864
2023-01-20,2023-01-23,2023-01-30,SCCO,US,0.016666666666666666,1.0,0.004849655739840086,0.004849655739840086
2023-01-20,2023-01-23,2023-01-30,SVM,US,0.016666666666666666,1.0,-0.017804083329142295,-0.017804083329142295
2023-01-20,2023-01-23,2023-01-30,UAMY,US,0.016666666666666666,1.0,-0.04878051439826525,-0.04878051439826525
2023-01-20,2023-01-23,2023-01-30,UEC,US,0.016666666666666666,1.0,0.056847615900388115,0.056847615900388115
2023-01-20,2023-01-23,2023-01-30,USA,US,0.016666666666666666,1.0,0.011513225843188035,0.011513225843188035
2023-01-20,2023-01-23,2023-01-30,UUUU,US,0.016666666666666666,1.0,0.05203936408032028,0.05203936408032028
2023-01-20,2023-01-23,2023-01-30,WPM,US,0.016666666666666666,1.0,-0.005507808862881158,-0.005507808862881158
2023-01-20,2023-01-26,2023-01-30,2899.HK,HK,0.016666666666666666,0.5,-0.044910202175365566,-0.04491020217536568
2023-01-20,2023-01-23,2023-01-30,ANGPY,US,0.016666666666666666,0.5,-0.04221013500758686,-0.04221013500758686
2023-01-20,2023-01-23,2023-01-30,HL,US,0.016666666666666666,0.5,-0.03154588986456963,-0.03154588986456963
2023-01-20,2023-01-23,2023-01-30,IMPUY,US,0.016666666666666666,0.5,-0.0899139542406131,-0.0899139542406131
2023-01-20,2023-01-23,2023-01-30,NEXA,US,0.016666666666666666,0.5,0.010943913106133296,0.010943913106133296
2023-01-20,2023-01-23,2023-01-30,NGLOY,US,0.016666666666666666,0.5,-0.02806224818175662,-0.02806224818175662
2023-01-20,2023-01-23,2023-01-30,PLG,US,0.016666666666666666,0.5,0.01874998183921006,0.01874998183921006
2023-01-20,2023-01-23,2023-01-30,SBSW,US,0.016666666666666666,0.5,-0.0672488192281937,-0.0672488192281937
2023-01-20,2023-01-23,2023-01-30,TECK,US,0.016666666666666666,0.5,-0.02430942900652966,-0.02430942900652966
2023-01-20,2023-01-26,2023-01-30,2362.HK,HK,0.016666666666666666,0.25,0.014492640129890821,0.014492640129890821
2023-01-27,2023-01-30,2023-02-06,000426.SZ,CN_A,0.018518518518518517,1.0,0.022830880136962772,0.02283088013696255
2023-01-27,2023-01-30,2023-02-06,000630.SZ,CN_A,0.018518518518518517,1.0,-0.0029154403917523997,-0.0029154403917525107
2023-01-27,2023-01-30,2023-02-06,000807.SZ,CN_A,0.018518518518518517,1.0,0.007501974614219309,0.007501974614219309
2023-01-27,2023-01-30,2023-02-06,000831.SZ,CN_A,0.018518518518518517,1.0,0.07121958815333551,0.07121958815333529
2023-01-27,2023-01-30,2023-02-06,000933.SZ,CN_A,0.018518518518518517,1.0,0.019362162602345023,0.019362162602345023
2023-01-27,2023-01-30,2023-02-06,000960.SZ,CN_A,0.018518518518518517,1.0,-0.016960180406063285,-0.016960180406063063
2023-01-27,2023-01-30,2023-02-06,000970.SZ,CN_A,0.018518518518518517,1.0,0.017639043548083322,0.017639043548083322
2023-01-27,2023-01-30,2023-02-06,002155.SZ,CN_A,0.018518518518518517,1.0,0.13811417997704933,0.1381141799770491
2023-01-27,2023-01-30,2023-02-06,0358.HK,HK,0.018518518518518517,1.0,-0.054491769217874575,-0.054431081131868786
2023-01-27,2023-01-30,2023-02-06,0815.HK,HK,0.018518518518518517,1.0,0.0,-0.0001223562855863225
2023-01-27,2023-01-30,2023-02-06,1164.HK,HK,0.018518518518518517,1.0,-0.09900981641181428,-0.09868094986427733
2023-01-27,2023-01-30,2023-02-06,1378.HK,HK,0.018518518518518517,1.0,-0.04826053379784667,-0.048055514267479116
2023-01-27,2023-01-30,2023-02-06,2302.HK,HK,0.018518518518518517,1.0,0.014440419540959093,0.014440419540959093
2023-01-27,2023-01-30,2023-02-06,2600.HK,HK,0.018518518518518517,1.0,-0.03846143927832868,-0.03846143927832868
2023-01-27,2023-01-30,2023-02-06,300748.SZ,CN_A,0.018518518518518517,1.0,0.007431652836614955,0.007431652836614955
2023-01-27,2023-01-30,2023-02-06,3993.HK,HK,0.018518518518518517,1.0,0.03189088553144659,0.03283146248622426
2023-01-27,2023-01-30,2023-02-06,600111.SH,CN_A,0.018518518518518517,1.0,0.008582282993926604,0.008582282993926604
2023-01-27,2023-01-30,2023-02-06,600362.SH,CN_A,0.018518518518518517,1.0,-0.01855677720492377,-0.01855677720492377
2023-01-27,2023-01-30,2023-02-06,600366.SH,CN_A,0.018518518518518517,1.0,-0.010869629158058003,-0.010869629158058003
2023-01-27,2023-01-30,2023-02-06,600392.SH,CN_A,0.018518518518518517,1.0,0.015970465712887627,0.015970465712887627
2023-01-27,2023-01-30,2023-02-06,600531.SH,CN_A,0.018518518518518517,1.0,0.013888968031859239,0.013888968031859017
2023-01-27,2023-01-30,2023-02-06,601020.SH,CN_A,0.018518518518518517,1.0,0.1976488812999786,0.1976488812999786
2023-01-27,2023-01-30,2023-02-06,601600.SH,CN_A,0.018518518518518517,1.0,0.007604663885422358,0.007604663885422358
2023-01-27,2023-01-30,2023-02-06,601985.SH,CN_A,0.018518518518518517,1.0,-0.004975144896223971,-0.004975144896223971
2023-01-27,2023-01-30,2023-02-06,603993.SH,CN_A,0.018518518518518517,1.0,0.03818185742221947,0.03818185742221969
2023-01-27,2023-01-30,2023-02-06,6680.HK,HK,0.018518518518518517,1.0,-0.054151472890618946,-0.054151472890618946
2023-01-27,2023-01-30,2023-02-06,AA,US,0.018518518518518517,1.0,0.03337288990347265,0.03337288990347265
2023-01-27,2023-01-30,2023-02-06,AFMJF,US,0.018518518518518517,1.0,-0.12162154476226572,-0.12162154476226572
2023-01-27,2023-01-30,2023-02-06,CCJ,US,0.018518518518518517,1.0,-0.019417398034445976,-0.019417398034445976
2023-01-27,2023-01-30,2023-02-06,CDE,US,0.018518518518518517,1.0,-0.0769230910465275,-0.0769230910465275
2023-01-27,2023-01-30,2023-02-06,CENX,US,0.018518518518518517,1.0,0.0066794514843651065,0.0066794514843651065
2023-01-27,2023-01-30,2023-02-06,DNN,US,0.018518518518518517,1.0,-0.10204079812158606,-0.10204079812158606
2023-01-27,2023-01-30,2023-02-06,FCX,US,0.018518518518518517,1.0,-0.02341969633136165,-0.02341969633136165
2023-01-27,2023-01-30,2023-02-06,KALU,US,0.018518518518518517,1.0,0.04073756181278898,0.04073756181278898
2023-01-27,2023-01-30,2023-02-06,MLXEF,US,0.018518518518518517,1.0,-0.11949485837576002,-0.11949485837576002
2023-01-27,2023-01-30,2023-02-06,MP,US,0.018518518518518517,1.0,0.04813168315665606,0.04813168315665606
2023-01-27,2023-01-30,2023-02-06,NXE,US,0.018518518518518517,1.0,-0.07770953946402914,-0.07770953946402914
2023-01-27,2023-01-30,2023-02-06,PAAS,US,0.018518518518518517,1.0,-0.06177621825968482,-0.06177621825968482
2023-01-27,2023-01-30,2023-02-06,SCCO,US,0.018518518518518517,1.0,0.0034854634697456532,0.0034854634697456532
2023-01-27,2023-01-30,2023-02-06,SVM,US,0.018518518518518517,1.0,-0.02114803625377648,-0.02114803625377648
2023-01-27,2023-01-30,2023-02-06,UAMY,US,0.018518518518518517,1.0,0.025641078544558438,0.025641078544558438
2023-01-27,2023-01-30,2023-02-06,UEC,US,0.018518518518518517,1.0,-0.0635697357412871,-0.0635697357412871
2023-01-27,2023-01-30,2023-02-06,USA,US,0.018518518518518517,1.0,0.019512200919689304,0.019512200919689304
2023-01-27,2023-01-30,2023-02-06,UUUU,US,0.018518518518518517,1.0,-0.04278077150339554,-0.04278077150339554
2023-01-27,2023-01-30,2023-02-06,WPM,US,0.018518518518518517,1.0,-0.032343830623223435,-0.032343830623223435
2023-01-27,2023-01-30,2023-02-06,600497.SH,CN_A,0.018518518518518517,0.5555555555555556,0.0018383076675501098,0.0018383076675498877
2023-01-27,2023-01-30,2023-02-06,2899.HK,HK,0.018518518518518517,0.5,-0.03918478399952552,-0.03918478399952552
2023-01-27,2023-01-30,2023-02-06,601168.SH,CN_A,0.018518518518518517,0.5,-0.014731284749326945,-0.014731284749326945
2023-01-27,2023-01-30,2023-02-06,601899.SH,CN_A,0.018518518518518517,0.5,-0.012142207135399818,-0.01214220713539993
2023-01-27,2023-01-30,2023-02-06,HL,US,0.018518518518518517,0.5,-0.04723097906303819,-0.04723097906303819
2023-01-27,2023-01-30,2023-02-06,NEXA,US,0.018518518518518517,0.5,-0.12855207960102777,-0.12855207960102777
2023-01-27,2023-01-30,2023-02-06,TECK,US,0.018518518518518517,0.5,0.01257837287182606,0.01257837287182606
2023-02-03,2023-02-06,2023-02-13,000408.SZ,CN_A,0.017857142857142856,1.0,0.007505458558509703,0.007663539249227247
2023-02-03,2023-02-06,2023-02-13,000630.SZ,CN_A,0.017857142857142856,1.0,-0.014619977386319372,-0.014619977386319372
2023-02-03,2023-02-06,2023-02-13,000792.SZ,CN_A,0.017857142857142856,1.0,0.01845162771125808,0.01380439800012856
2023-02-03,2023-02-06,2023-02-13,000807.SZ,CN_A,0.017857142857142856,1.0,-0.028294846459448797,-0.028294846459448797
2023-02-03,2023-02-06,2023-02-13,000831.SZ,CN_A,0.017857142857142856,1.0,-0.03506376328269023,-0.018159122991772136
2023-02-03,2023-02-06,2023-02-13,000933.SZ,CN_A,0.017857142857142856,1.0,-0.03575417236276035,-0.03575417236276024
2023-02-03,2023-02-06,2023-02-13,000970.SZ,CN_A,0.017857142857142856,1.0,-0.0033332349218755386,-0.0011281999068952775
2023-02-03,2023-02-06,2023-02-13,002155.SZ,CN_A,0.017857142857142856,1.0,0.030921841508309456,0.02777143747345523
2023-02-03,2023-02-06,2023-02-13,002460.SZ,CN_A,0.017857142857142856,1.0,0.018657660723791603,0.01865766072379138
2023-02-03,2023-02-06,2023-02-13,002466.SZ,CN_A,0.017857142857142856,1.0,-0.02063538235889195,-0.020796858397100104
2023-02-03,2023-02-06,2023-02-13,0358.HK,HK,0.017857142857142856,1.0,0.004672899672979236,0.004672899672979236
2023-02-03,2023-02-06,2023-02-13,1164.HK,HK,0.017857142857142856,1.0,-0.010989092747855866,-0.010989092747855866
2023-02-03,2023-02-06,2023-02-13,1378.HK,HK,0.017857142857142856,1.0,0.0035379574306930728,0.0035379574306930728
2023-02-03,2023-02-06,2023-02-13,1772.HK,HK,0.017857142857142856,1.0,0.007288540702132806,0.006910429687299047
2023-02-03,2023-02-06,2023-02-13,2237.HK,HK,0.017857142857142856,1.0,0.15000001202844593,0.15000001202844593
2023-02-03,2023-02-06,2023-02-13,2302.HK,HK,0.017857142857142856,1.0,-0.07473311118264614,-0.07485614040286803
2023-02-03,2023-02-06,2023-02-13,2600.HK,HK,0.017857142857142856,1.0,0.04999996402310858,0.04963913612688153
2023-02-03,2023-02-06,2023-02-13,300748.SZ,CN_A,0.017857142857142856,1.0,0.03275289736001974,0.03275289736001974
2023-02-03,2023-02-06,2023-02-13,3993.HK,HK,0.017857142857142856,1.0,0.008829982401187486,0.008829982401187708
2023-02-03,2023-02-06,2023-02-13,600111.SH,CN_A,0.017857142857142856,1.0,-0.01974131672197388,-0.020227659546538268
2023-02-03,2023-02-06,2023-02-13,600362.SH,CN_A,0.017857142857142856,1.0,-0.0010503695279907577,-0.0010503695279908687
2023-02-03,2023-02-06,2023-02-13,600366.SH,CN_A,0.017857142857142856,1.0,0.005917118707795543,0.0052110748236164905
2023-02-03,2023-02-06,2023-02-13,600392.SH,CN_A,0.017857142857142856,1.0,-0.012091874619285181,-0.01209187461928507
2023-02-03,2023-02-06,2023-02-13,600516.SH,CN_A,0.017857142857142856,1.0,0.006088307675673477,0.006088307675673477
2023-02-03,2023-02-06,2023-02-13,600884.SH,CN_A,0.017857142857142856,1.0,-0.01845011264139329,-0.01361888835869185
2023-02-03,2023-02-06,2023-02-13,601020.SH,CN_A,0.017857142857142856,1.0,0.06012277946665634,0.061261054240959734
2023-02-03,2023-02-06,2023-02-13,601600.SH,CN_A,0.017857142857142856,1.0,0.0037735390629065613,0.0037735390629065613
2023-02-03,2023-02-06,2023-02-13,601985.SH,CN_A,0.017857142857142856,1.0,0.0016666171832857568,0.0004968475380440207
2023-02-03,2023-02-06,2023-02-13,603659.SH,CN_A,0.017857142857142856,1.0,-0.039603904243425525,-0.03964538962629316
2023-02-03,2023-02-06,2023-02-13,603993.SH,CN_A,0.017857142857142856,1.0,0.005253881095870883,0.0049147980116084344
2023-02-03,2023-02-06,2023-02-13,6680.HK,HK,0.017857142857142856,1.0,0.026717491243877234,0.026717491243877234
2023-02-03,2023-02-06,2023-02-13,9696.HK,HK,0.017857142857142856,1.0,-0.01949457933709864,-0.020451803456470685
2023-02-03,2023-02-06,2023-02-13,AA,US,0.017857142857142856,1.0,-0.07823916711136569,-0.07823916711136569
2023-02-03,2023-02-06,2023-02-13,ALB,US,0.017857142857142856,1.0,-0.024854585572502197,-0.024854585572502197
2023-02-03,2023-02-06,2023-02-13,CCJ,US,0.017857142857142856,1.0,0.060506014770835614,0.060506014770835614
2023-02-03,2023-02-06,2023-02-13,CENX,US,0.017857142857142856,1.0,-0.03127961305591864,-0.03127961305591864
2023-02-03,2023-02-06,2023-02-13,DNN,US,0.017857142857142856,1.0,0.00757575004991895,0.00757575004991895
2023-02-03,2023-02-06,2023-02-13,FCX,US,0.017857142857142856,1.0,-0.019557600925872998,-0.019557600925872998
2023-02-03,2023-02-06,2023-02-13,GPHOF,US,0.017857142857142856,1.0,0.32558135666545573,0.32558135666545573
2023-02-03,2023-02-06,2023-02-13,KALU,US,0.017857142857142856,1.0,-0.04295637665817775,-0.04295637665817775
2023-02-03,2023-02-06,2023-02-13,MP,US,0.017857142857142856,1.0,-0.031117789328666268,-0.031117789328666268
2023-02-03,2023-02-06,2023-02-13,NMG,US,0.017857142857142856,1.0,0.021621600258574514,0.021621600258574514
2023-02-03,2023-02-06,2023-02-13,NXE,US,0.017857142857142856,1.0,0.02660751207740697,0.02660751207740697
2023-02-03,2023-02-06,2023-02-13,SCCO,US,0.017857142857142856,1.0,-0.0015288254891930864,-0.0015288254891930864
2023-02-03,2023-02-06,2023-02-13,SGML,US,0.017857142857142856,1.0,0.03157893398351841,0.03157893398351841
2023-02-03,2023-02-06,2023-02-13,SQM,US,0.017857142857142856,1.0,-0.0075741406390817945,-0.0075741406390817945
2023-02-03,2023-02-06,2023-02-13,UAMY,US,0.017857142857142856,1.0,0.0750000018626451,0.0750000018626451
2023-02-03,2023-02-06,2023-02-13,UEC,US,0.017857142857142856,1.0,0.02088777120580798,0.02088777120580798
2023-02-03,2023-02-06,2023-02-13,USA,US,0.017857142857142856,1.0,0.027113183719478018,0.027113183719478018
2023-02-03,2023-02-06,2023-02-13,UUUU,US,0.017857142857142856,1.0,0.0013966800411944202,0.0013966800411944202
2023-02-03,2023-02-06,2023-02-13,WWR,US,0.017857142857142856,1.0,-0.009900980750178201,-0.009900980750178201
2023-02-03,2023-02-06,2023-02-13,600497.SH,CN_A,0.017857142857142856,0.1111111111111111,0.0036696782154252983,0.0036696782154252983
2023-02-10,2023-02-13,2023-02-20,000630.SZ,CN_A,0.037037037037037035,1.0,0.026706205558422846,0.026706205558422846
2023-02-10,2023-02-13,2023-02-20,000807.SZ,CN_A,0.037037037037037035,1.0,0.09808414264122822,0.09808414264122822
2023-02-10,2023-02-13,2023-02-20,000933.SZ,CN_A,0.037037037037037035,1.0,0.09154110334342369,0.09154110334342369
2023-02-10,2023-02-13,2023-02-20,002155.SZ,CN_A,0.037037037037037035,1.0,0.027164702603646784,0.027164702603646562
2023-02-10,2023-02-13,2023-02-20,0358.HK,HK,0.037037037037037035,1.0,0.0449610881787037,0.04565208110334451
2023-02-10,2023-02-13,2023-02-20,1164.HK,HK,0.037037037037037035,1.0,0.0,0.0
2023-02-10,2023-02-13,2023-02-20,1378.HK,HK,0.037037037037037035,1.0,0.0693302725375815,0.0693302725375815
2023-02-10,2023-02-13,2023-02-20,2302.HK,HK,0.037037037037037035,1.0,-0.03846150319251662,-0.03846150319251651
2023-02-10,2023-02-13,2023-02-20,2600.HK,HK,0.037037037037037035,1.0,0.040476153394256364,0.040476153394256364
2023-02-10,2023-02-13,2023-02-20,3993.HK,HK,0.037037037037037035,1.0,-0.004376348123680263,-0.004376348123680263
2023-02-10,2023-02-13,2023-02-20,600362.SH,CN_A,0.037037037037037035,1.0,0.04889590826448842,0.04889590826448842
2023-02-10,2023-02-13,2023-02-20,601020.SH,CN_A,0.037037037037037035,1.0,-0.003472267778409255,-0.003472267778409366
2023-02-10,2023-02-13,2023-02-20,601600.SH,CN_A,0.037037037037037035,1.0,0.06766911632762218,0.06766911632762218
2023-02-10,2023-02-13,2023-02-20,601985.SH,CN_A,0.037037037037037035,1.0,-0.0016638441919651914,-0.0016638441919653024
2023-02-10,2023-02-13,2023-02-20,603993.SH,CN_A,0.037037037037037035,1.0,0.04181182632648284,0.04181182632648306
2023-02-10,2023-02-13,2023-02-21,AA,US,0.037037037037037035,1.0,0.002502618032439674,0.002502618032439674
2023-02-10,2023-02-13,2023-02-21,CCJ,US,0.037037037037037035,1.0,-0.06154909514174911,-0.06154909514174911
2023-02-10,2023-02-13,2023-02-21,CENX,US,0.037037037037037035,1.0,0.004892386441140317,0.004892386441140317
2023-02-10,2023-02-13,2023-02-21,DNN,US,0.037037037037037035,1.0,-0.08270677500430457,-0.08270677500430457
2023-02-10,2023-02-13,2023-02-21,FCX,US,0.037037037037037035,1.0,0.013060988221941239,0.013060988221941239
2023-02-10,2023-02-13,2023-02-21,KALU,US,0.037037037037037035,1.0,-0.002929944629810999,-0.002929944629810999
2023-02-10,2023-02-13,2023-02-21,NXE,US,0.037037037037037035,1.0,-0.09503240741789698,-0.09503240741789698
2023-02-10,2023-02-13,2023-02-21,SCCO,US,0.037037037037037035,1.0,0.008681568801727657,0.008681568801727657
2023-02-10,2023-02-13,2023-02-21,UAMY,US,0.037037037037037035,1.0,-0.0697674434722727,-0.0697674434722727
2023-02-10,2023-02-13,2023-02-21,UEC,US,0.037037037037037035,1.0,-0.09462918564081146,-0.09462918564081146
2023-02-10,2023-02-13,2023-02-21,UUUU,US,0.037037037037037035,0.5,-0.08507672622364926,-0.08507672622364926
2023-02-10,2023-02-13,2023-02-20,600497.SH,CN_A,0.037037037037037035,0.1111111111111111,0.012797198311193636,0.012797198311193858
2023-02-17,2023-02-20,2023-02-27,000408.SZ,CN_A,0.02702702702702703,1.0,0.011644771927086017,0.011644771927086017
2023-02-17,2023-02-20,2023-02-27,000792.SZ,CN_A,0.02702702702702703,1.0,-0.012291811038164124,-0.012291811038164124
2023-02-17,2023-02-20,2023-02-27,000831.SZ,CN_A,0.02702702702702703,1.0,-0.016232067635814307,-0.016232067635814196
2023-02-17,2023-02-20,2023-02-27,000970.SZ,CN_A,0.02702702702702703,1.0,-0.01578580870275126,-0.015785808702751147
2023-02-17,2023-02-20,2023-02-27,002460.SZ,CN_A,0.02702702702702703,1.0,-0.007079674033480865,-0.007079674033480754
2023-02-17,2023-02-20,2023-02-27,002466.SZ,CN_A,0.02702702702702703,1.0,-0.005784517521168375,-0.005784517521168486
2023-02-17,2023-02-20,2023-02-27,1164.HK,HK,0.02702702702702703,1.0,-0.05555550747522309,-0.05579255273890271
2023-02-17,2023-02-20,2023-02-27,1772.HK,HK,0.02702702702702703,1.0,-0.0630113614725828,-0.0630113614725828
2023-02-17,2023-02-20,2023-02-27,2237.HK,HK,0.02702702702702703,1.0,-0.09243698838042036,-0.09264642318109262
2023-02-17,2023-02-20,2023-02-27,2302.HK,HK,0.02702702702702703,1.0,-0.16800003051757817,-0.16800003051757817
2023-02-17,2023-02-20,2023-02-27,300748.SZ,CN_A,0.02702702702702703,1.0,-0.036195067494963484,-0.036195067494963484
2023-02-17,2023-02-20,2023-02-27,600111.SH,CN_A,0.02702702702702703,1.0,0.009814092192398816,0.009814092192398816
2023-02-17,2023-02-20,2023-02-27,600366.SH,CN_A,0.02702702702702703,1.0,-0.012444445448140051,-0.012444445448140051
2023-02-17,2023-02-20,2023-02-27,600392.SH,CN_A,0.02702702702702703,1.0,-0.0018760985932196883,-0.0018760985932196883
2023-02-17,2023-02-20,2023-02-27,600516.SH,CN_A,0.02702702702702703,1.0,0.0,0.0
2023-02-17,2023-02-20,2023-02-27,600884.SH,CN_A,0.02702702702702703,1.0,-0.01284193149409929,-0.012841931494099179
2023-02-17,2023-02-20,2023-02-27,601985.SH,CN_A,0.02702702702702703,1.0,0.0033333189535473817,0.0033333189535473817
2023-02-17,2023-02-20,2023-02-27,603659.SH,CN_A,0.02702702702702703,1.0,-0.011708618190941156,-0.011708618190941267
2023-02-17,2023-02-20,2023-02-27,6680.HK,HK,0.02702702702702703,1.0,-0.06284659682611671,-0.06284659682611682
2023-02-17,2023-02-20,2023-02-27,9696.HK,HK,0.02702702702702703,1.0,-0.06504073772431973,-0.06504073772431973
2023-02-17,2023-02-21,2023-02-27,ALB,US,0.02702702702702703,1.0,0.06224133706779278,0.06224133706779278
2023-02-17,2023-02-21,2023-02-27,CCJ,US,0.02702702702702703,1.0,0.022844511615380148,0.022844511615380148
2023-02-17,2023-02-21,2023-02-27,DNN,US,0.02702702702702703,1.0,0.02459013990675496,0.02459013990675496
2023-02-17,2023-02-21,2023-02-27,GPHOF,US,0.02702702702702703,1.0,-0.02767103257327408,-0.02767103257327408
2023-02-17,2023-02-21,2023-02-27,MP,US,0.02702702702702703,1.0,0.14535067884601482,0.14535067884601482
2023-02-17,2023-02-21,2023-02-27,NMG,US,0.02702702702702703,1.0,-0.023508157234848115,-0.023508157234848115
2023-02-17,2023-02-21,2023-02-27,NXE,US,0.02702702702702703,1.0,-0.0167064846552325,-0.0167064846552325
2023-02-17,2023-02-21,2023-02-27,SGML,US,0.02702702702702703,1.0,0.07215896154644685,0.07215896154644685
2023-02-17,2023-02-21,2023-02-27,SQM,US,0.02702702702702703,1.0,0.061809088679509294,0.061809088679509294
2023-02-17,2023-02-21,2023-02-27,UEC,US,0.02702702702702703,1.0,0.03389834047197171,0.03389834047197171
2023-02-17,2023-02-21,2023-02-27,USA,US,0.02702702702702703,1.0,0.009724637511026923,0.009724637511026923
2023-02-17,2023-02-21,2023-02-27,UUUU,US,0.02702702702702703,1.0,0.03201220121626913,0.03201220121626913
2023-02-17,2023-02-21,2023-02-27,WWR,US,0.02702702702702703,1.0,-0.03157891764865317,-0.03157891764865317
2023-02-24,2023-02-27,2023-03-06,000408.SZ,CN_A,0.05263157894736842,1.0,-0.012589905551598335,-0.012589905551598335
2023-02-24,2023-02-27,2023-03-06,000792.SZ,CN_A,0.05263157894736842,1.0,-0.01967080586590486,-0.01967080586590486
2023-02-24,2023-02-27,2023-03-06,002460.SZ,CN_A,0.05263157894736842,1.0,-0.01947062958044421,-0.01947062958044432
2023-02-24,2023-02-27,2023-03-06,002466.SZ,CN_A,0.05263157894736842,1.0,-0.016000050562274604,-0.016000050562274715
2023-02-24,2023-02-27,2023-03-06,1772.HK,HK,0.05263157894736842,1.0,-0.012227126849019276,-0.013028541397880011
2023-02-24,2023-02-27,2023-03-06,2237.HK,HK,0.05263157894736842,1.0,0.018518572143277456,0.018518572143277456
2023-02-24,2023-02-27,2023-03-06,600516.SH,CN_A,0.05263157894736842,1.0,0.0015015265253985888,0.0015015265253985888
2023-02-24,2023-02-27,2023-03-06,600884.SH,CN_A,0.05263157894736842,1.0,0.013008992079187376,0.013008992079187376
2023-02-24,2023-02-27,2023-03-06,603659.SH,CN_A,0.05263157894736842,1.0,0.00341352751612356,0.003413527516123782
2023-02-24,2023-02-27,2023-03-06,9696.HK,HK,0.05263157894736842,1.0,0.01826096478403416,0.01742367557977209
2023-02-24,2023-02-27,2023-03-06,ALB,US,0.05263157894736842,1.0,-0.0005055351198111069,-0.0005055351198111069
2023-02-24,2023-02-27,2023-03-06,GPHOF,US,0.05263157894736842,1.0,0.10276679581163584,0.10276679581163584
2023-02-24,2023-02-27,2023-03-06,NMG,US,0.05263157894736842,1.0,0.018518500530834592,0.018518500530834592
2023-02-24,2023-02-27,2023-03-06,SGML,US,0.05263157894736842,1.0,-0.001089943179721664,-0.001089943179721664
2023-02-24,2023-02-27,2023-03-06,SQM,US,0.05263157894736842,1.0,-0.03011311226876423,-0.03011311226876423
2023-02-24,2023-02-27,2023-03-06,WWR,US,0.05263157894736842,1.0,0.05434783805858867,0.05434783805858867
2023-03-10,2023-03-13,2023-03-20,000426.SZ,CN_A,0.03225806451612903,1.0,0.049673047605900855,0.049673047605900855
2023-03-10,2023-03-13,2023-03-20,000630.SZ,CN_A,0.03225806451612903,1.0,-0.024316092350918472,-0.024316092350918472
2023-03-10,2023-03-13,2023-03-20,000960.SZ,CN_A,0.03225806451612903,1.0,-0.016129032258064502,-0.016129032258064613
2023-03-10,2023-03-13,2023-03-20,002155.SZ,CN_A,0.03225806451612903,1.0,-0.03049858335726363,-0.03049858335726363
2023-03-10,2023-03-13,2023-03-20,002340.SZ,CN_A,0.03225806451612903,1.0,0.0,0.0
2023-03-10,2023-03-13,2023-03-20,0358.HK,HK,0.03225806451612903,1.0,-0.020700648158968105,-0.020700648158968216
2023-03-10,2023-03-13,2023-03-20,300919.SZ,CN_A,0.03225806451612903,1.0,-0.019111855130882205,-0.019111855130882205
2023-03-10,2023-03-13,2023-03-20,3993.HK,HK,0.03225806451612903,1.0,-0.07777767465553387,-0.07756243495498549
2023-03-10,2023-03-13,2023-03-20,600362.SH,CN_A,0.03225806451612903,1.0,-0.02428947923049818,-0.024289479230498068
2023-03-10,2023-03-13,2023-03-20,600961.SH,CN_A,0.03225806451612903,1.0,0.05721393536436703,0.05721393536436703
2023-03-10,2023-03-13,2023-03-20,601020.SH,CN_A,0.03225806451612903,1.0,-0.015574246868801711,-0.0155742468688016
2023-03-10,2023-03-13,2023-03-20,603799.SH,CN_A,0.03225806451612903,1.0,-0.051282012413108036,-0.051282012413108036
2023-03-10,2023-03-13,2023-03-20,603993.SH,CN_A,0.03225806451612903,1.0,-0.096283747115809,-0.096283747115809
2023-03-10,2023-03-13,2023-03-20,AFMJF,US,0.03225806451612903,1.0,0.01818161733704593,0.01818161733704593
2023-03-10,2023-03-13,2023-03-20,BHP,US,0.03225806451612903,1.0,-0.03227932879373985,-0.03227932879373985
2023-03-10,2023-03-13,2023-03-20,FCX,US,0.03225806451612903,1.0,-0.004254293263929676,-0.004254293263929676
2023-03-10,2023-03-13,2023-03-20,HBM,US,0.03225806451612903,1.0,0.03695643930001835,0.03695643930001835
2023-03-10,2023-03-13,2023-03-20,MLXEF,US,0.03225806451612903,1.0,-0.10763155921674472,-0.10763155921674472
2023-03-10,2023-03-13,2023-03-20,SCCO,US,0.03225806451612903,1.0,-0.020957050954673262,-0.020957050954673262
2023-03-10,2023-03-13,2023-03-20,TLOFF,US,0.03225806451612903,1.0,-0.014184383971608927,-0.014184383971608927
2023-03-10,2023-03-13,2023-03-20,UAMY,US,0.03225806451612903,1.0,0.025641078544558438,0.025641078544558438
2023-03-10,2023-03-13,2023-03-20,VALE,US,0.03225806451612903,1.0,0.009162528868821074,0.009162528868821074
2023-03-10,2023-03-13,2023-03-20,600497.SH,CN_A,0.03225806451612903,0.5555555555555556,-0.003752297638584423,-0.003752297638584423
2023-03-10,2023-03-13,2023-03-20,2362.HK,HK,0.03225806451612903,0.5,0.0,0.0
2023-03-10,2023-03-13,2023-03-20,2899.HK,HK,0.03225806451612903,0.5,-0.006349230378367099,-0.006349230378367099
2023-03-10,2023-03-13,2023-03-20,601168.SH,CN_A,0.03225806451612903,0.5,-0.03768626861837854,-0.03768626861837854
2023-03-10,2023-03-13,2023-03-20,601899.SH,CN_A,0.03225806451612903,0.5,-0.029605247250534594,-0.029605247250534483
2023-03-10,2023-03-13,2023-03-20,HL,US,0.03225806451612903,0.5,0.07578538246389943,0.07578538246389943
2023-03-10,2023-03-13,2023-03-20,NEXA,US,0.03225806451612903,0.5,0.017211721120163226,0.017211721120163226
2023-03-10,2023-03-13,2023-03-20,TECK,US,0.03225806451612903,0.5,-0.006894790432747766,-0.006894790432747766
2023-03-17,2023-03-20,2023-03-27,000426.SZ,CN_A,0.03225806451612903,1.0,0.0074720336440396995,0.0074720336440394775
2023-03-17,2023-03-20,2023-03-27,000630.SZ,CN_A,0.03225806451612903,1.0,0.015576262105726713,0.015576262105726713
2023-03-17,2023-03-20,2023-03-27,000960.SZ,CN_A,0.03225806451612903,1.0,0.06414825062478968,0.06414825062478968
2023-03-17,2023-03-20,2023-03-27,002155.SZ,CN_A,0.03225806451612903,1.0,-0.07501516608173464,-0.07501516608173453
2023-03-17,2023-03-20,2023-03-27,002340.SZ,CN_A,0.03225806451612903,1.0,-0.001327991865095246,-0.001327991865095246
2023-03-17,2023-03-20,2023-03-27,0358.HK,HK,0.03225806451612903,1.0,0.035772285301507445,0.03577228530150767
2023-03-17,2023-03-20,2023-03-27,300919.SZ,CN_A,0.03225806451612903,1.0,0.04154735184671998,0.04154735184671998
2023-03-17,2023-03-20,2023-03-27,3993.HK,HK,0.03225806451612903,1.0,0.11325288926355426,0.11325288926355426
2023-03-17,2023-03-20,2023-03-27,600362.SH,CN_A,0.03225806451612903,1.0,0.029131451058083346,0.029131451058083346
2023-03-17,2023-03-20,2023-03-27,600961.SH,CN_A,0.03225806451612903,1.0,0.022352891809800157,0.022352891809799935
2023-03-17,2023-03-20,2023-03-27,601020.SH,CN_A,0.03225806451612903,1.0,-0.04021099966174613,-0.04021099966174613
2023-03-17,2023-03-20,2023-03-27,603799.SH,CN_A,0.03225806451612903,1.0,0.04044735854575077,0.04044735854575077
2023-03-17,2023-03-20,2023-03-27,603993.SH,CN_A,0.03225806451612903,1.0,0.10654201117720463,0.10654201117720463
2023-03-17,2023-03-20,2023-03-27,AFMJF,US,0.03225806451612903,1.0,0.0714287709648731,0.0714287709648731
2023-03-17,2023-03-20,2023-03-27,BHP,US,0.03225806451612903,1.0,-0.006466897591741572,-0.006466897591741572
2023-03-17,2023-03-20,2023-03-27,FCX,US,0.03225806451612903,1.0,0.014152489043987915,0.014152489043987915
2023-03-17,2023-03-20,2023-03-27,HBM,US,0.03225806451612903,1.0,0.03773580924839237,0.03773580924839237
2023-03-17,2023-03-20,2023-03-27,MLXEF,US,0.03225806451612903,1.0,0.1206133636037976,0.1206133636037976
2023-03-17,2023-03-20,2023-03-27,SCCO,US,0.03225806451612903,1.0,0.017040133271081226,0.017040133271081226
2023-03-17,2023-03-20,2023-03-27,TLOFF,US,0.03225806451612903,1.0,-0.1258992475663938,-0.1258992475663938
2023-03-17,2023-03-20,2023-03-27,UAMY,US,0.03225806451612903,1.0,-0.05000002607703169,-0.05000002607703169
2023-03-17,2023-03-20,2023-03-27,VALE,US,0.03225806451612903,1.0,-0.05611573132671721,-0.05611573132671721
2023-03-17,2023-03-20,2023-03-27,600497.SH,CN_A,0.03225806451612903,0.5555555555555556,-0.007533056614132616,-0.007533056614132394
2023-03-17,2023-03-20,2023-03-27,2362.HK,HK,0.03225806451612903,0.5,0.06896560290790754,0.06966375902786703
2023-03-17,2023-03-20,2023-03-27,2899.HK,HK,0.03225806451612903,0.5,0.006389800695051795,0.006389800695051795
2023-03-17,2023-03-20,2023-03-27,601168.SH,CN_A,0.03225806451612903,0.5,0.13843358691380314,0.13843358691380314
2023-03-17,2023-03-20,2023-03-27,601899.SH,CN_A,0.03225806451612903,0.5,0.01610170270632305,0.01610170270632305
2023-03-17,2023-03-20,2023-03-27,HL,US,0.03225806451612903,0.5,0.020618771921215417,0.020618771921215417
2023-03-17,2023-03-20,2023-03-27,NEXA,US,0.03225806451612903,0.5,0.035532955620110274,0.035532955620110274
2023-03-17,2023-03-20,2023-03-27,TECK,US,0.03225806451612903,0.5,-0.005383952191183483,-0.005383952191183483
2023-03-24,2023-03-27,2023-04-03,000426.SZ,CN_A,0.07142857142857142,1.0,-0.008652510751994691,-0.00865251075199458
2023-03-24,2023-03-27,2023-04-03,000960.SZ,CN_A,0.07142857142857142,1.0,-0.020763575073334373,-0.020763575073334373
2023-03-24,2023-03-27,2023-04-03,600961.SH,CN_A,0.07142857142857142,1.0,-0.05868806672428217,-0.05868806672428217
2023-03-24,2023-03-27,2023-04-03,AFMJF,US,0.07142857142857142,1.0,0.0666665373135451,0.0666665373135451
2023-03-24,2023-03-27,2023-04-03,HBM,US,0.07142857142857142,1.0,0.0606060635398471,0.0606060635398471
2023-03-24,2023-03-27,2023-04-03,MLXEF,US,0.07142857142857142,1.0,0.05263160784158716,0.05263160784158716
2023-03-24,2023-03-27,2023-04-03,2899.HK,HK,0.07142857142857142,0.5,0.011110988614628337,0.011059038250553765
2023-03-24,2023-03-27,2023-04-03,601168.SH,CN_A,0.07142857142857142,0.5,0.021599989412460108,0.021599989412460108
2023-03-24,2023-03-27,2023-04-03,601899.SH,CN_A,0.07142857142857142,0.5,0.010842364902744928,0.010842364902744706
2023-03-24,2023-03-27,2023-04-03,HL,US,0.07142857142857142,0.5,0.07239057252776515,0.07239057252776515
2023-03-24,2023-03-27,2023-04-03,NEXA,US,0.07142857142857142,0.5,0.037581761474049014,0.037581761474049014
2023-03-24,2023-03-27,2023-04-03,TECK,US,0.07142857142857142,0.5,0.24358977093698675,0.24358977093698675
2023-03-24,2023-03-27,2023-04-03,600497.SH,CN_A,0.07142857142857142,0.4444444444444444,-0.015180172626387156,-0.015180172626387156
2023-03-31,2023-04-03,2023-04-10,000426.SZ,CN_A,0.03225806451612903,1.0,0.03491254099213936,0.03491254099213936
2023-03-31,2023-04-03,2023-04-10,000630.SZ,CN_A,0.03225806451612903,1.0,-0.012500112846998368,-0.012500112846998368
2023-03-31,2023-04-03,2023-04-10,000960.SZ,CN_A,0.03225806451612903,1.0,-0.009575875673512368,-0.009575875673512257
2023-03-31,2023-04-03,2023-04-10,002155.SZ,CN_A,0.03225806451612903,1.0,0.02272724730747444,0.02272724730747422
2023-03-31,2023-04-03,2023-04-10,002340.SZ,CN_A,0.03225806451612903,1.0,-0.023684139393646997,-0.023684139393646997
2023-03-31,2023-04-03,2023-04-11,0358.HK,HK,0.03225806451612903,1.0,0.03308263841386183,0.03308263841386161
2023-03-31,2023-04-03,2023-04-10,300919.SZ,CN_A,0.03225806451612903,1.0,-0.05612960489383412,-0.05612960489383423
2023-03-31,2023-04-03,2023-04-11,3993.HK,HK,0.03225806451612903,1.0,0.04956891616119763,0.05025573221385282
2023-03-31,2023-04-03,2023-04-10,600362.SH,CN_A,0.03225806451612903,1.0,0.0025395038665170233,0.0025395038665170233
2023-03-31,2023-04-03,2023-04-10,600961.SH,CN_A,0.03225806451612903,1.0,0.0831295019721705,0.08312950197217028
2023-03-31,2023-04-03,2023-04-10,601020.SH,CN_A,0.03225806451612903,1.0,-0.036813929388135214,-0.036813929388135214
2023-03-31,2023-04-03,2023-04-10,603799.SH,CN_A,0.03225806451612903,1.0,-0.023775273718273926,-0.023775273718274037
2023-03-31,2023-04-03,2023-04-10,603993.SH,CN_A,0.03225806451612903,1.0,0.006768200591284357,0.006768200591284357
2023-03-31,2023-04-03,2023-04-10,AFMJF,US,0.03225806451612903,1.0,-0.078125,-0.078125
2023-03-31,2023-04-03,2023-04-10,BHP,US,0.03225806451612903,1.0,-0.03964345603344799,-0.03964345603344799
2023-03-31,2023-04-03,2023-04-10,FCX,US,0.03225806451612903,1.0,-0.02597080351142589,-0.02597080351142589
2023-03-31,2023-04-03,2023-04-10,HBM,US,0.03225806451612903,1.0,-0.05142847336490375,-0.05142847336490375
2023-03-31,2023-04-03,2023-04-10,MLXEF,US,0.03225806451612903,1.0,0.0,0.0
2023-03-31,2023-04-03,2023-04-10,SCCO,US,0.03225806451612903,1.0,-0.026929196508786557,-0.026929196508786557
2023-03-31,2023-04-03,2023-04-10,TLOFF,US,0.03225806451612903,1.0,-0.033333389258678014,-0.033333389258678014
2023-03-31,2023-04-03,2023-04-10,UAMY,US,0.03225806451612903,1.0,0.02702700090373522,0.02702700090373522
2023-03-31,2023-04-03,2023-04-10,VALE,US,0.03225806451612903,1.0,-0.024126906265602654,-0.024126906265602654
2023-03-31,2023-04-03,2023-04-10,600497.SH,CN_A,0.03225806451612903,0.5555555555555556,0.017341020198002433,0.017341020198002433
2023-03-31,2023-04-03,2023-04-11,2362.HK,HK,0.03225806451612903,0.5,0.0,0.0
2023-03-31,2023-04-03,2023-04-11,2899.HK,HK,0.03225806451612903,0.5,0.10361067286768577,0.10361067286768577
2023-03-31,2023-04-03,2023-04-10,601168.SH,CN_A,0.03225806451612903,0.5,0.0015660372504631148,0.0015660372504628928
2023-03-31,2023-04-03,2023-04-10,601899.SH,CN_A,0.03225806451612903,0.5,0.07095703290179389,0.07095703290179389
2023-03-31,2023-04-03,2023-04-10,HL,US,0.03225806451612903,0.5,0.006279321758474454,0.006279321758474454
2023-03-31,2023-04-03,2023-04-10,NEXA,US,0.03225806451612903,0.5,-0.006299249300104726,-0.006299249300104726
2023-03-31,2023-04-03,2023-04-10,TECK,US,0.03225806451612903,0.5,-0.020160402476805395,-0.020160402476805395
2023-04-07,2023-04-10,2023-04-17,000630.SZ,CN_A,0.041666666666666664,1.0,0.09177220845654843,0.09177220845654843
2023-04-07,2023-04-10,2023-04-17,000807.SZ,CN_A,0.041666666666666664,1.0,0.17886177737617115,0.17886177737617115
2023-04-07,2023-04-10,2023-04-17,000933.SZ,CN_A,0.041666666666666664,1.0,0.09355386287179956,0.09355386287179956
2023-04-07,2023-04-10,2023-04-17,002155.SZ,CN_A,0.041666666666666664,1.0,0.06274513828693262,0.06332380529894
2023-04-07,2023-04-11,2023-04-17,0358.HK,HK,0.041666666666666664,1.0,0.06986903600700822,0.06986903600700822
2023-04-07,2023-04-11,2023-04-17,0815.HK,HK,0.041666666666666664,1.0,0.1395348869445454,0.1395348869445454
2023-04-07,2023-04-11,2023-04-17,1378.HK,HK,0.041666666666666664,1.0,0.09455962939585616,0.09553250549991477
2023-04-07,2023-04-11,2023-04-17,2600.HK,HK,0.041666666666666664,1.0,0.16113739668076388,0.16113739668076388
2023-04-07,2023-04-11,2023-04-17,3993.HK,HK,0.041666666666666664,1.0,0.05133474795451831,0.051334747954518534
2023-04-07,2023-04-10,2023-04-17,600362.SH,CN_A,0.041666666666666664,1.0,0.08915900764762408,0.08915900764762408
2023-04-07,2023-04-10,2023-04-17,601020.SH,CN_A,0.041666666666666664,1.0,0.07227246471496573,0.07151040326922042
2023-04-07,2023-04-10,2023-04-17,601600.SH,CN_A,0.041666666666666664,1.0,0.12182731536922731,0.12047594351340818
2023-04-07,2023-04-10,2023-04-17,603993.SH,CN_A,0.041666666666666664,1.0,0.06722682661323542,0.06674173992349797
2023-04-07,2023-04-10,2023-04-17,AA,US,0.041666666666666664,1.0,0.025641367795874448,0.025641367795874448
2023-04-07,2023-04-10,2023-04-17,CDE,US,0.041666666666666664,1.0,-0.03170726624050868,-0.03170726624050868
2023-04-07,2023-04-10,2023-04-17,CENX,US,0.041666666666666664,1.0,0.007306857555499757,0.007306857555499757
2023-04-07,2023-04-10,2023-04-17,FCX,US,0.041666666666666664,1.0,0.053431417825436256,0.053431417825436256
2023-04-07,2023-04-10,2023-04-17,KALU,US,0.041666666666666664,1.0,-0.07586207677757606,-0.07586207677757606
2023-04-07,2023-04-10,2023-04-17,PAAS,US,0.041666666666666664,1.0,-0.05765736960840251,-0.05765736960840251
2023-04-07,2023-04-10,2023-04-17,SCCO,US,0.041666666666666664,1.0,0.063863953623293,0.063863953623293
2023-04-07,2023-04-10,2023-04-17,SVM,US,0.041666666666666664,1.0,0.005115151794469641,0.005115151794469641
2023-04-07,2023-04-10,2023-04-17,UAMY,US,0.041666666666666664,1.0,0.0,0.0
2023-04-07,2023-04-10,2023-04-17,WPM,US,0.041666666666666664,1.0,0.01968809954983719,0.01968809954983719
2023-04-07,2023-04-10,2023-04-17,600497.SH,CN_A,0.041666666666666664,0.1111111111111111,0.07007575365986152,0.07007575365986152
2023-04-14,2023-04-17,2023-04-24,0815.HK,HK,0.2,1.0,-0.15306125800344395,-0.15292099092513678
2023-04-14,2023-04-17,2023-04-24,CDE,US,0.2,1.0,-0.08060448842097823,-0.08060448842097823
2023-04-14,2023-04-17,2023-04-24,PAAS,US,0.2,1.0,-0.031425224767830384,-0.031425224767830384
2023-04-14,2023-04-17,2023-04-24,SVM,US,0.2,1.0,-0.09160310972252395,-0.09160310972252395
2023-04-14,2023-04-17,2023-04-24,WPM,US,0.2,1.0,-0.007240416898066315,-0.007240416898066315
2023-04-21,2023-04-24,2023-05-04,002340.SZ,CN_A,0.058823529411764705,1.0,-0.0312499367347302,-0.0312499367347302
2023-04-21,2023-04-24,2023-05-02,0815.HK,HK,0.058823529411764705,1.0,-0.012048181523292234,-0.012048181523292123
2023-04-21,2023-04-24,2023-05-04,300919.SZ,CN_A,0.058823529411764705,1.0,-0.0012903904515131348,-0.0012903904515131348
2023-04-21,2023-04-24,2023-05-04,603799.SH,CN_A,0.058823529411764705,1.0,0.0348977017755947,0.0348977017755947
2023-04-21,2023-04-24,2023-05-01,BHP,US,0.058823529411764705,1.0,-0.007949788116233703,-0.007949788116233703
2023-04-21,2023-04-24,2023-05-01,CDE,US,0.058823529411764705,1.0,-0.09315076250791421,-0.09315076250791421
2023-04-21,2023-04-24,2023-05-01,PAAS,US,0.058823529411764705,1.0,0.015643249348580524,0.015643249348580524
2023-04-21,2023-04-24,2023-05-01,SVM,US,0.058823529411764705,1.0,0.014005602240896309,0.014005602240896309
2023-04-21,2023-04-24,2023-05-01,TLOFF,US,0.058823529411764705,1.0,-0.035856539645922725,-0.035856539645922725
2023-04-21,2023-04-24,2023-05-01,VALE,US,0.058823529411764705,1.0,0.004243216233550617,0.004243216233550617
2023-04-21,2023-04-24,2023-05-01,WPM,US,0.058823529411764705,1.0,-0.00931933442656585,-0.00931933442656585
2023-04-21,2023-04-24,2023-05-02,2362.HK,HK,0.058823529411764705,0.75,-0.05263148470496193,-0.052631484704961706
2023-04-21,2023-04-24,2023-05-01,ANGPY,US,0.058823529411764705,0.5,-0.023506224657261154,-0.023506224657261154
2023-04-21,2023-04-24,2023-05-01,IMPUY,US,0.058823529411764705,0.5,-0.02602602810397836,-0.02602602810397836
2023-04-21,2023-04-24,2023-05-01,NGLOY,US,0.058823529411764705,0.5,-0.02723475499445749,-0.02723475499445749
2023-04-21,2023-04-24,2023-05-01,PLG,US,0.058823529411764705,0.5,-0.11363639134513459,-0.11363639134513459
2023-04-21,2023-04-24,2023-05-01,SBSW,US,0.058823529411764705,0.5,-0.003378294516699021,-0.003378294516699021
2023-04-28,2023-05-04,2023-05-08,002340.SZ,CN_A,0.058823529411764705,1.0,-0.010263990057766237,-0.010263990057766237
2023-04-28,2023-05-02,2023-05-08,0815.HK,HK,0.058823529411764705,1.0,0.06097562482568364,0.06089454164884489
2023-04-28,2023-05-02,2023-05-08,2362.HK,HK,0.058823529411764705,1.0,0.018518372335579736,0.018518372335579514
2023-04-28,2023-05-04,2023-05-08,300919.SZ,CN_A,0.058823529411764705,1.0,-0.01970612419416995,-0.01970612419416995
2023-04-28,2023-05-04,2023-05-08,603799.SH,CN_A,0.058823529411764705,1.0,0.02073637094324332,0.02073637094324332
2023-04-28,2023-05-01,2023-05-08,ANGPY,US,0.058823529411764705,1.0,0.08224653647586155,0.08224653647586155
2023-04-28,2023-05-01,2023-05-08,BHP,US,0.058823529411764705,1.0,0.037851642710472255,0.037851642710472255
2023-04-28,2023-05-01,2023-05-08,CDE,US,0.058823529411764705,1.0,0.06344412248632114,0.06344412248632114
2023-04-28,2023-05-01,2023-05-08,IMPUY,US,0.058823529411764705,1.0,0.03597121425963068,0.03597121425963068
2023-04-28,2023-05-01,2023-05-08,NGLOY,US,0.058823529411764705,1.0,0.022397926623181075,0.022397926623181075
2023-04-28,2023-05-01,2023-05-08,PAAS,US,0.058823529411764705,1.0,0.021106721339690493,0.021106721339690493
2023-04-28,2023-05-01,2023-05-08,PLG,US,0.058823529411764705,1.0,0.1025641613458057,0.1025641613458057
2023-04-28,2023-05-01,2023-05-08,SBSW,US,0.058823529411764705,1.0,0.09265535105854483,0.09265535105854483
2023-04-28,2023-05-01,2023-05-08,SVM,US,0.058823529411764705,1.0,0.0331492385404355,0.0331492385404355
2023-04-28,2023-05-01,2023-05-08,TLOFF,US,0.058823529411764705,1.0,-0.04132237185888454,-0.04132237185888454
2023-04-28,2023-05-01,2023-05-08,VALE,US,0.058823529411764705,1.0,-0.02112679041906651,-0.02112679041906651
2023-04-28,2023-05-01,2023-05-08,WPM,US,0.058823529411764705,1.0,0.060122723104771625,0.060122723104771625
2023-05-05,2023-05-08,2023-05-15,002340.SZ,CN_A,0.058823529411764705,1.0,0.03555549666100677,0.03555549666100677
2023-05-05,2023-05-08,2023-05-15,0815.HK,HK,0.058823529411764705,1.0,-0.09195400330141223,-0.09195400330141223
2023-05-05,2023-05-08,2023-05-15,300919.SZ,CN_A,0.058823529411764705,1.0,0.02982369817108954,0.02982369817108954
2023-05-05,2023-05-08,2023-05-15,603799.SH,CN_A,0.058823529411764705,1.0,0.022403654535645412,0.022403654535645634
2023-05-05,2023-05-08,2023-05-15,BHP,US,0.058823529411764705,1.0,-0.02283561961808611,-0.02283561961808611
2023-05-05,2023-05-08,2023-05-15,CDE,US,0.058823529411764705,1.0,-0.05681819337646821,-0.05681819337646821
2023-05-05,2023-05-08,2023-05-15,PAAS,US,0.058823529411764705,1.0,-0.07150834977317444,-0.07150834977317444
2023-05-05,2023-05-08,2023-05-15,SVM,US,0.058823529411764705,1.0,-0.07754016701445887,-0.07754016701445887
2023-05-05,2023-05-08,2023-05-15,TLOFF,US,0.058823529411764705,1.0,0.05172419285802743,0.05172419285802743
2023-05-05,2023-05-08,2023-05-15,VALE,US,0.058823529411764705,1.0,0.012949713120363748,0.012949713120363748
2023-05-05,2023-05-08,2023-05-15,WPM,US,0.058823529411764705,1.0,-0.020254610145380325,-0.020254610145380325
2023-05-05,2023-05-08,2023-05-15,2362.HK,HK,0.058823529411764705,0.75,-0.07272725486473941,-0.07314622982519292
2023-05-05,2023-05-08,2023-05-15,ANGPY,US,0.058823529411764705,0.5,-0.0704355530927081,-0.0704355530927081
2023-05-05,2023-05-08,2023-05-15,IMPUY,US,0.058823529411764705,0.5,-0.07142858542408048,-0.07142858542408048
2023-05-05,2023-05-08,2023-05-15,NGLOY,US,0.058823529411764705,0.5,-0.04188146508609336,-0.04188146508609336
2023-05-05,2023-05-08,2023-05-15,PLG,US,0.058823529411764705,0.5,-0.0930233041681805,-0.0930233041681805
2023-05-05,2023-05-08,2023-05-15,SBSW,US,0.058823529411764705,0.5,-0.17683560732624581,-0.17683560732624581
2023-05-12,2023-05-15,2023-05-22,002340.SZ,CN_A,0.058823529411764705,1.0,-0.020028591985005506,-0.020219727835464774
2023-05-12,2023-05-15,2023-05-22,0815.HK,HK,0.058823529411764705,1.0,-0.05063293717874329,-0.050632937178743176
2023-05-12,2023-05-15,2023-05-22,300919.SZ,CN_A,0.058823529411764705,1.0,-0.012640009160268528,-0.012640009160268528
2023-05-12,2023-05-15,2023-05-22,603799.SH,CN_A,0.058823529411764705,1.0,-0.04679653997966926,-0.04726834010124714
2023-05-12,2023-05-15,2023-05-22,BHP,US,0.058823529411764705,1.0,-0.014458558452500991,-0.014458558452500991
2023-05-12,2023-05-15,2023-05-22,CDE,US,0.058823529411764705,1.0,-0.018072221160994717,-0.018072221160994717
2023-05-12,2023-05-15,2023-05-22,PAAS,US,0.058823529411764705,1.0,-0.06498217081795765,-0.06498217081795765
2023-05-12,2023-05-15,2023-05-22,SVM,US,0.058823529411764705,1.0,0.017391304347825987,0.017391304347825987
2023-05-12,2023-05-15,2023-05-22,TLOFF,US,0.058823529411764705,1.0,0.02459013990675496,0.02459013990675496
2023-05-12,2023-05-15,2023-05-22,VALE,US,0.058823529411764705,1.0,-0.02769892835551513,-0.02769892835551513
2023-05-12,2023-05-15,2023-05-22,WPM,US,0.058823529411764705,1.0,-0.05619221013421127,-0.05619221013421127
2023-05-12,2023-05-15,2023-05-22,2362.HK,HK,0.058823529411764705,0.75,-0.049019521283220735,-0.049019521283220624
2023-05-12,2023-05-15,2023-05-22,ANGPY,US,0.058823529411764705,0.5,-0.02691925006381435,-0.02691925006381435
2023-05-12,2023-05-15,2023-05-22,IMPUY,US,0.058823529411764705,0.5,-0.03846149382497355,-0.03846149382497355
2023-05-12,2023-05-15,2023-05-22,NGLOY,US,0.058823529411764705,0.5,-0.007397404191161749,-0.007397404191161749
2023-05-12,2023-05-15,2023-05-22,PLG,US,0.058823529411764705,0.5,-0.01923075159625831,-0.01923075159625831
2023-05-12,2023-05-15,2023-05-22,SBSW,US,0.058823529411764705,0.5,-0.026381943077419034,-0.026381943077419034
2023-05-19,2023-05-22,2023-05-29,002340.SZ,CN_A,0.08333333333333333,1.0,-0.04087587009415916,-0.04087587009415916
2023-05-19,2023-05-22,2023-05-29,2362.HK,HK,0.08333333333333333,1.0,-0.11340209886492991,-0.11340209886492991
2023-05-19,2023-05-22,2023-05-29,300919.SZ,CN_A,0.08333333333333333,1.0,-0.04780430866959884,-0.04780430866959895
2023-05-19,2023-05-22,2023-05-29,603799.SH,CN_A,0.08333333333333333,1.0,-0.06954997328720403,-0.06954997328720414
2023-05-19,2023-05-22,2023-05-30,ANGPY,US,0.08333333333333333,1.0,-0.04303281908034051,-0.04303281908034051
2023-05-19,2023-05-22,2023-05-30,BHP,US,0.08333333333333333,1.0,-0.04776533904663027,-0.04776533904663027
2023-05-19,2023-05-22,2023-05-30,IMPUY,US,0.08333333333333333,1.0,-0.12333334906055282,-0.12333334906055282
2023-05-19,2023-05-22,2023-05-30,NGLOY,US,0.08333333333333333,1.0,-0.04810302589593052,-0.04810302589593052
2023-05-19,2023-05-22,2023-05-30,PLG,US,0.08333333333333333,1.0,-0.08496731873370122,-0.08496731873370122
2023-05-19,2023-05-22,2023-05-30,SBSW,US,0.08333333333333333,1.0,-0.09161283895947336,-0.09161283895947336
2023-05-19,2023-05-22,2023-05-30,TLOFF,US,0.08333333333333333,1.0,-0.1119999885559082,-0.1119999885559082
2023-05-19,2023-05-22,2023-05-30,VALE,US,0.08333333333333333,1.0,-0.06793272130686168,-0.06793272130686168
2023-05-26,2023-05-29,2023-06-05,000831.SZ,CN_A,0.05555555555555555,1.0,0.01768170299564864,0.01768170299564864
2023-05-26,2023-05-29,2023-06-05,000970.SZ,CN_A,0.05555555555555555,1.0,0.019491542093406977,0.019491542093406977
2023-05-26,2023-05-29,2023-06-05,002340.SZ,CN_A,0.05555555555555555,1.0,0.0487062840942456,0.0487062840942456
2023-05-26,2023-05-29,2023-06-05,300748.SZ,CN_A,0.05555555555555555,1.0,0.021933114810496646,0.021933114810496868
2023-05-26,2023-05-29,2023-06-05,300919.SZ,CN_A,0.05555555555555555,1.0,0.0815181804486651,0.0815181804486651
2023-05-26,2023-05-29,2023-06-05,600111.SH,CN_A,0.05555555555555555,1.0,0.0168919709216091,0.0168919709216091
2023-05-26,2023-05-29,2023-06-05,600366.SH,CN_A,0.05555555555555555,1.0,0.025380682963461965,0.025380682963461965
2023-05-26,2023-05-29,2023-06-05,600392.SH,CN_A,0.05555555555555555,1.0,0.0172009727887541,0.0172009727887541
2023-05-26,2023-05-29,2023-06-05,603799.SH,CN_A,0.05555555555555555,1.0,0.03252178515072979,0.03252178515073001
2023-05-26,2023-05-29,2023-06-05,6680.HK,HK,0.05555555555555555,1.0,0.018454476789595775,0.018454476789595775
2023-05-26,2023-05-30,2023-06-05,BHP,US,0.05555555555555555,1.0,0.036725219467053094,0.036725219467053094
2023-05-26,2023-05-30,2023-06-05,MP,US,0.05555555555555555,1.0,0.035054464695529086,0.035054464695529086
2023-05-26,2023-05-30,2023-06-05,TLOFF,US,0.05555555555555555,1.0,0.049549501656847905,0.049549501656847905
2023-05-26,2023-05-30,2023-06-05,USA,US,0.05555555555555555,1.0,0.0217756281071797,0.0217756281071797
2023-05-26,2023-05-30,2023-06-05,VALE,US,0.05555555555555555,1.0,0.06661446127386328,0.06661446127386328
2023-05-26,2023-05-29,2023-06-05,2362.HK,HK,0.05555555555555555,0.5,-0.006841604236501486,-0.006485536138039261
2023-05-26,2023-05-30,2023-06-05,UUUU,US,0.05555555555555555,0.5,0.13660240416115998,0.13660240416115998
2023-06-02,2023-06-05,2023-06-12,002340.SZ,CN_A,0.14285714285714285,1.0,0.0072568043953968875,0.0072568043953968875
2023-06-02,2023-06-05,2023-06-12,300919.SZ,CN_A,0.14285714285714285,1.0,-0.009284111350442714,-0.009284111350442714
2023-06-02,2023-06-05,2023-06-12,603799.SH,CN_A,0.14285714285714285,1.0,-0.0380854347666828,-0.03808543476668291
2023-06-02,2023-06-05,2023-06-12,BHP,US,0.14285714285714285,1.0,0.028512222279121202,0.028512222279121202
2023-06-02,2023-06-05,2023-06-12,TLOFF,US,0.14285714285714285,1.0,0.008583683082144411,0.008583683082144411
2023-06-02,2023-06-05,2023-06-12,VALE,US,0.14285714285714285,1.0,0.011756095641518804,0.011756095641518804
2023-06-02,2023-06-05,2023-06-12,2362.HK,HK,0.14285714285714285,0.5,0.023529426650174212,0.023529426650174212
2023-06-09,2023-06-12,2023-06-19,000408.SZ,CN_A,0.022727272727272728,1.0,-0.033933970254644064,-0.03400989980618663
2023-06-09,2023-06-12,2023-06-19,000792.SZ,CN_A,0.022727272727272728,1.0,-0.006707903322812125,-0.004629358002191775
2023-06-09,2023-06-12,2023-06-19,000831.SZ,CN_A,0.022727272727272728,1.0,0.02067356377503926,0.01794168695600873
2023-06-09,2023-06-12,2023-06-19,000970.SZ,CN_A,0.022727272727272728,1.0,0.00755087454986092,0.0061884246534475995
2023-06-09,2023-06-12,2023-06-19,002340.SZ,CN_A,0.022727272727272728,1.0,-0.0028817807073513446,-0.0028817807073513446
2023-06-09,2023-06-12,2023-06-19,002460.SZ,CN_A,0.022727272727272728,1.0,0.01363132505988518,0.013631325059885402
2023-06-09,2023-06-12,2023-06-19,002466.SZ,CN_A,0.022727272727272728,1.0,0.0010827074945738424,0.015091580004363836
2023-06-09,2023-06-12,2023-06-19,1164.HK,HK,0.022727272727272728,1.0,0.0,3.830775463464775e-05
2023-06-09,2023-06-12,2023-06-19,1772.HK,HK,0.022727272727272728,1.0,0.03720931020758367,0.03720931020758367
2023-06-09,2023-06-12,2023-06-19,2237.HK,HK,0.022727272727272728,1.0,-0.017045438382004785,-0.017820673311245483
2023-06-09,2023-06-12,2023-06-19,2302.HK,HK,0.022727272727272728,1.0,-0.04999995316777828,-0.04999995316777828
2023-06-09,2023-06-12,2023-06-19,300748.SZ,CN_A,0.022727272727272728,1.0,0.002979547140908201,0.002979547140907979
2023-06-09,2023-06-12,2023-06-19,300919.SZ,CN_A,0.022727272727272728,1.0,-0.03416163865333155,-0.03429520364094962
2023-06-09,2023-06-12,2023-06-19,600111.SH,CN_A,0.022727272727272728,1.0,0.00797314180085218,0.007959237486486082
2023-06-09,2023-06-12,2023-06-19,600366.SH,CN_A,0.022727272727272728,1.0,0.02301788475700528,0.02717022441449135
2023-06-09,2023-06-12,2023-06-19,600392.SH,CN_A,0.022727272727272728,1.0,0.005464519672950363,0.005464519672950363
2023-06-09,2023-06-12,2023-06-19,600516.SH,CN_A,0.022727272727272728,1.0,-0.004807617944563081,0.0011142485871746821
2023-06-09,2023-06-12,2023-06-19,600884.SH,CN_A,0.022727272727272728,1.0,0.02274293003438177,0.019903505182881975
2023-06-09,2023-06-12,2023-06-19,601985.SH,CN_A,0.022727272727272728,1.0,-0.017441859607352117,-0.017441859607352228
2023-06-09,2023-06-12,2023-06-19,603659.SH,CN_A,0.022727272727272728,1.0,0.015088793115322963,0.016038465686297965
2023-06-09,2023-06-12,2023-06-19,603799.SH,CN_A,0.022727272727272728,1.0,-0.004869816380840608,-0.004869816380840719
2023-06-09,2023-06-12,2023-06-19,6680.HK,HK,0.022727272727272728,1.0,-0.004629564793496188,-0.004629564793496077
2023-06-09,2023-06-12,2023-06-19,9696.HK,HK,0.022727272727272728,1.0,0.04384326260674354,0.04384326260674354
2023-06-09,2023-06-12,2023-06-20,ALB,US,0.022727272727272728,1.0,0.06442603985710948,0.06442603985710948
2023-06-09,2023-06-12,2023-06-20,BHP,US,0.022727272727272728,1.0,0.047715058085644024,0.047715058085644024
2023-06-09,2023-06-12,2023-06-20,CCJ,US,0.022727272727272728,1.0,0.0,0.0
2023-06-09,2023-06-12,2023-06-20,DNN,US,0.022727272727272728,1.0,0.0,0.0
2023-06-09,2023-06-12,2023-06-20,GPHOF,US,0.022727272727272728,1.0,-0.008746416480863162,-0.008746416480863162
2023-06-09,2023-06-12,2023-06-20,MP,US,0.022727272727272728,1.0,0.022518371597615605,0.022518371597615605
2023-06-09,2023-06-12,2023-06-20,NMG,US,0.022727272727272728,1.0,-0.012121200736670112,-0.012121200736670112
2023-06-09,2023-06-12,2023-06-20,NXE,US,0.022727272727272728,1.0,0.021551704204748168,0.021551704204748168
2023-06-09,2023-06-12,2023-06-20,SGML,US,0.022727272727272728,1.0,-0.042277605563268206,-0.042277605563268206
2023-06-09,2023-06-12,2023-06-20,SQM,US,0.022727272727272728,1.0,0.03897225025262041,0.03897225025262041
2023-06-09,2023-06-12,2023-06-20,TLOFF,US,0.022727272727272728,1.0,0.0978723525137537,0.0978723525137537
2023-06-09,2023-06-12,2023-06-20,UEC,US,0.022727272727272728,1.0,0.04416399467386456,0.04416399467386456
2023-06-09,2023-06-12,2023-06-20,USA,US,0.022727272727272728,1.0,0.026016057278928084,0.026016057278928084
2023-06-09,2023-06-12,2023-06-20,UUUU,US,0.022727272727272728,1.0,-0.027607335715520098,-0.027607335715520098
2023-06-09,2023-06-12,2023-06-20,VALE,US,0.022727272727272728,1.0,0.020333958150032583,0.020333958150032583
2023-06-09,2023-06-12,2023-06-20,WWR,US,0.022727272727272728,1.0,-0.04597703590624891,-0.04597703590624891
2023-06-09,2023-06-12,2023-06-19,2362.HK,HK,0.022727272727272728,0.5,0.03448271125753877,0.03448271125753877
2023-06-16,2023-06-19,2023-06-26,000408.SZ,CN_A,0.02127659574468085,1.0,-0.031656507646666165,-0.031656507646666054
2023-06-16,2023-06-19,2023-06-26,000792.SZ,CN_A,0.02127659574468085,1.0,-0.012987012987012991,-0.012987012987012991
2023-06-16,2023-06-19,2023-06-26,000807.SZ,CN_A,0.02127659574468085,1.0,-0.054364433827731484,-0.054364433827731484
2023-06-16,2023-06-19,2023-06-26,000933.SZ,CN_A,0.02127659574468085,1.0,-0.053064251668831885,-0.053064251668831885
2023-06-16,2023-06-19,2023-06-26,002340.SZ,CN_A,0.02127659574468085,1.0,-0.011560650536673767,-0.011560650536673656
2023-06-16,2023-06-19,2023-06-26,002460.SZ,CN_A,0.02127659574468085,1.0,-0.04331507920899891,-0.04331507920899902
2023-06-16,2023-06-19,2023-06-26,002466.SZ,CN_A,0.02127659574468085,1.0,-0.03136411113665949,-0.03136411113665949
2023-06-16,2023-06-19,2023-06-26,0815.HK,HK,0.02127659574468085,1.0,-0.057971045791138986,-0.057971045791138986
2023-06-16,2023-06-19,2023-06-26,1164.HK,HK,0.02127659574468085,1.0,-0.05747128257439915,-0.05747128257439926
2023-06-16,2023-06-19,2023-06-26,1378.HK,HK,0.02127659574468085,1.0,-0.05900629878397101,-0.05900629878397101
2023-06-16,2023-06-19,2023-06-26,1772.HK,HK,0.02127659574468085,1.0,-0.07174889357700964,-0.07205296878028267
2023-06-16,2023-06-19,2023-06-26,2237.HK,HK,0.02127659574468085,1.0,-0.16184969266053906,-0.16184969266053906
2023-06-16,2023-06-19,2023-06-26,2302.HK,HK,0.02127659574468085,1.0,-0.007518789579387564,-0.007933679790846693
2023-06-16,2023-06-19,2023-06-26,2600.HK,HK,0.02127659574468085,1.0,-0.092147251897845,-0.092147251897845
2023-06-16,2023-06-19,2023-06-26,300919.SZ,CN_A,0.02127659574468085,1.0,-0.033850631496049055,-0.033850631496048944
2023-06-16,2023-06-19,2023-06-26,600516.SH,CN_A,0.02127659574468085,1.0,-0.012882428769081633,-0.012882428769081633
2023-06-16,2023-06-19,2023-06-26,600884.SH,CN_A,0.02127659574468085,1.0,-0.024258783800049755,-0.024258783800049755
2023-06-16,2023-06-19,2023-06-26,601600.SH,CN_A,0.02127659574468085,1.0,-0.05496455111988119,-0.05496455111988108
2023-06-16,2023-06-19,2023-06-26,601985.SH,CN_A,0.02127659574468085,1.0,0.014792911180744328,0.014792911180744328
2023-06-16,2023-06-19,2023-06-26,603659.SH,CN_A,0.02127659574468085,1.0,0.01515597103180899,0.01515597103180899
2023-06-16,2023-06-19,2023-06-26,603799.SH,CN_A,0.02127659574468085,1.0,-0.027659585323709823,-0.027659585323709823
2023-06-16,2023-06-19,2023-06-26,9696.HK,HK,0.02127659574468085,1.0,-0.05808755483407646,-0.057910760801093364
2023-06-16,2023-06-20,2023-06-26,AA,US,0.02127659574468085,1.0,-0.03594386533905625,-0.03594386533905625
2023-06-16,2023-06-20,2023-06-26,ALB,US,0.02127659574468085,1.0,-0.03014394142774013,-0.03014394142774013
2023-06-16,2023-06-20,2023-06-26,BHP,US,0.02127659574468085,1.0,-0.045061073966827236,-0.045061073966827236
2023-06-16,2023-06-20,2023-06-26,CCJ,US,0.02127659574468085,1.0,-0.06384980478246194,-0.06384980478246194
2023-06-16,2023-06-20,2023-06-26,CDE,US,0.02127659574468085,1.0,-0.010204083289506505,-0.010204083289506505
2023-06-16,2023-06-20,2023-06-26,CENX,US,0.02127659574468085,1.0,-0.056460418632994336,-0.056460418632994336
2023-06-16,2023-06-20,2023-06-26,DNN,US,0.02127659574468085,1.0,-0.039999961853027344,-0.039999961853027344
2023-06-16,2023-06-20,2023-06-26,GPHOF,US,0.02127659574468085,1.0,-0.04901956201103741,-0.04901956201103741
2023-06-16,2023-06-20,2023-06-26,KALU,US,0.02127659574468085,1.0,-0.031032989314963566,-0.031032989314963566
2023-06-16,2023-06-20,2023-06-26,NMG,US,0.02127659574468085,1.0,-0.03987726270019576,-0.03987726270019576
2023-06-16,2023-06-20,2023-06-26,NXE,US,0.02127659574468085,1.0,-0.033755243700015036,-0.033755243700015036
2023-06-16,2023-06-20,2023-06-26,PAAS,US,0.02127659574468085,1.0,0.004801006280239273,0.004801006280239273
2023-06-16,2023-06-20,2023-06-26,SGML,US,0.02127659574468085,1.0,-0.07348806721965995,-0.07348806721965995
2023-06-16,2023-06-20,2023-06-26,SQM,US,0.02127659574468085,1.0,-0.009447078341095927,-0.009447078341095927
2023-06-16,2023-06-20,2023-06-26,SVM,US,0.02127659574468085,1.0,0.02888083260733132,0.02888083260733132
2023-06-16,2023-06-20,2023-06-26,TLOFF,US,0.02127659574468085,1.0,0.023255884873024435,0.023255884873024435
2023-06-16,2023-06-20,2023-06-26,UEC,US,0.02127659574468085,1.0,0.0241692336880992,0.0241692336880992
2023-06-16,2023-06-20,2023-06-26,VALE,US,0.02127659574468085,1.0,-0.018505381535912968,-0.018505381535912968
2023-06-16,2023-06-20,2023-06-26,WPM,US,0.02127659574468085,1.0,-0.00023276112359860157,-0.00023276112359860157
2023-06-16,2023-06-20,2023-06-26,WWR,US,0.02127659574468085,1.0,-0.012048181523292234,-0.012048181523292234
2023-06-16,2023-06-19,2023-06-26,2362.HK,HK,0.02127659574468085,0.5,-0.09999999999999998,-0.10022694294142076
2023-06-16,2023-06-20,2023-06-26,UUUU,US,0.02127659574468085,0.5,-0.05362778302917037,-0.05362778302917037
2023-06-23,2023-06-26,2023-07-03,000408.SZ,CN_A,0.02040816326530612,1.0,0.030452327434619786,0.030452327434619786
2023-06-23,2023-06-26,2023-07-03,000792.SZ,CN_A,0.02040816326530612,1.0,0.013157894736842035,0.013157894736842035
2023-06-23,2023-06-26,2023-07-03,000831.SZ,CN_A,0.02040816326530612,1.0,0.029896932706075185,0.029896932706074963
2023-06-23,2023-06-26,2023-07-03,000970.SZ,CN_A,0.02040816326530612,1.0,0.047424438169554106,0.047424438169554106
2023-06-23,2023-06-26,2023-07-03,002340.SZ,CN_A,0.02040816326530612,1.0,0.016081801699811882,0.016081801699811882
2023-06-23,2023-06-26,2023-07-03,002460.SZ,CN_A,0.02040816326530612,1.0,0.0034324245512062923,0.0034324245512060703
2023-06-23,2023-06-26,2023-07-03,002466.SZ,CN_A,0.02040816326530612,1.0,0.02628816647847554,0.02628816647847554
2023-06-23,2023-06-26,2023-07-03,0815.HK,HK,0.02040816326530612,1.0,0.0,0.0
2023-06-23,2023-06-26,2023-07-03,1164.HK,HK,0.02040816326530612,1.0,0.024390281327344443,0.024390281327344443
2023-06-23,2023-06-26,2023-07-03,1772.HK,HK,0.02040816326530612,1.0,0.02077161733667232,0.02077161733667232
2023-06-23,2023-06-26,2023-07-03,2237.HK,HK,0.02040816326530612,1.0,-0.10344833823077959,-0.1034483382307797
2023-06-23,2023-06-26,2023-07-03,2302.HK,HK,0.02040816326530612,1.0,-0.022727340459820944,-0.022727340459820833
2023-06-23,2023-06-26,2023-07-03,300748.SZ,CN_A,0.02040816326530612,1.0,0.049071128380057116,0.049071128380057116
2023-06-23,2023-06-26,2023-07-03,300919.SZ,CN_A,0.02040816326530612,1.0,0.03093485328154366,0.03093485328154344
2023-06-23,2023-06-26,2023-07-03,600111.SH,CN_A,0.02040816326530612,1.0,0.03278276048332596,0.03278276048332596
2023-06-23,2023-06-26,2023-07-03,600366.SH,CN_A,0.02040816326530612,1.0,0.09452739462642268,0.09452739462642268
2023-06-23,2023-06-26,2023-07-03,600392.SH,CN_A,0.02040816326530612,1.0,0.02621125294056781,0.02621125294056781
2023-06-23,2023-06-26,2023-07-03,600516.SH,CN_A,0.02040816326530612,1.0,0.01794443952410485,0.01794443952410485
2023-06-23,2023-06-26,2023-07-03,600884.SH,CN_A,0.02040816326530612,1.0,0.0462707178606272,0.046270717860626975
2023-06-23,2023-06-26,2023-07-03,601985.SH,CN_A,0.02040816326530612,1.0,0.03644302930184162,0.0364430293018414
2023-06-23,2023-06-26,2023-07-03,603659.SH,CN_A,0.02040816326530612,1.0,0.10134951385532265,0.10134951385532265
2023-06-23,2023-06-26,2023-07-03,603799.SH,CN_A,0.02040816326530612,1.0,0.018818440333698616,0.018818440333698616
2023-06-23,2023-06-26,2023-07-03,6680.HK,HK,0.02040816326530612,1.0,0.12264143158508567,0.12154047808433299
2023-06-23,2023-06-26,2023-07-03,9696.HK,HK,0.02040816326530612,1.0,0.05502842948606035,0.05502842948606057
2023-06-23,2023-06-26,2023-07-03,ALB,US,0.02040816326530612,1.0,0.01793810249756511,0.01793810249756511
2023-06-23,2023-06-26,2023-07-03,BHP,US,0.02040816326530612,1.0,0.02082295973650461,0.02082295973650461
2023-06-23,2023-06-26,2023-07-03,CCJ,US,0.02040816326530612,1.0,0.027749889802229033,0.027749889802229033
2023-06-23,2023-06-26,2023-07-03,CDE,US,0.02040816326530612,1.0,0.0034364266805688715,0.0034364266805688715
2023-06-23,2023-06-26,2023-07-03,DNN,US,0.02040816326530612,1.0,0.04166662527455389,0.04166662527455389
2023-06-23,2023-06-26,2023-07-03,GPHOF,US,0.02040816326530612,1.0,-0.06288664671652155,-0.06288664671652155
2023-06-23,2023-06-26,2023-07-03,MP,US,0.02040816326530612,1.0,0.08072792895940828,0.08072792895940828
2023-06-23,2023-06-26,2023-07-03,NMG,US,0.02040816326530612,1.0,-0.02555915629380845,-0.02555915629380845
2023-06-23,2023-06-26,2023-07-03,NXE,US,0.02040816326530612,1.0,0.019650688665309834,0.019650688665309834
2023-06-23,2023-06-26,2023-07-03,PAAS,US,0.02040816326530612,1.0,0.01160410135825063,0.01160410135825063
2023-06-23,2023-06-26,2023-07-03,SGML,US,0.02040816326530612,1.0,0.0985953698969233,0.0985953698969233
2023-06-23,2023-06-26,2023-07-03,SQM,US,0.02040816326530612,1.0,0.07377266267759874,0.07377266267759874
2023-06-23,2023-06-26,2023-07-03,SVM,US,0.02040816326530612,1.0,0.03157898588362307,0.03157898588362307
2023-06-23,2023-06-26,2023-07-03,TLOFF,US,0.02040816326530612,1.0,0.003787875024959364,0.003787875024959364
2023-06-23,2023-06-26,2023-07-03,UEC,US,0.02040816326530612,1.0,0.0029498496028923515,0.0029498496028923515
2023-06-23,2023-06-26,2023-07-03,USA,US,0.02040816326530612,1.0,0.03680002009268368,0.03680002009268368
2023-06-23,2023-06-26,2023-07-03,UUUU,US,0.02040816326530612,1.0,0.02166668574015307,0.02166668574015307
2023-06-23,2023-06-26,2023-07-03,VALE,US,0.02040816326530612,1.0,-0.002175501686423109,-0.002175501686423109
2023-06-23,2023-06-26,2023-07-03,WPM,US,0.02040816326530612,1.0,0.02280125314503101,0.02280125314503101
2023-06-23,2023-06-26,2023-07-03,WWR,US,0.02040816326530612,1.0,0.036585403970846864,0.036585403970846864
2023-06-23,2023-06-26,2023-07-03,2362.HK,HK,0.02040816326530612,0.5,0.024691374416630385,0.024691374416630385
2023-06-30,2023-07-03,2023-07-10,000426.SZ,CN_A,0.05,1.0,0.10337076170220239,0.10337076170220239
2023-06-30,2023-07-03,2023-07-10,000960.SZ,CN_A,0.05,1.0,-0.00625390405070636,-0.006253904050706471
2023-06-30,2023-07-03,2023-07-10,002340.SZ,CN_A,0.05,1.0,0.005755339010533378,0.005755339010533378
2023-06-30,2023-07-03,2023-07-10,1164.HK,HK,0.05,1.0,-0.023809559473505493,-0.023632477615640135
2023-06-30,2023-07-03,2023-07-10,2302.HK,HK,0.05,1.0,0.0,0.0
2023-06-30,2023-07-03,2023-07-10,300919.SZ,CN_A,0.05,1.0,-0.021220223223827994,-0.021220223223827994
2023-06-30,2023-07-03,2023-07-10,601985.SH,CN_A,0.05,1.0,0.03656827522564199,0.03656827522564199
2023-06-30,2023-07-03,2023-07-10,603799.SH,CN_A,0.05,1.0,-0.03780075808054306,-0.03780075808054295
2023-06-30,2023-07-03,2023-07-10,AFMJF,US,0.05,1.0,0.039473779948868026,0.039473779948868026
2023-06-30,2023-07-03,2023-07-10,BHP,US,0.05,1.0,-0.05461418207533919,-0.05461418207533919
2023-06-30,2023-07-03,2023-07-10,CCJ,US,0.05,1.0,-0.012687001760056993,-0.012687001760056993
2023-06-30,2023-07-03,2023-07-10,DNN,US,0.05,1.0,-0.02399997711181645,-0.02399997711181645
2023-06-30,2023-07-03,2023-07-10,MLXEF,US,0.05,1.0,0.054999961629510485,0.054999961629510485
2023-06-30,2023-07-03,2023-07-10,NXE,US,0.05,1.0,-0.014989329875327972,-0.014989329875327972
2023-06-30,2023-07-03,2023-07-10,TLOFF,US,0.05,1.0,-0.16603775146636413,-0.16603775146636413
2023-06-30,2023-07-03,2023-07-10,UEC,US,0.05,1.0,-0.032352979537936366,-0.032352979537936366
2023-06-30,2023-07-03,2023-07-10,VALE,US,0.05,1.0,-0.03997075992742849,-0.03997075992742849
2023-06-30,2023-07-03,2023-07-10,2362.HK,HK,0.05,0.5,-0.012048200576826096,-0.012048200576825985
2023-06-30,2023-07-03,2023-07-10,UUUU,US,0.05,0.5,-0.02283855476494112,-0.02283855476494112
2023-07-07,2023-07-10,2023-07-17,000408.SZ,CN_A,0.02127659574468085,1.0,-0.0034677361196951972,-0.0034677361196951972
2023-07-07,2023-07-10,2023-07-17,000426.SZ,CN_A,0.02127659574468085,1.0,-0.03462321892176701,-0.03462321892176701
2023-07-07,2023-07-10,2023-07-17,000792.SZ,CN_A,0.02127659574468085,1.0,-0.0020833809342630794,-0.0020833809342629683
2023-07-07,2023-07-10,2023-07-17,000960.SZ,CN_A,0.02127659574468085,1.0,0.037130173828445745,0.037130173828445745
2023-07-07,2023-07-10,2023-07-17,002340.SZ,CN_A,0.02127659574468085,1.0,-0.0015523593098353272,-0.0015523593098354382
2023-07-07,2023-07-10,2023-07-17,002460.SZ,CN_A,0.02127659574468085,1.0,-0.009825928677285267,-0.009825928677285378
2023-07-07,2023-07-10,2023-07-17,002466.SZ,CN_A,0.02127659574468085,1.0,-0.023436539806052203,-0.02343653980605198
2023-07-07,2023-07-10,2023-07-18,1164.HK,HK,0.02127659574468085,1.0,0.0,0.0
2023-07-07,2023-07-10,2023-07-18,1772.HK,HK,0.02127659574468085,1.0,0.018609199196814696,0.018571561599551423
2023-07-07,2023-07-10,2023-07-18,2237.HK,HK,0.02127659574468085,1.0,-0.02105261176576878,-0.02105261176576878
2023-07-07,2023-07-10,2023-07-18,2302.HK,HK,0.02127659574468085,1.0,-0.10852712390299724,-0.10856130260319807
2023-07-07,2023-07-10,2023-07-17,300919.SZ,CN_A,0.02127659574468085,1.0,0.006436361121497702,0.006436361121497702
2023-07-07,2023-07-10,2023-07-17,600516.SH,CN_A,0.02127659574468085,1.0,-0.04006407579337601,-0.04006407579337612
2023-07-07,2023-07-10,2023-07-17,600531.SH,CN_A,0.02127659574468085,1.0,0.01713403046479911,0.01713403046479911
2023-07-07,2023-07-10,2023-07-17,600884.SH,CN_A,0.02127659574468085,1.0,0.0,0.0
2023-07-07,2023-07-10,2023-07-17,601985.SH,CN_A,0.02127659574468085,1.0,0.0015830275863972787,0.0015830275863972787
2023-07-07,2023-07-10,2023-07-17,603659.SH,CN_A,0.02127659574468085,1.0,-0.016858234255034965,-0.016858234255034965
2023-07-07,2023-07-10,2023-07-17,603799.SH,CN_A,0.02127659574468085,1.0,0.0305803120240411,0.03058031202404088
2023-07-07,2023-07-10,2023-07-18,9696.HK,HK,0.02127659574468085,1.0,-0.03760841444041363,-0.03772511475541984
2023-07-07,2023-07-10,2023-07-17,AFMJF,US,0.02127659574468085,1.0,-0.012658318784944389,-0.012658318784944389
2023-07-07,2023-07-10,2023-07-17,ALB,US,0.02127659574468085,1.0,-0.009172076532575568,-0.009172076532575568
2023-07-07,2023-07-10,2023-07-17,BHP,US,0.02127659574468085,1.0,0.06333729816213607,0.06333729816213607
2023-07-07,2023-07-10,2023-07-17,CCJ,US,0.02127659574468085,1.0,0.04217460530980244,0.04217460530980244
2023-07-07,2023-07-10,2023-07-17,DNN,US,0.02127659574468085,1.0,0.02459013990675496,0.02459013990675496
2023-07-07,2023-07-10,2023-07-17,GPHOF,US,0.02127659574468085,1.0,0.30861510719703666,0.30861510719703666
2023-07-07,2023-07-10,2023-07-17,MLXEF,US,0.02127659574468085,1.0,0.1137440969154595,0.1137440969154595
2023-07-07,2023-07-10,2023-07-17,NMG,US,0.02127659574468085,1.0,0.023255791848698415,0.023255791848698415
2023-07-07,2023-07-10,2023-07-17,NXE,US,0.02127659574468085,1.0,0.008695644061371466,0.008695644061371466
2023-07-07,2023-07-10,2023-07-17,SGML,US,0.02127659574468085,1.0,-0.013865231971820768,-0.013865231971820768
2023-07-07,2023-07-10,2023-07-17,SQM,US,0.02127659574468085,1.0,0.00521865508697239,0.00521865508697239
2023-07-07,2023-07-10,2023-07-17,TLOFF,US,0.02127659574468085,1.0,-0.0045248824844553726,-0.0045248824844553726
2023-07-07,2023-07-10,2023-07-17,UEC,US,0.02127659574468085,1.0,-0.036474129772176234,-0.036474129772176234
2023-07-07,2023-07-10,2023-07-17,VALE,US,0.02127659574468085,1.0,0.06510201167486152,0.06510201167486152
2023-07-07,2023-07-10,2023-07-17,WWR,US,0.02127659574468085,1.0,0.0,0.0
2023-07-07,2023-07-10,2023-07-18,2362.HK,HK,0.02127659574468085,0.5,0.0365853898455184,0.03671809203337295
2023-07-07,2023-07-10,2023-07-18,2899.HK,HK,0.02127659574468085,0.5,0.10664344648718149,0.10664344648718149
2023-07-07,2023-07-10,2023-07-17,601168.SH,CN_A,0.02127659574468085,0.5,0.03853201238306925,0.03853201238306925
2023-07-07,2023-07-10,2023-07-17,601899.SH,CN_A,0.02127659574468085,0.5,0.06932415733665986,0.06932415733666009
2023-07-07,2023-07-10,2023-07-17,HL,US,0.02127659574468085,0.5,0.102420690132776,0.102420690132776
2023-07-07,2023-07-10,2023-07-17,NEXA,US,0.02127659574468085,0.5,0.019067805569172647,0.019067805569172647
2023-07-07,2023-07-10,2023-07-17,TECK,US,0.02127659574468085,0.5,-0.0026339447630504553,-0.0026339447630504553
2023-07-07,2023-07-10,2023-07-17,UUUU,US,0.02127659574468085,0.5,0.04006682088913016,0.04006682088913016
2023-07-07,2023-07-10,2023-07-17,600497.SH,CN_A,0.02127659574468085,0.4444444444444444,-0.03014176914247868,-0.03014176914247857
2023-07-14,2023-07-17,2023-07-24,000408.SZ,CN_A,0.02,1.0,-0.011744416633945876,-0.011744416633945876
2023-07-14,2023-07-17,2023-07-24,000426.SZ,CN_A,0.02,1.0,-0.009493662201944586,-0.011763689654657572
2023-07-14,2023-07-17,2023-07-24,000792.SZ,CN_A,0.02,1.0,-0.0036534287777498786,-0.0036534287777498786
2023-07-14,2023-07-17,2023-07-24,000831.SZ,CN_A,0.02,1.0,-0.03828687089443816,-0.03828687089443816
2023-07-14,2023-07-17,2023-07-24,000960.SZ,CN_A,0.02,1.0,-0.03822808798613597,-0.03822808798613586
2023-07-14,2023-07-17,2023-07-24,000970.SZ,CN_A,0.02,1.0,-0.01745643157180976,-0.01745643157180976
2023-07-14,2023-07-17,2023-07-24,002340.SZ,CN_A,0.02,1.0,-0.012986955371772302,-0.014003465754282796
2023-07-14,2023-07-17,2023-07-24,002460.SZ,CN_A,0.02,1.0,-0.08421407795305569,-0.0829453773235228
2023-07-14,2023-07-17,2023-07-24,002466.SZ,CN_A,0.02,1.0,-0.08862214171207394,-0.08862214171207405
2023-07-14,2023-07-18,2023-07-24,1772.HK,HK,0.02,1.0,-0.09711532587161131,-0.09711532587161142
2023-07-14,2023-07-18,2023-07-24,2237.HK,HK,0.02,1.0,-0.05376345326492771,-0.05376345326492771
2023-07-14,2023-07-17,2023-07-24,300748.SZ,CN_A,0.02,1.0,0.003957116916823988,0.0035247364513892876
2023-07-14,2023-07-17,2023-07-24,300919.SZ,CN_A,0.02,1.0,-0.018343986771450327,-0.018343986771450327
2023-07-14,2023-07-17,2023-07-24,600111.SH,CN_A,0.02,1.0,-0.009635550843173135,-0.009635550843173135
2023-07-14,2023-07-17,2023-07-24,600366.SH,CN_A,0.02,1.0,-0.023720384733341704,-0.023720384733341593
2023-07-14,2023-07-17,2023-07-24,600392.SH,CN_A,0.02,1.0,-0.012106672565279197,-0.015173322542187062
2023-07-14,2023-07-17,2023-07-24,600516.SH,CN_A,0.02,1.0,-0.008347223485532962,-0.008347223485532851
2023-07-14,2023-07-17,2023-07-24,600531.SH,CN_A,0.02,1.0,-0.010719814548533213,-0.014140443794243063
2023-07-14,2023-07-17,2023-07-24,600884.SH,CN_A,0.02,1.0,-0.021262507809346354,-0.021262507809346354
2023-07-14,2023-07-17,2023-07-24,603659.SH,CN_A,0.02,1.0,-0.034814341436272156,-0.034814341436272156
2023-07-14,2023-07-17,2023-07-24,603799.SH,CN_A,0.02,1.0,0.06671000756631762,0.06250259339806985
2023-07-14,2023-07-18,2023-07-24,6680.HK,HK,0.02,1.0,0.0545455359109166,0.05391166049592688
2023-07-14,2023-07-18,2023-07-24,9696.HK,HK,0.02,1.0,-0.0871743877426453,-0.0871743877426453
2023-07-14,2023-07-17,2023-07-24,AFMJF,US,0.02,1.0,-0.02564102564102566,-0.02564102564102566
2023-07-14,2023-07-17,2023-07-24,ALB,US,0.02,1.0,-0.11301849056984303,-0.11301849056984303
2023-07-14,2023-07-17,2023-07-24,BHP,US,0.02,1.0,0.0062183522119738655,0.0062183522119738655
2023-07-14,2023-07-17,2023-07-24,GPHOF,US,0.02,1.0,-0.0083333250549108,-0.0083333250549108
2023-07-14,2023-07-17,2023-07-24,MLXEF,US,0.02,1.0,-0.02127657550770312,-0.02127657550770312
2023-07-14,2023-07-17,2023-07-24,MP,US,0.02,1.0,-0.04183430772299712,-0.04183430772299712
2023-07-14,2023-07-17,2023-07-24,NMG,US,0.02,1.0,-0.0064935004616650804,-0.0064935004616650804
2023-07-14,2023-07-17,2023-07-24,SGML,US,0.02,1.0,-0.10902816684322425,-0.10902816684322425
2023-07-14,2023-07-17,2023-07-24,SQM,US,0.02,1.0,-0.08594947395015717,-0.08594947395015717
2023-07-14,2023-07-17,2023-07-24,TLOFF,US,0.02,1.0,-0.07272731016490008,-0.07272731016490008
2023-07-14,2023-07-17,2023-07-24,USA,US,0.02,1.0,0.021875566970998683,0.021875566970998683
2023-07-14,2023-07-17,2023-07-24,USAR,US,0.02,1.0,0.004965262388296088,0.004965262388296088
2023-07-14,2023-07-17,2023-07-24,VALE,US,0.02,1.0,0.04548698804831375,0.04548698804831375
2023-07-14,2023-07-17,2023-07-24,WWR,US,0.02,1.0,-0.04878051439826525,-0.04878051439826525
2023-07-14,2023-07-18,2023-07-24,2362.HK,HK,0.02,0.5,-0.05882356662543542,-0.05882356662543542
2023-07-14,2023-07-18,2023-07-24,2899.HK,HK,0.02,0.5,-0.014218147840698081,-0.014037138316529418
2023-07-14,2023-07-17,2023-07-24,601168.SH,CN_A,0.02,0.5,0.015017802754223153,0.011662712879468184
2023-07-14,2023-07-17,2023-07-24,601899.SH,CN_A,0.02,0.5,0.0072933686243303875,0.007745901725239035
2023-07-14,2023-07-17,2023-07-24,HL,US,0.02,0.5,-0.02533775597963639,-0.02533775597963639
2023-07-14,2023-07-17,2023-07-24,NEXA,US,0.02,0.5,-0.07900213791732602,-0.07900213791732602
2023-07-14,2023-07-17,2023-07-24,TECK,US,0.02,0.5,0.028331293229479693,0.028331293229479693
2023-07-14,2023-07-17,2023-07-24,UUUU,US,0.02,0.5,-0.04815412356603477,-0.04815412356603477
2023-07-14,2023-07-17,2023-07-24,600497.SH,CN_A,0.02,0.4444444444444444,-0.012797107691291387,-0.012797107691291387
2023-07-21,2023-07-24,2023-07-31,000408.SZ,CN_A,0.023255813953488372,1.0,0.05897907700605676,0.05897907700605676
2023-07-21,2023-07-24,2023-07-31,000426.SZ,CN_A,0.023255813953488372,1.0,-0.009584553074692193,-0.009584553074692193
2023-07-21,2023-07-24,2023-07-31,000792.SZ,CN_A,0.023255813953488372,1.0,0.04766892824192803,0.04766892824192803
2023-07-21,2023-07-24,2023-07-31,000831.SZ,CN_A,0.023255813953488372,1.0,0.033400789590707136,0.033400789590707136
2023-07-21,2023-07-24,2023-07-31,000960.SZ,CN_A,0.023255813953488372,1.0,0.04984222893081469,0.049842228930814914
2023-07-21,2023-07-24,2023-07-31,000970.SZ,CN_A,0.023255813953488372,1.0,0.02368873621317058,0.02368873621317036
2023-07-21,2023-07-24,2023-07-31,002460.SZ,CN_A,0.023255813953488372,1.0,0.07879560609074843,0.07879560609074843
2023-07-21,2023-07-24,2023-07-31,002466.SZ,CN_A,0.023255813953488372,1.0,0.05567893325203732,0.05567893325203732
2023-07-21,2023-07-24,2023-07-31,1772.HK,HK,0.023255813953488372,1.0,0.06283282199216944,0.06283282199216944
2023-07-21,2023-07-24,2023-07-31,2237.HK,HK,0.023255813953488372,1.0,-0.03409087676400968,-0.03409087676400968
2023-07-21,2023-07-24,2023-07-31,300748.SZ,CN_A,0.023255813953488372,1.0,-0.0033783654977233013,-0.0033783654977230793
2023-07-21,2023-07-24,2023-07-31,600111.SH,CN_A,0.023255813953488372,1.0,0.04399319533253365,0.04399319533253365
2023-07-21,2023-07-24,2023-07-31,600366.SH,CN_A,0.023255813953488372,1.0,0.02813306107059521,0.02813306107059499
2023-07-21,2023-07-24,2023-07-31,600392.SH,CN_A,0.023255813953488372,1.0,0.031045774435708662,0.031045774435708662
2023-07-21,2023-07-24,2023-07-31,600516.SH,CN_A,0.023255813953488372,1.0,0.043771041582664205,0.043771041582664205
2023-07-21,2023-07-24,2023-07-31,600531.SH,CN_A,0.023255813953488372,1.0,0.07585135208685778,0.07585135208685778
2023-07-21,2023-07-24,2023-07-31,600884.SH,CN_A,0.023255813953488372,1.0,0.05023767985916394,0.05023767985916394
2023-07-21,2023-07-24,2023-07-31,603659.SH,CN_A,0.023255813953488372,1.0,0.06029611056839057,0.06029611056839057
2023-07-21,2023-07-24,2023-07-31,6680.HK,HK,0.023255813953488372,1.0,-0.03761757097592544,-0.03761757097592544
2023-07-21,2023-07-24,2023-07-31,9696.HK,HK,0.023255813953488372,1.0,0.06476404062103458,0.06476404062103436
2023-07-21,2023-07-24,2023-07-31,AFMJF,US,0.023255813953488372,1.0,0.026315789473684292,0.026315789473684292
2023-07-21,2023-07-24,2023-07-31,ALB,US,0.023255813953488372,1.0,0.007020776061330336,0.007020776061330336
2023-07-21,2023-07-24,2023-07-31,GPHOF,US,0.023255813953488372,1.0,-0.1344538471740988,-0.1344538471740988
2023-07-21,2023-07-24,2023-07-31,MLXEF,US,0.023255813953488372,1.0,0.10869561132952099,0.10869561132952099
2023-07-21,2023-07-24,2023-07-31,MP,US,0.023255813953488372,1.0,0.0012594746863925366,0.0012594746863925366
2023-07-21,2023-07-24,2023-07-31,NMG,US,0.023255813953488372,1.0,-0.062091523128550485,-0.062091523128550485
2023-07-21,2023-07-24,2023-07-31,SGML,US,0.023255813953488372,1.0,0.0805647822110902,0.0805647822110902
2023-07-21,2023-07-24,2023-07-31,SQM,US,0.023255813953488372,1.0,0.02049592300700187,0.02049592300700187
2023-07-21,2023-07-24,2023-07-31,USA,US,0.023255813953488372,1.0,-0.0059346516871598975,-0.0059346516871598975
2023-07-21,2023-07-24,2023-07-31,USAR,US,0.023255813953488372,1.0,-0.0009881649204468435,-0.0009881649204468435
2023-07-21,2023-07-24,2023-07-31,WWR,US,0.023255813953488372,1.0,0.17948724414705297,0.17948724414705297
2023-07-21,2023-07-24,2023-07-31,2899.HK,HK,0.023255813953488372,0.5,0.07051287475359769,0.07051287475359769
2023-07-21,2023-07-24,2023-07-31,601168.SH,CN_A,0.023255813953488372,0.5,0.06962575131266391,0.06962575131266391
2023-07-21,2023-07-24,2023-07-31,601899.SH,CN_A,0.023255813953488372,0.5,0.0466613189111269,0.0466613189111269
2023-07-21,2023-07-24,2023-07-31,HL,US,0.023255813953488372,0.5,-0.0017330797677062026,-0.0017330797677062026
2023-07-21,2023-07-24,2023-07-31,NEXA,US,0.023255813953488372,0.5,0.1264109260034998,0.1264109260034998
2023-07-21,2023-07-24,2023-07-31,TECK,US,0.023255813953488372,0.5,0.03735685367264319,0.03735685367264319
2023-07-21,2023-07-24,2023-07-31,UUUU,US,0.023255813953488372,0.5,0.07588537927974426,0.07588537927974426
2023-07-21,2023-07-24,2023-07-31,600497.SH,CN_A,0.023255813953488372,0.4444444444444444,0.04814819235630097,0.04814819235630097
2023-07-28,2023-07-31,2023-08-07,000408.SZ,CN_A,0.02,1.0,0.01288442035626991,0.01288442035626991
2023-07-28,2023-07-31,2023-08-07,000426.SZ,CN_A,0.02,1.0,-0.051613056960248316,-0.05161305696024843
2023-07-28,2023-07-31,2023-08-07,000792.SZ,CN_A,0.02,1.0,-0.017500019073486306,-0.017500019073486306
2023-07-28,2023-07-31,2023-08-07,000831.SZ,CN_A,0.02,1.0,0.039503821693972485,0.039503821693972485
2023-07-28,2023-07-31,2023-08-07,000960.SZ,CN_A,0.02,1.0,-0.025841466359777465,-0.025841466359777465
2023-07-28,2023-07-31,2023-08-07,000970.SZ,CN_A,0.02,1.0,0.005785121467334342,0.005785121467334342
2023-07-28,2023-07-31,2023-08-07,002460.SZ,CN_A,0.02,1.0,-0.029082404717913124,-0.029082404717913124
2023-07-28,2023-07-31,2023-08-07,002466.SZ,CN_A,0.02,1.0,-0.013523676933318796,-0.013523676933318907
2023-07-28,2023-07-31,2023-08-07,1164.HK,HK,0.02,1.0,0.011363653385082051,0.011363653385082051
2023-07-28,2023-07-31,2023-08-07,1772.HK,HK,0.02,1.0,-0.030060161412470365,-0.03001813097949968
2023-07-28,2023-07-31,2023-08-07,2237.HK,HK,0.02,1.0,-0.01176476445577379,-0.011948057331330642
2023-07-28,2023-07-31,2023-08-07,2302.HK,HK,0.02,1.0,0.13793111244365175,0.1382512322036784
2023-07-28,2023-07-31,2023-08-07,300748.SZ,CN_A,0.02,1.0,0.02655358948563591,0.02655358948563591
2023-07-28,2023-07-31,2023-08-07,600111.SH,CN_A,0.02,1.0,0.012965948051425924,0.012965948051425924
2023-07-28,2023-07-31,2023-08-07,600366.SH,CN_A,0.02,1.0,0.038557130733433365,0.038557130733433365
2023-07-28,2023-07-31,2023-08-07,600392.SH,CN_A,0.02,1.0,0.02218698817995124,0.022186988179951017
2023-07-28,2023-07-31,2023-08-07,600516.SH,CN_A,0.02,1.0,0.009677502715329966,0.009677502715329966
2023-07-28,2023-07-31,2023-08-07,600531.SH,CN_A,0.02,1.0,0.15251801070846538,0.1525180107084656
2023-07-28,2023-07-31,2023-08-07,600884.SH,CN_A,0.02,1.0,-0.0064641547395148935,-0.0064641547395150045
2023-07-28,2023-07-31,2023-08-07,601985.SH,CN_A,0.02,1.0,0.020519852632424174,0.02051985263242395
2023-07-28,2023-07-31,2023-08-07,603659.SH,CN_A,0.02,1.0,0.0027926363237797958,0.0027926363237797958
2023-07-28,2023-07-31,2023-08-07,6680.HK,HK,0.02,1.0,-0.022801207084818254,-0.022801207084818365
2023-07-28,2023-07-31,2023-08-07,9696.HK,HK,0.02,1.0,0.01649477435906266,0.016616750464437224
2023-07-28,2023-07-31,2023-08-07,AFMJF,US,0.02,1.0,-0.05128195799853885,-0.05128195799853885
2023-07-28,2023-07-31,2023-08-07,ALB,US,0.02,1.0,-0.07315813696716578,-0.07315813696716578
2023-07-28,2023-07-31,2023-08-07,CCJ,US,0.02,1.0,-0.03498284846353161,-0.03498284846353161
2023-07-28,2023-07-31,2023-08-07,DNN,US,0.02,1.0,0.007812492724042164,0.007812492724042164
2023-07-28,2023-07-31,2023-08-07,GPHOF,US,0.02,1.0,0.003883560992219426,0.003883560992219426
2023-07-28,2023-07-31,2023-08-07,MLXEF,US,0.02,1.0,-0.21568624815634652,-0.21568624815634652
2023-07-28,2023-07-31,2023-08-07,MP,US,0.02,1.0,-0.04696020215176111,-0.04696020215176111
2023-07-28,2023-07-31,2023-08-07,NMG,US,0.02,1.0,0.020905987313805108,0.020905987313805108
2023-07-28,2023-07-31,2023-08-07,NXE,US,0.02,1.0,0.0,0.0
2023-07-28,2023-07-31,2023-08-07,SGML,US,0.02,1.0,-0.0694337476103164,-0.0694337476103164
2023-07-28,2023-07-31,2023-08-07,SQM,US,0.02,1.0,-0.05143174688374241,-0.05143174688374241
2023-07-28,2023-07-31,2023-08-07,UEC,US,0.02,1.0,0.016666717440995127,0.016666717440995127
2023-07-28,2023-07-31,2023-08-07,USA,US,0.02,1.0,-0.02388061198165614,-0.02388061198165614
2023-07-28,2023-07-31,2023-08-07,USAR,US,0.02,1.0,0.0009891423562247148,0.0009891423562247148
2023-07-28,2023-07-31,2023-08-07,UUUU,US,0.02,1.0,-0.03448279985620151,-0.03448279985620151
2023-07-28,2023-07-31,2023-08-07,WWR,US,0.02,1.0,-0.09782612146299074,-0.09782612146299074
2023-07-28,2023-07-31,2023-08-07,2899.HK,HK,0.02,0.5,-0.041916190874875525,-0.041916190874875525
2023-07-28,2023-07-31,2023-08-07,601168.SH,CN_A,0.02,0.5,-0.0008137769726901389,-0.0008137769726901389
2023-07-28,2023-07-31,2023-08-07,601899.SH,CN_A,0.02,0.5,-0.01229828890007334,-0.01229828890007334
2023-07-28,2023-07-31,2023-08-07,HL,US,0.02,0.5,-0.10416682213623996,-0.10416682213623996
2023-07-28,2023-07-31,2023-08-07,NEXA,US,0.02,0.5,-0.014028040667299013,-0.014028040667299013
2023-07-28,2023-07-31,2023-08-07,TECK,US,0.02,0.5,-0.05379244269960659,-0.05379244269960659
2023-07-28,2023-07-31,2023-08-07,600497.SH,CN_A,0.02,0.4444444444444444,0.001766827385429881,0.001766827385430103
2023-08-04,2023-08-07,2023-08-14,000408.SZ,CN_A,0.02631578947368421,1.0,-0.015182566273789222,-0.015182566273789222
2023-08-04,2023-08-07,2023-08-14,000630.SZ,CN_A,0.02631578947368421,1.0,-0.01533744569771478,-0.015337445697714891
2023-08-04,2023-08-07,2023-08-14,000792.SZ,CN_A,0.02631578947368421,1.0,-0.037150104651805016,-0.037150104651805016
2023-08-04,2023-08-07,2023-08-14,002155.SZ,CN_A,0.02631578947368421,1.0,-0.03343951393408029,-0.0334395139340804
2023-08-04,2023-08-07,2023-08-14,002460.SZ,CN_A,0.02631578947368421,1.0,-0.07712171709352256,-0.07712171709352267
2023-08-04,2023-08-07,2023-08-14,002466.SZ,CN_A,0.02631578947368421,1.0,-0.05300842357514135,-0.05300842357514135
2023-08-04,2023-08-07,2023-08-14,0358.HK,HK,0.02631578947368421,1.0,-0.033232619735282465,-0.033183027971379286
2023-08-04,2023-08-07,2023-08-14,1164.HK,HK,0.02631578947368421,1.0,-0.06741576286284545,-0.06741576286284545
2023-08-04,2023-08-07,2023-08-14,1772.HK,HK,0.02631578947368421,1.0,-0.07128091657644975,-0.07128091657644975
2023-08-04,2023-08-07,2023-08-14,2237.HK,HK,0.02631578947368421,1.0,0.011904821881092875,0.011904821881092875
2023-08-04,2023-08-07,2023-08-14,2302.HK,HK,0.02631578947368421,1.0,-0.24242427252759713,-0.24242427252759724
2023-08-04,2023-08-07,2023-08-14,3993.HK,HK,0.02631578947368421,1.0,-0.06963261623300554,-0.06963261623300554
2023-08-04,2023-08-07,2023-08-14,600362.SH,CN_A,0.02631578947368421,1.0,-0.031936248345425855,-0.03193624834542608
2023-08-04,2023-08-07,2023-08-14,600516.SH,CN_A,0.02631578947368421,1.0,-0.023961750131458626,-0.023961750131458737
2023-08-04,2023-08-07,2023-08-14,600884.SH,CN_A,0.02631578947368421,1.0,-0.06701362156772295,-0.06701362156772284
2023-08-04,2023-08-07,2023-08-14,601020.SH,CN_A,0.02631578947368421,1.0,-0.06707942662558841,-0.06707942662558852
2023-08-04,2023-08-07,2023-08-14,601985.SH,CN_A,0.02631578947368421,1.0,-0.02144768964692112,-0.02144768964692112
2023-08-04,2023-08-07,2023-08-14,603659.SH,CN_A,0.02631578947368421,1.0,-0.04405071621278167,-0.04405071621278167
2023-08-04,2023-08-07,2023-08-14,603993.SH,CN_A,0.02631578947368421,1.0,-0.03927991929172181,-0.0392799192917217
2023-08-04,2023-08-07,2023-08-14,9696.HK,HK,0.02631578947368421,1.0,-0.04563894631214238,-0.04563894631214249
2023-08-04,2023-08-07,2023-08-14,ALB,US,0.02631578947368421,1.0,-0.05697582648096067,-0.05697582648096067
2023-08-04,2023-08-07,2023-08-14,CCJ,US,0.02631578947368421,1.0,0.025640976346751554,0.025640976346751554
2023-08-04,2023-08-07,2023-08-14,DNN,US,0.02631578947368421,1.0,0.0775194006193709,0.0775194006193709
2023-08-04,2023-08-07,2023-08-14,FCX,US,0.02631578947368421,1.0,-0.025538003845056334,-0.025538003845056334
2023-08-04,2023-08-07,2023-08-14,GPHOF,US,0.02631578947368421,1.0,-0.16441006795044533,-0.16441006795044533
2023-08-04,2023-08-07,2023-08-14,NMG,US,0.02631578947368421,1.0,-0.006825931901308424,-0.006825931901308424
2023-08-04,2023-08-07,2023-08-14,NXE,US,0.02631578947368421,1.0,0.020366677103347275,0.020366677103347275
2023-08-04,2023-08-07,2023-08-14,SCCO,US,0.02631578947368421,1.0,-0.016975645010513407,-0.016975645010513407
2023-08-04,2023-08-07,2023-08-14,SGML,US,0.02631578947368421,1.0,-0.058920688536057364,-0.058920688536057364
2023-08-04,2023-08-07,2023-08-14,SQM,US,0.02631578947368421,1.0,-0.052503463713627574,-0.052503463713627574
2023-08-04,2023-08-07,2023-08-14,UAMY,US,0.02631578947368421,1.0,0.09756095610793869,0.09756095610793869
2023-08-04,2023-08-07,2023-08-14,UEC,US,0.02631578947368421,1.0,0.043715804278675385,0.043715804278675385
2023-08-04,2023-08-07,2023-08-14,WWR,US,0.02631578947368421,1.0,0.0,0.0
2023-08-04,2023-08-07,2023-08-14,UUUU,US,0.02631578947368421,0.5,0.07305199630667936,0.07305199630667936
2023-08-04,2023-08-07,2023-08-14,600497.SH,CN_A,0.02631578947368421,0.1111111111111111,-0.04409170618024849,-0.04409170618024849
2023-08-11,2023-08-14,2023-08-21,000630.SZ,CN_A,0.05263157894736842,1.0,-0.024922011879153105,-0.024922011879152994
2023-08-11,2023-08-14,2023-08-21,002155.SZ,CN_A,0.05263157894736842,1.0,-0.05601326037140031,-0.0560132603714002
2023-08-11,2023-08-14,2023-08-21,0358.HK,HK,0.05263157894736842,1.0,-0.08124995497738274,-0.08124995497738274
2023-08-11,2023-08-14,2023-08-21,1164.HK,HK,0.05263157894736842,1.0,0.12048196597882965,0.11953663047975027
2023-08-11,2023-08-14,2023-08-21,2302.HK,HK,0.05263157894736842,1.0,0.019999980926513672,0.019999980926513672
2023-08-11,2023-08-14,2023-08-21,3993.HK,HK,0.05263157894736842,1.0,-0.04365889239460863,-0.04371785478326973
2023-08-11,2023-08-14,2023-08-21,600362.SH,CN_A,0.05263157894736842,1.0,-0.037113270551315414,-0.0371132705513153
2023-08-11,2023-08-14,2023-08-21,601020.SH,CN_A,0.05263157894736842,1.0,-0.02986724725675427,-0.02986724725675427
2023-08-11,2023-08-14,2023-08-21,601985.SH,CN_A,0.05263157894736842,1.0,-0.00684934297536266,-0.006849342975362549
2023-08-11,2023-08-14,2023-08-21,603993.SH,CN_A,0.05263157894736842,1.0,-0.03918234576251933,-0.039182345762519444
2023-08-11,2023-08-14,2023-08-21,CCJ,US,0.05263157894736842,1.0,0.03591941206882798,0.03591941206882798
2023-08-11,2023-08-14,2023-08-21,DNN,US,0.05263157894736842,1.0,0.028776951269557483,0.028776951269557483
2023-08-11,2023-08-14,2023-08-21,FCX,US,0.05263157894736842,1.0,-0.060179397744236196,-0.060179397744236196
2023-08-11,2023-08-14,2023-08-21,NXE,US,0.05263157894736842,1.0,0.027944083850240053,0.027944083850240053
2023-08-11,2023-08-14,2023-08-21,SCCO,US,0.05263157894736842,1.0,-0.0375996257106761,-0.0375996257106761
2023-08-11,2023-08-14,2023-08-21,UAMY,US,0.05263157894736842,1.0,-0.06666667108182567,-0.06666667108182567
2023-08-11,2023-08-14,2023-08-21,UEC,US,0.05263157894736842,1.0,0.06806282591804735,0.06806282591804735
2023-08-11,2023-08-14,2023-08-21,UUUU,US,0.05263157894736842,0.5,0.059001491468690936,0.059001491468690936
2023-08-11,2023-08-14,2023-08-21,600497.SH,CN_A,0.05263157894736842,0.1111111111111111,-0.03136532522843938,-0.03136532522843949
2023-08-18,2023-08-21,2023-08-28,002340.SZ,CN_A,0.06666666666666667,1.0,-0.04301073414924217,-0.04301073414924206
2023-08-18,2023-08-21,2023-08-28,1164.HK,HK,0.06666666666666667,1.0,-0.043010751995427365,-0.043010751995427254
2023-08-18,2023-08-21,2023-08-28,2302.HK,HK,0.06666666666666667,1.0,-0.05882353284917219,-0.058900593102632515
2023-08-18,2023-08-21,2023-08-28,300919.SZ,CN_A,0.06666666666666667,1.0,-0.04614049490645877,-0.046246035142180064
2023-08-18,2023-08-21,2023-08-28,601985.SH,CN_A,0.06666666666666667,1.0,-0.006896580017257903,-0.006896580017257903
2023-08-18,2023-08-21,2023-08-28,603799.SH,CN_A,0.06666666666666667,1.0,-0.11132035627752934,-0.11132035627752934
2023-08-18,2023-08-21,2023-08-28,BHP,US,0.06666666666666667,1.0,-0.003022863589284608,-0.003022863589284608
2023-08-18,2023-08-21,2023-08-28,CCJ,US,0.06666666666666667,1.0,0.015256616415838309,0.015256616415838309
2023-08-18,2023-08-21,2023-08-28,DNN,US,0.06666666666666667,1.0,-0.013986001160915085,-0.013986001160915085
2023-08-18,2023-08-21,2023-08-28,NXE,US,0.06666666666666667,1.0,0.013592173500576399,0.013592173500576399
2023-08-18,2023-08-21,2023-08-28,TLOFF,US,0.06666666666666667,1.0,-0.015151500555948827,-0.015151500555948827
2023-08-18,2023-08-21,2023-08-28,UEC,US,0.06666666666666667,1.0,0.05392163508399572,0.05392163508399572
2023-08-18,2023-08-21,2023-08-28,VALE,US,0.06666666666666667,1.0,0.05040655550359996,0.05040655550359996
2023-08-18,2023-08-21,2023-08-28,2362.HK,HK,0.06666666666666667,0.5,0.012987022056629716,0.013001251835480065
2023-08-18,2023-08-21,2023-08-28,UUUU,US,0.06666666666666667,0.5,-0.010000024523053819,-0.010000024523053819
2023-08-25,2023-08-28,2023-09-04,1164.HK,HK,0.125,1.0,0.08988763893661189,0.08988763893661189
2023-08-25,2023-08-28,2023-09-04,2302.HK,HK,0.125,1.0,0.0625000038805108,0.0625000038805108
2023-08-25,2023-08-28,2023-09-04,601985.SH,CN_A,0.125,1.0,0.015277785810262401,0.015277785810262401
2023-08-25,2023-08-28,2023-09-05,CCJ,US,0.125,1.0,0.01475414442023415,0.01475414442023415
2023-08-25,2023-08-28,2023-09-05,DNN,US,0.125,1.0,0.03546104447461973,0.03546104447461973
2023-08-25,2023-08-28,2023-09-05,NXE,US,0.125,1.0,0.06896554559079537,0.06896554559079537
2023-08-25,2023-08-28,2023-09-05,UEC,US,0.125,1.0,0.09767432112253238,0.09767432112253238
2023-08-25,2023-08-28,2023-09-05,UUUU,US,0.125,0.5,0.08946614397606378,0.08946614397606378
2023-09-01,2023-09-04,2023-09-11,1164.HK,HK,0.125,1.0,0.134020570160728,0.134020570160728
2023-09-01,2023-09-04,2023-09-11,2302.HK,HK,0.125,1.0,-0.05882353284917219,-0.05882353284917219
2023-09-01,2023-09-04,2023-09-11,601985.SH,CN_A,0.125,1.0,0.0,0.0
2023-09-01,2023-09-05,2023-09-11,CCJ,US,0.125,1.0,0.00942388439214148,0.00942388439214148
2023-09-01,2023-09-05,2023-09-11,DNN,US,0.125,1.0,0.0,0.0
2023-09-01,2023-09-05,2023-09-11,NXE,US,0.125,1.0,0.01792113010749863,0.01792113010749863
2023-09-01,2023-09-05,2023-09-11,UEC,US,0.125,1.0,0.02330511406864666,0.02330511406864666
2023-09-01,2023-09-05,2023-09-11,UUUU,US,0.125,0.5,-0.009271545681188043,-0.009271545681188043
2023-09-08,2023-09-11,2023-09-18,002340.SZ,CN_A,0.043478260869565216,1.0,0.003179610151539558,0.003179610151539336
2023-09-08,2023-09-11,2023-09-18,1164.HK,HK,0.043478260869565216,1.0,0.027272659929696186,0.026679075925908347
2023-09-08,2023-09-11,2023-09-18,2302.HK,HK,0.043478260869565216,1.0,0.09374997477667968,0.0937527753814178
2023-09-08,2023-09-11,2023-09-18,300919.SZ,CN_A,0.043478260869565216,1.0,-0.02746048369419618,-0.02746048369419618
2023-09-08,2023-09-11,2023-09-18,600531.SH,CN_A,0.043478260869565216,1.0,-0.008535010536661392,-0.008535010536661503
2023-09-08,2023-09-11,2023-09-18,601985.SH,CN_A,0.043478260869565216,1.0,0.012311938704983927,0.012311938704983705
2023-09-08,2023-09-11,2023-09-18,603799.SH,CN_A,0.043478260869565216,1.0,-0.025415304104286385,-0.025415304104286274
2023-09-08,2023-09-11,2023-09-18,BHP,US,0.043478260869565216,1.0,0.030791092619874227,0.030791092619874227
2023-09-08,2023-09-11,2023-09-18,CCJ,US,0.043478260869565216,1.0,0.07788735526800461,0.07788735526800461
2023-09-08,2023-09-11,2023-09-18,DNN,US,0.043478260869565216,1.0,0.13013694044304058,0.13013694044304058
2023-09-08,2023-09-11,2023-09-18,NXE,US,0.043478260869565216,1.0,0.11091551645789233,0.11091551645789233
2023-09-08,2023-09-11,2023-09-18,TLOFF,US,0.043478260869565216,1.0,0.1518325058273684,0.1518325058273684
2023-09-08,2023-09-11,2023-09-18,UEC,US,0.043478260869565216,1.0,0.10973089403315783,0.10973089403315783
2023-09-08,2023-09-11,2023-09-18,VALE,US,0.043478260869565216,1.0,0.03067948329983161,0.03067948329983161
2023-09-08,2023-09-11,2023-09-18,2362.HK,HK,0.043478260869565216,0.5,0.1071429333528322,0.1071429333528322
2023-09-08,2023-09-11,2023-09-18,2899.HK,HK,0.043478260869565216,0.5,0.01251953309351772,0.01251953309351772
2023-09-08,2023-09-11,2023-09-18,601168.SH,CN_A,0.043478260869565216,0.5,0.017530648263798465,0.017530648263798687
2023-09-08,2023-09-11,2023-09-18,601899.SH,CN_A,0.043478260869565216,0.5,0.005384506386510335,0.005384506386510335
2023-09-08,2023-09-11,2023-09-18,HL,US,0.043478260869565216,0.5,0.03201984340369202,0.03201984340369202
2023-09-08,2023-09-11,2023-09-18,NEXA,US,0.043478260869565216,0.5,0.10214162860269727,0.10214162860269727
2023-09-08,2023-09-11,2023-09-18,TECK,US,0.043478260869565216,0.5,0.032219041482604016,0.032219041482604016
2023-09-08,2023-09-11,2023-09-18,UUUU,US,0.043478260869565216,0.5,0.15240639887415441,0.15240639887415441
2023-09-08,2023-09-11,2023-09-18,600497.SH,CN_A,0.043478260869565216,0.4444444444444444,0.0,0.0
2023-09-15,2023-09-18,2023-09-25,1164.HK,HK,0.0625,1.0,0.12389379029449588,0.12389379029449588
2023-09-15,2023-09-18,2023-09-25,2302.HK,HK,0.0625,1.0,-0.03809520349480777,-0.03809520349480777
2023-09-15,2023-09-18,2023-09-25,600531.SH,CN_A,0.0625,1.0,-0.053084653256382675,-0.053084653256382563
2023-09-15,2023-09-18,2023-09-25,601985.SH,CN_A,0.0625,1.0,-0.010810828191755606,-0.010810828191755606
2023-09-15,2023-09-18,2023-09-25,CCJ,US,0.0625,1.0,0.026726139959105888,0.026726139959105888
2023-09-15,2023-09-18,2023-09-25,DNN,US,0.0625,1.0,0.04242427482640054,0.04242427482640054
2023-09-15,2023-09-18,2023-09-25,NXE,US,0.0625,1.0,0.011093529682433267,0.011093529682433267
2023-09-15,2023-09-18,2023-09-25,UEC,US,0.0625,1.0,0.007462679264300887,0.007462679264300887
2023-09-15,2023-09-18,2023-09-25,2899.HK,HK,0.0625,0.5,-0.02627506619437825,-0.02627506619437825
2023-09-15,2023-09-18,2023-09-25,601168.SH,CN_A,0.0625,0.5,-0.030711740290168654,-0.032243943985576284
2023-09-15,2023-09-18,2023-09-25,601899.SH,CN_A,0.0625,0.5,-0.02371826668643473,-0.024184029261791862
2023-09-15,2023-09-18,2023-09-25,HL,US,0.0625,0.5,-0.04295912092182075,-0.04295912092182075
2023-09-15,2023-09-18,2023-09-25,NEXA,US,0.0625,0.5,-0.038864056790756996,-0.038864056790756996
2023-09-15,2023-09-18,2023-09-25,TECK,US,0.0625,0.5,-0.052655872069727994,-0.052655872069727994
2023-09-15,2023-09-18,2023-09-25,UUUU,US,0.0625,0.5,0.03712293492721597,0.03712293492721597
2023-09-15,2023-09-18,2023-09-25,600497.SH,CN_A,0.0625,0.4444444444444444,-0.025500976081406446,-0.02571462449965245
2023-09-22,2023-09-25,2023-10-09,002340.SZ,CN_A,0.03571428571428571,1.0,-0.014657915604264216,-0.014657915604264216
2023-09-22,2023-09-25,2023-10-03,0815.HK,HK,0.03571428571428571,1.0,-0.03765685654820017,-0.03765685654820017
2023-09-22,2023-09-25,2023-10-03,1164.HK,HK,0.03571428571428571,1.0,0.0787401894273212,0.07874018942732097
2023-09-22,2023-09-25,2023-10-03,2302.HK,HK,0.03571428571428571,1.0,-0.009900980750178201,-0.009900980750178201
2023-09-22,2023-09-25,2023-10-09,300919.SZ,CN_A,0.03571428571428571,1.0,0.0013811168102331184,0.0013811168102331184
2023-09-22,2023-09-25,2023-10-09,600531.SH,CN_A,0.03571428571428571,1.0,-0.01212108556125846,-0.01212108556125846
2023-09-22,2023-09-25,2023-10-09,601985.SH,CN_A,0.03571428571428571,1.0,0.005464557476963394,0.005464557476963394
2023-09-22,2023-09-25,2023-10-09,603799.SH,CN_A,0.03571428571428571,1.0,-0.02187086027639984,-0.02187086027639984
2023-09-22,2023-09-25,2023-10-02,BHP,US,0.03571428571428571,1.0,-0.0037420204942675284,-0.0037420204942675284
2023-09-22,2023-09-25,2023-10-02,CCJ,US,0.03571428571428571,1.0,-0.09448073296754012,-0.09448073296754012
2023-09-22,2023-09-25,2023-10-02,CDE,US,0.03571428571428571,1.0,-0.1522634043976825,-0.1522634043976825
2023-09-22,2023-09-25,2023-10-02,DNN,US,0.03571428571428571,1.0,-0.08139533916636388,-0.08139533916636388
2023-09-22,2023-09-25,2023-10-02,NXE,US,0.03571428571428571,1.0,-0.09561130447845745,-0.09561130447845745
2023-09-22,2023-09-25,2023-10-02,PAAS,US,0.03571428571428571,1.0,-0.0872751419826564,-0.0872751419826564
2023-09-22,2023-09-25,2023-10-02,SVM,US,0.03571428571428571,1.0,-0.06611571821499995,-0.06611571821499995
2023-09-22,2023-09-25,2023-10-02,TLOFF,US,0.03571428571428571,1.0,-0.09178741262736245,-0.09178741262736245
2023-09-22,2023-09-25,2023-10-02,UEC,US,0.03571428571428571,1.0,-0.10185188537435386,-0.10185188537435386
2023-09-22,2023-09-25,2023-10-02,VALE,US,0.03571428571428571,1.0,-0.013432991167871555,-0.013432991167871555
2023-09-22,2023-09-25,2023-10-02,WPM,US,0.03571428571428571,1.0,-0.08696678356329945,-0.08696678356329945
2023-09-22,2023-09-25,2023-10-03,2362.HK,HK,0.03571428571428571,0.5,-0.1250000169740394,-0.12500001697403929
2023-09-22,2023-09-25,2023-10-03,2899.HK,HK,0.03571428571428571,0.5,-0.08412708134218061,-0.08345326945847586
2023-09-22,2023-09-25,2023-10-09,601168.SH,CN_A,0.03571428571428571,0.5,-0.003863931547116284,-0.003863931547116284
2023-09-22,2023-09-25,2023-10-09,601899.SH,CN_A,0.03571428571428571,0.5,-0.0438871933738153,-0.0438871933738153
2023-09-22,2023-09-25,2023-10-02,HL,US,0.03571428571428571,0.5,-0.09725699521421538,-0.09725699521421538
2023-09-22,2023-09-25,2023-10-02,NEXA,US,0.03571428571428571,0.5,-0.08398130345261379,-0.08398130345261379
2023-09-22,2023-09-25,2023-10-02,TECK,US,0.03571428571428571,0.5,0.014139555116345681,0.014139555116345681
2023-09-22,2023-09-25,2023-10-02,UUUU,US,0.03571428571428571,0.5,-0.14205811674488966,-0.14205811674488966
2023-09-22,2023-09-25,2023-10-09,600497.SH,CN_A,0.03571428571428571,0.4444444444444444,-0.007476533202521951,-0.00747653320252184
2023-09-29,2023-10-03,2023-10-09,1164.HK,HK,0.03125,1.0,0.007299369032996328,0.007384170636854259
2023-09-29,2023-10-03,2023-10-09,1378.HK,HK,0.03125,1.0,-0.022788140432880466,-0.02147549591875475
2023-09-29,2023-10-03,2023-10-09,2302.HK,HK,0.03125,1.0,0.15999996662139893,0.15999996662139893
2023-09-29,2023-10-03,2023-10-09,2600.HK,HK,0.03125,1.0,0.014151013616737984,0.014151013616737984
2023-09-29,2023-10-03,2023-10-09,2899.HK,HK,0.03125,1.0,0.022530422462688993,0.022530422462688993
2023-09-29,2023-10-02,2023-10-09,AA,US,0.03125,1.0,-0.05513172808236866,-0.05513172808236866
2023-09-29,2023-10-02,2023-10-09,CCJ,US,0.03125,1.0,-0.005589492909445992,-0.005589492909445992
2023-09-29,2023-10-02,2023-10-09,CENX,US,0.03125,1.0,-0.057388756179471145,-0.057388756179471145
2023-09-29,2023-10-02,2023-10-09,DNN,US,0.03125,1.0,-0.006329107716228521,-0.006329107716228521
2023-09-29,2023-10-02,2023-10-09,HBM,US,0.03125,1.0,0.040449423943954566,0.040449423943954566
2023-09-29,2023-10-02,2023-10-09,HL,US,0.03125,1.0,0.049723727097045645,0.049723727097045645
2023-09-29,2023-10-02,2023-10-09,KALU,US,0.03125,1.0,-0.0641009009401361,-0.0641009009401361
2023-09-29,2023-10-02,2023-10-09,NEXA,US,0.03125,1.0,0.006791128678528047,0.006791128678528047
2023-09-29,2023-10-02,2023-10-09,NXE,US,0.03125,1.0,-0.022530349197686372,-0.022530349197686372
2023-09-29,2023-10-02,2023-10-09,TECK,US,0.03125,1.0,-0.013942415563037103,-0.013942415563037103
2023-09-29,2023-10-02,2023-10-09,UEC,US,0.03125,1.0,0.09072166306646423,0.09072166306646423
2023-09-29,2023-10-02,2023-10-09,ANGPY,US,0.03125,0.5,0.008474403227883176,0.008474403227883176
2023-09-29,2023-10-02,2023-10-09,IMPUY,US,0.03125,0.5,-0.09270214524653853,-0.09270214524653853
2023-09-29,2023-10-02,2023-10-09,NGLOY,US,0.03125,0.5,-0.019852894338227234,-0.019852894338227234
2023-09-29,2023-10-02,2023-10-09,PLG,US,0.03125,0.5,0.008928562875609058,0.008928562875609058
2023-09-29,2023-10-02,2023-10-09,SBSW,US,0.03125,0.5,-0.023931635545248797,-0.023931635545248797
2023-09-29,2023-10-02,2023-10-09,UUUU,US,0.03125,0.5,-0.016949167294367573,-0.016949167294367573
2023-09-29,2023-10-03,2023-10-09,2362.HK,HK,0.03125,0.25,0.02597412170886959,0.02597412170886959
2023-10-06,2023-10-09,2023-10-16,000807.SZ,CN_A,0.03125,1.0,-0.07005943829663475,-0.07005943829663486
2023-10-06,2023-10-09,2023-10-16,000933.SZ,CN_A,0.03125,1.0,-0.04663224882675232,-0.04663224882675243
2023-10-06,2023-10-09,2023-10-16,1164.HK,HK,0.03125,1.0,-0.0507247125597885,-0.0507247125597885
2023-10-06,2023-10-09,2023-10-16,1378.HK,HK,0.03125,1.0,-0.10836759819073549,-0.10836759819073549
2023-10-06,2023-10-09,2023-10-16,2302.HK,HK,0.03125,1.0,-0.08620691958562443,-0.08638794087632673
2023-10-06,2023-10-09,2023-10-16,2600.HK,HK,0.03125,1.0,-0.04651169506225861,-0.04681342524165322
2023-10-06,2023-10-09,2023-10-16,2899.HK,HK,0.03125,1.0,-0.0033899302678565,-0.0033899302678566112
2023-10-06,2023-10-09,2023-10-16,600531.SH,CN_A,0.03125,1.0,-0.027607340191296736,-0.027607340191296736
2023-10-06,2023-10-09,2023-10-16,600961.SH,CN_A,0.03125,1.0,-0.04417173908311989,-0.044171739083119776
2023-10-06,2023-10-09,2023-10-16,601168.SH,CN_A,0.03125,1.0,0.010861185345460544,0.010861185345460544
2023-10-06,2023-10-09,2023-10-16,601600.SH,CN_A,0.03125,1.0,-0.03961971222765326,-0.03961971222765315
2023-10-06,2023-10-09,2023-10-16,601899.SH,CN_A,0.03125,1.0,-0.004918014838771634,-0.004918014838771634
2023-10-06,2023-10-09,2023-10-16,601985.SH,CN_A,0.03125,1.0,0.016304305730383772,0.016304305730383772
2023-10-06,2023-10-09,2023-10-16,AA,US,0.03125,1.0,-0.016146903185933703,-0.016146903185933703
2023-10-06,2023-10-09,2023-10-16,CCJ,US,0.03125,1.0,-0.03158459178787676,-0.03158459178787676
2023-10-06,2023-10-09,2023-10-16,CENX,US,0.03125,1.0,0.0015220322349167592,0.0015220322349167592
2023-10-06,2023-10-09,2023-10-16,DNN,US,0.03125,1.0,-0.07006370103829773,-0.07006370103829773
2023-10-06,2023-10-09,2023-10-16,HBM,US,0.03125,1.0,0.017278565918719124,0.017278565918719124
2023-10-06,2023-10-09,2023-10-16,HL,US,0.03125,1.0,0.09210536919467693,0.09210536919467693
2023-10-06,2023-10-09,2023-10-16,KALU,US,0.03125,1.0,-0.009951523612986124,-0.009951523612986124
2023-10-06,2023-10-09,2023-10-16,NEXA,US,0.03125,1.0,-0.07757163542186762,-0.07757163542186762
2023-10-06,2023-10-09,2023-10-16,NXE,US,0.03125,1.0,-0.024822671950315622,-0.024822671950315622
2023-10-06,2023-10-09,2023-10-16,TECK,US,0.03125,1.0,-0.022671819348534683,-0.022671819348534683
2023-10-06,2023-10-09,2023-10-16,UEC,US,0.03125,1.0,-0.05103969430501387,-0.05103969430501387
2023-10-06,2023-10-09,2023-10-16,600497.SH,CN_A,0.03125,0.8888888888888888,-0.018832371014005145,-0.018832371014005145
2023-10-06,2023-10-09,2023-10-16,ANGPY,US,0.03125,0.5,0.1378151477914591,0.1378151477914591
2023-10-06,2023-10-09,2023-10-16,IMPUY,US,0.03125,0.5,0.12391303452490532,0.12391303452490532
2023-10-06,2023-10-09,2023-10-16,NGLOY,US,0.03125,0.5,0.0442609729371215,0.0442609729371215
2023-10-06,2023-10-09,2023-10-16,PLG,US,0.03125,0.5,0.008849549119871458,0.008849549119871458
2023-10-06,2023-10-09,2023-10-16,SBSW,US,0.03125,0.5,0.06830119235903709,0.06830119235903709
2023-10-06,2023-10-09,2023-10-16,UUUU,US,0.03125,0.5,-0.0384615335968459,-0.0384615335968459
2023-10-06,2023-10-09,2023-10-16,2362.HK,HK,0.03125,0.25,0.12658220380721197,0.1264999813280565
2023-10-13,2023-10-16,2023-10-24,1164.HK,HK,0.05555555555555555,1.0,0.007633691130970233,0.007633691130970455
2023-10-13,2023-10-16,2023-10-24,2302.HK,HK,0.05555555555555555,1.0,-0.06603767643538117,-0.06603767643538117
2023-10-13,2023-10-16,2023-10-24,2899.HK,HK,0.05555555555555555,1.0,-0.017006614177361934,-0.01743883240015509
2023-10-13,2023-10-16,2023-10-23,600531.SH,CN_A,0.05555555555555555,1.0,-0.059936948061489304,-0.059936948061489415
2023-10-13,2023-10-16,2023-10-23,600961.SH,CN_A,0.05555555555555555,1.0,-0.06546851791297859,-0.06546851791297859
2023-10-13,2023-10-16,2023-10-23,601168.SH,CN_A,0.05555555555555555,1.0,-0.05525715776782736,-0.05525715776782747
2023-10-13,2023-10-16,2023-10-23,601899.SH,CN_A,0.05555555555555555,1.0,-0.05683706383766607,-0.05683706383766607
2023-10-13,2023-10-16,2023-10-23,601985.SH,CN_A,0.05555555555555555,1.0,-0.04545458461562524,-0.04545458461562535
2023-10-13,2023-10-16,2023-10-23,CCJ,US,0.05555555555555555,1.0,0.05776671892659668,0.05776671892659668
2023-10-13,2023-10-16,2023-10-23,DNN,US,0.05555555555555555,1.0,0.04109585014510864,0.04109585014510864
2023-10-13,2023-10-16,2023-10-23,HBM,US,0.05555555555555555,1.0,-0.0912950509777185,-0.0912950509777185
2023-10-13,2023-10-16,2023-10-23,HL,US,0.05555555555555555,1.0,0.0240961951308849,0.0240961951308849
2023-10-13,2023-10-16,2023-10-23,NEXA,US,0.05555555555555555,1.0,-0.016453300734540766,-0.016453300734540766
2023-10-13,2023-10-16,2023-10-23,NXE,US,0.05555555555555555,1.0,0.02545452117919922,0.02545452117919922
2023-10-13,2023-10-16,2023-10-23,TECK,US,0.05555555555555555,1.0,-0.030681141241410748,-0.030681141241410748
2023-10-13,2023-10-16,2023-10-23,UEC,US,0.05555555555555555,1.0,0.1175299113206365,0.1175299113206365
2023-10-13,2023-10-16,2023-10-23,600497.SH,CN_A,0.05555555555555555,0.8888888888888888,-0.0806142105598977,-0.08061421055989781
2023-10-13,2023-10-16,2023-10-23,UUUU,US,0.05555555555555555,0.5,0.07172413530020871,0.07172413530020871
2023-10-20,2023-10-23,2023-10-30,000807.SZ,CN_A,0.05555555555555555,1.0,0.03656724938719802,0.03656724938719802
2023-10-20,2023-10-23,2023-10-30,000933.SZ,CN_A,0.05555555555555555,1.0,0.02987926332416646,0.02987926332416646
2023-10-20,2023-10-24,2023-10-30,1378.HK,HK,0.05555555555555555,1.0,0.10074063699606195,0.10074063699606195
2023-10-20,2023-10-24,2023-10-30,2600.HK,HK,0.05555555555555555,1.0,0.06753255619050891,0.06753255619050891
2023-10-20,2023-10-24,2023-10-30,2899.HK,HK,0.05555555555555555,1.0,0.06055352121917412,0.06055352121917412
2023-10-20,2023-10-23,2023-10-30,600531.SH,CN_A,0.05555555555555555,1.0,0.04865769008285592,0.04865769008285614
2023-10-20,2023-10-23,2023-10-30,600961.SH,CN_A,0.05555555555555555,1.0,0.04395600076948947,0.043956000769489245
2023-10-20,2023-10-23,2023-10-30,601168.SH,CN_A,0.05555555555555555,1.0,0.02274576077942636,0.02274576077942636
2023-10-20,2023-10-23,2023-10-30,601600.SH,CN_A,0.05555555555555555,1.0,0.07908599240151526,0.07908599240151526
2023-10-20,2023-10-23,2023-10-30,601899.SH,CN_A,0.05555555555555555,1.0,0.08471636880052014,0.08471636880052014
2023-10-20,2023-10-23,2023-10-30,AA,US,0.05555555555555555,1.0,0.0862094491932699,0.0862094491932699
2023-10-20,2023-10-23,2023-10-30,CENX,US,0.05555555555555555,1.0,0.1426146301577247,0.1426146301577247
2023-10-20,2023-10-23,2023-10-30,HBM,US,0.05555555555555555,1.0,0.011682319535439856,0.011682319535439856
2023-10-20,2023-10-23,2023-10-30,HL,US,0.05555555555555555,1.0,-0.011764501631622903,-0.011764501631622903
2023-10-20,2023-10-23,2023-10-30,KALU,US,0.05555555555555555,1.0,-0.09889935483097212,-0.09889935483097212
2023-10-20,2023-10-23,2023-10-30,NEXA,US,0.05555555555555555,1.0,0.020446034088305476,0.020446034088305476
2023-10-20,2023-10-23,2023-10-30,TECK,US,0.05555555555555555,1.0,-0.08826536927596662,-0.08826536927596662
2023-10-20,2023-10-23,2023-10-30,600497.SH,CN_A,0.05555555555555555,0.8888888888888888,0.07724433186864954,0.07724433186864954
2023-10-27,2023-10-30,2023-11-06,2899.HK,HK,0.1,1.0,-0.03099514900019973,-0.03099514900019973
2023-10-27,2023-10-30,2023-11-06,600531.SH,CN_A,0.1,1.0,0.0032000065672528333,0.0032000065672526112
2023-10-27,2023-10-30,2023-11-06,600961.SH,CN_A,0.1,1.0,0.005263152941442195,0.005263152941442195
2023-10-27,2023-10-30,2023-11-06,601168.SH,CN_A,0.1,1.0,-0.02938853967734456,-0.02938853967734467
2023-10-27,2023-10-30,2023-11-06,601899.SH,CN_A,0.1,1.0,-0.03945249746047286,-0.03945249746047286
2023-10-27,2023-10-30,2023-11-06,HBM,US,0.1,1.0,0.06004633512216406,0.06004633512216406
2023-10-27,2023-10-30,2023-11-06,HL,US,0.1,1.0,0.0,0.0
2023-10-27,2023-10-30,2023-11-06,NEXA,US,0.1,1.0,0.04189433253421959,0.04189433253421959
2023-10-27,2023-10-30,2023-11-06,TECK,US,0.1,1.0,0.03979684099147707,0.03979684099147707
2023-10-27,2023-10-30,2023-11-06,600497.SH,CN_A,0.1,0.8888888888888888,0.003875866060235156,0.003875866060235156
2023-11-10,2023-11-13,2023-11-20,000807.SZ,CN_A,0.030303030303030304,1.0,0.02747250888501629,0.02747250888501629
2023-11-10,2023-11-13,2023-11-20,000933.SZ,CN_A,0.030303030303030304,1.0,0.041529433064058985,0.04152943306405876
2023-11-10,2023-11-13,2023-11-20,002340.SZ,CN_A,0.030303030303030304,1.0,-0.0050251030360696225,-0.0050251030360695115
2023-11-10,2023-11-13,2023-11-20,0815.HK,HK,0.030303030303030304,1.0,-0.05405408235428677,-0.054151689476640175
2023-11-10,2023-11-13,2023-11-20,1164.HK,HK,0.030303030303030304,1.0,0.06666668796995223,0.06640428258190068
2023-11-10,2023-11-13,2023-11-20,1378.HK,HK,0.030303030303030304,1.0,0.005688040218150725,0.005688040218150725
2023-11-10,2023-11-13,2023-11-20,2302.HK,HK,0.030303030303030304,1.0,-0.03418800283779255,-0.03418800283779255
2023-11-10,2023-11-13,2023-11-20,2600.HK,HK,0.030303030303030304,1.0,0.0025000877921563802,0.0025000877921563802
2023-11-10,2023-11-13,2023-11-20,300919.SZ,CN_A,0.030303030303030304,1.0,-0.026465675063621186,-0.026465675063621297
2023-11-10,2023-11-13,2023-11-20,601600.SH,CN_A,0.030303030303030304,1.0,0.014084502043683056,0.014084502043682834
2023-11-10,2023-11-13,2023-11-20,601985.SH,CN_A,0.030303030303030304,1.0,-0.009803850778848155,-0.009803850778848155
2023-11-10,2023-11-13,2023-11-20,603799.SH,CN_A,0.030303030303030304,1.0,-0.0256203117501842,-0.0256203117501842
2023-11-10,2023-11-13,2023-11-20,AA,US,0.030303030303030304,1.0,0.0760161702443114,0.0760161702443114
2023-11-10,2023-11-13,2023-11-20,BHP,US,0.030303030303030304,1.0,0.05514645825177489,0.05514645825177489
2023-11-10,2023-11-13,2023-11-20,CCJ,US,0.030303030303030304,1.0,0.03704562293385205,0.03704562293385205
2023-11-10,2023-11-13,2023-11-20,CDE,US,0.030303030303030304,1.0,0.2736319057832628,0.2736319057832628
2023-11-10,2023-11-13,2023-11-20,CENX,US,0.030303030303030304,1.0,0.1991084207953997,0.1991084207953997
2023-11-10,2023-11-13,2023-11-20,DNN,US,0.030303030303030304,1.0,0.10843377733528303,0.10843377733528303
2023-11-10,2023-11-13,2023-11-20,KALU,US,0.030303030303030304,1.0,0.08632690009595478,0.08632690009595478
2023-11-10,2023-11-13,2023-11-20,NXE,US,0.030303030303030304,1.0,0.06677529856103126,0.06677529856103126
2023-11-10,2023-11-13,2023-11-20,PAAS,US,0.030303030303030304,1.0,0.09284635900401028,0.09284635900401028
2023-11-10,2023-11-13,2023-11-20,SVM,US,0.030303030303030304,1.0,0.09859146430534205,0.09859146430534205
2023-11-10,2023-11-13,2023-11-20,TLOFF,US,0.030303030303030304,1.0,0.03703700160674983,0.03703700160674983
2023-11-10,2023-11-13,2023-11-20,UEC,US,0.030303030303030304,1.0,0.07872701566941265,0.07872701566941265
2023-11-10,2023-11-13,2023-11-20,VALE,US,0.030303030303030304,1.0,0.08154800770079507,0.08154800770079507
2023-11-10,2023-11-13,2023-11-20,WPM,US,0.030303030303030304,1.0,0.058864334136600416,0.058864334136600416
2023-11-10,2023-11-13,2023-11-20,2362.HK,HK,0.030303030303030304,0.75,0.03225802099476427,0.03225802099476427
2023-11-10,2023-11-13,2023-11-20,ANGPY,US,0.030303030303030304,0.5,0.08828523933053645,0.08828523933053645
2023-11-10,2023-11-13,2023-11-20,IMPUY,US,0.030303030303030304,0.5,0.0583940475664233,0.0583940475664233
2023-11-10,2023-11-13,2023-11-20,NGLOY,US,0.030303030303030304,0.5,0.13081855587592472,0.13081855587592472
2023-11-10,2023-11-13,2023-11-20,PLG,US,0.030303030303030304,0.5,0.03092780464424627,0.03092780464424627
2023-11-10,2023-11-13,2023-11-20,SBSW,US,0.030303030303030304,0.5,0.08786594084997756,0.08786594084997756
2023-11-10,2023-11-13,2023-11-20,UUUU,US,0.030303030303030304,0.5,0.048780558720578515,0.048780558720578515
2023-11-17,2023-11-20,2023-11-27,000807.SZ,CN_A,0.043478260869565216,1.0,-0.007639403174713677,-0.007639403174713677
2023-11-17,2023-11-20,2023-11-27,000933.SZ,CN_A,0.043478260869565216,1.0,0.00506324389196644,0.00506324389196644
2023-11-17,2023-11-20,2023-11-27,002340.SZ,CN_A,0.043478260869565216,1.0,-0.03703706137927665,-0.03703706137927665
2023-11-17,2023-11-20,2023-11-27,1164.HK,HK,0.043478260869565216,1.0,0.04374991574384324,0.04374991574384324
2023-11-17,2023-11-20,2023-11-27,1378.HK,HK,0.043478260869565216,1.0,-0.05154637679799101,-0.052553347546414386
2023-11-17,2023-11-20,2023-11-27,2302.HK,HK,0.043478260869565216,1.0,-0.05309729471922886,-0.05330299720118825
2023-11-17,2023-11-20,2023-11-27,2600.HK,HK,0.043478260869565216,1.0,-0.012468877640380849,-0.012468877640380849
2023-11-17,2023-11-20,2023-11-27,300919.SZ,CN_A,0.043478260869565216,1.0,-0.044364737734431614,-0.044364737734431725
2023-11-17,2023-11-20,2023-11-27,601600.SH,CN_A,0.043478260869565216,1.0,-0.026041657552881237,-0.026041657552881237
2023-11-17,2023-11-20,2023-11-27,601985.SH,CN_A,0.043478260869565216,1.0,-0.007072164347047605,-0.007072164347047716
2023-11-17,2023-11-20,2023-11-27,603799.SH,CN_A,0.043478260869565216,1.0,-0.07860500973188334,-0.07860500973188334
2023-11-17,2023-11-20,2023-11-27,AA,US,0.043478260869565216,1.0,-0.00642237135033441,-0.00642237135033441
2023-11-17,2023-11-20,2023-11-27,BHP,US,0.043478260869565216,1.0,-0.004869293323690238,-0.004869293323690238
2023-11-17,2023-11-20,2023-11-27,CCJ,US,0.043478260869565216,1.0,0.00176402193956271,0.00176402193956271
2023-11-17,2023-11-20,2023-11-27,CENX,US,0.043478260869565216,1.0,-0.037174687142815244,-0.037174687142815244
2023-11-17,2023-11-20,2023-11-27,DNN,US,0.043478260869565216,1.0,0.021739109308372973,0.021739109308372973
2023-11-17,2023-11-20,2023-11-27,KALU,US,0.043478260869565216,1.0,-0.03603146132277746,-0.03603146132277746
2023-11-17,2023-11-20,2023-11-27,NXE,US,0.043478260869565216,1.0,0.03206107359264254,0.03206107359264254
2023-11-17,2023-11-20,2023-11-27,TLOFF,US,0.043478260869565216,1.0,-0.16666665484034793,-0.16666665484034793
2023-11-17,2023-11-20,2023-11-27,UEC,US,0.043478260869565216,1.0,-0.006211174145593357,-0.006211174145593357
2023-11-17,2023-11-20,2023-11-27,VALE,US,0.043478260869565216,1.0,-0.019588520940566623,-0.019588520940566623
2023-11-17,2023-11-20,2023-11-27,2362.HK,HK,0.043478260869565216,0.5,-0.041666632954338256,-0.04207152734894681
2023-11-17,2023-11-20,2023-11-27,UUUU,US,0.043478260869565216,0.5,-0.023255901635817477,-0.023255901635817477
2023-11-24,2023-11-27,2023-12-04,000807.SZ,CN_A,0.043478260869565216,1.0,-0.07775217965019432,-0.07659853825166485
2023-11-24,2023-11-27,2023-12-04,000933.SZ,CN_A,0.043478260869565216,1.0,-0.030226754791584654,-0.033328461171685086
2023-11-24,2023-11-27,2023-12-04,002340.SZ,CN_A,0.043478260869565216,1.0,-0.02622374370866809,-0.028212191657850494
2023-11-24,2023-11-27,2023-12-04,1164.HK,HK,0.043478260869565216,1.0,0.023952133619444815,0.023952133619444815
2023-11-24,2023-11-27,2023-12-04,1378.HK,HK,0.043478260869565216,1.0,-0.0667701222132745,-0.0667701222132745
2023-11-24,2023-11-27,2023-12-04,2302.HK,HK,0.043478260869565216,1.0,-0.009345896432088385,-0.009345896432088385
2023-11-24,2023-11-27,2023-12-04,2600.HK,HK,0.043478260869565216,1.0,-0.045454506853298104,-0.04502591237332976
2023-11-24,2023-11-27,2023-12-04,300919.SZ,CN_A,0.043478260869565216,1.0,-0.04227585640600884,-0.04227585640600884
2023-11-24,2023-11-27,2023-12-04,601600.SH,CN_A,0.043478260869565216,1.0,-0.023172897199200126,-0.023172897199200015
2023-11-24,2023-11-27,2023-12-04,601985.SH,CN_A,0.043478260869565216,1.0,0.012820550844106382,0.012820550844106382
2023-11-24,2023-11-27,2023-12-04,603799.SH,CN_A,0.043478260869565216,1.0,-0.048663274196985684,-0.03910334540931715
2023-11-24,2023-11-27,2023-12-04,AA,US,0.043478260869565216,1.0,0.019391579898112354,0.019391579898112354
2023-11-24,2023-11-27,2023-12-04,BHP,US,0.043478260869565216,1.0,0.0008154744029673644,0.0008154744029673644
2023-11-24,2023-11-27,2023-12-04,CCJ,US,0.043478260869565216,1.0,0.013638417944531911,0.013638417944531911
2023-11-24,2023-11-27,2023-12-04,CENX,US,0.043478260869565216,1.0,0.060489033635184875,0.060489033635184875
2023-11-24,2023-11-27,2023-12-04,DNN,US,0.043478260869565216,1.0,-0.01063828775385156,-0.01063828775385156
2023-11-24,2023-11-27,2023-12-04,KALU,US,0.043478260869565216,1.0,0.045741614023170785,0.045741614023170785
2023-11-24,2023-11-27,2023-12-04,NXE,US,0.043478260869565216,1.0,-0.010355054628889526,-0.010355054628889526
2023-11-24,2023-11-27,2023-12-04,TLOFF,US,0.043478260869565216,1.0,-0.02142855135761923,-0.02142855135761923
2023-11-24,2023-11-27,2023-12-04,UEC,US,0.043478260869565216,1.0,0.054687484283931775,0.054687484283931775
2023-11-24,2023-11-27,2023-12-04,VALE,US,0.043478260869565216,1.0,-0.00604443532899579,-0.00604443532899579
2023-11-24,2023-11-27,2023-12-04,2362.HK,HK,0.043478260869565216,0.5,0.043478224162002865,0.043478224162002865
2023-11-24,2023-11-27,2023-12-04,UUUU,US,0.043478260869565216,0.5,-0.07261901004514282,-0.07261901004514282
2023-12-01,2023-12-04,2023-12-11,002340.SZ,CN_A,0.05,1.0,0.0,0.0
2023-12-01,2023-12-04,2023-12-11,0815.HK,HK,0.05,1.0,-0.15819207327262919,-0.15819207327262919
2023-12-01,2023-12-04,2023-12-11,1164.HK,HK,0.05,1.0,-0.07602329878720537,-0.07607388888792777
2023-12-01,2023-12-04,2023-12-11,2302.HK,HK,0.05,1.0,-0.10377354777211323,-0.10377354777211323
2023-12-01,2023-12-04,2023-12-11,300919.SZ,CN_A,0.05,1.0,-0.010107239436639381,-0.010107239436639381
2023-12-01,2023-12-04,2023-12-11,601985.SH,CN_A,0.05,1.0,0.009845216447579963,0.009845216447579963
2023-12-01,2023-12-04,2023-12-11,603799.SH,CN_A,0.05,1.0,0.003473301274427243,0.003473301274427243
2023-12-01,2023-12-04,2023-12-11,BHP,US,0.05,1.0,0.01157103757329958,0.01157103757329958
2023-12-01,2023-12-04,2023-12-11,CCJ,US,0.05,1.0,-0.019582229984318467,-0.019582229984318467
2023-12-01,2023-12-04,2023-12-11,CDE,US,0.05,1.0,0.019672055968730673,0.019672055968730673
2023-12-01,2023-12-04,2023-12-11,DNN,US,0.05,1.0,-0.016129016752173708,-0.016129016752173708
2023-12-01,2023-12-04,2023-12-11,NXE,US,0.05,1.0,0.03288487119730399,0.03288487119730399
2023-12-01,2023-12-04,2023-12-11,PAAS,US,0.05,1.0,-0.06976748670191679,-0.06976748670191679
2023-12-01,2023-12-04,2023-12-11,SVM,US,0.05,1.0,-0.06451613460908445,-0.06451613460908445
2023-12-01,2023-12-04,2023-12-11,TLOFF,US,0.05,1.0,-0.08759124405160879,-0.08759124405160879
2023-12-01,2023-12-04,2023-12-11,UEC,US,0.05,1.0,0.004444475527162872,0.004444475527162872
2023-12-01,2023-12-04,2023-12-11,VALE,US,0.05,1.0,-0.0013512875662408108,-0.0013512875662408108
2023-12-01,2023-12-04,2023-12-11,WPM,US,0.05,1.0,-0.023721898641533068,-0.023721898641533068
2023-12-01,2023-12-04,2023-12-11,2362.HK,HK,0.05,0.5,0.03125002139436228,0.03125002139436228
2023-12-01,2023-12-04,2023-12-11,UUUU,US,0.05,0.5,-0.032092426344573655,-0.032092426344573655
2023-12-08,2023-12-11,2023-12-18,000630.SZ,CN_A,0.02564102564102564,1.0,-0.04276306904340432,-0.04276306904340432
2023-12-08,2023-12-11,2023-12-18,002155.SZ,CN_A,0.02564102564102564,1.0,-0.027678676240496913,-0.027678676240496913
2023-12-08,2023-12-11,2023-12-18,002340.SZ,CN_A,0.02564102564102564,1.0,-0.05924604276711487,-0.05924604276711487
2023-12-08,2023-12-11,2023-12-18,0358.HK,HK,0.02564102564102564,1.0,0.007767026283592493,0.007767026283592493
2023-12-08,2023-12-11,2023-12-18,0815.HK,HK,0.02564102564102564,1.0,-0.06040270537074843,-0.06040270537074843
2023-12-08,2023-12-11,2023-12-18,1164.HK,HK,0.02564102564102564,1.0,0.08227837204922861,0.08227837204922861
2023-12-08,2023-12-11,2023-12-18,2302.HK,HK,0.02564102564102564,1.0,-0.02105261176576878,-0.021452780972326835
2023-12-08,2023-12-11,2023-12-18,300919.SZ,CN_A,0.02564102564102564,1.0,-0.08335057353989572,-0.08335057353989572
2023-12-08,2023-12-11,2023-12-18,3993.HK,HK,0.02564102564102564,1.0,-0.034999981584092454,-0.034999981584092454
2023-12-08,2023-12-11,2023-12-18,600362.SH,CN_A,0.02564102564102564,1.0,-0.012798190692376088,-0.012798190692376199
2023-12-08,2023-12-11,2023-12-18,600961.SH,CN_A,0.02564102564102564,1.0,0.015625047536257375,0.015625047536257597
2023-12-08,2023-12-11,2023-12-18,601020.SH,CN_A,0.02564102564102564,1.0,0.013559414525893043,0.013559414525893265
2023-12-08,2023-12-11,2023-12-18,601985.SH,CN_A,0.02564102564102564,1.0,0.023676866856839673,0.023676866856839673
2023-12-08,2023-12-11,2023-12-18,603799.SH,CN_A,0.02564102564102564,1.0,-0.06607923994073728,-0.06607923994073717
2023-12-08,2023-12-11,2023-12-18,603993.SH,CN_A,0.02564102564102564,1.0,-0.04115237050903087,-0.04115237050903098
2023-12-08,2023-12-11,2023-12-18,BHP,US,0.02564102564102564,1.0,0.06476551531282837,0.06476551531282837
2023-12-08,2023-12-11,2023-12-18,CCJ,US,0.02564102564102564,1.0,0.028406570716588142,0.028406570716588142
2023-12-08,2023-12-11,2023-12-18,CDE,US,0.02564102564102564,1.0,0.09324768664215388,0.09324768664215388
2023-12-08,2023-12-11,2023-12-18,DNN,US,0.02564102564102564,1.0,-0.021857967281024404,-0.021857967281024404
2023-12-08,2023-12-11,2023-12-18,FCX,US,0.02564102564102564,1.0,0.09189324286725364,0.09189324286725364
2023-12-08,2023-12-11,2023-12-18,HBM,US,0.02564102564102564,1.0,0.11134015064444625,0.11134015064444625
2023-12-08,2023-12-11,2023-12-18,NXE,US,0.02564102564102564,1.0,0.001447211158127848,0.001447211158127848
2023-12-08,2023-12-11,2023-12-18,PAAS,US,0.02564102564102564,1.0,0.04189208046755333,0.04189208046755333
2023-12-08,2023-12-11,2023-12-18,SCCO,US,0.02564102564102564,1.0,0.10235593068926674,0.10235593068926674
2023-12-08,2023-12-11,2023-12-18,SVM,US,0.02564102564102564,1.0,0.030651487565245272,0.030651487565245272
2023-12-08,2023-12-11,2023-12-18,TLOFF,US,0.02564102564102564,1.0,0.08800001144409175,0.08800001144409175
2023-12-08,2023-12-11,2023-12-18,UAMY,US,0.02564102564102564,1.0,0.043478218616745945,0.043478218616745945
2023-12-08,2023-12-11,2023-12-18,UEC,US,0.02564102564102564,1.0,-0.04719766397624081,-0.04719766397624081
2023-12-08,2023-12-11,2023-12-18,VALE,US,0.02564102564102564,1.0,0.02841671374522514,0.02841671374522514
2023-12-08,2023-12-11,2023-12-18,WPM,US,0.02564102564102564,1.0,0.023041414663694804,0.023041414663694804
2023-12-08,2023-12-11,2023-12-18,600497.SH,CN_A,0.02564102564102564,0.5555555555555556,-0.037549419602705414,-0.0375494196027053
2023-12-08,2023-12-11,2023-12-18,2362.HK,HK,0.02564102564102564,0.5,0.1515151917499109,0.15159625959207457
2023-12-08,2023-12-11,2023-12-18,2899.HK,HK,0.02564102564102564,0.5,0.02713818489331854,0.02713818489331854
2023-12-08,2023-12-11,2023-12-18,601168.SH,CN_A,0.02564102564102564,0.5,-0.01247078611486696,-0.01247078611486685
2023-12-08,2023-12-11,2023-12-18,601899.SH,CN_A,0.02564102564102564,0.5,0.009425859144246651,0.009425859144246651
2023-12-08,2023-12-11,2023-12-18,HL,US,0.02564102564102564,0.5,0.03397016202543357,0.03397016202543357
2023-12-08,2023-12-11,2023-12-18,NEXA,US,0.02564102564102564,0.5,0.09310339994213668,0.09310339994213668
2023-12-08,2023-12-11,2023-12-18,TECK,US,0.02564102564102564,0.5,0.09587112075354742,0.09587112075354742
2023-12-08,2023-12-11,2023-12-18,UUUU,US,0.02564102564102564,0.5,-0.03050398146380917,-0.03050398146380917
2023-12-15,2023-12-18,2023-12-25,000630.SZ,CN_A,0.037037037037037035,1.0,0.01718206624143548,0.01718206624143548
2023-12-15,2023-12-18,2023-12-25,002155.SZ,CN_A,0.037037037037037035,1.0,0.005509746596241483,0.005509746596241261
2023-12-15,2023-12-18,2023-12-27,0358.HK,HK,0.037037037037037035,1.0,0.03853550915014159,0.03776720453805882
2023-12-15,2023-12-18,2023-12-27,1164.HK,HK,0.037037037037037035,1.0,0.0,0.0
2023-12-15,2023-12-18,2023-12-27,2302.HK,HK,0.037037037037037035,1.0,1.1397849400342026,1.139784940034203
2023-12-15,2023-12-18,2023-12-27,3993.HK,HK,0.037037037037037035,1.0,0.06217609363804977,0.06217609363804977
2023-12-15,2023-12-18,2023-12-25,600362.SH,CN_A,0.037037037037037035,1.0,0.014731896946508893,0.014731896946508893
2023-12-15,2023-12-18,2023-12-25,600961.SH,CN_A,0.037037037037037035,1.0,0.02307690050475042,0.02307690050475042
2023-12-15,2023-12-18,2023-12-25,601020.SH,CN_A,0.037037037037037035,1.0,0.08807130070850122,0.08807130070850122
2023-12-15,2023-12-18,2023-12-25,601985.SH,CN_A,0.037037037037037035,1.0,0.010884371543244953,0.010884371543244953
2023-12-15,2023-12-18,2023-12-25,603993.SH,CN_A,0.037037037037037035,1.0,0.05793995698361942,0.05793995698361942
2023-12-15,2023-12-18,2023-12-26,CCJ,US,0.037037037037037035,1.0,-0.052870162789052544,-0.052870162789052544
2023-12-15,2023-12-18,2023-12-26,DNN,US,0.037037037037037035,1.0,-0.01117317394007622,-0.01117317394007622
2023-12-15,2023-12-18,2023-12-26,FCX,US,0.037037037037037035,1.0,0.03579207972684895,0.03579207972684895
2023-12-15,2023-12-18,2023-12-26,HBM,US,0.037037037037037035,1.0,0.05380334989526303,0.05380334989526303
2023-12-15,2023-12-18,2023-12-26,NXE,US,0.037037037037037035,1.0,0.010115562724344329,0.010115562724344329
2023-12-15,2023-12-18,2023-12-26,SCCO,US,0.037037037037037035,1.0,0.054093402564940885,0.054093402564940885
2023-12-15,2023-12-18,2023-12-26,UAMY,US,0.037037037037037035,1.0,0.04166668994973155,0.04166668994973155
2023-12-15,2023-12-18,2023-12-26,UEC,US,0.037037037037037035,1.0,0.043343611659096615,0.043343611659096615
2023-12-15,2023-12-18,2023-12-25,600497.SH,CN_A,0.037037037037037035,0.5555555555555556,0.004106772114843338,0.004106772114843116
2023-12-15,2023-12-18,2023-12-27,2899.HK,HK,0.037037037037037035,0.5,0.06543611628682444,0.06483853728188471
2023-12-15,2023-12-18,2023-12-25,601168.SH,CN_A,0.037037037037037035,0.5,0.07971597864845936,0.07971597864845936
2023-12-15,2023-12-18,2023-12-25,601899.SH,CN_A,0.037037037037037035,0.5,0.04164171165619979,0.04164171165619979
2023-12-15,2023-12-18,2023-12-26,HL,US,0.037037037037037035,0.5,0.026694150166363784,0.026694150166363784
2023-12-15,2023-12-18,2023-12-26,NEXA,US,0.037037037037037035,0.5,0.11041004788862518,0.11041004788862518
2023-12-15,2023-12-18,2023-12-26,TECK,US,0.037037037037037035,0.5,0.029482725922254538,0.029482725922254538
2023-12-15,2023-12-18,2023-12-26,UUUU,US,0.037037037037037035,0.5,0.07387140438850648,0.07387140438850648
2023-12-22,2023-12-25,2024-01-02,000630.SZ,CN_A,0.02631578947368421,1.0,0.1182431536116697,0.1182431536116697
2023-12-22,2023-12-25,2024-01-02,002155.SZ,CN_A,0.02631578947368421,1.0,0.02465741692160517,0.02174645158528299
2023-12-22,2023-12-27,2024-01-02,0358.HK,HK,0.02631578947368421,1.0,0.020408259786972582,0.02040825978697236
2023-12-22,2023-12-27,2024-01-02,0815.HK,HK,0.02631578947368421,1.0,0.028985566713310096,0.028985566713310096
2023-12-22,2023-12-27,2024-01-02,1164.HK,HK,0.02631578947368421,1.0,0.011695924464154128,0.011695924464153906
2023-12-22,2023-12-27,2024-01-02,2302.HK,HK,0.02631578947368421,1.0,0.11055277766628957,0.11055277766628935
2023-12-22,2023-12-27,2024-01-02,3993.HK,HK,0.02631578947368421,1.0,0.06341477498959192,0.06308932194011962
2023-12-22,2023-12-25,2024-01-02,600362.SH,CN_A,0.02631578947368421,1.0,0.04994200428724804,0.04994200428724804
2023-12-22,2023-12-25,2024-01-02,600961.SH,CN_A,0.02631578947368421,1.0,0.051378486625225595,0.051378486625225595
2023-12-22,2023-12-25,2024-01-02,601020.SH,CN_A,0.02631578947368421,1.0,0.0522541578113207,0.05212193486505168
2023-12-22,2023-12-25,2024-01-02,601985.SH,CN_A,0.02631578947368421,1.0,0.03364737990472455,0.03428771915012896
2023-12-22,2023-12-25,2024-01-02,603993.SH,CN_A,0.02631578947368421,1.0,0.0730223633848015,0.07248770356862755
2023-12-22,2023-12-26,2024-01-02,CCJ,US,0.02631578947368421,1.0,-0.04215068936233035,-0.04215068936233035
2023-12-22,2023-12-26,2024-01-02,CDE,US,0.02631578947368421,1.0,-0.07780980897529288,-0.07780980897529288
2023-12-22,2023-12-26,2024-01-02,DNN,US,0.02631578947368421,1.0,-0.045197697496120015,-0.045197697496120015
2023-12-22,2023-12-26,2024-01-02,FCX,US,0.02631578947368421,1.0,-0.017277545290800056,-0.017277545290800056
2023-12-22,2023-12-26,2024-01-02,HBM,US,0.02631578947368421,1.0,-0.03873244212953697,-0.03873244212953697
2023-12-22,2023-12-26,2024-01-02,NXE,US,0.02631578947368421,1.0,-0.03004285667898121,-0.03004285667898121
2023-12-22,2023-12-26,2024-01-02,PAAS,US,0.02631578947368421,1.0,-0.051816536658082724,-0.051816536658082724
2023-12-22,2023-12-26,2024-01-02,SCCO,US,0.02631578947368421,1.0,-0.03024050401692069,-0.03024050401692069
2023-12-22,2023-12-26,2024-01-02,SVM,US,0.02631578947368421,1.0,-0.08664257696169697,-0.08664257696169697
2023-12-22,2023-12-26,2024-01-02,UAMY,US,0.02631578947368421,1.0,0.0,0.0
2023-12-22,2023-12-26,2024-01-02,UEC,US,0.02631578947368421,1.0,-0.04451034481977956,-0.04451034481977956
2023-12-22,2023-12-26,2024-01-02,WPM,US,0.02631578947368421,1.0,-0.031206162444352925,-0.031206162444352925
2023-12-22,2023-12-25,2024-01-02,600497.SH,CN_A,0.02631578947368421,0.5555555555555556,0.04089985896242476,0.04089985896242476
2023-12-22,2023-12-27,2024-01-02,2899.HK,HK,0.02631578947368421,0.5,0.012598400509789665,0.012598400509789442
2023-12-22,2023-12-25,2024-01-02,601168.SH,CN_A,0.02631578947368421,0.5,0.07602332028078518,0.0760233202807854
2023-12-22,2023-12-25,2024-01-02,601899.SH,CN_A,0.02631578947368421,0.5,0.02209486831616414,0.02209486831616414
2023-12-22,2023-12-26,2024-01-02,ANGPY,US,0.02631578947368421,0.5,0.011411413865930697,0.011411413865930697
2023-12-22,2023-12-26,2024-01-02,HL,US,0.02631578947368421,0.5,-0.06200011154789464,-0.06200011154789464
2023-12-22,2023-12-26,2024-01-02,IMPUY,US,0.02631578947368421,0.5,-0.008456627050340781,-0.008456627050340781
2023-12-22,2023-12-26,2024-01-02,NEXA,US,0.02631578947368421,0.5,-0.008522708217407526,-0.008522708217407526
2023-12-22,2023-12-26,2024-01-02,NGLOY,US,0.02631578947368421,0.5,0.0016194354784075937,0.0016194354784075937
2023-12-22,2023-12-26,2024-01-02,PLG,US,0.02631578947368421,0.5,0.0,0.0
2023-12-22,2023-12-26,2024-01-02,SBSW,US,0.02631578947368421,0.5,-0.048387127976831645,-0.048387127976831645
2023-12-22,2023-12-26,2024-01-02,TECK,US,0.02631578947368421,0.5,-0.03802826011774618,-0.03802826011774618
2023-12-22,2023-12-26,2024-01-02,UUUU,US,0.02631578947368421,0.5,-0.11847131715120107,-0.11847131715120107
2023-12-22,2023-12-27,2024-01-02,2362.HK,HK,0.02631578947368421,0.25,-0.030769161474970996,-0.030769161474970885
2023-12-29,2024-01-02,2024-01-08,000630.SZ,CN_A,0.030303030303030304,1.0,-0.021148052830872843,-0.021148052830872843
2023-12-29,2024-01-02,2024-01-08,002155.SZ,CN_A,0.030303030303030304,1.0,-0.04367185785607297,-0.04367185785607297
2023-12-29,2024-01-02,2024-01-08,0358.HK,HK,0.030303030303030304,1.0,-0.010909042856017237,-0.010909042856017237
2023-12-29,2024-01-02,2024-01-08,1164.HK,HK,0.030303030303030304,1.0,-0.06936419828467144,-0.06957051625662758
2023-12-29,2024-01-02,2024-01-08,2302.HK,HK,0.030303030303030304,1.0,-0.3212669800414525,-0.3213363042237619
2023-12-29,2024-01-02,2024-01-08,3993.HK,HK,0.030303030303030304,1.0,0.0,0.0
2023-12-29,2024-01-02,2024-01-08,600362.SH,CN_A,0.030303030303030304,1.0,-0.004424724791581958,-0.004424724791582069
2023-12-29,2024-01-02,2024-01-08,600961.SH,CN_A,0.030303030303030304,1.0,-0.0524434464901774,-0.05244344649017729
2023-12-29,2024-01-02,2024-01-08,601020.SH,CN_A,0.030303030303030304,1.0,-0.06231747483135375,-0.06231747483135375
2023-12-29,2024-01-02,2024-01-08,601985.SH,CN_A,0.030303030303030304,1.0,0.03255208745155036,0.03255208745155058
2023-12-29,2024-01-02,2024-01-08,603993.SH,CN_A,0.030303030303030304,1.0,0.005671145233033581,0.005671145233033581
2023-12-29,2024-01-02,2024-01-08,CCJ,US,0.030303030303030304,1.0,0.015937177528902113,0.015937177528902113
2023-12-29,2024-01-02,2024-01-08,DNN,US,0.030303030303030304,1.0,-0.011834378377890364,-0.011834378377890364
2023-12-29,2024-01-02,2024-01-08,FCX,US,0.030303030303030304,1.0,0.0026134590519855116,0.0026134590519855116
2023-12-29,2024-01-02,2024-01-08,HBM,US,0.030303030303030304,1.0,-0.021977954556350765,-0.021977954556350765
2023-12-29,2024-01-02,2024-01-08,NXE,US,0.030303030303030304,1.0,-0.02212390718667423,-0.02212390718667423
2023-12-29,2024-01-02,2024-01-08,SCCO,US,0.030303030303030304,1.0,0.009803810252182465,0.009803810252182465
2023-12-29,2024-01-02,2024-01-08,UAMY,US,0.030303030303030304,1.0,0.0,0.0
2023-12-29,2024-01-02,2024-01-08,UEC,US,0.030303030303030304,1.0,0.0015527565148800715,0.0015527565148800715
2023-12-29,2024-01-02,2024-01-08,600497.SH,CN_A,0.030303030303030304,0.5555555555555556,-0.0196463448535521,-0.0196463448535521
2023-12-29,2024-01-02,2024-01-08,2899.HK,HK,0.030303030303030304,0.5,-0.03110409958291016,-0.03110409958291005
2023-12-29,2024-01-02,2024-01-08,601168.SH,CN_A,0.030303030303030304,0.5,-0.0040761271144051925,-0.0040761271144053035
2023-12-29,2024-01-02,2024-01-08,601899.SH,CN_A,0.030303030303030304,0.5,-0.015212077657982714,-0.015212077657982714
2023-12-29,2024-01-02,2024-01-08,ANGPY,US,0.030303030303030304,0.5,-0.08194779924519058,-0.08194779924519058
2023-12-29,2024-01-02,2024-01-08,HL,US,0.030303030303030304,0.5,-0.06396605061886163,-0.06396605061886163
2023-12-29,2024-01-02,2024-01-08,IMPUY,US,0.030303030303030304,0.5,-0.04904047661242983,-0.04904047661242983
2023-12-29,2024-01-02,2024-01-08,NEXA,US,0.030303030303030304,0.5,-0.012893988603336903,-0.012893988603336903
2023-12-29,2024-01-02,2024-01-08,NGLOY,US,0.030303030303030304,0.5,-0.04527071475654476,-0.04527071475654476
2023-12-29,2024-01-02,2024-01-08,PLG,US,0.030303030303030304,0.5,0.05309740021417575,0.05309740021417575
2023-12-29,2024-01-02,2024-01-08,SBSW,US,0.030303030303030304,0.5,-0.03013173764245769,-0.03013173764245769
2023-12-29,2024-01-02,2024-01-08,TECK,US,0.030303030303030304,0.5,-0.02000963145822987,-0.02000963145822987
2023-12-29,2024-01-02,2024-01-08,UUUU,US,0.030303030303030304,0.5,-0.017341023733535632,-0.017341023733535632
2023-12-29,2024-01-02,2024-01-08,2362.HK,HK,0.030303030303030304,0.25,-0.047618984392997166,-0.047618984392997166
2024-01-05,2024-01-08,2024-01-15,000807.SZ,CN_A,0.045454545454545456,1.0,-0.019658137948841747,-0.019658137948841747
2024-01-05,2024-01-08,2024-01-15,000933.SZ,CN_A,0.045454545454545456,1.0,0.0011626714508705671,0.001162671450870345
2024-01-05,2024-01-08,2024-01-15,1164.HK,HK,0.045454545454545456,1.0,0.2360249159136294,0.2360249159136294
2024-01-05,2024-01-08,2024-01-15,1378.HK,HK,0.045454545454545456,1.0,0.03620694460413598,0.03620694460413598
2024-01-05,2024-01-08,2024-01-15,2302.HK,HK,0.045454545454545456,1.0,0.34666665395100904,0.34666665395100904
2024-01-05,2024-01-08,2024-01-15,2600.HK,HK,0.045454545454545456,1.0,0.007957564777953285,0.007359991662667209
2024-01-05,2024-01-08,2024-01-15,601600.SH,CN_A,0.045454545454545456,1.0,-0.008992801679876927,-0.008992801679876927
2024-01-05,2024-01-08,2024-01-15,601985.SH,CN_A,0.045454545454545456,1.0,0.0037830926053785685,0.0037830926053785685
2024-01-05,2024-01-08,2024-01-16,AA,US,0.045454545454545456,1.0,-0.12165145409357636,-0.12165145409357636
2024-01-05,2024-01-08,2024-01-16,CCJ,US,0.045454545454545456,1.0,0.14633574238017366,0.14633574238017366
2024-01-05,2024-01-08,2024-01-16,CENX,US,0.045454545454545456,1.0,-0.011267595291767907,-0.011267595291767907
2024-01-05,2024-01-08,2024-01-16,DNN,US,0.045454545454545456,1.0,0.1976048211949839,0.1976048211949839
2024-01-05,2024-01-08,2024-01-16,KALU,US,0.045454545454545456,1.0,-0.061743314390507065,-0.061743314390507065
2024-01-05,2024-01-08,2024-01-16,NXE,US,0.045454545454545456,1.0,0.17647059669660448,0.17647059669660448
2024-01-05,2024-01-08,2024-01-16,UEC,US,0.045454545454545456,1.0,0.24031011419695814,0.24031011419695814
2024-01-05,2024-01-08,2024-01-16,ANGPY,US,0.045454545454545456,0.5,-0.06468296819241359,-0.06468296819241359
2024-01-05,2024-01-08,2024-01-16,IMPUY,US,0.045454545454545456,0.5,-0.11434981754502072,-0.11434981754502072
2024-01-05,2024-01-08,2024-01-16,NGLOY,US,0.045454545454545456,0.5,-0.0465707632933684,-0.0465707632933684
2024-01-05,2024-01-08,2024-01-16,PLG,US,0.045454545454545456,0.5,-0.1008403352926398,-0.1008403352926398
2024-01-05,2024-01-08,2024-01-16,SBSW,US,0.045454545454545456,0.5,-0.07378646863315486,-0.07378646863315486
2024-01-05,2024-01-08,2024-01-16,UUUU,US,0.045454545454545456,0.5,0.13529405494874913,0.13529405494874913
2024-01-05,2024-01-08,2024-01-15,2362.HK,HK,0.045454545454545456,0.25,-0.03333345283056066,-0.0329929433338243
2024-01-12,2024-01-15,2024-01-22,000807.SZ,CN_A,0.04,1.0,-0.12903226383640076,-0.12903226383640076
2024-01-12,2024-01-15,2024-01-22,000933.SZ,CN_A,0.04,1.0,-0.12369332044954617,-0.12369332044954606
2024-01-12,2024-01-15,2024-01-22,002340.SZ,CN_A,0.04,1.0,-0.0933332267477015,-0.09333322674770139
2024-01-12,2024-01-15,2024-01-22,0815.HK,HK,0.04,1.0,-0.18045115561865088,-0.18045115561865088
2024-01-12,2024-01-15,2024-01-22,1378.HK,HK,0.04,1.0,-0.12146427168414375,-0.12146427168414387
2024-01-12,2024-01-15,2024-01-22,2600.HK,HK,0.04,1.0,-0.15789463293705097,-0.15789463293705086
2024-01-12,2024-01-15,2024-01-22,300919.SZ,CN_A,0.04,1.0,-0.033786633503072205,-0.033786633503072316
2024-01-12,2024-01-15,2024-01-22,601600.SH,CN_A,0.04,1.0,-0.0889293618565623,-0.0889293618565623
2024-01-12,2024-01-15,2024-01-22,603799.SH,CN_A,0.04,1.0,-0.06292068604172119,-0.0629206860417213
2024-01-12,2024-01-16,2024-01-22,AA,US,0.04,1.0,-0.008970111378654333,-0.008970111378654333
2024-01-12,2024-01-16,2024-01-22,BHP,US,0.04,1.0,-0.022756839649248906,-0.022756839649248906
2024-01-12,2024-01-16,2024-01-22,CDE,US,0.04,1.0,0.025735298634310677,0.025735298634310677
2024-01-12,2024-01-16,2024-01-22,CENX,US,0.04,1.0,-0.030389335511780358,-0.030389335511780358
2024-01-12,2024-01-16,2024-01-22,KALU,US,0.04,1.0,0.05145170763493079,0.05145170763493079
2024-01-12,2024-01-16,2024-01-22,PAAS,US,0.04,1.0,-0.06267041912022897,-0.06267041912022897
2024-01-12,2024-01-16,2024-01-22,SVM,US,0.04,1.0,0.021276724572408368,0.021276724572408368
2024-01-12,2024-01-16,2024-01-22,TLOFF,US,0.04,1.0,-0.12499997671693508,-0.12499997671693508
2024-01-12,2024-01-16,2024-01-22,VALE,US,0.04,1.0,-0.04821797748750767,-0.04821797748750767
2024-01-12,2024-01-16,2024-01-22,WPM,US,0.04,1.0,-0.03555756172169999,-0.03555756172169999
2024-01-12,2024-01-15,2024-01-22,2362.HK,HK,0.04,0.75,-0.12068963918734865,-0.12068963918734854
2024-01-12,2024-01-16,2024-01-22,ANGPY,US,0.04,0.5,-0.03734448636654786,-0.03734448636654786
2024-01-12,2024-01-16,2024-01-22,IMPUY,US,0.04,0.5,-0.05569617124141468,-0.05569617124141468
2024-01-12,2024-01-16,2024-01-22,NGLOY,US,0.04,0.5,-0.011545217967992571,-0.011545217967992571
2024-01-12,2024-01-16,2024-01-22,PLG,US,0.04,0.5,-0.05607482153980292,-0.05607482153980292
2024-01-12,2024-01-16,2024-01-22,SBSW,US,0.04,0.5,-0.06708595948541396,-0.06708595948541396
2024-01-19,2024-01-22,2024-01-29,002340.SZ,CN_A,0.06666666666666667,1.0,0.016806611552624418,0.016806611552624418
2024-01-19,2024-01-22,2024-01-29,1164.HK,HK,0.06666666666666667,1.0,0.021857890935473856,0.021831816665828896
2024-01-19,2024-01-22,2024-01-29,2302.HK,HK,0.06666666666666667,1.0,0.3043477552631826,0.30445103707547316
2024-01-19,2024-01-22,2024-01-29,300919.SZ,CN_A,0.06666666666666667,1.0,-0.05714280037550401,-0.0571428003755039
2024-01-19,2024-01-22,2024-01-29,601985.SH,CN_A,0.06666666666666667,1.0,0.07392996859481649,0.07392996859481671
2024-01-19,2024-01-22,2024-01-29,603799.SH,CN_A,0.06666666666666667,1.0,-0.03482937791829177,-0.03482937791829166
2024-01-19,2024-01-22,2024-01-29,BHP,US,0.06666666666666667,1.0,0.030605492978514226,0.030605492978514226
2024-01-19,2024-01-22,2024-01-29,CCJ,US,0.06666666666666667,1.0,0.019705462937071205,0.019705462937071205
2024-01-19,2024-01-22,2024-01-29,DNN,US,0.06666666666666667,1.0,0.020942451183951105,0.020942451183951105
2024-01-19,2024-01-22,2024-01-29,NXE,US,0.06666666666666667,1.0,0.009536742965807532,0.009536742965807532
2024-01-19,2024-01-22,2024-01-29,TLOFF,US,0.06666666666666667,1.0,-0.008928562875609058,-0.008928562875609058
2024-01-19,2024-01-22,2024-01-29,UEC,US,0.06666666666666667,1.0,-0.026212356894171562,-0.026212356894171562
2024-01-19,2024-01-22,2024-01-29,VALE,US,0.06666666666666667,1.0,0.027165946955736153,0.027165946955736153
2024-01-19,2024-01-22,2024-01-29,2362.HK,HK,0.06666666666666667,0.5,0.1372548812865213,0.1372548812865213
2024-01-19,2024-01-22,2024-01-29,UUUU,US,0.06666666666666667,0.5,0.023611122332973578,0.023611122332973578
2024-01-26,2024-01-29,2024-02-05,002340.SZ,CN_A,0.06666666666666667,1.0,-0.14462809125741038,-0.1473826889855705
2024-01-26,2024-01-29,2024-02-05,1164.HK,HK,0.06666666666666667,1.0,0.03208554676218278,0.03208554676218278
2024-01-26,2024-01-29,2024-02-05,2302.HK,HK,0.06666666666666667,1.0,-0.09999996594020144,-0.09999996594020144
2024-01-26,2024-01-29,2024-02-05,300919.SZ,CN_A,0.06666666666666667,1.0,-0.06218900564244645,-0.06218900564244656
2024-01-26,2024-01-29,2024-02-05,601985.SH,CN_A,0.06666666666666667,1.0,0.009661731628011871,0.009661731628011871
2024-01-26,2024-01-29,2024-02-05,603799.SH,CN_A,0.06666666666666667,1.0,-0.16294640477672118,-0.16127780175191697
2024-01-26,2024-01-29,2024-02-05,BHP,US,0.06666666666666667,1.0,-0.03986443534363293,-0.03986443534363293
2024-01-26,2024-01-29,2024-02-05,CCJ,US,0.06666666666666667,1.0,0.02590796404674789,0.02590796404674789
2024-01-26,2024-01-29,2024-02-05,DNN,US,0.06666666666666667,1.0,0.06666660145816805,0.06666660145816805
2024-01-26,2024-01-29,2024-02-05,NXE,US,0.06666666666666667,1.0,0.06612689042449182,0.06612689042449182
2024-01-26,2024-01-29,2024-02-05,TLOFF,US,0.06666666666666667,1.0,-0.036036001204980406,-0.036036001204980406
2024-01-26,2024-01-29,2024-02-05,UEC,US,0.06666666666666667,1.0,0.07402425349151653,0.07402425349151653
2024-01-26,2024-01-29,2024-02-05,VALE,US,0.06666666666666667,1.0,-0.060757761233068974,-0.060757761233068974
2024-01-26,2024-01-29,2024-02-05,2362.HK,HK,0.06666666666666667,0.5,-0.08620685570100228,-0.08632388464612895
2024-01-26,2024-01-29,2024-02-05,UUUU,US,0.06666666666666667,0.5,0.0108548066415588,0.0108548066415588
2024-02-02,2024-02-05,2024-02-19,002340.SZ,CN_A,0.06666666666666667,1.0,0.2318839623046287,0.2318839623046287
2024-02-02,2024-02-05,2024-02-14,1164.HK,HK,0.06666666666666667,1.0,0.010362772474239224,0.010362772474239224
2024-02-02,2024-02-05,2024-02-14,2302.HK,HK,0.06666666666666667,1.0,-0.021164001140624777,-0.021164001140624777
2024-02-02,2024-02-05,2024-02-19,300919.SZ,CN_A,0.06666666666666667,1.0,0.1138171645591961,0.1138171645591961
2024-02-02,2024-02-05,2024-02-19,601985.SH,CN_A,0.06666666666666667,1.0,0.031100561597543708,0.031100561597543708
2024-02-02,2024-02-05,2024-02-19,603799.SH,CN_A,0.06666666666666667,1.0,0.13111112556238025,0.13111112556238003
2024-02-02,2024-02-05,2024-02-12,BHP,US,0.06666666666666667,1.0,0.01613722481364044,0.01613722481364044
2024-02-02,2024-02-05,2024-02-12,CCJ,US,0.06666666666666667,1.0,-0.09666740044995692,-0.09666740044995692
2024-02-02,2024-02-05,2024-02-12,DNN,US,0.06666666666666667,1.0,-0.024038439495322916,-0.024038439495322916
2024-02-02,2024-02-05,2024-02-12,NXE,US,0.06666666666666667,1.0,-0.032911420980146655,-0.032911420980146655
2024-02-02,2024-02-05,2024-02-12,TLOFF,US,0.06666666666666667,1.0,0.009345785021542818,0.009345785021542818
2024-02-02,2024-02-05,2024-02-12,UEC,US,0.06666666666666667,1.0,-0.005012526536017692,-0.005012526536017692
2024-02-02,2024-02-05,2024-02-12,VALE,US,0.06666666666666667,1.0,0.022070050349508152,0.022070050349508152
2024-02-02,2024-02-05,2024-02-14,2362.HK,HK,0.06666666666666667,0.5,-0.037735874581111495,-0.037735874581111384
2024-02-02,2024-02-05,2024-02-12,UUUU,US,0.06666666666666667,0.5,-0.06845634430895153,-0.06845634430895153
2024-02-09,2024-02-14,2024-02-19,0358.HK,HK,0.029411764705882353,1.0,0.0603774318648036,0.06037743186480338
2024-02-09,2024-02-14,2024-02-19,1164.HK,HK,0.029411764705882353,1.0,0.07179479332567285,0.07165826363485794
2024-02-09,2024-02-14,2024-02-19,2302.HK,HK,0.029411764705882353,1.0,0.010810800361494177,0.010810800361494177
2024-02-09,2024-02-14,2024-02-19,3993.HK,HK,0.029411764705882353,1.0,0.04418585402291475,0.04418585402291453
2024-02-09,2024-02-12,2024-02-20,BHP,US,0.029411764705882353,1.0,-0.03887519618051638,-0.03887519618051638
2024-02-09,2024-02-12,2024-02-20,CCJ,US,0.029411764705882353,1.0,-0.04972502812287172,-0.04972502812287172
2024-02-09,2024-02-12,2024-02-20,DNN,US,0.029411764705882353,1.0,-0.10837439985755959,-0.10837439985755959
2024-02-09,2024-02-12,2024-02-20,FCX,US,0.029411764705882353,1.0,0.01193975994228258,0.01193975994228258
2024-02-09,2024-02-12,2024-02-20,HBM,US,0.029411764705882353,1.0,0.03448284081474595,0.03448284081474595
2024-02-09,2024-02-12,2024-02-20,NXE,US,0.029411764705882353,1.0,-0.08507854800086956,-0.08507854800086956
2024-02-09,2024-02-12,2024-02-20,SCCO,US,0.029411764705882353,1.0,0.02590917668889592,0.02590917668889592
2024-02-09,2024-02-12,2024-02-20,TLOFF,US,0.029411764705882353,1.0,0.03703700024404788,0.03703700024404788
2024-02-09,2024-02-12,2024-02-20,UAMY,US,0.029411764705882353,1.0,-0.08695656680880426,-0.08695656680880426
2024-02-09,2024-02-12,2024-02-20,UEC,US,0.029411764705882353,1.0,-0.15491184007674552,-0.15491184007674552
2024-02-09,2024-02-12,2024-02-20,VALE,US,0.029411764705882353,1.0,-0.00446766223359385,-0.00446766223359385
2024-02-09,2024-02-14,2024-02-19,2362.HK,HK,0.029411764705882353,0.5,0.07843142768038747,0.07843142768038769
2024-02-09,2024-02-14,2024-02-19,2899.HK,HK,0.029411764705882353,0.5,0.08245616243546094,0.08245616243546117
2024-02-09,2024-02-12,2024-02-20,HL,US,0.029411764705882353,0.5,-0.04054057748154438,-0.04054057748154438
2024-02-09,2024-02-12,2024-02-20,NEXA,US,0.029411764705882353,0.5,-0.013081471248401089,-0.013081471248401089
2024-02-09,2024-02-12,2024-02-20,TECK,US,0.029411764705882353,0.5,0.006373029299264088,0.006373029299264088
2024-02-09,2024-02-12,2024-02-20,UUUU,US,0.029411764705882353,0.5,-0.11527380174911284,-0.11527380174911284
2024-02-16,2024-02-19,2024-02-26,000807.SZ,CN_A,0.041666666666666664,1.0,0.007005256930406878,0.007005256930406878
2024-02-16,2024-02-19,2024-02-26,000933.SZ,CN_A,0.041666666666666664,1.0,0.019955616158607414,0.019955616158607414
2024-02-16,2024-02-19,2024-02-26,002340.SZ,CN_A,0.041666666666666664,1.0,0.049019615347960066,0.049019615347960066
2024-02-16,2024-02-19,2024-02-26,1378.HK,HK,0.041666666666666664,1.0,0.030251958295604453,0.029453679700720103
2024-02-16,2024-02-19,2024-02-26,2600.HK,HK,0.041666666666666664,1.0,0.01790284680252996,0.01790284680252996
2024-02-16,2024-02-19,2024-02-26,300919.SZ,CN_A,0.041666666666666664,1.0,-0.01580435545179748,-0.01580435545179748
2024-02-16,2024-02-19,2024-02-26,600961.SH,CN_A,0.041666666666666664,1.0,-0.010070531560568363,-0.010070531560568474
2024-02-16,2024-02-19,2024-02-26,601600.SH,CN_A,0.041666666666666664,1.0,0.008474572651854029,0.008474572651854029
2024-02-16,2024-02-19,2024-02-26,603799.SH,CN_A,0.041666666666666664,1.0,0.05500972027052908,0.05500972027052908
2024-02-16,2024-02-20,2024-02-26,AA,US,0.041666666666666664,1.0,-0.050580768552024646,-0.050580768552024646
2024-02-16,2024-02-20,2024-02-26,BHP,US,0.041666666666666664,1.0,-0.015490460194785838,-0.015490460194785838
2024-02-16,2024-02-20,2024-02-26,CENX,US,0.041666666666666664,1.0,-0.018609165492009527,-0.018609165492009527
2024-02-16,2024-02-20,2024-02-26,HBM,US,0.041666666666666664,1.0,0.027777782701224885,0.027777782701224885
2024-02-16,2024-02-20,2024-02-26,KALU,US,0.041666666666666664,1.0,0.09609240917462758,0.09609240917462758
2024-02-16,2024-02-20,2024-02-26,TLOFF,US,0.041666666666666664,1.0,-0.026785688626827175,-0.026785688626827175
2024-02-16,2024-02-20,2024-02-26,VALE,US,0.041666666666666664,1.0,-0.014958686344097805,-0.014958686344097805
2024-02-16,2024-02-19,2024-02-26,2362.HK,HK,0.041666666666666664,0.5,0.2545454031912715,0.2543686693336564
2024-02-16,2024-02-19,2024-02-26,2899.HK,HK,0.041666666666666664,0.5,0.061588389432991164,0.061588389432991164
2024-02-16,2024-02-19,2024-02-26,601168.SH,CN_A,0.041666666666666664,0.5,0.034329245557495724,0.034329245557495724
2024-02-16,2024-02-19,2024-02-26,601899.SH,CN_A,0.041666666666666664,0.5,0.02334616432861769,0.02334616432861769
2024-02-16,2024-02-20,2024-02-26,HL,US,0.041666666666666664,0.5,-0.002816849814364919,-0.002816849814364919
2024-02-16,2024-02-20,2024-02-26,NEXA,US,0.041666666666666664,0.5,-0.0029454537216115906,-0.0029454537216115906
2024-02-16,2024-02-20,2024-02-26,TECK,US,0.041666666666666664,0.5,0.023746664243165405,0.023746664243165405
2024-02-16,2024-02-19,2024-02-26,600497.SH,CN_A,0.041666666666666664,0.4444444444444444,0.01400013804639988,0.01400013804639988
2024-02-23,2024-02-26,2024-03-04,000630.SZ,CN_A,0.038461538461538464,1.0,-0.015151461125109678,-0.015151461125109678
2024-02-23,2024-02-26,2024-03-04,002155.SZ,CN_A,0.038461538461538464,1.0,0.0744863955899846,0.0744863955899846
2024-02-23,2024-02-26,2024-03-04,002340.SZ,CN_A,0.038461538461538464,1.0,0.0,0.0
2024-02-23,2024-02-26,2024-03-04,0358.HK,HK,0.038461538461538464,1.0,-0.009884813149751093,-0.009884813149751204
2024-02-23,2024-02-26,2024-03-04,300919.SZ,CN_A,0.038461538461538464,1.0,0.04707450061285723,0.04707450061285723
2024-02-23,2024-02-26,2024-03-04,3993.HK,HK,0.038461538461538464,1.0,0.018000188785695537,0.018000188785695315
2024-02-23,2024-02-26,2024-03-04,600362.SH,CN_A,0.038461538461538464,1.0,0.010763592901858132,0.010763592901858132
2024-02-23,2024-02-26,2024-03-04,600961.SH,CN_A,0.038461538461538464,1.0,0.04069172142775224,0.04069172142775246
2024-02-23,2024-02-26,2024-03-04,601020.SH,CN_A,0.038461538461538464,1.0,0.006329156914573586,0.006329156914573586
2024-02-23,2024-02-26,2024-03-04,603799.SH,CN_A,0.038461538461538464,1.0,0.03538172016235275,0.03538172016235275
2024-02-23,2024-02-26,2024-03-04,603993.SH,CN_A,0.038461538461538464,1.0,0.024469862609117987,0.024469862609117987
2024-02-23,2024-02-26,2024-03-04,BHP,US,0.038461538461538464,1.0,0.015034920334011215,0.015034920334011215
2024-02-23,2024-02-26,2024-03-04,FCX,US,0.038461538461538464,1.0,0.007625594412322911,0.007625594412322911
2024-02-23,2024-02-26,2024-03-04,HBM,US,0.038461538461538464,1.0,0.10938549138313491,0.10938549138313491
2024-02-23,2024-02-26,2024-03-04,SCCO,US,0.038461538461538464,1.0,0.02314237591445467,0.02314237591445467
2024-02-23,2024-02-26,2024-03-04,TLOFF,US,0.038461538461538464,1.0,0.06422012027451385,0.06422012027451385
2024-02-23,2024-02-26,2024-03-04,UAMY,US,0.038461538461538464,1.0,0.0,0.0
2024-02-23,2024-02-26,2024-03-04,VALE,US,0.038461538461538464,1.0,0.020500884032640387,0.020500884032640387
2024-02-23,2024-02-26,2024-03-04,600497.SH,CN_A,0.038461538461538464,0.5555555555555556,0.015778974434231374,0.015778974434231374
2024-02-23,2024-02-26,2024-03-04,2362.HK,HK,0.038461538461538464,0.5,-0.07246373172211795,-0.07246373172211795
2024-02-23,2024-02-26,2024-03-04,2899.HK,HK,0.038461538461538464,0.5,0.0,-0.00048739502290529035
2024-02-23,2024-02-26,2024-03-04,601168.SH,CN_A,0.038461538461538464,0.5,0.01659502772683763,0.016595027726837852
2024-02-23,2024-02-26,2024-03-04,601899.SH,CN_A,0.038461538461538464,0.5,0.023574185819253524,0.023574185819253524
2024-02-23,2024-02-26,2024-03-04,HL,US,0.038461538461538464,0.5,0.1045196909937205,0.1045196909937205
2024-02-23,2024-02-26,2024-03-04,NEXA,US,0.038461538461538464,0.5,0.03545050774607317,0.03545050774607317
2024-02-23,2024-02-26,2024-03-04,TECK,US,0.038461538461538464,0.5,0.015205946838149575,0.015205946838149575
2024-03-01,2024-03-04,2024-03-11,000426.SZ,CN_A,0.08333333333333333,1.0,0.06168838601908355,0.06168838601908333
2024-03-01,2024-03-04,2024-03-11,000960.SZ,CN_A,0.08333333333333333,1.0,0.04385346488421504,0.04385346488421504
2024-03-01,2024-03-04,2024-03-11,002340.SZ,CN_A,0.08333333333333333,1.0,0.020560809041976214,0.020560809041976214
2024-03-01,2024-03-04,2024-03-11,300919.SZ,CN_A,0.08333333333333333,1.0,0.11092419287747002,0.11092419287747002
2024-03-01,2024-03-04,2024-03-11,603799.SH,CN_A,0.08333333333333333,1.0,0.02446049760341773,0.02446049760341773
2024-03-01,2024-03-04,2024-03-11,AFMJF,US,0.08333333333333333,1.0,0.01470600744174666,0.01470600744174666
2024-03-01,2024-03-04,2024-03-11,BHP,US,0.08333333333333333,1.0,-0.00886939033200207,-0.00886939033200207
2024-03-01,2024-03-04,2024-03-11,MLXEF,US,0.08333333333333333,1.0,0.035221352818369134,0.035221352818369134
2024-03-01,2024-03-04,2024-03-11,TLOFF,US,0.08333333333333333,1.0,-0.09482760126752365,-0.09482760126752365
2024-03-01,2024-03-04,2024-03-11,VALE,US,0.08333333333333333,1.0,-0.045386784233642063,-0.045386784233642063
2024-03-01,2024-03-04,2024-03-11,2362.HK,HK,0.08333333333333333,0.5,0.21874995623880578,0.21874995623880578
2024-03-08,2024-03-11,2024-03-18,000426.SZ,CN_A,0.030303030303030304,1.0,0.1111109259686538,0.1111109259686538
2024-03-08,2024-03-11,2024-03-18,000630.SZ,CN_A,0.030303030303030304,1.0,0.07923491347979628,0.07923491347979628
2024-03-08,2024-03-11,2024-03-18,000960.SZ,CN_A,0.030303030303030304,1.0,0.06680426701676057,0.07227445039981228
2024-03-08,2024-03-11,2024-03-18,002155.SZ,CN_A,0.030303030303030304,1.0,-0.016666531152248143,-0.016351499305740536
2024-03-08,2024-03-11,2024-03-18,002340.SZ,CN_A,0.030303030303030304,1.0,0.194139250122894,0.194139250122894
2024-03-08,2024-03-11,2024-03-18,0358.HK,HK,0.030303030303030304,1.0,0.08452964092822235,0.08466841335884023
2024-03-08,2024-03-11,2024-03-18,0815.HK,HK,0.030303030303030304,1.0,-0.07999998331069946,-0.07999998331069946
2024-03-08,2024-03-11,2024-03-18,300919.SZ,CN_A,0.030303030303030304,1.0,0.05503025647920978,0.05482616142296903
2024-03-08,2024-03-11,2024-03-18,3993.HK,HK,0.030303030303030304,1.0,0.1759258833796089,0.1759258833796089
2024-03-08,2024-03-11,2024-03-18,600362.SH,CN_A,0.030303030303030304,1.0,0.1121314836029399,0.11213148360293967
2024-03-08,2024-03-11,2024-03-18,601020.SH,CN_A,0.030303030303030304,1.0,0.032181042275671645,0.03212347709591756
2024-03-08,2024-03-11,2024-03-18,603799.SH,CN_A,0.030303030303030304,1.0,0.03370785314230096,0.03370785314230096
2024-03-08,2024-03-11,2024-03-18,603993.SH,CN_A,0.030303030303030304,1.0,0.155096057493316,0.15479145121458515
2024-03-08,2024-03-11,2024-03-18,AFMJF,US,0.030303030303030304,1.0,0.0434782164222598,0.0434782164222598
2024-03-08,2024-03-11,2024-03-18,BHP,US,0.030303030303030304,1.0,-0.004453988069918924,-0.004453988069918924
2024-03-08,2024-03-11,2024-03-18,CDE,US,0.030303030303030304,1.0,-0.03395062228614043,-0.03395062228614043
2024-03-08,2024-03-11,2024-03-18,FCX,US,0.030303030303030304,1.0,0.10044539176778011,0.10044539176778011
2024-03-08,2024-03-11,2024-03-18,MLXEF,US,0.030303030303030304,1.0,0.05977009872036354,0.05977009872036354
2024-03-08,2024-03-11,2024-03-18,PAAS,US,0.030303030303030304,1.0,0.009246137005360255,0.009246137005360255
2024-03-08,2024-03-11,2024-03-18,SCCO,US,0.030303030303030304,1.0,0.18681330130205542,0.18681330130205542
2024-03-08,2024-03-11,2024-03-18,SVM,US,0.030303030303030304,1.0,0.007220207491397401,0.007220207491397401
2024-03-08,2024-03-11,2024-03-18,TLOFF,US,0.030303030303030304,1.0,-0.08571426462964848,-0.08571426462964848
2024-03-08,2024-03-11,2024-03-18,UAMY,US,0.030303030303030304,1.0,0.13043472063789419,0.13043472063789419
2024-03-08,2024-03-11,2024-03-18,VALE,US,0.030303030303030304,1.0,-0.013511326027421444,-0.013511326027421444
2024-03-08,2024-03-11,2024-03-18,WPM,US,0.030303030303030304,1.0,-0.017356431796071048,-0.017356431796071048
2024-03-08,2024-03-11,2024-03-18,2362.HK,HK,0.030303030303030304,0.75,0.06410260829532977,0.06438885032711483
2024-03-08,2024-03-11,2024-03-18,ANGPY,US,0.030303030303030304,0.5,-0.06814816761181597,-0.06814816761181597
2024-03-08,2024-03-11,2024-03-18,IMPUY,US,0.030303030303030304,0.5,0.018420980807912324,0.018420980807912324
2024-03-08,2024-03-11,2024-03-18,NGLOY,US,0.030303030303030304,0.5,-0.005428720813141608,-0.005428720813141608
2024-03-08,2024-03-11,2024-03-18,PLG,US,0.030303030303030304,0.5,-0.016949137131806236,-0.016949137131806236
2024-03-08,2024-03-11,2024-03-18,SBSW,US,0.030303030303030304,0.5,-0.08752730389937902,-0.08752730389937902
2024-03-08,2024-03-11,2024-03-18,600497.SH,CN_A,0.030303030303030304,0.1111111111111111,0.03345711370486826,0.033457113704868036
2024-03-15,2024-03-18,2024-03-25,000426.SZ,CN_A,0.058823529411764705,1.0,-0.02110083965636045,-0.02110083965636045
2024-03-15,2024-03-18,2024-03-25,000960.SZ,CN_A,0.058823529411764705,1.0,-0.056165277184754836,-0.05616527718475495
2024-03-15,2024-03-18,2024-03-25,002340.SZ,CN_A,0.058823529411764705,1.0,-0.06441718640899119,-0.06441718640899119
2024-03-15,2024-03-18,2024-03-25,0815.HK,HK,0.058823529411764705,1.0,-0.09565217165955975,-0.09565217165955986
2024-03-15,2024-03-18,2024-03-25,300919.SZ,CN_A,0.058823529411764705,1.0,-0.06219741784413002,-0.06219741784413002
2024-03-15,2024-03-18,2024-03-25,603799.SH,CN_A,0.058823529411764705,1.0,-0.0930706545655382,-0.09307065456553831
2024-03-15,2024-03-18,2024-03-25,AFMJF,US,0.058823529411764705,1.0,-0.04166662584613612,-0.04166662584613612
2024-03-15,2024-03-18,2024-03-25,BHP,US,0.058823529411764705,1.0,0.019327157267679862,0.019327157267679862
2024-03-15,2024-03-18,2024-03-25,CDE,US,0.058823529411764705,1.0,0.0958466599854837,0.0958466599854837
2024-03-15,2024-03-18,2024-03-25,MLXEF,US,0.058823529411764705,1.0,0.08221258391115471,0.08221258391115471
2024-03-15,2024-03-18,2024-03-25,PAAS,US,0.058823529411764705,1.0,-0.008456725139968868,-0.008456725139968868
2024-03-15,2024-03-18,2024-03-25,SVM,US,0.058823529411764705,1.0,0.10035847003226839,0.10035847003226839
2024-03-15,2024-03-18,2024-03-25,TLOFF,US,0.058823529411764705,1.0,0.04166668994973155,0.04166668994973155
2024-03-15,2024-03-18,2024-03-25,VALE,US,0.058823529411764705,1.0,0.0033002814161655625,0.0033002814161655625
2024-03-15,2024-03-18,2024-03-25,WPM,US,0.058823529411764705,1.0,0.016983696309471163,0.016983696309471163
2024-03-15,2024-03-18,2024-03-25,2362.HK,HK,0.058823529411764705,0.5,-0.012048200576826096,-0.012048200576826096
2024-03-22,2024-03-25,2024-04-01,000426.SZ,CN_A,0.03571428571428571,1.0,0.05810683831814156,0.05810683831814156
2024-03-22,2024-03-25,2024-04-01,000630.SZ,CN_A,0.03571428571428571,1.0,0.039267076710851834,0.039267076710851834
2024-03-22,2024-03-25,2024-04-01,000960.SZ,CN_A,0.03571428571428571,1.0,0.032831839540178986,0.032831839540178986
2024-03-22,2024-03-25,2024-04-01,002155.SZ,CN_A,0.03571428571428571,1.0,0.08006270192964893,0.08006270192964893
2024-03-22,2024-03-25,2024-04-01,002340.SZ,CN_A,0.03571428571428571,1.0,0.03934432498374196,0.03934432498374196
2024-03-22,2024-03-25,2024-04-02,0358.HK,HK,0.03571428571428571,1.0,0.058383346089245336,0.05788249742225493
2024-03-22,2024-03-25,2024-04-02,0815.HK,HK,0.03571428571428571,1.0,0.04807687623525614,0.04807687623525614
2024-03-22,2024-03-25,2024-04-01,300919.SZ,CN_A,0.03571428571428571,1.0,0.05179651632272786,0.05179651632272786
2024-03-22,2024-03-25,2024-04-02,3993.HK,HK,0.03571428571428571,1.0,0.05368088990669584,0.05395306094461794
2024-03-22,2024-03-25,2024-04-01,600362.SH,CN_A,0.03571428571428571,1.0,0.04620167133445974,0.04620167133445974
2024-03-22,2024-03-25,2024-04-01,601020.SH,CN_A,0.03571428571428571,1.0,0.059594700393855726,0.059594700393855726
2024-03-22,2024-03-25,2024-04-01,603799.SH,CN_A,0.03571428571428571,1.0,0.11722851940878365,0.11722851940878365
2024-03-22,2024-03-25,2024-04-01,603993.SH,CN_A,0.03571428571428571,1.0,0.0549871285194814,0.0549871285194814
2024-03-22,2024-03-25,2024-04-01,AFMJF,US,0.03571428571428571,1.0,0.014492568426082375,0.014492568426082375
2024-03-22,2024-03-25,2024-04-01,BHP,US,0.03571428571428571,1.0,0.024403035981681365,0.024403035981681365
2024-03-22,2024-03-25,2024-04-01,CDE,US,0.03571428571428571,1.0,0.2186587833845941,0.2186587833845941
2024-03-22,2024-03-25,2024-04-01,FCX,US,0.03571428571428571,1.0,0.0436605616616188,0.0436605616616188
2024-03-22,2024-03-25,2024-04-01,MLXEF,US,0.03571428571428571,1.0,-0.01783921990434345,-0.01783921990434345
2024-03-22,2024-03-25,2024-04-01,PAAS,US,0.03571428571428571,1.0,0.08386631677223089,0.08386631677223089
2024-03-22,2024-03-25,2024-04-01,SCCO,US,0.03571428571428571,1.0,0.03032047594772136,0.03032047594772136
2024-03-22,2024-03-25,2024-04-01,SVM,US,0.03571428571428571,1.0,0.1237784983021486,0.1237784983021486
2024-03-22,2024-03-25,2024-04-01,TLOFF,US,0.03571428571428571,1.0,0.0,0.0
2024-03-22,2024-03-25,2024-04-01,UAMY,US,0.03571428571428571,1.0,-0.11538456688971033,-0.11538456688971033
2024-03-22,2024-03-25,2024-04-01,VALE,US,0.03571428571428571,1.0,-0.004111921123671758,-0.004111921123671758
2024-03-22,2024-03-25,2024-04-01,WPM,US,0.03571428571428571,1.0,0.06412835236201286,0.06412835236201286
2024-03-22,2024-03-25,2024-04-02,2362.HK,HK,0.03571428571428571,0.5,0.024390187032845123,0.024390187032845123
2024-03-22,2024-03-25,2024-04-01,600497.SH,CN_A,0.03571428571428571,0.1111111111111111,-0.012500030587350497,-0.012500030587350608
2024-03-29,2024-04-01,2024-04-08,000426.SZ,CN_A,0.027777777777777776,1.0,0.126660833249727,0.126660833249727
2024-03-29,2024-04-01,2024-04-08,000630.SZ,CN_A,0.027777777777777776,1.0,0.03778330292796794,0.03778330292796794
2024-03-29,2024-04-01,2024-04-08,000960.SZ,CN_A,0.027777777777777776,1.0,0.059602539645633223,0.059602539645633223
2024-03-29,2024-04-01,2024-04-08,002155.SZ,CN_A,0.027777777777777776,1.0,0.09593038129072395,0.09593038129072395
2024-03-29,2024-04-01,2024-04-08,002340.SZ,CN_A,0.027777777777777776,1.0,0.025236503461882442,0.025236503461882442
2024-03-29,2024-04-02,2024-04-08,0358.HK,HK,0.027777777777777776,1.0,0.10042425338316785,0.10042425338316763
2024-03-29,2024-04-02,2024-04-08,0815.HK,HK,0.027777777777777776,1.0,2.486238572244522,2.486238572244522
2024-03-29,2024-04-02,2024-04-08,1164.HK,HK,0.027777777777777776,1.0,0.03191494243906012,0.031914942439060345
2024-03-29,2024-04-02,2024-04-08,2302.HK,HK,0.027777777777777776,1.0,0.05325438527933213,0.052607823899209816
2024-03-29,2024-04-01,2024-04-08,300919.SZ,CN_A,0.027777777777777776,1.0,-0.02253300929614277,-0.02253300929614288
2024-03-29,2024-04-02,2024-04-08,3993.HK,HK,0.027777777777777776,1.0,0.04803495552717463,0.04803495552717463
2024-03-29,2024-04-01,2024-04-08,600362.SH,CN_A,0.027777777777777776,1.0,0.08704891455797559,0.08704891455797559
2024-03-29,2024-04-01,2024-04-08,601020.SH,CN_A,0.027777777777777776,1.0,0.048368958973072695,0.04836895897307247
2024-03-29,2024-04-01,2024-04-08,601985.SH,CN_A,0.027777777777777776,1.0,0.07545044278090773,0.07545044278090751
2024-03-29,2024-04-01,2024-04-08,603799.SH,CN_A,0.027777777777777776,1.0,0.03754607982789637,0.037546079827896595
2024-03-29,2024-04-01,2024-04-08,603993.SH,CN_A,0.027777777777777776,1.0,0.04727279939044404,0.047272799390444264
2024-03-29,2024-04-01,2024-04-08,AFMJF,US,0.027777777777777776,1.0,0.15714299389998443,0.15714299389998443
2024-03-29,2024-04-01,2024-04-08,BHP,US,0.027777777777777776,1.0,0.022964891618492578,0.022964891618492578
2024-03-29,2024-04-01,2024-04-08,CCJ,US,0.027777777777777776,1.0,0.04278078545958541,0.04278078545958541
2024-03-29,2024-04-01,2024-04-08,CDE,US,0.027777777777777776,1.0,0.13157897742210078,0.13157897742210078
2024-03-29,2024-04-01,2024-04-08,DNN,US,0.027777777777777776,1.0,0.0,0.0
2024-03-29,2024-04-01,2024-04-08,FCX,US,0.027777777777777776,1.0,0.0564122242772096,0.0564122242772096
2024-03-29,2024-04-01,2024-04-08,MLXEF,US,0.027777777777777776,1.0,0.1346938437891232,0.1346938437891232
2024-03-29,2024-04-01,2024-04-08,NXE,US,0.027777777777777776,1.0,-0.05338081492428981,-0.05338081492428981
2024-03-29,2024-04-01,2024-04-08,PAAS,US,0.027777777777777776,1.0,0.1849180084323958,0.1849180084323958
2024-03-29,2024-04-01,2024-04-08,SCCO,US,0.027777777777777776,1.0,0.048766809068603756,0.048766809068603756
2024-03-29,2024-04-01,2024-04-08,SVM,US,0.027777777777777776,1.0,0.11014492490215666,0.11014492490215666
2024-03-29,2024-04-01,2024-04-08,TLOFF,US,0.027777777777777776,1.0,-0.050000011920928955,-0.050000011920928955
2024-03-29,2024-04-01,2024-04-08,UAMY,US,0.027777777777777776,1.0,0.08695650202114802,0.08695650202114802
2024-03-29,2024-04-01,2024-04-08,UEC,US,0.027777777777777776,1.0,-0.001414459496326459,-0.001414459496326459
2024-03-29,2024-04-01,2024-04-08,VALE,US,0.027777777777777776,1.0,0.03220483234845606,0.03220483234845606
2024-03-29,2024-04-01,2024-04-08,WPM,US,0.027777777777777776,1.0,0.050907834215245584,0.050907834215245584
2024-03-29,2024-04-02,2024-04-08,2362.HK,HK,0.027777777777777776,0.5,0.011904841501847008,0.011904841501847008
2024-03-29,2024-04-01,2024-04-08,UUUU,US,0.027777777777777776,0.5,-0.026033701505644324,-0.026033701505644324
2024-03-29,2024-04-01,2024-04-08,600497.SH,CN_A,0.027777777777777776,0.1111111111111111,0.03435796171235661,0.03435796171235683
2024-04-05,2024-04-08,2024-04-15,000426.SZ,CN_A,0.022727272727272728,1.0,0.054245151087707555,0.052893891487807876
2024-04-05,2024-04-08,2024-04-15,000630.SZ,CN_A,0.022727272727272728,1.0,0.014563154417145396,0.021928177513163005
2024-04-05,2024-04-08,2024-04-15,000807.SZ,CN_A,0.022727272727272728,1.0,0.04347821237454608,0.04190523427135262
2024-04-05,2024-04-08,2024-04-15,000933.SZ,CN_A,0.022727272727272728,1.0,0.13558535148939344,0.13452760609625303
2024-04-05,2024-04-08,2024-04-15,000960.SZ,CN_A,0.022727272727272728,1.0,0.11187504870195641,0.11187504870195641
2024-04-05,2024-04-08,2024-04-15,002155.SZ,CN_A,0.022727272727272728,1.0,-0.027188389200120566,-0.027188389200120566
2024-04-05,2024-04-08,2024-04-15,002340.SZ,CN_A,0.022727272727272728,1.0,-0.026153854123567744,-0.016515192658784317
2024-04-05,2024-04-08,2024-04-15,0358.HK,HK,0.022727272727272728,1.0,0.02442163818688603,0.02442163818688603
2024-04-05,2024-04-08,2024-04-15,0815.HK,HK,0.022727272727272728,1.0,-0.05263152941442195,-0.05263152941442206
2024-04-05,2024-04-08,2024-04-15,1164.HK,HK,0.022727272727272728,1.0,0.07216493189709117,0.07216493189709117
2024-04-05,2024-04-08,2024-04-15,1378.HK,HK,0.022727272727272728,1.0,0.05112483572251514,0.05112483572251536
2024-04-05,2024-04-08,2024-04-15,2302.HK,HK,0.022727272727272728,1.0,0.01123594452133525,0.01123594452133525
2024-04-05,2024-04-08,2024-04-15,2600.HK,HK,0.022727272727272728,1.0,0.029354327507003397,0.029049914524180265
2024-04-05,2024-04-08,2024-04-15,300919.SZ,CN_A,0.022727272727272728,1.0,0.006506740871832228,0.006506740871832228
2024-04-05,2024-04-08,2024-04-15,3993.HK,HK,0.022727272727272728,1.0,0.054166604442677846,0.054166604442677846
2024-04-05,2024-04-08,2024-04-15,600362.SH,CN_A,0.022727272727272728,1.0,0.033984229467068694,0.030329504293182374
2024-04-05,2024-04-08,2024-04-15,601020.SH,CN_A,0.022727272727272728,1.0,-0.06437760518249203,-0.06437760518249191
2024-04-05,2024-04-08,2024-04-15,601600.SH,CN_A,0.022727272727272728,1.0,0.034106329183546835,0.03410632918354706
2024-04-05,2024-04-08,2024-04-15,601985.SH,CN_A,0.022727272727272728,1.0,0.0010471869477339801,0.0010471869477339801
2024-04-05,2024-04-08,2024-04-15,603799.SH,CN_A,0.022727272727272728,1.0,-0.02778677516675121,-0.03161934316144821
2024-04-05,2024-04-08,2024-04-15,603993.SH,CN_A,0.022727272727272728,1.0,0.06018511602774135,0.060185116027741126
2024-04-05,2024-04-08,2024-04-15,AA,US,0.022727272727272728,1.0,0.00632909214587829,0.00632909214587829
2024-04-05,2024-04-08,2024-04-15,AFMJF,US,0.022727272727272728,1.0,0.024691305344367587,0.024691305344367587
2024-04-05,2024-04-08,2024-04-15,BHP,US,0.022727272727272728,1.0,-0.010554472832835615,-0.010554472832835615
2024-04-05,2024-04-08,2024-04-15,CCJ,US,0.022727272727272728,1.0,-0.008820584511309737,-0.008820584511309737
2024-04-05,2024-04-08,2024-04-15,CDE,US,0.022727272727272728,1.0,-0.052854133290110794,-0.052854133290110794
2024-04-05,2024-04-08,2024-04-15,CENX,US,0.022727272727272728,1.0,0.03861906620943878,0.03861906620943878
2024-04-05,2024-04-08,2024-04-15,DNN,US,0.022727272727272728,1.0,-0.004830913423070071,-0.004830913423070071
2024-04-05,2024-04-08,2024-04-15,FCX,US,0.022727272727272728,1.0,0.003366394755484947,0.003366394755484947
2024-04-05,2024-04-08,2024-04-15,KALU,US,0.022727272727272728,1.0,-0.052581254372634056,-0.052581254372634056
2024-04-05,2024-04-08,2024-04-15,MLXEF,US,0.022727272727272728,1.0,0.11510793372134964,0.11510793372134964
2024-04-05,2024-04-08,2024-04-15,NXE,US,0.022727272727272728,1.0,-0.018797004387081095,-0.018797004387081095
2024-04-05,2024-04-08,2024-04-15,PAAS,US,0.022727272727272728,1.0,0.05644705238911474,0.05644705238911474
2024-04-05,2024-04-08,2024-04-15,SCCO,US,0.022727272727272728,1.0,0.016212428032018167,0.016212428032018167
2024-04-05,2024-04-08,2024-04-15,SVM,US,0.022727272727272728,1.0,-0.03394254641606498,-0.03394254641606498
2024-04-05,2024-04-08,2024-04-15,TLOFF,US,0.022727272727272728,1.0,-0.01052630588288439,-0.01052630588288439
2024-04-05,2024-04-08,2024-04-15,UAMY,US,0.022727272727272728,1.0,-0.04000002145767212,-0.04000002145767212
2024-04-05,2024-04-08,2024-04-15,UEC,US,0.022727272727272728,1.0,0.01558075558157812,0.01558075558157812
2024-04-05,2024-04-08,2024-04-15,VALE,US,0.022727272727272728,1.0,-0.039999956608353426,-0.039999956608353426
2024-04-05,2024-04-08,2024-04-15,WPM,US,0.022727272727272728,1.0,0.02317215363193381,0.02317215363193381
2024-04-05,2024-04-08,2024-04-15,2362.HK,HK,0.022727272727272728,0.5,-0.05882356662543542,-0.05882356662543553
2024-04-05,2024-04-08,2024-04-15,UUUU,US,0.022727272727272728,0.5,-0.058176156388189515,-0.058176156388189515
2024-04-05,2024-04-08,2024-04-15,600497.SH,CN_A,0.022727272727272728,0.1111111111111111,0.052447585332712654,0.05243321209327134
2024-04-12,2024-04-15,2024-04-22,000426.SZ,CN_A,0.024390243902439025,1.0,-0.02535418803578149,-0.02535418803578149
2024-04-12,2024-04-15,2024-04-22,000630.SZ,CN_A,0.024390243902439025,1.0,-0.031100415515092905,-0.031100415515093016
2024-04-12,2024-04-15,2024-04-22,000807.SZ,CN_A,0.024390243902439025,1.0,-0.06835920276334895,-0.06835920276334895
2024-04-12,2024-04-15,2024-04-22,000933.SZ,CN_A,0.024390243902439025,1.0,-0.09242351716328767,-0.09242351716328756
2024-04-12,2024-04-15,2024-04-22,000960.SZ,CN_A,0.024390243902439025,1.0,0.001124237557024843,0.001124237557024843
2024-04-12,2024-04-15,2024-04-22,002155.SZ,CN_A,0.024390243902439025,1.0,-0.04362651823546093,-0.04362651823546104
2024-04-12,2024-04-15,2024-04-22,002340.SZ,CN_A,0.024390243902439025,1.0,-0.04423378936378153,-0.04423378936378164
2024-04-12,2024-04-15,2024-04-22,0358.HK,HK,0.024390243902439025,1.0,-0.008782908600598827,-0.008820993289939127
2024-04-12,2024-04-15,2024-04-22,0815.HK,HK,0.024390243902439025,1.0,-0.19444449963392818,-0.19440344174682056
2024-04-12,2024-04-15,2024-04-22,1378.HK,HK,0.024390243902439025,1.0,-0.05058343697067036,-0.05058343697067058
2024-04-12,2024-04-15,2024-04-22,2600.HK,HK,0.024390243902439025,1.0,-0.06083646824170441,-0.06083646824170441
2024-04-12,2024-04-15,2024-04-22,300919.SZ,CN_A,0.024390243902439025,1.0,-0.05966009906788239,-0.05966009906788228
2024-04-12,2024-04-15,2024-04-22,3993.HK,HK,0.024390243902439025,1.0,-0.057970996725515866,-0.058150155717336616
2024-04-12,2024-04-15,2024-04-22,600362.SH,CN_A,0.024390243902439025,1.0,-0.006800011231527736,-0.006800011231527736
2024-04-12,2024-04-15,2024-04-22,601020.SH,CN_A,0.024390243902439025,1.0,-0.01261476345780077,-0.012614763457800882
2024-04-12,2024-04-15,2024-04-22,601600.SH,CN_A,0.024390243902439025,1.0,-0.03562004092946225,-0.03562004092946225
2024-04-12,2024-04-15,2024-04-22,603799.SH,CN_A,0.024390243902439025,1.0,0.007643783403309179,0.007643783403309179
2024-04-12,2024-04-15,2024-04-22,603993.SH,CN_A,0.024390243902439025,1.0,0.0032750928192590845,0.0032750928192590845
2024-04-12,2024-04-15,2024-04-22,AA,US,0.024390243902439025,1.0,-0.006015741862602897,-0.006015741862602897
2024-04-12,2024-04-15,2024-04-22,AFMJF,US,0.024390243902439025,1.0,0.0,0.0
2024-04-12,2024-04-15,2024-04-22,BHP,US,0.024390243902439025,1.0,-0.00931263707958574,-0.00931263707958574
2024-04-12,2024-04-15,2024-04-22,CDE,US,0.024390243902439025,1.0,-0.04910704676610933,-0.04910704676610933
2024-04-12,2024-04-15,2024-04-22,CENX,US,0.024390243902439025,1.0,0.013521113865812007,0.013521113865812007
2024-04-12,2024-04-15,2024-04-22,FCX,US,0.024390243902439025,1.0,-0.02139158085226367,-0.02139158085226367
2024-04-12,2024-04-15,2024-04-22,KALU,US,0.024390243902439025,1.0,0.011145074485016115,0.011145074485016115
2024-04-12,2024-04-15,2024-04-22,MLXEF,US,0.024390243902439025,1.0,0.0806451798973915,0.0806451798973915
2024-04-12,2024-04-15,2024-04-22,PAAS,US,0.024390243902439025,1.0,-0.0445255998417069,-0.0445255998417069
2024-04-12,2024-04-15,2024-04-22,SCCO,US,0.024390243902439025,1.0,-0.021914612818005774,-0.021914612818005774
2024-04-12,2024-04-15,2024-04-22,SVM,US,0.024390243902439025,1.0,-0.07297297561544747,-0.07297297561544747
2024-04-12,2024-04-15,2024-04-22,TLOFF,US,0.024390243902439025,1.0,0.19148936979691866,0.19148936979691866
2024-04-12,2024-04-15,2024-04-22,UAMY,US,0.024390243902439025,1.0,-0.0416666278615585,-0.0416666278615585
2024-04-12,2024-04-15,2024-04-22,VALE,US,0.024390243902439025,1.0,0.016666704333024862,0.016666704333024862
2024-04-12,2024-04-15,2024-04-22,WPM,US,0.024390243902439025,1.0,0.005857124175991046,0.005857124175991046
2024-04-12,2024-04-15,2024-04-22,2362.HK,HK,0.024390243902439025,0.75,-0.07499997572712391,-0.0749999757271238
2024-04-12,2024-04-15,2024-04-22,ANGPY,US,0.024390243902439025,0.5,-0.11764716087232352,-0.11764716087232352
2024-04-12,2024-04-15,2024-04-22,IMPUY,US,0.024390243902439025,0.5,-0.056640641863136665,-0.056640641863136665
2024-04-12,2024-04-15,2024-04-22,NGLOY,US,0.024390243902439025,0.5,-0.008875844863293625,-0.008875844863293625
2024-04-12,2024-04-15,2024-04-22,PLG,US,0.024390243902439025,0.5,0.0645161631452178,0.0645161631452178
2024-04-12,2024-04-15,2024-04-22,SBSW,US,0.024390243902439025,0.5,-0.06390976438069307,-0.06390976438069307
2024-04-12,2024-04-15,2024-04-22,600497.SH,CN_A,0.024390243902439025,0.1111111111111111,-0.0431893214360386,-0.043189321436038486
2024-04-19,2024-04-22,2024-04-29,000426.SZ,CN_A,0.021739130434782608,1.0,0.040550920686540204,0.040550920686540204
2024-04-19,2024-04-22,2024-04-29,000630.SZ,CN_A,0.021739130434782608,1.0,-0.0074074308004810074,-0.007407430800480896
2024-04-19,2024-04-22,2024-04-29,000807.SZ,CN_A,0.021739130434782608,1.0,0.004192819801468239,0.004192819801468239
2024-04-19,2024-04-22,2024-04-29,000831.SZ,CN_A,0.021739130434782608,1.0,0.0084836028343791,0.0084836028343791
2024-04-19,2024-04-22,2024-04-29,000933.SZ,CN_A,0.021739130434782608,1.0,-0.054632992679701564,-0.054632992679701564
2024-04-19,2024-04-22,2024-04-29,000960.SZ,CN_A,0.021739130434782608,1.0,-0.062324444140782975,-0.062324444140782864
2024-04-19,2024-04-22,2024-04-29,000970.SZ,CN_A,0.021739130434782608,1.0,-0.0486485957464885,-0.0486485957464885
2024-04-19,2024-04-22,2024-04-29,002155.SZ,CN_A,0.021739130434782608,1.0,0.11475424168340442,0.11475424168340442
2024-04-19,2024-04-22,2024-04-29,0358.HK,HK,0.021739130434782608,1.0,0.02025318906489404,0.02025318906489404
2024-04-19,2024-04-22,2024-04-29,0815.HK,HK,0.021739130434782608,1.0,0.06896555622182587,0.06896555622182587
2024-04-19,2024-04-22,2024-04-29,1378.HK,HK,0.021739130434782608,1.0,0.09631127956003827,0.09547619124306528
2024-04-19,2024-04-22,2024-04-29,2600.HK,HK,0.021739130434782608,1.0,0.05667994527131426,0.056679945271314036
2024-04-19,2024-04-22,2024-04-29,300748.SZ,CN_A,0.021739130434782608,1.0,0.03706252451008196,0.037062524510082184
2024-04-19,2024-04-22,2024-04-29,3993.HK,HK,0.021739130434782608,1.0,0.036363571951809615,0.036363571951809615
2024-04-19,2024-04-22,2024-04-29,600111.SH,CN_A,0.021739130434782608,1.0,-0.001506763532014399,-0.001506763532014399
2024-04-19,2024-04-22,2024-04-29,600362.SH,CN_A,0.021739130434782608,1.0,-0.00988974596119907,-0.00988974596119907
2024-04-19,2024-04-22,2024-04-29,600366.SH,CN_A,0.021739130434782608,1.0,0.08880996576940237,0.08880996576940237
2024-04-19,2024-04-22,2024-04-29,600392.SH,CN_A,0.021739130434782608,1.0,0.03869068393330122,0.03869068393330122
2024-04-19,2024-04-22,2024-04-29,601020.SH,CN_A,0.021739130434782608,1.0,0.1347271971495776,0.1347271971495776
2024-04-19,2024-04-22,2024-04-29,601600.SH,CN_A,0.021739130434782608,1.0,0.017783920539600873,0.017783920539600873
2024-04-19,2024-04-22,2024-04-29,603993.SH,CN_A,0.021739130434782608,1.0,-0.01958640960609881,-0.019586409606098698
2024-04-19,2024-04-22,2024-04-29,6680.HK,HK,0.021739130434782608,1.0,0.07751944304637393,0.0775194430463737
2024-04-19,2024-04-22,2024-04-29,AA,US,0.021739130434782608,1.0,0.035763359525382565,0.035763359525382565
2024-04-19,2024-04-22,2024-04-29,AFMJF,US,0.021739130434782608,1.0,0.060240965903262556,0.060240965903262556
2024-04-19,2024-04-22,2024-04-29,CDE,US,0.021739130434782608,1.0,0.15258206466336777,0.15258206466336777
2024-04-19,2024-04-22,2024-04-29,CENX,US,0.021739130434782608,1.0,-0.0005558770988919326,-0.0005558770988919326
2024-04-19,2024-04-22,2024-04-29,FCX,US,0.021739130434782608,1.0,0.07068438368490604,0.07068438368490604
2024-04-19,2024-04-22,2024-04-29,KALU,US,0.021739130434782608,1.0,0.06852031732846009,0.06852031732846009
2024-04-19,2024-04-22,2024-04-29,MLXEF,US,0.021739130434782608,1.0,-0.06716420234086118,-0.06716420234086118
2024-04-19,2024-04-22,2024-04-29,MP,US,0.021739130434782608,1.0,0.03140703502536635,0.03140703502536635
2024-04-19,2024-04-22,2024-04-29,PAAS,US,0.021739130434782608,1.0,0.05427619240026971,0.05427619240026971
2024-04-19,2024-04-22,2024-04-29,SCCO,US,0.021739130434782608,1.0,0.08307964788846078,0.08307964788846078
2024-04-19,2024-04-22,2024-04-29,SVM,US,0.021739130434782608,1.0,-0.020408242186835346,-0.020408242186835346
2024-04-19,2024-04-22,2024-04-29,UAMY,US,0.021739130434782608,1.0,-0.043478283404402185,-0.043478283404402185
2024-04-19,2024-04-22,2024-04-29,USA,US,0.021739130434782608,1.0,0.010542326812396308,0.010542326812396308
2024-04-19,2024-04-22,2024-04-29,USAR,US,0.021739130434782608,1.0,-0.0004748446882920643,-0.0004748446882920643
2024-04-19,2024-04-22,2024-04-29,WPM,US,0.021739130434782608,1.0,0.039596327261023356,0.039596327261023356
2024-04-19,2024-04-22,2024-04-29,ANGPY,US,0.021739130434782608,0.5,-0.04186040984964501,-0.04186040984964501
2024-04-19,2024-04-22,2024-04-29,IMPUY,US,0.021739130434782608,0.5,0.014492747792757221,0.014492747792757221
2024-04-19,2024-04-22,2024-04-29,NGLOY,US,0.021739130434782608,0.5,0.2858211925993326,0.2858211925993326
2024-04-19,2024-04-22,2024-04-29,PLG,US,0.021739130434782608,0.5,0.053030250349432206,0.053030250349432206
2024-04-19,2024-04-22,2024-04-29,SBSW,US,0.021739130434782608,0.5,0.01807223395650781,0.01807223395650781
2024-04-19,2024-04-22,2024-04-29,UUUU,US,0.021739130434782608,0.5,0.039622647281047696,0.039622647281047696
2024-04-19,2024-04-22,2024-04-29,2362.HK,HK,0.021739130434782608,0.25,0.027026963743247645,0.027026963743247645
2024-04-19,2024-04-22,2024-04-29,600497.SH,CN_A,0.021739130434782608,0.1111111111111111,-0.010416830958296819,-0.010416830958296819
2024-04-26,2024-04-29,2024-05-06,000426.SZ,CN_A,0.02857142857142857,1.0,-0.03676466273353207,-0.03676466273353196
2024-04-26,2024-04-29,2024-05-06,000630.SZ,CN_A,0.02857142857142857,1.0,0.01243789293958808,0.012437892939587858
2024-04-26,2024-04-29,2024-05-06,000807.SZ,CN_A,0.02857142857142857,1.0,0.02087678155098427,0.02087678155098427
2024-04-26,2024-04-29,2024-05-06,000933.SZ,CN_A,0.02857142857142857,1.0,0.024503106381776663,0.02450310638177644
2024-04-26,2024-04-29,2024-05-06,000960.SZ,CN_A,0.02857142857142857,1.0,0.01317365441127194,0.01317365441127194
2024-04-26,2024-04-29,2024-05-06,002155.SZ,CN_A,0.02857142857142857,1.0,0.05498715920591324,0.05498715920591324
2024-04-26,2024-04-29,2024-05-06,0358.HK,HK,0.02857142857142857,1.0,-0.003722168693541139,-0.003722168693541139
2024-04-26,2024-04-29,2024-05-06,0815.HK,HK,0.02857142857142857,1.0,-0.016129016752173708,-0.016129016752173597
2024-04-26,2024-04-29,2024-05-06,1378.HK,HK,0.02857142857142857,1.0,0.07663558385455382,0.07663558385455382
2024-04-26,2024-04-29,2024-05-06,2600.HK,HK,0.02857142857142857,1.0,0.015325813283131318,0.014942224959635153
2024-04-26,2024-04-29,2024-05-06,3993.HK,HK,0.02857142857142857,1.0,0.014844905054709923,0.014844905054709923
2024-04-26,2024-04-29,2024-05-06,600362.SH,CN_A,0.02857142857142857,1.0,0.000384216469033305,0.000384216469033305
2024-04-26,2024-04-29,2024-05-06,601020.SH,CN_A,0.02857142857142857,1.0,0.06857714627364087,0.06857714627364064
2024-04-26,2024-04-29,2024-05-06,601600.SH,CN_A,0.02857142857142857,1.0,0.0013440177392458619,0.0013440177392458619
2024-04-26,2024-04-29,2024-05-06,603993.SH,CN_A,0.02857142857142857,1.0,-0.019977926625486364,-0.019977926625486475
2024-04-26,2024-04-29,2024-05-06,AA,US,0.02857142857142857,1.0,-0.008765130779504249,-0.008765130779504249
2024-04-26,2024-04-29,2024-05-06,AFMJF,US,0.02857142857142857,1.0,0.0,0.0
2024-04-26,2024-04-29,2024-05-06,ANGPY,US,0.02857142857142857,1.0,-0.0024271166854814563,-0.0024271166854814563
2024-04-26,2024-04-29,2024-05-06,CDE,US,0.02857142857142857,1.0,0.04684318629802475,0.04684318629802475
2024-04-26,2024-04-29,2024-05-06,CENX,US,0.02857142857142857,1.0,-0.0322580610941392,-0.0322580610941392
2024-04-26,2024-04-29,2024-05-06,FCX,US,0.02857142857142857,1.0,-0.02709395111163826,-0.02709395111163826
2024-04-26,2024-04-29,2024-05-06,IMPUY,US,0.02857142857142857,1.0,-0.006122474876905093,-0.006122474876905093
2024-04-26,2024-04-29,2024-05-06,KALU,US,0.02857142857142857,1.0,0.027745752865723006,0.027745752865723006
2024-04-26,2024-04-29,2024-05-06,MLXEF,US,0.02857142857142857,1.0,0.02399997711181645,0.02399997711181645
2024-04-26,2024-04-29,2024-05-06,NGLOY,US,0.02857142857142857,1.0,-0.01392923989103767,-0.01392923989103767
2024-04-26,2024-04-29,2024-05-06,PAAS,US,0.02857142857142857,1.0,-0.018720689899842213,-0.018720689899842213
2024-04-26,2024-04-29,2024-05-06,PLG,US,0.02857142857142857,1.0,-0.028776951269557483,-0.028776951269557483
2024-04-26,2024-04-29,2024-05-06,SBSW,US,0.02857142857142857,1.0,-0.03944771018508153,-0.03944771018508153
2024-04-26,2024-04-29,2024-05-06,SCCO,US,0.02857142857142857,1.0,-0.023252007403079977,-0.023252007403079977
2024-04-26,2024-04-29,2024-05-06,SVM,US,0.02857142857142857,1.0,0.005952517242747923,0.005952517242747923
2024-04-26,2024-04-29,2024-05-06,UAMY,US,0.02857142857142857,1.0,0.0,0.0
2024-04-26,2024-04-29,2024-05-06,WPM,US,0.02857142857142857,1.0,0.0039207958752995875,0.0039207958752995875
2024-04-26,2024-04-29,2024-05-06,2362.HK,HK,0.02857142857142857,0.5,0.0263158080934065,0.025842795366598725
2024-04-26,2024-04-29,2024-05-06,600497.SH,CN_A,0.02857142857142857,0.1111111111111111,0.0210527890377763,0.0210527890377763
2024-05-03,2024-05-06,2024-05-13,000630.SZ,CN_A,0.03333333333333333,1.0,0.004913999200284902,0.004913999200284902
2024-05-03,2024-05-06,2024-05-13,000807.SZ,CN_A,0.03333333333333333,1.0,0.011588271815822004,0.011588271815822226
2024-05-03,2024-05-06,2024-05-13,000933.SZ,CN_A,0.03333333333333333,1.0,0.055956712344033877,0.0559567123440341
2024-05-03,2024-05-06,2024-05-13,002155.SZ,CN_A,0.03333333333333333,1.0,0.047272691229414576,0.047272691229414576
2024-05-03,2024-05-06,2024-05-13,0358.HK,HK,0.03333333333333333,1.0,0.103362332404493,0.10329605440649736
2024-05-03,2024-05-06,2024-05-13,0815.HK,HK,0.03333333333333333,1.0,-0.01639342660450327,-0.016438538141419934
2024-05-03,2024-05-06,2024-05-13,1378.HK,HK,0.03333333333333333,1.0,0.026041627374634446,0.026041627374634446
2024-05-03,2024-05-06,2024-05-13,2600.HK,HK,0.03333333333333333,1.0,0.045282946299062043,0.045282946299062043
2024-05-03,2024-05-06,2024-05-13,3993.HK,HK,0.03333333333333333,1.0,0.09840425714738621,0.09840425714738621
2024-05-03,2024-05-06,2024-05-13,600362.SH,CN_A,0.03333333333333333,1.0,0.026497539387058122,0.0264975393870579
2024-05-03,2024-05-06,2024-05-13,601020.SH,CN_A,0.03333333333333333,1.0,0.1082375487718803,0.1082375487718803
2024-05-03,2024-05-06,2024-05-13,601600.SH,CN_A,0.03333333333333333,1.0,0.04966454802259879,0.04966454802259879
2024-05-03,2024-05-06,2024-05-13,603993.SH,CN_A,0.03333333333333333,1.0,0.04869772601692546,0.04869772601692546
2024-05-03,2024-05-06,2024-05-13,AA,US,0.03333333333333333,1.0,0.07609859710609146,0.07609859710609146
2024-05-03,2024-05-06,2024-05-13,CDE,US,0.03333333333333333,1.0,0.009727628266032129,0.009727628266032129
2024-05-03,2024-05-06,2024-05-13,CENX,US,0.03333333333333333,1.0,0.021839142324494576,0.021839142324494576
2024-05-03,2024-05-06,2024-05-13,FCX,US,0.03333333333333333,1.0,0.02059227135361663,0.02059227135361663
2024-05-03,2024-05-06,2024-05-13,KALU,US,0.03333333333333333,1.0,0.024542371269499874,0.024542371269499874
2024-05-03,2024-05-06,2024-05-13,PAAS,US,0.03333333333333333,1.0,0.058293481625210974,0.058293481625210974
2024-05-03,2024-05-06,2024-05-13,SCCO,US,0.03333333333333333,1.0,0.022280557862635053,0.022280557862635053
2024-05-03,2024-05-06,2024-05-13,SVM,US,0.03333333333333333,1.0,0.04733721393191015,0.04733721393191015
2024-05-03,2024-05-06,2024-05-13,UAMY,US,0.03333333333333333,1.0,0.0,0.0
2024-05-03,2024-05-06,2024-05-13,WPM,US,0.03333333333333333,1.0,0.01487813437713803,0.01487813437713803
2024-05-03,2024-05-06,2024-05-13,ANGPY,US,0.03333333333333333,0.5,0.1346309688702163,0.1346309688702163
2024-05-03,2024-05-06,2024-05-13,IMPUY,US,0.03333333333333333,0.5,0.10266940922838574,0.10266940922838574
2024-05-03,2024-05-06,2024-05-13,NGLOY,US,0.03333333333333333,0.5,-0.0017658689607530365,-0.0017658689607530365
2024-05-03,2024-05-06,2024-05-13,PLG,US,0.03333333333333333,0.5,0.059259201698670605,0.059259201698670605
2024-05-03,2024-05-06,2024-05-13,SBSW,US,0.03333333333333333,0.5,0.03490759277749622,0.03490759277749622
2024-05-03,2024-05-06,2024-05-13,2362.HK,HK,0.03333333333333333,0.25,0.10256417327252754,0.10256417327252776
2024-05-03,2024-05-06,2024-05-13,600497.SH,CN_A,0.03333333333333333,0.1111111111111111,0.0,0.0
2024-05-10,2024-05-13,2024-05-20,000408.SZ,CN_A,0.013157894736842105,1.0,0.04091061879340652,0.04156742722860329
2024-05-10,2024-05-13,2024-05-20,000426.SZ,CN_A,0.013157894736842105,1.0,0.10314555346216969,0.10314555346216969
2024-05-10,2024-05-13,2024-05-20,000630.SZ,CN_A,0.013157894736842105,1.0,0.06356948351072877,0.06356948351072877
2024-05-10,2024-05-13,2024-05-20,000792.SZ,CN_A,0.013157894736842105,1.0,-0.0027732192182452486,-0.0033215460872649816
2024-05-10,2024-05-13,2024-05-20,000807.SZ,CN_A,0.013157894736842105,1.0,0.0424529270609475,0.0424529270609475
2024-05-10,2024-05-13,2024-05-20,000831.SZ,CN_A,0.013157894736842105,1.0,0.009934851498389241,0.014222320514019282
2024-05-10,2024-05-13,2024-05-20,000933.SZ,CN_A,0.013157894736842105,1.0,0.08256284997019359,0.08256284997019359
2024-05-10,2024-05-13,2024-05-20,000960.SZ,CN_A,0.013157894736842105,1.0,0.055294043513856694,0.054387717079987796
2024-05-10,2024-05-13,2024-05-20,000970.SZ,CN_A,0.013157894736842105,1.0,-0.00114542760589742,-0.0017836872620652366
2024-05-10,2024-05-13,2024-05-20,002155.SZ,CN_A,0.013157894736842105,1.0,0.11400461867534872,0.10507601557546509
2024-05-10,2024-05-13,2024-05-20,002460.SZ,CN_A,0.013157894736842105,1.0,-0.003934892234485954,-0.003934892234485954
2024-05-10,2024-05-13,2024-05-20,002466.SZ,CN_A,0.013157894736842105,1.0,-0.010338540770139959,-0.0060420415522379756
2024-05-10,2024-05-13,2024-05-20,0358.HK,HK,0.013157894736842105,1.0,0.06433426659944952,0.06433426659944952
2024-05-10,2024-05-13,2024-05-20,1164.HK,HK,0.013157894736842105,1.0,0.1399175996880253,0.14026487208779304
2024-05-10,2024-05-13,2024-05-20,1378.HK,HK,0.013157894736842105,1.0,0.042301056872040776,0.042301056872040776
2024-05-10,2024-05-13,2024-05-20,1772.HK,HK,0.013157894736842105,1.0,0.011472306888915984,0.011472306888916206
2024-05-10,2024-05-13,2024-05-20,2237.HK,HK,0.013157894736842105,1.0,0.0,-0.00034571116058457196
2024-05-10,2024-05-13,2024-05-20,2302.HK,HK,0.013157894736842105,1.0,0.08108111010696084,0.08108111010696084
2024-05-10,2024-05-13,2024-05-20,2600.HK,HK,0.013157894736842105,1.0,0.04332132661056476,0.04332132661056476
2024-05-10,2024-05-13,2024-05-20,2899.HK,HK,0.013157894736842105,1.0,0.08379281232788682,0.08379281232788682
2024-05-10,2024-05-13,2024-05-20,300748.SZ,CN_A,0.013157894736842105,1.0,0.002002729290334626,0.002002729290334626
2024-05-10,2024-05-13,2024-05-20,3993.HK,HK,0.013157894736842105,1.0,-0.008474649992148975,-0.008300019655342883
2024-05-10,2024-05-13,2024-05-20,600111.SH,CN_A,0.013157894736842105,1.0,0.010406225227641341,0.010600913018171676
2024-05-10,2024-05-13,2024-05-20,600362.SH,CN_A,0.013157894736842105,1.0,0.0594838024539448,0.0594838024539448
2024-05-10,2024-05-13,2024-05-20,600366.SH,CN_A,0.013157894736842105,1.0,0.01313621226134809,0.01607931803012108
2024-05-10,2024-05-13,2024-05-20,600392.SH,CN_A,0.013157894736842105,1.0,0.019379842774286393,0.019379842774286393
2024-05-10,2024-05-13,2024-05-20,600497.SH,CN_A,0.013157894736842105,1.0,0.030927799990407623,0.030927799990407623
2024-05-10,2024-05-13,2024-05-20,600516.SH,CN_A,0.013157894736842105,1.0,-0.00963388574814783,-0.012033731515272539
2024-05-10,2024-05-13,2024-05-20,600531.SH,CN_A,0.013157894736842105,1.0,0.1362985315601235,0.13629853156012328
2024-05-10,2024-05-13,2024-05-20,600884.SH,CN_A,0.013157894736842105,1.0,-0.027826066494049062,-0.02610783293065244
2024-05-10,2024-05-13,2024-05-20,600961.SH,CN_A,0.013157894736842105,1.0,0.06519743028128655,0.06519743028128655
2024-05-10,2024-05-13,2024-05-20,601020.SH,CN_A,0.013157894736842105,1.0,0.055315515426477724,0.055315515426477724
2024-05-10,2024-05-13,2024-05-20,601168.SH,CN_A,0.013157894736842105,1.0,0.07637831989089028,0.07637831989089028
2024-05-10,2024-05-13,2024-05-20,601600.SH,CN_A,0.013157894736842105,1.0,0.04092069765273232,0.04094997382835275
2024-05-10,2024-05-13,2024-05-20,601899.SH,CN_A,0.013157894736842105,1.0,0.07095707354395064,0.07095707354395064
2024-05-10,2024-05-13,2024-05-20,601985.SH,CN_A,0.013157894736842105,1.0,0.009698251340444441,0.010939703583523253
2024-05-10,2024-05-13,2024-05-20,603659.SH,CN_A,0.013157894736842105,1.0,-0.0560391047426112,-0.05605272927537408
2024-05-10,2024-05-13,2024-05-20,603993.SH,CN_A,0.013157894736842105,1.0,-0.034557280457635176,-0.03595541569431926
2024-05-10,2024-05-13,2024-05-20,6680.HK,HK,0.013157894736842105,1.0,0.03972612676148257,0.03972612676148257
2024-05-10,2024-05-13,2024-05-20,9696.HK,HK,0.013157894736842105,1.0,0.004680245920912096,0.004680245920912096
2024-05-10,2024-05-13,2024-05-20,AA,US,0.013157894736842105,1.0,0.06158945803709459,0.06158945803709459
2024-05-10,2024-05-13,2024-05-20,AFMJF,US,0.013157894736842105,1.0,0.0265700424961679,0.0265700424961679
2024-05-10,2024-05-13,2024-05-20,ALB,US,0.013157894736842105,1.0,-0.010341230606803697,-0.010341230606803697
2024-05-10,2024-05-13,2024-05-20,CCJ,US,0.013157894736842105,1.0,0.10249069952707357,0.10249069952707357
2024-05-10,2024-05-13,2024-05-20,CENX,US,0.013157894736842105,1.0,0.06186717838246758,0.06186717838246758
2024-05-10,2024-05-13,2024-05-20,DNN,US,0.013157894736842105,1.0,0.12254902189944805,0.12254902189944805
2024-05-10,2024-05-13,2024-05-20,FCX,US,0.013157894736842105,1.0,0.05418916490505743,0.05418916490505743
2024-05-10,2024-05-13,2024-05-20,GPHOF,US,0.013157894736842105,1.0,0.22330099559434857,0.22330099559434857
2024-05-10,2024-05-13,2024-05-20,HBM,US,0.013157894736842105,1.0,0.16477274085250126,0.16477274085250126
2024-05-10,2024-05-13,2024-05-20,HL,US,0.013157894736842105,1.0,0.191204707766905,0.191204707766905
2024-05-10,2024-05-13,2024-05-20,KALU,US,0.013157894736842105,1.0,-0.0011977726119515308,-0.0011977726119515308
2024-05-10,2024-05-13,2024-05-20,LAC,US,0.013157894736842105,1.0,-0.006818229354116467,-0.006818229354116467
2024-05-10,2024-05-13,2024-05-20,MLXEF,US,0.013157894736842105,1.0,0.08079375557935475,0.08079375557935475
2024-05-10,2024-05-13,2024-05-20,MP,US,0.013157894736842105,1.0,0.1021406750660776,0.1021406750660776
2024-05-10,2024-05-13,2024-05-20,NEXA,US,0.013157894736842105,1.0,0.05013930031787095,0.05013930031787095
2024-05-10,2024-05-13,2024-05-20,NMG,US,0.013157894736842105,1.0,0.002409578750574015,0.002409578750574015
2024-05-10,2024-05-13,2024-05-20,NXE,US,0.013157894736842105,1.0,0.12154698097525052,0.12154698097525052
2024-05-10,2024-05-13,2024-05-20,SCCO,US,0.013157894736842105,1.0,0.07118592175611327,0.07118592175611327
2024-05-10,2024-05-13,2024-05-20,SGML,US,0.013157894736842105,1.0,0.042941149543313406,0.042941149543313406
2024-05-10,2024-05-13,2024-05-20,SQM,US,0.013157894736842105,1.0,0.016632093673214277,0.016632093673214277
2024-05-10,2024-05-13,2024-05-20,TECK,US,0.013157894736842105,1.0,0.06432185856824235,0.06432185856824235
2024-05-10,2024-05-13,2024-05-20,UAMY,US,0.013157894736842105,1.0,0.18181814487315395,0.18181814487315395
2024-05-10,2024-05-13,2024-05-20,UEC,US,0.013157894736842105,1.0,0.09130436314977608,0.09130436314977608
2024-05-10,2024-05-13,2024-05-20,USA,US,0.013157894736842105,1.0,0.0058910060165948686,0.0058910060165948686
2024-05-10,2024-05-13,2024-05-20,USAR,US,0.013157894736842105,1.0,0.000665930130948178,0.000665930130948178
2024-05-10,2024-05-13,2024-05-20,UUUU,US,0.013157894736842105,1.0,0.13764509035273065,0.13764509035273065
2024-05-10,2024-05-13,2024-05-20,WWR,US,0.013157894736842105,1.0,0.043478218616745945,0.043478218616745945
2024-05-10,2024-05-13,2024-05-20,ANGPY,US,0.013157894736842105,0.5,0.019299511361971167,0.019299511361971167
2024-05-10,2024-05-13,2024-05-20,IMPUY,US,0.013157894736842105,0.5,0.16201113831381653,0.16201113831381653
2024-05-10,2024-05-13,2024-05-20,NGLOY,US,0.013157894736842105,0.5,0.019457497021726944,0.019457497021726944
2024-05-10,2024-05-13,2024-05-20,PLG,US,0.013157894736842105,0.5,0.34265736189499085,0.34265736189499085
2024-05-10,2024-05-13,2024-05-20,SBSW,US,0.013157894736842105,0.5,0.12896825416142121,0.12896825416142121
2024-05-10,2024-05-13,2024-05-20,2362.HK,HK,0.013157894736842105,0.25,0.22093016227515494,0.22093016227515494
2024-05-17,2024-05-20,2024-05-27,000408.SZ,CN_A,0.012345679012345678,1.0,-0.08236497836050094,-0.08236497836050083
2024-05-17,2024-05-20,2024-05-27,000426.SZ,CN_A,0.012345679012345678,1.0,-0.037135257711344294,-0.037135257711344294
2024-05-17,2024-05-20,2024-05-27,000630.SZ,CN_A,0.012345679012345678,1.0,-0.07586196595475725,-0.07586196595475725
2024-05-17,2024-05-20,2024-05-27,000792.SZ,CN_A,0.012345679012345678,1.0,-0.027252490744903435,-0.027252490744903435
2024-05-17,2024-05-20,2024-05-27,000807.SZ,CN_A,0.012345679012345678,1.0,-0.06722698105687008,-0.0672269810568702
2024-05-17,2024-05-20,2024-05-27,000831.SZ,CN_A,0.012345679012345678,1.0,-0.0580053914304427,-0.0580053914304427
2024-05-17,2024-05-20,2024-05-27,000933.SZ,CN_A,0.012345679012345678,1.0,-0.018003292717436503,-0.018003292717436614
2024-05-17,2024-05-20,2024-05-27,000960.SZ,CN_A,0.012345679012345678,1.0,-0.06354363133723362,-0.06354363133723362
2024-05-17,2024-05-20,2024-05-27,000970.SZ,CN_A,0.012345679012345678,1.0,-0.059633188629470424,-0.05963318862947031
2024-05-17,2024-05-20,2024-05-27,002155.SZ,CN_A,0.012345679012345678,1.0,-0.009870139800430722,-0.009870139800430722
2024-05-17,2024-05-20,2024-05-27,002460.SZ,CN_A,0.012345679012345678,1.0,-0.043453580197417185,-0.043453580197417185
2024-05-17,2024-05-20,2024-05-27,002466.SZ,CN_A,0.012345679012345678,1.0,-0.04962136290717922,-0.049621362907179
2024-05-17,2024-05-20,2024-05-27,0358.HK,HK,0.012345679012345678,1.0,-0.06150588185490724,-0.06150588185490724
2024-05-17,2024-05-20,2024-05-27,0815.HK,HK,0.012345679012345678,1.0,-0.14893615537231564,-0.14893615537231564
2024-05-17,2024-05-20,2024-05-27,1164.HK,HK,0.012345679012345678,1.0,-0.0072201410181359504,-0.007220141018135839
2024-05-17,2024-05-20,2024-05-27,1378.HK,HK,0.012345679012345678,1.0,0.017861319949296295,0.017810665861605957
2024-05-17,2024-05-20,2024-05-27,1772.HK,HK,0.012345679012345678,1.0,-0.0926276596258061,-0.09296400410107353
2024-05-17,2024-05-20,2024-05-27,2237.HK,HK,0.012345679012345678,1.0,-0.03703711062301529,-0.0370371106230154
2024-05-17,2024-05-20,2024-05-27,2302.HK,HK,0.012345679012345678,1.0,0.020833312637276835,0.02090107434208477
2024-05-17,2024-05-20,2024-05-27,2600.HK,HK,0.012345679012345678,1.0,0.029411722582903144,0.029411722582903366
2024-05-17,2024-05-20,2024-05-27,2899.HK,HK,0.012345679012345678,1.0,-0.07099049169588645,-0.07099049169588634
2024-05-17,2024-05-20,2024-05-27,300748.SZ,CN_A,0.012345679012345678,1.0,-0.03930713560842369,-0.03930713560842369
2024-05-17,2024-05-20,2024-05-27,3993.HK,HK,0.012345679012345678,1.0,-0.06837603708672035,-0.06837603708672024
2024-05-17,2024-05-20,2024-05-27,600111.SH,CN_A,0.012345679012345678,1.0,-0.061794966138756124,-0.06179496613875601
2024-05-17,2024-05-20,2024-05-27,600362.SH,CN_A,0.012345679012345678,1.0,-0.07874294839321927,-0.07874294839321938
2024-05-17,2024-05-20,2024-05-27,600366.SH,CN_A,0.012345679012345678,1.0,-0.05186379327627899,-0.0518637932762791
2024-05-17,2024-05-20,2024-05-27,600392.SH,CN_A,0.012345679012345678,1.0,-0.07414459841067778,-0.07414459841067778
2024-05-17,2024-05-20,2024-05-27,600497.SH,CN_A,0.012345679012345678,1.0,-0.04833332247796984,-0.04833332247796984
2024-05-17,2024-05-20,2024-05-27,600516.SH,CN_A,0.012345679012345678,1.0,-0.040856052865237746,-0.040856052865237746
2024-05-17,2024-05-20,2024-05-27,600531.SH,CN_A,0.012345679012345678,1.0,-0.1123736799573003,-0.11237367995730019
2024-05-17,2024-05-20,2024-05-27,600884.SH,CN_A,0.012345679012345678,1.0,-0.04830053823022773,-0.04830053823022762
2024-05-17,2024-05-20,2024-05-27,600961.SH,CN_A,0.012345679012345678,1.0,-0.09396552730542129,-0.09396552730542118
2024-05-17,2024-05-20,2024-05-27,601020.SH,CN_A,0.012345679012345678,1.0,0.15642911349390642,0.15642911349390665
2024-05-17,2024-05-20,2024-05-27,601168.SH,CN_A,0.012345679012345678,1.0,-0.07565789797015632,-0.07565789797015632
2024-05-17,2024-05-20,2024-05-27,601600.SH,CN_A,0.012345679012345678,1.0,-0.015970570960294084,-0.01597057096029386
2024-05-17,2024-05-20,2024-05-27,601899.SH,CN_A,0.012345679012345678,1.0,-0.06522860807974928,-0.06522860807974928
2024-05-17,2024-05-20,2024-05-27,601985.SH,CN_A,0.012345679012345678,1.0,0.019210303168432974,0.019210303168432974
2024-05-17,2024-05-20,2024-05-27,603659.SH,CN_A,0.012345679012345678,1.0,-0.0645533293276942,-0.0645533293276942
2024-05-17,2024-05-20,2024-05-27,603993.SH,CN_A,0.012345679012345678,1.0,-0.044742732866780544,-0.044742732866780544
2024-05-17,2024-05-20,2024-05-27,6680.HK,HK,0.012345679012345678,1.0,-0.07641631532361937,-0.07641631532361937
2024-05-17,2024-05-20,2024-05-27,9696.HK,HK,0.012345679012345678,1.0,-0.08540374908025716,-0.0855555031433125
2024-05-17,2024-05-20,2024-05-28,AA,US,0.012345679012345678,1.0,0.01575373440625194,0.01575373440625194
2024-05-17,2024-05-20,2024-05-28,AFMJF,US,0.012345679012345678,1.0,-0.03529405868296187,-0.03529405868296187
2024-05-17,2024-05-20,2024-05-28,ALB,US,0.012345679012345678,1.0,-0.01836347839342256,-0.01836347839342256
2024-05-17,2024-05-20,2024-05-28,CCJ,US,0.012345679012345678,1.0,0.0024074535960429966,0.0024074535960429966
2024-05-17,2024-05-20,2024-05-28,CDE,US,0.012345679012345678,1.0,-0.05862639976337669,-0.05862639976337669
2024-05-17,2024-05-20,2024-05-28,CENX,US,0.012345679012345678,1.0,-0.00741522223895863,-0.00741522223895863
2024-05-17,2024-05-20,2024-05-28,DNN,US,0.012345679012345678,1.0,0.0480349936012201,0.0480349936012201
2024-05-17,2024-05-20,2024-05-28,FCX,US,0.012345679012345678,1.0,-0.02242077720432778,-0.02242077720432778
2024-05-17,2024-05-20,2024-05-28,GPHOF,US,0.012345679012345678,1.0,-0.007936500427734305,-0.007936500427734305
2024-05-17,2024-05-20,2024-05-28,HBM,US,0.012345679012345678,1.0,-0.025365951296157263,-0.025365951296157263
2024-05-17,2024-05-20,2024-05-28,HL,US,0.012345679012345678,1.0,-0.04719329553167961,-0.04719329553167961
2024-05-17,2024-05-20,2024-05-28,KALU,US,0.012345679012345678,1.0,-0.02128495746567116,-0.02128495746567116
2024-05-17,2024-05-20,2024-05-28,LAC,US,0.012345679012345678,1.0,-0.16933633649820823,-0.16933633649820823
2024-05-17,2024-05-20,2024-05-28,MLXEF,US,0.012345679012345678,1.0,0.023934391117071074,0.023934391117071074
2024-05-17,2024-05-20,2024-05-28,MP,US,0.012345679012345678,1.0,-0.07325192349013032,-0.07325192349013032
2024-05-17,2024-05-20,2024-05-28,NEXA,US,0.012345679012345678,1.0,0.04641911261441245,0.04641911261441245
2024-05-17,2024-05-20,2024-05-28,NMG,US,0.012345679012345678,1.0,-0.0096153757981291,-0.0096153757981291
2024-05-17,2024-05-20,2024-05-28,NXE,US,0.012345679012345678,1.0,-0.022167466856587215,-0.022167466856587215
2024-05-17,2024-05-20,2024-05-28,PAAS,US,0.012345679012345678,1.0,0.0084632512439764,0.0084632512439764
2024-05-17,2024-05-20,2024-05-28,SCCO,US,0.012345679012345678,1.0,-0.06452111008227845,-0.06452111008227845
2024-05-17,2024-05-20,2024-05-28,SGML,US,0.012345679012345678,1.0,-0.055837551984126765,-0.055837551984126765
2024-05-17,2024-05-20,2024-05-28,SQM,US,0.012345679012345678,1.0,0.014519396908802662,0.014519396908802662
2024-05-17,2024-05-20,2024-05-28,SVM,US,0.012345679012345678,1.0,0.03178488922874112,0.03178488922874112
2024-05-17,2024-05-20,2024-05-28,TECK,US,0.012345679012345678,1.0,-0.036516447656510964,-0.036516447656510964
2024-05-17,2024-05-20,2024-05-28,UAMY,US,0.012345679012345678,1.0,0.26923086622057935,0.26923086622057935
2024-05-17,2024-05-20,2024-05-28,UEC,US,0.012345679012345678,1.0,-0.005312143104336475,-0.005312143104336475
2024-05-17,2024-05-20,2024-05-28,USA,US,0.012345679012345678,1.0,-0.01317713694431788,-0.01317713694431788
2024-05-17,2024-05-20,2024-05-28,USAR,US,0.012345679012345678,1.0,0.0028516855195621638,0.0028516855195621638
2024-05-17,2024-05-20,2024-05-28,UUUU,US,0.012345679012345678,1.0,-0.00583089811581905,-0.00583089811581905
2024-05-17,2024-05-20,2024-05-28,WPM,US,0.012345679012345678,1.0,-0.005538229881166479,-0.005538229881166479
2024-05-17,2024-05-20,2024-05-28,WWR,US,0.012345679012345678,1.0,0.0,0.0
2024-05-17,2024-05-20,2024-05-28,ANGPY,US,0.012345679012345678,0.5,-0.13323989102435707,-0.13323989102435707
2024-05-17,2024-05-20,2024-05-28,IMPUY,US,0.012345679012345678,0.5,-0.05288460827342023,-0.05288460827342023
2024-05-17,2024-05-20,2024-05-28,NGLOY,US,0.012345679012345678,0.5,-0.05031799160648298,-0.05031799160648298
2024-05-17,2024-05-20,2024-05-28,PLG,US,0.012345679012345678,0.5,0.010416719053562673,0.010416719053562673
2024-05-17,2024-05-20,2024-05-28,SBSW,US,0.012345679012345678,0.5,-0.1001757895113552,-0.1001757895113552
2024-05-17,2024-05-20,2024-05-27,2362.HK,HK,0.012345679012345678,0.25,-0.10476186249077313,-0.10502430018448217
2024-05-24,2024-05-27,2024-06-03,000408.SZ,CN_A,0.0136986301369863,1.0,-0.03240231226062251,-0.03240231226062262
2024-05-24,2024-05-27,2024-06-03,000426.SZ,CN_A,0.0136986301369863,1.0,-0.03994495365820372,-0.03994495365820361
2024-05-24,2024-05-27,2024-06-03,000630.SZ,CN_A,0.0136986301369863,1.0,-0.0373134242881511,-0.0373134242881511
2024-05-24,2024-05-27,2024-06-03,000792.SZ,CN_A,0.0136986301369863,1.0,-0.01315034564014883,-0.01315034564014872
2024-05-24,2024-05-27,2024-06-03,000831.SZ,CN_A,0.0136986301369863,1.0,-0.053655026359358704,-0.05365502635935859
2024-05-24,2024-05-27,2024-06-03,000960.SZ,CN_A,0.0136986301369863,1.0,-0.03746193646826235,-0.03746193646826235
2024-05-24,2024-05-27,2024-06-03,000970.SZ,CN_A,0.0136986301369863,1.0,-0.028048671347200127,-0.028048671347200238
2024-05-24,2024-05-27,2024-06-03,002155.SZ,CN_A,0.0136986301369863,1.0,-0.029380833478131252,-0.02938083347813114
2024-05-24,2024-05-27,2024-06-03,002460.SZ,CN_A,0.0136986301369863,1.0,-0.015929281182677668,-0.01592928118267789
2024-05-24,2024-05-27,2024-06-03,002466.SZ,CN_A,0.0136986301369863,1.0,-0.0043967701316373065,-0.0043967701316373065
2024-05-24,2024-05-27,2024-06-03,0358.HK,HK,0.0136986301369863,1.0,-0.053107343594005374,-0.05355523424006092
2024-05-24,2024-05-27,2024-06-03,0815.HK,HK,0.0136986301369863,1.0,-0.23749999348074202,-0.2374941572430599
2024-05-24,2024-05-27,2024-06-03,1164.HK,HK,0.0136986301369863,1.0,0.10181815393024674,0.10181815393024674
2024-05-24,2024-05-27,2024-06-03,1772.HK,HK,0.0136986301369863,1.0,-0.10416661918086867,-0.10416661918086856
2024-05-24,2024-05-27,2024-06-03,2237.HK,HK,0.0136986301369863,1.0,-0.03846150319251662,-0.03846150319251651
2024-05-24,2024-05-27,2024-06-03,2302.HK,HK,0.0136986301369863,1.0,-0.024489772086439876,-0.024489772086439876
2024-05-24,2024-05-27,2024-06-03,2899.HK,HK,0.0136986301369863,1.0,-0.07198226363716942,-0.07174102940243932
2024-05-24,2024-05-27,2024-06-03,300748.SZ,CN_A,0.0136986301369863,1.0,-0.012482754243997696,-0.012482754243997585
2024-05-24,2024-05-27,2024-06-03,3993.HK,HK,0.0136986301369863,1.0,-0.06159892850926729,-0.06159892850926729
2024-05-24,2024-05-27,2024-06-03,600111.SH,CN_A,0.0136986301369863,1.0,-0.038159965433051,-0.038159965433051
2024-05-24,2024-05-27,2024-06-03,600362.SH,CN_A,0.0136986301369863,1.0,-0.03526255642185905,-0.03526255642185905
2024-05-24,2024-05-27,2024-06-03,600366.SH,CN_A,0.0136986301369863,1.0,-0.027350432998137886,-0.027350432998137775
2024-05-24,2024-05-27,2024-06-03,600392.SH,CN_A,0.0136986301369863,1.0,-0.05133455331188708,-0.051334553311886966
2024-05-24,2024-05-27,2024-06-03,600497.SH,CN_A,0.0136986301369863,1.0,-0.022767094452963876,-0.022767094452963876
2024-05-24,2024-05-27,2024-06-03,600516.SH,CN_A,0.0136986301369863,1.0,-0.042596372512474834,-0.042596372512474945
2024-05-24,2024-05-27,2024-06-03,600531.SH,CN_A,0.0136986301369863,1.0,-0.0028450273626920985,-0.0028450273626922096
2024-05-24,2024-05-27,2024-06-03,600884.SH,CN_A,0.0136986301369863,1.0,-0.06296992016880765,-0.06296992016880765
2024-05-24,2024-05-27,2024-06-03,600961.SH,CN_A,0.0136986301369863,1.0,-0.05708852220772609,-0.0570885222077262
2024-05-24,2024-05-27,2024-06-03,601020.SH,CN_A,0.0136986301369863,1.0,0.08144483687456949,0.08144483687456949
2024-05-24,2024-05-27,2024-06-03,601168.SH,CN_A,0.0136986301369863,1.0,-0.033730966815079144,-0.033730966815079144
2024-05-24,2024-05-27,2024-06-03,601899.SH,CN_A,0.0136986301369863,1.0,-0.047802239758439447,-0.04780223975843956
2024-05-24,2024-05-27,2024-06-03,601985.SH,CN_A,0.0136986301369863,1.0,0.05026165139523364,0.05026165139523364
2024-05-24,2024-05-27,2024-06-03,603659.SH,CN_A,0.0136986301369863,1.0,-0.0030806487791608106,-0.0030806487791608106
2024-05-24,2024-05-27,2024-06-03,603993.SH,CN_A,0.0136986301369863,1.0,-0.043325488891284736,-0.043325488891284736
2024-05-24,2024-05-27,2024-06-03,6680.HK,HK,0.0136986301369863,1.0,-0.027104211750976548,-0.026842181992399183
2024-05-24,2024-05-27,2024-06-03,9696.HK,HK,0.0136986301369863,1.0,0.00848897923076053,0.00848897923076053
2024-05-24,2024-05-28,2024-06-03,AFMJF,US,0.0136986301369863,1.0,-0.036585386291549504,-0.036585386291549504
2024-05-24,2024-05-28,2024-06-03,ALB,US,0.0136986301369863,1.0,-0.05377272189144722,-0.05377272189144722
2024-05-24,2024-05-28,2024-06-03,CCJ,US,0.0136986301369863,1.0,-0.0005542373689558788,-0.0005542373689558788
2024-05-24,2024-05-28,2024-06-03,CDE,US,0.0136986301369863,1.0,0.007117438931555142,0.007117438931555142
2024-05-24,2024-05-28,2024-06-03,DNN,US,0.0136986301369863,1.0,-0.012500086923436848,-0.012500086923436848
2024-05-24,2024-05-28,2024-06-03,FCX,US,0.0136986301369863,1.0,-0.029647589131156393,-0.029647589131156393
2024-05-24,2024-05-28,2024-06-03,GPHOF,US,0.0136986301369863,1.0,-0.019200038909912065,-0.019200038909912065
2024-05-24,2024-05-28,2024-06-03,HBM,US,0.0136986301369863,1.0,-0.046046102755565865,-0.046046102755565865
2024-05-24,2024-05-28,2024-06-03,HL,US,0.0136986301369863,1.0,-0.015177075467723622,-0.015177075467723622
2024-05-24,2024-05-28,2024-06-03,LAC,US,0.0136986301369863,1.0,-0.09366395092807223,-0.09366395092807223
2024-05-24,2024-05-28,2024-06-03,MLXEF,US,0.0136986301369863,1.0,-0.05539548483836654,-0.05539548483836654
2024-05-24,2024-05-28,2024-06-03,MP,US,0.0136986301369863,1.0,-0.03413183090612759,-0.03413183090612759
2024-05-24,2024-05-28,2024-06-03,NEXA,US,0.0136986301369863,1.0,0.0,0.0
2024-05-24,2024-05-28,2024-06-03,NMG,US,0.0136986301369863,1.0,0.03398066679891576,0.03398066679891576
2024-05-24,2024-05-28,2024-06-03,NXE,US,0.0136986301369863,1.0,-0.055415623935711755,-0.055415623935711755
2024-05-24,2024-05-28,2024-06-03,PAAS,US,0.0136986301369863,1.0,-0.04107781821633594,-0.04107781821633594
2024-05-24,2024-05-28,2024-06-03,SCCO,US,0.0136986301369863,1.0,-0.042755632839286295,-0.042755632839286295
2024-05-24,2024-05-28,2024-06-03,SGML,US,0.0136986301369863,1.0,-0.11170847736721168,-0.11170847736721168
2024-05-24,2024-05-28,2024-06-03,SQM,US,0.0136986301369863,1.0,-0.06430161176893923,-0.06430161176893923
2024-05-24,2024-05-28,2024-06-03,SVM,US,0.0136986301369863,1.0,-0.08056872877548238,-0.08056872877548238
2024-05-24,2024-05-28,2024-06-03,TECK,US,0.0136986301369863,1.0,-0.025203644768731825,-0.025203644768731825
2024-05-24,2024-05-28,2024-06-03,UAMY,US,0.0136986301369863,1.0,0.030303000199675578,0.030303000199675578
2024-05-24,2024-05-28,2024-06-03,UEC,US,0.0136986301369863,1.0,-0.07343120570157202,-0.07343120570157202
2024-05-24,2024-05-28,2024-06-03,USA,US,0.0136986301369863,1.0,-0.005934533614830539,-0.005934533614830539
2024-05-24,2024-05-28,2024-06-03,USAR,US,0.0136986301369863,1.0,0.0,0.0
2024-05-24,2024-05-28,2024-06-03,UUUU,US,0.0136986301369863,1.0,0.0,0.0
2024-05-24,2024-05-28,2024-06-03,WPM,US,0.0136986301369863,1.0,-0.038827255116651194,-0.038827255116651194
2024-05-24,2024-05-28,2024-06-03,WWR,US,0.0136986301369863,1.0,0.1875000116415324,0.1875000116415324
2024-05-24,2024-05-28,2024-06-03,ANGPY,US,0.0136986301369863,0.5,-0.10744345225854168,-0.10744345225854168
2024-05-24,2024-05-28,2024-06-03,IMPUY,US,0.0136986301369863,0.5,-0.14043992981468056,-0.14043992981468056
2024-05-24,2024-05-28,2024-06-03,NGLOY,US,0.0136986301369863,0.5,-0.027405636239967168,-0.027405636239967168
2024-05-24,2024-05-28,2024-06-03,PLG,US,0.0136986301369863,0.5,-0.12371134147315643,-0.12371134147315643
2024-05-24,2024-05-28,2024-06-03,SBSW,US,0.0136986301369863,0.5,-0.011718715184907635,-0.011718715184907635
2024-05-24,2024-05-27,2024-06-03,2362.HK,HK,0.0136986301369863,0.25,-0.06382982780576008,-0.06382982780576008
2024-05-31,2024-06-03,2024-06-11,000426.SZ,CN_A,0.019230769230769232,1.0,-0.017934016773750394,-0.017934016773750616
2024-05-31,2024-06-03,2024-06-11,000630.SZ,CN_A,0.019230769230769232,1.0,-0.015711542226641173,-0.015711542226641062
2024-05-31,2024-06-03,2024-06-11,000807.SZ,CN_A,0.019230769230769232,1.0,0.0013726665812594518,0.0013726665812594518
2024-05-31,2024-06-03,2024-06-11,000933.SZ,CN_A,0.019230769230769232,1.0,0.0026654434158117635,0.0026654434158117635
2024-05-31,2024-06-03,2024-06-11,000960.SZ,CN_A,0.019230769230769232,1.0,-0.02636542610980941,-0.02636542610980952
2024-05-31,2024-06-03,2024-06-11,002155.SZ,CN_A,0.019230769230769232,1.0,-0.03621637039973591,-0.03621637039973602
2024-05-31,2024-06-03,2024-06-11,0358.HK,HK,0.019230769230769232,1.0,-0.04176617226969215,-0.04176617226969215
2024-05-31,2024-06-03,2024-06-11,0815.HK,HK,0.019230769230769232,1.0,0.0,0.0
2024-05-31,2024-06-03,2024-06-11,1164.HK,HK,0.019230769230769232,1.0,-0.11551152244026797,-0.11580002057461913
2024-05-31,2024-06-03,2024-06-11,1378.HK,HK,0.019230769230769232,1.0,-0.07963243702944478,-0.07963243702944467
2024-05-31,2024-06-03,2024-06-11,2302.HK,HK,0.019230769230769232,1.0,0.0753137324007942,0.0753137324007942
2024-05-31,2024-06-03,2024-06-11,2600.HK,HK,0.019230769230769232,1.0,-0.06250011789153354,-0.06250011789153342
2024-05-31,2024-06-03,2024-06-11,2899.HK,HK,0.019230769230769232,1.0,-0.007160119123852504,-0.007160119123852504
2024-05-31,2024-06-03,2024-06-11,3993.HK,HK,0.019230769230769232,1.0,-0.027932977430829453,-0.028194001257275003
2024-05-31,2024-06-03,2024-06-11,600362.SH,CN_A,0.019230769230769232,1.0,-0.027413509477934417,-0.027413509477934306
2024-05-31,2024-06-03,2024-06-11,600497.SH,CN_A,0.019230769230769232,1.0,-0.014336901914718814,-0.014336901914718814
2024-05-31,2024-06-03,2024-06-11,600531.SH,CN_A,0.019230769230769232,1.0,0.005706145763386683,0.005706145763386683
2024-05-31,2024-06-03,2024-06-11,600961.SH,CN_A,0.019230769230769232,1.0,0.007063541463373291,0.007063541463373291
2024-05-31,2024-06-03,2024-06-11,601020.SH,CN_A,0.019230769230769232,1.0,-0.06810748092407815,-0.06810748092407815
2024-05-31,2024-06-03,2024-06-11,601168.SH,CN_A,0.019230769230769232,1.0,-0.019448945801943784,-0.019448945801943784
2024-05-31,2024-06-03,2024-06-11,601600.SH,CN_A,0.019230769230769232,1.0,-0.03754691945782418,-0.03754691945782429
2024-05-31,2024-06-03,2024-06-11,601899.SH,CN_A,0.019230769230769232,1.0,-0.007869417909842413,-0.007869417909842413
2024-05-31,2024-06-03,2024-06-11,601985.SH,CN_A,0.019230769230769232,1.0,0.024925229451703057,0.024925229451703057
2024-05-31,2024-06-03,2024-06-11,603993.SH,CN_A,0.019230769230769232,1.0,-0.004895998362050569,-0.004895998362050569
2024-05-31,2024-06-03,2024-06-10,AA,US,0.019230769230769232,1.0,-0.06475792229740207,-0.06475792229740207
2024-05-31,2024-06-03,2024-06-10,AFMJF,US,0.019230769230769232,1.0,-0.02531652836091336,-0.02531652836091336
2024-05-31,2024-06-03,2024-06-10,ANGPY,US,0.019230769230769232,1.0,-0.0591006923564108,-0.0591006923564108
2024-05-31,2024-06-03,2024-06-10,CCJ,US,0.019230769230769232,1.0,-0.009242152420657734,-0.009242152420657734
2024-05-31,2024-06-03,2024-06-10,CDE,US,0.019230769230769232,1.0,-0.037102479756786266,-0.037102479756786266
2024-05-31,2024-06-03,2024-06-10,CENX,US,0.019230769230769232,1.0,-0.10841328186758625,-0.10841328186758625
2024-05-31,2024-06-03,2024-06-10,DNN,US,0.019230769230769232,1.0,-0.10548523716110858,-0.10548523716110858
2024-05-31,2024-06-03,2024-06-10,FCX,US,0.019230769230769232,1.0,-0.03920073650224165,-0.03920073650224165
2024-05-31,2024-06-03,2024-06-10,HBM,US,0.019230769230769232,1.0,-0.030430006671047116,-0.030430006671047116
2024-05-31,2024-06-03,2024-06-10,HL,US,0.019230769230769232,1.0,-0.08390412747945708,-0.08390412747945708
2024-05-31,2024-06-03,2024-06-10,IMPUY,US,0.019230769230769232,1.0,-0.07086615754435532,-0.07086615754435532
2024-05-31,2024-06-03,2024-06-10,KALU,US,0.019230769230769232,1.0,-0.04093315890101501,-0.04093315890101501
2024-05-31,2024-06-03,2024-06-10,MLXEF,US,0.019230769230769232,1.0,-0.08474568565903096,-0.08474568565903096
2024-05-31,2024-06-03,2024-06-10,NEXA,US,0.019230769230769232,1.0,-0.016476525775683593,-0.016476525775683593
2024-05-31,2024-06-03,2024-06-10,NGLOY,US,0.019230769230769232,1.0,-0.055729519066651356,-0.055729519066651356
2024-05-31,2024-06-03,2024-06-10,NXE,US,0.019230769230769232,1.0,-0.06133333841959632,-0.06133333841959632
2024-05-31,2024-06-03,2024-06-10,PAAS,US,0.019230769230769232,1.0,-0.07600174078846267,-0.07600174078846267
2024-05-31,2024-06-03,2024-06-10,PLG,US,0.019230769230769232,1.0,0.01176469433266436,0.01176469433266436
2024-05-31,2024-06-03,2024-06-10,SBSW,US,0.019230769230769232,1.0,-0.09486166582834832,-0.09486166582834832
2024-05-31,2024-06-03,2024-06-10,SCCO,US,0.019230769230769232,1.0,-0.0469114619307025,-0.0469114619307025
2024-05-31,2024-06-03,2024-06-10,SVM,US,0.019230769230769232,1.0,-0.066402200314304,-0.066402200314304
2024-05-31,2024-06-03,2024-06-10,TECK,US,0.019230769230769232,1.0,-0.03829695109690412,-0.03829695109690412
2024-05-31,2024-06-03,2024-06-10,UAMY,US,0.019230769230769232,1.0,0.029411736347271455,0.029411736347271455
2024-05-31,2024-06-03,2024-06-10,UEC,US,0.019230769230769232,1.0,-0.12680116818231946,-0.12680116818231946
2024-05-31,2024-06-03,2024-06-10,WPM,US,0.019230769230769232,1.0,-0.023057405167400957,-0.023057405167400957
2024-05-31,2024-06-03,2024-06-11,2362.HK,HK,0.019230769230769232,0.5,-0.06818179657849532,-0.06818179657849543
2024-05-31,2024-06-03,2024-06-10,UUUU,US,0.019230769230769232,0.5,-0.10557188400384065,-0.10557188400384065
2024-06-07,2024-06-11,2024-06-17,000426.SZ,CN_A,0.019230769230769232,1.0,-0.009495886015092214,-0.009495886015092214
2024-06-07,2024-06-11,2024-06-17,000630.SZ,CN_A,0.019230769230769232,1.0,-0.048257427565709166,-0.04825742756570928
2024-06-07,2024-06-11,2024-06-17,000807.SZ,CN_A,0.019230769230769232,1.0,-0.04729264345644302,-0.04729264345644313
2024-06-07,2024-06-11,2024-06-17,000933.SZ,CN_A,0.019230769230769232,1.0,-0.02879926960233936,-0.02879926960233936
2024-06-07,2024-06-11,2024-06-17,000960.SZ,CN_A,0.019230769230769232,1.0,-0.016763396028927735,-0.016763396028927735
2024-06-07,2024-06-11,2024-06-17,002155.SZ,CN_A,0.019230769230769232,1.0,-0.03480251537100709,-0.03480251537100698
2024-06-07,2024-06-11,2024-06-17,0358.HK,HK,0.019230769230769232,1.0,-0.005815192083779119,-0.005815192083779119
2024-06-07,2024-06-11,2024-06-17,0815.HK,HK,0.019230769230769232,1.0,0.0,0.0
2024-06-07,2024-06-11,2024-06-17,1164.HK,HK,0.019230769230769232,1.0,-0.041044879560037884,-0.041044879560037995
2024-06-07,2024-06-11,2024-06-17,1378.HK,HK,0.019230769230769232,1.0,-0.01830285226058026,-0.018946197187577174
2024-06-07,2024-06-11,2024-06-17,2302.HK,HK,0.019230769230769232,1.0,0.01945523486967371,0.020546444362441685
2024-06-07,2024-06-11,2024-06-17,2600.HK,HK,0.019230769230769232,1.0,0.007407379728883834,0.007407379728883612
2024-06-07,2024-06-11,2024-06-17,2899.HK,HK,0.019230769230769232,1.0,-0.01923064912291239,-0.01923064912291239
2024-06-07,2024-06-11,2024-06-17,3993.HK,HK,0.019230769230769232,1.0,0.01149436385571101,0.01149436385571101
2024-06-07,2024-06-11,2024-06-17,600362.SH,CN_A,0.019230769230769232,1.0,-0.027369354370535448,-0.027369354370535448
2024-06-07,2024-06-11,2024-06-17,600497.SH,CN_A,0.019230769230769232,1.0,-0.01636366438228809,-0.01636366438228809
2024-06-07,2024-06-11,2024-06-17,600531.SH,CN_A,0.019230769230769232,1.0,-0.05390074747476481,-0.0539007474747647
2024-06-07,2024-06-11,2024-06-17,600961.SH,CN_A,0.019230769230769232,1.0,-0.05811622748592704,-0.05811622748592693
2024-06-07,2024-06-11,2024-06-17,601020.SH,CN_A,0.019230769230769232,1.0,-0.0042164054703980325,-0.0042164054703980325
2024-06-07,2024-06-11,2024-06-17,601168.SH,CN_A,0.019230769230769232,1.0,-0.04793380768228006,-0.04793380768228017
2024-06-07,2024-06-11,2024-06-17,601600.SH,CN_A,0.019230769230769232,1.0,-0.026007857648264077,-0.026007857648263966
2024-06-07,2024-06-11,2024-06-17,601899.SH,CN_A,0.019230769230769232,1.0,0.002353073492958435,0.002353073492958435
2024-06-07,2024-06-11,2024-06-17,601985.SH,CN_A,0.019230769230769232,1.0,-0.024319071026319805,-0.024319071026319805
2024-06-07,2024-06-11,2024-06-17,603993.SH,CN_A,0.019230769230769232,1.0,0.007379974399871925,0.007379974399871925
2024-06-07,2024-06-10,2024-06-17,AA,US,0.019230769230769232,1.0,-0.09135090878698493,-0.09135090878698493
2024-06-07,2024-06-10,2024-06-17,AFMJF,US,0.019230769230769232,1.0,-0.051947937215257145,-0.051947937215257145
2024-06-07,2024-06-10,2024-06-17,CCJ,US,0.019230769230769232,1.0,-0.04309697798874723,-0.04309697798874723
2024-06-07,2024-06-10,2024-06-17,CDE,US,0.019230769230769232,1.0,0.009174313533785394,0.009174313533785394
2024-06-07,2024-06-10,2024-06-17,CENX,US,0.019230769230769232,1.0,-0.02089929857525652,-0.02089929857525652
2024-06-07,2024-06-10,2024-06-17,DNN,US,0.019230769230769232,1.0,-0.028301861329449007,-0.028301861329449007
2024-06-07,2024-06-10,2024-06-17,FCX,US,0.019230769230769232,1.0,-0.054800001910272456,-0.054800001910272456
2024-06-07,2024-06-10,2024-06-17,HBM,US,0.019230769230769232,1.0,-0.06926398147563761,-0.06926398147563761
2024-06-07,2024-06-10,2024-06-17,HL,US,0.019230769230769232,1.0,-0.05233638380601502,-0.05233638380601502
2024-06-07,2024-06-10,2024-06-17,KALU,US,0.019230769230769232,1.0,-0.04148565859525433,-0.04148565859525433
2024-06-07,2024-06-10,2024-06-17,MLXEF,US,0.019230769230769232,1.0,-0.059259266617857076,-0.059259266617857076
2024-06-07,2024-06-10,2024-06-17,NEXA,US,0.019230769230769232,1.0,-0.03092782729072663,-0.03092782729072663
2024-06-07,2024-06-10,2024-06-17,NXE,US,0.019230769230769232,1.0,0.0,0.0
2024-06-07,2024-06-10,2024-06-17,PAAS,US,0.019230769230769232,1.0,-0.02193421109914151,-0.02193421109914151
2024-06-07,2024-06-10,2024-06-17,SCCO,US,0.019230769230769232,1.0,-0.04586658364822749,-0.04586658364822749
2024-06-07,2024-06-10,2024-06-17,SVM,US,0.019230769230769232,1.0,-0.05817169056199378,-0.05817169056199378
2024-06-07,2024-06-10,2024-06-17,TECK,US,0.019230769230769232,1.0,-0.03252094853352172,-0.03252094853352172
2024-06-07,2024-06-10,2024-06-17,UAMY,US,0.019230769230769232,1.0,0.057142888769811995,0.057142888769811995
2024-06-07,2024-06-10,2024-06-17,UEC,US,0.019230769230769232,1.0,0.0,0.0
2024-06-07,2024-06-10,2024-06-17,WPM,US,0.019230769230769232,1.0,-0.020814086245562025,-0.020814086245562025
2024-06-07,2024-06-10,2024-06-17,ANGPY,US,0.019230769230769232,0.5,0.040462465819321114,0.040462465819321114
2024-06-07,2024-06-10,2024-06-17,IMPUY,US,0.019230769230769232,0.5,0.004237272000010783,0.004237272000010783
2024-06-07,2024-06-10,2024-06-17,NGLOY,US,0.019230769230769232,0.5,0.0006631767728304538,0.0006631767728304538
2024-06-07,2024-06-10,2024-06-17,PLG,US,0.019230769230769232,0.5,-0.011627895694091173,-0.011627895694091173
2024-06-07,2024-06-10,2024-06-17,SBSW,US,0.019230769230769232,0.5,-0.01965070320893314,-0.01965070320893314
2024-06-07,2024-06-10,2024-06-17,UUUU,US,0.019230769230769232,0.5,-0.01803280905477822,-0.01803280905477822
2024-06-07,2024-06-11,2024-06-17,2362.HK,HK,0.019230769230769232,0.25,-0.03658531698135126,-0.0366111889410109
2024-06-14,2024-06-17,2024-06-24,000426.SZ,CN_A,0.03571428571428571,1.0,0.022123781478472715,0.022188491782670683
2024-06-14,2024-06-17,2024-06-24,000807.SZ,CN_A,0.03571428571428571,1.0,-0.025496765841426794,-0.026814353761573262
2024-06-14,2024-06-17,2024-06-24,000933.SZ,CN_A,0.03571428571428571,1.0,-0.029197001632660147,-0.026714506591877796
2024-06-14,2024-06-17,2024-06-24,000960.SZ,CN_A,0.03571428571428571,1.0,-0.0013114916760064155,-0.0013114916760065265
2024-06-14,2024-06-17,2024-06-24,0815.HK,HK,0.03571428571428571,1.0,0.0,0.0
2024-06-14,2024-06-17,2024-06-24,1378.HK,HK,0.03571428571428571,1.0,0.04915253733663749,0.04915253733663727
2024-06-14,2024-06-17,2024-06-24,2600.HK,HK,0.03571428571428571,1.0,0.005514614098272919,0.004878022214970912
2024-06-14,2024-06-17,2024-06-24,2899.HK,HK,0.03571428571428571,1.0,0.026960880513134278,0.026696641292285106
2024-06-14,2024-06-17,2024-06-24,600531.SH,CN_A,0.03571428571428571,1.0,-0.05097446763134317,-0.05039709641435053
2024-06-14,2024-06-17,2024-06-24,600961.SH,CN_A,0.03571428571428571,1.0,0.0,0.0
2024-06-14,2024-06-17,2024-06-24,601168.SH,CN_A,0.03571428571428571,1.0,0.025462855175885313,0.025719839705566905
2024-06-14,2024-06-17,2024-06-24,601600.SH,CN_A,0.03571428571428571,1.0,-0.010680904283907666,-0.010680904283907666
2024-06-14,2024-06-17,2024-06-24,601899.SH,CN_A,0.03571428571428571,1.0,0.02523460231338115,0.02523460231338115
2024-06-14,2024-06-17,2024-06-24,AA,US,0.03571428571428571,1.0,0.08449199076034142,0.08449199076034142
2024-06-14,2024-06-17,2024-06-24,AFMJF,US,0.03571428571428571,1.0,0.1232876428660512,0.1232876428660512
2024-06-14,2024-06-17,2024-06-24,CDE,US,0.03571428571428571,1.0,0.030909096274601477,0.030909096274601477
2024-06-14,2024-06-17,2024-06-24,CENX,US,0.03571428571428571,1.0,0.08344113574838286,0.08344113574838286
2024-06-14,2024-06-17,2024-06-24,HBM,US,0.03571428571428571,1.0,0.055813877482778995,0.055813877482778995
2024-06-14,2024-06-17,2024-06-24,HL,US,0.03571428571428571,1.0,-0.003944849246850235,-0.003944849246850235
2024-06-14,2024-06-17,2024-06-24,KALU,US,0.03571428571428571,1.0,0.009857102986376098,0.009857102986376098
2024-06-14,2024-06-17,2024-06-24,MLXEF,US,0.03571428571428571,1.0,0.04330699699841345,0.04330699699841345
2024-06-14,2024-06-17,2024-06-24,NEXA,US,0.03571428571428571,1.0,0.01994679525365095,0.01994679525365095
2024-06-14,2024-06-17,2024-06-24,PAAS,US,0.03571428571428571,1.0,0.03312947861507043,0.03312947861507043
2024-06-14,2024-06-17,2024-06-24,SVM,US,0.03571428571428571,1.0,0.0058824211365073875,0.0058824211365073875
2024-06-14,2024-06-17,2024-06-24,TECK,US,0.03571428571428571,1.0,0.0081642163543858,0.0081642163543858
2024-06-14,2024-06-17,2024-06-24,WPM,US,0.03571428571428571,1.0,0.011767090545934833,0.011767090545934833
2024-06-14,2024-06-17,2024-06-24,600497.SH,CN_A,0.03571428571428571,0.8888888888888888,-0.004085235803765741,-0.004153497297740505
2024-06-21,2024-06-24,2024-07-01,000426.SZ,CN_A,0.06666666666666667,1.0,0.010101057052032791,0.010101057052032791
2024-06-21,2024-06-24,2024-07-01,000960.SZ,CN_A,0.06666666666666667,1.0,0.043335608581599905,0.04333560858160013
2024-06-21,2024-06-24,2024-07-02,2899.HK,HK,0.06666666666666667,1.0,-0.008353253690065676,-0.008353253690065787
2024-06-21,2024-06-24,2024-07-01,600531.SH,CN_A,0.06666666666666667,1.0,0.05213260840008105,0.05213260840008105
2024-06-21,2024-06-24,2024-07-01,600961.SH,CN_A,0.06666666666666667,1.0,0.027659599939695356,0.027659599939695134
2024-06-21,2024-06-24,2024-07-01,601168.SH,CN_A,0.06666666666666667,1.0,0.037810332172464545,0.037810332172464545
2024-06-21,2024-06-24,2024-07-01,601899.SH,CN_A,0.06666666666666667,1.0,0.032627566817396536,0.032627566817396314
2024-06-21,2024-06-24,2024-07-01,AFMJF,US,0.06666666666666667,1.0,-0.048780626782536696,-0.048780626782536696
2024-06-21,2024-06-24,2024-07-01,HBM,US,0.06666666666666667,1.0,0.003303835466698546,0.003303835466698546
2024-06-21,2024-06-24,2024-07-01,HL,US,0.06666666666666667,1.0,-0.055445476356989154,-0.055445476356989154
2024-06-21,2024-06-24,2024-07-01,MLXEF,US,0.06666666666666667,1.0,0.16981139289989433,0.16981139289989433
2024-06-21,2024-06-24,2024-07-01,NEXA,US,0.06666666666666667,1.0,0.0013037251084089263,0.0013037251084089263
2024-06-21,2024-06-24,2024-07-01,TECK,US,0.06666666666666667,1.0,-0.00020756268065091898,-0.00020756268065091898
2024-06-21,2024-06-24,2024-07-01,600497.SH,CN_A,0.06666666666666667,0.8888888888888888,0.036190457889359706,0.036190457889359706
2024-06-28,2024-07-01,2024-07-08,000426.SZ,CN_A,0.06666666666666667,1.0,-0.004999954326712852,-0.004999954326712852
2024-06-28,2024-07-01,2024-07-08,000960.SZ,CN_A,0.06666666666666667,1.0,-0.018250480711913708,-0.018250480711913708
2024-06-28,2024-07-02,2024-07-08,2899.HK,HK,0.06666666666666667,1.0,0.054151625851108776,0.054151625851108776
2024-06-28,2024-07-01,2024-07-08,600531.SH,CN_A,0.06666666666666667,1.0,-0.00539576454914259,-0.00539576454914259
2024-06-28,2024-07-01,2024-07-08,600961.SH,CN_A,0.06666666666666667,1.0,-0.00931678612934983,-0.009316786129349719
2024-06-28,2024-07-01,2024-07-08,601168.SH,CN_A,0.06666666666666667,1.0,0.018488444929609438,0.018488444929609438
2024-06-28,2024-07-01,2024-07-08,601899.SH,CN_A,0.06666666666666667,1.0,0.02272718617039038,0.0227271861703906
2024-06-28,2024-07-01,2024-07-08,AFMJF,US,0.06666666666666667,1.0,0.06410266800661324,0.06410266800661324
2024-06-28,2024-07-01,2024-07-08,HBM,US,0.06666666666666667,1.0,0.039517047100217306,0.039517047100217306
2024-06-28,2024-07-01,2024-07-08,HL,US,0.06666666666666667,1.0,0.09433957893199518,0.09433957893199518
2024-06-28,2024-07-01,2024-07-08,MLXEF,US,0.06666666666666667,1.0,-0.0483871463930442,-0.0483871463930442
2024-06-28,2024-07-01,2024-07-08,NEXA,US,0.06666666666666667,1.0,0.007812546054449365,0.007812546054449365
2024-06-28,2024-07-01,2024-07-08,TECK,US,0.06666666666666667,1.0,0.013083859857683233,0.013083859857683233
2024-06-28,2024-07-01,2024-07-08,600497.SH,CN_A,0.06666666666666667,0.8888888888888888,0.04044114238047869,0.04044114238047869
2024-07-05,2024-07-08,2024-07-15,002340.SZ,CN_A,0.14285714285714285,1.0,0.031045727966133363,0.031045727966133363
2024-07-05,2024-07-08,2024-07-15,300919.SZ,CN_A,0.14285714285714285,1.0,0.03144654347850784,0.03144654347850784
2024-07-05,2024-07-08,2024-07-15,603799.SH,CN_A,0.14285714285714285,1.0,0.1282537323239572,0.1282537323239572
2024-07-05,2024-07-08,2024-07-15,BHP,US,0.14285714285714285,1.0,-0.0006854158185802817,-0.0006854158185802817
2024-07-05,2024-07-08,2024-07-15,TLOFF,US,0.14285714285714285,1.0,0.010309268214748757,0.010309268214748757
2024-07-05,2024-07-08,2024-07-15,VALE,US,0.14285714285714285,1.0,0.0026132515645156396,0.0026132515645156396
2024-07-05,2024-07-08,2024-07-15,2362.HK,HK,0.14285714285714285,0.5,0.024999975785613415,0.024816336548856066
2024-07-12,2024-07-15,2024-07-22,000630.SZ,CN_A,0.03571428571428571,1.0,-0.0958904899258064,-0.0958904899258064
2024-07-12,2024-07-15,2024-07-22,002155.SZ,CN_A,0.03571428571428571,1.0,-0.044087148903614204,-0.04173006111598321
2024-07-12,2024-07-15,2024-07-22,002340.SZ,CN_A,0.03571428571428571,1.0,-0.03328047046855287,-0.03328047046855298
2024-07-12,2024-07-15,2024-07-22,0358.HK,HK,0.03571428571428571,1.0,-0.11166259334309747,-0.11166259334309736
2024-07-12,2024-07-15,2024-07-22,0815.HK,HK,0.03571428571428571,1.0,-0.07692300638503313,-0.07700531338073158
2024-07-12,2024-07-15,2024-07-22,300919.SZ,CN_A,0.03571428571428571,1.0,0.044715437386453116,0.04454218918314745
2024-07-12,2024-07-15,2024-07-22,3993.HK,HK,0.03571428571428571,1.0,-0.12031048144141931,-0.12038960714702762
2024-07-12,2024-07-15,2024-07-22,600362.SH,CN_A,0.03571428571428571,1.0,-0.07213933717623167,-0.07213933717623167
2024-07-12,2024-07-15,2024-07-22,601020.SH,CN_A,0.03571428571428571,1.0,0.21248911085576827,0.21248911085576827
2024-07-12,2024-07-15,2024-07-22,603799.SH,CN_A,0.03571428571428571,1.0,-0.027684521705284904,-0.027684521705284904
2024-07-12,2024-07-15,2024-07-22,603993.SH,CN_A,0.03571428571428571,1.0,-0.10952916048767047,-0.10781947029671535
2024-07-12,2024-07-15,2024-07-22,BHP,US,0.03571428571428571,1.0,-0.04390334809750451,-0.04390334809750451
2024-07-12,2024-07-15,2024-07-22,CDE,US,0.03571428571428571,1.0,-0.016768296343623867,-0.016768296343623867
2024-07-12,2024-07-15,2024-07-22,FCX,US,0.03571428571428571,1.0,-0.08746538198104248,-0.08746538198104248
2024-07-12,2024-07-15,2024-07-22,PAAS,US,0.03571428571428571,1.0,-0.01507957464900811,-0.01507957464900811
2024-07-12,2024-07-15,2024-07-22,SCCO,US,0.03571428571428571,1.0,-0.06821805813815962,-0.06821805813815962
2024-07-12,2024-07-15,2024-07-22,SVM,US,0.03571428571428571,1.0,-0.010695182354575006,-0.010695182354575006
2024-07-12,2024-07-15,2024-07-22,TLOFF,US,0.03571428571428571,1.0,-0.010204071702683226,-0.010204071702683226
2024-07-12,2024-07-15,2024-07-22,UAMY,US,0.03571428571428571,1.0,0.03125006402842834,0.03125006402842834
2024-07-12,2024-07-15,2024-07-22,VALE,US,0.03571428571428571,1.0,-0.05125966493169054,-0.05125966493169054
2024-07-12,2024-07-15,2024-07-22,WPM,US,0.03571428571428571,1.0,0.0085728457255132,0.0085728457255132
2024-07-12,2024-07-15,2024-07-22,2362.HK,HK,0.03571428571428571,0.75,-0.3048780514398265,-0.3048780514398265
2024-07-12,2024-07-15,2024-07-22,ANGPY,US,0.03571428571428571,0.5,0.010544811889370065,0.010544811889370065
2024-07-12,2024-07-15,2024-07-22,IMPUY,US,0.03571428571428571,0.5,-0.057692273558571316,-0.057692273558571316
2024-07-12,2024-07-15,2024-07-22,NGLOY,US,0.03571428571428571,0.5,-0.049212440560695514,-0.049212440560695514
2024-07-12,2024-07-15,2024-07-22,PLG,US,0.03571428571428571,0.5,-0.011494241848790776,-0.011494241848790776
2024-07-12,2024-07-15,2024-07-22,SBSW,US,0.03571428571428571,0.5,-0.057324875932505126,-0.057324875932505126
2024-07-12,2024-07-15,2024-07-22,600497.SH,CN_A,0.03571428571428571,0.1111111111111111,-0.02626970697873865,-0.02626970697873854
2024-07-19,2024-07-22,2024-07-29,000630.SZ,CN_A,0.027777777777777776,1.0,-0.0666667122093787,-0.0666667122093787
2024-07-19,2024-07-22,2024-07-29,002155.SZ,CN_A,0.027777777777777776,1.0,-0.11502983566645375,-0.11502983566645375
2024-07-19,2024-07-22,2024-07-29,002340.SZ,CN_A,0.027777777777777776,1.0,-0.004917970768603452,-0.004917970768603452
2024-07-19,2024-07-22,2024-07-29,0358.HK,HK,0.027777777777777776,1.0,-0.050279201293502385,-0.05000621221187118
2024-07-19,2024-07-22,2024-07-29,0815.HK,HK,0.027777777777777776,1.0,-0.13333339956071377,-0.13333339956071377
2024-07-19,2024-07-22,2024-07-29,1164.HK,HK,0.027777777777777776,1.0,-0.03524223912267255,-0.03393312090692324
2024-07-19,2024-07-22,2024-07-29,2302.HK,HK,0.027777777777777776,1.0,-0.014778311237724773,-0.014548038635463723
2024-07-19,2024-07-22,2024-07-29,300919.SZ,CN_A,0.027777777777777776,1.0,-0.08138787282353821,-0.08138787282353821
2024-07-19,2024-07-22,2024-07-29,3993.HK,HK,0.027777777777777776,1.0,-0.08823534431664393,-0.08823534431664393
2024-07-19,2024-07-22,2024-07-29,600362.SH,CN_A,0.027777777777777776,1.0,-0.03384356748595729,-0.03384356748595718
2024-07-19,2024-07-22,2024-07-29,601020.SH,CN_A,0.027777777777777776,1.0,-0.14234615640859938,-0.1423461564085995
2024-07-19,2024-07-22,2024-07-29,601985.SH,CN_A,0.027777777777777776,1.0,0.031195809968500132,0.031195809968500132
2024-07-19,2024-07-22,2024-07-29,603799.SH,CN_A,0.027777777777777776,1.0,-0.030198506973091677,-0.030198506973091677
2024-07-19,2024-07-22,2024-07-29,603993.SH,CN_A,0.027777777777777776,1.0,-0.0947108875149626,-0.0947108875149626
2024-07-19,2024-07-22,2024-07-29,BHP,US,0.027777777777777776,1.0,-0.013273568386442336,-0.013273568386442336
2024-07-19,2024-07-22,2024-07-29,CCJ,US,0.027777777777777776,1.0,-0.06238188934893085,-0.06238188934893085
2024-07-19,2024-07-22,2024-07-29,CDE,US,0.027777777777777776,1.0,-0.03720923657604058,-0.03720923657604058
2024-07-19,2024-07-22,2024-07-29,DNN,US,0.027777777777777776,1.0,-0.06565656261582264,-0.06565656261582264
2024-07-19,2024-07-22,2024-07-29,FCX,US,0.027777777777777776,1.0,-0.03542700483083183,-0.03542700483083183
2024-07-19,2024-07-22,2024-07-29,NXE,US,0.027777777777777776,1.0,-0.03927488769476317,-0.03927488769476317
2024-07-19,2024-07-22,2024-07-29,PAAS,US,0.027777777777777776,1.0,-0.05030633719038102,-0.05030633719038102
2024-07-19,2024-07-22,2024-07-29,SCCO,US,0.027777777777777776,1.0,-0.009914392088898438,-0.009914392088898438
2024-07-19,2024-07-22,2024-07-29,SVM,US,0.027777777777777776,1.0,-0.002702668994437718,-0.002702668994437718
2024-07-19,2024-07-22,2024-07-29,TLOFF,US,0.027777777777777776,1.0,-0.020618597877583134,-0.020618597877583134
2024-07-19,2024-07-22,2024-07-29,UAMY,US,0.027777777777777776,1.0,0.09090909090909083,0.09090909090909083
2024-07-19,2024-07-22,2024-07-29,UEC,US,0.027777777777777776,1.0,-0.04957264385993898,-0.04957264385993898
2024-07-19,2024-07-22,2024-07-29,VALE,US,0.027777777777777776,1.0,-0.0036630533177646196,-0.0036630533177646196
2024-07-19,2024-07-22,2024-07-29,WPM,US,0.027777777777777776,1.0,-0.022666583178987287,-0.022666583178987287
2024-07-19,2024-07-22,2024-07-29,2362.HK,HK,0.027777777777777776,0.75,-0.03508768627628134,-0.03508768627628145
2024-07-19,2024-07-22,2024-07-29,ANGPY,US,0.027777777777777776,0.5,0.09565218975592926,0.09565218975592926
2024-07-19,2024-07-22,2024-07-29,IMPUY,US,0.027777777777777776,0.5,-0.01632646748754374,-0.01632646748754374
2024-07-19,2024-07-22,2024-07-29,NGLOY,US,0.027777777777777776,0.5,0.03864721723319442,0.03864721723319442
2024-07-19,2024-07-22,2024-07-29,PLG,US,0.027777777777777776,0.5,-0.08139533916636388,-0.08139533916636388
2024-07-19,2024-07-22,2024-07-29,SBSW,US,0.027777777777777776,0.5,-0.04054041957411336,-0.04054041957411336
2024-07-19,2024-07-22,2024-07-29,UUUU,US,0.027777777777777776,0.5,-0.03677758962242017,-0.03677758962242017
2024-07-19,2024-07-22,2024-07-29,600497.SH,CN_A,0.027777777777777776,0.1111111111111111,-0.05575540000272172,-0.05575540000272172
2024-07-26,2024-07-29,2024-08-05,002340.SZ,CN_A,0.14285714285714285,1.0,-0.029654136665551833,-0.029654136665551833
2024-07-26,2024-07-29,2024-08-05,300919.SZ,CN_A,0.14285714285714285,1.0,0.021884986780969173,0.021884986780969173
2024-07-26,2024-07-29,2024-08-05,603799.SH,CN_A,0.14285714285714285,1.0,-0.0017792935881326688,-0.0017792935881326688
2024-07-26,2024-07-29,2024-08-05,BHP,US,0.14285714285714285,1.0,-0.03581155866884589,-0.03581155866884589
2024-07-26,2024-07-29,2024-08-05,TLOFF,US,0.14285714285714285,1.0,-0.09473681568769177,-0.09473681568769177
2024-07-26,2024-07-29,2024-08-05,VALE,US,0.14285714285714285,1.0,-0.05154575574729625,-0.05154575574729625
2024-07-26,2024-07-29,2024-08-05,2362.HK,HK,0.14285714285714285,0.5,-0.09090911061310525,-0.08983402210336344
2024-08-30,2024-09-03,2024-09-09,ANGPY,US,0.16666666666666666,0.5,-0.01946898191082347,-0.01946898191082347
2024-08-30,2024-09-03,2024-09-09,IMPUY,US,0.16666666666666666,0.5,-0.0886362971431347,-0.0886362971431347
2024-08-30,2024-09-03,2024-09-09,NGLOY,US,0.16666666666666666,0.5,-0.03483318956037118,-0.03483318956037118
2024-08-30,2024-09-03,2024-09-09,PLG,US,0.16666666666666666,0.5,-0.016949137131806236,-0.016949137131806236
2024-08-30,2024-09-03,2024-09-09,SBSW,US,0.16666666666666666,0.5,-0.050704212892980216,-0.050704212892980216
2024-08-30,2024-09-02,2024-09-09,2362.HK,HK,0.16666666666666666,0.25,-0.09615381529345202,-0.0961538152934519
2024-09-06,2024-09-09,2024-09-18,002340.SZ,CN_A,0.08333333333333333,1.0,-0.021164008126440703,-0.021164008126440703
2024-09-06,2024-09-09,2024-09-18,300919.SZ,CN_A,0.08333333333333333,1.0,-0.021416291524067543,-0.021416291524067543
2024-09-06,2024-09-09,2024-09-18,603799.SH,CN_A,0.08333333333333333,1.0,-0.018418708170201303,-0.018418708170201414
2024-09-06,2024-09-09,2024-09-16,BHP,US,0.08333333333333333,1.0,0.06330612246827916,0.06330612246827916
2024-09-06,2024-09-09,2024-09-16,TLOFF,US,0.08333333333333333,1.0,0.03125006402842834,0.03125006402842834
2024-09-06,2024-09-09,2024-09-16,VALE,US,0.08333333333333333,1.0,0.0443786670701134,0.0443786670701134
2024-09-06,2024-09-09,2024-09-16,2362.HK,HK,0.08333333333333333,0.75,0.06382978993230615,0.06358411560161281
2024-09-06,2024-09-09,2024-09-16,ANGPY,US,0.08333333333333333,0.5,-0.019855745584454243,-0.019855745584454243
2024-09-06,2024-09-09,2024-09-16,IMPUY,US,0.08333333333333333,0.5,0.2643390805224295,0.2643390805224295
2024-09-06,2024-09-09,2024-09-16,NGLOY,US,0.08333333333333333,0.5,0.048872279621895,0.048872279621895
2024-09-06,2024-09-09,2024-09-16,PLG,US,0.08333333333333333,0.5,0.14655179412555097,0.14655179412555097
2024-09-06,2024-09-09,2024-09-16,SBSW,US,0.08333333333333333,0.5,0.24629072125756246,0.24629072125756246
2024-09-13,2024-09-16,2024-09-23,ANGPY,US,0.16666666666666666,0.5,0.11233888586402374,0.11233888586402374
2024-09-13,2024-09-16,2024-09-23,IMPUY,US,0.16666666666666666,0.5,0.14398428497227478,0.14398428497227478
2024-09-13,2024-09-16,2024-09-23,NGLOY,US,0.16666666666666666,0.5,0.015770570969452002,0.015770570969452002
2024-09-13,2024-09-16,2024-09-23,PLG,US,0.16666666666666666,0.5,-0.015037668789816938,-0.015037668789816938
2024-09-13,2024-09-16,2024-09-23,SBSW,US,0.16666666666666666,0.5,0.0,0.0
2024-09-13,2024-09-16,2024-09-23,2362.HK,HK,0.16666666666666666,0.25,0.039999961853027344,0.039999961853027344
2024-09-20,2024-09-23,2024-09-30,0815.HK,HK,0.09090909090909091,1.0,-0.016666749450892193,-0.016666749450892193
2024-09-20,2024-09-23,2024-09-30,ANGPY,US,0.09090909090909091,1.0,0.01655630391361118,0.01655630391361118
2024-09-20,2024-09-23,2024-09-30,CDE,US,0.09090909090909091,1.0,0.007320715645192877,0.007320715645192877
2024-09-20,2024-09-23,2024-09-30,IMPUY,US,0.09090909090909091,1.0,-0.03275861736835051,-0.03275861736835051
2024-09-20,2024-09-23,2024-09-30,NGLOY,US,0.09090909090909091,1.0,0.14396618790965143,0.14396618790965143
2024-09-20,2024-09-23,2024-09-30,PAAS,US,0.09090909090909091,1.0,-0.0033429011026393507,-0.0033429011026393507
2024-09-20,2024-09-23,2024-09-30,PLG,US,0.09090909090909091,1.0,0.09160306107629057,0.09160306107629057
2024-09-20,2024-09-23,2024-09-30,SBSW,US,0.09090909090909091,1.0,-0.02142845042861108,-0.02142845042861108
2024-09-20,2024-09-23,2024-09-30,SVM,US,0.09090909090909091,1.0,0.06845962752921086,0.06845962752921086
2024-09-20,2024-09-23,2024-09-30,WPM,US,0.09090909090909091,1.0,-0.01847980209650457,-0.01847980209650457
2024-09-20,2024-09-23,2024-09-30,2362.HK,HK,0.09090909090909091,0.5,0.28846161781683777,0.28846161781683755
2024-09-27,2024-09-30,2024-10-07,0815.HK,HK,0.09090909090909091,1.0,0.18644071049952027,0.18644071049952027
2024-09-27,2024-09-30,2024-10-07,CDE,US,0.09090909090909091,1.0,-0.10029071159186975,-0.10029071159186975
2024-09-27,2024-09-30,2024-10-07,PAAS,US,0.09090909090909091,1.0,0.01677028840011041,0.01677028840011041
2024-09-27,2024-09-30,2024-10-07,SVM,US,0.09090909090909091,1.0,0.07093821334098327,0.07093821334098327
2024-09-27,2024-09-30,2024-10-07,WPM,US,0.09090909090909091,1.0,-0.023739334381543076,-0.023739334381543076
2024-09-27,2024-09-30,2024-10-07,ANGPY,US,0.09090909090909091,0.5,0.0260586867426722,0.0260586867426722
2024-09-27,2024-09-30,2024-10-07,IMPUY,US,0.09090909090909091,0.5,0.06417104334922485,0.06417104334922485
2024-09-27,2024-09-30,2024-10-07,NGLOY,US,0.09090909090909091,0.5,-0.014682335079451492,-0.014682335079451492
2024-09-27,2024-09-30,2024-10-07,PLG,US,0.09090909090909091,0.5,0.09090909090909083,0.09090909090909083
2024-09-27,2024-09-30,2024-10-07,SBSW,US,0.09090909090909091,0.5,0.08759115329727774,0.08759115329727774
2024-09-27,2024-09-30,2024-10-07,2362.HK,HK,0.09090909090909091,0.25,0.014925358528601551,0.015250988189287495
2024-10-04,2024-10-08,2024-10-14,000408.SZ,CN_A,0.023255813953488372,1.0,-0.029982345109584196,-0.029982345109584085
2024-10-04,2024-10-08,2024-10-14,000792.SZ,CN_A,0.023255813953488372,1.0,-0.08421054639314351,-0.08421054639314363
2024-10-04,2024-10-08,2024-10-14,000807.SZ,CN_A,0.023255813953488372,1.0,0.010006688869325542,0.010006688869325542
2024-10-04,2024-10-08,2024-10-14,000831.SZ,CN_A,0.023255813953488372,1.0,-0.11669474296756044,-0.11669474296756055
2024-10-04,2024-10-08,2024-10-14,000933.SZ,CN_A,0.023255813953488372,1.0,-0.02397959269223704,-0.02397959269223704
2024-10-04,2024-10-08,2024-10-14,000970.SZ,CN_A,0.023255813953488372,1.0,-0.08875748971961328,-0.08875748971961328
2024-10-04,2024-10-08,2024-10-14,002460.SZ,CN_A,0.023255813953488372,1.0,-0.15717292809757866,-0.15717292809757855
2024-10-04,2024-10-08,2024-10-14,002466.SZ,CN_A,0.023255813953488372,1.0,-0.1252583196259075,-0.1252583196259075
2024-10-04,2024-10-07,2024-10-14,0815.HK,HK,0.023255813953488372,1.0,-0.14285709420028914,-0.14285709420028925
2024-10-04,2024-10-07,2024-10-14,1378.HK,HK,0.023255813953488372,1.0,-0.004398878045212884,-0.004398878045212773
2024-10-04,2024-10-07,2024-10-14,1772.HK,HK,0.023255813953488372,1.0,-0.2350813491271485,-0.2350813491271485
2024-10-04,2024-10-07,2024-10-14,2237.HK,HK,0.023255813953488372,1.0,-0.1899999976158142,-0.1899999976158142
2024-10-04,2024-10-07,2024-10-14,2600.HK,HK,0.023255813953488372,1.0,-0.010886425606179917,-0.010932177306055557
2024-10-04,2024-10-08,2024-10-14,300748.SZ,CN_A,0.023255813953488372,1.0,-0.17101267430401867,-0.17101267430401867
2024-10-04,2024-10-08,2024-10-14,600111.SH,CN_A,0.023255813953488372,1.0,-0.10728661586398813,-0.10728661586398813
2024-10-04,2024-10-08,2024-10-14,600366.SH,CN_A,0.023255813953488372,1.0,-0.10041844887844031,-0.10041844887844031
2024-10-04,2024-10-08,2024-10-14,600392.SH,CN_A,0.023255813953488372,1.0,-0.1027078035899589,-0.10270780358995879
2024-10-04,2024-10-08,2024-10-14,600516.SH,CN_A,0.023255813953488372,1.0,-0.03903347395977752,-0.03903347395977741
2024-10-04,2024-10-08,2024-10-14,600884.SH,CN_A,0.023255813953488372,1.0,-0.17457109675820015,-0.17457109675820015
2024-10-04,2024-10-08,2024-10-14,601600.SH,CN_A,0.023255813953488372,1.0,0.04362805066645592,0.04362805066645614
2024-10-04,2024-10-08,2024-10-14,603659.SH,CN_A,0.023255813953488372,1.0,-0.14972606683777923,-0.14972606683777923
2024-10-04,2024-10-07,2024-10-14,6680.HK,HK,0.023255813953488372,1.0,-0.2837407339976683,-0.28408303744538743
2024-10-04,2024-10-07,2024-10-14,9696.HK,HK,0.023255813953488372,1.0,-0.21969696969696972,-0.2196969696969696
2024-10-04,2024-10-07,2024-10-14,AA,US,0.023255813953488372,1.0,0.059032208908431416,0.059032208908431416
2024-10-04,2024-10-07,2024-10-14,ALB,US,0.023255813953488372,1.0,-0.04661619977458009,-0.04661619977458009
2024-10-04,2024-10-07,2024-10-14,CDE,US,0.023255813953488372,1.0,0.03877214210742652,0.03877214210742652
2024-10-04,2024-10-07,2024-10-14,CENX,US,0.023255813953488372,1.0,0.0956576130426634,0.0956576130426634
2024-10-04,2024-10-07,2024-10-14,GPHOF,US,0.023255813953488372,1.0,0.0771930352912833,0.0771930352912833
2024-10-04,2024-10-07,2024-10-14,KALU,US,0.023255813953488372,1.0,0.00473057266158694,0.00473057266158694
2024-10-04,2024-10-07,2024-10-14,LAC,US,0.023255813953488372,1.0,-0.044217725139714115,-0.044217725139714115
2024-10-04,2024-10-07,2024-10-14,MP,US,0.023255813953488372,1.0,-0.00448430061781413,-0.00448430061781413
2024-10-04,2024-10-07,2024-10-14,NMG,US,0.023255813953488372,1.0,0.03205132907664465,0.03205132907664465
2024-10-04,2024-10-07,2024-10-14,PAAS,US,0.023255813953488372,1.0,0.03817165609778561,0.03817165609778561
2024-10-04,2024-10-07,2024-10-14,SGML,US,0.023255813953488372,1.0,-0.019823752302349784,-0.019823752302349784
2024-10-04,2024-10-07,2024-10-14,SQM,US,0.023255813953488372,1.0,-0.056493190254596204,-0.056493190254596204
2024-10-04,2024-10-07,2024-10-14,SVM,US,0.023255813953488372,1.0,0.036324745722671414,0.036324745722671414
2024-10-04,2024-10-07,2024-10-14,USA,US,0.023255813953488372,1.0,0.029618957965495962,0.029618957965495962
2024-10-04,2024-10-07,2024-10-14,USAR,US,0.023255813953488372,1.0,-0.00027866820168986894,-0.00027866820168986894
2024-10-04,2024-10-07,2024-10-14,WPM,US,0.023255813953488372,1.0,0.02146559802324055,0.02146559802324055
2024-10-04,2024-10-07,2024-10-14,WWR,US,0.023255813953488372,1.0,-0.01923075159625831,-0.01923075159625831
2024-10-04,2024-10-07,2024-10-14,UUUU,US,0.023255813953488372,0.16666666666666666,0.06296290180483743,0.06296290180483743
2024-10-11,2024-10-14,2024-10-21,000408.SZ,CN_A,0.02040816326530612,1.0,-0.0007273187987497653,-0.0007273187987498764
2024-10-11,2024-10-14,2024-10-21,000792.SZ,CN_A,0.02040816326530612,1.0,-0.010344845351840659,-0.010344845351840548
2024-10-11,2024-10-14,2024-10-21,000807.SZ,CN_A,0.02040816326530612,1.0,-0.024438524477330525,-0.024438524477330414
2024-10-11,2024-10-14,2024-10-21,000831.SZ,CN_A,0.02040816326530612,1.0,0.03589150849716871,0.03589150849716871
2024-10-11,2024-10-14,2024-10-21,000933.SZ,CN_A,0.02040816326530612,1.0,-0.027182434673498235,-0.027182434673498124
2024-10-11,2024-10-14,2024-10-21,000970.SZ,CN_A,0.02040816326530612,1.0,0.012987021058217252,0.012987021058217252
2024-10-11,2024-10-14,2024-10-21,002460.SZ,CN_A,0.02040816326530612,1.0,-0.010638264074120052,-0.010638264074120052
2024-10-11,2024-10-14,2024-10-21,002466.SZ,CN_A,0.02040816326530612,1.0,0.001476210175296977,0.001476210175296977
2024-10-11,2024-10-14,2024-10-21,0815.HK,HK,0.02040816326530612,1.0,0.18333325054910787,0.1833799776659577
2024-10-11,2024-10-14,2024-10-21,1378.HK,HK,0.02040816326530612,1.0,0.002945542445469851,0.002945542445469851
2024-10-11,2024-10-14,2024-10-21,1772.HK,HK,0.02040816326530612,1.0,-0.04964534808691601,-0.04964534808691601
2024-10-11,2024-10-14,2024-10-21,2237.HK,HK,0.02040816326530612,1.0,-0.012345667202249944,-0.012345667202249944
2024-10-11,2024-10-14,2024-10-21,2600.HK,HK,0.02040816326530612,1.0,-0.02672957610467741,-0.02672957610467741
2024-10-11,2024-10-14,2024-10-21,300748.SZ,CN_A,0.02040816326530612,1.0,0.07827347781613003,0.07827347781613003
2024-10-11,2024-10-14,2024-10-21,600111.SH,CN_A,0.02040816326530612,1.0,-0.003505262497604522,-0.003505262497604744
2024-10-11,2024-10-14,2024-10-21,600366.SH,CN_A,0.02040816326530612,1.0,0.0046512235563216375,0.00465122355632186
2024-10-11,2024-10-14,2024-10-21,600392.SH,CN_A,0.02040816326530612,1.0,-0.0020810754136880716,-0.0020810754136880716
2024-10-11,2024-10-14,2024-10-21,600516.SH,CN_A,0.02040816326530612,1.0,-0.015473877064320685,-0.015473877064320685
2024-10-11,2024-10-14,2024-10-21,600884.SH,CN_A,0.02040816326530612,1.0,-0.0024450436451716184,-0.0024450436451716184
2024-10-11,2024-10-14,2024-10-21,601600.SH,CN_A,0.02040816326530612,1.0,-0.03630358769481179,-0.03630358769481179
2024-10-11,2024-10-14,2024-10-21,603659.SH,CN_A,0.02040816326530612,1.0,0.01861134811176135,0.01861134811176135
2024-10-11,2024-10-14,2024-10-21,6680.HK,HK,0.02040816326530612,1.0,0.01483678616995876,0.01483678616995876
2024-10-11,2024-10-14,2024-10-21,9696.HK,HK,0.02040816326530612,1.0,-0.03883495145631066,-0.03883495145631077
2024-10-11,2024-10-14,2024-10-21,AA,US,0.02040816326530612,1.0,-0.006698680583195893,-0.006698680583195893
2024-10-11,2024-10-14,2024-10-21,ALB,US,0.02040816326530612,1.0,-0.057831404954504784,-0.057831404954504784
2024-10-11,2024-10-14,2024-10-21,CDE,US,0.02040816326530612,1.0,0.12130640337869947,0.12130640337869947
2024-10-11,2024-10-14,2024-10-21,CENX,US,0.02040816326530612,1.0,-0.04250429509499165,-0.04250429509499165
2024-10-11,2024-10-14,2024-10-21,GPHOF,US,0.02040816326530612,1.0,0.04234521552854309,0.04234521552854309
2024-10-11,2024-10-14,2024-10-21,KALU,US,0.02040816326530612,1.0,-0.020772598275834553,-0.020772598275834553
2024-10-11,2024-10-14,2024-10-21,LAC,US,0.02040816326530612,1.0,0.07117439564282835,0.07117439564282835
2024-10-11,2024-10-14,2024-10-21,MP,US,0.02040816326530612,1.0,0.018018000602490147,0.018018000602490147
2024-10-11,2024-10-14,2024-10-21,NMG,US,0.02040816326530612,1.0,-0.01863352243678007,-0.01863352243678007
2024-10-11,2024-10-14,2024-10-21,PAAS,US,0.02040816326530612,1.0,0.12664548391238784,0.12664548391238784
2024-10-11,2024-10-14,2024-10-21,SGML,US,0.02040816326530612,1.0,0.004494341889732301,0.004494341889732301
2024-10-11,2024-10-14,2024-10-21,SQM,US,0.02040816326530612,1.0,-0.022608728825614044,-0.022608728825614044
2024-10-11,2024-10-14,2024-10-21,SVM,US,0.02040816326530612,1.0,0.026804188083151104,0.026804188083151104
2024-10-11,2024-10-14,2024-10-21,USA,US,0.02040816326530612,1.0,-0.005479348400033612,-0.005479348400033612
2024-10-11,2024-10-14,2024-10-21,USAR,US,0.02040816326530612,1.0,0.0018586899315924388,0.0018586899315924388
2024-10-11,2024-10-14,2024-10-21,WPM,US,0.02040816326530612,1.0,0.09817779659296799,0.09817779659296799
2024-10-11,2024-10-14,2024-10-21,WWR,US,0.02040816326530612,1.0,0.19607848178785892,0.19607848178785892
2024-10-11,2024-10-14,2024-10-21,ANGPY,US,0.02040816326530612,0.5,0.0336539056569074,0.0336539056569074
2024-10-11,2024-10-14,2024-10-21,IMPUY,US,0.02040816326530612,0.5,0.05481726515811669,0.05481726515811669
2024-10-11,2024-10-14,2024-10-21,NGLOY,US,0.02040816326530612,0.5,0.018481856259584983,0.018481856259584983
2024-10-11,2024-10-14,2024-10-21,PLG,US,0.02040816326530612,0.5,0.1464967466115521,0.1464967466115521
2024-10-11,2024-10-14,2024-10-21,SBSW,US,0.02040816326530612,0.5,0.11414381666507367,0.11414381666507367
2024-10-11,2024-10-14,2024-10-21,UUUU,US,0.02040816326530612,0.5,0.2090592916292977,0.2090592916292977
2024-10-11,2024-10-14,2024-10-21,2362.HK,HK,0.02040816326530612,0.25,0.03389837528843853,0.03389837528843853
2024-10-18,2024-10-21,2024-10-28,000408.SZ,CN_A,0.014925373134328358,1.0,0.03639017814398926,0.03639017814398926
2024-10-18,2024-10-21,2024-10-28,000630.SZ,CN_A,0.014925373134328358,1.0,0.01136368973400348,0.01136368973400348
2024-10-18,2024-10-21,2024-10-28,000792.SZ,CN_A,0.014925373134328358,1.0,0.05052269883418026,0.050522698834180035
2024-10-18,2024-10-21,2024-10-28,000807.SZ,CN_A,0.014925373134328358,1.0,0.002708143149393605,0.002708143149393605
2024-10-18,2024-10-21,2024-10-28,000831.SZ,CN_A,0.014925373134328358,1.0,0.11352746107563916,0.11352746107563938
2024-10-18,2024-10-21,2024-10-28,000933.SZ,CN_A,0.014925373134328358,1.0,-0.019881789384223136,-0.019881789384223136
2024-10-18,2024-10-21,2024-10-28,000970.SZ,CN_A,0.014925373134328358,1.0,0.0576923942136538,0.0576923942136538
2024-10-18,2024-10-21,2024-10-28,002155.SZ,CN_A,0.014925373134328358,1.0,-0.009982505800249841,-0.00998250580024973
2024-10-18,2024-10-21,2024-10-28,002340.SZ,CN_A,0.014925373134328358,1.0,0.02000004680096157,0.02000004680096157
2024-10-18,2024-10-21,2024-10-28,002460.SZ,CN_A,0.014925373134328358,1.0,0.08349135337478031,0.08349135337478031
2024-10-18,2024-10-21,2024-10-28,002466.SZ,CN_A,0.014925373134328358,1.0,0.09227597986667457,0.09227597986667457
2024-10-18,2024-10-21,2024-10-28,0358.HK,HK,0.014925373134328358,1.0,-0.0013850359604783424,-0.0013850359604782314
2024-10-18,2024-10-21,2024-10-28,0815.HK,HK,0.014925373134328358,1.0,-0.0704224701794175,-0.07042247017941772
2024-10-18,2024-10-21,2024-10-28,1164.HK,HK,0.014925373134328358,1.0,0.015463909582043911,0.015463909582044133
2024-10-18,2024-10-21,2024-10-28,1378.HK,HK,0.014925373134328358,1.0,-0.029368584891707572,-0.029069876114993676
2024-10-18,2024-10-21,2024-10-28,1772.HK,HK,0.014925373134328358,1.0,0.10945265717477959,0.10909141111066512
2024-10-18,2024-10-21,2024-10-28,2237.HK,HK,0.014925373134328358,1.0,0.024999975785613415,0.0247899295485281
2024-10-18,2024-10-21,2024-10-28,2302.HK,HK,0.014925373134328358,1.0,0.016853916782002765,0.01703433175044977
2024-10-18,2024-10-21,2024-10-28,2600.HK,HK,0.014925373134328358,1.0,-0.08723747661838666,-0.08723747661838654
2024-10-18,2024-10-21,2024-10-28,300748.SZ,CN_A,0.014925373134328358,1.0,0.21777499464733419,0.21777499464733396
2024-10-18,2024-10-21,2024-10-28,300919.SZ,CN_A,0.014925373134328358,1.0,0.039729934287612734,0.039729934287612734
2024-10-18,2024-10-21,2024-10-28,3993.HK,HK,0.014925373134328358,1.0,-0.04915735602713356,-0.04915735602713345
2024-10-18,2024-10-21,2024-10-28,600111.SH,CN_A,0.014925373134328358,1.0,0.07185924008604072,0.07185924008604094
2024-10-18,2024-10-21,2024-10-28,600362.SH,CN_A,0.014925373134328358,1.0,0.009986967038182026,0.009986967038182026
2024-10-18,2024-10-21,2024-10-28,600366.SH,CN_A,0.014925373134328358,1.0,0.06944438697672428,0.06944438697672428
2024-10-18,2024-10-21,2024-10-28,600392.SH,CN_A,0.014925373134328358,1.0,0.06882162265469982,0.06882162265470004
2024-10-18,2024-10-21,2024-10-28,600516.SH,CN_A,0.014925373134328358,1.0,0.07858540623676058,0.07858540623676058
2024-10-18,2024-10-21,2024-10-28,600884.SH,CN_A,0.014925373134328358,1.0,0.11397062776548017,0.11397062776548039
2024-10-18,2024-10-21,2024-10-28,601020.SH,CN_A,0.014925373134328358,1.0,-0.003192280911565426,-0.003192280911565426
2024-10-18,2024-10-21,2024-10-28,601600.SH,CN_A,0.014925373134328358,1.0,-0.020548002829534173,-0.020548002829534173
2024-10-18,2024-10-21,2024-10-28,601985.SH,CN_A,0.014925373134328358,1.0,-0.005808397773085949,-0.005808397773085949
2024-10-18,2024-10-21,2024-10-28,603659.SH,CN_A,0.014925373134328358,1.0,0.19957826981450055,0.19957826981450055
2024-10-18,2024-10-21,2024-10-28,603799.SH,CN_A,0.014925373134328358,1.0,0.03576067208454625,0.03576067208454625
2024-10-18,2024-10-21,2024-10-28,603993.SH,CN_A,0.014925373134328358,1.0,-0.04807685672530848,-0.04807685672530837
2024-10-18,2024-10-21,2024-10-28,6680.HK,HK,0.014925373134328358,1.0,0.1228070439997937,0.12280704399979392
2024-10-18,2024-10-21,2024-10-28,9696.HK,HK,0.014925373134328358,1.0,0.08686867145576871,0.08693672932861984
2024-10-18,2024-10-21,2024-10-28,AA,US,0.014925373134328358,1.0,-0.002649124494720878,-0.002649124494720878
2024-10-18,2024-10-21,2024-10-28,ALB,US,0.014925373134328358,1.0,0.045822870941019556,0.045822870941019556
2024-10-18,2024-10-21,2024-10-28,BHP,US,0.014925373134328358,1.0,0.014204557664305284,0.014204557664305284
2024-10-18,2024-10-21,2024-10-28,CCJ,US,0.014925373134328358,1.0,-0.047479292407158646,-0.047479292407158646
2024-10-18,2024-10-21,2024-10-28,CDE,US,0.014925373134328358,1.0,-0.06518725289262328,-0.06518725289262328
2024-10-18,2024-10-21,2024-10-28,CENX,US,0.014925373134328358,1.0,0.0935812512779064,0.0935812512779064
2024-10-18,2024-10-21,2024-10-28,DNN,US,0.014925373134328358,1.0,-0.02620084881180096,-0.02620084881180096
2024-10-18,2024-10-21,2024-10-28,FCX,US,0.014925373134328358,1.0,-0.02523986348012064,-0.02523986348012064
2024-10-18,2024-10-21,2024-10-28,GPHOF,US,0.014925373134328358,1.0,-0.023437478172126713,-0.023437478172126713
2024-10-18,2024-10-21,2024-10-28,KALU,US,0.014925373134328358,1.0,0.0882517327719392,0.0882517327719392
2024-10-18,2024-10-21,2024-10-28,LAC,US,0.014925373134328358,1.0,0.37541524239288293,0.37541524239288293
2024-10-18,2024-10-21,2024-10-28,MP,US,0.014925373134328358,1.0,0.04424774559935751,0.04424774559935751
2024-10-18,2024-10-21,2024-10-28,NMG,US,0.014925373134328358,1.0,-0.09493676664125794,-0.09493676664125794
2024-10-18,2024-10-21,2024-10-28,NXE,US,0.014925373134328358,1.0,-0.04276725583747665,-0.04276725583747665
2024-10-18,2024-10-21,2024-10-28,PAAS,US,0.014925373134328358,1.0,-0.015310300271786592,-0.015310300271786592
2024-10-18,2024-10-21,2024-10-28,SCCO,US,0.014925373134328358,1.0,0.021532094224625542,0.021532094224625542
2024-10-18,2024-10-21,2024-10-28,SGML,US,0.014925373134328358,1.0,0.10812824949770317,0.10812824949770317
2024-10-18,2024-10-21,2024-10-28,SQM,US,0.014925373134328358,1.0,0.0683782326249367,0.0683782326249367
2024-10-18,2024-10-21,2024-10-28,SVM,US,0.014925373134328358,1.0,-0.020080360825453725,-0.020080360825453725
2024-10-18,2024-10-21,2024-10-28,TLOFF,US,0.014925373134328358,1.0,-0.08571429057997104,-0.08571429057997104
2024-10-18,2024-10-21,2024-10-28,UAMY,US,0.014925373134328358,1.0,-0.014705868173635728,-0.014705868173635728
2024-10-18,2024-10-21,2024-10-28,UEC,US,0.014925373134328358,1.0,-0.04744965097557596,-0.04744965097557596
2024-10-18,2024-10-21,2024-10-28,USA,US,0.014925373134328358,1.0,-0.016528926270766964,-0.016528926270766964
2024-10-18,2024-10-21,2024-10-28,USAR,US,0.014925373134328358,1.0,-0.00027822873834815187,-0.00027822873834815187
2024-10-18,2024-10-21,2024-10-28,VALE,US,0.014925373134328358,1.0,0.04162731987173873,0.04162731987173873
2024-10-18,2024-10-21,2024-10-28,WPM,US,0.014925373134328358,1.0,-0.0065779973066613096,-0.0065779973066613096
2024-10-18,2024-10-21,2024-10-28,WWR,US,0.014925373134328358,1.0,0.01639342660450316,0.01639342660450316
2024-10-18,2024-10-21,2024-10-28,2362.HK,HK,0.014925373134328358,0.5,-0.032786950921536606,-0.03299045491308217
2024-10-18,2024-10-21,2024-10-28,UUUU,US,0.014925373134328358,0.3333333333333333,-0.06484153924957237,-0.06484153924957237
2024-10-25,2024-10-28,2024-11-04,000408.SZ,CN_A,0.013888888888888888,1.0,0.03616576388225434,0.036165763882254565
2024-10-25,2024-10-28,2024-11-04,000630.SZ,CN_A,0.013888888888888888,1.0,-0.00280901939871947,0.00018614727413113208
2024-10-25,2024-10-28,2024-11-04,000792.SZ,CN_A,0.013888888888888888,1.0,0.01603090136719687,0.01603090136719687
2024-10-25,2024-10-28,2024-11-04,000807.SZ,CN_A,0.013888888888888888,1.0,0.012829138395100248,0.009941352216183086
2024-10-25,2024-10-28,2024-11-04,000831.SZ,CN_A,0.013888888888888888,1.0,0.12446217312740782,0.12446217312740782
2024-10-25,2024-10-28,2024-11-04,000933.SZ,CN_A,0.013888888888888888,1.0,0.033442909541688826,0.03308773528384035
2024-10-25,2024-10-28,2024-11-04,000970.SZ,CN_A,0.013888888888888888,1.0,0.05959593489010517,0.05959593489010495
2024-10-25,2024-10-28,2024-11-04,002155.SZ,CN_A,0.013888888888888888,1.0,0.01720058910011346,0.01720058910011346
2024-10-25,2024-10-28,2024-11-04,002340.SZ,CN_A,0.013888888888888888,1.0,0.0014005875355738162,-0.0005352920147182472
2024-10-25,2024-10-28,2024-11-04,002460.SZ,CN_A,0.013888888888888888,1.0,0.010216091826500184,0.009967448923475564
2024-10-25,2024-10-28,2024-11-04,002466.SZ,CN_A,0.013888888888888888,1.0,-0.02375171622770189,-0.02375171622770189
2024-10-25,2024-10-28,2024-11-04,0358.HK,HK,0.013888888888888888,1.0,-0.0554785665527483,-0.055676520113849715
2024-10-25,2024-10-28,2024-11-04,0815.HK,HK,0.013888888888888888,1.0,-0.04545459060957757,-0.04545459060957746
2024-10-25,2024-10-28,2024-11-04,1164.HK,HK,0.013888888888888888,1.0,-0.06091367476923448,-0.06091367476923448
2024-10-25,2024-10-28,2024-11-04,1378.HK,HK,0.013888888888888888,1.0,-0.009077090331233939,-0.009077090331233939
2024-10-25,2024-10-28,2024-11-04,1772.HK,HK,0.013888888888888888,1.0,0.0044844040913050165,0.0044844040913050165
2024-10-25,2024-10-28,2024-11-04,2237.HK,HK,0.013888888888888888,1.0,0.036585403970846864,0.036585403970846864
2024-10-25,2024-10-28,2024-11-04,2302.HK,HK,0.013888888888888888,1.0,-0.005524856784194343,-0.005524856784194343
2024-10-25,2024-10-28,2024-11-04,2600.HK,HK,0.013888888888888888,1.0,-0.1026548731553798,-0.10255799487574269
2024-10-25,2024-10-28,2024-11-04,300748.SZ,CN_A,0.013888888888888888,1.0,0.16713092313198485,0.16622146601934373
2024-10-25,2024-10-28,2024-11-04,300919.SZ,CN_A,0.013888888888888888,1.0,-0.016483498769159777,-0.016483498769159777
2024-10-25,2024-10-28,2024-11-04,3993.HK,HK,0.013888888888888888,1.0,0.014771107976952802,0.014771107976952802
2024-10-25,2024-10-28,2024-11-04,600111.SH,CN_A,0.013888888888888888,1.0,0.11814353228467511,0.11814353228467511
2024-10-25,2024-10-28,2024-11-04,600362.SH,CN_A,0.013888888888888888,1.0,-0.015907248947366504,-0.020871498647902498
2024-10-25,2024-10-28,2024-11-04,600366.SH,CN_A,0.013888888888888888,1.0,0.15873018175989562,0.15873018175989562
2024-10-25,2024-10-28,2024-11-04,600392.SH,CN_A,0.013888888888888888,1.0,0.24097562398770522,0.24034861012406572
2024-10-25,2024-10-28,2024-11-04,600516.SH,CN_A,0.013888888888888888,1.0,-0.0036429848662123954,-0.0036429848662122843
2024-10-25,2024-10-28,2024-11-04,600884.SH,CN_A,0.013888888888888888,1.0,0.020902043695698813,0.02090204369569859
2024-10-25,2024-10-28,2024-11-04,601020.SH,CN_A,0.013888888888888888,1.0,0.13290629705667945,0.13290629705667945
2024-10-25,2024-10-28,2024-11-04,601600.SH,CN_A,0.013888888888888888,1.0,-0.07692298763397765,-0.07692298763397765
2024-10-25,2024-10-28,2024-11-04,601985.SH,CN_A,0.013888888888888888,1.0,-0.027263806535624213,-0.027263806535624213
2024-10-25,2024-10-28,2024-11-04,603659.SH,CN_A,0.013888888888888888,1.0,-0.00292902974228082,-0.002929029742280931
2024-10-25,2024-10-28,2024-11-04,603799.SH,CN_A,0.013888888888888888,1.0,0.0015693691694895762,-0.00014547030701139718
2024-10-25,2024-10-28,2024-11-04,603993.SH,CN_A,0.013888888888888888,1.0,0.010100995456402195,0.010100995456402195
2024-10-25,2024-10-28,2024-11-04,6680.HK,HK,0.013888888888888888,1.0,0.20833326671369057,0.2076818907019613
2024-10-25,2024-10-28,2024-11-04,9696.HK,HK,0.013888888888888888,1.0,0.00557619407648402,0.00557619407648402
2024-10-25,2024-10-28,2024-11-04,AA,US,0.013888888888888888,1.0,-0.014040244277863212,-0.014040244277863212
2024-10-25,2024-10-28,2024-11-04,ALB,US,0.013888888888888888,1.0,0.024760498945883835,0.024760498945883835
2024-10-25,2024-10-28,2024-11-04,BHP,US,0.013888888888888888,1.0,-0.01750701763880136,-0.01750701763880136
2024-10-25,2024-10-28,2024-11-04,CCJ,US,0.013888888888888888,1.0,-0.07286558082750971,-0.07286558082750971
2024-10-25,2024-10-28,2024-11-04,CDE,US,0.013888888888888888,1.0,-0.10682487768742555,-0.10682487768742555
2024-10-25,2024-10-28,2024-11-04,CENX,US,0.013888888888888888,1.0,-0.03784962391855007,-0.03784962391855007
2024-10-25,2024-10-28,2024-11-04,DNN,US,0.013888888888888888,1.0,-0.07174891679918671,-0.07174891679918671
2024-10-25,2024-10-28,2024-11-04,FCX,US,0.013888888888888888,1.0,-0.009843807206929234,-0.009843807206929234
2024-10-25,2024-10-28,2024-11-04,GPHOF,US,0.013888888888888888,1.0,-0.052799987792968794,-0.052799987792968794
2024-10-25,2024-10-28,2024-11-04,KALU,US,0.013888888888888888,1.0,0.017089498495209243,0.017089498495209243
2024-10-25,2024-10-28,2024-11-04,LAC,US,0.013888888888888888,1.0,0.014492740269210325,0.014492740269210325
2024-10-25,2024-10-28,2024-11-04,MP,US,0.013888888888888888,1.0,-0.03336860110014017,-0.03336860110014017
2024-10-25,2024-10-28,2024-11-04,NMG,US,0.013888888888888888,1.0,-0.013986001160915085,-0.013986001160915085
2024-10-25,2024-10-28,2024-11-04,NXE,US,0.013888888888888888,1.0,-0.05913275666323525,-0.05913275666323525
2024-10-25,2024-10-28,2024-11-04,PAAS,US,0.013888888888888888,1.0,-0.06955810726652156,-0.06955810726652156
2024-10-25,2024-10-28,2024-11-04,SCCO,US,0.013888888888888888,1.0,-0.030485120552156353,-0.030485120552156353
2024-10-25,2024-10-28,2024-11-04,SGML,US,0.013888888888888888,1.0,-0.06998654009966343,-0.06998654009966343
2024-10-25,2024-10-28,2024-11-04,SQM,US,0.013888888888888888,1.0,-0.05424700392995385,-0.05424700392995385
2024-10-25,2024-10-28,2024-11-04,SVM,US,0.013888888888888888,1.0,-0.07581961763161704,-0.07581961763161704
2024-10-25,2024-10-28,2024-11-04,TLOFF,US,0.013888888888888888,1.0,-0.0937500058207662,-0.0937500058207662
2024-10-25,2024-10-28,2024-11-04,UAMY,US,0.013888888888888888,1.0,-0.0895522401337635,-0.0895522401337635
2024-10-25,2024-10-28,2024-11-04,UEC,US,0.013888888888888888,1.0,-0.09339969465793907,-0.09339969465793907
2024-10-25,2024-10-28,2024-11-04,USA,US,0.013888888888888888,1.0,-0.014005536062933976,-0.014005536062933976
2024-10-25,2024-10-28,2024-11-04,USAR,US,0.013888888888888888,1.0,0.0012062293858752238,0.0012062293858752238
2024-10-25,2024-10-28,2024-11-04,VALE,US,0.013888888888888888,1.0,-0.020890234014757647,-0.020890234014757647
2024-10-25,2024-10-28,2024-11-04,WPM,US,0.013888888888888888,1.0,-0.02377724518273583,-0.02377724518273583
2024-10-25,2024-10-28,2024-11-04,WWR,US,0.013888888888888888,1.0,-0.08064517989739162,-0.08064517989739162
2024-10-25,2024-10-28,2024-11-04,2362.HK,HK,0.013888888888888888,0.75,0.0,0.0
2024-10-25,2024-10-28,2024-11-04,ANGPY,US,0.013888888888888888,0.5,-0.0933885288736408,-0.0933885288736408
2024-10-25,2024-10-28,2024-11-04,IMPUY,US,0.013888888888888888,0.5,-0.033994272097983225,-0.033994272097983225
2024-10-25,2024-10-28,2024-11-04,NGLOY,US,0.013888888888888888,0.5,-0.031191492071578675,-0.031191492071578675
2024-10-25,2024-10-28,2024-11-04,PLG,US,0.013888888888888888,0.5,-0.15609753204200405,-0.15609753204200405
2024-10-25,2024-10-28,2024-11-04,SBSW,US,0.013888888888888888,0.5,-0.10119046286193778,-0.10119046286193778
2024-10-25,2024-10-28,2024-11-04,UUUU,US,0.013888888888888888,0.3333333333333333,-0.13251150801336264,-0.13251150801336264
2024-11-01,2024-11-04,2024-11-11,000408.SZ,CN_A,0.016129032258064516,1.0,0.028803775568828627,0.028803775568828627
2024-11-01,2024-11-04,2024-11-11,000792.SZ,CN_A,0.016129032258064516,1.0,0.05875951975076199,0.05875951975076199
2024-11-01,2024-11-04,2024-11-11,000807.SZ,CN_A,0.016129032258064516,1.0,0.05866666560806455,0.05866666560806477
2024-11-01,2024-11-04,2024-11-11,000831.SZ,CN_A,0.016129032258064516,1.0,0.02855452961875926,0.02855452961875926
2024-11-01,2024-11-04,2024-11-11,000933.SZ,CN_A,0.016129032258064516,1.0,0.012732129366419542,0.012732129366419542
2024-11-01,2024-11-04,2024-11-11,000970.SZ,CN_A,0.016129032258064516,1.0,0.15633933595203753,0.15633933595203753
2024-11-01,2024-11-04,2024-11-11,002340.SZ,CN_A,0.016129032258064516,1.0,0.06153844702561817,0.06153844702561817
2024-11-01,2024-11-04,2024-11-11,002460.SZ,CN_A,0.016129032258064516,1.0,0.14417789527640035,0.14417789527640035
2024-11-01,2024-11-04,2024-11-11,002466.SZ,CN_A,0.016129032258064516,1.0,0.1288361597460721,0.1288361597460721
2024-11-01,2024-11-04,2024-11-11,0815.HK,HK,0.016129032258064516,1.0,-0.14285710230976512,-0.14287126557926966
2024-11-01,2024-11-04,2024-11-11,1164.HK,HK,0.016129032258064516,1.0,-0.06486489456533617,-0.06452157862263908
2024-11-01,2024-11-04,2024-11-11,1378.HK,HK,0.016129032258064516,1.0,0.08854952038169506,0.08854952038169506
2024-11-01,2024-11-04,2024-11-11,1772.HK,HK,0.016129032258064516,1.0,0.07812487101381071,0.07812487101381071
2024-11-01,2024-11-04,2024-11-11,2237.HK,HK,0.016129032258064516,1.0,-0.05882354178643112,-0.05882354178643112
2024-11-01,2024-11-04,2024-11-11,2302.HK,HK,0.016129032258064516,1.0,-0.09444442310450929,-0.09444442310450929
2024-11-01,2024-11-04,2024-11-11,2362.HK,HK,0.016129032258064516,1.0,-0.03389827426361236,-0.03389827426361236
2024-11-01,2024-11-04,2024-11-11,2600.HK,HK,0.016129032258064516,1.0,0.08284010007472276,0.08284010007472276
2024-11-01,2024-11-04,2024-11-11,300748.SZ,CN_A,0.016129032258064516,1.0,0.076849456266596,0.076849456266596
2024-11-01,2024-11-04,2024-11-11,300919.SZ,CN_A,0.016129032258064516,1.0,0.18715093149667372,0.1871509314966735
2024-11-01,2024-11-04,2024-11-11,600111.SH,CN_A,0.016129032258064516,1.0,0.08301891914118276,0.08301891914118276
2024-11-01,2024-11-04,2024-11-11,600366.SH,CN_A,0.016129032258064516,1.0,0.0024907123730741887,0.0024907123730744107
2024-11-01,2024-11-04,2024-11-11,600392.SH,CN_A,0.016129032258064516,1.0,0.02515728087778335,0.025157280877783572
2024-11-01,2024-11-04,2024-11-11,600516.SH,CN_A,0.016129032258064516,1.0,0.029250437832051057,0.029250437832051057
2024-11-01,2024-11-04,2024-11-11,600884.SH,CN_A,0.016129032258064516,1.0,0.008620681681899223,0.008620681681899223
2024-11-01,2024-11-04,2024-11-11,601600.SH,CN_A,0.016129032258064516,1.0,0.05934337496205533,0.05934337496205533
2024-11-01,2024-11-04,2024-11-11,601985.SH,CN_A,0.016129032258064516,1.0,-0.008008042963172923,-0.008008042963172923
2024-11-01,2024-11-04,2024-11-11,603659.SH,CN_A,0.016129032258064516,1.0,0.22561689006885022,0.22561689006885022
2024-11-01,2024-11-04,2024-11-11,603799.SH,CN_A,0.016129032258064516,1.0,0.158257553857869,0.158257553857869
2024-11-01,2024-11-04,2024-11-11,6680.HK,HK,0.016129032258064516,1.0,0.06142249512452258,0.06142249512452236
2024-11-01,2024-11-04,2024-11-11,9696.HK,HK,0.016129032258064516,1.0,0.059149738506373284,0.059149738506373284
2024-11-01,2024-11-04,2024-11-11,AA,US,0.016129032258064516,1.0,0.06825435011663239,0.06825435011663239
2024-11-01,2024-11-04,2024-11-11,ALB,US,0.016129032258064516,1.0,0.0986377693013285,0.0986377693013285
2024-11-01,2024-11-04,2024-11-11,ANGPY,US,0.016129032258064516,1.0,-0.06563350294921089,-0.06563350294921089
2024-11-01,2024-11-04,2024-11-11,BHP,US,0.016129032258064516,1.0,-0.04615108095015774,-0.04615108095015774
2024-11-01,2024-11-04,2024-11-11,CCJ,US,0.016129032258064516,1.0,0.01818174467363809,0.01818174467363809
2024-11-01,2024-11-04,2024-11-11,CDE,US,0.016129032258064516,1.0,0.06312293359905485,0.06312293359905485
2024-11-01,2024-11-04,2024-11-11,CENX,US,0.016129032258064516,1.0,0.26339787290403716,0.26339787290403716
2024-11-01,2024-11-04,2024-11-11,DNN,US,0.016129032258064516,1.0,-0.014492740269210325,-0.014492740269210325
2024-11-01,2024-11-04,2024-11-11,GPHOF,US,0.016129032258064516,1.0,-0.05405406221758269,-0.05405406221758269
2024-11-01,2024-11-04,2024-11-11,IMPUY,US,0.016129032258064516,1.0,-0.09530793627005663,-0.09530793627005663
2024-11-01,2024-11-04,2024-11-11,KALU,US,0.016129032258064516,1.0,0.09305913929696707,0.09305913929696707
2024-11-01,2024-11-04,2024-11-11,LAC,US,0.016129032258064516,1.0,0.007142907421607392,0.007142907421607392
2024-11-01,2024-11-04,2024-11-11,MP,US,0.016129032258064516,1.0,0.11835615602258143,0.11835615602258143
2024-11-01,2024-11-04,2024-11-11,NGLOY,US,0.016129032258064516,1.0,-0.037990960328524115,-0.037990960328524115
2024-11-01,2024-11-04,2024-11-11,NMG,US,0.016129032258064516,1.0,-0.04255315191482678,-0.04255315191482678
2024-11-01,2024-11-04,2024-11-11,NXE,US,0.016129032258064516,1.0,0.01256985398127064,0.01256985398127064
2024-11-01,2024-11-04,2024-11-11,PAAS,US,0.016129032258064516,1.0,-0.04617412398285814,-0.04617412398285814
2024-11-01,2024-11-04,2024-11-11,PLG,US,0.016129032258064516,1.0,-0.06936416384124577,-0.06936416384124577
2024-11-01,2024-11-04,2024-11-11,SBSW,US,0.016129032258064516,1.0,-0.06843278848478496,-0.06843278848478496
2024-11-01,2024-11-04,2024-11-11,SGML,US,0.016129032258064516,1.0,-0.012301018816781362,-0.012301018816781362
2024-11-01,2024-11-04,2024-11-11,SQM,US,0.016129032258064516,1.0,-0.03924526060382294,-0.03924526060382294
2024-11-01,2024-11-04,2024-11-11,SVM,US,0.016129032258064516,1.0,-0.1352549542914454,-0.1352549542914454
2024-11-01,2024-11-04,2024-11-11,TLOFF,US,0.016129032258064516,1.0,0.05172419285802743,0.05172419285802743
2024-11-01,2024-11-04,2024-11-11,UEC,US,0.016129032258064516,1.0,0.05494500096186172,0.05494500096186172
2024-11-01,2024-11-04,2024-11-11,USA,US,0.016129032258064516,1.0,0.053977176504358404,0.053977176504358404
2024-11-01,2024-11-04,2024-11-11,USAR,US,0.016129032258064516,1.0,0.0004634026374972233,0.0004634026374972233
2024-11-01,2024-11-04,2024-11-11,VALE,US,0.016129032258064516,1.0,-0.05194794431216265,-0.05194794431216265
2024-11-01,2024-11-04,2024-11-11,WPM,US,0.016129032258064516,1.0,-0.06012027677075449,-0.06012027677075449
2024-11-01,2024-11-04,2024-11-11,WWR,US,0.016129032258064516,1.0,-0.017543843138140613,-0.017543843138140613
2024-11-01,2024-11-04,2024-11-11,UUUU,US,0.016129032258064516,0.3333333333333333,0.14031970618023282,0.14031970618023282
2024-11-08,2024-11-11,2024-11-18,000426.SZ,CN_A,0.02564102564102564,1.0,-0.10127483669044035,-0.10127483669044046
2024-11-08,2024-11-11,2024-11-18,000831.SZ,CN_A,0.02564102564102564,1.0,-0.12821979731881583,-0.12821979731881572
2024-11-08,2024-11-11,2024-11-18,000970.SZ,CN_A,0.02564102564102564,1.0,-0.14179714850698943,-0.14179714850698943
2024-11-08,2024-11-11,2024-11-18,0815.HK,HK,0.02564102564102564,1.0,-0.10370374417599171,-0.10370374417599182
2024-11-08,2024-11-11,2024-11-18,1164.HK,HK,0.02564102564102564,1.0,0.03468206334366197,0.03468206334366175
2024-11-08,2024-11-11,2024-11-18,2302.HK,HK,0.02564102564102564,1.0,0.06748467155024951,0.06796179110530343
2024-11-08,2024-11-11,2024-11-18,300748.SZ,CN_A,0.02564102564102564,1.0,-0.17686176110692609,-0.17686176110692609
2024-11-08,2024-11-11,2024-11-18,600111.SH,CN_A,0.02564102564102564,1.0,-0.11691839586897201,-0.11691839586897201
2024-11-08,2024-11-11,2024-11-18,600366.SH,CN_A,0.02564102564102564,1.0,-0.11180126661781642,-0.11180126661781642
2024-11-08,2024-11-11,2024-11-18,600392.SH,CN_A,0.02564102564102564,1.0,-0.12960115698872232,-0.12960115698872243
2024-11-08,2024-11-11,2024-11-18,601985.SH,CN_A,0.02564102564102564,1.0,0.008072689406770639,0.008072689406770639
2024-11-08,2024-11-11,2024-11-18,6680.HK,HK,0.02564102564102564,1.0,-0.18375635570759818,-0.18375635570759818
2024-11-08,2024-11-11,2024-11-18,AFMJF,US,0.02564102564102564,1.0,-0.034090859214155445,-0.034090859214155445
2024-11-08,2024-11-11,2024-11-18,ANGPY,US,0.02564102564102564,1.0,0.040650435263386964,0.040650435263386964
2024-11-08,2024-11-11,2024-11-18,CCJ,US,0.02564102564102564,1.0,0.07334873593966806,0.07334873593966806
2024-11-08,2024-11-11,2024-11-18,CDE,US,0.02564102564102564,1.0,0.021874928673818683,0.021874928673818683
2024-11-08,2024-11-11,2024-11-18,DNN,US,0.02564102564102564,1.0,0.1127451094972407,0.1127451094972407
2024-11-08,2024-11-11,2024-11-18,HBM,US,0.02564102564102564,1.0,0.01834863490778904,0.01834863490778904
2024-11-08,2024-11-11,2024-11-18,IMPUY,US,0.02564102564102564,1.0,0.01944894945030451,0.01944894945030451
2024-11-08,2024-11-11,2024-11-18,MLXEF,US,0.02564102564102564,1.0,0.0008229855911785489,0.0008229855911785489
2024-11-08,2024-11-11,2024-11-18,MP,US,0.02564102564102564,1.0,-0.10093089080564499,-0.10093089080564499
2024-11-08,2024-11-11,2024-11-18,NGLOY,US,0.02564102564102564,1.0,-0.012048193570338595,-0.012048193570338595
2024-11-08,2024-11-11,2024-11-18,NXE,US,0.02564102564102564,1.0,0.092413803626751,0.092413803626751
2024-11-08,2024-11-11,2024-11-18,PAAS,US,0.02564102564102564,1.0,0.051476521779504125,0.051476521779504125
2024-11-08,2024-11-11,2024-11-18,PLG,US,0.02564102564102564,1.0,0.1055900345181231,0.1055900345181231
2024-11-08,2024-11-11,2024-11-18,SBSW,US,0.02564102564102564,1.0,0.007109100348414721,0.007109100348414721
2024-11-08,2024-11-11,2024-11-18,SVM,US,0.02564102564102564,1.0,0.048717893885345864,0.048717893885345864
2024-11-08,2024-11-11,2024-11-18,UEC,US,0.02564102564102564,1.0,0.07812498932859535,0.07812498932859535
2024-11-08,2024-11-11,2024-11-18,USA,US,0.02564102564102564,1.0,-0.017823458825290128,-0.017823458825290128
2024-11-08,2024-11-11,2024-11-18,USAR,US,0.02564102564102564,1.0,-0.006947643236227319,-0.006947643236227319
2024-11-08,2024-11-11,2024-11-18,WPM,US,0.02564102564102564,1.0,-0.0011481201309520017,-0.0011481201309520017
2024-11-08,2024-11-11,2024-11-18,2362.HK,HK,0.02564102564102564,0.5,-0.1228070065365382,-0.12331993157253707
2024-11-08,2024-11-11,2024-11-18,2899.HK,HK,0.02564102564102564,0.5,-0.05941849666686827,-0.05941849666686827
2024-11-08,2024-11-11,2024-11-18,601168.SH,CN_A,0.02564102564102564,0.5,-0.07002174650693593,-0.07002174650693593
2024-11-08,2024-11-11,2024-11-18,601899.SH,CN_A,0.02564102564102564,0.5,-0.04845556630416681,-0.04845556630416692
2024-11-08,2024-11-11,2024-11-18,HL,US,0.02564102564102564,0.5,0.012544806562276856,0.012544806562276856
2024-11-08,2024-11-11,2024-11-18,NEXA,US,0.02564102564102564,0.5,-0.011673219559041992,-0.011673219559041992
2024-11-08,2024-11-11,2024-11-18,UUUU,US,0.02564102564102564,0.3333333333333333,0.13551399925548036,0.13551399925548036
2024-11-15,2024-11-18,2024-11-25,000426.SZ,CN_A,0.045454545454545456,1.0,0.0,0.0
2024-11-15,2024-11-18,2024-11-25,000960.SZ,CN_A,0.045454545454545456,1.0,-0.01613974959550679,-0.01613974959550668
2024-11-15,2024-11-18,2024-11-25,1164.HK,HK,0.045454545454545456,1.0,-0.016759768325152913,-0.016759768325152802
2024-11-15,2024-11-18,2024-11-25,2302.HK,HK,0.045454545454545456,1.0,-0.0747126405282259,-0.0747126405282259
2024-11-15,2024-11-18,2024-11-25,600961.SH,CN_A,0.045454545454545456,1.0,0.058465230207802366,0.058465230207802366
2024-11-15,2024-11-18,2024-11-25,601985.SH,CN_A,0.045454545454545456,1.0,-0.046046003182031,-0.04604600318203089
2024-11-15,2024-11-18,2024-11-25,AFMJF,US,0.045454545454545456,1.0,0.011764662389802671,0.011764662389802671
2024-11-15,2024-11-18,2024-11-25,CCJ,US,0.045454545454545456,1.0,0.03953481728453734,0.03953481728453734
2024-11-15,2024-11-18,2024-11-25,DNN,US,0.045454545454545456,1.0,0.02202641089709445,0.02202641089709445
2024-11-15,2024-11-18,2024-11-25,HBM,US,0.045454545454545456,1.0,0.018018028677821762,0.018018028677821762
2024-11-15,2024-11-18,2024-11-25,MLXEF,US,0.045454545454545456,1.0,-0.1776315525039981,-0.1776315525039981
2024-11-15,2024-11-18,2024-11-25,NXE,US,0.045454545454545456,1.0,0.05934346748753305,0.05934346748753305
2024-11-15,2024-11-18,2024-11-25,UEC,US,0.045454545454545456,1.0,-0.024154567115350467,-0.024154567115350467
2024-11-15,2024-11-18,2024-11-25,2899.HK,HK,0.045454545454545456,0.5,0.0053763634486516665,0.005689473512442422
2024-11-15,2024-11-18,2024-11-25,601168.SH,CN_A,0.045454545454545456,0.5,-0.012352899590078015,-0.012352899590077904
2024-11-15,2024-11-18,2024-11-25,601899.SH,CN_A,0.045454545454545456,0.5,-0.010184614525243663,-0.010184614525243552
2024-11-15,2024-11-18,2024-11-25,HL,US,0.045454545454545456,0.5,-0.038316488106898805,-0.038316488106898805
2024-11-15,2024-11-18,2024-11-25,NEXA,US,0.045454545454545456,0.5,-0.00918627792707194,-0.00918627792707194
2024-11-15,2024-11-18,2024-11-25,TECK,US,0.045454545454545456,0.5,0.0201429935341908,0.0201429935341908
2024-11-15,2024-11-18,2024-11-25,UUUU,US,0.045454545454545456,0.5,-0.045267479483247164,-0.045267479483247164
2024-11-15,2024-11-18,2024-11-25,600497.SH,CN_A,0.045454545454545456,0.4444444444444444,-0.032203373776982125,-0.032203373776982236
2024-11-22,2024-11-25,2024-12-02,000408.SZ,CN_A,0.024390243902439025,1.0,0.004950458704049643,0.005474686548528007
2024-11-22,2024-11-25,2024-12-02,000426.SZ,CN_A,0.024390243902439025,1.0,0.04412926367010295,0.04412926367010295
2024-11-22,2024-11-25,2024-12-02,000792.SZ,CN_A,0.024390243902439025,1.0,-0.01871217122511093,-0.017787668776990118
2024-11-22,2024-11-25,2024-12-02,000807.SZ,CN_A,0.024390243902439025,1.0,0.026865780635476844,0.026865780635476844
2024-11-22,2024-11-25,2024-12-02,000933.SZ,CN_A,0.024390243902439025,1.0,0.013715725093867093,0.01371572509386687
2024-11-22,2024-11-25,2024-12-02,000960.SZ,CN_A,0.024390243902439025,1.0,0.012303368971649187,0.005922517262806126
2024-11-22,2024-11-25,2024-12-02,002460.SZ,CN_A,0.024390243902439025,1.0,-0.014061342044562997,-0.014061342044562886
2024-11-22,2024-11-25,2024-12-02,002466.SZ,CN_A,0.024390243902439025,1.0,-0.05353159675575825,-0.06243506242628172
2024-11-22,2024-11-25,2024-12-02,1378.HK,HK,0.024390243902439025,1.0,-0.00512814267348749,-0.005128142673487379
2024-11-22,2024-11-25,2024-12-02,1772.HK,HK,0.024390243902439025,1.0,0.001984056007599655,0.001984056007599655
2024-11-22,2024-11-25,2024-12-02,2237.HK,HK,0.024390243902439025,1.0,-0.013888957875743513,-0.013888957875743624
2024-11-22,2024-11-25,2024-12-02,2600.HK,HK,0.024390243902439025,1.0,-0.012658202482513814,-0.012658202482513703
2024-11-22,2024-11-25,2024-12-02,600516.SH,CN_A,0.024390243902439025,1.0,0.021400810837653772,0.024203533431489843
2024-11-22,2024-11-25,2024-12-02,600884.SH,CN_A,0.024390243902439025,1.0,-0.024363158345532376,-0.024363158345532376
2024-11-22,2024-11-25,2024-12-02,600961.SH,CN_A,0.024390243902439025,1.0,0.0011507743802900983,0.0011507743802898762
2024-11-22,2024-11-25,2024-12-02,601600.SH,CN_A,0.024390243902439025,1.0,0.002641978815359769,0.0034447733196707464
2024-11-22,2024-11-25,2024-12-02,603659.SH,CN_A,0.024390243902439025,1.0,-0.04682924272488742,-0.04525688950230533
2024-11-22,2024-11-25,2024-12-02,9696.HK,HK,0.024390243902439025,1.0,-0.025179815640341552,-0.02517981564034144
2024-11-22,2024-11-25,2024-12-02,AA,US,0.024390243902439025,1.0,-0.032189775833223466,-0.032189775833223466
2024-11-22,2024-11-25,2024-12-02,AFMJF,US,0.024390243902439025,1.0,-0.04651161020406924,-0.04651161020406924
2024-11-22,2024-11-25,2024-12-02,ALB,US,0.024390243902439025,1.0,0.012002223999503903,0.012002223999503903
2024-11-22,2024-11-25,2024-12-02,CENX,US,0.024390243902439025,1.0,-0.024096362799380544,-0.024096362799380544
2024-11-22,2024-11-25,2024-12-02,GPHOF,US,0.024390243902439025,1.0,0.018181800448205276,0.018181800448205276
2024-11-22,2024-11-25,2024-12-02,HBM,US,0.024390243902439025,1.0,-0.03318597886502228,-0.03318597886502228
2024-11-22,2024-11-25,2024-12-02,KALU,US,0.024390243902439025,1.0,-0.0066842174033160395,-0.0066842174033160395
2024-11-22,2024-11-25,2024-12-02,LAC,US,0.024390243902439025,1.0,-0.022277206687900897,-0.022277206687900897
2024-11-22,2024-11-25,2024-12-02,MLXEF,US,0.024390243902439025,1.0,0.07599997520446777,0.07599997520446777
2024-11-22,2024-11-25,2024-12-02,NMG,US,0.024390243902439025,1.0,-0.023622025071121988,-0.023622025071121988
2024-11-22,2024-11-25,2024-12-02,SGML,US,0.024390243902439025,1.0,-0.05614036426209568,-0.05614036426209568
2024-11-22,2024-11-25,2024-12-02,SQM,US,0.024390243902439025,1.0,0.02574662132463046,0.02574662132463046
2024-11-22,2024-11-25,2024-12-02,WWR,US,0.024390243902439025,1.0,0.05454540134461583,0.05454540134461583
2024-11-22,2024-11-25,2024-12-02,2899.HK,HK,0.024390243902439025,0.5,-0.0066844993395170915,-0.0066844993395172025
2024-11-22,2024-11-25,2024-12-02,601168.SH,CN_A,0.024390243902439025,0.5,-0.000595639691793659,-0.000595639691793659
2024-11-22,2024-11-25,2024-12-02,601899.SH,CN_A,0.024390243902439025,0.5,0.0006431585537265416,0.0006431585537265416
2024-11-22,2024-11-25,2024-12-02,HL,US,0.024390243902439025,0.5,-0.0036901628857377577,-0.0036901628857377577
2024-11-22,2024-11-25,2024-12-02,NEXA,US,0.024390243902439025,0.5,0.005297979511410089,0.005297979511410089
2024-11-22,2024-11-25,2024-12-02,TECK,US,0.024390243902439025,0.5,-0.020594447710672648,-0.020594447710672648
2024-11-22,2024-11-25,2024-12-02,600497.SH,CN_A,0.024390243902439025,0.4444444444444444,0.042031392592575934,0.042031392592575934
2024-11-29,2024-12-02,2024-12-09,000408.SZ,CN_A,0.023809523809523808,1.0,-0.017593244879720027,-0.017593244879720027
2024-11-29,2024-12-02,2024-12-09,000426.SZ,CN_A,0.023809523809523808,1.0,-0.0015094761558673842,-0.0015094761558672731
2024-11-29,2024-12-02,2024-12-09,000792.SZ,CN_A,0.023809523809523808,1.0,-0.012899581784659997,-0.012899581784659886
2024-11-29,2024-12-02,2024-12-09,000960.SZ,CN_A,0.023809523809523808,1.0,-0.006076951094993621,-0.006076951094993621
2024-11-29,2024-12-02,2024-12-09,002460.SZ,CN_A,0.023809523809523808,1.0,-0.06037558815434252,-0.06037558815434241
2024-11-29,2024-12-02,2024-12-09,002466.SZ,CN_A,0.023809523809523808,1.0,-0.023304514837714563,-0.023304514837714452
2024-11-29,2024-12-02,2024-12-09,1164.HK,HK,0.023809523809523808,1.0,0.0116959240186294,0.0116959240186294
2024-11-29,2024-12-02,2024-12-09,1772.HK,HK,0.023809523809523808,1.0,-0.0831683227229928,-0.08272331421071011
2024-11-29,2024-12-02,2024-12-09,2237.HK,HK,0.023809523809523808,1.0,0.15492960229513142,0.15570487629168128
2024-11-29,2024-12-02,2024-12-09,2302.HK,HK,0.023809523809523808,1.0,-0.07142857649699375,-0.07107272326872849
2024-11-29,2024-12-02,2024-12-09,2899.HK,HK,0.023809523809523808,1.0,0.05518174364562234,0.05518174364562234
2024-11-29,2024-12-02,2024-12-09,600516.SH,CN_A,0.023809523809523808,1.0,0.001904806210460075,0.001904806210460075
2024-11-29,2024-12-02,2024-12-09,600531.SH,CN_A,0.023809523809523808,1.0,0.014555998246879476,0.014555998246879476
2024-11-29,2024-12-02,2024-12-09,600884.SH,CN_A,0.023809523809523808,1.0,-0.005675390278476189,-0.005675390278476189
2024-11-29,2024-12-02,2024-12-09,600961.SH,CN_A,0.023809523809523808,1.0,0.010344845351840659,0.010344845351840659
2024-11-29,2024-12-02,2024-12-09,601168.SH,CN_A,0.023809523809523808,1.0,-0.0023838573633386817,-0.0023838573633386817
2024-11-29,2024-12-02,2024-12-09,601899.SH,CN_A,0.023809523809523808,1.0,0.02056552676372192,0.02056552676372192
2024-11-29,2024-12-02,2024-12-09,601985.SH,CN_A,0.023809523809523808,1.0,0.05157886289772495,0.05157886289772495
2024-11-29,2024-12-02,2024-12-09,603659.SH,CN_A,0.023809523809523808,1.0,-0.046571182864688754,-0.046571182864688754
2024-11-29,2024-12-02,2024-12-09,9696.HK,HK,0.023809523809523808,1.0,-0.011070152774400377,-0.011198986327532578
2024-11-29,2024-12-02,2024-12-09,AFMJF,US,0.023809523809523808,1.0,-0.04878054816852695,-0.04878054816852695
2024-11-29,2024-12-02,2024-12-09,ALB,US,0.023809523809523808,1.0,-0.014734975601497724,-0.014734975601497724
2024-11-29,2024-12-02,2024-12-09,CCJ,US,0.023809523809523808,1.0,-0.02226759510791443,-0.02226759510791443
2024-11-29,2024-12-02,2024-12-09,DNN,US,0.023809523809523808,1.0,-0.04366808135300149,-0.04366808135300149
2024-11-29,2024-12-02,2024-12-09,GPHOF,US,0.023809523809523808,1.0,-0.05357148369051945,-0.05357148369051945
2024-11-29,2024-12-02,2024-12-09,HBM,US,0.023809523809523808,1.0,0.05263174000656168,0.05263174000656168
2024-11-29,2024-12-02,2024-12-09,HL,US,0.023809523809523808,1.0,0.08703700899649736,0.08703700899649736
2024-11-29,2024-12-02,2024-12-09,LAC,US,0.023809523809523808,1.0,-0.08354434383314657,-0.08354434383314657
2024-11-29,2024-12-02,2024-12-09,MLXEF,US,0.023809523809523808,1.0,-0.033457262250028874,-0.033457262250028874
2024-11-29,2024-12-02,2024-12-09,NEXA,US,0.023809523809523808,1.0,0.07378120869688298,0.07378120869688298
2024-11-29,2024-12-02,2024-12-09,NMG,US,0.023809523809523808,1.0,0.10483870502565207,0.10483870502565207
2024-11-29,2024-12-02,2024-12-09,NXE,US,0.023809523809523808,1.0,-0.029197109508376284,-0.029197109508376284
2024-11-29,2024-12-02,2024-12-09,SGML,US,0.023809523809523808,1.0,-0.08475832013492968,-0.08475832013492968
2024-11-29,2024-12-02,2024-12-09,SQM,US,0.023809523809523808,1.0,0.013303208549054979,0.013303208549054979
2024-11-29,2024-12-02,2024-12-09,TECK,US,0.023809523809523808,1.0,0.014307484098844192,0.014307484098844192
2024-11-29,2024-12-02,2024-12-09,UEC,US,0.023809523809523808,1.0,-0.011111129425843358,-0.011111129425843358
2024-11-29,2024-12-02,2024-12-09,WWR,US,0.023809523809523808,1.0,0.034482829494228984,0.034482829494228984
2024-11-29,2024-12-02,2024-12-09,600497.SH,CN_A,0.023809523809523808,0.8888888888888888,0.03193284379186645,0.03193284379186667
2024-11-29,2024-12-02,2024-12-09,UUUU,US,0.023809523809523808,0.5,-0.0938834003629796,-0.0938834003629796
2024-12-06,2024-12-09,2024-12-16,000408.SZ,CN_A,0.02857142857142857,1.0,-0.028653267936037508,-0.028653267936037508
2024-12-06,2024-12-09,2024-12-16,000792.SZ,CN_A,0.02857142857142857,1.0,-0.06022724107769961,-0.06022724107769972
2024-12-06,2024-12-09,2024-12-16,000807.SZ,CN_A,0.02857142857142857,1.0,0.06069369653940515,0.06069369653940515
2024-12-06,2024-12-09,2024-12-16,000933.SZ,CN_A,0.02857142857142857,1.0,0.03489082172791469,0.03489082172791447
2024-12-06,2024-12-09,2024-12-16,002460.SZ,CN_A,0.02857142857142857,1.0,-0.05691881993036396,-0.05691881993036396
2024-12-06,2024-12-09,2024-12-16,002466.SZ,CN_A,0.02857142857142857,1.0,-0.05603217681868766,-0.05603217681868766
2024-12-06,2024-12-09,2024-12-16,1164.HK,HK,0.02857142857142857,1.0,-0.06358380583873235,-0.06358380583873247
2024-12-06,2024-12-09,2024-12-16,1378.HK,HK,0.02857142857142857,1.0,-0.06410253194370785,-0.06410253194370796
2024-12-06,2024-12-09,2024-12-16,1772.HK,HK,0.02857142857142857,1.0,-0.08639308334137652,-0.08639308334137663
2024-12-06,2024-12-09,2024-12-16,2237.HK,HK,0.02857142857142857,1.0,-0.03658533128225516,-0.03658533128225516
2024-12-06,2024-12-09,2024-12-16,2302.HK,HK,0.02857142857142857,1.0,-0.025641002128344415,-0.025641002128344303
2024-12-06,2024-12-09,2024-12-16,2600.HK,HK,0.02857142857142857,1.0,-0.0802469542176012,-0.08004956638979344
2024-12-06,2024-12-09,2024-12-16,600516.SH,CN_A,0.02857142857142857,1.0,-0.0247148564183014,-0.0247148564183014
2024-12-06,2024-12-09,2024-12-16,600884.SH,CN_A,0.02857142857142857,1.0,-0.05251141850776975,-0.05251141850776975
2024-12-06,2024-12-09,2024-12-16,601600.SH,CN_A,0.02857142857142857,1.0,-0.024869130934504935,-0.024869130934504935
2024-12-06,2024-12-09,2024-12-16,601985.SH,CN_A,0.02857142857142857,1.0,-0.0010009994420722146,-0.0010009994420723256
2024-12-06,2024-12-09,2024-12-16,603659.SH,CN_A,0.02857142857142857,1.0,-0.07031663823861578,-0.07031663823861578
2024-12-06,2024-12-09,2024-12-16,9696.HK,HK,0.02857142857142857,1.0,-0.08395522627062513,-0.08395522627062513
2024-12-06,2024-12-09,2024-12-16,AA,US,0.02857142857142857,1.0,-0.08406755097707996,-0.08406755097707996
2024-12-06,2024-12-09,2024-12-16,ALB,US,0.02857142857142857,1.0,-0.0887124685128251,-0.0887124685128251
2024-12-06,2024-12-09,2024-12-16,CCJ,US,0.02857142857142857,1.0,-0.05789296336335281,-0.05789296336335281
2024-12-06,2024-12-09,2024-12-16,CENX,US,0.02857142857142857,1.0,-0.08145812429681543,-0.08145812429681543
2024-12-06,2024-12-09,2024-12-16,DNN,US,0.02857142857142857,1.0,-0.06392698687043075,-0.06392698687043075
2024-12-06,2024-12-09,2024-12-16,GPHOF,US,0.02857142857142857,1.0,-0.04528300061943846,-0.04528300061943846
2024-12-06,2024-12-09,2024-12-16,KALU,US,0.02857142857142857,1.0,-0.057777832382825633,-0.057777832382825633
2024-12-06,2024-12-09,2024-12-16,LAC,US,0.02857142857142857,1.0,-0.10497234476117967,-0.10497234476117967
2024-12-06,2024-12-09,2024-12-16,NMG,US,0.02857142857142857,1.0,-0.036496315432303805,-0.036496315432303805
2024-12-06,2024-12-09,2024-12-16,NXE,US,0.02857142857142857,1.0,-0.07518795779429477,-0.07518795779429477
2024-12-06,2024-12-09,2024-12-16,SGML,US,0.02857142857142857,1.0,-0.05686439797548348,-0.05686439797548348
2024-12-06,2024-12-09,2024-12-16,SQM,US,0.02857142857142857,1.0,-0.07158778086834028,-0.07158778086834028
2024-12-06,2024-12-09,2024-12-16,UEC,US,0.02857142857142857,1.0,-0.03995008271130196,-0.03995008271130196
2024-12-06,2024-12-09,2024-12-16,WWR,US,0.02857142857142857,1.0,-0.06666669978035689,-0.06666669978035689
2024-12-06,2024-12-09,2024-12-16,UUUU,US,0.02857142857142857,0.5,-0.08477236602110749,-0.08477236602110749
2024-12-13,2024-12-16,2024-12-23,002340.SZ,CN_A,0.06666666666666667,1.0,-0.011958091803912385,-0.011958091803912385
2024-12-13,2024-12-16,2024-12-23,1164.HK,HK,0.06666666666666667,1.0,0.0,0.00011720274416049392
2024-12-13,2024-12-16,2024-12-23,2302.HK,HK,0.06666666666666667,1.0,0.07894737254879813,0.07894737254879813
2024-12-13,2024-12-16,2024-12-23,300919.SZ,CN_A,0.06666666666666667,1.0,-0.015641711299268946,-0.015641711299268835
2024-12-13,2024-12-16,2024-12-23,601985.SH,CN_A,0.06666666666666667,1.0,0.03507018304180032,0.03507018304180032
2024-12-13,2024-12-16,2024-12-23,603799.SH,CN_A,0.06666666666666667,1.0,-0.018719224584908267,-0.018719224584908267
2024-12-13,2024-12-16,2024-12-23,BHP,US,0.06666666666666667,1.0,-0.03326154366928513,-0.03326154366928513
2024-12-13,2024-12-16,2024-12-23,CCJ,US,0.06666666666666667,1.0,-0.019376248106482308,-0.019376248106482308
2024-12-13,2024-12-16,2024-12-23,DNN,US,0.06666666666666667,1.0,-0.04878044241882984,-0.04878044241882984
2024-12-13,2024-12-16,2024-12-23,NXE,US,0.06666666666666667,1.0,-0.05149052961359002,-0.05149052961359002
2024-12-13,2024-12-16,2024-12-23,TLOFF,US,0.06666666666666667,1.0,-0.0895522401337635,-0.0895522401337635
2024-12-13,2024-12-16,2024-12-23,UEC,US,0.06666666666666667,1.0,-0.06371914750445817,-0.06371914750445817
2024-12-13,2024-12-16,2024-12-23,VALE,US,0.06666666666666667,1.0,-0.017582492537074446,-0.017582492537074446
2024-12-13,2024-12-16,2024-12-23,2362.HK,HK,0.06666666666666667,0.5,0.01886802001456611,0.01886802001456611
2024-12-13,2024-12-16,2024-12-23,UUUU,US,0.06666666666666667,0.5,-0.07375640376771697,-0.07375640376771697
2024-12-20,2024-12-23,2024-12-30,002340.SZ,CN_A,0.14285714285714285,1.0,0.015128523022045703,0.015128523022045703
2024-12-20,2024-12-23,2024-12-30,300919.SZ,CN_A,0.14285714285714285,1.0,0.007541044953806475,0.007541044953806475
2024-12-20,2024-12-23,2024-12-30,603799.SH,CN_A,0.14285714285714285,1.0,0.009370862091342413,0.009370862091342413
2024-12-20,2024-12-23,2024-12-30,BHP,US,0.14285714285714285,1.0,-0.012750521932404335,-0.012750521932404335
2024-12-20,2024-12-23,2024-12-30,TLOFF,US,0.14285714285714285,1.0,0.01639342660450316,0.01639342660450316
2024-12-20,2024-12-23,2024-12-30,VALE,US,0.14285714285714285,1.0,-0.008948433758449004,-0.008948433758449004
2024-12-20,2024-12-23,2024-12-30,2362.HK,HK,0.14285714285714285,0.5,-0.01851861050099135,-0.01851861050099135
2024-12-27,2024-12-30,2025-01-06,002340.SZ,CN_A,0.14285714285714285,1.0,-0.05961253403744704,-0.055988955847758426
2024-12-27,2024-12-30,2025-01-06,300919.SZ,CN_A,0.14285714285714285,1.0,-0.08901363808516793,-0.08901363808516793
2024-12-27,2024-12-30,2025-01-06,603799.SH,CN_A,0.14285714285714285,1.0,-0.06332889795531493,-0.06457762482863338
2024-12-27,2024-12-30,2025-01-06,BHP,US,0.14285714285714285,1.0,-0.005944991461426463,-0.005944991461426463
2024-12-27,2024-12-30,2025-01-06,TLOFF,US,0.14285714285714285,1.0,0.048387050256521125,0.048387050256521125
2024-12-27,2024-12-30,2025-01-06,VALE,US,0.14285714285714285,1.0,-0.027088120138277882,-0.027088120138277882
2024-12-27,2024-12-30,2025-01-06,2362.HK,HK,0.14285714285714285,0.5,-0.03773581510593205,-0.037384938737123785
2025-01-03,2025-01-06,2025-01-13,002340.SZ,CN_A,0.14285714285714285,1.0,0.006339191768510499,0.006339191768510499
2025-01-03,2025-01-06,2025-01-13,300919.SZ,CN_A,0.14285714285714285,1.0,0.002640811120538711,0.002640811120538711
2025-01-03,2025-01-06,2025-01-13,603799.SH,CN_A,0.14285714285714285,1.0,0.009557513633619896,0.009557513633619674
2025-01-03,2025-01-06,2025-01-13,BHP,US,0.14285714285714285,1.0,0.01670448049931439,0.01670448049931439
2025-01-03,2025-01-06,2025-01-13,TLOFF,US,0.14285714285714285,1.0,-0.09230769936149663,-0.09230769936149663
2025-01-03,2025-01-06,2025-01-13,VALE,US,0.14285714285714285,1.0,-0.012760938945029943,-0.012760938945029943
2025-01-03,2025-01-06,2025-01-13,2362.HK,HK,0.14285714285714285,0.5,0.0,0.0
2025-01-10,2025-01-13,2025-01-20,002340.SZ,CN_A,0.14285714285714285,1.0,0.028346478318854063,0.028346478318854063
2025-01-10,2025-01-13,2025-01-20,300919.SZ,CN_A,0.14285714285714285,1.0,0.02633901397613747,0.02633901397613747
2025-01-10,2025-01-13,2025-01-20,603799.SH,CN_A,0.14285714285714285,1.0,0.043127606999299406,0.04312760699929963
2025-01-10,2025-01-13,2025-01-21,BHP,US,0.14285714285714285,1.0,0.016632776841558394,0.016632776841558394
2025-01-10,2025-01-13,2025-01-21,TLOFF,US,0.14285714285714285,1.0,0.0,0.0
2025-01-10,2025-01-13,2025-01-21,VALE,US,0.14285714285714285,1.0,0.05522909433814105,0.05522909433814105
2025-01-10,2025-01-13,2025-01-20,2362.HK,HK,0.14285714285714285,0.5,0.05882359128509962,0.0588235912850994
2025-01-24,2025-01-27,2025-02-05,000807.SZ,CN_A,0.125,1.0,-0.003640650922249078,-0.003640650922248856
2025-01-24,2025-01-27,2025-02-05,000933.SZ,CN_A,0.125,1.0,-0.035192168076203734,-0.035192168076203845
2025-01-24,2025-01-27,2025-02-03,1378.HK,HK,0.125,1.0,-0.04023844288188083,-0.04023844288188094
2025-01-24,2025-01-27,2025-02-03,2600.HK,HK,0.125,1.0,-0.02772284755126464,-0.02772284755126464
2025-01-24,2025-01-27,2025-02-05,601600.SH,CN_A,0.125,1.0,0.010309205073045558,0.010309205073045558
2025-01-24,2025-01-27,2025-02-03,AA,US,0.125,1.0,-0.024592558766415085,-0.024592558766415085
2025-01-24,2025-01-27,2025-02-03,CENX,US,0.125,1.0,0.08802390695793894,0.08802390695793894
2025-01-24,2025-01-27,2025-02-03,KALU,US,0.125,1.0,-0.012135892608756582,-0.012135892608756582
2025-01-31,2025-02-05,2025-02-10,000807.SZ,CN_A,0.043478260869565216,1.0,0.02375133362812365,0.023751333628123428
2025-01-31,2025-02-05,2025-02-10,000933.SZ,CN_A,0.043478260869565216,1.0,0.007295166335047565,0.007295166335047565
2025-01-31,2025-02-05,2025-02-10,002340.SZ,CN_A,0.043478260869565216,1.0,0.03432144226931011,0.03432144226931011
2025-01-31,2025-02-03,2025-02-10,1164.HK,HK,0.043478260869565216,1.0,-0.006172885529628691,-0.00617288552962858
2025-01-31,2025-02-03,2025-02-10,1378.HK,HK,0.043478260869565216,1.0,0.02639755717267911,0.02639755717267911
2025-01-31,2025-02-03,2025-02-10,2302.HK,HK,0.043478260869565216,1.0,-0.02453985396935121,-0.02453985396935121
2025-01-31,2025-02-03,2025-02-10,2600.HK,HK,0.043478260869565216,1.0,0.036660009269312566,0.036660009269312566
2025-01-31,2025-02-05,2025-02-10,300919.SZ,CN_A,0.043478260869565216,1.0,0.05002973224764795,0.05002973224764795
2025-01-31,2025-02-05,2025-02-10,601600.SH,CN_A,0.043478260869565216,1.0,0.0051020363294735915,0.0051020363294735915
2025-01-31,2025-02-05,2025-02-10,601985.SH,CN_A,0.043478260869565216,1.0,0.010330561908634683,0.010330561908634683
2025-01-31,2025-02-05,2025-02-10,603799.SH,CN_A,0.043478260869565216,1.0,0.021915082101732652,0.021915082101732875
2025-01-31,2025-02-03,2025-02-10,AA,US,0.043478260869565216,1.0,0.08238054189627109,0.08238054189627109
2025-01-31,2025-02-03,2025-02-10,BHP,US,0.043478260869565216,1.0,0.04160681104454045,0.04160681104454045
2025-01-31,2025-02-03,2025-02-10,CCJ,US,0.043478260869565216,1.0,0.061327742479174274,0.061327742479174274
2025-01-31,2025-02-03,2025-02-10,CENX,US,0.043478260869565216,1.0,0.13373694523789004,0.13373694523789004
2025-01-31,2025-02-03,2025-02-10,DNN,US,0.043478260869565216,1.0,0.028571401323590928,0.028571401323590928
2025-01-31,2025-02-03,2025-02-10,KALU,US,0.043478260869565216,1.0,0.04653856783711974,0.04653856783711974
2025-01-31,2025-02-03,2025-02-10,NXE,US,0.043478260869565216,1.0,0.028436067511102836,0.028436067511102836
2025-01-31,2025-02-03,2025-02-10,TLOFF,US,0.043478260869565216,1.0,0.0,0.0
2025-01-31,2025-02-03,2025-02-10,UEC,US,0.043478260869565216,1.0,0.007278048263139603,0.007278048263139603
2025-01-31,2025-02-03,2025-02-10,VALE,US,0.043478260869565216,1.0,0.02136765641063132,0.02136765641063132
2025-01-31,2025-02-03,2025-02-10,2362.HK,HK,0.043478260869565216,0.5,0.05882359128509962,0.0588235912850994
2025-01-31,2025-02-03,2025-02-10,UUUU,US,0.043478260869565216,0.5,-0.034285681588309136,-0.034285681588309136
2025-02-07,2025-02-10,2025-02-17,000807.SZ,CN_A,0.05263157894736842,1.0,-0.04223659616272468,-0.04223659616272468
2025-02-07,2025-02-10,2025-02-17,000933.SZ,CN_A,0.05263157894736842,1.0,-0.03175497142959938,-0.03175497142959949
2025-02-07,2025-02-10,2025-02-17,0815.HK,HK,0.05263157894736842,1.0,0.05084751242024477,0.050847512420244545
2025-02-07,2025-02-10,2025-02-17,1378.HK,HK,0.05263157894736842,1.0,-0.07413015259518119,-0.07463861980460496
2025-02-07,2025-02-10,2025-02-17,2600.HK,HK,0.05263157894736842,1.0,-0.06286846679509295,-0.06286846679509295
2025-02-07,2025-02-10,2025-02-17,601600.SH,CN_A,0.05263157894736842,1.0,-0.04949237373152804,-0.04891784751572714
2025-02-07,2025-02-10,2025-02-18,AA,US,0.05263157894736842,1.0,0.0024377302694500447,0.0024377302694500447
2025-02-07,2025-02-10,2025-02-18,ANGPY,US,0.05263157894736842,1.0,0.0034305155708631574,0.0034305155708631574
2025-02-07,2025-02-10,2025-02-18,CDE,US,0.05263157894736842,1.0,-0.08534858589739458,-0.08534858589739458
2025-02-07,2025-02-10,2025-02-18,CENX,US,0.05263157894736842,1.0,0.05970871453685733,0.05970871453685733
2025-02-07,2025-02-10,2025-02-18,IMPUY,US,0.05263157894736842,1.0,-0.00728594645499181,-0.00728594645499181
2025-02-07,2025-02-10,2025-02-18,KALU,US,0.05263157894736842,1.0,-0.015329289200942564,-0.015329289200942564
2025-02-07,2025-02-10,2025-02-18,NGLOY,US,0.05263157894736842,1.0,0.0007088164336590541,0.0007088164336590541
2025-02-07,2025-02-10,2025-02-18,PAAS,US,0.05263157894736842,1.0,-0.019864973960625698,-0.019864973960625698
2025-02-07,2025-02-10,2025-02-18,PLG,US,0.05263157894736842,1.0,0.014492739851898806,0.014492739851898806
2025-02-07,2025-02-10,2025-02-18,SBSW,US,0.05263157894736842,1.0,-0.042499994939907304,-0.042499994939907304
2025-02-07,2025-02-10,2025-02-18,SVM,US,0.05263157894736842,1.0,0.1036585134440009,0.1036585134440009
2025-02-07,2025-02-10,2025-02-18,WPM,US,0.05263157894736842,1.0,0.015516569076825082,0.015516569076825082
2025-02-07,2025-02-10,2025-02-17,2362.HK,HK,0.05263157894736842,0.5,-0.03703711062301529,-0.03703711062301529
2025-02-14,2025-02-17,2025-02-24,000630.SZ,CN_A,0.03333333333333333,1.0,-0.018126784421320763,-0.018126784421320763
2025-02-14,2025-02-17,2025-02-24,000807.SZ,CN_A,0.03333333333333333,1.0,0.01055887649456122,0.01055887649456122
2025-02-14,2025-02-17,2025-02-24,000933.SZ,CN_A,0.03333333333333333,1.0,0.033371704962620985,0.033371704962620985
2025-02-14,2025-02-17,2025-02-24,002155.SZ,CN_A,0.03333333333333333,1.0,0.0028818279511657607,0.0028818279511657607
2025-02-14,2025-02-17,2025-02-24,0358.HK,HK,0.03333333333333333,1.0,-0.0187206743534718,-0.0187206743534718
2025-02-14,2025-02-17,2025-02-24,0815.HK,HK,0.03333333333333333,1.0,-0.0483871463930442,-0.04838714639304409
2025-02-14,2025-02-17,2025-02-24,1378.HK,HK,0.03333333333333333,1.0,0.02450985839324682,0.02450985839324682
2025-02-14,2025-02-17,2025-02-24,2600.HK,HK,0.03333333333333333,1.0,0.02725378916700527,0.027273555286459583
2025-02-14,2025-02-17,2025-02-24,3993.HK,HK,0.03333333333333333,1.0,-0.024221496485371752,-0.024221496485371752
2025-02-14,2025-02-17,2025-02-24,600362.SH,CN_A,0.03333333333333333,1.0,-0.015023517842844614,-0.015023517842844503
2025-02-14,2025-02-17,2025-02-24,601020.SH,CN_A,0.03333333333333333,1.0,0.11680472796495134,0.11680472796495156
2025-02-14,2025-02-17,2025-02-24,601600.SH,CN_A,0.03333333333333333,1.0,0.026702245990865903,0.026702245990865903
2025-02-14,2025-02-17,2025-02-24,603993.SH,CN_A,0.03333333333333333,1.0,-0.022598768468130137,-0.022598768468130248
2025-02-14,2025-02-18,2025-02-24,AA,US,0.03333333333333333,1.0,-0.05376901062934247,-0.05376901062934247
2025-02-14,2025-02-18,2025-02-24,ANGPY,US,0.03333333333333333,1.0,-0.07692294819532597,-0.07692294819532597
2025-02-14,2025-02-18,2025-02-24,CDE,US,0.03333333333333333,1.0,-0.16951784842876472,-0.16951784842876472
2025-02-14,2025-02-18,2025-02-24,CENX,US,0.03333333333333333,1.0,-0.1502519788414487,-0.1502519788414487
2025-02-14,2025-02-18,2025-02-24,FCX,US,0.03333333333333333,1.0,-0.05572499093807559,-0.05572499093807559
2025-02-14,2025-02-18,2025-02-24,IMPUY,US,0.03333333333333333,1.0,-0.04036699422888079,-0.04036699422888079
2025-02-14,2025-02-18,2025-02-24,KALU,US,0.03333333333333333,1.0,-0.026086893569105207,-0.026086893569105207
2025-02-14,2025-02-18,2025-02-24,NGLOY,US,0.03333333333333333,1.0,-0.03168065086043059,-0.03168065086043059
2025-02-14,2025-02-18,2025-02-24,PAAS,US,0.03333333333333333,1.0,-0.0016213004523875085,-0.0016213004523875085
2025-02-14,2025-02-18,2025-02-24,PLG,US,0.03333333333333333,1.0,-0.09999999148505057,-0.09999999148505057
2025-02-14,2025-02-18,2025-02-24,SBSW,US,0.03333333333333333,1.0,-0.06788516934107325,-0.06788516934107325
2025-02-14,2025-02-18,2025-02-24,SCCO,US,0.03333333333333333,1.0,-0.04649493468696009,-0.04649493468696009
2025-02-14,2025-02-18,2025-02-24,SVM,US,0.03333333333333333,1.0,0.022099462493406108,0.022099462493406108
2025-02-14,2025-02-18,2025-02-24,UAMY,US,0.03333333333333333,1.0,-0.1803278880745961,-0.1803278880745961
2025-02-14,2025-02-18,2025-02-24,WPM,US,0.03333333333333333,1.0,0.0018915976032831683,0.0018915976032831683
2025-02-14,2025-02-17,2025-02-24,2362.HK,HK,0.03333333333333333,0.5,-0.01923075159625831,-0.019897382389702956
2025-02-14,2025-02-17,2025-02-24,600497.SH,CN_A,0.03333333333333333,0.1111111111111111,0.0,0.0
2025-02-21,2025-02-24,2025-03-03,000630.SZ,CN_A,0.03571428571428571,1.0,-0.0030769565144340705,-0.0030769565144340705
2025-02-21,2025-02-24,2025-03-03,002155.SZ,CN_A,0.03571428571428571,1.0,0.02701144273494549,0.027011442734945712
2025-02-21,2025-02-24,2025-03-03,002340.SZ,CN_A,0.03571428571428571,1.0,0.0,0.0
2025-02-21,2025-02-24,2025-03-03,0358.HK,HK,0.03571428571428571,1.0,-0.02384736284535427,-0.02382868961944784
2025-02-21,2025-02-24,2025-03-03,0815.HK,HK,0.03571428571428571,1.0,-0.050847411395418596,-0.05083530339674913
2025-02-21,2025-02-24,2025-03-03,300919.SZ,CN_A,0.03571428571428571,1.0,0.04048583637135916,0.04048583637135916
2025-02-21,2025-02-24,2025-03-03,3993.HK,HK,0.03571428571428571,1.0,-0.06914889000765767,-0.06931657135118408
2025-02-21,2025-02-24,2025-03-03,600362.SH,CN_A,0.03571428571428571,1.0,-0.003813095677933309,-0.00381309567793342
2025-02-21,2025-02-24,2025-03-03,601020.SH,CN_A,0.03571428571428571,1.0,0.060054061407241344,0.060054061407241344
2025-02-21,2025-02-24,2025-03-03,603799.SH,CN_A,0.03571428571428571,1.0,0.13941360835086924,0.13941360835086902
2025-02-21,2025-02-24,2025-03-03,603993.SH,CN_A,0.03571428571428571,1.0,-0.026011612404264084,-0.026011612404263973
2025-02-21,2025-02-24,2025-03-03,BHP,US,0.03571428571428571,1.0,-0.04404000223375504,-0.04404000223375504
2025-02-21,2025-02-24,2025-03-03,CDE,US,0.03571428571428571,1.0,-0.037453190216900634,-0.037453190216900634
2025-02-21,2025-02-24,2025-03-03,FCX,US,0.03571428571428571,1.0,-0.042576238016136636,-0.042576238016136636
2025-02-21,2025-02-24,2025-03-03,PAAS,US,0.03571428571428571,1.0,-0.041042852748843006,-0.041042852748843006
2025-02-21,2025-02-24,2025-03-03,SCCO,US,0.03571428571428571,1.0,-0.0666307239073447,-0.0666307239073447
2025-02-21,2025-02-24,2025-03-03,SVM,US,0.03571428571428571,1.0,-0.04864866473611684,-0.04864866473611684
2025-02-21,2025-02-24,2025-03-03,TLOFF,US,0.03571428571428571,1.0,-0.017857125751218117,-0.017857125751218117
2025-02-21,2025-02-24,2025-03-03,UAMY,US,0.03571428571428571,1.0,-0.14000002543131507,-0.14000002543131507
2025-02-21,2025-02-24,2025-03-03,VALE,US,0.03571428571428571,1.0,-0.058174518249393015,-0.058174518249393015
2025-02-21,2025-02-24,2025-03-03,WPM,US,0.03571428571428571,1.0,-0.0015976293256665386,-0.0015976293256665386
2025-02-21,2025-02-24,2025-03-03,2362.HK,HK,0.03571428571428571,0.75,0.05882359128509962,0.05882359128509962
2025-02-21,2025-02-24,2025-03-03,ANGPY,US,0.03571428571428571,0.5,-0.027777895281564935,-0.027777895281564935
2025-02-21,2025-02-24,2025-03-03,IMPUY,US,0.03571428571428571,0.5,-0.04206494029773389,-0.04206494029773389
2025-02-21,2025-02-24,2025-03-03,NGLOY,US,0.03571428571428571,0.5,-0.02114640095384135,-0.02114640095384135
2025-02-21,2025-02-24,2025-03-03,PLG,US,0.03571428571428571,0.5,-0.08730159931562509,-0.08730159931562509
2025-02-21,2025-02-24,2025-03-03,SBSW,US,0.03571428571428571,0.5,-0.09523801997105008,-0.09523801997105008
2025-02-21,2025-02-24,2025-03-03,600497.SH,CN_A,0.03571428571428571,0.1111111111111111,0.0018147865794826412,0.0018147865794826412
2025-02-28,2025-03-03,2025-03-10,000630.SZ,CN_A,0.03333333333333333,1.0,0.04012350761439332,0.04012350761439332
2025-02-28,2025-03-03,2025-03-10,000807.SZ,CN_A,0.03333333333333333,1.0,0.08455665232184773,0.08455665232184795
2025-02-28,2025-03-03,2025-03-10,000933.SZ,CN_A,0.03333333333333333,1.0,0.11176786050287202,0.11176786050287202
2025-02-28,2025-03-03,2025-03-10,002155.SZ,CN_A,0.03333333333333333,1.0,0.2243984602899629,0.2243984602899629
2025-02-28,2025-03-03,2025-03-10,0358.HK,HK,0.03333333333333333,1.0,0.0944624954378086,0.0944624954378086
2025-02-28,2025-03-03,2025-03-10,0815.HK,HK,0.03333333333333333,1.0,0.3035714570813033,0.30357145708130306
2025-02-28,2025-03-03,2025-03-10,1378.HK,HK,0.03333333333333333,1.0,0.13906243385065387,0.13911626486376671
2025-02-28,2025-03-03,2025-03-10,2600.HK,HK,0.03333333333333333,1.0,0.10548516131087182,0.10548516131087182
2025-02-28,2025-03-03,2025-03-10,3993.HK,HK,0.03333333333333333,1.0,0.21904761721683785,0.21904761721683785
2025-02-28,2025-03-03,2025-03-10,600362.SH,CN_A,0.03333333333333333,1.0,0.04688992743228915,0.04688992743228915
2025-02-28,2025-03-03,2025-03-10,601020.SH,CN_A,0.03333333333333333,1.0,0.5124124039339615,0.5124124039339613
2025-02-28,2025-03-03,2025-03-10,601600.SH,CN_A,0.03333333333333333,1.0,0.06566348676540512,0.06566348676540512
2025-02-28,2025-03-03,2025-03-10,603993.SH,CN_A,0.03333333333333333,1.0,0.15875369579123477,0.15875369579123477
2025-02-28,2025-03-03,2025-03-10,AA,US,0.03333333333333333,1.0,-0.008005146076966896,-0.008005146076966896
2025-02-28,2025-03-03,2025-03-10,CDE,US,0.03333333333333333,1.0,-0.0019455256532063814,-0.0019455256532063814
2025-02-28,2025-03-03,2025-03-10,CENX,US,0.03333333333333333,1.0,-0.07880133408554701,-0.07880133408554701
2025-02-28,2025-03-03,2025-03-10,FCX,US,0.03333333333333333,1.0,-0.02898965142354981,-0.02898965142354981
2025-02-28,2025-03-03,2025-03-10,KALU,US,0.03333333333333333,1.0,-0.04561354476780688,-0.04561354476780688
2025-02-28,2025-03-03,2025-03-10,PAAS,US,0.03333333333333333,1.0,-0.005527305665017246,-0.005527305665017246
2025-02-28,2025-03-03,2025-03-10,SCCO,US,0.03333333333333333,1.0,0.020182133840004335,0.020182133840004335
2025-02-28,2025-03-03,2025-03-10,SVM,US,0.03333333333333333,1.0,0.022727288183659988,0.022727288183659988
2025-02-28,2025-03-03,2025-03-10,UAMY,US,0.03333333333333333,1.0,0.007751930820906638,0.007751930820906638
2025-02-28,2025-03-03,2025-03-10,WPM,US,0.03333333333333333,1.0,0.01396560366186006,0.01396560366186006
2025-02-28,2025-03-03,2025-03-10,ANGPY,US,0.03333333333333333,0.5,0.18857142028381357,0.18857142028381357
2025-02-28,2025-03-03,2025-03-10,IMPUY,US,0.03333333333333333,0.5,0.24151684181784905,0.24151684181784905
2025-02-28,2025-03-03,2025-03-10,NGLOY,US,0.03333333333333333,0.5,-0.018342325758644362,-0.018342325758644362
2025-02-28,2025-03-03,2025-03-10,PLG,US,0.03333333333333333,0.5,0.008695644061371466,0.008695644061371466
2025-02-28,2025-03-03,2025-03-10,SBSW,US,0.03333333333333333,0.5,0.1609906786818902,0.1609906786818902
2025-02-28,2025-03-03,2025-03-10,2362.HK,HK,0.03333333333333333,0.25,0.42592583394345307,0.42592583394345307
2025-02-28,2025-03-03,2025-03-10,600497.SH,CN_A,0.03333333333333333,0.1111111111111111,0.0706523170614366,0.07065231706143682
2025-03-07,2025-03-10,2025-03-17,000630.SZ,CN_A,0.09090909090909091,1.0,0.03264093213085717,0.03214423786056275
2025-03-07,2025-03-10,2025-03-17,002155.SZ,CN_A,0.09090909090909091,1.0,0.09369297774435337,0.09369297774435359
2025-03-07,2025-03-10,2025-03-17,0358.HK,HK,0.09090909090909091,1.0,0.016369059143473974,0.01553482965345987
2025-03-07,2025-03-10,2025-03-17,3993.HK,HK,0.09090909090909091,1.0,-0.018750010841210085,-0.018750010841210085
2025-03-07,2025-03-10,2025-03-17,600362.SH,CN_A,0.09090909090909091,1.0,0.008226698007850919,0.00915434753461497
2025-03-07,2025-03-10,2025-03-17,601020.SH,CN_A,0.09090909090909091,1.0,-0.016834954793620627,-0.016834954793620627
2025-03-07,2025-03-10,2025-03-17,603993.SH,CN_A,0.09090909090909091,1.0,-0.01024326336181014,-0.01024326336181014
2025-03-07,2025-03-10,2025-03-17,FCX,US,0.09090909090909091,1.0,0.14521751909716052,0.14521751909716052
2025-03-07,2025-03-10,2025-03-17,SCCO,US,0.09090909090909091,1.0,0.10648876341410163,0.10648876341410163
2025-03-07,2025-03-10,2025-03-17,UAMY,US,0.09090909090909091,1.0,0.3230769936149669,0.3230769936149669
2025-03-07,2025-03-10,2025-03-17,600497.SH,CN_A,0.09090909090909091,0.1111111111111111,-0.003384167671563243,-0.006243455192049496
2025-03-14,2025-03-17,2025-03-24,000630.SZ,CN_A,0.02857142857142857,1.0,0.040229818456749555,0.040229818456749555
2025-03-14,2025-03-17,2025-03-24,000807.SZ,CN_A,0.02857142857142857,1.0,-0.004449528442274198,-0.004449528442274309
2025-03-14,2025-03-17,2025-03-24,000831.SZ,CN_A,0.02857142857142857,1.0,-0.023139455338041515,-0.023139455338041404
2025-03-14,2025-03-17,2025-03-24,000933.SZ,CN_A,0.02857142857142857,1.0,-0.005065882648360165,-0.005065882648360165
2025-03-14,2025-03-17,2025-03-24,000970.SZ,CN_A,0.02857142857142857,1.0,0.026004762187408437,0.026004762187408437
2025-03-14,2025-03-17,2025-03-24,002155.SZ,CN_A,0.02857142857142857,1.0,-0.04095284001316746,-0.04095284001316746
2025-03-14,2025-03-17,2025-03-24,0358.HK,HK,0.02857142857142857,1.0,0.04538803943767311,0.04538803943767311
2025-03-14,2025-03-17,2025-03-24,0815.HK,HK,0.02857142857142857,1.0,-0.30864197440017305,-0.3086155571699034
2025-03-14,2025-03-17,2025-03-24,1378.HK,HK,0.02857142857142857,1.0,0.022516447307279863,0.022516447307279863
2025-03-14,2025-03-17,2025-03-24,2600.HK,HK,0.02857142857142857,1.0,0.0038170090977980298,0.0038170090977980298
2025-03-14,2025-03-17,2025-03-24,300748.SZ,CN_A,0.02857142857142857,1.0,-0.05054837483086949,-0.05054837483086949
2025-03-14,2025-03-17,2025-03-24,3993.HK,HK,0.02857142857142857,1.0,0.07006360163268344,0.0703955174829547
2025-03-14,2025-03-17,2025-03-24,600111.SH,CN_A,0.02857142857142857,1.0,-0.035319262802124274,-0.035319262802124274
2025-03-14,2025-03-17,2025-03-24,600362.SH,CN_A,0.02857142857142857,1.0,0.05711700173060552,0.05711700173060552
2025-03-14,2025-03-17,2025-03-24,600366.SH,CN_A,0.02857142857142857,1.0,-0.04342855254281952,-0.04342855254281941
2025-03-14,2025-03-17,2025-03-24,600392.SH,CN_A,0.02857142857142857,1.0,-0.04480143265600989,-0.04480143265600989
2025-03-14,2025-03-17,2025-03-24,601020.SH,CN_A,0.02857142857142857,1.0,0.0008560670560762151,0.0008560670560762151
2025-03-14,2025-03-17,2025-03-24,601600.SH,CN_A,0.02857142857142857,1.0,0.018205445898841877,0.018205445898841877
2025-03-14,2025-03-17,2025-03-24,603993.SH,CN_A,0.02857142857142857,1.0,0.036222554819962616,0.036222554819962616
2025-03-14,2025-03-17,2025-03-24,6680.HK,HK,0.02857142857142857,1.0,-0.05540162737552368,-0.055401627375523566
2025-03-14,2025-03-17,2025-03-24,AA,US,0.02857142857142857,1.0,-0.037941860151318285,-0.037941860151318285
2025-03-14,2025-03-17,2025-03-24,CDE,US,0.02857142857142857,1.0,-0.026438500853888214,-0.026438500853888214
2025-03-14,2025-03-17,2025-03-24,CENX,US,0.02857142857142857,1.0,-0.07530566543147588,-0.07530566543147588
2025-03-14,2025-03-17,2025-03-24,FCX,US,0.02857142857142857,1.0,0.05315119998995366,0.05315119998995366
2025-03-14,2025-03-17,2025-03-24,KALU,US,0.02857142857142857,1.0,-0.042755761596485864,-0.042755761596485864
2025-03-14,2025-03-17,2025-03-24,MP,US,0.02857142857142857,1.0,-0.008617513862222204,-0.008617513862222204
2025-03-14,2025-03-17,2025-03-24,PAAS,US,0.02857142857142857,1.0,-0.03108620649090854,-0.03108620649090854
2025-03-14,2025-03-17,2025-03-24,SCCO,US,0.02857142857142857,1.0,0.017981289716317184,0.017981289716317184
2025-03-14,2025-03-17,2025-03-24,SVM,US,0.02857142857142857,1.0,-0.02891559426381285,-0.02891559426381285
2025-03-14,2025-03-17,2025-03-24,UAMY,US,0.02857142857142857,1.0,0.2965116174302276,0.2965116174302276
2025-03-14,2025-03-17,2025-03-24,USA,US,0.02857142857142857,1.0,0.018209399662472148,0.018209399662472148
2025-03-14,2025-03-17,2025-03-24,USAR,US,0.02857142857142857,1.0,-0.32767162611053613,-0.32767162611053613
2025-03-14,2025-03-17,2025-03-24,WPM,US,0.02857142857142857,1.0,-0.014601161559179565,-0.014601161559179565
2025-03-14,2025-03-17,2025-03-24,UUUU,US,0.02857142857142857,0.5,-0.01379309059654088,-0.01379309059654088
2025-03-14,2025-03-17,2025-03-24,600497.SH,CN_A,0.02857142857142857,0.1111111111111111,-0.005093362784825084,-0.005093362784824973
2025-03-21,2025-03-24,2025-03-31,000630.SZ,CN_A,0.024390243902439025,1.0,-0.052486069717286976,-0.052486069717286865
2025-03-21,2025-03-24,2025-03-31,000807.SZ,CN_A,0.024390243902439025,1.0,-0.03128479775635484,-0.03128479775635484
2025-03-21,2025-03-24,2025-03-31,000831.SZ,CN_A,0.024390243902439025,1.0,0.01376441447907184,0.01376441447907184
2025-03-21,2025-03-24,2025-03-31,000933.SZ,CN_A,0.024390243902439025,1.0,-0.04480650642841111,-0.04480650642841111
2025-03-21,2025-03-24,2025-03-31,000970.SZ,CN_A,0.024390243902439025,1.0,-0.02611367342037696,-0.02611367342037696
2025-03-21,2025-03-24,2025-03-31,002155.SZ,CN_A,0.024390243902439025,1.0,-0.0034859073487290004,-0.0034859073487290004
2025-03-21,2025-03-24,2025-03-31,0358.HK,HK,0.024390243902439025,1.0,-0.043417408393239265,-0.043417408393239265
2025-03-21,2025-03-24,2025-03-31,0815.HK,HK,0.024390243902439025,1.0,-0.035714251502436234,-0.03571425150243612
2025-03-21,2025-03-24,2025-03-31,1378.HK,HK,0.024390243902439025,1.0,0.036269455771492876,0.03620723336014775
2025-03-21,2025-03-24,2025-03-31,2600.HK,HK,0.024390243902439025,1.0,-0.07414451704731218,-0.07414451704731229
2025-03-21,2025-03-24,2025-03-31,300748.SZ,CN_A,0.024390243902439025,1.0,-0.020592648706369454,-0.020592648706369565
2025-03-21,2025-03-24,2025-03-31,3993.HK,HK,0.024390243902439025,1.0,-0.0476189546496838,-0.0476189546496838
2025-03-21,2025-03-24,2025-03-31,600111.SH,CN_A,0.024390243902439025,1.0,-0.00044103978254883547,-0.00044103978254883547
2025-03-21,2025-03-24,2025-03-31,600362.SH,CN_A,0.024390243902439025,1.0,-0.012006842229178916,-0.012006842229178916
2025-03-21,2025-03-24,2025-03-31,600366.SH,CN_A,0.024390243902439025,1.0,-0.027479124663060683,-0.027479124663060683
2025-03-21,2025-03-24,2025-03-31,600392.SH,CN_A,0.024390243902439025,1.0,-0.034513202315054836,-0.034513202315054836
2025-03-21,2025-03-24,2025-03-31,601020.SH,CN_A,0.024390243902439025,1.0,-0.1372967772275523,-0.1372967772275524
2025-03-21,2025-03-24,2025-03-31,601600.SH,CN_A,0.024390243902439025,1.0,-0.047254142027093105,-0.047254142027092993
2025-03-21,2025-03-24,2025-03-31,603993.SH,CN_A,0.024390243902439025,1.0,-0.05118610571669013,-0.05118610571669002
2025-03-21,2025-03-24,2025-03-31,6680.HK,HK,0.024390243902439025,1.0,-0.07917886197598578,-0.07917886197598589
2025-03-21,2025-03-24,2025-03-31,AA,US,0.024390243902439025,1.0,-0.08873622488763755,-0.08873622488763755
2025-03-21,2025-03-24,2025-03-31,CDE,US,0.024390243902439025,1.0,-0.05431310732510741,-0.05431310732510741
2025-03-21,2025-03-24,2025-03-31,CENX,US,0.024390243902439025,1.0,-0.01850874586430129,-0.01850874586430129
2025-03-21,2025-03-24,2025-03-31,FCX,US,0.024390243902439025,1.0,-0.09012261296720703,-0.09012261296720703
2025-03-21,2025-03-24,2025-03-31,KALU,US,0.024390243902439025,1.0,-0.1004598586439025,-0.1004598586439025
2025-03-21,2025-03-24,2025-03-31,MP,US,0.024390243902439025,1.0,-0.07747540846528356,-0.07747540846528356
2025-03-21,2025-03-24,2025-03-31,PAAS,US,0.024390243902439025,1.0,-0.0015462361785449907,-0.0015462361785449907
2025-03-21,2025-03-24,2025-03-31,SCCO,US,0.024390243902439025,1.0,-0.062023398568725185,-0.062023398568725185
2025-03-21,2025-03-24,2025-03-31,SVM,US,0.024390243902439025,1.0,-0.03970237416362532,-0.03970237416362532
2025-03-21,2025-03-24,2025-03-31,UAMY,US,0.024390243902439025,1.0,-0.0134529018534425,-0.0134529018534425
2025-03-21,2025-03-24,2025-03-31,USA,US,0.024390243902439025,1.0,-0.023844942343039577,-0.023844942343039577
2025-03-21,2025-03-24,2025-03-31,USAR,US,0.024390243902439025,1.0,-0.374736836082057,-0.374736836082057
2025-03-21,2025-03-24,2025-03-31,WPM,US,0.024390243902439025,1.0,0.03631010623767983,0.03631010623767983
2025-03-21,2025-03-24,2025-03-31,ANGPY,US,0.024390243902439025,0.5,0.04651165928247836,0.04651165928247836
2025-03-21,2025-03-24,2025-03-31,IMPUY,US,0.024390243902439025,0.5,0.03293415024339397,0.03293415024339397
2025-03-21,2025-03-24,2025-03-31,NGLOY,US,0.024390243902439025,0.5,-0.059852071528462614,-0.059852071528462614
2025-03-21,2025-03-24,2025-03-31,PLG,US,0.024390243902439025,0.5,-0.023622025071121988,-0.023622025071121988
2025-03-21,2025-03-24,2025-03-31,SBSW,US,0.024390243902439025,0.5,0.05773677708342828,0.05773677708342828
2025-03-21,2025-03-24,2025-03-31,UUUU,US,0.024390243902439025,0.5,-0.13053611835876433,-0.13053611835876433
2025-03-21,2025-03-24,2025-03-31,2362.HK,HK,0.024390243902439025,0.25,-0.05882356034843117,-0.05882356034843117
2025-03-21,2025-03-24,2025-03-31,600497.SH,CN_A,0.024390243902439025,0.1111111111111111,-0.0682594257010587,-0.0682594257010587
2025-03-28,2025-03-31,2025-04-07,000630.SZ,CN_A,0.037037037037037035,1.0,-0.11953365118380399,-0.1195336511838041
2025-03-28,2025-03-31,2025-04-07,000831.SZ,CN_A,0.037037037037037035,1.0,0.04136404997747256,0.04136404997747278
2025-03-28,2025-03-31,2025-04-07,000970.SZ,CN_A,0.037037037037037035,1.0,-0.08753946176138805,-0.08753946176138816
2025-03-28,2025-03-31,2025-04-07,002155.SZ,CN_A,0.037037037037037035,1.0,-0.12024479612502981,-0.12024479612502981
2025-03-28,2025-03-31,2025-04-07,0358.HK,HK,0.037037037037037035,1.0,-0.18301612828749503,-0.18313293014899268
2025-03-28,2025-03-31,2025-04-07,0815.HK,HK,0.037037037037037035,1.0,-0.20740743316249977,-0.20740743316249977
2025-03-28,2025-03-31,2025-04-07,300748.SZ,CN_A,0.037037037037037035,1.0,-0.010769123983299989,-0.010769123983299878
2025-03-28,2025-03-31,2025-04-07,3993.HK,HK,0.037037037037037035,1.0,-0.24843756480086943,-0.24843756480086943
2025-03-28,2025-03-31,2025-04-07,600111.SH,CN_A,0.037037037037037035,1.0,0.004854423505722183,0.004854423505722183
2025-03-28,2025-03-31,2025-04-07,600362.SH,CN_A,0.037037037037037035,1.0,-0.1271701369818402,-0.12717013698184032
2025-03-28,2025-03-31,2025-04-07,600366.SH,CN_A,0.037037037037037035,1.0,-0.09705160572273086,-0.09705160572273086
2025-03-28,2025-03-31,2025-04-07,600392.SH,CN_A,0.037037037037037035,1.0,-0.06416134869146917,-0.06416134869146917
2025-03-28,2025-03-31,2025-04-07,601020.SH,CN_A,0.037037037037037035,1.0,-0.15914726568227877,-0.15914726568227866
2025-03-28,2025-03-31,2025-04-07,603993.SH,CN_A,0.037037037037037035,1.0,-0.1434209943752609,-0.1434209943752609
2025-03-28,2025-03-31,2025-04-07,6680.HK,HK,0.037037037037037035,1.0,-0.14808921083159077,-0.14808921083159077
2025-03-28,2025-03-31,2025-04-07,CDE,US,0.037037037037037035,1.0,-0.1452702936986653,-0.1452702936986653
2025-03-28,2025-03-31,2025-04-07,FCX,US,0.037037037037037035,1.0,-0.19783411369224002,-0.19783411369224002
2025-03-28,2025-03-31,2025-04-07,MP,US,0.037037037037037035,1.0,-0.017206066321973856,-0.017206066321973856
2025-03-28,2025-03-31,2025-04-07,PAAS,US,0.037037037037037035,1.0,-0.15331004058637443,-0.15331004058637443
2025-03-28,2025-03-31,2025-04-07,SCCO,US,0.037037037037037035,1.0,-0.15043866024373187,-0.15043866024373187
2025-03-28,2025-03-31,2025-04-07,SVM,US,0.037037037037037035,1.0,-0.14470282047938576,-0.14470282047938576
2025-03-28,2025-03-31,2025-04-07,UAMY,US,0.037037037037037035,1.0,-0.08636366050105393,-0.08636366050105393
2025-03-28,2025-03-31,2025-04-07,USA,US,0.037037037037037035,1.0,-0.09770998310207557,-0.09770998310207557
2025-03-28,2025-03-31,2025-04-07,USAR,US,0.037037037037037035,1.0,0.5942761238726595,0.5942761238726595
2025-03-28,2025-03-31,2025-04-07,WPM,US,0.037037037037037035,1.0,-0.0875878631834145,-0.0875878631834145
2025-03-28,2025-03-31,2025-04-07,UUUU,US,0.037037037037037035,0.5,-0.0750670160745257,-0.0750670160745257
2025-03-28,2025-03-31,2025-04-07,600497.SH,CN_A,0.037037037037037035,0.1111111111111111,-0.10439564520365552,-0.10439564520365563
2025-04-04,2025-04-07,2025-04-14,000630.SZ,CN_A,0.030303030303030304,1.0,0.02980131901046179,0.02980131901046179
2025-04-04,2025-04-07,2025-04-14,000831.SZ,CN_A,0.030303030303030304,1.0,0.028805360100833788,0.028805360100833788
2025-04-04,2025-04-07,2025-04-14,000970.SZ,CN_A,0.030303030303030304,1.0,-0.03025061769929238,-0.03025061769929227
2025-04-04,2025-04-07,2025-04-14,002155.SZ,CN_A,0.030303030303030304,1.0,0.25248513833075337,0.25248513833075337
2025-04-04,2025-04-07,2025-04-14,0358.HK,HK,0.030303030303030304,1.0,0.14157714600793714,0.14157714600793714
2025-04-04,2025-04-07,2025-04-14,0815.HK,HK,0.030303030303030304,1.0,0.16355138397318858,0.1635365405882898
2025-04-04,2025-04-07,2025-04-14,300748.SZ,CN_A,0.030303030303030304,1.0,0.12182460207911938,0.12182460207911938
2025-04-04,2025-04-07,2025-04-14,3993.HK,HK,0.030303030303030304,1.0,0.19334721690249546,0.19363915081221794
2025-04-04,2025-04-07,2025-04-14,600111.SH,CN_A,0.030303030303030304,1.0,0.07070690586721251,0.07070690586721251
2025-04-04,2025-04-07,2025-04-14,600362.SH,CN_A,0.030303030303030304,1.0,0.0581799068706923,0.05817990687069252
2025-04-04,2025-04-07,2025-04-14,600366.SH,CN_A,0.030303030303030304,1.0,0.024489854412554468,0.02448985441255469
2025-04-04,2025-04-07,2025-04-14,600392.SH,CN_A,0.030303030303030304,1.0,0.051909892909124844,0.051909892909124844
2025-04-04,2025-04-07,2025-04-14,601020.SH,CN_A,0.030303030303030304,1.0,0.16509440555656751,0.16509440555656751
2025-04-04,2025-04-07,2025-04-14,603993.SH,CN_A,0.030303030303030304,1.0,0.056835564797692806,0.056835564797692806
2025-04-04,2025-04-07,2025-04-14,6680.HK,HK,0.030303030303030304,1.0,0.2616823502430987,0.26117237096359625
2025-04-04,2025-04-07,2025-04-14,ANGPY,US,0.030303030303030304,1.0,0.21372547764994954,0.21372547764994954
2025-04-04,2025-04-07,2025-04-14,CDE,US,0.030303030303030304,1.0,0.19960478074539179,0.19960478074539179
2025-04-04,2025-04-07,2025-04-14,FCX,US,0.030303030303030304,1.0,0.11129414011086913,0.11129414011086913
2025-04-04,2025-04-07,2025-04-14,IMPUY,US,0.030303030303030304,1.0,0.29813669843661295,0.29813669843661295
2025-04-04,2025-04-07,2025-04-14,MP,US,0.030303030303030304,1.0,0.1500625433854239,0.1500625433854239
2025-04-04,2025-04-07,2025-04-14,NGLOY,US,0.030303030303030304,1.0,0.13051000070819385,0.13051000070819385
2025-04-04,2025-04-07,2025-04-14,PAAS,US,0.030303030303030304,1.0,0.2427983103991722,0.2427983103991722
2025-04-04,2025-04-07,2025-04-14,PLG,US,0.030303030303030304,1.0,0.32673271884288146,0.32673271884288146
2025-04-04,2025-04-07,2025-04-14,SBSW,US,0.030303030303030304,1.0,0.29154517198754104,0.29154517198754104
2025-04-04,2025-04-07,2025-04-14,SCCO,US,0.030303030303030304,1.0,0.10415626954731971,0.10415626954731971
2025-04-04,2025-04-07,2025-04-14,SVM,US,0.030303030303030304,1.0,0.16616311905167436,0.16616311905167436
2025-04-04,2025-04-07,2025-04-14,UAMY,US,0.030303030303030304,1.0,0.5621891143295379,0.5621891143295379
2025-04-04,2025-04-07,2025-04-14,USA,US,0.030303030303030304,1.0,0.07275803441703532,0.07275803441703532
2025-04-04,2025-04-07,2025-04-14,USAR,US,0.030303030303030304,1.0,0.2407602606843997,0.2407602606843997
2025-04-04,2025-04-07,2025-04-14,WPM,US,0.030303030303030304,1.0,0.16482734679265332,0.16482734679265332
2025-04-04,2025-04-07,2025-04-14,2362.HK,HK,0.030303030303030304,0.5,0.0,0.0
2025-04-04,2025-04-07,2025-04-14,UUUU,US,0.030303030303030304,0.5,0.23188404094469317,0.23188404094469317
2025-04-04,2025-04-07,2025-04-14,600497.SH,CN_A,0.030303030303030304,0.1111111111111111,0.061349810514639946,0.061349810514639946
2025-05-09,2025-05-12,2025-05-19,000426.SZ,CN_A,0.0625,1.0,0.03051111031944509,0.03051111031944509
2025-05-09,2025-05-12,2025-05-19,000630.SZ,CN_A,0.0625,1.0,-0.012383803691790929,-0.012383803691790818
2025-05-09,2025-05-12,2025-05-19,000960.SZ,CN_A,0.0625,1.0,-0.0021067152257631117,-0.0021067152257630006
2025-05-09,2025-05-12,2025-05-19,002155.SZ,CN_A,0.0625,1.0,-0.012685941487239005,-0.012685941487238894
2025-05-09,2025-05-12,2025-05-19,0358.HK,HK,0.0625,1.0,-0.011678785090297072,-0.012101278957787343
2025-05-09,2025-05-12,2025-05-19,3993.HK,HK,0.0625,1.0,-0.02009264529505439,-0.0200926452950545
2025-05-09,2025-05-12,2025-05-19,600362.SH,CN_A,0.0625,1.0,-0.014598492554642073,-0.014598492554641962
2025-05-09,2025-05-12,2025-05-19,601020.SH,CN_A,0.0625,1.0,-0.061257414114616826,-0.061257414114616715
2025-05-09,2025-05-12,2025-05-19,603993.SH,CN_A,0.0625,1.0,-0.012362593842574765,-0.012362593842574876
2025-05-09,2025-05-12,2025-05-19,AFMJF,US,0.0625,1.0,0.015624942462094449,0.015624942462094449
2025-05-09,2025-05-12,2025-05-19,FCX,US,0.0625,1.0,-0.007926310278390858,-0.007926310278390858
2025-05-09,2025-05-12,2025-05-19,MLXEF,US,0.0625,1.0,-0.1542797992108571,-0.1542797992108571
2025-05-09,2025-05-12,2025-05-19,SCCO,US,0.0625,1.0,-0.00682865839970237,-0.00682865839970237
2025-05-09,2025-05-12,2025-05-19,UAMY,US,0.0625,1.0,0.030188649368694698,0.030188649368694698
2025-05-09,2025-05-12,2025-05-19,600497.SH,CN_A,0.0625,0.1111111111111111,-0.0019048501807356066,-0.0019048501807357177
2025-05-16,2025-05-19,2025-05-26,000426.SZ,CN_A,0.2,1.0,0.03108810051993438,0.030402973437835712
2025-05-16,2025-05-19,2025-05-26,000960.SZ,CN_A,0.2,1.0,-0.009852296506060676,-0.009852296506060676
2025-05-16,2025-05-19,2025-05-27,AFMJF,US,0.2,1.0,0.07692310016521442,0.07692310016521442
2025-05-16,2025-05-19,2025-05-27,MLXEF,US,0.2,1.0,0.020302966784951693,0.020302966784951693
2025-05-23,2025-05-26,2025-06-03,000426.SZ,CN_A,0.05263157894736842,1.0,-0.01722907051304734,-0.01722907051304745
2025-05-23,2025-05-26,2025-06-03,000960.SZ,CN_A,0.05263157894736842,1.0,-0.01847894013846929,-0.01847894013846929
2025-05-23,2025-05-26,2025-06-02,1164.HK,HK,0.05263157894736842,1.0,-0.09999995349352331,-0.09999995349352331
2025-05-23,2025-05-26,2025-06-02,2302.HK,HK,0.05263157894736842,1.0,-0.10757947207949492,-0.10757947207949492
2025-05-23,2025-05-26,2025-06-03,601985.SH,CN_A,0.05263157894736842,1.0,-0.027635575234556287,-0.027635575234556176
2025-05-23,2025-05-27,2025-06-02,AFMJF,US,0.05263157894736842,1.0,-0.04285708006384559,-0.04285708006384559
2025-05-23,2025-05-27,2025-06-02,CCJ,US,0.05263157894736842,1.0,-0.03787000642119487,-0.03787000642119487
2025-05-23,2025-05-27,2025-06-02,DNN,US,0.05263157894736842,1.0,-0.10588238924019788,-0.10588238924019788
2025-05-23,2025-05-27,2025-06-02,MLXEF,US,0.05263157894736842,1.0,0.019839655181722815,0.019839655181722815
2025-05-23,2025-05-27,2025-06-02,NXE,US,0.05263157894736842,1.0,-0.05047321198103727,-0.05047321198103727
2025-05-23,2025-05-27,2025-06-02,UEC,US,0.05263157894736842,1.0,-0.13525833993996783,-0.13525833993996783
2025-05-23,2025-05-27,2025-06-02,ANGPY,US,0.05263157894736842,0.5,-0.014598502748751518,-0.014598502748751518
2025-05-23,2025-05-27,2025-06-02,IMPUY,US,0.05263157894736842,0.5,-0.030503957503665746,-0.030503957503665746
2025-05-23,2025-05-27,2025-06-02,NGLOY,US,0.05263157894736842,0.5,0.012962846155165852,0.012962846155165852
2025-05-23,2025-05-27,2025-06-02,PLG,US,0.05263157894736842,0.5,-0.006849308357518069,-0.006849308357518069
2025-05-23,2025-05-27,2025-06-02,SBSW,US,0.05263157894736842,0.5,0.04118611577131692,0.04118611577131692
2025-05-23,2025-05-27,2025-06-02,UUUU,US,0.05263157894736842,0.5,-0.10642200807420954,-0.10642200807420954
2025-05-23,2025-05-26,2025-06-02,2362.HK,HK,0.05263157894736842,0.25,0.0,0.0
2025-05-30,2025-06-03,2025-06-09,000426.SZ,CN_A,0.041666666666666664,1.0,0.17531052417105064,0.17531052417105064
2025-05-30,2025-06-03,2025-06-09,000960.SZ,CN_A,0.041666666666666664,1.0,0.033309196537461894,0.033309196537461894
2025-05-30,2025-06-02,2025-06-09,0815.HK,HK,0.041666666666666664,1.0,0.5937500058207663,0.5937500058207663
2025-05-30,2025-06-02,2025-06-09,1164.HK,HK,0.041666666666666664,1.0,0.314814799777448,0.3151599323888854
2025-05-30,2025-06-02,2025-06-09,2302.HK,HK,0.041666666666666664,1.0,0.06027391354615941,0.06081787269241068
2025-05-30,2025-06-03,2025-06-09,601985.SH,CN_A,0.041666666666666664,1.0,-0.004210519420222436,-0.004210519420222547
2025-05-30,2025-06-02,2025-06-09,AFMJF,US,0.041666666666666664,1.0,-0.1343284457099776,-0.1343284457099776
2025-05-30,2025-06-02,2025-06-09,ANGPY,US,0.041666666666666664,1.0,0.13481479387648587,0.13481479387648587
2025-05-30,2025-06-02,2025-06-09,CCJ,US,0.041666666666666664,1.0,0.15005157043470274,0.15005157043470274
2025-05-30,2025-06-02,2025-06-09,CDE,US,0.041666666666666664,1.0,0.07995354827232615,0.07995354827232615
2025-05-30,2025-06-02,2025-06-09,DNN,US,0.041666666666666664,1.0,0.1315789803903853,0.1315789803903853
2025-05-30,2025-06-02,2025-06-09,IMPUY,US,0.041666666666666664,1.0,0.15868671168819848,0.15868671168819848
2025-05-30,2025-06-02,2025-06-09,MLXEF,US,0.041666666666666664,1.0,0.0775234442242747,0.0775234442242747
2025-05-30,2025-06-02,2025-06-09,NGLOY,US,0.041666666666666664,1.0,-0.0026845227017932016,-0.0026845227017932016
2025-05-30,2025-06-02,2025-06-09,NXE,US,0.041666666666666664,1.0,0.08803990224046143,0.08803990224046143
2025-05-30,2025-06-02,2025-06-09,PAAS,US,0.041666666666666664,1.0,0.11659029237123208,0.11659029237123208
2025-05-30,2025-06-02,2025-06-09,PLG,US,0.041666666666666664,1.0,0.19310342219440124,0.19310342219440124
2025-05-30,2025-06-02,2025-06-09,SBSW,US,0.041666666666666664,1.0,0.0822784647970114,0.0822784647970114
2025-05-30,2025-06-02,2025-06-09,SVM,US,0.041666666666666664,1.0,0.0560552407442958,0.0560552407442958
2025-05-30,2025-06-02,2025-06-09,UEC,US,0.041666666666666664,1.0,0.161687182256965,0.161687182256965
2025-05-30,2025-06-02,2025-06-09,WPM,US,0.041666666666666664,1.0,-0.02940218822990759,-0.02940218822990759
2025-05-30,2025-06-02,2025-06-09,2362.HK,HK,0.041666666666666664,0.5,0.0,0.0
2025-05-30,2025-06-02,2025-06-09,UUUU,US,0.041666666666666664,0.5,0.16016431789275187,0.16016431789275187
2025-06-06,2025-06-09,2025-06-16,002340.SZ,CN_A,0.030303030303030304,1.0,0.008116963612408545,0.008116963612408545
2025-06-06,2025-06-09,2025-06-16,0815.HK,HK,0.030303030303030304,1.0,0.0,0.0
2025-06-06,2025-06-09,2025-06-16,1164.HK,HK,0.030303030303030304,1.0,0.11267599940262096,0.11267599940262119
2025-06-06,2025-06-09,2025-06-16,2302.HK,HK,0.030303030303030304,1.0,0.05167966201978369,0.05167966201978369
2025-06-06,2025-06-09,2025-06-16,2362.HK,HK,0.030303030303030304,1.0,0.0,-0.0005335429016134485
2025-06-06,2025-06-09,2025-06-16,300919.SZ,CN_A,0.030303030303030304,1.0,-0.009425051222444192,-0.009425051222444192
2025-06-06,2025-06-09,2025-06-16,600531.SH,CN_A,0.030303030303030304,1.0,0.01712769031537209,0.01712769031537209
2025-06-06,2025-06-09,2025-06-16,601985.SH,CN_A,0.030303030303030304,1.0,-0.005285506358519321,-0.00528550635851921
2025-06-06,2025-06-09,2025-06-16,603799.SH,CN_A,0.030303030303030304,1.0,0.04304628535551114,0.04304628535551114
2025-06-06,2025-06-09,2025-06-16,ANGPY,US,0.030303030303030304,1.0,-0.03002612895226131,-0.03002612895226131
2025-06-06,2025-06-09,2025-06-16,BHP,US,0.030303030303030304,1.0,-0.025508151059812523,-0.025508151059812523
2025-06-06,2025-06-09,2025-06-16,CCJ,US,0.030303030303030304,1.0,0.03661630860786347,0.03661630860786347
2025-06-06,2025-06-09,2025-06-16,CDE,US,0.030303030303030304,1.0,-0.019313206237477898,-0.019313206237477898
2025-06-06,2025-06-09,2025-06-16,DNN,US,0.030303030303030304,1.0,0.08139533916636399,0.08139533916636399
2025-06-06,2025-06-09,2025-06-16,IMPUY,US,0.030303030303030304,1.0,0.007083855194653266,0.007083855194653266
2025-06-06,2025-06-09,2025-06-16,NGLOY,US,0.030303030303030304,1.0,-0.0316284515048425,-0.0316284515048425
2025-06-06,2025-06-09,2025-06-16,NXE,US,0.030303030303030304,1.0,0.06717550649932669,0.06717550649932669
2025-06-06,2025-06-09,2025-06-16,PAAS,US,0.030303030303030304,1.0,-0.009243449592568176,-0.009243449592568176
2025-06-06,2025-06-09,2025-06-16,PLG,US,0.030303030303030304,1.0,-0.10404628021542017,-0.10404628021542017
2025-06-06,2025-06-09,2025-06-16,SBSW,US,0.030303030303030304,1.0,0.020467846325549433,0.020467846325549433
2025-06-06,2025-06-09,2025-06-16,SVM,US,0.030303030303030304,1.0,0.006849278492461197,0.006849278492461197
2025-06-06,2025-06-09,2025-06-16,TLOFF,US,0.030303030303030304,1.0,0.017857197342682873,0.017857197342682873
2025-06-06,2025-06-09,2025-06-16,UEC,US,0.030303030303030304,1.0,0.009077146984509898,0.009077146984509898
2025-06-06,2025-06-09,2025-06-16,VALE,US,0.030303030303030304,1.0,0.025052143621995926,0.025052143621995926
2025-06-06,2025-06-09,2025-06-16,WPM,US,0.030303030303030304,1.0,0.03096593838650019,0.03096593838650019
2025-06-06,2025-06-09,2025-06-16,2899.HK,HK,0.030303030303030304,0.5,0.08314850985462141,0.08280038827949321
2025-06-06,2025-06-09,2025-06-16,601168.SH,CN_A,0.030303030303030304,0.5,0.015216093937881592,0.015216093937881592
2025-06-06,2025-06-09,2025-06-16,601899.SH,CN_A,0.030303030303030304,0.5,0.06259024799655677,0.06259024799655699
2025-06-06,2025-06-09,2025-06-16,HL,US,0.030303030303030304,0.5,-0.04501600855754728,-0.04501600855754728
2025-06-06,2025-06-09,2025-06-16,NEXA,US,0.030303030303030304,0.5,0.027127879858747983,0.027127879858747983
2025-06-06,2025-06-09,2025-06-16,TECK,US,0.030303030303030304,0.5,0.0057311935168598005,0.0057311935168598005
2025-06-06,2025-06-09,2025-06-16,UUUU,US,0.030303030303030304,0.5,0.02654868899744267,0.02654868899744267
2025-06-06,2025-06-09,2025-06-16,600497.SH,CN_A,0.030303030303030304,0.4444444444444444,0.0019010405893788995,0.0019010405893791216
2025-06-13,2025-06-16,2025-06-23,002340.SZ,CN_A,0.030303030303030304,1.0,0.0,0.0
2025-06-13,2025-06-16,2025-06-23,0815.HK,HK,0.030303030303030304,1.0,-0.1372548905027593,-0.13724718649211431
2025-06-13,2025-06-16,2025-06-23,1164.HK,HK,0.030303030303030304,1.0,-0.03491780312349946,-0.03491780312349946
2025-06-13,2025-06-16,2025-06-23,2302.HK,HK,0.030303030303030304,1.0,-0.08353811750555828,-0.0835381175055584
2025-06-13,2025-06-16,2025-06-23,2362.HK,HK,0.030303030303030304,1.0,0.0,0.0
2025-06-13,2025-06-16,2025-06-23,300919.SZ,CN_A,0.030303030303030304,1.0,-0.0019029456042827242,-0.001861621536551783
2025-06-13,2025-06-16,2025-06-23,600531.SH,CN_A,0.030303030303030304,1.0,-0.046632066077597956,-0.046632066077597956
2025-06-13,2025-06-16,2025-06-23,601985.SH,CN_A,0.030303030303030304,1.0,-0.008501477536149493,-0.00959514917951565
2025-06-13,2025-06-16,2025-06-23,603799.SH,CN_A,0.030303030303030304,1.0,0.07136784464179424,0.07136784464179424
2025-06-13,2025-06-16,2025-06-23,ANGPY,US,0.030303030303030304,1.0,-0.04576038000705196,-0.04576038000705196
2025-06-13,2025-06-16,2025-06-23,BHP,US,0.030303030303030304,1.0,-0.04233131972289539,-0.04233131972289539
2025-06-13,2025-06-16,2025-06-23,CCJ,US,0.030303030303030304,1.0,0.005190397032585059,0.005190397032585059
2025-06-13,2025-06-16,2025-06-23,CDE,US,0.030303030303030304,1.0,-0.008752736144051587,-0.008752736144051587
2025-06-13,2025-06-16,2025-06-23,DNN,US,0.030303030303030304,1.0,-0.05913979218231891,-0.05913979218231891
2025-06-13,2025-06-16,2025-06-23,IMPUY,US,0.030303030303030304,1.0,0.008206384008656364,0.008206384008656364
2025-06-13,2025-06-16,2025-06-23,NGLOY,US,0.030303030303030304,1.0,-0.04586531041884745,-0.04586531041884745
2025-06-13,2025-06-16,2025-06-23,NXE,US,0.030303030303030304,1.0,-0.0443490633662712,-0.0443490633662712
2025-06-13,2025-06-16,2025-06-23,PAAS,US,0.030303030303030304,1.0,0.003109962327755511,0.003109962327755511
2025-06-13,2025-06-16,2025-06-23,PLG,US,0.030303030303030304,1.0,-0.038709641693780994,-0.038709641693780994
2025-06-13,2025-06-16,2025-06-23,SBSW,US,0.030303030303030304,1.0,0.012894014129630982,0.012894014129630982
2025-06-13,2025-06-16,2025-06-23,SVM,US,0.030303030303030304,1.0,-0.07256233422324887,-0.07256233422324887
2025-06-13,2025-06-16,2025-06-23,TLOFF,US,0.030303030303030304,1.0,-0.07602338732840141,-0.07602338732840141
2025-06-13,2025-06-16,2025-06-23,UEC,US,0.030303030303030304,1.0,-0.011993991422936445,-0.011993991422936445
2025-06-13,2025-06-16,2025-06-23,VALE,US,0.030303030303030304,1.0,-0.06517302840246308,-0.06517302840246308
2025-06-13,2025-06-16,2025-06-23,WPM,US,0.030303030303030304,1.0,-0.018717991128336275,-0.018717991128336275
2025-06-13,2025-06-16,2025-06-23,2899.HK,HK,0.030303030303030304,0.5,-0.014329580552335686,-0.014329580552335575
2025-06-13,2025-06-16,2025-06-23,601168.SH,CN_A,0.030303030303030304,0.5,-0.032490174971332886,-0.032490174971332886
2025-06-13,2025-06-16,2025-06-23,601899.SH,CN_A,0.030303030303030304,0.5,-0.016471793103673638,-0.016471793103673638
2025-06-13,2025-06-16,2025-06-23,HL,US,0.030303030303030304,0.5,-0.0202019649944275,-0.0202019649944275
2025-06-13,2025-06-16,2025-06-23,NEXA,US,0.030303030303030304,0.5,-0.036290287692390844,-0.036290287692390844
2025-06-13,2025-06-16,2025-06-23,TECK,US,0.030303030303030304,0.5,-0.023261743680856983,-0.023261743680856983
2025-06-13,2025-06-16,2025-06-23,UUUU,US,0.030303030303030304,0.5,-0.05517244157552914,-0.05517244157552914
2025-06-13,2025-06-16,2025-06-23,600497.SH,CN_A,0.030303030303030304,0.4444444444444444,-0.009727584103598752,-0.009727584103598752
2025-06-20,2025-06-23,2025-06-30,0815.HK,HK,0.037037037037037035,1.0,-0.01136362558800319,-0.01136362558800319
2025-06-20,2025-06-23,2025-06-30,1164.HK,HK,0.037037037037037035,1.0,0.06578951633758101,0.06618619147399607
2025-06-20,2025-06-23,2025-06-30,2302.HK,HK,0.037037037037037035,1.0,-0.03753353999685771,-0.03722560673674369
2025-06-20,2025-06-23,2025-06-30,600531.SH,CN_A,0.037037037037037035,1.0,0.05163038932258046,0.05163038932258046
2025-06-20,2025-06-23,2025-06-30,601985.SH,CN_A,0.037037037037037035,1.0,-0.0010719137949938284,-0.0010719137949937174
2025-06-20,2025-06-23,2025-06-30,ANGPY,US,0.037037037037037035,1.0,0.04795481035192206,0.04795481035192206
2025-06-20,2025-06-23,2025-06-30,CCJ,US,0.037037037037037035,1.0,0.0646873192960713,0.0646873192960713
2025-06-20,2025-06-23,2025-06-30,CDE,US,0.037037037037037035,1.0,-0.022075162894176215,-0.022075162894176215
2025-06-20,2025-06-23,2025-06-30,DNN,US,0.037037037037037035,1.0,0.04000002997262131,0.04000002997262131
2025-06-20,2025-06-23,2025-06-30,IMPUY,US,0.037037037037037035,1.0,0.04883718565715456,0.04883718565715456
2025-06-20,2025-06-23,2025-06-30,NGLOY,US,0.037037037037037035,1.0,0.07356159007483454,0.07356159007483454
2025-06-20,2025-06-23,2025-06-30,NXE,US,0.037037037037037035,1.0,0.038922190952585645,0.038922190952585645
2025-06-20,2025-06-23,2025-06-30,PAAS,US,0.037037037037037035,1.0,-0.02170178049995597,-0.02170178049995597
2025-06-20,2025-06-23,2025-06-30,PLG,US,0.037037037037037035,1.0,0.026845611810072167,0.026845611810072167
2025-06-20,2025-06-23,2025-06-30,SBSW,US,0.037037037037037035,1.0,0.02121634256627103,0.02121634256627103
2025-06-20,2025-06-23,2025-06-30,SVM,US,0.037037037037037035,1.0,0.031784749477814955,0.031784749477814955
2025-06-20,2025-06-23,2025-06-30,UEC,US,0.037037037037037035,1.0,0.03186646939067295,0.03186646939067295
2025-06-20,2025-06-23,2025-06-30,WPM,US,0.037037037037037035,1.0,-0.004103300268101795,-0.004103300268101795
2025-06-20,2025-06-23,2025-06-30,2362.HK,HK,0.037037037037037035,0.5,0.0,0.0
2025-06-20,2025-06-23,2025-06-30,2899.HK,HK,0.037037037037037035,0.5,0.041017624827124344,0.041017624827124344
2025-06-20,2025-06-23,2025-06-30,601168.SH,CN_A,0.037037037037037035,0.5,0.09696559962718165,0.09696559962718165
2025-06-20,2025-06-23,2025-06-30,601899.SH,CN_A,0.037037037037037035,0.5,0.0534844899911342,0.0534844899911342
2025-06-20,2025-06-23,2025-06-30,HL,US,0.037037037037037035,0.5,0.02920956786826956,0.02920956786826956
2025-06-20,2025-06-23,2025-06-30,NEXA,US,0.037037037037037035,0.5,0.0376568662003971,0.0376568662003971
2025-06-20,2025-06-23,2025-06-30,TECK,US,0.037037037037037035,0.5,0.0567913397384614,0.0567913397384614
2025-06-20,2025-06-23,2025-06-30,UUUU,US,0.037037037037037035,0.5,0.049270069340650036,0.049270069340650036
2025-06-20,2025-06-23,2025-06-30,600497.SH,CN_A,0.037037037037037035,0.4444444444444444,0.03929274760021895,0.03929274760021895
2025-06-27,2025-06-30,2025-07-07,000807.SZ,CN_A,0.024390243902439025,1.0,-0.01001249006095739,-0.010012490060957613
2025-06-27,2025-06-30,2025-07-07,000933.SZ,CN_A,0.024390243902439025,1.0,0.014423053704062605,0.014423053704062383
2025-06-27,2025-06-30,2025-07-07,002340.SZ,CN_A,0.024390243902439025,1.0,0.0008078638964805762,0.0008078638964805762
2025-06-27,2025-06-30,2025-07-07,0815.HK,HK,0.024390243902439025,1.0,0.03448272554637244,0.03448272554637244
2025-06-27,2025-06-30,2025-07-07,1164.HK,HK,0.024390243902439025,1.0,0.02057611149904548,0.02057611149904548
2025-06-27,2025-06-30,2025-07-07,1378.HK,HK,0.024390243902439025,1.0,-0.0011124055180962156,-0.0011124055180962156
2025-06-27,2025-06-30,2025-07-07,2302.HK,HK,0.024390243902439025,1.0,-0.10306403743875747,-0.10306403743875747
2025-06-27,2025-06-30,2025-07-07,2362.HK,HK,0.024390243902439025,1.0,0.0,-1.278187083064708e-05
2025-06-27,2025-06-30,2025-07-07,2600.HK,HK,0.024390243902439025,1.0,-0.009469687024314943,-0.009447997119657714
2025-06-27,2025-06-30,2025-07-07,300919.SZ,CN_A,0.024390243902439025,1.0,-0.01155715450878736,-0.011557154508787582
2025-06-27,2025-06-30,2025-07-07,600531.SH,CN_A,0.024390243902439025,1.0,0.041343764727535426,0.041343764727535204
2025-06-27,2025-06-30,2025-07-07,601600.SH,CN_A,0.024390243902439025,1.0,0.0,0.0
2025-06-27,2025-06-30,2025-07-07,601985.SH,CN_A,0.024390243902439025,1.0,0.01716735510740386,0.01716735510740386
2025-06-27,2025-06-30,2025-07-07,603799.SH,CN_A,0.024390243902439025,1.0,0.00837387162474812,0.00837387162474812
2025-06-27,2025-06-30,2025-07-07,AA,US,0.024390243902439025,1.0,0.010166058982636006,0.010166058982636006
2025-06-27,2025-06-30,2025-07-07,ANGPY,US,0.024390243902439025,1.0,0.07402426935793982,0.07402426935793982
2025-06-27,2025-06-30,2025-07-07,BHP,US,0.024390243902439025,1.0,0.027032658456500158,0.027032658456500158
2025-06-27,2025-06-30,2025-07-07,CCJ,US,0.024390243902439025,1.0,0.01293271413165531,0.01293271413165531
2025-06-27,2025-06-30,2025-07-07,CDE,US,0.024390243902439025,1.0,0.07110611013277857,0.07110611013277857
2025-06-27,2025-06-30,2025-07-07,CENX,US,0.024390243902439025,1.0,0.01942288416085658,0.01942288416085658
2025-06-27,2025-06-30,2025-07-07,DNN,US,0.024390243902439025,1.0,-0.0054945655957939765,-0.0054945655957939765
2025-06-27,2025-06-30,2025-07-07,IMPUY,US,0.024390243902439025,1.0,0.06984470325977843,0.06984470325977843
2025-06-27,2025-06-30,2025-07-07,KALU,US,0.024390243902439025,1.0,0.04105113184587994,0.04105113184587994
2025-06-27,2025-06-30,2025-07-07,NGLOY,US,0.024390243902439025,1.0,-0.0020352632283322514,-0.0020352632283322514
2025-06-27,2025-06-30,2025-07-07,NXE,US,0.024390243902439025,1.0,-0.020172891258111503,-0.020172891258111503
2025-06-27,2025-06-30,2025-07-07,PAAS,US,0.024390243902439025,1.0,0.033802919283456134,0.033802919283456134
2025-06-27,2025-06-30,2025-07-07,PLG,US,0.024390243902439025,1.0,0.01307188320294328,0.01307188320294328
2025-06-27,2025-06-30,2025-07-07,SBSW,US,0.024390243902439025,1.0,0.0983379279242298,0.0983379279242298
2025-06-27,2025-06-30,2025-07-07,SVM,US,0.024390243902439025,1.0,0.1492892220211941,0.1492892220211941
2025-06-27,2025-06-30,2025-07-07,TLOFF,US,0.024390243902439025,1.0,0.020942451183951105,0.020942451183951105
2025-06-27,2025-06-30,2025-07-07,UEC,US,0.024390243902439025,1.0,-0.03382353126796467,-0.03382353126796467
2025-06-27,2025-06-30,2025-07-07,VALE,US,0.024390243902439025,1.0,0.02368692114102222,0.02368692114102222
2025-06-27,2025-06-30,2025-07-07,WPM,US,0.024390243902439025,1.0,0.03129165203696571,0.03129165203696571
2025-06-27,2025-06-30,2025-07-07,2899.HK,HK,0.024390243902439025,0.5,0.014962566346570227,0.014962566346570227
2025-06-27,2025-06-30,2025-07-07,601168.SH,CN_A,0.024390243902439025,0.5,0.02525558790741944,0.02525558790741944
2025-06-27,2025-06-30,2025-07-07,601899.SH,CN_A,0.024390243902439025,0.5,0.015384650261984767,0.015384650261984767
2025-06-27,2025-06-30,2025-07-07,HL,US,0.024390243902439025,0.5,0.02838058329439086,0.02838058329439086
2025-06-27,2025-06-30,2025-07-07,NEXA,US,0.024390243902439025,0.5,0.008064508376086854,0.008064508376086854
2025-06-27,2025-06-30,2025-07-07,TECK,US,0.024390243902439025,0.5,-0.0024763937704475047,-0.0024763937704475047
2025-06-27,2025-06-30,2025-07-07,UUUU,US,0.024390243902439025,0.5,0.0713043212890625,0.0713043212890625
2025-06-27,2025-06-30,2025-07-07,600497.SH,CN_A,0.024390243902439025,0.4444444444444444,0.0018904055331538938,0.0018904055331538938
2025-07-04,2025-07-07,2025-07-14,000408.SZ,CN_A,0.0136986301369863,1.0,0.015831803257118526,0.015831803257118526
2025-07-04,2025-07-07,2025-07-14,000630.SZ,CN_A,0.0136986301369863,1.0,0.008823540122544271,0.008823540122544271
2025-07-04,2025-07-07,2025-07-14,000792.SZ,CN_A,0.0136986301369863,1.0,0.03621488910584225,0.036214889105842474
2025-07-04,2025-07-07,2025-07-14,000807.SZ,CN_A,0.0136986301369863,1.0,0.002528484984973378,0.0025284849849736
2025-07-04,2025-07-07,2025-07-14,000831.SZ,CN_A,0.0136986301369863,1.0,0.11494576786773769,0.11494576786773769
2025-07-04,2025-07-07,2025-07-14,000933.SZ,CN_A,0.0136986301369863,1.0,0.01481042722819459,0.01481042722819459
2025-07-04,2025-07-07,2025-07-14,000970.SZ,CN_A,0.0136986301369863,1.0,0.07906166248766433,0.07906166248766433
2025-07-04,2025-07-07,2025-07-14,002155.SZ,CN_A,0.0136986301369863,1.0,0.017406117494684015,0.017406117494684015
2025-07-04,2025-07-07,2025-07-14,002340.SZ,CN_A,0.0136986301369863,1.0,0.01907788335243965,0.01907788335243965
2025-07-04,2025-07-07,2025-07-14,002460.SZ,CN_A,0.0136986301369863,1.0,0.03358644340161576,0.03358644340161554
2025-07-04,2025-07-07,2025-07-14,002466.SZ,CN_A,0.0136986301369863,1.0,0.06304343885709773,0.06304343885709773
2025-07-04,2025-07-07,2025-07-14,0358.HK,HK,0.0136986301369863,1.0,0.022164280432337424,0.022302521180493473
2025-07-04,2025-07-07,2025-07-14,0815.HK,HK,0.0136986301369863,1.0,0.24444448270915564,0.24493611937718862
2025-07-04,2025-07-07,2025-07-14,1164.HK,HK,0.0136986301369863,1.0,-0.08467743408543504,-0.08467743408543504
2025-07-04,2025-07-07,2025-07-14,1378.HK,HK,0.0136986301369863,1.0,0.003340820831948088,0.00334082083194831
2025-07-04,2025-07-07,2025-07-14,1772.HK,HK,0.0136986301369863,1.0,0.04655871902789066,0.04655871902789066
2025-07-04,2025-07-07,2025-07-14,2237.HK,HK,0.0136986301369863,1.0,0.05882356034843128,0.05882356034843106
2025-07-04,2025-07-07,2025-07-14,2302.HK,HK,0.0136986301369863,1.0,0.23291925258885926,0.23291925258885926
2025-07-04,2025-07-07,2025-07-14,2362.HK,HK,0.0136986301369863,1.0,0.0,0.0
2025-07-04,2025-07-07,2025-07-14,2600.HK,HK,0.0136986301369863,1.0,0.04588907128474373,0.04588907128474373
2025-07-04,2025-07-07,2025-07-14,300748.SZ,CN_A,0.0136986301369863,1.0,0.13586722473527568,0.13586722473527568
2025-07-04,2025-07-07,2025-07-14,300919.SZ,CN_A,0.0136986301369863,1.0,0.026461603920844068,0.026461603920844068
2025-07-04,2025-07-07,2025-07-14,3993.HK,HK,0.0136986301369863,1.0,-0.029197073827614606,-0.029338237289334157
2025-07-04,2025-07-07,2025-07-14,600111.SH,CN_A,0.0136986301369863,1.0,0.22358713333395475,0.22358713333395475
2025-07-04,2025-07-07,2025-07-14,600362.SH,CN_A,0.0136986301369863,1.0,0.014181317814704775,0.014181317814704553
2025-07-04,2025-07-07,2025-07-14,600366.SH,CN_A,0.0136986301369863,1.0,0.05836687151325726,0.05836687151325726
2025-07-04,2025-07-07,2025-07-14,600392.SH,CN_A,0.0136986301369863,1.0,0.17351979820185348,0.17351979820185326
2025-07-04,2025-07-07,2025-07-14,600516.SH,CN_A,0.0136986301369863,1.0,0.01720428955837261,0.01720428955837261
2025-07-04,2025-07-07,2025-07-14,600884.SH,CN_A,0.0136986301369863,1.0,-0.005376364484882101,-0.005376364484882101
2025-07-04,2025-07-07,2025-07-14,601020.SH,CN_A,0.0136986301369863,1.0,0.047594132189828775,0.04759413218982855
2025-07-04,2025-07-07,2025-07-14,601600.SH,CN_A,0.0136986301369863,1.0,0.01988641689688575,0.01988641689688575
2025-07-04,2025-07-07,2025-07-14,601985.SH,CN_A,0.0136986301369863,1.0,0.0,0.0
2025-07-04,2025-07-07,2025-07-14,603659.SH,CN_A,0.0136986301369863,1.0,-0.025295913514514323,-0.025295913514514212
2025-07-04,2025-07-07,2025-07-14,603799.SH,CN_A,0.0136986301369863,1.0,0.013126159306133589,0.013126159306133367
2025-07-04,2025-07-07,2025-07-14,603993.SH,CN_A,0.0136986301369863,1.0,-0.038004714439809906,-0.038004714439809906
2025-07-04,2025-07-07,2025-07-14,6680.HK,HK,0.0136986301369863,1.0,0.0908096332550592,0.0909492038936035
2025-07-04,2025-07-07,2025-07-14,9696.HK,HK,0.0136986301369863,1.0,0.06228377744527869,0.06228377744527869
2025-07-04,2025-07-07,2025-07-14,AA,US,0.0136986301369863,1.0,-0.0006708348803912134,-0.0006708348803912134
2025-07-04,2025-07-07,2025-07-14,ALB,US,0.0136986301369863,1.0,0.09725197897841609,0.09725197897841609
2025-07-04,2025-07-07,2025-07-14,ANGPY,US,0.0136986301369863,1.0,0.033834591356370014,0.033834591356370014
2025-07-04,2025-07-07,2025-07-14,BHP,US,0.0136986301369863,1.0,0.05122494221584328,0.05122494221584328
2025-07-04,2025-07-07,2025-07-14,CCJ,US,0.0136986301369863,1.0,-0.000664995823570047,-0.000664995823570047
2025-07-04,2025-07-07,2025-07-14,CDE,US,0.0136986301369863,1.0,-0.006322345345350144,-0.006322345345350144
2025-07-04,2025-07-07,2025-07-14,CENX,US,0.0136986301369863,1.0,0.10615126654900009,0.10615126654900009
2025-07-04,2025-07-07,2025-07-14,DNN,US,0.0136986301369863,1.0,0.027624349782459534,0.027624349782459534
2025-07-04,2025-07-07,2025-07-14,FCX,US,0.0136986301369863,1.0,0.011079245417253025,0.011079245417253025
2025-07-04,2025-07-07,2025-07-14,GPHOF,US,0.0136986301369863,1.0,-0.019193953046186207,-0.019193953046186207
2025-07-04,2025-07-07,2025-07-14,IMPUY,US,0.0136986301369863,1.0,0.01036270473359191,0.01036270473359191
2025-07-04,2025-07-07,2025-07-14,KALU,US,0.0136986301369863,1.0,0.06612176760849109,0.06612176760849109
2025-07-04,2025-07-07,2025-07-14,LAC,US,0.0136986301369863,1.0,0.09578544446294757,0.09578544446294757
2025-07-04,2025-07-07,2025-07-14,MP,US,0.0136986301369863,1.0,0.5626409549102771,0.5626409549102771
2025-07-04,2025-07-07,2025-07-14,NGLOY,US,0.0136986301369863,1.0,0.020054378719702948,0.020054378719702948
2025-07-04,2025-07-07,2025-07-14,NMG,US,0.0136986301369863,1.0,0.07228916095257998,0.07228916095257998
2025-07-04,2025-07-07,2025-07-14,NXE,US,0.0136986301369863,1.0,-0.00588234716633218,-0.00588234716633218
2025-07-04,2025-07-07,2025-07-14,PAAS,US,0.0136986301369863,1.0,0.013283348231582615,0.013283348231582615
2025-07-04,2025-07-07,2025-07-14,PLG,US,0.0136986301369863,1.0,0.15483872059356685,0.15483872059356685
2025-07-04,2025-07-07,2025-07-14,SBSW,US,0.0136986301369863,1.0,0.05926854797372605,0.05926854797372605
2025-07-04,2025-07-07,2025-07-14,SCCO,US,0.0136986301369863,1.0,-0.043345124558682224,-0.043345124558682224
2025-07-04,2025-07-07,2025-07-14,SGML,US,0.0136986301369863,1.0,0.18897638830014318,0.18897638830014318
2025-07-04,2025-07-07,2025-07-14,SQM,US,0.0136986301369863,1.0,0.05479824874319972,0.05479824874319972
2025-07-04,2025-07-07,2025-07-14,SVM,US,0.0136986301369863,1.0,0.04742265646675592,0.04742265646675592
2025-07-04,2025-07-07,2025-07-14,TLOFF,US,0.0136986301369863,1.0,0.035897400785167344,0.035897400785167344
2025-07-04,2025-07-07,2025-07-14,UAMY,US,0.0136986301369863,1.0,0.3230088593601499,0.3230088593601499
2025-07-04,2025-07-07,2025-07-14,UEC,US,0.0136986301369863,1.0,0.04414002348187074,0.04414002348187074
2025-07-04,2025-07-07,2025-07-14,USA,US,0.0136986301369863,1.0,-0.001462050359460565,-0.001462050359460565
2025-07-04,2025-07-07,2025-07-14,USAR,US,0.0136986301369863,1.0,0.23309061444513968,0.23309061444513968
2025-07-04,2025-07-07,2025-07-14,UUUU,US,0.0136986301369863,1.0,0.13798707833196167,0.13798707833196167
2025-07-04,2025-07-07,2025-07-14,VALE,US,0.0136986301369863,1.0,-0.004024172205224663,-0.004024172205224663
2025-07-04,2025-07-07,2025-07-14,WPM,US,0.0136986301369863,1.0,-0.013389387917000617,-0.013389387917000617
2025-07-04,2025-07-07,2025-07-14,WWR,US,0.0136986301369863,1.0,0.0166666501098216,0.0166666501098216
2025-07-04,2025-07-07,2025-07-14,600497.SH,CN_A,0.0136986301369863,0.1111111111111111,0.030188599228209823,0.030188599228210045
2025-07-11,2025-07-14,2025-07-21,000408.SZ,CN_A,0.0136986301369863,1.0,0.037217922271178816,0.037217922271178816
2025-07-11,2025-07-14,2025-07-21,000630.SZ,CN_A,0.0136986301369863,1.0,0.02623895706678714,0.02623895706678714
2025-07-11,2025-07-14,2025-07-21,000792.SZ,CN_A,0.0136986301369863,1.0,0.017474603717136494,0.017474603717136494
2025-07-11,2025-07-14,2025-07-21,000807.SZ,CN_A,0.0136986301369863,1.0,0.05611600335522371,0.05611600335522349
2025-07-11,2025-07-14,2025-07-21,000831.SZ,CN_A,0.0136986301369863,1.0,0.04988490036652915,0.04988490036652915
2025-07-11,2025-07-14,2025-07-21,000933.SZ,CN_A,0.0136986301369863,1.0,0.05545826290025291,0.05545826290025291
2025-07-11,2025-07-14,2025-07-21,000970.SZ,CN_A,0.0136986301369863,1.0,0.02254430100213911,0.02254430100213889
2025-07-11,2025-07-14,2025-07-21,002155.SZ,CN_A,0.0136986301369863,1.0,0.011589281956622122,0.011589281956622122
2025-07-11,2025-07-14,2025-07-21,002340.SZ,CN_A,0.0136986301369863,1.0,0.023400951472407616,0.023400951472407616
2025-07-11,2025-07-14,2025-07-21,002460.SZ,CN_A,0.0136986301369863,1.0,0.02685826866367136,0.02685826866367158
2025-07-11,2025-07-14,2025-07-21,002466.SZ,CN_A,0.0136986301369863,1.0,0.048787671807648314,0.048787671807648314
2025-07-11,2025-07-14,2025-07-21,0358.HK,HK,0.0136986301369863,1.0,0.026785678278981928,0.026785678278981706
2025-07-11,2025-07-14,2025-07-21,0815.HK,HK,0.0136986301369863,1.0,-0.07142860944173757,-0.07142860944173757
2025-07-11,2025-07-14,2025-07-21,1164.HK,HK,0.0136986301369863,1.0,0.017621128717675738,0.017180282885376652
2025-07-11,2025-07-14,2025-07-21,1378.HK,HK,0.0136986301369863,1.0,0.11820194801302852,0.11865870844631754
2025-07-11,2025-07-14,2025-07-21,1772.HK,HK,0.0136986301369863,1.0,0.017408038944060733,0.017408038944060733
2025-07-11,2025-07-14,2025-07-21,2237.HK,HK,0.0136986301369863,1.0,0.08333325054910778,0.08328058508362557
2025-07-11,2025-07-14,2025-07-21,2302.HK,HK,0.0136986301369863,1.0,0.03778333900953723,0.037663788951975086
2025-07-11,2025-07-14,2025-07-21,2362.HK,HK,0.0136986301369863,1.0,0.0,0.0
2025-07-11,2025-07-14,2025-07-21,2600.HK,HK,0.0136986301369863,1.0,0.1060329218831575,0.1060329218831575
2025-07-11,2025-07-14,2025-07-21,300748.SZ,CN_A,0.0136986301369863,1.0,0.028076866511101084,0.028076866511100862
2025-07-11,2025-07-14,2025-07-21,300919.SZ,CN_A,0.0136986301369863,1.0,0.024580400361009724,0.024580400361009724
2025-07-11,2025-07-14,2025-07-21,3993.HK,HK,0.0136986301369863,1.0,0.07393479235656986,0.07393479235656963
2025-07-11,2025-07-14,2025-07-21,600111.SH,CN_A,0.0136986301369863,1.0,0.17302543543780935,0.17302543543780935
2025-07-11,2025-07-14,2025-07-21,600362.SH,CN_A,0.0136986301369863,1.0,0.03389827657308353,0.03389827657308353
2025-07-11,2025-07-14,2025-07-21,600366.SH,CN_A,0.0136986301369863,1.0,0.015384641718817926,0.015384641718817926
2025-07-11,2025-07-14,2025-07-21,600392.SH,CN_A,0.0136986301369863,1.0,0.25704702292505544,0.25704702292505544
2025-07-11,2025-07-14,2025-07-21,600516.SH,CN_A,0.0136986301369863,1.0,0.03615952121281096,0.03615952121281096
2025-07-11,2025-07-14,2025-07-21,600884.SH,CN_A,0.0136986301369863,1.0,0.036756773252744956,0.036756773252744956
2025-07-11,2025-07-14,2025-07-21,601020.SH,CN_A,0.0136986301369863,1.0,0.06540186824935024,0.06540186824935024
2025-07-11,2025-07-14,2025-07-21,601600.SH,CN_A,0.0136986301369863,1.0,0.0626740731178772,0.0626740731178772
2025-07-11,2025-07-14,2025-07-21,601985.SH,CN_A,0.0136986301369863,1.0,-0.004054056687660124,-0.004054056687660013
2025-07-11,2025-07-14,2025-07-21,603659.SH,CN_A,0.0136986301369863,1.0,-0.0027609931985884684,-0.0027609931985883573
2025-07-11,2025-07-14,2025-07-21,603799.SH,CN_A,0.0136986301369863,1.0,0.02855633371867894,0.02855633371867894
2025-07-11,2025-07-14,2025-07-21,603993.SH,CN_A,0.0136986301369863,1.0,0.06543214041238521,0.06543214041238499
2025-07-11,2025-07-14,2025-07-21,6680.HK,HK,0.0136986301369863,1.0,0.01303911333482266,0.01303911333482266
2025-07-11,2025-07-14,2025-07-21,9696.HK,HK,0.0136986301369863,1.0,0.08957654500516354,0.08962940673763042
2025-07-11,2025-07-14,2025-07-21,AA,US,0.0136986301369863,1.0,0.03994615500348209,0.03994615500348209
2025-07-11,2025-07-14,2025-07-21,ALB,US,0.0136986301369863,1.0,0.07346593205217644,0.07346593205217644
2025-07-11,2025-07-14,2025-07-21,ANGPY,US,0.0136986301369863,1.0,0.0678788506265291,0.0678788506265291
2025-07-11,2025-07-14,2025-07-21,BHP,US,0.0136986301369863,1.0,0.024268134328783164,0.024268134328783164
2025-07-11,2025-07-14,2025-07-21,CCJ,US,0.0136986301369863,1.0,0.025818519166221243,0.025818519166221243
2025-07-11,2025-07-14,2025-07-21,CDE,US,0.0136986301369863,1.0,0.0031812352377715847,0.0031812352377715847
2025-07-11,2025-07-14,2025-07-21,CENX,US,0.0136986301369863,1.0,0.09251973899360322,0.09251973899360322
2025-07-11,2025-07-14,2025-07-21,DNN,US,0.0136986301369863,1.0,0.13440853702579614,0.13440853702579614
2025-07-11,2025-07-14,2025-07-21,FCX,US,0.0136986301369863,1.0,-0.006376448985363492,-0.006376448985363492
2025-07-11,2025-07-14,2025-07-21,GPHOF,US,0.0136986301369863,1.0,0.4363993334077516,0.4363993334077516
2025-07-11,2025-07-14,2025-07-21,IMPUY,US,0.0136986301369863,1.0,0.09846155685782532,0.09846155685782532
2025-07-11,2025-07-14,2025-07-21,KALU,US,0.0136986301369863,1.0,0.03213804512198548,0.03213804512198548
2025-07-11,2025-07-14,2025-07-21,LAC,US,0.0136986301369863,1.0,0.09090909090909083,0.09090909090909083
2025-07-11,2025-07-14,2025-07-21,MP,US,0.0136986301369863,1.0,0.21619945929104034,0.21619945929104034
2025-07-11,2025-07-14,2025-07-21,NGLOY,US,0.0136986301369863,1.0,0.029656765795591067,0.029656765795591067
2025-07-11,2025-07-14,2025-07-21,NMG,US,0.0136986301369863,1.0,0.1966292970094139,0.1966292970094139
2025-07-11,2025-07-14,2025-07-21,NXE,US,0.0136986301369863,1.0,0.014792884799814443,0.014792884799814443
2025-07-11,2025-07-14,2025-07-21,PAAS,US,0.0136986301369863,1.0,-0.009411862429191786,-0.009411862429191786
2025-07-11,2025-07-14,2025-07-21,PLG,US,0.0136986301369863,1.0,0.016759827507484282,0.016759827507484282
2025-07-11,2025-07-14,2025-07-21,SBSW,US,0.0136986301369863,1.0,0.1238095126830907,0.1238095126830907
2025-07-11,2025-07-14,2025-07-21,SCCO,US,0.0136986301369863,1.0,-0.019304018508481402,-0.019304018508481402
2025-07-11,2025-07-14,2025-07-21,SGML,US,0.0136986301369863,1.0,0.11589400888843415,0.11589400888843415
2025-07-11,2025-07-14,2025-07-21,SQM,US,0.0136986301369863,1.0,0.020569608018294216,0.020569608018294216
2025-07-11,2025-07-14,2025-07-21,SVM,US,0.0136986301369863,1.0,-0.09448815568187308,-0.09448815568187308
2025-07-11,2025-07-14,2025-07-21,TLOFF,US,0.0136986301369863,1.0,-0.009900980750178201,-0.009900980750178201
2025-07-11,2025-07-14,2025-07-21,UAMY,US,0.0136986301369863,1.0,0.18060199335474003,0.18060199335474003
2025-07-11,2025-07-14,2025-07-21,UEC,US,0.0136986301369863,1.0,0.166180735320419,0.166180735320419
2025-07-11,2025-07-14,2025-07-21,USA,US,0.0136986301369863,1.0,-0.004511222000469495,-0.004511222000469495
2025-07-11,2025-07-14,2025-07-21,USAR,US,0.0136986301369863,1.0,0.15443036833717683,0.15443036833717683
2025-07-11,2025-07-14,2025-07-21,UUUU,US,0.0136986301369863,1.0,0.31383733772232114,0.31383733772232114
2025-07-11,2025-07-14,2025-07-21,VALE,US,0.0136986301369863,1.0,0.02323232429222144,0.02323232429222144
2025-07-11,2025-07-14,2025-07-21,WPM,US,0.0136986301369863,1.0,0.00043771516703161595,0.00043771516703161595
2025-07-11,2025-07-14,2025-07-21,WWR,US,0.0136986301369863,1.0,0.6065573706418013,0.6065573706418013
2025-07-11,2025-07-14,2025-07-21,600497.SH,CN_A,0.0136986301369863,0.1111111111111111,0.027472583776945836,0.027472583776945836
2025-07-18,2025-07-21,2025-07-28,000408.SZ,CN_A,0.0136986301369863,1.0,0.06391566744851573,0.06391566744851573
2025-07-18,2025-07-21,2025-07-28,000630.SZ,CN_A,0.0136986301369863,1.0,0.031250109922427605,0.02419427965253318
2025-07-18,2025-07-21,2025-07-28,000792.SZ,CN_A,0.0136986301369863,1.0,0.03601116639076163,0.03601116639076163
2025-07-18,2025-07-21,2025-07-28,000807.SZ,CN_A,0.0136986301369863,1.0,-0.03522388017745637,-0.03368624448587387
2025-07-18,2025-07-21,2025-07-28,000831.SZ,CN_A,0.0136986301369863,1.0,0.11817734809762426,0.11817734809762426
2025-07-18,2025-07-21,2025-07-28,000933.SZ,CN_A,0.0136986301369863,1.0,0.028761106559003213,0.02601876779335477
2025-07-18,2025-07-21,2025-07-28,000970.SZ,CN_A,0.0136986301369863,1.0,0.11574804458587185,0.11574804458587185
2025-07-18,2025-07-21,2025-07-28,002155.SZ,CN_A,0.0136986301369863,1.0,-0.00218213700977965,-0.00218213700977965
2025-07-18,2025-07-21,2025-07-28,002340.SZ,CN_A,0.0136986301369863,1.0,0.019817090788850855,0.016509853485539683
2025-07-18,2025-07-21,2025-07-28,002460.SZ,CN_A,0.0136986301369863,1.0,0.0580430750803691,0.05878131285933641
2025-07-18,2025-07-21,2025-07-28,002466.SZ,CN_A,0.0136986301369863,1.0,0.13481894002424832,0.13481894002424832
2025-07-18,2025-07-21,2025-07-28,0358.HK,HK,0.0136986301369863,1.0,0.04099382282003372,0.04099382282003372
2025-07-18,2025-07-21,2025-07-28,0815.HK,HK,0.0136986301369863,1.0,-0.06730763058690403,-0.06730763058690403
2025-07-18,2025-07-21,2025-07-28,1164.HK,HK,0.0136986301369863,1.0,-0.08225110905926636,-0.08225110905926636
2025-07-18,2025-07-21,2025-07-28,1378.HK,HK,0.0136986301369863,1.0,0.04962780198519612,0.04962780198519612
2025-07-18,2025-07-21,2025-07-28,1772.HK,HK,0.0136986301369863,1.0,0.09315594813563122,0.09255689356001895
2025-07-18,2025-07-21,2025-07-28,2237.HK,HK,0.0136986301369863,1.0,-0.05128200425668883,-0.05128200425668872
2025-07-18,2025-07-21,2025-07-28,2302.HK,HK,0.0136986301369863,1.0,-0.03398055106173814,-0.03398055106173825
2025-07-18,2025-07-21,2025-07-28,2362.HK,HK,0.0136986301369863,1.0,0.0,1.2782034208846937e-05
2025-07-18,2025-07-21,2025-07-28,2600.HK,HK,0.0136986301369863,1.0,0.0462809755225313,0.04618940494636736
2025-07-18,2025-07-21,2025-07-28,300748.SZ,CN_A,0.0136986301369863,1.0,0.06808829622101364,0.06796956706948576
2025-07-18,2025-07-21,2025-07-28,300919.SZ,CN_A,0.0136986301369863,1.0,0.0315972443386201,0.0315972443386201
2025-07-18,2025-07-21,2025-07-28,3993.HK,HK,0.0136986301369863,1.0,0.0700117405056051,0.0700117405056051
2025-07-18,2025-07-21,2025-07-28,600111.SH,CN_A,0.0136986301369863,1.0,0.14293874618129498,0.14293874618129498
2025-07-18,2025-07-21,2025-07-28,600362.SH,CN_A,0.0136986301369863,1.0,0.008016886664768963,0.00693496633859314
2025-07-18,2025-07-21,2025-07-28,600366.SH,CN_A,0.0136986301369863,1.0,0.07575754291755143,0.07575754291755143
2025-07-18,2025-07-21,2025-07-28,600392.SH,CN_A,0.0136986301369863,1.0,0.3128669954118046,0.312388309041741
2025-07-18,2025-07-21,2025-07-28,600516.SH,CN_A,0.0136986301369863,1.0,0.004098356651125901,0.004098356651125679
2025-07-18,2025-07-21,2025-07-28,600884.SH,CN_A,0.0136986301369863,1.0,0.05735142669277682,0.05735142669277682
2025-07-18,2025-07-21,2025-07-28,601020.SH,CN_A,0.0136986301369863,1.0,-0.016869756690601756,-0.016869756690601867
2025-07-18,2025-07-21,2025-07-28,601600.SH,CN_A,0.0136986301369863,1.0,0.0,0.0
2025-07-18,2025-07-21,2025-07-28,601985.SH,CN_A,0.0136986301369863,1.0,-0.0021551593181391437,-0.0021551593181391437
2025-07-18,2025-07-21,2025-07-28,603659.SH,CN_A,0.0136986301369863,1.0,0.040974494033032105,0.040974494033032105
2025-07-18,2025-07-21,2025-07-28,603799.SH,CN_A,0.0136986301369863,1.0,0.16709510551029827,0.16709510551029805
2025-07-18,2025-07-21,2025-07-28,603993.SH,CN_A,0.0136986301369863,1.0,0.061413541803146066,0.061413541803146066
2025-07-18,2025-07-21,2025-07-28,6680.HK,HK,0.0136986301369863,1.0,0.0,0.0
2025-07-18,2025-07-21,2025-07-28,9696.HK,HK,0.0136986301369863,1.0,0.1270553035295814,0.1270553035295814
2025-07-18,2025-07-21,2025-07-28,AA,US,0.0136986301369863,1.0,-0.00968361801640294,-0.00968361801640294
2025-07-18,2025-07-21,2025-07-28,ALB,US,0.0136986301369863,1.0,-0.030848973195980456,-0.030848973195980456
2025-07-18,2025-07-21,2025-07-28,ANGPY,US,0.0136986301369863,1.0,-0.0817253748754847,-0.0817253748754847
2025-07-18,2025-07-21,2025-07-28,BHP,US,0.0136986301369863,1.0,-0.016923706977483466,-0.016923706977483466
2025-07-18,2025-07-21,2025-07-28,CCJ,US,0.0136986301369863,1.0,0.02672541803124484,0.02672541803124484
2025-07-18,2025-07-21,2025-07-28,CDE,US,0.0136986301369863,1.0,-0.03911205863468192,-0.03911205863468192
2025-07-18,2025-07-21,2025-07-28,CENX,US,0.0136986301369863,1.0,0.019819757278725758,0.019819757278725758
2025-07-18,2025-07-21,2025-07-28,DNN,US,0.0136986301369863,1.0,0.05213276729068683,0.05213276729068683
2025-07-18,2025-07-21,2025-07-28,FCX,US,0.0136986301369863,1.0,-0.030980258308550557,-0.030980258308550557
2025-07-18,2025-07-21,2025-07-28,GPHOF,US,0.0136986301369863,1.0,-0.1035422779221562,-0.1035422779221562
2025-07-18,2025-07-21,2025-07-28,IMPUY,US,0.0136986301369863,1.0,-0.04388420892018907,-0.04388420892018907
2025-07-18,2025-07-21,2025-07-28,KALU,US,0.0136986301369863,1.0,-0.09335592712004204,-0.09335592712004204
2025-07-18,2025-07-21,2025-07-28,LAC,US,0.0136986301369863,1.0,-0.09294870913146247,-0.09294870913146247
2025-07-18,2025-07-21,2025-07-28,MP,US,0.0136986301369863,1.0,0.08642607073176833,0.08642607073176833
2025-07-18,2025-07-21,2025-07-28,NGLOY,US,0.0136986301369863,1.0,-0.023300986429353743,-0.023300986429353743
2025-07-18,2025-07-21,2025-07-28,NMG,US,0.0136986301369863,1.0,-0.07981223810336124,-0.07981223810336124
2025-07-18,2025-07-21,2025-07-28,NXE,US,0.0136986301369863,1.0,0.04081628681073313,0.04081628681073313
2025-07-18,2025-07-21,2025-07-28,PAAS,US,0.0136986301369863,1.0,-0.032575469934161605,-0.032575469934161605
2025-07-18,2025-07-21,2025-07-28,PLG,US,0.0136986301369863,1.0,-0.09890113273056667,-0.09890113273056667
2025-07-18,2025-07-21,2025-07-28,SBSW,US,0.0136986301369863,1.0,-0.023304912952882284,-0.023304912952882284
2025-07-18,2025-07-21,2025-07-28,SCCO,US,0.0136986301369863,1.0,-0.009586785003910081,-0.009586785003910081
2025-07-18,2025-07-21,2025-07-28,SGML,US,0.0136986301369863,1.0,-0.02818984967884941,-0.02818984967884941
2025-07-18,2025-07-21,2025-07-28,SQM,US,0.0136986301369863,1.0,0.011111169818611488,0.011111169818611488
2025-07-18,2025-07-21,2025-07-28,SVM,US,0.0136986301369863,1.0,0.002173866798384827,0.002173866798384827
2025-07-18,2025-07-21,2025-07-28,TLOFF,US,0.0136986301369863,1.0,0.07500004768371582,0.07500004768371582
2025-07-18,2025-07-21,2025-07-28,UAMY,US,0.0136986301369863,1.0,-0.05382437925223427,-0.05382437925223427
2025-07-18,2025-07-21,2025-07-28,UEC,US,0.0136986301369863,1.0,0.12374997138977051,0.12374997138977051
2025-07-18,2025-07-21,2025-07-28,USA,US,0.0136986301369863,1.0,0.006042220465186876,0.006042220465186876
2025-07-18,2025-07-21,2025-07-28,USAR,US,0.0136986301369863,1.0,-0.11549706786982072,-0.11549706786982072
2025-07-18,2025-07-21,2025-07-28,UUUU,US,0.0136986301369863,1.0,0.09011942673922602,0.09011942673922602
2025-07-18,2025-07-21,2025-07-28,VALE,US,0.0136986301369863,1.0,-0.028627879508321574,-0.028627879508321574
2025-07-18,2025-07-21,2025-07-28,WPM,US,0.0136986301369863,1.0,0.00350077529426307,0.00350077529426307
2025-07-18,2025-07-21,2025-07-28,WWR,US,0.0136986301369863,1.0,-0.15306125800344395,-0.15306125800344395
2025-07-18,2025-07-21,2025-07-28,600497.SH,CN_A,0.0136986301369863,0.1111111111111111,0.012477594221200539,0.01191101278815121
2025-07-25,2025-07-28,2025-08-04,000408.SZ,CN_A,0.0136986301369863,1.0,0.008010167035828797,0.008010167035828797
2025-07-25,2025-07-28,2025-08-04,000630.SZ,CN_A,0.0136986301369863,1.0,-0.027548309411373206,-0.027548309411373095
2025-07-25,2025-07-28,2025-08-04,000792.SZ,CN_A,0.0136986301369863,1.0,-0.030481367856546204,-0.030481367856546204
2025-07-25,2025-07-28,2025-08-04,000807.SZ,CN_A,0.0136986301369863,1.0,-0.024133588991949284,-0.024133588991949173
2025-07-25,2025-07-28,2025-08-04,000831.SZ,CN_A,0.0136986301369863,1.0,-0.1026367214451327,-0.1026367214451327
2025-07-25,2025-07-28,2025-08-04,000933.SZ,CN_A,0.0136986301369863,1.0,-0.04354830279171973,-0.04354830279171973
2025-07-25,2025-07-28,2025-08-04,000970.SZ,CN_A,0.0136986301369863,1.0,-0.07480593605766706,-0.07480593605766706
2025-07-25,2025-07-28,2025-08-04,002155.SZ,CN_A,0.0136986301369863,1.0,-0.0005467008705160037,-0.0005467008705161147
2025-07-25,2025-07-28,2025-08-04,002340.SZ,CN_A,0.0136986301369863,1.0,-0.03437967370796202,-0.03437967370796191
2025-07-25,2025-07-28,2025-08-04,002460.SZ,CN_A,0.0136986301369863,1.0,-0.06191219977693785,-0.06191219977693796
2025-07-25,2025-07-28,2025-08-04,002466.SZ,CN_A,0.0136986301369863,1.0,-0.06504667198576897,-0.06504667198576897
2025-07-25,2025-07-28,2025-08-04,0358.HK,HK,0.0136986301369863,1.0,-0.051909322437864946,-0.05186456058930389
2025-07-25,2025-07-28,2025-08-04,0815.HK,HK,0.0136986301369863,1.0,-0.04123713430708065,-0.04077260408440997
2025-07-25,2025-07-28,2025-08-04,1164.HK,HK,0.0136986301369863,1.0,-0.01886790755296608,-0.01886790755296608
2025-07-25,2025-07-28,2025-08-04,1378.HK,HK,0.0136986301369863,1.0,-0.009929028553495534,-0.009929028553495645
2025-07-25,2025-07-28,2025-08-04,1772.HK,HK,0.0136986301369863,1.0,-0.08800000266045094,-0.08800000266045094
2025-07-25,2025-07-28,2025-08-04,2237.HK,HK,0.0136986301369863,1.0,-0.05405408235428677,-0.05405408235428677
2025-07-25,2025-07-28,2025-08-04,2302.HK,HK,0.0136986301369863,1.0,-0.06030150964487013,-0.06030150964487002
2025-07-25,2025-07-28,2025-08-04,2362.HK,HK,0.0136986301369863,1.0,0.0,0.0
2025-07-25,2025-07-28,2025-08-04,2600.HK,HK,0.0136986301369863,1.0,-0.014218010207053489,-0.014218010207053489
2025-07-25,2025-07-28,2025-08-04,300748.SZ,CN_A,0.0136986301369863,1.0,-0.05394035581508383,-0.05394035581508372
2025-07-25,2025-07-28,2025-08-04,300919.SZ,CN_A,0.0136986301369863,1.0,-0.04112289479981579,-0.0411228947998159
2025-07-25,2025-07-28,2025-08-04,3993.HK,HK,0.0136986301369863,1.0,0.0,-0.00025596470447297737
2025-07-25,2025-07-28,2025-08-04,600111.SH,CN_A,0.0136986301369863,1.0,-0.09385925628144542,-0.09385925628144542
2025-07-25,2025-07-28,2025-08-04,600362.SH,CN_A,0.0136986301369863,1.0,-0.04939306418793421,-0.04939306418793421
2025-07-25,2025-07-28,2025-08-04,600366.SH,CN_A,0.0136986301369863,1.0,-0.08372454751025704,-0.08372454751025704
2025-07-25,2025-07-28,2025-08-04,600392.SH,CN_A,0.0136986301369863,1.0,-0.1459942861710224,-0.1459942861710224
2025-07-25,2025-07-28,2025-08-04,600516.SH,CN_A,0.0136986301369863,1.0,-0.02653063508382847,-0.02653063508382858
2025-07-25,2025-07-28,2025-08-04,600884.SH,CN_A,0.0136986301369863,1.0,0.050295784806689614,0.050295784806689614
2025-07-25,2025-07-28,2025-08-04,601020.SH,CN_A,0.0136986301369863,1.0,-0.02573875214303989,-0.02573875214303989
2025-07-25,2025-07-28,2025-08-04,601600.SH,CN_A,0.0136986301369863,1.0,-0.024901649830150308,-0.024901649830150308
2025-07-25,2025-07-28,2025-08-04,601985.SH,CN_A,0.0136986301369863,1.0,-0.010799173519684624,-0.010799173519684624
2025-07-25,2025-07-28,2025-08-04,603659.SH,CN_A,0.0136986301369863,1.0,-0.05851056225850981,-0.058510562258509924
2025-07-25,2025-07-28,2025-08-04,603799.SH,CN_A,0.0136986301369863,1.0,-0.05792952217617231,-0.05792952217617231
2025-07-25,2025-07-28,2025-08-04,603993.SH,CN_A,0.0136986301369863,1.0,0.010917155989420335,0.010917155989420335
2025-07-25,2025-07-28,2025-08-04,6680.HK,HK,0.0136986301369863,1.0,-0.0841584124999506,-0.08399079360443784
2025-07-25,2025-07-28,2025-08-04,9696.HK,HK,0.0136986301369863,1.0,-0.04615388974149004,-0.04615388974148993
2025-07-25,2025-07-28,2025-08-04,AA,US,0.0136986301369863,1.0,-0.05084747464478856,-0.05084747464478856
2025-07-25,2025-07-28,2025-08-04,ALB,US,0.0136986301369863,1.0,-0.08305479826490725,-0.08305479826490725
2025-07-25,2025-07-28,2025-08-04,ANGPY,US,0.0136986301369863,1.0,-0.03955502566612068,-0.03955502566612068
2025-07-25,2025-07-28,2025-08-04,BHP,US,0.0136986301369863,1.0,-0.012432983782925566,-0.012432983782925566
2025-07-25,2025-07-28,2025-08-04,CCJ,US,0.0136986301369863,1.0,-0.04902703402338282,-0.04902703402338282
2025-07-25,2025-07-28,2025-08-04,CDE,US,0.0136986301369863,1.0,0.013201322905148194,0.013201322905148194
2025-07-25,2025-07-28,2025-08-04,CENX,US,0.0136986301369863,1.0,-0.09849821565171679,-0.09849821565171679
2025-07-25,2025-07-28,2025-08-04,DNN,US,0.0136986301369863,1.0,-0.04054050135560294,-0.04054050135560294
2025-07-25,2025-07-28,2025-08-04,FCX,US,0.0136986301369863,1.0,-0.0769582251221611,-0.0769582251221611
2025-07-25,2025-07-28,2025-08-04,GPHOF,US,0.0136986301369863,1.0,0.15957449892240594,0.15957449892240594
2025-07-25,2025-07-28,2025-08-04,IMPUY,US,0.0136986301369863,1.0,-0.04589842499162933,-0.04589842499162933
2025-07-25,2025-07-28,2025-08-04,KALU,US,0.0136986301369863,1.0,-0.11354243587425572,-0.11354243587425572
2025-07-25,2025-07-28,2025-08-04,LAC,US,0.0136986301369863,1.0,-0.06360418133965973,-0.06360418133965973
2025-07-25,2025-07-28,2025-08-04,MP,US,0.0136986301369863,1.0,0.020433591422899244,0.020433591422899244
2025-07-25,2025-07-28,2025-08-04,NGLOY,US,0.0136986301369863,1.0,-0.08946320234678096,-0.08946320234678096
2025-07-25,2025-07-28,2025-08-04,NMG,US,0.0136986301369863,1.0,-0.10204083866896263,-0.10204083866896263
2025-07-25,2025-07-28,2025-08-04,NXE,US,0.0136986301369863,1.0,-0.05322123875484053,-0.05322123875484053
2025-07-25,2025-07-28,2025-08-04,PAAS,US,0.0136986301369863,1.0,-0.012977951587599845,-0.012977951587599845
2025-07-25,2025-07-28,2025-08-04,PLG,US,0.0136986301369863,1.0,-0.04878051439826525,-0.04878051439826525
2025-07-25,2025-07-28,2025-08-04,SBSW,US,0.0136986301369863,1.0,-0.029284287342623228,-0.029284287342623228
2025-07-25,2025-07-28,2025-08-04,SCCO,US,0.0136986301369863,1.0,-0.041808371023311475,-0.041808371023311475
2025-07-25,2025-07-28,2025-08-04,SGML,US,0.0136986301369863,1.0,-0.22442751514849724,-0.22442751514849724
2025-07-25,2025-07-28,2025-08-04,SQM,US,0.0136986301369863,1.0,-0.07027857049331354,-0.07027857049331354
2025-07-25,2025-07-28,2025-08-04,SVM,US,0.0136986301369863,1.0,-0.030368843742615947,-0.030368843742615947
2025-07-25,2025-07-28,2025-08-04,TLOFF,US,0.0136986301369863,1.0,0.05581389778430412,0.05581389778430412
2025-07-25,2025-07-28,2025-08-04,UAMY,US,0.0136986301369863,1.0,0.06287426453398615,0.06287426453398615
2025-07-25,2025-07-28,2025-08-04,UEC,US,0.0136986301369863,1.0,0.0244716654760766,0.0244716654760766
2025-07-25,2025-07-28,2025-08-04,USA,US,0.0136986301369863,1.0,-0.028528562377807765,-0.028528562377807765
2025-07-25,2025-07-28,2025-08-04,USAR,US,0.0136986301369863,1.0,0.1561982917407867,0.1561982917407867
2025-07-25,2025-07-28,2025-08-04,UUUU,US,0.0136986301369863,1.0,-0.03187247968526463,-0.03187247968526463
2025-07-25,2025-07-28,2025-08-04,VALE,US,0.0136986301369863,1.0,0.0010163199210844187,0.0010163199210844187
2025-07-25,2025-07-28,2025-08-04,WPM,US,0.0136986301369863,1.0,0.04513248111679391,0.04513248111679391
2025-07-25,2025-07-28,2025-08-04,WWR,US,0.0136986301369863,1.0,-0.07228916095257987,-0.07228916095257987
2025-07-25,2025-07-28,2025-08-04,600497.SH,CN_A,0.0136986301369863,0.1111111111111111,-0.028168943518771195,-0.028168943518771195
2025-08-01,2025-08-04,2025-08-11,000408.SZ,CN_A,0.0136986301369863,1.0,0.05520696523082691,0.05520696523082691
2025-08-01,2025-08-04,2025-08-11,000630.SZ,CN_A,0.0136986301369863,1.0,0.14730883681219553,0.14730883681219553
2025-08-01,2025-08-04,2025-08-11,000792.SZ,CN_A,0.0136986301369863,1.0,0.09542203693691786,0.09542203693691786
2025-08-01,2025-08-04,2025-08-11,000807.SZ,CN_A,0.0136986301369863,1.0,0.06277732293785321,0.06277732293785299
2025-08-01,2025-08-04,2025-08-11,000831.SZ,CN_A,0.0136986301369863,1.0,0.0420106733709491,0.0420106733709491
2025-08-01,2025-08-04,2025-08-11,000933.SZ,CN_A,0.0136986301369863,1.0,0.057335510626091324,0.057335510626091324
2025-08-01,2025-08-04,2025-08-11,000970.SZ,CN_A,0.0136986301369863,1.0,0.06407320236595604,0.06407320236595604
2025-08-01,2025-08-04,2025-08-11,002155.SZ,CN_A,0.0136986301369863,1.0,0.00820563306306843,0.008205633063068651
2025-08-01,2025-08-04,2025-08-11,002340.SZ,CN_A,0.0136986301369863,1.0,0.04024763939773246,0.04024763939773246
2025-08-01,2025-08-04,2025-08-11,002460.SZ,CN_A,0.0136986301369863,1.0,0.1280979808874212,0.1280979808874212
2025-08-01,2025-08-04,2025-08-11,002466.SZ,CN_A,0.0136986301369863,1.0,0.17904961059342117,0.17904961059342117
2025-08-01,2025-08-04,2025-08-11,0358.HK,HK,0.0136986301369863,1.0,0.0981750268753303,0.0981750268753303
2025-08-01,2025-08-04,2025-08-11,0815.HK,HK,0.0136986301369863,1.0,-0.0322580975953628,-0.0322580975953628
2025-08-01,2025-08-04,2025-08-11,1164.HK,HK,0.0136986301369863,1.0,0.07692312100935417,0.07691625060459661
2025-08-01,2025-08-04,2025-08-11,1378.HK,HK,0.0136986301369863,1.0,0.060171905708789275,0.06053739684181991
2025-08-01,2025-08-04,2025-08-11,1772.HK,HK,0.0136986301369863,1.0,0.2967201409047182,0.2967201409047182
2025-08-01,2025-08-04,2025-08-11,2237.HK,HK,0.0136986301369863,1.0,0.07142858967489163,0.07080397862282406
2025-08-01,2025-08-04,2025-08-11,2302.HK,HK,0.0136986301369863,1.0,0.00802138270408359,0.00835688142567892
2025-08-01,2025-08-04,2025-08-11,2362.HK,HK,0.0136986301369863,1.0,0.0,0.0
2025-08-01,2025-08-04,2025-08-11,2600.HK,HK,0.0136986301369863,1.0,0.06250002923217601,0.06250002923217601
2025-08-01,2025-08-04,2025-08-11,300748.SZ,CN_A,0.0136986301369863,1.0,0.04257678903723083,0.04257678903723083
2025-08-01,2025-08-04,2025-08-11,300919.SZ,CN_A,0.0136986301369863,1.0,0.03697122992101942,0.03697122992101942
2025-08-01,2025-08-04,2025-08-11,3993.HK,HK,0.0136986301369863,1.0,0.0916030566671473,0.0916030566671473
2025-08-01,2025-08-04,2025-08-11,600111.SH,CN_A,0.0136986301369863,1.0,0.06473835268370487,0.06473835268370487
2025-08-01,2025-08-04,2025-08-11,600362.SH,CN_A,0.0136986301369863,1.0,0.057683927270516744,0.057683927270516966
2025-08-01,2025-08-04,2025-08-11,600366.SH,CN_A,0.0136986301369863,1.0,0.2809564433078897,0.2809564433078897
2025-08-01,2025-08-04,2025-08-11,600392.SH,CN_A,0.0136986301369863,1.0,0.08428573418527208,0.08428573418527185
2025-08-01,2025-08-04,2025-08-11,600516.SH,CN_A,0.0136986301369863,1.0,0.016771472542126853,0.016771472542126853
2025-08-01,2025-08-04,2025-08-11,600884.SH,CN_A,0.0136986301369863,1.0,0.06572777352231074,0.06572777352231052
2025-08-01,2025-08-04,2025-08-11,601020.SH,CN_A,0.0136986301369863,1.0,0.012720167421161221,0.012720167421161221
2025-08-01,2025-08-04,2025-08-11,601600.SH,CN_A,0.0136986301369863,1.0,0.027811047184719717,0.02781104718471994
2025-08-01,2025-08-04,2025-08-11,601985.SH,CN_A,0.0136986301369863,1.0,0.0,0.0
2025-08-01,2025-08-04,2025-08-11,603659.SH,CN_A,0.0136986301369863,1.0,0.01977398893425364,0.01977398893425364
2025-08-01,2025-08-04,2025-08-11,603799.SH,CN_A,0.0136986301369863,1.0,0.048866028851471066,0.048866028851471066
2025-08-01,2025-08-04,2025-08-11,603993.SH,CN_A,0.0136986301369863,1.0,0.06047503452194669,0.06047503452194669
2025-08-01,2025-08-04,2025-08-11,6680.HK,HK,0.0136986301369863,1.0,0.048648504086769906,0.048648504086769906
2025-08-01,2025-08-04,2025-08-11,9696.HK,HK,0.0136986301369863,1.0,0.3481646489576733,0.3477327869497473
2025-08-01,2025-08-04,2025-08-11,AA,US,0.0136986301369863,1.0,0.007211561347295392,0.007211561347295392
2025-08-01,2025-08-04,2025-08-11,ALB,US,0.0136986301369863,1.0,0.17794640216713842,0.17794640216713842
2025-08-01,2025-08-04,2025-08-11,ANGPY,US,0.0136986301369863,1.0,0.03474904064402007,0.03474904064402007
2025-08-01,2025-08-04,2025-08-11,BHP,US,0.0136986301369863,1.0,0.03253923438469419,0.03253923438469419
2025-08-01,2025-08-04,2025-08-11,CCJ,US,0.0136986301369863,1.0,0.03202235704333911,0.03202235704333911
2025-08-01,2025-08-04,2025-08-11,CDE,US,0.0136986301369863,1.0,0.26058626958108966,0.26058626958108966
2025-08-01,2025-08-04,2025-08-11,CENX,US,0.0136986301369863,1.0,0.1019108250493097,0.1019108250493097
2025-08-01,2025-08-04,2025-08-11,DNN,US,0.0136986301369863,1.0,-0.004694942884761688,-0.004694942884761688
2025-08-01,2025-08-04,2025-08-11,FCX,US,0.0136986301369863,1.0,0.025729853900753774,0.025729853900753774
2025-08-01,2025-08-04,2025-08-11,GPHOF,US,0.0136986301369863,1.0,-0.05766714142064977,-0.05766714142064977
2025-08-01,2025-08-04,2025-08-11,IMPUY,US,0.0136986301369863,1.0,-0.030706272916539046,-0.030706272916539046
2025-08-01,2025-08-04,2025-08-11,KALU,US,0.0136986301369863,1.0,-0.006582617343931618,-0.006582617343931618
2025-08-01,2025-08-04,2025-08-11,LAC,US,0.0136986301369863,1.0,0.15094333681274508,0.15094333681274508
2025-08-01,2025-08-04,2025-08-11,MP,US,0.0136986301369863,1.0,0.11112816380224211,0.11112816380224211
2025-08-01,2025-08-04,2025-08-11,NGLOY,US,0.0136986301369863,1.0,0.05021839138330786,0.05021839138330786
2025-08-01,2025-08-04,2025-08-11,NMG,US,0.0136986301369863,1.0,0.11647729774213533,0.11647729774213533
2025-08-01,2025-08-04,2025-08-11,NXE,US,0.0136986301369863,1.0,0.01183430783985151,0.01183430783985151
2025-08-01,2025-08-04,2025-08-11,PAAS,US,0.0136986301369863,1.0,0.12117987980486022,0.12117987980486022
2025-08-01,2025-08-04,2025-08-11,PLG,US,0.0136986301369863,1.0,-0.012820501064172207,-0.012820501064172207
2025-08-01,2025-08-04,2025-08-11,SBSW,US,0.0136986301369863,1.0,-0.0335195634861416,-0.0335195634861416
2025-08-01,2025-08-04,2025-08-11,SCCO,US,0.0136986301369863,1.0,0.0329930568260024,0.0329930568260024
2025-08-01,2025-08-04,2025-08-11,SGML,US,0.0136986301369863,1.0,0.3149606158783773,0.3149606158783773
2025-08-01,2025-08-04,2025-08-11,SQM,US,0.0136986301369863,1.0,0.26168224992846967,0.26168224992846967
2025-08-01,2025-08-04,2025-08-11,SVM,US,0.0136986301369863,1.0,-0.008948463441495136,-0.008948463441495136
2025-08-01,2025-08-04,2025-08-11,TLOFF,US,0.0136986301369863,1.0,0.29515422111170286,0.29515422111170286
2025-08-01,2025-08-04,2025-08-11,UAMY,US,0.0136986301369863,1.0,0.06760563739730463,0.06760563739730463
2025-08-01,2025-08-04,2025-08-11,UEC,US,0.0136986301369863,1.0,0.05211721392488755,0.05211721392488755
2025-08-01,2025-08-04,2025-08-11,USA,US,0.0136986301369863,1.0,-0.0015455758840550171,-0.0015455758840550171
2025-08-01,2025-08-04,2025-08-11,USAR,US,0.0136986301369863,1.0,0.10364544910562534,0.10364544910562534
2025-08-01,2025-08-04,2025-08-11,UUUU,US,0.0136986301369863,1.0,-0.011316934910454157,-0.011316934910454157
2025-08-01,2025-08-04,2025-08-11,VALE,US,0.0136986301369863,1.0,0.035532972974797294,0.035532972974797294
2025-08-01,2025-08-04,2025-08-11,WPM,US,0.0136986301369863,1.0,0.01710642147172514,0.01710642147172514
2025-08-01,2025-08-04,2025-08-11,WWR,US,0.0136986301369863,1.0,-0.07792208294861247,-0.07792208294861247
2025-08-01,2025-08-04,2025-08-11,600497.SH,CN_A,0.0136986301369863,0.1111111111111111,0.030797071214710092,0.030797071214710092
2025-08-08,2025-08-11,2025-08-18,000408.SZ,CN_A,0.015873015873015872,1.0,-0.013277803484589734,-0.013277803484589623
2025-08-08,2025-08-11,2025-08-18,000426.SZ,CN_A,0.015873015873015872,1.0,0.09458033647287079,0.09458033647287079
2025-08-08,2025-08-11,2025-08-18,000792.SZ,CN_A,0.015873015873015872,1.0,-0.02920442627800035,-0.02920442627800024
2025-08-08,2025-08-11,2025-08-18,000831.SZ,CN_A,0.015873015873015872,1.0,0.04730829145922977,0.04730829145922977
2025-08-08,2025-08-11,2025-08-18,000960.SZ,CN_A,0.015873015873015872,1.0,0.0,0.0
2025-08-08,2025-08-11,2025-08-18,000970.SZ,CN_A,0.015873015873015872,1.0,0.08243733072189952,0.08243733072189952
2025-08-08,2025-08-11,2025-08-18,002460.SZ,CN_A,0.015873015873015872,1.0,-0.02888171358731939,-0.02888171358731939
2025-08-08,2025-08-11,2025-08-18,002466.SZ,CN_A,0.015873015873015872,1.0,-0.010020057102391289,-0.010020057102391289
2025-08-08,2025-08-11,2025-08-18,0815.HK,HK,0.015873015873015872,1.0,0.011111167036458314,0.011111167036458314
2025-08-08,2025-08-11,2025-08-18,1164.HK,HK,0.015873015873015872,1.0,0.06696432800393315,0.06696432800393315
2025-08-08,2025-08-11,2025-08-18,1772.HK,HK,0.015873015873015872,1.0,-0.006470656518663964,-0.005847136462597713
2025-08-08,2025-08-11,2025-08-18,2237.HK,HK,0.015873015873015872,1.0,-0.06666668256123864,-0.06666668256123864
2025-08-08,2025-08-11,2025-08-18,2302.HK,HK,0.015873015873015872,1.0,0.06366054354630002,0.0636605435462998
2025-08-08,2025-08-11,2025-08-18,2899.HK,HK,0.015873015873015872,1.0,0.027121537990049793,0.027121537990049793
2025-08-08,2025-08-11,2025-08-18,300748.SZ,CN_A,0.015873015873015872,1.0,0.04119315886278696,0.04119315886278696
2025-08-08,2025-08-11,2025-08-18,600111.SH,CN_A,0.015873015873015872,1.0,0.10996122589014323,0.10996122589014323
2025-08-08,2025-08-11,2025-08-18,600366.SH,CN_A,0.015873015873015872,1.0,0.17933336893717455,0.17933336893717455
2025-08-08,2025-08-11,2025-08-18,600392.SH,CN_A,0.015873015873015872,1.0,0.11374620523690959,0.11374620523690959
2025-08-08,2025-08-11,2025-08-18,600516.SH,CN_A,0.015873015873015872,1.0,0.00206190290277819,0.00206190290277819
2025-08-08,2025-08-11,2025-08-18,600531.SH,CN_A,0.015873015873015872,1.0,0.0011696173869881754,0.0011696173869881754
2025-08-08,2025-08-11,2025-08-18,600884.SH,CN_A,0.015873015873015872,1.0,0.04405286195552138,0.04405286195552138
2025-08-08,2025-08-11,2025-08-18,600961.SH,CN_A,0.015873015873015872,1.0,0.01487597899394455,0.01487597899394455
2025-08-08,2025-08-11,2025-08-18,601168.SH,CN_A,0.015873015873015872,1.0,0.010692097109095577,0.010692097109095577
2025-08-08,2025-08-11,2025-08-18,601899.SH,CN_A,0.015873015873015872,1.0,0.027160458204417814,0.027160458204417814
2025-08-08,2025-08-11,2025-08-18,601985.SH,CN_A,0.015873015873015872,1.0,-0.010916964501658244,-0.010916964501658355
2025-08-08,2025-08-11,2025-08-18,603659.SH,CN_A,0.015873015873015872,1.0,0.02548478793465847,0.025484787934658693
2025-08-08,2025-08-11,2025-08-18,6680.HK,HK,0.015873015873015872,1.0,0.027835193564665905,0.027835193564665905
2025-08-08,2025-08-11,2025-08-18,9696.HK,HK,0.015873015873015872,1.0,-0.07508249637001807,-0.07508249637001807
2025-08-08,2025-08-11,2025-08-18,AFMJF,US,0.015873015873015872,1.0,-0.012658346380135077,-0.012658346380135077
2025-08-08,2025-08-11,2025-08-18,ALB,US,0.015873015873015872,1.0,0.028850900787554812,0.028850900787554812
2025-08-08,2025-08-11,2025-08-18,CCJ,US,0.015873015873015872,1.0,-0.010943766098369001,-0.010943766098369001
2025-08-08,2025-08-11,2025-08-18,CDE,US,0.015873015873015872,1.0,0.01636528868381748,0.01636528868381748
2025-08-08,2025-08-11,2025-08-18,DNN,US,0.015873015873015872,1.0,-0.028301861329449007,-0.028301861329449007
2025-08-08,2025-08-11,2025-08-18,GPHOF,US,0.015873015873015872,1.0,-0.018080683966217537,-0.018080683966217537
2025-08-08,2025-08-11,2025-08-18,HBM,US,0.015873015873015872,1.0,0.1455496901959723,0.1455496901959723
2025-08-08,2025-08-11,2025-08-18,HL,US,0.015873015873015872,1.0,0.02649001471502377,0.02649001471502377
2025-08-08,2025-08-11,2025-08-18,LAC,US,0.015873015873015872,1.0,-0.03934422538857729,-0.03934422538857729
2025-08-08,2025-08-11,2025-08-18,MLXEF,US,0.015873015873015872,1.0,-0.05882347441324487,-0.05882347441324487
2025-08-08,2025-08-11,2025-08-18,MP,US,0.015873015873015872,1.0,-0.006603430194138671,-0.006603430194138671
2025-08-08,2025-08-11,2025-08-18,NEXA,US,0.015873015873015872,1.0,0.014285651726904769,0.014285651726904769
2025-08-08,2025-08-11,2025-08-18,NMG,US,0.015873015873015872,1.0,-0.00254452679221151,-0.00254452679221151
2025-08-08,2025-08-11,2025-08-18,NXE,US,0.015873015873015872,1.0,0.026315763789935165,0.026315763789935165
2025-08-08,2025-08-11,2025-08-18,PAAS,US,0.015873015873015872,1.0,0.0044374472874499915,0.0044374472874499915
2025-08-08,2025-08-11,2025-08-18,SGML,US,0.015873015873015872,1.0,-0.03443114146466819,-0.03443114146466819
2025-08-08,2025-08-11,2025-08-18,SQM,US,0.015873015873015872,1.0,0.005010880372554372,0.005010880372554372
2025-08-08,2025-08-11,2025-08-18,SVM,US,0.015873015873015872,1.0,0.03611747683663702,0.03611747683663702
2025-08-08,2025-08-11,2025-08-18,TECK,US,0.015873015873015872,1.0,-0.02074307654843921,-0.02074307654843921
2025-08-08,2025-08-11,2025-08-18,UEC,US,0.015873015873015872,1.0,0.09391133544821373,0.09391133544821373
2025-08-08,2025-08-11,2025-08-18,USA,US,0.015873015873015872,1.0,0.018575861069937583,0.018575861069937583
2025-08-08,2025-08-11,2025-08-18,USAR,US,0.015873015873015872,1.0,0.016839393519943346,0.016839393519943346
2025-08-08,2025-08-11,2025-08-18,UUUU,US,0.015873015873015872,1.0,0.07388138017816148,0.07388138017816148
2025-08-08,2025-08-11,2025-08-18,WPM,US,0.015873015873015872,1.0,-0.04225213495876223,-0.04225213495876223
2025-08-08,2025-08-11,2025-08-18,WWR,US,0.015873015873015872,1.0,0.08450704816550747,0.08450704816550747
2025-08-08,2025-08-11,2025-08-18,600497.SH,CN_A,0.015873015873015872,0.8888888888888888,0.010544820382024422,0.0105448203820242
2025-08-08,2025-08-11,2025-08-18,ANGPY,US,0.015873015873015872,0.5,-0.0012438086230348588,-0.0012438086230348588
2025-08-08,2025-08-11,2025-08-18,IMPUY,US,0.015873015873015872,0.5,-0.004223848477809988,-0.004223848477809988
2025-08-08,2025-08-11,2025-08-18,NGLOY,US,0.015873015873015872,0.5,-0.004158039961068005,-0.004158039961068005
2025-08-08,2025-08-11,2025-08-18,PLG,US,0.015873015873015872,0.5,-0.025974001846660322,-0.025974001846660322
2025-08-08,2025-08-11,2025-08-18,SBSW,US,0.015873015873015872,0.5,-0.0578034678801993,-0.0578034678801993
2025-08-08,2025-08-11,2025-08-18,2362.HK,HK,0.015873015873015872,0.25,0.0,-0.0006408313143736466
2025-08-15,2025-08-18,2025-08-25,000408.SZ,CN_A,0.014925373134328358,1.0,0.0190801335266213,0.020235169737443215
2025-08-15,2025-08-18,2025-08-25,000426.SZ,CN_A,0.014925373134328358,1.0,0.0015973544368839132,0.0015973544368839132
2025-08-15,2025-08-18,2025-08-25,000792.SZ,CN_A,0.014925373134328358,1.0,0.014004073692904795,0.015286797181917722
2025-08-15,2025-08-18,2025-08-25,000807.SZ,CN_A,0.014925373134328358,1.0,0.0415706449386557,0.0415706449386557
2025-08-15,2025-08-18,2025-08-25,000831.SZ,CN_A,0.014925373134328358,1.0,0.12194035847120444,0.12437244559073024
2025-08-15,2025-08-18,2025-08-25,000933.SZ,CN_A,0.014925373134328358,1.0,0.0316288896782988,0.03162888967829902
2025-08-15,2025-08-18,2025-08-25,000960.SZ,CN_A,0.014925373134328358,1.0,0.11467395006361247,0.11607148084040664
2025-08-15,2025-08-18,2025-08-25,000970.SZ,CN_A,0.014925373134328358,1.0,0.04039734441537224,0.04236547317180128
2025-08-15,2025-08-18,2025-08-25,002340.SZ,CN_A,0.014925373134328358,1.0,0.04613101626419214,0.04613101626419214
2025-08-15,2025-08-18,2025-08-25,002460.SZ,CN_A,0.014925373134328358,1.0,-0.0020336001714383878,-0.0020336001714383878
2025-08-15,2025-08-18,2025-08-25,002466.SZ,CN_A,0.014925373134328358,1.0,-0.013945095471252444,-0.004662154733686252
2025-08-15,2025-08-18,2025-08-25,1164.HK,HK,0.014925373134328358,1.0,0.10878660211342606,0.10878660211342606
2025-08-15,2025-08-18,2025-08-25,1378.HK,HK,0.014925373134328358,1.0,0.05593812061572456,0.05593812061572456
2025-08-15,2025-08-18,2025-08-25,1772.HK,HK,0.014925373134328358,1.0,-0.08288924800645592,-0.08288924800645592
2025-08-15,2025-08-18,2025-08-25,2237.HK,HK,0.014925373134328358,1.0,0.014285700905079413,0.014285700905079635
2025-08-15,2025-08-18,2025-08-25,2302.HK,HK,0.014925373134328358,1.0,-0.014962637848739191,-0.014962637848739191
2025-08-15,2025-08-18,2025-08-25,2600.HK,HK,0.014925373134328358,1.0,-0.0028489722503756143,-0.0028489722503755033
2025-08-15,2025-08-18,2025-08-25,2899.HK,HK,0.014925373134328358,1.0,0.0366269802043937,0.036320637019817026
2025-08-15,2025-08-18,2025-08-25,300748.SZ,CN_A,0.014925373134328358,1.0,0.24010914581215204,0.24010914581215204
2025-08-15,2025-08-18,2025-08-25,300919.SZ,CN_A,0.014925373134328358,1.0,0.012394340545246907,0.013177622742375439
2025-08-15,2025-08-18,2025-08-25,600111.SH,CN_A,0.014925373134328358,1.0,0.22820504246788542,0.22742808490600042
2025-08-15,2025-08-18,2025-08-25,600366.SH,CN_A,0.014925373134328358,1.0,-0.019219906293010403,-0.017627006560733904
2025-08-15,2025-08-18,2025-08-25,600392.SH,CN_A,0.014925373134328358,1.0,-0.01656153881065725,-0.01656153881065725
2025-08-15,2025-08-18,2025-08-25,600516.SH,CN_A,0.014925373134328358,1.0,0.024691333798854576,0.02403012952094974
2025-08-15,2025-08-18,2025-08-25,600531.SH,CN_A,0.014925373134328358,1.0,0.04789717608804378,0.04789717608804378
2025-08-15,2025-08-18,2025-08-25,600884.SH,CN_A,0.014925373134328358,1.0,-0.02531647097699541,-0.025450530521321513
2025-08-15,2025-08-18,2025-08-25,600961.SH,CN_A,0.014925373134328358,1.0,0.08224757743031819,0.08224757743031841
2025-08-15,2025-08-18,2025-08-25,601168.SH,CN_A,0.014925373134328358,1.0,0.03953220618676201,0.03953220618676223
2025-08-15,2025-08-18,2025-08-25,601600.SH,CN_A,0.014925373134328358,1.0,0.04663209838334326,0.04663209838334348
2025-08-15,2025-08-18,2025-08-25,601899.SH,CN_A,0.014925373134328358,1.0,0.06778844554510344,0.06778844554510344
2025-08-15,2025-08-18,2025-08-25,601985.SH,CN_A,0.014925373134328358,1.0,0.023178877109596874,0.02343939872618428
2025-08-15,2025-08-18,2025-08-25,603659.SH,CN_A,0.014925373134328358,1.0,0.0340355763924618,0.03777625194815726
2025-08-15,2025-08-18,2025-08-25,603799.SH,CN_A,0.014925373134328358,1.0,0.06835329176928107,0.06835329176928107
2025-08-15,2025-08-18,2025-08-25,6680.HK,HK,0.014925373134328358,1.0,0.12337004977854771,0.12258986993522347
2025-08-15,2025-08-18,2025-08-25,9696.HK,HK,0.014925373134328358,1.0,-0.059768070830862996,-0.059768070830862996
2025-08-15,2025-08-18,2025-08-25,AA,US,0.014925373134328358,1.0,0.07323655110530436,0.07323655110530436
2025-08-15,2025-08-18,2025-08-25,AFMJF,US,0.014925373134328358,1.0,-0.012820466551442089,-0.012820466551442089
2025-08-15,2025-08-18,2025-08-25,ALB,US,0.014925373134328358,1.0,-0.021663258972070554,-0.021663258972070554
2025-08-15,2025-08-18,2025-08-25,BHP,US,0.014925373134328358,1.0,0.04379565285350506,0.04379565285350506
2025-08-15,2025-08-18,2025-08-25,CCJ,US,0.014925373134328358,1.0,-0.02408227210742464,-0.02408227210742464
2025-08-15,2025-08-18,2025-08-25,CENX,US,0.014925373134328358,1.0,-0.0008963940337859411,-0.0008963940337859411
2025-08-15,2025-08-18,2025-08-25,DNN,US,0.014925373134328358,1.0,0.009708728874782357,0.009708728874782357
2025-08-15,2025-08-18,2025-08-25,GPHOF,US,0.014925373134328358,1.0,-0.2067988302630186,-0.2067988302630186
2025-08-15,2025-08-18,2025-08-25,HBM,US,0.014925373134328358,1.0,0.06581357840627855,0.06581357840627855
2025-08-15,2025-08-18,2025-08-25,HL,US,0.014925373134328358,1.0,0.014721478164076096,0.014721478164076096
2025-08-15,2025-08-18,2025-08-25,KALU,US,0.014925373134328358,1.0,0.05547339896554759,0.05547339896554759
2025-08-15,2025-08-18,2025-08-25,LAC,US,0.014925373134328358,1.0,-0.03412974087806875,-0.03412974087806875
2025-08-15,2025-08-18,2025-08-25,MLXEF,US,0.014925373134328358,1.0,0.06944437545758975,0.06944437545758975
2025-08-15,2025-08-18,2025-08-25,MP,US,0.014925373134328358,1.0,0.0013848286302304835,0.0013848286302304835
2025-08-15,2025-08-18,2025-08-25,NEXA,US,0.014925373134328358,1.0,-0.016096564805482605,-0.016096564805482605
2025-08-15,2025-08-18,2025-08-25,NMG,US,0.014925373134328358,1.0,0.0,0.0
2025-08-15,2025-08-18,2025-08-25,NXE,US,0.014925373134328358,1.0,0.012820534591513333,0.012820534591513333
2025-08-15,2025-08-18,2025-08-25,SGML,US,0.014925373134328358,1.0,-0.04651158492543972,-0.04651158492543972
2025-08-15,2025-08-18,2025-08-25,SQM,US,0.014925373134328358,1.0,0.011272483788622445,0.011272483788622445
2025-08-15,2025-08-18,2025-08-25,TECK,US,0.014925373134328358,1.0,0.05311417721247347,0.05311417721247347
2025-08-15,2025-08-18,2025-08-25,TLOFF,US,0.014925373134328358,1.0,0.046428613091002324,0.046428613091002324
2025-08-15,2025-08-18,2025-08-25,UEC,US,0.014925373134328358,1.0,-0.018867995824705996,-0.018867995824705996
2025-08-15,2025-08-18,2025-08-25,USA,US,0.014925373134328358,1.0,0.0030394758914404907,0.0030394758914404907
2025-08-15,2025-08-18,2025-08-25,USAR,US,0.014925373134328358,1.0,0.008280262166895147,0.008280262166895147
2025-08-15,2025-08-18,2025-08-25,UUUU,US,0.014925373134328358,1.0,0.059108588022293906,0.059108588022293906
2025-08-15,2025-08-18,2025-08-25,VALE,US,0.014925373134328358,1.0,0.03669718478824291,0.03669718478824291
2025-08-15,2025-08-18,2025-08-25,WWR,US,0.014925373134328358,1.0,-0.025974001846660322,-0.025974001846660322
2025-08-15,2025-08-18,2025-08-25,600497.SH,CN_A,0.014925373134328358,0.8888888888888888,0.055652199588933415,0.055652199588933415
2025-08-15,2025-08-18,2025-08-25,2362.HK,HK,0.014925373134328358,0.5,0.0,0.0
2025-08-22,2025-08-25,2025-09-01,000408.SZ,CN_A,0.019230769230769232,1.0,0.0798186914875334,0.0798186914875334
2025-08-22,2025-08-25,2025-09-01,000426.SZ,CN_A,0.019230769230769232,1.0,0.12305451130173672,0.12305451130173672
2025-08-22,2025-08-25,2025-09-01,000792.SZ,CN_A,0.019230769230769232,1.0,0.026086969247294922,0.0260869692472947
2025-08-22,2025-08-25,2025-09-01,000831.SZ,CN_A,0.019230769230769232,1.0,0.17255059656662097,0.17255059656662097
2025-08-22,2025-08-25,2025-09-01,000960.SZ,CN_A,0.019230769230769232,1.0,0.12432963889043003,0.1243296388904298
2025-08-22,2025-08-25,2025-09-01,000970.SZ,CN_A,0.019230769230769232,1.0,-0.018459610890199873,-0.018459610890199984
2025-08-22,2025-08-25,2025-09-01,002340.SZ,CN_A,0.019230769230769232,1.0,0.04694166626704144,0.04694166626704144
2025-08-22,2025-08-25,2025-09-01,002460.SZ,CN_A,0.019230769230769232,1.0,0.03591441435795373,0.03591441435795373
2025-08-22,2025-08-25,2025-09-01,002466.SZ,CN_A,0.019230769230769232,1.0,0.00045621481966384714,0.00045621481966384714
2025-08-22,2025-08-25,2025-09-01,1772.HK,HK,0.019230769230769232,1.0,0.023240810797098055,0.023240810797098055
2025-08-22,2025-08-25,2025-09-01,2237.HK,HK,0.019230769230769232,1.0,-0.042253482107650564,-0.041726674657509455
2025-08-22,2025-08-25,2025-09-01,2899.HK,HK,0.019230769230769232,1.0,0.1322924500369207,0.1322924500369207
2025-08-22,2025-08-25,2025-09-01,300748.SZ,CN_A,0.019230769230769232,1.0,0.09048413446107606,0.09048413446107606
2025-08-22,2025-08-25,2025-09-01,300919.SZ,CN_A,0.019230769230769232,1.0,0.05453544037547253,0.05453544037547231
2025-08-22,2025-08-25,2025-09-01,600111.SH,CN_A,0.019230769230769232,1.0,0.073258642284169,0.073258642284169
2025-08-22,2025-08-25,2025-09-01,600366.SH,CN_A,0.019230769230769232,1.0,-0.02708940693771389,-0.02708940693771389
2025-08-22,2025-08-25,2025-09-01,600392.SH,CN_A,0.019230769230769232,1.0,0.04731353641932068,0.04731353641932068
2025-08-22,2025-08-25,2025-09-01,600516.SH,CN_A,0.019230769230769232,1.0,-0.006024138492660258,-0.006024138492660369
2025-08-22,2025-08-25,2025-09-01,600531.SH,CN_A,0.019230769230769232,1.0,0.10479370706804492,0.10479370706804492
2025-08-22,2025-08-25,2025-09-01,600884.SH,CN_A,0.019230769230769232,1.0,0.03636364236866929,0.03636364236866929
2025-08-22,2025-08-25,2025-09-01,600961.SH,CN_A,0.019230769230769232,1.0,0.0744920823145081,0.07449208231450788
2025-08-22,2025-08-25,2025-09-01,601168.SH,CN_A,0.019230769230769232,1.0,0.035350865837670664,0.035350865837670664
2025-08-22,2025-08-25,2025-09-01,601899.SH,CN_A,0.019230769230769232,1.0,0.0977037301976662,0.0977037301976662
2025-08-22,2025-08-25,2025-09-01,603659.SH,CN_A,0.019230769230769232,1.0,0.2455591379105948,0.2455591379105948
2025-08-22,2025-08-25,2025-09-01,603799.SH,CN_A,0.019230769230769232,1.0,0.04320731147534951,0.04320731147534951
2025-08-22,2025-08-25,2025-09-01,6680.HK,HK,0.019230769230769232,1.0,0.0,0.0
2025-08-22,2025-08-25,2025-09-01,9696.HK,HK,0.019230769230769232,1.0,-0.051707787311806586,-0.05185174437703155
2025-08-22,2025-08-25,2025-09-02,AFMJF,US,0.019230769230769232,1.0,-0.051948032073261374,-0.051948032073261374
2025-08-22,2025-08-25,2025-09-02,ALB,US,0.019230769230769232,1.0,-0.021527870788637382,-0.021527870788637382
2025-08-22,2025-08-25,2025-09-02,BHP,US,0.019230769230769232,1.0,-0.0017931384086076196,-0.0017931384086076196
2025-08-22,2025-08-25,2025-09-02,GPHOF,US,0.019230769230769232,1.0,-0.035714251502436234,-0.035714251502436234
2025-08-22,2025-08-25,2025-09-02,HBM,US,0.019230769230769232,1.0,0.03430535999767592,0.03430535999767592
2025-08-22,2025-08-25,2025-09-02,HL,US,0.019230769230769232,1.0,0.13486011051961655,0.13486011051961655
2025-08-22,2025-08-25,2025-09-02,LAC,US,0.019230769230769232,1.0,0.0,0.0
2025-08-22,2025-08-25,2025-09-02,MLXEF,US,0.019230769230769232,1.0,0.07792208294861247,0.07792208294861247
2025-08-22,2025-08-25,2025-09-02,MP,US,0.019230769230769232,1.0,-0.06914673169430596,-0.06914673169430596
2025-08-22,2025-08-25,2025-09-02,NEXA,US,0.019230769230769232,1.0,-0.002044939124275391,-0.002044939124275391
2025-08-22,2025-08-25,2025-09-02,NMG,US,0.019230769230769232,1.0,-0.015306168375089801,-0.015306168375089801
2025-08-22,2025-08-25,2025-09-02,SGML,US,0.019230769230769232,1.0,-0.019512176211098575,-0.019512176211098575
2025-08-22,2025-08-25,2025-09-02,SQM,US,0.019230769230769232,1.0,-0.06988210238127457,-0.06988210238127457
2025-08-22,2025-08-25,2025-09-02,TECK,US,0.019230769230769232,1.0,0.007205041111056021,0.007205041111056021
2025-08-22,2025-08-25,2025-09-02,TLOFF,US,0.019230769230769232,1.0,-0.02047787707545201,-0.02047787707545201
2025-08-22,2025-08-25,2025-09-02,USA,US,0.019230769230769232,1.0,-0.007575663681479994,-0.007575663681479994
2025-08-22,2025-08-25,2025-09-02,USAR,US,0.019230769230769232,1.0,-0.11813012599947537,-0.11813012599947537
2025-08-22,2025-08-25,2025-09-02,VALE,US,0.019230769230769232,1.0,0.0,0.0
2025-08-22,2025-08-25,2025-09-02,WWR,US,0.019230769230769232,1.0,0.06666668256123853,0.06666668256123853
2025-08-22,2025-08-25,2025-09-01,600497.SH,CN_A,0.019230769230769232,0.8888888888888888,0.024711667938854154,0.024711667938854154
2025-08-22,2025-08-25,2025-09-01,2362.HK,HK,0.019230769230769232,0.5,0.0,0.0
2025-08-22,2025-08-25,2025-09-02,UUUU,US,0.019230769230769232,0.5,0.03934120214963244,0.03934120214963244
2025-08-29,2025-09-01,2025-09-08,000408.SZ,CN_A,0.017543859649122806,1.0,0.03558978454388817,0.03558978454388795
2025-08-29,2025-09-01,2025-09-08,000426.SZ,CN_A,0.017543859649122806,1.0,0.007795595668526056,0.007795595668526056
2025-08-29,2025-09-01,2025-09-08,000792.SZ,CN_A,0.017543859649122806,1.0,0.03639090074874374,0.03639090074874374
2025-08-29,2025-09-01,2025-09-08,000831.SZ,CN_A,0.017543859649122806,1.0,-0.11028417752976793,-0.11028417752976793
2025-08-29,2025-09-01,2025-09-08,000960.SZ,CN_A,0.017543859649122806,1.0,-0.08716391398081436,-0.08716391398081436
2025-08-29,2025-09-01,2025-09-08,000970.SZ,CN_A,0.017543859649122806,1.0,-0.07133594689317768,-0.07133594689317757
2025-08-29,2025-09-01,2025-09-08,002340.SZ,CN_A,0.017543859649122806,1.0,0.025815224697520955,0.025815224697520955
2025-08-29,2025-09-01,2025-09-08,002460.SZ,CN_A,0.017543859649122806,1.0,0.19621351650384256,0.19621351650384233
2025-08-29,2025-09-01,2025-09-08,002466.SZ,CN_A,0.017543859649122806,1.0,0.07934335371201517,0.07934335371201517
2025-08-29,2025-09-01,2025-09-08,0815.HK,HK,0.017543859649122806,1.0,-0.03773581510593205,-0.03773581510593216
2025-08-29,2025-09-01,2025-09-08,1772.HK,HK,0.017543859649122806,1.0,0.16151410454915172,0.16148585927210823
2025-08-29,2025-09-01,2025-09-08,2237.HK,HK,0.017543859649122806,1.0,0.04411760452090707,0.04411760452090685
2025-08-29,2025-09-01,2025-09-08,2899.HK,HK,0.017543859649122806,1.0,0.006531235766507493,0.006531235766507493
2025-08-29,2025-09-01,2025-09-08,300748.SZ,CN_A,0.017543859649122806,1.0,-0.0776798354633963,-0.0776798354633963
2025-08-29,2025-09-01,2025-09-08,300919.SZ,CN_A,0.017543859649122806,1.0,0.18021100175788884,0.18021100175788884
2025-08-29,2025-09-01,2025-09-08,600111.SH,CN_A,0.017543859649122806,1.0,-0.11883286146190963,-0.11883286146190952
2025-08-29,2025-09-01,2025-09-08,600366.SH,CN_A,0.017543859649122806,1.0,-0.09419427002159664,-0.09419427002159664
2025-08-29,2025-09-01,2025-09-08,600392.SH,CN_A,0.017543859649122806,1.0,-0.1405053495648263,-0.1405053495648263
2025-08-29,2025-09-01,2025-09-08,600516.SH,CN_A,0.017543859649122806,1.0,0.1171718026044366,0.1171718026044366
2025-08-29,2025-09-01,2025-09-08,600531.SH,CN_A,0.017543859649122806,1.0,-0.004036323155289789,-0.004036323155289678
2025-08-29,2025-09-01,2025-09-08,600884.SH,CN_A,0.017543859649122806,1.0,0.059314955915469536,0.059314955915469536
2025-08-29,2025-09-01,2025-09-08,600961.SH,CN_A,0.017543859649122806,1.0,0.022409009417533987,0.02240900941753421
2025-08-29,2025-09-01,2025-09-08,601168.SH,CN_A,0.017543859649122806,1.0,-0.02121045869703253,-0.02121045869703253
2025-08-29,2025-09-01,2025-09-08,601899.SH,CN_A,0.017543859649122806,1.0,0.010664439889066957,0.010664439889066957
2025-08-29,2025-09-01,2025-09-08,603659.SH,CN_A,0.017543859649122806,1.0,0.10654357923843771,0.10654357923843794
2025-08-29,2025-09-01,2025-09-08,603799.SH,CN_A,0.017543859649122806,1.0,0.05933894346338886,0.05933894346338886
2025-08-29,2025-09-01,2025-09-08,6680.HK,HK,0.017543859649122806,1.0,0.017857071426372606,0.017857071426372606
2025-08-29,2025-09-01,2025-09-08,9696.HK,HK,0.017543859649122806,1.0,0.1325662655764024,0.1325662655764024
2025-08-29,2025-09-02,2025-09-08,AFMJF,US,0.017543859649122806,1.0,-0.041095918665848385,-0.041095918665848385
2025-08-29,2025-09-02,2025-09-08,ALB,US,0.017543859649122806,1.0,0.030927942291613997,0.030927942291613997
2025-08-29,2025-09-02,2025-09-08,BHP,US,0.017543859649122806,1.0,-0.026405555781089385,-0.026405555781089385
2025-08-29,2025-09-02,2025-09-08,CDE,US,0.017543859649122806,1.0,0.06588588165869314,0.06588588165869314
2025-08-29,2025-09-02,2025-09-08,GPHOF,US,0.017543859649122806,1.0,0.012962905933829871,0.012962905933829871
2025-08-29,2025-09-02,2025-09-08,HBM,US,0.017543859649122806,1.0,0.09369812231717622,0.09369812231717622
2025-08-29,2025-09-02,2025-09-08,HL,US,0.017543859649122806,1.0,0.1345289743002387,0.1345289743002387
2025-08-29,2025-09-02,2025-09-08,LAC,US,0.017543859649122806,1.0,0.04947000306658533,0.04947000306658533
2025-08-29,2025-09-02,2025-09-08,MLXEF,US,0.017543859649122806,1.0,0.024096434859411042,0.024096434859411042
2025-08-29,2025-09-02,2025-09-08,MP,US,0.017543859649122806,1.0,-0.06819189577142692,-0.06819189577142692
2025-08-29,2025-09-02,2025-09-08,NEXA,US,0.017543859649122806,1.0,-0.002049227181827984,-0.002049227181827984
2025-08-29,2025-09-02,2025-09-08,NMG,US,0.017543859649122806,1.0,0.0,0.0
2025-08-29,2025-09-02,2025-09-08,PAAS,US,0.017543859649122806,1.0,0.042274121460865066,0.042274121460865066
2025-08-29,2025-09-02,2025-09-08,SGML,US,0.017543859649122806,1.0,0.034825796683759735,0.034825796683759735
2025-08-29,2025-09-02,2025-09-08,SQM,US,0.017543859649122806,1.0,0.048167754528330775,0.048167754528330775
2025-08-29,2025-09-02,2025-09-08,SVM,US,0.017543859649122806,1.0,-0.017786561078387608,-0.017786561078387608
2025-08-29,2025-09-02,2025-09-08,TECK,US,0.017543859649122806,1.0,0.046497749028541646,0.046497749028541646
2025-08-29,2025-09-02,2025-09-08,TLOFF,US,0.017543859649122806,1.0,-0.059233395349857276,-0.059233395349857276
2025-08-29,2025-09-02,2025-09-08,USA,US,0.017543859649122806,1.0,0.006106793962415313,0.006106793962415313
2025-08-29,2025-09-02,2025-09-08,USAR,US,0.017543859649122806,1.0,-0.03151859449720362,-0.03151859449720362
2025-08-29,2025-09-02,2025-09-08,VALE,US,0.017543859649122806,1.0,0.02753186731962809,0.02753186731962809
2025-08-29,2025-09-02,2025-09-08,WPM,US,0.017543859649122806,1.0,0.044107491964910706,0.044107491964910706
2025-08-29,2025-09-02,2025-09-08,WWR,US,0.017543859649122806,1.0,-0.09999997764825852,-0.09999997764825852
2025-08-29,2025-09-01,2025-09-08,600497.SH,CN_A,0.017543859649122806,0.8888888888888888,-0.011253985755926732,-0.011253985755926732
2025-08-29,2025-09-01,2025-09-08,2362.HK,HK,0.017543859649122806,0.5,0.0,0.00022814764894207862
2025-08-29,2025-09-02,2025-09-08,UUUU,US,0.017543859649122806,0.5,0.04753520934621003,0.04753520934621003
2025-09-05,2025-09-08,2025-09-15,000408.SZ,CN_A,0.013157894736842105,1.0,0.01957614058761248,0.01957614058761248
2025-09-05,2025-09-08,2025-09-15,000426.SZ,CN_A,0.013157894736842105,1.0,0.10055866379698264,0.10055866379698264
2025-09-05,2025-09-08,2025-09-15,000792.SZ,CN_A,0.013157894736842105,1.0,-0.016835034442366115,-0.016835034442366115
2025-09-05,2025-09-08,2025-09-15,000807.SZ,CN_A,0.013157894736842105,1.0,0.09624538373656,0.09624538373656
2025-09-05,2025-09-08,2025-09-15,000831.SZ,CN_A,0.013157894736842105,1.0,0.07490499155327379,0.07490499155327379
2025-09-05,2025-09-08,2025-09-15,000933.SZ,CN_A,0.013157894736842105,1.0,0.04716478913633049,0.04716478913633049
2025-09-05,2025-09-08,2025-09-15,000960.SZ,CN_A,0.013157894736842105,1.0,0.0375296782633423,0.0375296782633423
2025-09-05,2025-09-08,2025-09-15,000970.SZ,CN_A,0.013157894736842105,1.0,-0.009776477334019096,-0.009776477334019318
2025-09-05,2025-09-08,2025-09-15,002340.SZ,CN_A,0.013157894736842105,1.0,0.015894024175832744,0.015894024175832744
2025-09-05,2025-09-08,2025-09-15,002460.SZ,CN_A,0.013157894736842105,1.0,0.0002055153385325248,0.0002055153385325248
2025-09-05,2025-09-08,2025-09-15,002466.SZ,CN_A,0.013157894736842105,1.0,-0.04288125840206414,-0.04288125840206414
2025-09-05,2025-09-08,2025-09-15,0815.HK,HK,0.013157894736842105,1.0,-0.01960782480441492,-0.019520266719142643
2025-09-05,2025-09-08,2025-09-15,1164.HK,HK,0.013157894736842105,1.0,-0.03985503459272188,-0.03985503459272188
2025-09-05,2025-09-08,2025-09-15,1378.HK,HK,0.013157894736842105,1.0,0.08130082899080948,0.08130082899080926
2025-09-05,2025-09-08,2025-09-15,1772.HK,HK,0.013157894736842105,1.0,-0.059206922389640315,-0.059206922389640426
2025-09-05,2025-09-08,2025-09-15,2237.HK,HK,0.013157894736842105,1.0,-0.028168988071767043,-0.02816898807176693
2025-09-05,2025-09-08,2025-09-15,2302.HK,HK,0.013157894736842105,1.0,-0.11056517619718043,-0.11056517619718054
2025-09-05,2025-09-08,2025-09-15,2600.HK,HK,0.013157894736842105,1.0,0.1319572766662418,0.13195727666624202
2025-09-05,2025-09-08,2025-09-15,300748.SZ,CN_A,0.013157894736842105,1.0,0.00710972120996356,0.00710972120996356
2025-09-05,2025-09-08,2025-09-15,300919.SZ,CN_A,0.013157894736842105,1.0,-0.027498352669902415,-0.027498352669902193
2025-09-05,2025-09-08,2025-09-15,600111.SH,CN_A,0.013157894736842105,1.0,0.04876579740099274,0.04876579740099274
2025-09-05,2025-09-08,2025-09-15,600366.SH,CN_A,0.013157894736842105,1.0,-0.007194222168193876,-0.007194222168193876
2025-09-05,2025-09-08,2025-09-15,600392.SH,CN_A,0.013157894736842105,1.0,0.012917583805464927,0.012917583805464927
2025-09-05,2025-09-08,2025-09-15,600516.SH,CN_A,0.013157894736842105,1.0,-0.04701631446969634,-0.04701631446969634
2025-09-05,2025-09-08,2025-09-15,600884.SH,CN_A,0.013157894736842105,1.0,0.12854890183051304,0.12854890183051304
2025-09-05,2025-09-08,2025-09-15,600961.SH,CN_A,0.013157894736842105,1.0,0.061643807877741486,0.061643807877741486
2025-09-05,2025-09-08,2025-09-15,601600.SH,CN_A,0.013157894736842105,1.0,0.059055069131561,0.059055069131561
2025-09-05,2025-09-08,2025-09-15,601985.SH,CN_A,0.013157894736842105,1.0,0.003409070174996476,0.003409070174996476
2025-09-05,2025-09-08,2025-09-15,603659.SH,CN_A,0.013157894736842105,1.0,0.0011372467974000156,0.0011372467974000156
2025-09-05,2025-09-08,2025-09-15,603799.SH,CN_A,0.013157894736842105,1.0,-0.01785718935179148,-0.01785718935179148
2025-09-05,2025-09-08,2025-09-15,6680.HK,HK,0.013157894736842105,1.0,-0.013157885743831144,-0.013614521681231118
2025-09-05,2025-09-08,2025-09-15,9696.HK,HK,0.013157894736842105,1.0,-0.10026495634328236,-0.10026495634328225
2025-09-05,2025-09-08,2025-09-15,AA,US,0.013157894736842105,1.0,0.04868902867707092,0.04868902867707092
2025-09-05,2025-09-08,2025-09-15,AFMJF,US,0.013157894736842105,1.0,0.0,0.0
2025-09-05,2025-09-08,2025-09-15,ALB,US,0.013157894736842105,1.0,-0.006345237620364763,-0.006345237620364763
2025-09-05,2025-09-08,2025-09-15,BHP,US,0.013157894736842105,1.0,0.011070120499670821,0.011070120499670821
2025-09-05,2025-09-08,2025-09-15,CCJ,US,0.013157894736842105,1.0,0.1175556768897128,0.1175556768897128
2025-09-05,2025-09-08,2025-09-15,CDE,US,0.013157894736842105,1.0,0.1627747466220315,0.1627747466220315
2025-09-05,2025-09-08,2025-09-15,CENX,US,0.013157894736842105,1.0,0.1978831677401245,0.1978831677401245
2025-09-05,2025-09-08,2025-09-15,DNN,US,0.013157894736842105,1.0,0.08403352926397578,0.08403352926397578
2025-09-05,2025-09-08,2025-09-15,GPHOF,US,0.013157894736842105,1.0,-0.04936016537619525,-0.04936016537619525
2025-09-05,2025-09-08,2025-09-15,HBM,US,0.013157894736842105,1.0,0.05307050203697439,0.05307050203697439
2025-09-05,2025-09-08,2025-09-15,KALU,US,0.013157894736842105,1.0,0.00886804675346431,0.00886804675346431
2025-09-05,2025-09-08,2025-09-15,LAC,US,0.013157894736842105,1.0,0.07744108311713105,0.07744108311713105
2025-09-05,2025-09-08,2025-09-15,MLXEF,US,0.013157894736842105,1.0,0.01176469433266436,0.01176469433266436
2025-09-05,2025-09-08,2025-09-15,MP,US,0.013157894736842105,1.0,0.051339304177823175,0.051339304177823175
2025-09-05,2025-09-08,2025-09-15,NMG,US,0.013157894736842105,1.0,0.1139897169940507,0.1139897169940507
2025-09-05,2025-09-08,2025-09-15,NXE,US,0.013157894736842105,1.0,0.05897111700932034,0.05897111700932034
2025-09-05,2025-09-08,2025-09-15,PAAS,US,0.013157894736842105,1.0,0.040279681188690075,0.040279681188690075
2025-09-05,2025-09-08,2025-09-15,SGML,US,0.013157894736842105,1.0,-0.06891023142803254,-0.06891023142803254
2025-09-05,2025-09-08,2025-09-15,SQM,US,0.013157894736842105,1.0,-0.04419520186545112,-0.04419520186545112
2025-09-05,2025-09-08,2025-09-15,SVM,US,0.013157894736842105,1.0,0.08450707336642771,0.08450707336642771
2025-09-05,2025-09-08,2025-09-15,TLOFF,US,0.013157894736842105,1.0,0.0,0.0
2025-09-05,2025-09-08,2025-09-15,UEC,US,0.013157894736842105,1.0,0.11421323319161081,0.11421323319161081
2025-09-05,2025-09-08,2025-09-15,USA,US,0.013157894736842105,1.0,-0.01669198600364541,-0.01669198600364541
2025-09-05,2025-09-08,2025-09-15,USAR,US,0.013157894736842105,1.0,0.016272138010776427,0.016272138010776427
2025-09-05,2025-09-08,2025-09-15,UUUU,US,0.013157894736842105,1.0,0.16134454939848797,0.16134454939848797
2025-09-05,2025-09-08,2025-09-15,VALE,US,0.013157894736842105,1.0,0.03636373420127437,0.03636373420127437
2025-09-05,2025-09-08,2025-09-15,WPM,US,0.013157894736842105,1.0,0.015558652795764516,0.015558652795764516
2025-09-05,2025-09-08,2025-09-15,WWR,US,0.013157894736842105,1.0,-0.055555583150297405,-0.055555583150297405
2025-09-05,2025-09-08,2025-09-15,2362.HK,HK,0.013157894736842105,0.75,0.0,0.0
2025-09-05,2025-09-08,2025-09-15,2899.HK,HK,0.013157894736842105,0.5,0.07385774269331402,0.07550336612831754
2025-09-05,2025-09-08,2025-09-15,601168.SH,CN_A,0.013157894736842105,0.5,0.05761085873266514,0.05761085873266514
2025-09-05,2025-09-08,2025-09-15,601899.SH,CN_A,0.013157894736842105,0.5,0.03490269250300515,0.03490269250300515
2025-09-05,2025-09-08,2025-09-15,ANGPY,US,0.013157894736842105,0.5,-0.005324878438069391,-0.005324878438069391
2025-09-05,2025-09-08,2025-09-15,HL,US,0.013157894736842105,0.5,0.16205535274200966,0.16205535274200966
2025-09-05,2025-09-08,2025-09-15,IMPUY,US,0.013157894736842105,0.5,-0.04234233059317216,-0.04234233059317216
2025-09-05,2025-09-08,2025-09-15,NEXA,US,0.013157894736842105,0.5,0.039014386383018795,0.039014386383018795
2025-09-05,2025-09-08,2025-09-15,NGLOY,US,0.013157894736842105,0.5,0.1325878195904182,0.1325878195904182
2025-09-05,2025-09-08,2025-09-15,PLG,US,0.013157894736842105,0.5,0.16867475676457078,0.16867475676457078
2025-09-05,2025-09-08,2025-09-15,SBSW,US,0.013157894736842105,0.5,-0.022172990253506275,-0.022172990253506275
2025-09-05,2025-09-08,2025-09-15,TECK,US,0.013157894736842105,0.5,0.1971034473417812,0.1971034473417812
2025-09-05,2025-09-08,2025-09-15,600497.SH,CN_A,0.013157894736842105,0.4444444444444444,0.02926822687957986,0.029268226879580084
2025-09-12,2025-09-15,2025-09-22,000408.SZ,CN_A,0.014705882352941176,1.0,-0.044565746971593545,-0.044565746971593545
2025-09-12,2025-09-15,2025-09-22,000426.SZ,CN_A,0.014705882352941176,1.0,0.03787580203970853,0.0336684908197995
2025-09-12,2025-09-15,2025-09-22,000792.SZ,CN_A,0.014705882352941176,1.0,-0.04207439275349378,-0.04207439275349378
2025-09-12,2025-09-15,2025-09-22,000831.SZ,CN_A,0.014705882352941176,1.0,-0.09285461469736578,-0.09285461469736578
2025-09-12,2025-09-15,2025-09-22,000960.SZ,CN_A,0.014705882352941176,1.0,-0.05769237889328105,-0.05769237889328116
2025-09-12,2025-09-15,2025-09-22,000970.SZ,CN_A,0.014705882352941176,1.0,-0.01269395402934459,-0.01269395402934459
2025-09-12,2025-09-15,2025-09-22,002340.SZ,CN_A,0.014705882352941176,1.0,-0.027379404961941356,-0.026421423025731028
2025-09-12,2025-09-15,2025-09-22,002460.SZ,CN_A,0.014705882352941176,1.0,0.079736972467779,0.07874810200091487
2025-09-12,2025-09-15,2025-09-22,002466.SZ,CN_A,0.014705882352941176,1.0,-0.031781116701865564,-0.031781116701865564
2025-09-12,2025-09-15,2025-09-22,0815.HK,HK,0.014705882352941176,1.0,0.059999942779541016,0.059999942779541016
2025-09-12,2025-09-15,2025-09-22,1164.HK,HK,0.014705882352941176,1.0,0.12075468744405038,0.1208075242260771
2025-09-12,2025-09-15,2025-09-22,1772.HK,HK,0.014705882352941176,1.0,0.06697455428205634,0.06697455428205656
2025-09-12,2025-09-15,2025-09-22,2237.HK,HK,0.014705882352941176,1.0,0.014492739851898806,0.014401910292086928
2025-09-12,2025-09-15,2025-09-22,2302.HK,HK,0.014705882352941176,1.0,0.15745861593400146,0.15839035869802065
2025-09-12,2025-09-15,2025-09-22,300748.SZ,CN_A,0.014705882352941176,1.0,-0.040456194515772426,-0.04040285990165138
2025-09-12,2025-09-15,2025-09-22,300919.SZ,CN_A,0.014705882352941176,1.0,-0.0013793075246844033,-0.0013793075246844033
2025-09-12,2025-09-15,2025-09-22,600111.SH,CN_A,0.014705882352941176,1.0,-0.08036735312612697,-0.08036735312612697
2025-09-12,2025-09-15,2025-09-22,600366.SH,CN_A,0.014705882352941176,1.0,-0.049407113631234845,-0.049407113631234734
2025-09-12,2025-09-15,2025-09-22,600392.SH,CN_A,0.014705882352941176,1.0,-0.015391446343452131,-0.01327412595458699
2025-09-12,2025-09-15,2025-09-22,600516.SH,CN_A,0.014705882352941176,1.0,-0.028463016301768618,-0.028463016301768618
2025-09-12,2025-09-15,2025-09-22,600884.SH,CN_A,0.014705882352941176,1.0,-0.0020964839808377267,-0.0020964839808377267
2025-09-12,2025-09-15,2025-09-22,600961.SH,CN_A,0.014705882352941176,1.0,-0.03870970203030499,-0.03870970203030488
2025-09-12,2025-09-15,2025-09-22,601985.SH,CN_A,0.014705882352941176,1.0,-0.04190256724702168,-0.04190256724702157
2025-09-12,2025-09-15,2025-09-22,603659.SH,CN_A,0.014705882352941176,1.0,0.02839829190988996,0.02839829190988996
2025-09-12,2025-09-15,2025-09-22,603799.SH,CN_A,0.014705882352941176,1.0,0.008995274814953769,0.011541877073347306
2025-09-12,2025-09-15,2025-09-22,6680.HK,HK,0.014705882352941176,1.0,-0.0017777707750067373,-0.0017777707750067373
2025-09-12,2025-09-15,2025-09-22,9696.HK,HK,0.014705882352941176,1.0,-0.006381986389752514,-0.006369350916422545
2025-09-12,2025-09-15,2025-09-22,AFMJF,US,0.014705882352941176,1.0,-0.01428566218063776,-0.01428566218063776
2025-09-12,2025-09-15,2025-09-22,ALB,US,0.014705882352941176,1.0,-0.008144124671017772,-0.008144124671017772
2025-09-12,2025-09-15,2025-09-22,BHP,US,0.014705882352941176,1.0,-0.03010946217375665,-0.03010946217375665
2025-09-12,2025-09-15,2025-09-22,CCJ,US,0.014705882352941176,1.0,-0.00011583270074033702,-0.00011583270074033702
2025-09-12,2025-09-15,2025-09-22,CDE,US,0.014705882352941176,1.0,0.05552274695925208,0.05552274695925208
2025-09-12,2025-09-15,2025-09-22,DNN,US,0.014705882352941176,1.0,0.0775194006193709,0.0775194006193709
2025-09-12,2025-09-15,2025-09-22,GPHOF,US,0.014705882352941176,1.0,0.03846161781683777,0.03846161781683777
2025-09-12,2025-09-15,2025-09-22,HBM,US,0.014705882352941176,1.0,0.0230381584312207,0.0230381584312207
2025-09-12,2025-09-15,2025-09-22,LAC,US,0.014705882352941176,1.0,0.03124996973201677,0.03124996973201677
2025-09-12,2025-09-15,2025-09-22,MLXEF,US,0.014705882352941176,1.0,0.023255791388182345,0.023255791388182345
2025-09-12,2025-09-15,2025-09-22,MP,US,0.014705882352941176,1.0,0.11040337442762183,0.11040337442762183
2025-09-12,2025-09-15,2025-09-22,NMG,US,0.014705882352941176,1.0,0.0,0.0
2025-09-12,2025-09-15,2025-09-22,NXE,US,0.014705882352941176,1.0,0.0580569608002548,0.0580569608002548
2025-09-12,2025-09-15,2025-09-22,PAAS,US,0.014705882352941176,1.0,0.00484013521424842,0.00484013521424842
2025-09-12,2025-09-15,2025-09-22,SGML,US,0.014705882352941176,1.0,0.07917384555547957,0.07917384555547957
2025-09-12,2025-09-15,2025-09-22,SQM,US,0.014705882352941176,1.0,-0.004140756797746059,-0.004140756797746059
2025-09-12,2025-09-15,2025-09-22,SVM,US,0.014705882352941176,1.0,0.13358069975152653,0.13358069975152653
2025-09-12,2025-09-15,2025-09-22,TLOFF,US,0.014705882352941176,1.0,0.051851801486336724,0.051851801486336724
2025-09-12,2025-09-15,2025-09-22,UEC,US,0.014705882352941176,1.0,0.01898253595685251,0.01898253595685251
2025-09-12,2025-09-15,2025-09-22,USA,US,0.014705882352941176,1.0,0.007716113620066745,0.007716113620066745
2025-09-12,2025-09-15,2025-09-22,USAR,US,0.014705882352941176,1.0,0.17030569079823654,0.17030569079823654
2025-09-12,2025-09-15,2025-09-22,UUUU,US,0.014705882352941176,1.0,0.12662807804948062,0.12662807804948062
2025-09-12,2025-09-15,2025-09-22,VALE,US,0.014705882352941176,1.0,0.0027699780552834508,0.0027699780552834508
2025-09-12,2025-09-15,2025-09-22,WPM,US,0.014705882352941176,1.0,-0.00027847449695173054,-0.00027847449695173054
2025-09-12,2025-09-15,2025-09-22,WWR,US,0.014705882352941176,1.0,0.22058819791231232,0.22058819791231232
2025-09-12,2025-09-15,2025-09-22,2362.HK,HK,0.014705882352941176,0.75,0.0,0.0
2025-09-12,2025-09-15,2025-09-22,2899.HK,HK,0.014705882352941176,0.5,0.0,0.0
2025-09-12,2025-09-15,2025-09-22,601168.SH,CN_A,0.014705882352941176,0.5,-0.05197400142795916,-0.05235661710058237
2025-09-12,2025-09-15,2025-09-22,601899.SH,CN_A,0.014705882352941176,0.5,-0.005098020209524101,-0.01271400032044534
2025-09-12,2025-09-15,2025-09-22,ANGPY,US,0.014705882352941176,0.5,0.08458245992556046,0.08458245992556046
2025-09-12,2025-09-15,2025-09-22,HL,US,0.014705882352941176,0.5,-0.04506805101872624,-0.04506805101872624
2025-09-12,2025-09-15,2025-09-22,IMPUY,US,0.014705882352941176,0.5,0.04985880937034892,0.04985880937034892
2025-09-12,2025-09-15,2025-09-22,NEXA,US,0.014705882352941176,0.5,-0.011857696335581758,-0.011857696335581758
2025-09-12,2025-09-15,2025-09-22,NGLOY,US,0.014705882352941176,0.5,-0.014269432025403095,-0.014269432025403095
2025-09-12,2025-09-15,2025-09-22,PLG,US,0.014705882352941176,0.5,0.03092780464424627,0.03092780464424627
2025-09-12,2025-09-15,2025-09-22,SBSW,US,0.014705882352941176,0.5,0.1417233753100242,0.1417233753100242
2025-09-12,2025-09-15,2025-09-22,TECK,US,0.014705882352941176,0.5,-0.07606100683820027,-0.07606100683820027
2025-09-12,2025-09-15,2025-09-22,600497.SH,CN_A,0.014705882352941176,0.4444444444444444,-0.056872066082754635,-0.05752816489475465
2025-09-19,2025-09-22,2025-09-29,000408.SZ,CN_A,0.013157894736842105,1.0,0.0304202970744043,0.0304202970744043
2025-09-19,2025-09-22,2025-09-29,000426.SZ,CN_A,0.013157894736842105,1.0,0.17607224674977529,0.17607224674977529
2025-09-19,2025-09-22,2025-09-29,000792.SZ,CN_A,0.013157894736842105,1.0,0.032175646742666375,0.032175646742666375
2025-09-19,2025-09-22,2025-09-29,000807.SZ,CN_A,0.013157894736842105,1.0,0.02791884896006791,0.02791884896006791
2025-09-19,2025-09-22,2025-09-29,000831.SZ,CN_A,0.013157894736842105,1.0,-0.029440477856831904,-0.029440477856831904
2025-09-19,2025-09-22,2025-09-29,000933.SZ,CN_A,0.013157894736842105,1.0,0.02860124714076706,0.028601247140767283
2025-09-19,2025-09-22,2025-09-29,000960.SZ,CN_A,0.013157894736842105,1.0,0.022351893958352242,0.022351893958352242
2025-09-19,2025-09-22,2025-09-29,000970.SZ,CN_A,0.013157894736842105,1.0,0.0,0.0
2025-09-19,2025-09-22,2025-09-29,002340.SZ,CN_A,0.013157894736842105,1.0,0.07640746540341903,0.07640746540341903
2025-09-19,2025-09-22,2025-09-29,002460.SZ,CN_A,0.013157894736842105,1.0,0.11343736164099072,0.11343736164099072
2025-09-19,2025-09-22,2025-09-29,002466.SZ,CN_A,0.013157894736842105,1.0,0.058582169076743185,0.058582169076743185
2025-09-19,2025-09-22,2025-09-29,0815.HK,HK,0.013157894736842105,1.0,-0.03773581510593205,-0.03773581510593205
2025-09-19,2025-09-22,2025-09-29,1164.HK,HK,0.013157894736842105,1.0,0.02693600098835347,0.026936000988353248
2025-09-19,2025-09-22,2025-09-29,1378.HK,HK,0.013157894736842105,1.0,-0.01143291389406742,-0.01143291389406742
2025-09-19,2025-09-22,2025-09-29,1772.HK,HK,0.013157894736842105,1.0,0.07413424611183572,0.07417817470545818
2025-09-19,2025-09-22,2025-09-29,2237.HK,HK,0.013157894736842105,1.0,-0.028571401810159047,-0.028571401810159047
2025-09-19,2025-09-22,2025-09-29,2302.HK,HK,0.013157894736842105,1.0,0.08114562003453485,0.08114562003453463
2025-09-19,2025-09-22,2025-09-29,2362.HK,HK,0.013157894736842105,1.0,0.0,0.00040529132997635386
2025-09-19,2025-09-22,2025-09-29,2600.HK,HK,0.013157894736842105,1.0,0.06460296502871077,0.06475360788136508
2025-09-19,2025-09-22,2025-09-29,300748.SZ,CN_A,0.013157894736842105,1.0,-0.023486163162777962,-0.023486163162778073
2025-09-19,2025-09-22,2025-09-29,300919.SZ,CN_A,0.013157894736842105,1.0,0.13374769119126206,0.13374769119126206
2025-09-19,2025-09-22,2025-09-29,600111.SH,CN_A,0.013157894736842105,1.0,-0.02933832117877644,-0.02933832117877644
2025-09-19,2025-09-22,2025-09-29,600366.SH,CN_A,0.013157894736842105,1.0,-0.012474033358905623,-0.012474033358905734
2025-09-19,2025-09-22,2025-09-29,600392.SH,CN_A,0.013157894736842105,1.0,-0.004019639731047131,-0.004019639731047131
2025-09-19,2025-09-22,2025-09-29,600516.SH,CN_A,0.013157894736842105,1.0,0.02929689428128812,0.02929689428128812
2025-09-19,2025-09-22,2025-09-29,600884.SH,CN_A,0.013157894736842105,1.0,0.05672271952123942,0.05672271952123942
2025-09-19,2025-09-22,2025-09-29,600961.SH,CN_A,0.013157894736842105,1.0,0.04362420059368466,0.04362420059368466
2025-09-19,2025-09-22,2025-09-29,601600.SH,CN_A,0.013157894736842105,1.0,0.05981791512223755,0.05981791512223755
2025-09-19,2025-09-22,2025-09-29,601985.SH,CN_A,0.013157894736842105,1.0,0.030732898978642842,0.030732898978642842
2025-09-19,2025-09-22,2025-09-29,603659.SH,CN_A,0.013157894736842105,1.0,0.060382958211174786,0.060382958211174786
2025-09-19,2025-09-22,2025-09-29,603799.SH,CN_A,0.013157894736842105,1.0,0.1428299617143125,0.14282996171431228
2025-09-19,2025-09-22,2025-09-29,6680.HK,HK,0.013157894736842105,1.0,-0.002671361945346784,-0.002671361945346895
2025-09-19,2025-09-22,2025-09-29,9696.HK,HK,0.013157894736842105,1.0,0.05237151570796805,0.05237151570796783
2025-09-19,2025-09-22,2025-09-29,AA,US,0.013157894736842105,1.0,0.03738882579506164,0.03738882579506164
2025-09-19,2025-09-22,2025-09-29,AFMJF,US,0.013157894736842105,1.0,0.0,0.0
2025-09-19,2025-09-22,2025-09-29,ALB,US,0.013157894736842105,1.0,0.08086589625009655,0.08086589625009655
2025-09-19,2025-09-22,2025-09-29,ANGPY,US,0.013157894736842105,1.0,0.19447191921360618,0.19447191921360618
2025-09-19,2025-09-22,2025-09-29,BHP,US,0.013157894736842105,1.0,0.05776105013810495,0.05776105013810495
2025-09-19,2025-09-22,2025-09-29,CCJ,US,0.013157894736842105,1.0,-0.021434366265043137,-0.021434366265043137
2025-09-19,2025-09-22,2025-09-29,CDE,US,0.013157894736842105,1.0,0.048125248036067214,0.048125248036067214
2025-09-19,2025-09-22,2025-09-29,CENX,US,0.013157894736842105,1.0,0.07495426722002785,0.07495426722002785
2025-09-19,2025-09-22,2025-09-29,DNN,US,0.013157894736842105,1.0,0.003597118908694741,0.003597118908694741
2025-09-19,2025-09-22,2025-09-29,GPHOF,US,0.013157894736842105,1.0,0.366666567325596,0.366666567325596
2025-09-19,2025-09-22,2025-09-29,HBM,US,0.013157894736842105,1.0,0.07037299799518326,0.07037299799518326
2025-09-19,2025-09-22,2025-09-29,IMPUY,US,0.013157894736842105,1.0,0.13440865316769668,0.13440865316769668
2025-09-19,2025-09-22,2025-09-29,KALU,US,0.013157894736842105,1.0,0.0048831957833157524,0.0048831957833157524
2025-09-19,2025-09-22,2025-09-29,LAC,US,0.013157894736842105,1.0,0.7393938951693722,0.7393938951693722
2025-09-19,2025-09-22,2025-09-29,MLXEF,US,0.013157894736842105,1.0,0.17045451928515076,0.17045451928515076
2025-09-19,2025-09-22,2025-09-29,MP,US,0.013157894736842105,1.0,-0.06883366336386065,-0.06883366336386065
2025-09-19,2025-09-22,2025-09-29,NGLOY,US,0.013157894736842105,1.0,0.084539583219714,0.084539583219714
2025-09-19,2025-09-22,2025-09-29,NMG,US,0.013157894736842105,1.0,0.26976739440885167,0.26976739440885167
2025-09-19,2025-09-22,2025-09-29,NXE,US,0.013157894736842105,1.0,0.008958557779632725,0.008958557779632725
2025-09-19,2025-09-22,2025-09-29,PAAS,US,0.013157894736842105,1.0,0.03853364504905543,0.03853364504905543
2025-09-19,2025-09-22,2025-09-29,PLG,US,0.013157894736842105,1.0,0.3500000238418579,0.3500000238418579
2025-09-19,2025-09-22,2025-09-29,SBSW,US,0.013157894736842105,1.0,0.1161866345019924,0.1161866345019924
2025-09-19,2025-09-22,2025-09-29,SGML,US,0.013157894736842105,1.0,0.08452953930153462,0.08452953930153462
2025-09-19,2025-09-22,2025-09-29,SQM,US,0.013157894736842105,1.0,0.021020962409437738,0.021020962409437738
2025-09-19,2025-09-22,2025-09-29,SVM,US,0.013157894736842105,1.0,0.02618656978834011,0.02618656978834011
2025-09-19,2025-09-22,2025-09-29,TLOFF,US,0.013157894736842105,1.0,0.11619724369645179,0.11619724369645179
2025-09-19,2025-09-22,2025-09-29,UEC,US,0.013157894736842105,1.0,0.03502237439320521,0.03502237439320521
2025-09-19,2025-09-22,2025-09-29,USA,US,0.013157894736842105,1.0,-0.029096512033915833,-0.029096512033915833
2025-09-19,2025-09-22,2025-09-29,USAR,US,0.013157894736842105,1.0,0.09079608201172151,0.09079608201172151
2025-09-19,2025-09-22,2025-09-29,UUUU,US,0.013157894736842105,1.0,0.061014822193943496,0.061014822193943496
2025-09-19,2025-09-22,2025-09-29,VALE,US,0.013157894736842105,1.0,-0.010128838605146684,-0.010128838605146684
2025-09-19,2025-09-22,2025-09-29,WPM,US,0.013157894736842105,1.0,0.026191144148171253,0.026191144148171253
2025-09-19,2025-09-22,2025-09-29,WWR,US,0.013157894736842105,1.0,0.180722938287863,0.180722938287863
2025-09-19,2025-09-22,2025-09-29,2899.HK,HK,0.013157894736842105,0.5,0.08869323542905261,0.08869323542905261
2025-09-19,2025-09-22,2025-09-29,601168.SH,CN_A,0.013157894736842105,0.5,0.13442285569949997,0.13442285569949997
2025-09-19,2025-09-22,2025-09-29,601899.SH,CN_A,0.013157894736842105,0.5,0.13401654232460003,0.13401654232460003
2025-09-19,2025-09-22,2025-09-29,HL,US,0.013157894736842105,0.5,0.05877118442771567,0.05877118442771567
2025-09-19,2025-09-22,2025-09-29,NEXA,US,0.013157894736842105,0.5,0.0,0.0
2025-09-19,2025-09-22,2025-09-29,TECK,US,0.013157894736842105,0.5,0.13806448554706652,0.13806448554706652
2025-09-19,2025-09-22,2025-09-29,600497.SH,CN_A,0.013157894736842105,0.4444444444444444,0.03852594298463896,0.03852594298463896
2025-09-26,2025-09-29,2025-10-09,000408.SZ,CN_A,0.013157894736842105,1.0,0.09536597371866096,0.09536597371866096
2025-09-26,2025-09-29,2025-10-09,000426.SZ,CN_A,0.013157894736842105,1.0,0.15738963660493654,0.15738963660493654
2025-09-26,2025-09-29,2025-10-09,000792.SZ,CN_A,0.013157894736842105,1.0,0.10885704416630637,0.10885704416630637
2025-09-26,2025-09-29,2025-10-09,000807.SZ,CN_A,0.013157894736842105,1.0,0.06864191593514635,0.06864191593514635
2025-09-26,2025-09-29,2025-10-09,000831.SZ,CN_A,0.013157894736842105,1.0,0.1432302379059227,0.1432302379059227
2025-09-26,2025-09-29,2025-10-09,000933.SZ,CN_A,0.013157894736842105,1.0,0.07229510469400502,0.07229510469400502
2025-09-26,2025-09-29,2025-10-09,000960.SZ,CN_A,0.013157894736842105,1.0,0.19439148567578535,0.19439148567578557
2025-09-26,2025-09-29,2025-10-09,000970.SZ,CN_A,0.013157894736842105,1.0,0.058571365305907896,0.05857136530590812
2025-09-26,2025-09-29,2025-10-09,002340.SZ,CN_A,0.013157894736842105,1.0,0.11457037445672924,0.11457037445672924
2025-09-26,2025-09-29,2025-10-09,002460.SZ,CN_A,0.013157894736842105,1.0,0.14478634565304493,0.14478634565304493
2025-09-26,2025-09-29,2025-10-09,002466.SZ,CN_A,0.013157894736842105,1.0,0.1052972297362067,0.1052972297362067
2025-09-26,2025-09-29,2025-10-06,0815.HK,HK,0.013157894736842105,1.0,0.568627503687307,0.5680273759640022
2025-09-26,2025-09-29,2025-10-06,1164.HK,HK,0.013157894736842105,1.0,0.17377048513960425,0.17377048513960425
2025-09-26,2025-09-29,2025-10-06,1378.HK,HK,0.013157894736842105,1.0,0.02235930133154973,0.022359301331549952
2025-09-26,2025-09-29,2025-10-06,1772.HK,HK,0.013157894736842105,1.0,0.19345097323711125,0.19345097323711147
2025-09-26,2025-09-29,2025-10-06,2237.HK,HK,0.013157894736842105,1.0,0.20588232973867648,0.2058823297386767
2025-09-26,2025-09-29,2025-10-06,2302.HK,HK,0.013157894736842105,1.0,0.35982330289400144,0.35982330289400166
2025-09-26,2025-09-29,2025-10-06,2362.HK,HK,0.013157894736842105,1.0,0.0,0.0
2025-09-26,2025-09-29,2025-10-06,2600.HK,HK,0.013157894736842105,1.0,0.05562585872888115,0.05562585872888115
2025-09-26,2025-09-29,2025-10-09,300748.SZ,CN_A,0.013157894736842105,1.0,0.14430606565056925,0.14430606565056925
2025-09-26,2025-09-29,2025-10-09,300919.SZ,CN_A,0.013157894736842105,1.0,0.035533079419438174,0.03553307941943795
2025-09-26,2025-09-29,2025-10-09,600111.SH,CN_A,0.013157894736842105,1.0,0.13890670089195223,0.13890670089195223
2025-09-26,2025-09-29,2025-10-09,600366.SH,CN_A,0.013157894736842105,1.0,0.07929825364497667,0.07929825364497667
2025-09-26,2025-09-29,2025-10-09,600392.SH,CN_A,0.013157894736842105,1.0,0.13094171495475093,0.13094171495475093
2025-09-26,2025-09-29,2025-10-09,600516.SH,CN_A,0.013157894736842105,1.0,0.007590125616280252,0.007590125616280474
2025-09-26,2025-09-29,2025-10-09,600884.SH,CN_A,0.013157894736842105,1.0,0.031809114472010735,0.031809114472010735
2025-09-26,2025-09-29,2025-10-09,600961.SH,CN_A,0.013157894736842105,1.0,0.09324757501476366,0.09324757501476366
2025-09-26,2025-09-29,2025-10-09,601600.SH,CN_A,0.013157894736842105,1.0,0.06503077023506432,0.06503077023506454
2025-09-26,2025-09-29,2025-10-09,601985.SH,CN_A,0.013157894736842105,1.0,0.04472471533765776,0.04472471533765776
2025-09-26,2025-09-29,2025-10-09,603659.SH,CN_A,0.013157894736842105,1.0,0.06909724617641144,0.06909724617641144
2025-09-26,2025-09-29,2025-10-09,603799.SH,CN_A,0.013157894736842105,1.0,0.16663911017634048,0.1666391101763407
2025-09-26,2025-09-29,2025-10-06,6680.HK,HK,0.013157894736842105,1.0,-0.01875005543648911,-0.018383677382208474
2025-09-26,2025-09-29,2025-10-06,9696.HK,HK,0.013157894736842105,1.0,0.13708921037017419,0.1370892103701744
2025-09-26,2025-09-29,2025-10-06,AA,US,0.013157894736842105,1.0,-0.0017723344866997781,-0.0017723344866997781
2025-09-26,2025-09-29,2025-10-06,AFMJF,US,0.013157894736842105,1.0,0.18840576410064314,0.18840576410064314
2025-09-26,2025-09-29,2025-10-06,ALB,US,0.013157894736842105,1.0,0.059277147000317054,0.059277147000317054
2025-09-26,2025-09-29,2025-10-06,ANGPY,US,0.013157894736842105,1.0,-0.05371909030486166,-0.05371909030486166
2025-09-26,2025-09-29,2025-10-06,BHP,US,0.013157894736842105,1.0,-0.004446860224426308,-0.004446860224426308
2025-09-26,2025-09-29,2025-10-06,CCJ,US,0.013157894736842105,1.0,0.010063963345252613,0.010063963345252613
2025-09-26,2025-09-29,2025-10-06,CDE,US,0.013157894736842105,1.0,0.03256807925130034,0.03256807925130034
2025-09-26,2025-09-29,2025-10-06,CENX,US,0.013157894736842105,1.0,-0.00884354531480891,-0.00884354531480891
2025-09-26,2025-09-29,2025-10-06,DNN,US,0.013157894736842105,1.0,0.00716845204299954,0.00716845204299954
2025-09-26,2025-09-29,2025-10-06,GPHOF,US,0.013157894736842105,1.0,0.1178861995455347,0.1178861995455347
2025-09-26,2025-09-29,2025-10-06,HBM,US,0.013157894736842105,1.0,0.028928322184164745,0.028928322184164745
2025-09-26,2025-09-29,2025-10-06,IMPUY,US,0.013157894736842105,1.0,0.015797803827768853,0.015797803827768853
2025-09-26,2025-09-29,2025-10-06,KALU,US,0.013157894736842105,1.0,0.005384929651085502,0.005384929651085502
2025-09-26,2025-09-29,2025-10-06,LAC,US,0.013157894736842105,1.0,0.47212546101183195,0.47212546101183195
2025-09-26,2025-09-29,2025-10-06,MLXEF,US,0.013157894736842105,1.0,0.06858261076684435,0.06858261076684435
2025-09-26,2025-09-29,2025-10-06,MP,US,0.013157894736842105,1.0,0.09020242737388262,0.09020242737388262
2025-09-26,2025-09-29,2025-10-06,NGLOY,US,0.013157894736842105,1.0,0.015483223696952875,0.015483223696952875
2025-09-26,2025-09-29,2025-10-06,NMG,US,0.013157894736842105,1.0,0.08058609050299337,0.08058609050299337
2025-09-26,2025-09-29,2025-10-06,NXE,US,0.013157894736842105,1.0,0.003329604018768695,0.003329604018768695
2025-09-26,2025-09-29,2025-10-06,PAAS,US,0.013157894736842105,1.0,0.03143505490723353,0.03143505490723353
2025-09-26,2025-09-29,2025-10-06,PLG,US,0.013157894736842105,1.0,0.048148101380169894,0.048148101380169894
2025-09-26,2025-09-29,2025-10-06,SBSW,US,0.013157894736842105,1.0,0.006227826828853811,0.006227826828853811
2025-09-26,2025-09-29,2025-10-06,SGML,US,0.013157894736842105,1.0,0.11323528813655837,0.11323528813655837
2025-09-26,2025-09-29,2025-10-06,SQM,US,0.013157894736842105,1.0,-0.02330323711207205,-0.02330323711207205
2025-09-26,2025-09-29,2025-10-06,SVM,US,0.013157894736842105,1.0,0.14194572762773183,0.14194572762773183
2025-09-26,2025-09-29,2025-10-06,TLOFF,US,0.013157894736842105,1.0,-0.10410099501020764,-0.10410099501020764
2025-09-26,2025-09-29,2025-10-06,UEC,US,0.013157894736842105,1.0,-0.060475171477709755,-0.060475171477709755
2025-09-26,2025-09-29,2025-10-06,USA,US,0.013157894736842105,1.0,0.015773001524923336,0.015773001524923336
2025-09-26,2025-09-29,2025-10-06,USAR,US,0.013157894736842105,1.0,0.5005700297041804,0.5005700297041804
2025-09-26,2025-09-29,2025-10-06,UUUU,US,0.013157894736842105,1.0,0.023607710583637198,0.023607710583637198
2025-09-26,2025-09-29,2025-10-06,VALE,US,0.013157894736842105,1.0,0.05023252286136981,0.05023252286136981
2025-09-26,2025-09-29,2025-10-06,WPM,US,0.013157894736842105,1.0,-0.006154385980952193,-0.006154385980952193
2025-09-26,2025-09-29,2025-10-06,WWR,US,0.013157894736842105,1.0,0.4489795198444537,0.4489795198444537
2025-09-26,2025-09-29,2025-10-06,2899.HK,HK,0.013157894736842105,0.5,0.0628109330810005,0.06327613333039128
2025-09-26,2025-09-29,2025-10-09,601168.SH,CN_A,0.013157894736842105,0.5,0.12453531185313005,0.12453531185313027
2025-09-26,2025-09-29,2025-10-09,601899.SH,CN_A,0.013157894736842105,0.5,0.13415060491008313,0.13415060491008313
2025-09-26,2025-09-29,2025-10-06,HL,US,0.013157894736842105,0.5,0.048780532832364054,0.048780532832364054
2025-09-26,2025-09-29,2025-10-06,NEXA,US,0.013157894736842105,0.5,0.01400003433227548,0.01400003433227548
2025-09-26,2025-09-29,2025-10-06,TECK,US,0.013157894736842105,0.5,-0.024036276338690876,-0.024036276338690876
2025-09-26,2025-09-29,2025-10-09,600497.SH,CN_A,0.013157894736842105,0.4444444444444444,0.10000005445715043,0.10000005445715066
2025-10-03,2025-10-09,2025-10-13,000408.SZ,CN_A,0.016129032258064516,1.0,-0.012741020964116223,-0.012741020964116112
2025-10-03,2025-10-09,2025-10-13,000792.SZ,CN_A,0.016129032258064516,1.0,-0.014279326059931763,-0.014279326059931763
2025-10-03,2025-10-09,2025-10-13,000807.SZ,CN_A,0.016129032258064516,1.0,-0.0402033494178522,-0.0402033494178522
2025-10-03,2025-10-09,2025-10-13,000831.SZ,CN_A,0.016129032258064516,1.0,0.056756273957066394,0.056756273957066394
2025-10-03,2025-10-09,2025-10-13,000933.SZ,CN_A,0.016129032258064516,1.0,0.0033004596560530786,0.0033004596560533006
2025-10-03,2025-10-09,2025-10-13,000970.SZ,CN_A,0.016129032258064516,1.0,0.04251015590654106,0.04251015590654106
2025-10-03,2025-10-09,2025-10-13,002340.SZ,CN_A,0.016129032258064516,1.0,0.015642496794002536,0.015642496794002758
2025-10-03,2025-10-09,2025-10-13,002460.SZ,CN_A,0.016129032258064516,1.0,0.04151110539979297,0.04151110539979297
2025-10-03,2025-10-09,2025-10-13,002466.SZ,CN_A,0.016129032258064516,1.0,-0.030391609539106135,-0.030391609539106024
2025-10-03,2025-10-06,2025-10-13,0815.HK,HK,0.016129032258064516,1.0,-0.025000050291418274,-0.025000050291418274
2025-10-03,2025-10-06,2025-10-13,1164.HK,HK,0.016129032258064516,1.0,0.07541899069288438,0.07624852735409782
2025-10-03,2025-10-06,2025-10-13,1378.HK,HK,0.016129032258064516,1.0,-0.00603319579758177,-0.00603319579758177
2025-10-03,2025-10-06,2025-10-13,1772.HK,HK,0.016129032258064516,1.0,0.042211893603278705,0.042211893603278705
2025-10-03,2025-10-06,2025-10-13,2237.HK,HK,0.016129032258064516,1.0,0.109756139223949,0.1105060998428955
2025-10-03,2025-10-06,2025-10-13,2302.HK,HK,0.016129032258064516,1.0,0.19480524607584693,0.1948052460758467
2025-10-03,2025-10-06,2025-10-13,2362.HK,HK,0.016129032258064516,1.0,0.0,0.0
2025-10-03,2025-10-06,2025-10-13,2600.HK,HK,0.016129032258064516,1.0,0.02634722195255379,0.02634722195255379
2025-10-03,2025-10-09,2025-10-13,300748.SZ,CN_A,0.016129032258064516,1.0,0.1876425300554021,0.18764253005540232
2025-10-03,2025-10-09,2025-10-13,300919.SZ,CN_A,0.016129032258064516,1.0,-0.06723186066056297,-0.06723186066056297
2025-10-03,2025-10-09,2025-10-13,600111.SH,CN_A,0.016129032258064516,1.0,0.08658010060566879,0.08658010060566856
2025-10-03,2025-10-09,2025-10-13,600366.SH,CN_A,0.016129032258064516,1.0,0.06241872763353151,0.062418727633531734
2025-10-03,2025-10-09,2025-10-13,600392.SH,CN_A,0.016129032258064516,1.0,0.03370343584308633,0.03370343584308633
2025-10-03,2025-10-09,2025-10-13,600516.SH,CN_A,0.016129032258064516,1.0,0.0357815554176828,0.03578155541768302
2025-10-03,2025-10-09,2025-10-13,600884.SH,CN_A,0.016129032258064516,1.0,-0.07642900473394876,-0.07642900473394876
2025-10-03,2025-10-09,2025-10-13,601600.SH,CN_A,0.016129032258064516,1.0,-0.01267287897805669,-0.01267287897805669
2025-10-03,2025-10-09,2025-10-13,601985.SH,CN_A,0.016129032258064516,1.0,-0.0043907526460494894,-0.0043907526460496005
2025-10-03,2025-10-09,2025-10-13,603659.SH,CN_A,0.016129032258064516,1.0,-0.1068528650964794,-0.10685286509647929
2025-10-03,2025-10-09,2025-10-13,603799.SH,CN_A,0.016129032258064516,1.0,0.002703072273189555,0.002703072273189555
2025-10-03,2025-10-06,2025-10-13,6680.HK,HK,0.016129032258064516,1.0,0.3066423892817698,0.3066423892817698
2025-10-03,2025-10-06,2025-10-13,9696.HK,HK,0.016129032258064516,1.0,-0.052435944938891255,-0.052435944938891144
2025-10-03,2025-10-06,2025-10-13,AA,US,0.016129032258064516,1.0,0.07280245301232191,0.07280245301232191
2025-10-03,2025-10-06,2025-10-13,ALB,US,0.016129032258064516,1.0,0.04683254897169431,0.04683254897169431
2025-10-03,2025-10-06,2025-10-13,ANGPY,US,0.016129032258064516,1.0,0.02882095142363683,0.02882095142363683
2025-10-03,2025-10-06,2025-10-13,BHP,US,0.016129032258064516,1.0,-0.004645333663959805,-0.004645333663959805
2025-10-03,2025-10-06,2025-10-13,CCJ,US,0.016129032258064516,1.0,0.08017815017047902,0.08017815017047902
2025-10-03,2025-10-06,2025-10-13,CDE,US,0.016129032258064516,1.0,0.09513962581883972,0.09513962581883972
2025-10-03,2025-10-06,2025-10-13,CENX,US,0.016129032258064516,1.0,0.129375447382573,0.129375447382573
2025-10-03,2025-10-06,2025-10-13,DNN,US,0.016129032258064516,1.0,0.09608540442155333,0.09608540442155333
2025-10-03,2025-10-06,2025-10-13,GPHOF,US,0.016129032258064516,1.0,0.8727272477688537,0.8727272477688537
2025-10-03,2025-10-06,2025-10-13,IMPUY,US,0.016129032258064516,1.0,-0.0038880286431608457,-0.0038880286431608457
2025-10-03,2025-10-06,2025-10-13,KALU,US,0.016129032258064516,1.0,0.043631556512380154,0.043631556512380154
2025-10-03,2025-10-06,2025-10-13,LAC,US,0.016129032258064516,1.0,-0.002366805271099115,-0.002366805271099115
2025-10-03,2025-10-06,2025-10-13,MP,US,0.016129032258064516,1.0,0.27889136575909745,0.27889136575909745
2025-10-03,2025-10-06,2025-10-13,NGLOY,US,0.016129032258064516,1.0,0.07518405974054443,0.07518405974054443
2025-10-03,2025-10-06,2025-10-13,NMG,US,0.016129032258064516,1.0,0.7186440982067932,0.7186440982067932
2025-10-03,2025-10-06,2025-10-13,NXE,US,0.016129032258064516,1.0,-0.006637214587377094,-0.006637214587377094
2025-10-03,2025-10-06,2025-10-13,PAAS,US,0.016129032258064516,1.0,0.019985055590996836,0.019985055590996836
2025-10-03,2025-10-06,2025-10-13,PLG,US,0.016129032258064516,1.0,0.0565371343265475,0.0565371343265475
2025-10-03,2025-10-06,2025-10-13,SBSW,US,0.016129032258064516,1.0,0.04244027618400992,0.04244027618400992
2025-10-03,2025-10-06,2025-10-13,SGML,US,0.016129032258064516,1.0,-0.08454429706866096,-0.08454429706866096
2025-10-03,2025-10-06,2025-10-13,SQM,US,0.016129032258064516,1.0,0.004169621817017077,0.004169621817017077
2025-10-03,2025-10-06,2025-10-13,SVM,US,0.016129032258064516,1.0,-0.011173147485546764,-0.011173147485546764
2025-10-03,2025-10-06,2025-10-13,TLOFF,US,0.016129032258064516,1.0,0.4542254363584819,0.4542254363584819
2025-10-03,2025-10-06,2025-10-13,UEC,US,0.016129032258064516,1.0,0.1739463196100941,0.1739463196100941
2025-10-03,2025-10-06,2025-10-13,USA,US,0.016129032258064516,1.0,-0.029503137547214342,-0.029503137547214342
2025-10-03,2025-10-06,2025-10-13,USAR,US,0.016129032258064516,1.0,0.4696048918565199,0.4696048918565199
2025-10-03,2025-10-06,2025-10-13,UUUU,US,0.016129032258064516,1.0,0.4056771538884083,0.4056771538884083
2025-10-03,2025-10-06,2025-10-13,VALE,US,0.016129032258064516,1.0,-0.024800629419043263,-0.024800629419043263
2025-10-03,2025-10-06,2025-10-13,WPM,US,0.016129032258064516,1.0,-0.0074674453975853705,-0.0074674453975853705
2025-10-03,2025-10-06,2025-10-13,WWR,US,0.016129032258064516,1.0,0.802816915597218,0.802816915597218
2025-10-10,2025-10-13,2025-10-20,000408.SZ,CN_A,0.013157894736842105,1.0,-0.08405025102847863,-0.08405025102847863
2025-10-10,2025-10-13,2025-10-20,000426.SZ,CN_A,0.013157894736842105,1.0,-0.17380951924418941,-0.1738095192441893
2025-10-10,2025-10-13,2025-10-20,000792.SZ,CN_A,0.013157894736842105,1.0,-0.017655019780647097,-0.017655019780647208
2025-10-10,2025-10-13,2025-10-20,000807.SZ,CN_A,0.013157894736842105,1.0,0.012999558602152517,0.012999558602152739
2025-10-10,2025-10-13,2025-10-20,000831.SZ,CN_A,0.013157894736842105,1.0,-0.0841369738933635,-0.08413697389336372
2025-10-10,2025-10-13,2025-10-20,000933.SZ,CN_A,0.013157894736842105,1.0,0.07189845542323403,0.07189845542323381
2025-10-10,2025-10-13,2025-10-20,000960.SZ,CN_A,0.013157894736842105,1.0,-0.11329849481285892,-0.11329849481285892
2025-10-10,2025-10-13,2025-10-20,000970.SZ,CN_A,0.013157894736842105,1.0,-0.10550161179960726,-0.10550161179960738
2025-10-10,2025-10-13,2025-10-20,002460.SZ,CN_A,0.013157894736842105,1.0,-0.12989249280703963,-0.12989249280703963
2025-10-10,2025-10-13,2025-10-20,002466.SZ,CN_A,0.013157894736842105,1.0,-0.08599555434862838,-0.08599555434862838
2025-10-10,2025-10-13,2025-10-20,0815.HK,HK,0.013157894736842105,1.0,-0.012820501064172207,-0.012820501064172096
2025-10-10,2025-10-13,2025-10-20,1164.HK,HK,0.013157894736842105,1.0,-0.135064933456444,-0.135064933456444
2025-10-10,2025-10-13,2025-10-20,1378.HK,HK,0.013157894736842105,1.0,-0.03869496352942792,-0.03954236235224695
2025-10-10,2025-10-13,2025-10-20,1772.HK,HK,0.013157894736842105,1.0,-0.13001218416962546,-0.12982862646957372
2025-10-10,2025-10-13,2025-10-20,2237.HK,HK,0.013157894736842105,1.0,-0.043956066269097094,-0.043956066269097094
2025-10-10,2025-10-13,2025-10-20,2302.HK,HK,0.013157894736842105,1.0,-0.198369566801872,-0.19847024519071899
2025-10-10,2025-10-13,2025-10-20,2600.HK,HK,0.013157894736842105,1.0,-0.030338306238744006,-0.030338306238743895
2025-10-10,2025-10-13,2025-10-20,300748.SZ,CN_A,0.013157894736842105,1.0,-0.14029855091007437,-0.14029855091007448
2025-10-10,2025-10-13,2025-10-20,300919.SZ,CN_A,0.013157894736842105,1.0,-0.08391462414196404,-0.08391462414196404
2025-10-10,2025-10-13,2025-10-20,600111.SH,CN_A,0.013157894736842105,1.0,-0.0954442713704623,-0.0954442713704623
2025-10-10,2025-10-13,2025-10-20,600366.SH,CN_A,0.013157894736842105,1.0,-0.13280294100549728,-0.13280294100549717
2025-10-10,2025-10-13,2025-10-20,600392.SH,CN_A,0.013157894736842105,1.0,-0.0966628335406351,-0.0966628335406351
2025-10-10,2025-10-13,2025-10-20,600516.SH,CN_A,0.013157894736842105,1.0,-0.020000024275346195,-0.020000024275346306
2025-10-10,2025-10-13,2025-10-20,600884.SH,CN_A,0.013157894736842105,1.0,-0.07510430564054582,-0.07510430564054582
2025-10-10,2025-10-13,2025-10-20,600961.SH,CN_A,0.013157894736842105,1.0,-0.12231882067694178,-0.12231882067694166
2025-10-10,2025-10-13,2025-10-20,601600.SH,CN_A,0.013157894736842105,1.0,-0.009363804441314127,-0.009363804441314127
2025-10-10,2025-10-13,2025-10-20,601985.SH,CN_A,0.013157894736842105,1.0,-0.0011025290940493981,-0.0011025290940493981
2025-10-10,2025-10-13,2025-10-20,603659.SH,CN_A,0.013157894736842105,1.0,-0.04727276281037973,-0.04727276281037973
2025-10-10,2025-10-13,2025-10-20,6680.HK,HK,0.013157894736842105,1.0,-0.1894149749040096,-0.1894149749040096
2025-10-10,2025-10-13,2025-10-20,9696.HK,HK,0.013157894736842105,1.0,-0.08017429592242953,-0.0800381082744539
2025-10-10,2025-10-13,2025-10-20,AA,US,0.013157894736842105,1.0,0.07475862647172593,0.07475862647172593
2025-10-10,2025-10-13,2025-10-20,AFMJF,US,0.013157894736842105,1.0,-0.037500025572402396,-0.037500025572402396
2025-10-10,2025-10-13,2025-10-20,ALB,US,0.013157894736842105,1.0,-0.0020760167812088337,-0.0020760167812088337
2025-10-10,2025-10-13,2025-10-20,BHP,US,0.013157894736842105,1.0,0.019565553905957378,0.019565553905957378
2025-10-10,2025-10-13,2025-10-20,CCJ,US,0.013157894736842105,1.0,-0.06782419602859036,-0.06782419602859036
2025-10-10,2025-10-13,2025-10-20,CDE,US,0.013157894736842105,1.0,0.040132207425123356,0.040132207425123356
2025-10-10,2025-10-13,2025-10-20,CENX,US,0.013157894736842105,1.0,0.041020920096638935,0.041020920096638935
2025-10-10,2025-10-13,2025-10-20,DNN,US,0.013157894736842105,1.0,-0.0487012534624881,-0.0487012534624881
2025-10-10,2025-10-13,2025-10-20,GPHOF,US,0.013157894736842105,1.0,-0.31262131667396964,-0.31262131667396964
2025-10-10,2025-10-13,2025-10-20,HBM,US,0.013157894736842105,1.0,-0.06488330678478738,-0.06488330678478738
2025-10-10,2025-10-13,2025-10-20,KALU,US,0.013157894736842105,1.0,0.0013768553802608885,0.0013768553802608885
2025-10-10,2025-10-13,2025-10-20,LAC,US,0.013157894736842105,1.0,-0.172004772670297,-0.172004772670297
2025-10-10,2025-10-13,2025-10-20,MLXEF,US,0.013157894736842105,1.0,-0.06724133767214058,-0.06724133767214058
2025-10-10,2025-10-13,2025-10-20,MP,US,0.013157894736842105,1.0,-0.1279191704714655,-0.1279191704714655
2025-10-10,2025-10-13,2025-10-20,NMG,US,0.013157894736842105,1.0,-0.3648915345982967,-0.3648915345982967
2025-10-10,2025-10-13,2025-10-20,NXE,US,0.013157894736842105,1.0,-0.03118037274436891,-0.03118037274436891
2025-10-10,2025-10-13,2025-10-20,PAAS,US,0.013157894736842105,1.0,-0.0355130628987661,-0.0355130628987661
2025-10-10,2025-10-13,2025-10-20,SGML,US,0.013157894736842105,1.0,-0.012986966519493937,-0.012986966519493937
2025-10-10,2025-10-13,2025-10-20,SQM,US,0.013157894736842105,1.0,0.01937717156039076,0.01937717156039076
2025-10-10,2025-10-13,2025-10-20,SVM,US,0.013157894736842105,1.0,-0.004237265566749415,-0.004237265566749415
2025-10-10,2025-10-13,2025-10-20,TLOFF,US,0.013157894736842105,1.0,-0.18401942078026257,-0.18401942078026257
2025-10-10,2025-10-13,2025-10-20,UEC,US,0.013157894736842105,1.0,-0.013054818097203102,-0.013054818097203102
2025-10-10,2025-10-13,2025-10-20,USA,US,0.013157894736842105,1.0,0.003199959973578581,0.003199959973578581
2025-10-10,2025-10-13,2025-10-20,USAR,US,0.013157894736842105,1.0,-0.1832988649599151,-0.1832988649599151
2025-10-10,2025-10-13,2025-10-20,UUUU,US,0.013157894736842105,1.0,-0.05006312625748999,-0.05006312625748999
2025-10-10,2025-10-13,2025-10-20,WPM,US,0.013157894736842105,1.0,-0.03266352176328802,-0.03266352176328802
2025-10-10,2025-10-13,2025-10-20,WWR,US,0.013157894736842105,1.0,-0.20703124345163804,-0.20703124345163804
2025-10-10,2025-10-13,2025-10-20,2362.HK,HK,0.013157894736842105,0.75,0.0,-0.00010640287884600141
2025-10-10,2025-10-13,2025-10-20,002340.SZ,CN_A,0.013157894736842105,0.6666666666666666,-0.09460952650333276,-0.09460952650333276
2025-10-10,2025-10-13,2025-10-20,603799.SH,CN_A,0.013157894736842105,0.6666666666666666,-0.14117486235280596,-0.14117486235280585
2025-10-10,2025-10-13,2025-10-20,VALE,US,0.013157894736842105,0.6666666666666666,0.03542227622661076,0.03542227622661076
2025-10-10,2025-10-13,2025-10-20,2899.HK,HK,0.013157894736842105,0.5,-0.05198606986622312,-0.051986069866222895
2025-10-10,2025-10-13,2025-10-20,601168.SH,CN_A,0.013157894736842105,0.5,-0.0511945824359723,-0.0511945824359723
2025-10-10,2025-10-13,2025-10-20,601899.SH,CN_A,0.013157894736842105,0.5,-0.04952074360517178,-0.04952074360517178
2025-10-10,2025-10-13,2025-10-20,ANGPY,US,0.013157894736842105,0.5,-0.07894731320906412,-0.07894731320906412
2025-10-10,2025-10-13,2025-10-20,HL,US,0.013157894736842105,0.5,0.07344225015469541,0.07344225015469541
2025-10-10,2025-10-13,2025-10-20,IMPUY,US,0.013157894736842105,0.5,-0.041373936448090065,-0.041373936448090065
2025-10-10,2025-10-13,2025-10-20,NEXA,US,0.013157894736842105,0.5,0.005357180414151896,0.005357180414151896
2025-10-10,2025-10-13,2025-10-20,NGLOY,US,0.013157894736842105,0.5,-0.04498774068363098,-0.04498774068363098
2025-10-10,2025-10-13,2025-10-20,PLG,US,0.013157894736842105,0.5,-0.1404682524930888,-0.1404682524930888
2025-10-10,2025-10-13,2025-10-20,SBSW,US,0.013157894736842105,0.5,-0.015267213060446094,-0.015267213060446094
2025-10-10,2025-10-13,2025-10-20,TECK,US,0.013157894736842105,0.5,-0.006282205112464356,-0.006282205112464356
2025-10-10,2025-10-13,2025-10-20,600497.SH,CN_A,0.013157894736842105,0.4444444444444444,-0.07584266998845379,-0.07584266998845379
2025-10-17,2025-10-20,2025-10-27,000408.SZ,CN_A,0.013157894736842105,1.0,0.09429191037630869,0.09429191037630846
2025-10-17,2025-10-20,2025-10-27,000426.SZ,CN_A,0.013157894736842105,1.0,-0.016010246792472316,-0.016010246792472205
2025-10-17,2025-10-20,2025-10-27,000792.SZ,CN_A,0.013157894736842105,1.0,0.10138243217705822,0.10138243217705822
2025-10-17,2025-10-20,2025-10-27,000807.SZ,CN_A,0.013157894736842105,1.0,0.10266162957616931,0.10266162957616931
2025-10-17,2025-10-20,2025-10-27,000831.SZ,CN_A,0.013157894736842105,1.0,0.015250477668230955,0.015250477668231177
2025-10-17,2025-10-20,2025-10-27,000933.SZ,CN_A,0.013157894736842105,1.0,0.07803591343145433,0.07803591343145433
2025-10-17,2025-10-20,2025-10-27,000960.SZ,CN_A,0.013157894736842105,1.0,0.09832351082816371,0.09832351082816371
2025-10-17,2025-10-20,2025-10-27,000970.SZ,CN_A,0.013157894736842105,1.0,0.01230101262445249,0.01230101262445249
2025-10-17,2025-10-20,2025-10-27,002460.SZ,CN_A,0.013157894736842105,1.0,0.0797495511963624,0.0797495511963624
2025-10-17,2025-10-20,2025-10-27,002466.SZ,CN_A,0.013157894736842105,1.0,0.08177615451192133,0.08177615451192133
2025-10-17,2025-10-20,2025-10-27,0815.HK,HK,0.013157894736842105,1.0,-0.168831166820555,-0.1690007671744299
2025-10-17,2025-10-20,2025-10-27,1164.HK,HK,0.013157894736842105,1.0,0.10810815067939994,0.10810815067939994
2025-10-17,2025-10-20,2025-10-27,1378.HK,HK,0.013157894736842105,1.0,0.12943966565043796,0.12943966565043796
2025-10-17,2025-10-20,2025-10-27,1772.HK,HK,0.013157894736842105,1.0,0.1387336043172256,0.1387336043172256
2025-10-17,2025-10-20,2025-10-27,2237.HK,HK,0.013157894736842105,1.0,-0.09195400330141223,-0.09195400330141223
2025-10-17,2025-10-20,2025-10-27,2302.HK,HK,0.013157894736842105,1.0,0.06779662523760033,0.06779662523760033
2025-10-17,2025-10-20,2025-10-27,2362.HK,HK,0.013157894736842105,1.0,0.0,0.0
2025-10-17,2025-10-20,2025-10-27,2600.HK,HK,0.013157894736842105,1.0,0.10589640389057786,0.10645432321409554
2025-10-17,2025-10-20,2025-10-27,300748.SZ,CN_A,0.013157894736842105,1.0,-0.001984079728191701,-0.001984079728191701
2025-10-17,2025-10-20,2025-10-27,300919.SZ,CN_A,0.013157894736842105,1.0,0.014074742537902862,0.014074742537902862
2025-10-17,2025-10-20,2025-10-27,600111.SH,CN_A,0.013157894736842105,1.0,0.02087319345253258,0.02087319345253258
2025-10-17,2025-10-20,2025-10-27,600366.SH,CN_A,0.013157894736842105,1.0,0.00564572500178695,0.005645725001786728
2025-10-17,2025-10-20,2025-10-27,600392.SH,CN_A,0.013157894736842105,1.0,-0.006369407618706191,-0.006369407618706191
2025-10-17,2025-10-20,2025-10-27,600516.SH,CN_A,0.013157894736842105,1.0,-0.042671618695874214,-0.042671618695874214
2025-10-17,2025-10-20,2025-10-27,600884.SH,CN_A,0.013157894736842105,1.0,0.0037594127832940583,0.0037594127832940583
2025-10-17,2025-10-20,2025-10-27,600961.SH,CN_A,0.013157894736842105,1.0,0.025099082286911045,0.025099082286910823
2025-10-17,2025-10-20,2025-10-27,601600.SH,CN_A,0.013157894736842105,1.0,0.12305851219284603,0.12305851219284603
2025-10-17,2025-10-20,2025-10-27,601985.SH,CN_A,0.013157894736842105,1.0,0.04525390272266483,0.04525390272266483
2025-10-17,2025-10-20,2025-10-27,603659.SH,CN_A,0.013157894736842105,1.0,0.048854962055785656,0.048854962055785434
2025-10-17,2025-10-20,2025-10-27,6680.HK,HK,0.013157894736842105,1.0,0.03694155789714659,0.03645382280345588
2025-10-17,2025-10-20,2025-10-27,9696.HK,HK,0.013157894736842105,1.0,0.12221695163954283,0.12221695163954283
2025-10-17,2025-10-20,2025-10-27,AA,US,0.013157894736842105,1.0,0.024127396118538647,0.024127396118538647
2025-10-17,2025-10-20,2025-10-27,AFMJF,US,0.013157894736842105,1.0,0.0,0.0
2025-10-17,2025-10-20,2025-10-27,ALB,US,0.013157894736842105,1.0,0.0009362110149069292,0.0009362110149069292
2025-10-17,2025-10-20,2025-10-27,ANGPY,US,0.013157894736842105,1.0,-0.12073730703434826,-0.12073730703434826
2025-10-17,2025-10-20,2025-10-27,BHP,US,0.013157894736842105,1.0,-0.0073942840902671,-0.0073942840902671
2025-10-17,2025-10-20,2025-10-27,CCJ,US,0.013157894736842105,1.0,0.008381888556807437,0.008381888556807437
2025-10-17,2025-10-20,2025-10-27,CDE,US,0.013157894736842105,1.0,-0.19745795935532895,-0.19745795935532895
2025-10-17,2025-10-20,2025-10-27,CENX,US,0.013157894736842105,1.0,-0.10391120061311299,-0.10391120061311299
2025-10-17,2025-10-20,2025-10-27,DNN,US,0.013157894736842105,1.0,-0.0511945706313397,-0.0511945706313397
2025-10-17,2025-10-20,2025-10-27,GPHOF,US,0.013157894736842105,1.0,-0.23352167352774844,-0.23352167352774844
2025-10-17,2025-10-20,2025-10-27,HBM,US,0.013157894736842105,1.0,-0.05660377906399339,-0.05660377906399339
2025-10-17,2025-10-20,2025-10-27,IMPUY,US,0.013157894736842105,1.0,-0.0936482212256674,-0.0936482212256674
2025-10-17,2025-10-20,2025-10-27,KALU,US,0.013157894736842105,1.0,0.17320112263316356,0.17320112263316356
2025-10-17,2025-10-20,2025-10-27,LAC,US,0.013157894736842105,1.0,-0.1389684509371114,-0.1389684509371114
2025-10-17,2025-10-20,2025-10-27,MLXEF,US,0.013157894736842105,1.0,-0.029574920833795204,-0.029574920833795204
2025-10-17,2025-10-20,2025-10-27,MP,US,0.013157894736842105,1.0,-0.20904706287182373,-0.20904706287182373
2025-10-17,2025-10-20,2025-10-27,NGLOY,US,0.013157894736842105,1.0,-0.03737850188205005,-0.03737850188205005
2025-10-17,2025-10-20,2025-10-27,NMG,US,0.013157894736842105,1.0,-0.14596274050751612,-0.14596274050751612
2025-10-17,2025-10-20,2025-10-27,NXE,US,0.013157894736842105,1.0,-0.02298848432756806,-0.02298848432756806
2025-10-17,2025-10-20,2025-10-27,PAAS,US,0.013157894736842105,1.0,-0.11808027651464248,-0.11808027651464248
2025-10-17,2025-10-20,2025-10-27,PLG,US,0.013157894736842105,1.0,-0.13618673685759297,-0.13618673685759297
2025-10-17,2025-10-20,2025-10-27,SBSW,US,0.013157894736842105,1.0,-0.1016364731364573,-0.1016364731364573
2025-10-17,2025-10-20,2025-10-27,SGML,US,0.013157894736842105,1.0,-0.17836260815977112,-0.17836260815977112
2025-10-17,2025-10-20,2025-10-27,SQM,US,0.013157894736842105,1.0,0.003847078960544925,0.003847078960544925
2025-10-17,2025-10-20,2025-10-27,SVM,US,0.013157894736842105,1.0,-0.1304964555333783,-0.1304964555333783
2025-10-17,2025-10-20,2025-10-27,TLOFF,US,0.013157894736842105,1.0,-0.1186943236001009,-0.1186943236001009
2025-10-17,2025-10-20,2025-10-27,UEC,US,0.013157894736842105,1.0,-0.11904763256341166,-0.11904763256341166
2025-10-17,2025-10-20,2025-10-27,USA,US,0.013157894736842105,1.0,0.019138765067722163,0.019138765067722163
2025-10-17,2025-10-20,2025-10-27,USAR,US,0.013157894736842105,1.0,-0.3162393074664095,-0.3162393074664095
2025-10-17,2025-10-20,2025-10-27,UUUU,US,0.013157894736842105,1.0,-0.1541186693531731,-0.1541186693531731
2025-10-17,2025-10-20,2025-10-27,WPM,US,0.013157894736842105,1.0,-0.10414500535840643,-0.10414500535840643
2025-10-17,2025-10-20,2025-10-27,WWR,US,0.013157894736842105,1.0,-0.3004926221193486,-0.3004926221193486
2025-10-17,2025-10-20,2025-10-27,002340.SZ,CN_A,0.013157894736842105,0.6666666666666666,0.008505547070724928,0.008505547070724928
2025-10-17,2025-10-20,2025-10-27,603799.SH,CN_A,0.013157894736842105,0.6666666666666666,0.06856110607027399,0.06856110607027399
2025-10-17,2025-10-20,2025-10-27,VALE,US,0.013157894736842105,0.6666666666666666,0.00526313471500317,0.00526313471500317
2025-10-17,2025-10-20,2025-10-27,2899.HK,HK,0.013157894736842105,0.5,0.014171223491743046,0.014013255630137778
2025-10-17,2025-10-20,2025-10-27,601168.SH,CN_A,0.013157894736842105,0.5,0.11825540044206617,0.11825540044206617
2025-10-17,2025-10-20,2025-10-27,601899.SH,CN_A,0.013157894736842105,0.5,0.04201680672268915,0.04201680672268915
2025-10-17,2025-10-20,2025-10-27,HL,US,0.013157894736842105,0.5,-0.14581907333642974,-0.14581907333642974
2025-10-17,2025-10-20,2025-10-27,NEXA,US,0.013157894736842105,0.5,-0.02309060600326962,-0.02309060600326962
2025-10-17,2025-10-20,2025-10-27,TECK,US,0.013157894736842105,0.5,-0.05622032968096369,-0.05622032968096369
2025-10-17,2025-10-20,2025-10-27,600497.SH,CN_A,0.013157894736842105,0.4444444444444444,0.016717370457568492,0.016717370457568492
2025-10-24,2025-10-27,2025-11-03,000408.SZ,CN_A,0.013157894736842105,1.0,-0.04985142031874068,-0.051851453670272996
2025-10-24,2025-10-27,2025-11-03,000426.SZ,CN_A,0.013157894736842105,1.0,-0.029287329382914007,-0.029287329382914118
2025-10-24,2025-10-27,2025-11-03,000792.SZ,CN_A,0.013157894736842105,1.0,0.029707154943668268,0.03439100087559521
2025-10-24,2025-10-27,2025-11-03,000807.SZ,CN_A,0.013157894736842105,1.0,0.061625898888785,0.061625898888785
2025-10-24,2025-10-27,2025-11-03,000831.SZ,CN_A,0.013157894736842105,1.0,-0.10693847886349306,-0.10945429267125473
2025-10-24,2025-10-27,2025-11-03,000933.SZ,CN_A,0.013157894736842105,1.0,0.06303375456325333,0.06303375456325333
2025-10-24,2025-10-27,2025-11-03,000960.SZ,CN_A,0.013157894736842105,1.0,-0.041254166960210115,-0.045281653668462485
2025-10-24,2025-10-27,2025-11-03,000970.SZ,CN_A,0.013157894736842105,1.0,-0.024303072843049556,-0.0271908876688719
2025-10-24,2025-10-27,2025-11-03,002460.SZ,CN_A,0.013157894736842105,1.0,0.04257593419044592,0.04257593419044592
2025-10-24,2025-10-27,2025-11-03,002466.SZ,CN_A,0.013157894736842105,1.0,0.09388341460139937,0.0915500517357053
2025-10-24,2025-10-27,2025-11-03,0815.HK,HK,0.013157894736842105,1.0,-0.031249970896168877,-0.031249970896168877
2025-10-24,2025-10-27,2025-11-03,1164.HK,HK,0.013157894736842105,1.0,-0.013550122368818363,-0.013904690057647717
2025-10-24,2025-10-27,2025-11-03,1378.HK,HK,0.013157894736842105,1.0,0.06289300559867517,0.06289300559867517
2025-10-24,2025-10-27,2025-11-03,1772.HK,HK,0.013157894736842105,1.0,0.031275637033624015,0.031275637033624015
2025-10-24,2025-10-27,2025-11-03,2237.HK,HK,0.013157894736842105,1.0,-0.01265829088137238,-0.01265829088137238
2025-10-24,2025-10-27,2025-11-03,2302.HK,HK,0.013157894736842105,1.0,-0.0682540146281525,-0.0682540146281525
2025-10-24,2025-10-27,2025-11-03,2362.HK,HK,0.013157894736842105,1.0,0.0,0.0
2025-10-24,2025-10-27,2025-11-03,2600.HK,HK,0.013157894736842105,1.0,0.10119699103805524,0.10119699103805524
2025-10-24,2025-10-27,2025-11-03,300748.SZ,CN_A,0.013157894736842105,1.0,-0.09418497911343116,-0.09418497911343104
2025-10-24,2025-10-27,2025-11-03,300919.SZ,CN_A,0.013157894736842105,1.0,0.04277588922945852,0.041912252969602326
2025-10-24,2025-10-27,2025-11-03,600111.SH,CN_A,0.013157894736842105,1.0,-0.08272369783356925,-0.08307676161617372
2025-10-24,2025-10-27,2025-11-03,600366.SH,CN_A,0.013157894736842105,1.0,-0.015438615230091823,-0.013488169572096975
2025-10-24,2025-10-27,2025-11-03,600392.SH,CN_A,0.013157894736842105,1.0,-0.03162394496224652,-0.03162394496224652
2025-10-24,2025-10-27,2025-11-03,600516.SH,CN_A,0.013157894736842105,1.0,0.22868223644765928,0.23339004005943265
2025-10-24,2025-10-27,2025-11-03,600884.SH,CN_A,0.013157894736842105,1.0,-0.0089888266520175,-0.0016142343480891608
2025-10-24,2025-10-27,2025-11-03,600961.SH,CN_A,0.013157894736842105,1.0,-0.034149527771462296,-0.034149527771462185
2025-10-24,2025-10-27,2025-11-03,601600.SH,CN_A,0.013157894736842105,1.0,0.08191494563954715,0.08174764524911637
2025-10-24,2025-10-27,2025-11-03,601985.SH,CN_A,0.013157894736842105,1.0,-0.03907081197377371,-0.03926106723884504
2025-10-24,2025-10-27,2025-11-03,603659.SH,CN_A,0.013157894736842105,1.0,0.05494902680940572,0.05708371255563183
2025-10-24,2025-10-27,2025-11-03,6680.HK,HK,0.013157894736842105,1.0,-0.12269527719128714,-0.12269527719128703
2025-10-24,2025-10-27,2025-11-03,9696.HK,HK,0.013157894736842105,1.0,-0.016884745019537628,-0.01688474501953774
2025-10-24,2025-10-27,2025-11-03,AA,US,0.013157894736842105,1.0,-0.0676692633221816,-0.0676692633221816
2025-10-24,2025-10-27,2025-11-03,AFMJF,US,0.013157894736842105,1.0,-0.012987050528284083,-0.012987050528284083
2025-10-24,2025-10-27,2025-11-03,ALB,US,0.013157894736842105,1.0,0.0031174647880569673,0.0031174647880569673
2025-10-24,2025-10-27,2025-11-03,ANGPY,US,0.013157894736842105,1.0,0.07127884489636971,0.07127884489636971
2025-10-24,2025-10-27,2025-11-03,BHP,US,0.013157894736842105,1.0,-0.0040794792308013195,-0.0040794792308013195
2025-10-24,2025-10-27,2025-11-03,CCJ,US,0.013157894736842105,1.0,0.16428067014526193,0.16428067014526193
2025-10-24,2025-10-27,2025-11-03,CDE,US,0.013157894736842105,1.0,-0.14366517388728717,-0.14366517388728717
2025-10-24,2025-10-27,2025-11-03,CENX,US,0.013157894736842105,1.0,0.0009771589104679013,0.0009771589104679013
2025-10-24,2025-10-27,2025-11-03,DNN,US,0.013157894736842105,1.0,0.050359750483805366,0.050359750483805366
2025-10-24,2025-10-27,2025-11-03,GPHOF,US,0.013157894736842105,1.0,0.006142500205394308,0.006142500205394308
2025-10-24,2025-10-27,2025-11-03,HBM,US,0.013157894736842105,1.0,0.021290281075247552,0.021290281075247552
2025-10-24,2025-10-27,2025-11-03,IMPUY,US,0.013157894736842105,1.0,-0.029649590275731885,-0.029649590275731885
2025-10-24,2025-10-27,2025-11-03,KALU,US,0.013157894736842105,1.0,0.0024709385764380976,0.0024709385764380976
2025-10-24,2025-10-27,2025-11-03,LAC,US,0.013157894736842105,1.0,-0.1530782098597543,-0.1530782098597543
2025-10-24,2025-10-27,2025-11-03,MLXEF,US,0.013157894736842105,1.0,0.013333389342779833,0.013333389342779833
2025-10-24,2025-10-27,2025-11-03,MP,US,0.013157894736842105,1.0,-0.12063443471445501,-0.12063443471445501
2025-10-24,2025-10-27,2025-11-03,NGLOY,US,0.013157894736842105,1.0,-0.007446814468602958,-0.007446814468602958
2025-10-24,2025-10-27,2025-11-03,NMG,US,0.013157894736842105,1.0,-0.1090908917513761,-0.1090908917513761
2025-10-24,2025-10-27,2025-11-03,NXE,US,0.013157894736842105,1.0,0.07529415803797113,0.07529415803797113
2025-10-24,2025-10-27,2025-11-03,PAAS,US,0.013157894736842105,1.0,-0.0014397635035696688,-0.0014397635035696688
2025-10-24,2025-10-27,2025-11-03,PLG,US,0.013157894736842105,1.0,-0.06306310950447058,-0.06306310950447058
2025-10-24,2025-10-27,2025-11-03,SBSW,US,0.013157894736842105,1.0,0.0028763096523758414,0.0028763096523758414
2025-10-24,2025-10-27,2025-11-03,SGML,US,0.013157894736842105,1.0,-0.04715300211420437,-0.04715300211420437
2025-10-24,2025-10-27,2025-11-03,SQM,US,0.013157894736842105,1.0,0.09535613699451972,0.09535613699451972
2025-10-24,2025-10-27,2025-11-03,SVM,US,0.013157894736842105,1.0,0.05709620223002476,0.05709620223002476
2025-10-24,2025-10-27,2025-11-03,TLOFF,US,0.013157894736842105,1.0,-0.12794616524590874,-0.12794616524590874
2025-10-24,2025-10-27,2025-11-03,UEC,US,0.013157894736842105,1.0,0.051051075131781865,0.051051075131781865
2025-10-24,2025-10-27,2025-11-03,USA,US,0.013157894736842105,1.0,-0.014084574369782166,-0.014084574369782166
2025-10-24,2025-10-27,2025-11-03,USAR,US,0.013157894736842105,1.0,-0.21712965051987165,-0.21712965051987165
2025-10-24,2025-10-27,2025-11-03,UUUU,US,0.013157894736842105,1.0,-0.06806288578247377,-0.06806288578247377
2025-10-24,2025-10-27,2025-11-03,WPM,US,0.013157894736842105,1.0,0.029010109764172398,0.029010109764172398
2025-10-24,2025-10-27,2025-11-03,WWR,US,0.013157894736842105,1.0,-0.10563378921933275,-0.10563378921933275
2025-10-24,2025-10-27,2025-11-03,002340.SZ,CN_A,0.013157894736842105,0.6666666666666666,-0.004819272401665575,-0.004819272401665575
2025-10-24,2025-10-27,2025-11-03,603799.SH,CN_A,0.013157894736842105,0.6666666666666666,-0.02860235558608748,-0.02860235558608759
2025-10-24,2025-10-27,2025-11-03,VALE,US,0.013157894736842105,0.6666666666666666,0.06457246421130458,0.06457246421130458
2025-10-24,2025-10-27,2025-11-03,2899.HK,HK,0.013157894736842105,0.5,-0.03645198751310019,-0.03645198751310019
2025-10-24,2025-10-27,2025-11-03,601168.SH,CN_A,0.013157894736842105,0.5,-0.059911657139586016,-0.059911657139586016
2025-10-24,2025-10-27,2025-11-03,601899.SH,CN_A,0.013157894736842105,0.5,-0.032258064516129004,-0.032258064516129004
2025-10-24,2025-10-27,2025-11-03,HL,US,0.013157894736842105,0.5,0.03236255275370126,0.03236255275370126
2025-10-24,2025-10-27,2025-11-03,NEXA,US,0.013157894736842105,0.5,0.03272724151611328,0.03272724151611328
2025-10-24,2025-10-27,2025-11-03,TECK,US,0.013157894736842105,0.5,0.02129180448532808,0.02129180448532808
2025-10-24,2025-10-27,2025-11-03,600497.SH,CN_A,0.013157894736842105,0.4444444444444444,-0.008968541970619248,-0.008968541970619137
2025-10-31,2025-11-03,2025-11-10,000408.SZ,CN_A,0.011627906976744186,1.0,0.00017368280705398753,0.00017368280705398753
2025-10-31,2025-11-03,2025-11-10,000426.SZ,CN_A,0.011627906976744186,1.0,0.005698963349941133,0.005698963349940911
2025-10-31,2025-11-03,2025-11-10,000630.SZ,CN_A,0.011627906976744186,1.0,0.013513531247457466,0.013513531247457244
2025-10-31,2025-11-03,2025-11-10,000792.SZ,CN_A,0.011627906976744186,1.0,0.03860214677082241,0.03860214677082241
2025-10-31,2025-11-03,2025-11-10,000807.SZ,CN_A,0.011627906976744186,1.0,0.0386989615496407,0.0386989615496407
2025-10-31,2025-11-03,2025-11-10,000831.SZ,CN_A,0.011627906976744186,1.0,-0.023428077715636375,-0.023428077715636375
2025-10-31,2025-11-03,2025-11-10,000933.SZ,CN_A,0.011627906976744186,1.0,0.039020688574362694,0.039020688574362694
2025-10-31,2025-11-03,2025-11-10,000960.SZ,CN_A,0.011627906976744186,1.0,0.010757429828135212,0.010757429828135434
2025-10-31,2025-11-03,2025-11-10,000970.SZ,CN_A,0.011627906976744186,1.0,-0.01098903944516183,-0.010989039445161941
2025-10-31,2025-11-03,2025-11-10,002155.SZ,CN_A,0.011627906976744186,1.0,0.044811196700615286,0.04481119670061551
2025-10-31,2025-11-03,2025-11-10,002460.SZ,CN_A,0.011627906976744186,1.0,0.015222495904169797,0.015222495904169797
2025-10-31,2025-11-03,2025-11-10,002466.SZ,CN_A,0.011627906976744186,1.0,0.06836329863090418,0.06836329863090418
2025-10-31,2025-11-03,2025-11-10,0358.HK,HK,0.011627906976744186,1.0,0.025566811354358565,0.025566811354358565
2025-10-31,2025-11-03,2025-11-10,0815.HK,HK,0.011627906976744186,1.0,0.0645161631452178,0.0645161631452178
2025-10-31,2025-11-03,2025-11-10,1164.HK,HK,0.011627906976744186,1.0,-0.04945056636528333,-0.04945056636528333
2025-10-31,2025-11-03,2025-11-10,1378.HK,HK,0.011627906976744186,1.0,0.049309674754375976,0.0491890646306008
2025-10-31,2025-11-03,2025-11-10,1772.HK,HK,0.011627906976744186,1.0,0.07036672832703306,0.07057198361822725
2025-10-31,2025-11-03,2025-11-10,2237.HK,HK,0.011627906976744186,1.0,-0.025641002128344415,-0.025725792459918906
2025-10-31,2025-11-03,2025-11-10,2302.HK,HK,0.011627906976744186,1.0,-0.05792158132526937,-0.05749273702534785
2025-10-31,2025-11-03,2025-11-10,2362.HK,HK,0.011627906976744186,1.0,0.0,0.00016929484477024026
2025-10-31,2025-11-03,2025-11-10,2600.HK,HK,0.011627906976744186,1.0,0.09288542931694765,0.09288542931694788
2025-10-31,2025-11-03,2025-11-10,300748.SZ,CN_A,0.011627906976744186,1.0,-0.011803830475828891,-0.011803830475829002
2025-10-31,2025-11-03,2025-11-10,300919.SZ,CN_A,0.011627906976744186,1.0,0.0942614346287558,0.0942614346287558
2025-10-31,2025-11-03,2025-11-10,600111.SH,CN_A,0.011627906976744186,1.0,-0.02249491296102124,-0.02249491296102124
2025-10-31,2025-11-03,2025-11-10,600362.SH,CN_A,0.011627906976744186,1.0,0.008519202868584763,0.008519202868584763
2025-10-31,2025-11-03,2025-11-10,600366.SH,CN_A,0.011627906976744186,1.0,-0.025659277514541112,-0.025659277514541112
2025-10-31,2025-11-03,2025-11-10,600392.SH,CN_A,0.011627906976744186,1.0,-0.020741360234512896,-0.020741360234512785
2025-10-31,2025-11-03,2025-11-10,600516.SH,CN_A,0.011627906976744186,1.0,-0.036277604658984774,-0.03627760465898466
2025-10-31,2025-11-03,2025-11-10,600884.SH,CN_A,0.011627906976744186,1.0,-0.002267553591020044,-0.002267553591020155
2025-10-31,2025-11-03,2025-11-10,600961.SH,CN_A,0.011627906976744186,1.0,0.006671139626192701,0.006671139626192701
2025-10-31,2025-11-03,2025-11-10,601020.SH,CN_A,0.011627906976744186,1.0,0.027826732388567477,0.027826732388567477
2025-10-31,2025-11-03,2025-11-10,601600.SH,CN_A,0.011627906976744186,1.0,0.0914454570500538,0.0914454570500538
2025-10-31,2025-11-03,2025-11-10,601985.SH,CN_A,0.011627906976744186,1.0,0.0,0.0
2025-10-31,2025-11-03,2025-11-10,603659.SH,CN_A,0.011627906976744186,1.0,0.02621594973237884,0.02621594973237884
2025-10-31,2025-11-03,2025-11-10,6680.HK,HK,0.011627906976744186,1.0,-0.024761852729612066,-0.024761852729612177
2025-10-31,2025-11-03,2025-11-10,9696.HK,HK,0.011627906976744186,1.0,0.16251608839090537,0.16272977426104251
2025-10-31,2025-11-03,2025-11-10,AA,US,0.011627906976744186,1.0,0.04555263202142901,0.04555263202142901
2025-10-31,2025-11-03,2025-11-10,AFMJF,US,0.011627906976744186,1.0,-0.02631569426783631,-0.02631569426783631
2025-10-31,2025-11-03,2025-11-10,ALB,US,0.011627906976744186,1.0,0.07303433899318423,0.07303433899318423
2025-10-31,2025-11-03,2025-11-10,ANGPY,US,0.011627906976744186,1.0,0.05577291831454101,0.05577291831454101
2025-10-31,2025-11-03,2025-11-10,BHP,US,0.011627906976744186,1.0,-0.00516476375019459,-0.00516476375019459
2025-10-31,2025-11-03,2025-11-10,CCJ,US,0.011627906976744186,1.0,-0.06554286718720337,-0.06554286718720337
2025-10-31,2025-11-03,2025-11-10,CDE,US,0.011627906976744186,1.0,-0.01783361881097778,-0.01783361881097778
2025-10-31,2025-11-03,2025-11-10,CENX,US,0.011627906976744186,1.0,0.05141561518356297,0.05141561518356297
2025-10-31,2025-11-03,2025-11-10,DNN,US,0.011627906976744186,1.0,-0.0958903986554499,-0.0958903986554499
2025-10-31,2025-11-03,2025-11-10,FCX,US,0.011627906976744186,1.0,-0.0055853172756547,-0.0055853172756547
2025-10-31,2025-11-03,2025-11-10,GPHOF,US,0.011627906976744186,1.0,0.040293030696027854,0.040293030696027854
2025-10-31,2025-11-03,2025-11-10,HBM,US,0.011627906976744186,1.0,0.06506646676324279,0.06506646676324279
2025-10-31,2025-11-03,2025-11-10,IMPUY,US,0.011627906976744186,1.0,0.07129631287201854,0.07129631287201854
2025-10-31,2025-11-03,2025-11-10,KALU,US,0.011627906976744186,1.0,0.021219640779522875,0.021219640779522875
2025-10-31,2025-11-03,2025-11-10,LAC,US,0.011627906976744186,1.0,0.00196458776913655,0.00196458776913655
2025-10-31,2025-11-03,2025-11-10,MLXEF,US,0.011627906976744186,1.0,0.03364659756636024,0.03364659756636024
2025-10-31,2025-11-03,2025-11-10,MP,US,0.011627906976744186,1.0,0.11307666449909481,0.11307666449909481
2025-10-31,2025-11-03,2025-11-10,NGLOY,US,0.011627906976744186,1.0,0.0016078062728861475,0.0016078062728861475
2025-10-31,2025-11-03,2025-11-10,NMG,US,0.011627906976744186,1.0,0.15510198719448964,0.15510198719448964
2025-10-31,2025-11-03,2025-11-10,NXE,US,0.011627906976744186,1.0,-0.032822776746833426,-0.032822776746833426
2025-10-31,2025-11-03,2025-11-10,PAAS,US,0.011627906976744186,1.0,0.07843148319589321,0.07843148319589321
2025-10-31,2025-11-03,2025-11-10,PLG,US,0.011627906976744186,1.0,-0.02884612739438741,-0.02884612739438741
2025-10-31,2025-11-03,2025-11-10,SBSW,US,0.011627906976744186,1.0,0.08699810822484988,0.08699810822484988
2025-10-31,2025-11-03,2025-11-10,SCCO,US,0.011627906976744186,1.0,0.008677365700281436,0.008677365700281436
2025-10-31,2025-11-03,2025-11-10,SGML,US,0.011627906976744186,1.0,0.12418299897001384,0.12418299897001384
2025-10-31,2025-11-03,2025-11-10,SQM,US,0.011627906976744186,1.0,0.06770941475418857,0.06770941475418857
2025-10-31,2025-11-03,2025-11-10,SVM,US,0.011627906976744186,1.0,0.04938277334323371,0.04938277334323371
2025-10-31,2025-11-03,2025-11-10,TLOFF,US,0.011627906976744186,1.0,0.11969119361826164,0.11969119361826164
2025-10-31,2025-11-03,2025-11-10,UAMY,US,0.011627906976744186,1.0,0.08948865310435217,0.08948865310435217
2025-10-31,2025-11-03,2025-11-10,UEC,US,0.011627906976744186,1.0,-0.07571431568690712,-0.07571431568690712
2025-10-31,2025-11-03,2025-11-10,USA,US,0.011627906976744186,1.0,-0.006349127561993351,-0.006349127561993351
2025-10-31,2025-11-03,2025-11-10,USAR,US,0.011627906976744186,1.0,0.01892369590252785,0.01892369590252785
2025-10-31,2025-11-03,2025-11-10,UUUU,US,0.011627906976744186,1.0,-0.07359547876917283,-0.07359547876917283
2025-10-31,2025-11-03,2025-11-10,WPM,US,0.011627906976744186,1.0,0.05268025783465169,0.05268025783465169
2025-10-31,2025-11-03,2025-11-10,WWR,US,0.011627906976744186,1.0,-0.16535436322902108,-0.16535436322902108
2025-10-31,2025-11-03,2025-11-10,002340.SZ,CN_A,0.011627906976744186,0.6666666666666666,0.01452783077892561,0.01452783077892561
2025-10-31,2025-11-03,2025-11-10,603799.SH,CN_A,0.011627906976744186,0.6666666666666666,0.006366356965244568,0.006366356965244568
2025-10-31,2025-11-03,2025-11-10,VALE,US,0.011627906976744186,0.6666666666666666,0.008196712541051587,0.008196712541051587
2025-10-31,2025-11-03,2025-11-10,600497.SH,CN_A,0.011627906976744186,0.5555555555555556,0.01055796448066948,0.01055796448066948
2025-10-31,2025-11-03,2025-11-10,2899.HK,HK,0.011627906976744186,0.5,0.046027814526813815,0.046027814526813815
2025-10-31,2025-11-03,2025-11-10,3993.HK,HK,0.011627906976744186,0.5,0.020282652533920587,0.020282652533920587
2025-10-31,2025-11-03,2025-11-10,601168.SH,CN_A,0.011627906976744186,0.5,0.022669038907066952,0.022669038907066952
2025-10-31,2025-11-03,2025-11-10,601899.SH,CN_A,0.011627906976744186,0.5,0.005666669209798192,0.005666669209798192
2025-10-31,2025-11-03,2025-11-10,603993.SH,CN_A,0.011627906976744186,0.5,-0.000610951368271051,-0.000610951368271051
2025-10-31,2025-11-03,2025-11-10,HL,US,0.011627906976744186,0.5,0.17711591688747008,0.17711591688747008
2025-10-31,2025-11-03,2025-11-10,NEXA,US,0.011627906976744186,0.5,-0.021126741053825282,-0.021126741053825282
2025-10-31,2025-11-03,2025-11-10,TECK,US,0.011627906976744186,0.5,-0.008198556725575679,-0.008198556725575679
2025-11-07,2025-11-10,2025-11-17,000408.SZ,CN_A,0.013157894736842105,1.0,0.05836373771412573,0.05836373771412573
2025-11-07,2025-11-10,2025-11-17,000426.SZ,CN_A,0.013157894736842105,1.0,0.03666667938232426,0.03666667938232426
2025-11-07,2025-11-10,2025-11-17,000630.SZ,CN_A,0.013157894736842105,1.0,-0.011428586226449489,-0.011428586226449489
2025-11-07,2025-11-10,2025-11-17,000792.SZ,CN_A,0.013157894736842105,1.0,0.08568077385821926,0.08568077385821926
2025-11-07,2025-11-10,2025-11-17,000807.SZ,CN_A,0.013157894736842105,1.0,-0.009908803060976634,-0.009908803060976634
2025-11-07,2025-11-10,2025-11-17,000933.SZ,CN_A,0.013157894736842105,1.0,-0.06038290074780128,-0.060382900747801393
2025-11-07,2025-11-10,2025-11-17,000960.SZ,CN_A,0.013157894736842105,1.0,0.02426558654599642,0.02426558654599642
2025-11-07,2025-11-10,2025-11-17,002155.SZ,CN_A,0.013157894736842105,1.0,0.004063213019940948,0.004063213019940948
2025-11-07,2025-11-10,2025-11-17,002460.SZ,CN_A,0.013157894736842105,1.0,0.06747405224903247,0.06747405224903247
2025-11-07,2025-11-10,2025-11-17,002466.SZ,CN_A,0.013157894736842105,1.0,0.08155107943465545,0.08155107943465545
2025-11-07,2025-11-10,2025-11-17,0358.HK,HK,0.013157894736842105,1.0,-0.03372894964565909,-0.03372894964565909
2025-11-07,2025-11-10,2025-11-17,0815.HK,HK,0.013157894736842105,1.0,0.0,0.0
2025-11-07,2025-11-10,2025-11-17,1164.HK,HK,0.013157894736842105,1.0,-0.05491331072996597,-0.05491331072996608
2025-11-07,2025-11-10,2025-11-17,1378.HK,HK,0.013157894736842105,1.0,0.011904756644172121,0.011904756644172121
2025-11-07,2025-11-10,2025-11-17,1772.HK,HK,0.013157894736842105,1.0,0.1601851971856112,0.16018519718561142
2025-11-07,2025-11-10,2025-11-17,2237.HK,HK,0.013157894736842105,1.0,0.0,0.0
2025-11-07,2025-11-10,2025-11-17,2302.HK,HK,0.013157894736842105,1.0,-0.07594937800345958,-0.07594937800345958
2025-11-07,2025-11-10,2025-11-17,2600.HK,HK,0.013157894736842105,1.0,0.012658172182355987,0.01248879754137544
2025-11-07,2025-11-10,2025-11-17,300919.SZ,CN_A,0.013157894736842105,1.0,0.0013958147948085475,0.0013958147948085475
2025-11-07,2025-11-10,2025-11-17,600362.SH,CN_A,0.013157894736842105,1.0,-0.060124246928435654,-0.060124246928435654
2025-11-07,2025-11-10,2025-11-17,600516.SH,CN_A,0.013157894736842105,1.0,0.04418984861318043,0.04418984861318043
2025-11-07,2025-11-10,2025-11-17,600884.SH,CN_A,0.013157894736842105,1.0,0.03484848824195419,0.03484848824195397
2025-11-07,2025-11-10,2025-11-17,600961.SH,CN_A,0.013157894736842105,1.0,-0.01789267428982544,-0.01789267428982544
2025-11-07,2025-11-10,2025-11-17,601020.SH,CN_A,0.013157894736842105,1.0,0.09047290479911929,0.09047290479911929
2025-11-07,2025-11-10,2025-11-17,601600.SH,CN_A,0.013157894736842105,1.0,0.005405357106342601,0.005405357106342601
2025-11-07,2025-11-10,2025-11-17,601985.SH,CN_A,0.013157894736842105,1.0,-0.03076925339036707,-0.03076925339036707
2025-11-07,2025-11-10,2025-11-17,603659.SH,CN_A,0.013157894736842105,1.0,0.06285721955167922,0.062857219551679
2025-11-07,2025-11-10,2025-11-17,9696.HK,HK,0.013157894736842105,1.0,0.05263154928553515,0.05263154928553493
2025-11-07,2025-11-10,2025-11-17,AA,US,0.013157894736842105,1.0,-0.07759734878232627,-0.07759734878232627
2025-11-07,2025-11-10,2025-11-17,AFMJF,US,0.013157894736842105,1.0,0.0,0.0
2025-11-07,2025-11-10,2025-11-17,ALB,US,0.013157894736842105,1.0,0.1363197301525414,0.1363197301525414
2025-11-07,2025-11-10,2025-11-17,BHP,US,0.013157894736842105,1.0,-0.022735380471344824,-0.022735380471344824
2025-11-07,2025-11-10,2025-11-17,CCJ,US,0.013157894736842105,1.0,-0.11895163138298703,-0.11895163138298703
2025-11-07,2025-11-10,2025-11-17,CDE,US,0.013157894736842105,1.0,-0.02757229851873233,-0.02757229851873233
2025-11-07,2025-11-10,2025-11-17,CENX,US,0.013157894736842105,1.0,-0.13215723541545432,-0.13215723541545432
2025-11-07,2025-11-10,2025-11-17,DNN,US,0.013157894736842105,1.0,-0.0946969659340503,-0.0946969659340503
2025-11-07,2025-11-10,2025-11-17,FCX,US,0.013157894736842105,1.0,-0.04761905653264309,-0.04761905653264309
2025-11-07,2025-11-10,2025-11-17,GPHOF,US,0.013157894736842105,1.0,-0.00234738762355724,-0.00234738762355724
2025-11-07,2025-11-10,2025-11-17,HBM,US,0.013157894736842105,1.0,-0.09074737245195674,-0.09074737245195674
2025-11-07,2025-11-10,2025-11-17,KALU,US,0.013157894736842105,1.0,-0.03977342011262641,-0.03977342011262641
2025-11-07,2025-11-10,2025-11-17,LAC,US,0.013157894736842105,1.0,-0.06470586860331118,-0.06470586860331118
2025-11-07,2025-11-10,2025-11-17,MLXEF,US,0.013157894736842105,1.0,0.0001818814235006183,0.0001818814235006183
2025-11-07,2025-11-10,2025-11-17,NMG,US,0.013157894736842105,1.0,-0.042402787559773114,-0.042402787559773114
2025-11-07,2025-11-10,2025-11-17,NXE,US,0.013157894736842105,1.0,-0.10407240502418058,-0.10407240502418058
2025-11-07,2025-11-10,2025-11-17,PAAS,US,0.013157894736842105,1.0,-0.0002674777250665228,-0.0002674777250665228
2025-11-07,2025-11-10,2025-11-17,SCCO,US,0.013157894736842105,1.0,-0.07589701940259308,-0.07589701940259308
2025-11-07,2025-11-10,2025-11-17,SGML,US,0.013157894736842105,1.0,0.3322259938827019,0.3322259938827019
2025-11-07,2025-11-10,2025-11-17,SQM,US,0.013157894736842105,1.0,0.1462991476604072,0.1462991476604072
2025-11-07,2025-11-10,2025-11-17,SVM,US,0.013157894736842105,1.0,-0.029411770899735346,-0.029411770899735346
2025-11-07,2025-11-10,2025-11-17,TLOFF,US,0.013157894736842105,1.0,-0.017241444513996895,-0.017241444513996895
2025-11-07,2025-11-10,2025-11-17,UAMY,US,0.013157894736842105,1.0,-0.10691006043087181,-0.10691006043087181
2025-11-07,2025-11-10,2025-11-17,UEC,US,0.013157894736842105,1.0,-0.13292112589879568,-0.13292112589879568
2025-11-07,2025-11-10,2025-11-17,WPM,US,0.013157894736842105,1.0,-0.0002932201663067291,-0.0002932201663067291
2025-11-07,2025-11-10,2025-11-17,WWR,US,0.013157894736842105,1.0,-0.08490558398834713,-0.08490558398834713
2025-11-07,2025-11-10,2025-11-17,2362.HK,HK,0.013157894736842105,0.75,0.0,0.0
2025-11-07,2025-11-10,2025-11-17,002340.SZ,CN_A,0.013157894736842105,0.6666666666666666,0.0167064846552325,0.0167064846552325
2025-11-07,2025-11-10,2025-11-17,603799.SH,CN_A,0.013157894736842105,0.6666666666666666,0.06911275041784237,0.06911275041784237
2025-11-07,2025-11-10,2025-11-17,VALE,US,0.013157894736842105,0.6666666666666666,-0.010569086310354248,-0.010569086310354248
2025-11-07,2025-11-10,2025-11-17,600497.SH,CN_A,0.013157894736842105,0.5555555555555556,-0.004497735474381259,-0.00449773547438137
2025-11-07,2025-11-10,2025-11-17,2899.HK,HK,0.013157894736842105,0.5,-0.03194702837888663,-0.030874308889089375
2025-11-07,2025-11-10,2025-11-17,3993.HK,HK,0.013157894736842105,0.5,-0.007831395608561942,-0.00783139560856183
2025-11-07,2025-11-10,2025-11-17,601168.SH,CN_A,0.013157894736842105,0.5,-0.028858284895120878,-0.028858284895120767
2025-11-07,2025-11-10,2025-11-17,601899.SH,CN_A,0.013157894736842105,0.5,-0.03944317305430367,-0.03944317305430367
2025-11-07,2025-11-10,2025-11-17,603993.SH,CN_A,0.013157894736842105,0.5,-0.0189487057058485,-0.01894870570584839
2025-11-07,2025-11-10,2025-11-17,ANGPY,US,0.013157894736842105,0.5,-0.04726597921293396,-0.04726597921293396
2025-11-07,2025-11-10,2025-11-17,HL,US,0.013157894736842105,0.5,-0.06924106951670506,-0.06924106951670506
2025-11-07,2025-11-10,2025-11-17,IMPUY,US,0.013157894736842105,0.5,-0.06136559328856961,-0.06136559328856961
2025-11-07,2025-11-10,2025-11-17,NEXA,US,0.013157894736842105,0.5,0.07374098050928102,0.07374098050928102
2025-11-07,2025-11-10,2025-11-17,NGLOY,US,0.013157894736842105,0.5,-0.03959340845621506,-0.03959340845621506
2025-11-07,2025-11-10,2025-11-17,PLG,US,0.013157894736842105,0.5,-0.014851471125267302,-0.014851471125267302
2025-11-07,2025-11-10,2025-11-17,SBSW,US,0.013157894736842105,0.5,-0.032541764611194623,-0.032541764611194623
2025-11-07,2025-11-10,2025-11-17,TECK,US,0.013157894736842105,0.5,-0.04581950768974363,-0.04581950768974363
2025-11-07,2025-11-10,2025-11-17,UUUU,US,0.013157894736842105,0.5,-0.09278349024909927,-0.09278349024909927
2025-11-14,2025-11-17,2025-11-24,000408.SZ,CN_A,0.015873015873015872,1.0,-0.055145254541865696,-0.055145254541865585
2025-11-14,2025-11-17,2025-11-24,000426.SZ,CN_A,0.015873015873015872,1.0,-0.03086819871530566,-0.03086819871530566
2025-11-14,2025-11-17,2025-11-24,000630.SZ,CN_A,0.015873015873015872,1.0,-0.05186217973576246,-0.05186217973576235
2025-11-14,2025-11-17,2025-11-24,000792.SZ,CN_A,0.015873015873015872,1.0,-0.08540543564805037,-0.08540543564805037
2025-11-14,2025-11-17,2025-11-24,000807.SZ,CN_A,0.015873015873015872,1.0,-0.07045638499830764,-0.07045638499830764
2025-11-14,2025-11-17,2025-11-24,000933.SZ,CN_A,0.015873015873015872,1.0,-0.05799369790336162,-0.05799369790336162
2025-11-14,2025-11-17,2025-11-24,000960.SZ,CN_A,0.015873015873015872,1.0,-0.06525359848666712,-0.06525359848666712
2025-11-14,2025-11-17,2025-11-24,002155.SZ,CN_A,0.015873015873015872,1.0,-0.01978416125279736,-0.01978416125279736
2025-11-14,2025-11-17,2025-11-24,002340.SZ,CN_A,0.015873015873015872,1.0,-0.12558692382739478,-0.12558692382739478
2025-11-14,2025-11-17,2025-11-24,002460.SZ,CN_A,0.015873015873015872,1.0,-0.207860605069508,-0.20786060506950788
2025-11-14,2025-11-17,2025-11-24,002466.SZ,CN_A,0.015873015873015872,1.0,-0.1705787858554707,-0.1705787858554707
2025-11-14,2025-11-17,2025-11-24,0358.HK,HK,0.015873015873015872,1.0,-0.039431197139861984,-0.039638081623636356
2025-11-14,2025-11-17,2025-11-24,0815.HK,HK,0.015873015873015872,1.0,-0.07575759080925315,-0.07587541772384676
2025-11-14,2025-11-17,2025-11-24,1378.HK,HK,0.015873015873015872,1.0,-0.08173373998816069,-0.08173373998816069
2025-11-14,2025-11-17,2025-11-24,1772.HK,HK,0.015873015873015872,1.0,-0.23351957612606244,-0.23351957612606233
2025-11-14,2025-11-17,2025-11-24,2237.HK,HK,0.015873015873015872,1.0,-0.039473647060816464,-0.039473647060816464
2025-11-14,2025-11-17,2025-11-24,2600.HK,HK,0.015873015873015872,1.0,-0.055357133581930174,-0.05535713358193006
2025-11-14,2025-11-17,2025-11-24,300919.SZ,CN_A,0.015873015873015872,1.0,-0.17542818862706255,-0.17542818862706255
2025-11-14,2025-11-17,2025-11-24,3993.HK,HK,0.015873015873015872,1.0,-0.03521540872737994,-0.035011831382064984
2025-11-14,2025-11-17,2025-11-24,600362.SH,CN_A,0.015873015873015872,1.0,-0.051017669532336885,-0.051017669532336773
2025-11-14,2025-11-17,2025-11-24,600516.SH,CN_A,0.015873015873015872,1.0,-0.07210031816547746,-0.07210031816547735
2025-11-14,2025-11-17,2025-11-24,600884.SH,CN_A,0.015873015873015872,1.0,-0.1200585218131709,-0.1200585218131709
2025-11-14,2025-11-17,2025-11-24,600961.SH,CN_A,0.015873015873015872,1.0,-0.02091764320687861,-0.02091764320687839
2025-11-14,2025-11-17,2025-11-24,601020.SH,CN_A,0.015873015873015872,1.0,-0.04399747429155365,-0.04399747429155365
2025-11-14,2025-11-17,2025-11-24,601600.SH,CN_A,0.015873015873015872,1.0,-0.06003584995113698,-0.06003584995113698
2025-11-14,2025-11-17,2025-11-24,603659.SH,CN_A,0.015873015873015872,1.0,-0.18247947983195323,-0.18247947983195312
2025-11-14,2025-11-17,2025-11-24,603799.SH,CN_A,0.015873015873015872,1.0,-0.13905326319456224,-0.13905326319456224
2025-11-14,2025-11-17,2025-11-24,603993.SH,CN_A,0.015873015873015872,1.0,-0.043613664172851396,-0.043613664172851396
2025-11-14,2025-11-17,2025-11-24,9696.HK,HK,0.015873015873015872,1.0,-0.19719301190292626,-0.19719301190292626
2025-11-14,2025-11-17,2025-11-24,AA,US,0.015873015873015872,1.0,0.08216882379964519,0.08216882379964519
2025-11-14,2025-11-17,2025-11-24,AFMJF,US,0.015873015873015872,1.0,-0.05405411861082532,-0.05405411861082532
2025-11-14,2025-11-17,2025-11-24,ALB,US,0.015873015873015872,1.0,-0.01546308018242415,-0.01546308018242415
2025-11-14,2025-11-17,2025-11-24,BHP,US,0.015873015873015872,1.0,-0.03040848574569499,-0.03040848574569499
2025-11-14,2025-11-17,2025-11-24,CDE,US,0.015873015873015872,1.0,0.02904564890688599,0.02904564890688599
2025-11-14,2025-11-17,2025-11-24,CENX,US,0.015873015873015872,1.0,-0.008202619189559113,-0.008202619189559113
2025-11-14,2025-11-17,2025-11-24,FCX,US,0.015873015873015872,1.0,0.04589743231931287,0.04589743231931287
2025-11-14,2025-11-17,2025-11-24,GPHOF,US,0.015873015873015872,1.0,0.369411766685829,0.369411766685829
2025-11-14,2025-11-17,2025-11-24,HBM,US,0.015873015873015872,1.0,0.024787989513587627,0.024787989513587627
2025-11-14,2025-11-17,2025-11-24,KALU,US,0.015873015873015872,1.0,0.017267866817032962,0.017267866817032962
2025-11-14,2025-11-17,2025-11-24,LAC,US,0.015873015873015872,1.0,0.02096434067765851,0.02096434067765851
2025-11-14,2025-11-17,2025-11-24,MLXEF,US,0.015873015873015872,1.0,-0.08181821038900261,-0.08181821038900261
2025-11-14,2025-11-17,2025-11-24,NMG,US,0.015873015873015872,1.0,-0.08118082122266679,-0.08118082122266679
2025-11-14,2025-11-17,2025-11-24,PAAS,US,0.015873015873015872,1.0,0.04279228682186842,0.04279228682186842
2025-11-14,2025-11-17,2025-11-24,SCCO,US,0.015873015873015872,1.0,-0.001967758768151473,-0.001967758768151473
2025-11-14,2025-11-17,2025-11-24,SGML,US,0.015873015873015872,1.0,0.245635810587449,0.245635810587449
2025-11-14,2025-11-17,2025-11-24,SQM,US,0.015873015873015872,1.0,-0.016142627626561046,-0.016142627626561046
2025-11-14,2025-11-17,2025-11-24,SVM,US,0.015873015873015872,1.0,0.013636362978871164,0.013636362978871164
2025-11-14,2025-11-17,2025-11-24,TLOFF,US,0.015873015873015872,1.0,-0.01403507480404087,-0.01403507480404087
2025-11-14,2025-11-17,2025-11-24,UAMY,US,0.015873015873015872,1.0,-0.14160581075857415,-0.14160581075857415
2025-11-14,2025-11-17,2025-11-24,VALE,US,0.015873015873015872,1.0,-0.006573567394247637,-0.006573567394247637
2025-11-14,2025-11-17,2025-11-24,WPM,US,0.015873015873015872,1.0,0.004008717179077026,0.004008717179077026
2025-11-14,2025-11-17,2025-11-24,WWR,US,0.015873015873015872,1.0,-0.07216500039941254,-0.07216500039941254
2025-11-14,2025-11-17,2025-11-24,600497.SH,CN_A,0.015873015873015872,0.5555555555555556,-0.07078307796675665,-0.07078307796675654
2025-11-14,2025-11-17,2025-11-24,2362.HK,HK,0.015873015873015872,0.5,0.0,0.0
2025-11-14,2025-11-17,2025-11-24,2899.HK,HK,0.015873015873015872,0.5,-0.05417185621660914,-0.05417185621660914
2025-11-14,2025-11-17,2025-11-24,601168.SH,CN_A,0.015873015873015872,0.5,-0.049956928141239754,-0.049956928141239865
2025-11-14,2025-11-17,2025-11-24,601899.SH,CN_A,0.015873015873015872,0.5,-0.03381640985908396,-0.03381640985908385
2025-11-14,2025-11-17,2025-11-24,HL,US,0.015873015873015872,0.5,0.03464422096378006,0.03464422096378006
2025-11-14,2025-11-17,2025-11-24,NEXA,US,0.015873015873015872,0.5,0.04690120932137609,0.04690120932137609
2025-11-14,2025-11-17,2025-11-24,TECK,US,0.015873015873015872,0.5,0.017326646158311254,0.017326646158311254
2025-11-21,2025-11-24,2025-12-01,000408.SZ,CN_A,0.015873015873015872,1.0,0.0929303216733266,0.0929303216733266
2025-11-21,2025-11-24,2025-12-01,000426.SZ,CN_A,0.015873015873015872,1.0,0.23291309223366108,0.23202262742687352
2025-11-21,2025-11-24,2025-12-01,000630.SZ,CN_A,0.015873015873015872,1.0,0.11293630525671494,0.11916915480413759
2025-11-21,2025-11-24,2025-12-01,000792.SZ,CN_A,0.015873015873015872,1.0,0.04334123001746004,0.04334123001746004
2025-11-21,2025-11-24,2025-12-01,000807.SZ,CN_A,0.015873015873015872,1.0,0.08699399999716695,0.08413506873975951
2025-11-21,2025-11-24,2025-12-01,000933.SZ,CN_A,0.015873015873015872,1.0,0.0399333764271006,0.04988474544552557
2025-11-21,2025-11-24,2025-12-01,000960.SZ,CN_A,0.015873015873015872,1.0,0.11204994995912743,0.11204994995912743
2025-11-21,2025-11-24,2025-12-01,002155.SZ,CN_A,0.015873015873015872,1.0,0.029816578825964113,0.029816578825964113
2025-11-21,2025-11-24,2025-12-01,002340.SZ,CN_A,0.015873015873015872,1.0,0.017449680237473952,0.01658940555865307
2025-11-21,2025-11-24,2025-12-01,002460.SZ,CN_A,0.015873015873015872,1.0,0.06649612292781937,0.06661278050159769
2025-11-21,2025-11-24,2025-12-01,002466.SZ,CN_A,0.015873015873015872,1.0,0.05873228862832014,0.05873228862832014
2025-11-21,2025-11-24,2025-12-01,0358.HK,HK,0.015873015873015872,1.0,0.13728125022949,0.13728125022948978
2025-11-21,2025-11-24,2025-12-01,0815.HK,HK,0.015873015873015872,1.0,0.2295081678881059,0.2295081678881059
2025-11-21,2025-11-24,2025-12-01,1378.HK,HK,0.015873015873015872,1.0,0.07147675828853783,0.07166841528077361
2025-11-21,2025-11-24,2025-12-01,1772.HK,HK,0.015873015873015872,1.0,0.0124947595710303,0.012343345411088169
2025-11-21,2025-11-24,2025-12-01,2237.HK,HK,0.015873015873015872,1.0,0.0,-0.00040937114041439404
2025-11-21,2025-11-24,2025-12-01,2600.HK,HK,0.015873015873015872,1.0,0.017013261481454656,0.017013261481454656
2025-11-21,2025-11-24,2025-12-01,300919.SZ,CN_A,0.015873015873015872,1.0,0.004346770197900973,0.004346770197900751
2025-11-21,2025-11-24,2025-12-01,3993.HK,HK,0.015873015873015872,1.0,0.08873494185652309,0.08873494185652309
2025-11-21,2025-11-24,2025-12-01,600362.SH,CN_A,0.015873015873015872,1.0,0.15050600462255947,0.15302069909764948
2025-11-21,2025-11-24,2025-12-01,600516.SH,CN_A,0.015873015873015872,1.0,0.0709459579191214,0.07094595791912117
2025-11-21,2025-11-24,2025-12-01,600884.SH,CN_A,0.015873015873015872,1.0,0.07737099135472847,0.07737099135472847
2025-11-21,2025-11-24,2025-12-01,600961.SH,CN_A,0.015873015873015872,1.0,0.046864186131985175,0.0450303479664933
2025-11-21,2025-11-24,2025-12-01,601020.SH,CN_A,0.015873015873015872,1.0,-0.02333994050100563,-0.02333994050100563
2025-11-21,2025-11-24,2025-12-01,601600.SH,CN_A,0.015873015873015872,1.0,0.019065759163864993,0.01906575916386477
2025-11-21,2025-11-24,2025-12-01,603659.SH,CN_A,0.015873015873015872,1.0,0.05261115304015607,0.05261115304015607
2025-11-21,2025-11-24,2025-12-01,603799.SH,CN_A,0.015873015873015872,1.0,0.06718213381025295,0.07086337398068854
2025-11-21,2025-11-24,2025-12-01,603993.SH,CN_A,0.015873015873015872,1.0,0.12638440739017698,0.12638440739017698
2025-11-21,2025-11-24,2025-12-01,9696.HK,HK,0.015873015873015872,1.0,0.06468538041394645,0.06470851537828293
2025-11-21,2025-11-24,2025-12-01,AA,US,0.015873015873015872,1.0,0.07567149717581412,0.07567149717581412
2025-11-21,2025-11-24,2025-12-01,AFMJF,US,0.015873015873015872,1.0,0.10000000935219311,0.10000000935219311
2025-11-21,2025-11-24,2025-12-01,ALB,US,0.015873015873015872,1.0,0.10743878225285974,0.10743878225285974
2025-11-21,2025-11-24,2025-12-01,BHP,US,0.015873015873015872,1.0,0.042319939391449735,0.042319939391449735
2025-11-21,2025-11-24,2025-12-01,CDE,US,0.015873015873015872,1.0,0.13978490898063045,0.13978490898063045
2025-11-21,2025-11-24,2025-12-01,CENX,US,0.015873015873015872,1.0,0.06256741476205563,0.06256741476205563
2025-11-21,2025-11-24,2025-12-01,FCX,US,0.015873015873015872,1.0,0.055896071359141875,0.055896071359141875
2025-11-21,2025-11-24,2025-12-01,GPHOF,US,0.015873015873015872,1.0,-0.09793821190167484,-0.09793821190167484
2025-11-21,2025-11-24,2025-12-01,HBM,US,0.015873015873015872,1.0,0.07320183952599879,0.07320183952599879
2025-11-21,2025-11-24,2025-12-01,KALU,US,0.015873015873015872,1.0,0.03727978564489809,0.03727978564489809
2025-11-21,2025-11-24,2025-12-01,LAC,US,0.015873015873015872,1.0,0.09445586220874502,0.09445586220874502
2025-11-21,2025-11-24,2025-12-01,MLXEF,US,0.015873015873015872,1.0,0.16069306157077246,0.16069306157077246
2025-11-21,2025-11-24,2025-12-01,NMG,US,0.015873015873015872,1.0,0.17670684961255056,0.17670684961255056
2025-11-21,2025-11-24,2025-12-01,PAAS,US,0.015873015873015872,1.0,0.18184145268850882,0.18184145268850882
2025-11-21,2025-11-24,2025-12-01,SCCO,US,0.015873015873015872,1.0,0.06277594198872216,0.06277594198872216
2025-11-21,2025-11-24,2025-12-01,SGML,US,0.015873015873015872,1.0,0.15415415386747888,0.15415415386747888
2025-11-21,2025-11-24,2025-12-01,SQM,US,0.015873015873015872,1.0,0.09263373840861688,0.09263373840861688
2025-11-21,2025-11-24,2025-12-01,SVM,US,0.015873015873015872,1.0,0.19133027127231128,0.19133027127231128
2025-11-21,2025-11-24,2025-12-01,TLOFF,US,0.015873015873015872,1.0,0.14590750682547426,0.14590750682547426
2025-11-21,2025-11-24,2025-12-01,UAMY,US,0.015873015873015872,1.0,-0.06802722577930842,-0.06802722577930842
2025-11-21,2025-11-24,2025-12-01,VALE,US,0.015873015873015872,1.0,0.049627739215375666,0.049627739215375666
2025-11-21,2025-11-24,2025-12-01,WPM,US,0.015873015873015872,1.0,0.0709903155729612,0.0709903155729612
2025-11-21,2025-11-24,2025-12-01,WWR,US,0.015873015873015872,1.0,-0.055555504045367354,-0.055555504045367354
2025-11-21,2025-11-24,2025-12-01,600497.SH,CN_A,0.015873015873015872,0.5555555555555556,0.058346865655751756,0.058260279115734726
2025-11-21,2025-11-24,2025-12-01,2362.HK,HK,0.015873015873015872,0.5,0.0,-0.0002474590656111886
2025-11-21,2025-11-24,2025-12-01,2899.HK,HK,0.015873015873015872,0.5,0.06385783056516803,0.06385783056516803
2025-11-21,2025-11-24,2025-12-01,601168.SH,CN_A,0.015873015873015872,0.5,0.09247515890847269,0.09288584705805714
2025-11-21,2025-11-24,2025-12-01,601899.SH,CN_A,0.015873015873015872,0.5,0.07357140949794228,0.0799410443934041
2025-11-21,2025-11-24,2025-12-01,HL,US,0.015873015873015872,0.5,0.18257262998707446,0.18257262998707446
2025-11-21,2025-11-24,2025-12-01,NEXA,US,0.015873015873015872,0.5,0.135999984741211,0.135999984741211
2025-11-21,2025-11-24,2025-12-01,TECK,US,0.015873015873015872,0.5,0.05352791733075768,0.05352791733075768
2025-11-28,2025-12-01,2025-12-08,000426.SZ,CN_A,0.05,1.0,-0.05839607583035111,-0.058396075830351
2025-11-28,2025-12-01,2025-12-08,000960.SZ,CN_A,0.05,1.0,0.06877239786404643,0.06877239786404643
2025-11-28,2025-12-01,2025-12-08,0815.HK,HK,0.05,1.0,-0.06666668256123864,-0.06666668256123864
2025-11-28,2025-12-01,2025-12-08,2899.HK,HK,0.05,1.0,0.050123757525134316,0.05060696864738823
2025-11-28,2025-12-01,2025-12-08,600531.SH,CN_A,0.05,1.0,-0.006092227695267072,-0.006092227695267072
2025-11-28,2025-12-01,2025-12-08,600961.SH,CN_A,0.05,1.0,-0.003291589100839487,-0.003291589100839487
2025-11-28,2025-12-01,2025-12-08,601168.SH,CN_A,0.05,1.0,0.09128620393104891,0.09128620393104891
2025-11-28,2025-12-01,2025-12-08,601899.SH,CN_A,0.05,1.0,0.047904210234239075,0.0479042102342393
2025-11-28,2025-12-01,2025-12-08,AFMJF,US,0.05,1.0,0.07792204810989212,0.07792204810989212
2025-11-28,2025-12-01,2025-12-08,CDE,US,0.05,1.0,-0.09728764516800925,-0.09728764516800925
2025-11-28,2025-12-01,2025-12-08,HBM,US,0.05,1.0,0.02965596781753832,0.02965596781753832
2025-11-28,2025-12-01,2025-12-08,HL,US,0.05,1.0,-0.07309941846750112,-0.07309941846750112
2025-11-28,2025-12-01,2025-12-08,MLXEF,US,0.05,1.0,0.12599170324482545,0.12599170324482545
2025-11-28,2025-12-01,2025-12-08,NEXA,US,0.05,1.0,0.04507044731825771,0.04507044731825771
2025-11-28,2025-12-01,2025-12-08,PAAS,US,0.05,1.0,-0.05490449719085877,-0.05490449719085877
2025-11-28,2025-12-01,2025-12-08,SVM,US,0.05,1.0,-0.018820537486822997,-0.018820537486822997
2025-11-28,2025-12-01,2025-12-08,TECK,US,0.05,1.0,0.023787667312202387,0.023787667312202387
2025-11-28,2025-12-01,2025-12-08,WPM,US,0.05,1.0,-0.04564467543384154,-0.04564467543384154
2025-11-28,2025-12-01,2025-12-08,600497.SH,CN_A,0.05,0.8888888888888888,0.03369056244374202,0.033690562443742245
2025-12-05,2025-12-08,2025-12-15,000408.SZ,CN_A,0.019230769230769232,1.0,0.040790100459997314,0.040790100459997314
2025-12-05,2025-12-08,2025-12-15,000630.SZ,CN_A,0.019230769230769232,1.0,-0.06423617237778434,-0.06423617237778434
2025-12-05,2025-12-08,2025-12-15,000792.SZ,CN_A,0.019230769230769232,1.0,-0.04482758847484969,-0.04482758847484969
2025-12-05,2025-12-08,2025-12-15,000831.SZ,CN_A,0.019230769230769232,1.0,-0.048578721789933055,-0.048578721789933055
2025-12-05,2025-12-08,2025-12-15,000970.SZ,CN_A,0.019230769230769232,1.0,-0.02222220964188759,-0.02222220964188759
2025-12-05,2025-12-08,2025-12-15,002155.SZ,CN_A,0.019230769230769232,1.0,0.01606048193587184,0.01606048193587184
2025-12-05,2025-12-08,2025-12-15,002460.SZ,CN_A,0.019230769230769232,1.0,-0.04429275823437717,-0.04429275823437717
2025-12-05,2025-12-08,2025-12-15,002466.SZ,CN_A,0.019230769230769232,1.0,-0.05065910930336437,-0.05065910930336448
2025-12-05,2025-12-08,2025-12-15,0358.HK,HK,0.019230769230769232,1.0,-0.035077851320481024,-0.03517864388928926
2025-12-05,2025-12-08,2025-12-15,0815.HK,HK,0.019230769230769232,1.0,0.014285700905079413,0.013936688482316217
2025-12-05,2025-12-08,2025-12-15,1772.HK,HK,0.019230769230769232,1.0,-0.021463343870265716,-0.021463343870265716
2025-12-05,2025-12-08,2025-12-15,2237.HK,HK,0.019230769230769232,1.0,-0.055555583150297405,-0.055555583150297405
2025-12-05,2025-12-08,2025-12-15,300748.SZ,CN_A,0.019230769230769232,1.0,-0.05467040340827267,-0.05467040340827267
2025-12-05,2025-12-08,2025-12-15,3993.HK,HK,0.019230769230769232,1.0,-0.04595300033473004,-0.045824082596336524
2025-12-05,2025-12-08,2025-12-15,600111.SH,CN_A,0.019230769230769232,1.0,-0.04133105839681184,-0.04133105839681184
2025-12-05,2025-12-08,2025-12-15,600362.SH,CN_A,0.019230769230769232,1.0,-0.08001791901536137,-0.08001791901536137
2025-12-05,2025-12-08,2025-12-15,600366.SH,CN_A,0.019230769230769232,1.0,-0.0502062960214269,-0.0502062960214269
2025-12-05,2025-12-08,2025-12-15,600392.SH,CN_A,0.019230769230769232,1.0,-0.02494120878331807,-0.02494120878331807
2025-12-05,2025-12-08,2025-12-15,600516.SH,CN_A,0.019230769230769232,1.0,-0.04918028173572164,-0.04918028173572153
2025-12-05,2025-12-08,2025-12-15,600884.SH,CN_A,0.019230769230769232,1.0,0.005243422683446575,0.005243422683446575
2025-12-05,2025-12-08,2025-12-15,601020.SH,CN_A,0.019230769230769232,1.0,-0.04561400831791396,-0.04561400831791396
2025-12-05,2025-12-08,2025-12-15,603659.SH,CN_A,0.019230769230769232,1.0,-0.0409988969959022,-0.0409988969959022
2025-12-05,2025-12-08,2025-12-15,603993.SH,CN_A,0.019230769230769232,1.0,-0.040663466472797505,-0.040663466472797616
2025-12-05,2025-12-08,2025-12-15,6680.HK,HK,0.019230769230769232,1.0,-0.05819301764637208,-0.05819301764637208
2025-12-05,2025-12-08,2025-12-15,9696.HK,HK,0.019230769230769232,1.0,-0.02899746782475021,-0.02899746782475021
2025-12-05,2025-12-08,2025-12-15,ALB,US,0.019230769230769232,1.0,0.04260272784867003,0.04260272784867003
2025-12-05,2025-12-08,2025-12-15,ANGPY,US,0.019230769230769232,1.0,0.09688291658591397,0.09688291658591397
2025-12-05,2025-12-08,2025-12-15,CDE,US,0.019230769230769232,1.0,0.10450674657507775,0.10450674657507775
2025-12-05,2025-12-08,2025-12-15,FCX,US,0.019230769230769232,1.0,0.05600007835585563,0.05600007835585563
2025-12-05,2025-12-08,2025-12-15,GPHOF,US,0.019230769230769232,1.0,0.09009897203822148,0.09009897203822148
2025-12-05,2025-12-08,2025-12-15,IMPUY,US,0.019230769230769232,1.0,0.06167061456812051,0.06167061456812051
2025-12-05,2025-12-08,2025-12-15,LAC,US,0.019230769230769232,1.0,-0.09227867728783279,-0.09227867728783279
2025-12-05,2025-12-08,2025-12-15,MP,US,0.019230769230769232,1.0,-0.12973860036639795,-0.12973860036639795
2025-12-05,2025-12-08,2025-12-15,NGLOY,US,0.019230769230769232,1.0,-0.027621450218181853,-0.027621450218181853
2025-12-05,2025-12-08,2025-12-15,NMG,US,0.019230769230769232,1.0,-0.06430862251169767,-0.06430862251169767
2025-12-05,2025-12-08,2025-12-15,PAAS,US,0.019230769230769232,1.0,0.1329505733513796,0.1329505733513796
2025-12-05,2025-12-08,2025-12-15,PLG,US,0.019230769230769232,1.0,0.1260503940718325,0.1260503940718325
2025-12-05,2025-12-08,2025-12-15,SBSW,US,0.019230769230769232,1.0,0.08733971851257971,0.08733971851257971
2025-12-05,2025-12-08,2025-12-15,SCCO,US,0.019230769230769232,1.0,0.01999445281516299,0.01999445281516299
2025-12-05,2025-12-08,2025-12-15,SGML,US,0.019230769230769232,1.0,-0.022705750051788987,-0.022705750051788987
2025-12-05,2025-12-08,2025-12-15,SQM,US,0.019230769230769232,1.0,0.07495034573665915,0.07495034573665915
2025-12-05,2025-12-08,2025-12-15,SVM,US,0.019230769230769232,1.0,0.0946292212662001,0.0946292212662001
2025-12-05,2025-12-08,2025-12-15,UAMY,US,0.019230769230769232,1.0,-0.21574801671408128,-0.21574801671408128
2025-12-05,2025-12-08,2025-12-15,USA,US,0.019230769230769232,1.0,0.014681829743519614,0.014681829743519614
2025-12-05,2025-12-08,2025-12-15,USAR,US,0.019230769230769232,1.0,-0.13142528290758348,-0.13142528290758348
2025-12-05,2025-12-08,2025-12-15,WPM,US,0.019230769230769232,1.0,0.1025151969705731,0.1025151969705731
2025-12-05,2025-12-08,2025-12-15,WWR,US,0.019230769230769232,1.0,-0.13999998569488525,-0.13999998569488525
2025-12-05,2025-12-08,2025-12-15,2362.HK,HK,0.019230769230769232,0.5,0.0,0.0
2025-12-05,2025-12-08,2025-12-15,UUUU,US,0.019230769230769232,0.5,-0.09489989251616227,-0.09489989251616227
2025-12-05,2025-12-08,2025-12-15,600497.SH,CN_A,0.019230769230769232,0.1111111111111111,-0.020740715869123183,-0.020740715869123294
2025-12-12,2025-12-15,2025-12-22,000408.SZ,CN_A,0.0136986301369863,1.0,0.09859732803243393,0.09859732803243393
2025-12-12,2025-12-15,2025-12-22,000630.SZ,CN_A,0.0136986301369863,1.0,0.02968466992209029,0.02968466992209029
2025-12-12,2025-12-15,2025-12-22,000792.SZ,CN_A,0.0136986301369863,1.0,0.12996388814505955,0.12996388814505933
2025-12-12,2025-12-15,2025-12-22,000807.SZ,CN_A,0.0136986301369863,1.0,0.08333320848369685,0.08333320848369685
2025-12-12,2025-12-15,2025-12-22,000831.SZ,CN_A,0.0136986301369863,1.0,0.020066924336646697,0.020066924336646697
2025-12-12,2025-12-15,2025-12-22,000933.SZ,CN_A,0.0136986301369863,1.0,0.04049834891980808,0.04049834891980808
2025-12-12,2025-12-15,2025-12-22,000970.SZ,CN_A,0.0136986301369863,1.0,-0.010605996567219833,-0.010605996567219833
2025-12-12,2025-12-15,2025-12-22,002155.SZ,CN_A,0.0136986301369863,1.0,0.014876808254291607,0.014876808254291607
2025-12-12,2025-12-15,2025-12-22,002340.SZ,CN_A,0.0136986301369863,1.0,0.06105838440839517,0.06105838440839517
2025-12-12,2025-12-15,2025-12-22,002460.SZ,CN_A,0.0136986301369863,1.0,0.08421919959921609,0.08421919959921609
2025-12-12,2025-12-15,2025-12-22,002466.SZ,CN_A,0.0136986301369863,1.0,0.0696290087712308,0.06962900877123102
2025-12-12,2025-12-15,2025-12-22,0358.HK,HK,0.0136986301369863,1.0,0.09578762104017025,0.09578762104017025
2025-12-12,2025-12-15,2025-12-22,0815.HK,HK,0.0136986301369863,1.0,0.028169072021973385,0.028169072021973385
2025-12-12,2025-12-15,2025-12-22,1164.HK,HK,0.0136986301369863,1.0,0.026058685297797535,0.026058685297797535
2025-12-12,2025-12-15,2025-12-22,1378.HK,HK,0.0136986301369863,1.0,0.0037570526356431877,0.003925066770319452
2025-12-12,2025-12-15,2025-12-22,1772.HK,HK,0.0136986301369863,1.0,0.07577264850045862,0.07589228667752956
2025-12-12,2025-12-15,2025-12-22,2237.HK,HK,0.0136986301369863,1.0,0.029411736347271455,0.029345869511834932
2025-12-12,2025-12-15,2025-12-22,2302.HK,HK,0.0136986301369863,1.0,-0.05263157405522578,-0.052546595801536755
2025-12-12,2025-12-15,2025-12-22,2362.HK,HK,0.0136986301369863,1.0,0.0,0.00033348078583039786
2025-12-12,2025-12-15,2025-12-22,2600.HK,HK,0.0136986301369863,1.0,0.039055344465250386,0.039055344465250386
2025-12-12,2025-12-15,2025-12-22,300748.SZ,CN_A,0.0136986301369863,1.0,-0.01743674029443154,-0.01743674029443154
2025-12-12,2025-12-15,2025-12-22,300919.SZ,CN_A,0.0136986301369863,1.0,0.06025015262188593,0.06025015262188593
2025-12-12,2025-12-15,2025-12-22,3993.HK,HK,0.0136986301369863,1.0,0.04542969636146976,0.04542969636146976
2025-12-12,2025-12-15,2025-12-22,600111.SH,CN_A,0.0136986301369863,1.0,0.007074984603419487,0.007074984603419265
2025-12-12,2025-12-15,2025-12-22,600362.SH,CN_A,0.0136986301369863,1.0,0.03449956241270158,0.03449956241270158
2025-12-12,2025-12-15,2025-12-22,600366.SH,CN_A,0.0136986301369863,1.0,-0.0007241295132497383,-0.0007241295132498493
2025-12-12,2025-12-15,2025-12-22,600392.SH,CN_A,0.0136986301369863,1.0,0.02944018487290223,0.02944018487290223
2025-12-12,2025-12-15,2025-12-22,600516.SH,CN_A,0.0136986301369863,1.0,-0.01379317205385755,-0.01379317205385766
2025-12-12,2025-12-15,2025-12-22,600884.SH,CN_A,0.0136986301369863,1.0,0.02682560764758679,0.02682560764758679
2025-12-12,2025-12-15,2025-12-22,601020.SH,CN_A,0.0136986301369863,1.0,0.02132352600873144,0.02132352600873144
2025-12-12,2025-12-15,2025-12-22,601600.SH,CN_A,0.0136986301369863,1.0,0.04079699304858275,0.040796993048582975
2025-12-12,2025-12-15,2025-12-22,601985.SH,CN_A,0.0136986301369863,1.0,-0.0011467819520655231,-0.0011467819520654121
2025-12-12,2025-12-15,2025-12-22,603659.SH,CN_A,0.0136986301369863,1.0,0.043917644530923505,0.04391764453092373
2025-12-12,2025-12-15,2025-12-22,603799.SH,CN_A,0.0136986301369863,1.0,0.10996440544490849,0.10996440544490849
2025-12-12,2025-12-15,2025-12-22,603993.SH,CN_A,0.0136986301369863,1.0,0.03848304193457763,0.03848304193457763
2025-12-12,2025-12-15,2025-12-22,6680.HK,HK,0.0136986301369863,1.0,0.02330615935485958,0.02330615935485958
2025-12-12,2025-12-15,2025-12-22,9696.HK,HK,0.0136986301369863,1.0,0.1081484551900429,0.10786699343199979
2025-12-12,2025-12-15,2025-12-22,AA,US,0.0136986301369863,1.0,0.18091876673970253,0.18091876673970253
2025-12-12,2025-12-15,2025-12-22,ALB,US,0.0136986301369863,1.0,0.09953120875256394,0.09953120875256394
2025-12-12,2025-12-15,2025-12-22,ANGPY,US,0.0136986301369863,1.0,0.10061442252862363,0.10061442252862363
2025-12-12,2025-12-15,2025-12-22,BHP,US,0.0136986301369863,1.0,0.026693720365520646,0.026693720365520646
2025-12-12,2025-12-15,2025-12-22,CCJ,US,0.0136986301369863,1.0,0.02149699634013391,0.02149699634013391
2025-12-12,2025-12-15,2025-12-22,CDE,US,0.0136986301369863,1.0,0.11709050545040434,0.11709050545040434
2025-12-12,2025-12-15,2025-12-22,CENX,US,0.0136986301369863,1.0,0.18477219973993453,0.18477219973993453
2025-12-12,2025-12-15,2025-12-22,DNN,US,0.0136986301369863,1.0,0.0905511899715512,0.0905511899715512
2025-12-12,2025-12-15,2025-12-22,FCX,US,0.0136986301369863,1.0,0.06565649518716254,0.06565649518716254
2025-12-12,2025-12-15,2025-12-22,GPHOF,US,0.0136986301369863,1.0,0.2970027578382819,0.2970027578382819
2025-12-12,2025-12-15,2025-12-22,IMPUY,US,0.0136986301369863,1.0,0.16249995088652502,0.16249995088652502
2025-12-12,2025-12-15,2025-12-22,KALU,US,0.0136986301369863,1.0,0.05595473038897247,0.05595473038897247
2025-12-12,2025-12-15,2025-12-22,LAC,US,0.0136986301369863,1.0,0.012448120465286205,0.012448120465286205
2025-12-12,2025-12-15,2025-12-22,MP,US,0.0136986301369863,1.0,0.021216693648643536,0.021216693648643536
2025-12-12,2025-12-15,2025-12-22,NGLOY,US,0.0136986301369863,1.0,0.024197824168580295,0.024197824168580295
2025-12-12,2025-12-15,2025-12-22,NMG,US,0.0136986301369863,1.0,-0.10309284600904922,-0.10309284600904922
2025-12-12,2025-12-15,2025-12-22,NXE,US,0.0136986301369863,1.0,0.06395339682142587,0.06395339682142587
2025-12-12,2025-12-15,2025-12-22,PAAS,US,0.0136986301369863,1.0,0.08917718172854694,0.08917718172854694
2025-12-12,2025-12-15,2025-12-22,PLG,US,0.0136986301369863,1.0,0.02611937742505277,0.02611937742505277
2025-12-12,2025-12-15,2025-12-22,SBSW,US,0.0136986301369863,1.0,0.11643332513009419,0.11643332513009419
2025-12-12,2025-12-15,2025-12-22,SCCO,US,0.0136986301369863,1.0,0.023077946697556584,0.023077946697556584
2025-12-12,2025-12-15,2025-12-22,SGML,US,0.0136986301369863,1.0,0.30687319455048523,0.30687319455048523
2025-12-12,2025-12-15,2025-12-22,SQM,US,0.0136986301369863,1.0,0.08080660884238378,0.08080660884238378
2025-12-12,2025-12-15,2025-12-22,SVM,US,0.0136986301369863,1.0,0.04205607111824494,0.04205607111824494
2025-12-12,2025-12-15,2025-12-22,TLOFF,US,0.0136986301369863,1.0,0.5317725448488071,0.5317725448488071
2025-12-12,2025-12-15,2025-12-22,UAMY,US,0.0136986301369863,1.0,0.1224899861803399,0.1224899861803399
2025-12-12,2025-12-15,2025-12-22,UEC,US,0.0136986301369863,1.0,0.005640587887582926,0.005640587887582926
2025-12-12,2025-12-15,2025-12-22,USA,US,0.0136986301369863,1.0,0.00482318484038724,0.00482318484038724
2025-12-12,2025-12-15,2025-12-22,USAR,US,0.0136986301369863,1.0,-0.05581707667073388,-0.05581707667073388
2025-12-12,2025-12-15,2025-12-22,UUUU,US,0.0136986301369863,1.0,0.07631951925020797,0.07631951925020797
2025-12-12,2025-12-15,2025-12-22,VALE,US,0.0136986301369863,1.0,0.029757176753707704,0.029757176753707704
2025-12-12,2025-12-15,2025-12-22,WPM,US,0.0136986301369863,1.0,0.056083655973597546,0.056083655973597546
2025-12-12,2025-12-15,2025-12-22,WWR,US,0.0136986301369863,1.0,0.0,0.0
2025-12-12,2025-12-15,2025-12-22,600497.SH,CN_A,0.0136986301369863,0.1111111111111111,0.08925865190391202,0.08925865190391202
2025-12-19,2025-12-22,2025-12-29,000408.SZ,CN_A,0.016666666666666666,1.0,0.03354609835367328,0.03354609835367328
2025-12-19,2025-12-22,2025-12-29,000630.SZ,CN_A,0.016666666666666666,1.0,0.03243241885985948,0.03243241885985948
2025-12-19,2025-12-22,2025-12-29,000792.SZ,CN_A,0.016666666666666666,1.0,-0.01703938732468324,-0.01703938732468302
2025-12-19,2025-12-22,2025-12-29,000807.SZ,CN_A,0.016666666666666666,1.0,0.008509225362960171,0.008509225362960171
2025-12-19,2025-12-22,2025-12-29,000831.SZ,CN_A,0.016666666666666666,1.0,0.01704915364583326,0.01704915364583326
2025-12-19,2025-12-22,2025-12-29,000933.SZ,CN_A,0.016666666666666666,1.0,-0.010853205862760174,-0.010853205862760174
2025-12-19,2025-12-22,2025-12-29,000970.SZ,CN_A,0.016666666666666666,1.0,0.039050459646729374,0.039050459646729374
2025-12-19,2025-12-22,2025-12-29,002155.SZ,CN_A,0.016666666666666666,1.0,-0.026110873854617744,-0.026110873854617633
2025-12-19,2025-12-22,2025-12-29,002460.SZ,CN_A,0.016666666666666666,1.0,0.0007660955160033733,0.0007660955160033733
2025-12-19,2025-12-22,2025-12-29,002466.SZ,CN_A,0.016666666666666666,1.0,0.025593492488470204,0.025593492488470204
2025-12-19,2025-12-22,2025-12-29,0358.HK,HK,0.016666666666666666,1.0,0.044233780842697135,0.04423378084269691
2025-12-19,2025-12-22,2025-12-29,0815.HK,HK,0.016666666666666666,1.0,-0.027397315080268658,-0.027397315080268658
2025-12-19,2025-12-22,2025-12-29,1378.HK,HK,0.016666666666666666,1.0,-0.00935750648846534,-0.00935750648846534
2025-12-19,2025-12-22,2025-12-29,1772.HK,HK,0.016666666666666666,1.0,0.01575531508042749,0.01575531508042749
2025-12-19,2025-12-22,2025-12-29,2237.HK,HK,0.016666666666666666,1.0,0.0,0.0
2025-12-19,2025-12-22,2025-12-29,2600.HK,HK,0.016666666666666666,1.0,0.012237792697372019,0.011878369661522115
2025-12-19,2025-12-22,2025-12-29,300748.SZ,CN_A,0.016666666666666666,1.0,0.015675849113695683,0.015675849113695683
2025-12-19,2025-12-22,2025-12-29,3993.HK,HK,0.016666666666666666,1.0,-0.032984344810553234,-0.03298434481055312
2025-12-19,2025-12-22,2025-12-29,600111.SH,CN_A,0.016666666666666666,1.0,0.004829812350973572,0.004829812350973572
2025-12-19,2025-12-22,2025-12-29,600362.SH,CN_A,0.016666666666666666,1.0,0.15054014964219964,0.15054014964219964
2025-12-19,2025-12-22,2025-12-29,600366.SH,CN_A,0.016666666666666666,1.0,0.007970989504123116,0.007970989504123338
2025-12-19,2025-12-22,2025-12-29,600392.SH,CN_A,0.016666666666666666,1.0,0.008907666888758436,0.008907666888758436
2025-12-19,2025-12-22,2025-12-29,600516.SH,CN_A,0.016666666666666666,1.0,0.008741292407143275,0.008741292407143275
2025-12-19,2025-12-22,2025-12-29,600884.SH,CN_A,0.016666666666666666,1.0,-0.02249633323291378,-0.02249633323291378
2025-12-19,2025-12-22,2025-12-29,601020.SH,CN_A,0.016666666666666666,1.0,-0.013318964366018426,-0.013318964366018426
2025-12-19,2025-12-22,2025-12-29,601600.SH,CN_A,0.016666666666666666,1.0,0.0437556545626534,0.0437556545626534
2025-12-19,2025-12-22,2025-12-29,603659.SH,CN_A,0.016666666666666666,1.0,0.013030442244013063,0.013030442244013063
2025-12-19,2025-12-22,2025-12-29,603993.SH,CN_A,0.016666666666666666,1.0,0.01396339007365266,0.013963390073652437
2025-12-19,2025-12-22,2025-12-29,6680.HK,HK,0.016666666666666666,1.0,-0.00794483597937834,-0.007944835979378229
2025-12-19,2025-12-22,2025-12-29,9696.HK,HK,0.016666666666666666,1.0,-0.018286828661938648,-0.018286828661938648
2025-12-19,2025-12-22,2025-12-29,AA,US,0.016666666666666666,1.0,0.0009307619274843137,0.0009307619274843137
2025-12-19,2025-12-22,2025-12-29,ALB,US,0.016666666666666666,1.0,-0.005502917177968802,-0.005502917177968802
2025-12-19,2025-12-22,2025-12-29,ANGPY,US,0.016666666666666666,1.0,-0.023726489702688314,-0.023726489702688314
2025-12-19,2025-12-22,2025-12-29,CDE,US,0.016666666666666666,1.0,-0.030704082438236524,-0.030704082438236524
2025-12-19,2025-12-22,2025-12-29,CENX,US,0.016666666666666666,1.0,0.04974461836870647,0.04974461836870647
2025-12-19,2025-12-22,2025-12-29,FCX,US,0.016666666666666666,1.0,0.016587675572975025,0.016587675572975025
2025-12-19,2025-12-22,2025-12-29,GPHOF,US,0.016666666666666666,1.0,0.028011261771917484,0.028011261771917484
2025-12-19,2025-12-22,2025-12-29,IMPUY,US,0.016666666666666666,1.0,-0.03289057064871226,-0.03289057064871226
2025-12-19,2025-12-22,2025-12-29,KALU,US,0.016666666666666666,1.0,0.015681589147067854,0.015681589147067854
2025-12-19,2025-12-22,2025-12-29,LAC,US,0.016666666666666666,1.0,-0.07377051743279484,-0.07377051743279484
2025-12-19,2025-12-22,2025-12-29,MP,US,0.016666666666666666,1.0,-0.045228886046666306,-0.045228886046666306
2025-12-19,2025-12-22,2025-12-29,NGLOY,US,0.016666666666666666,1.0,0.034925496757111985,0.034925496757111985
2025-12-19,2025-12-22,2025-12-29,NMG,US,0.016666666666666666,1.0,-0.04214555537052489,-0.04214555537052489
2025-12-19,2025-12-22,2025-12-29,PAAS,US,0.016666666666666666,1.0,-0.027912195190220146,-0.027912195190220146
2025-12-19,2025-12-22,2025-12-29,PLG,US,0.016666666666666666,1.0,-0.08727273074063391,-0.08727273074063391
2025-12-19,2025-12-22,2025-12-29,SBSW,US,0.016666666666666666,1.0,-0.06270627810940044,-0.06270627810940044
2025-12-19,2025-12-22,2025-12-29,SCCO,US,0.016666666666666666,1.0,-0.01277341134627763,-0.01277341134627763
2025-12-19,2025-12-22,2025-12-29,SGML,US,0.016666666666666666,1.0,-0.020370342113353535,-0.020370342113353535
2025-12-19,2025-12-22,2025-12-29,SQM,US,0.016666666666666666,1.0,-0.0021361738291674204,-0.0021361738291674204
2025-12-19,2025-12-22,2025-12-29,SVM,US,0.016666666666666666,1.0,-0.07174895619424637,-0.07174895619424637
2025-12-19,2025-12-22,2025-12-29,UAMY,US,0.016666666666666666,1.0,0.0035778140215712018,0.0035778140215712018
2025-12-19,2025-12-22,2025-12-29,USA,US,0.016666666666666666,1.0,0.008000001933905265,0.008000001933905265
2025-12-19,2025-12-22,2025-12-29,USAR,US,0.016666666666666666,1.0,-0.0954416065689957,-0.0954416065689957
2025-12-19,2025-12-22,2025-12-29,WPM,US,0.016666666666666666,1.0,-0.03952216017955157,-0.03952216017955157
2025-12-19,2025-12-22,2025-12-29,WWR,US,0.016666666666666666,1.0,-0.0930233041681805,-0.0930233041681805
2025-12-19,2025-12-22,2025-12-29,2362.HK,HK,0.016666666666666666,0.5,0.0,0.0
2025-12-19,2025-12-22,2025-12-29,UUUU,US,0.016666666666666666,0.5,-0.0013254113692133807,-0.0013254113692133807
2025-12-19,2025-12-22,2025-12-29,600497.SH,CN_A,0.016666666666666666,0.1111111111111111,0.002777812605288421,0.002777812605288421
2025-12-26,2025-12-29,2026-01-05,000408.SZ,CN_A,0.015151515151515152,1.0,0.08986311635452982,0.09059974974814944
2025-12-26,2025-12-29,2026-01-05,000630.SZ,CN_A,0.015151515151515152,1.0,0.015706841847977993,0.015706841847977993
2025-12-26,2025-12-29,2026-01-05,000792.SZ,CN_A,0.015151515151515152,1.0,0.11881541873327661,0.11896088664265192
2025-12-26,2025-12-29,2026-01-05,000807.SZ,CN_A,0.015151515151515152,1.0,0.14006079217100176,0.14006079217100176
2025-12-26,2025-12-29,2026-01-05,000831.SZ,CN_A,0.015151515151515152,1.0,0.027079350296288718,0.02186349084668482
2025-12-26,2025-12-29,2026-01-05,000933.SZ,CN_A,0.015151515151515152,1.0,0.07718492459762483,0.07718492459762483
2025-12-26,2025-12-29,2026-01-05,000970.SZ,CN_A,0.015151515151515152,1.0,0.009579943282061354,0.009228536795713449
2025-12-26,2025-12-29,2026-01-05,002155.SZ,CN_A,0.015151515151515152,1.0,0.021166457243436465,0.026533336957363485
2025-12-26,2025-12-29,2026-01-05,002340.SZ,CN_A,0.015151515151515152,1.0,0.053750038146972656,0.053750038146972656
2025-12-26,2025-12-29,2026-01-05,002460.SZ,CN_A,0.015151515151515152,1.0,-0.014849988138931125,-0.014849988138931125
2025-12-26,2025-12-29,2026-01-05,002466.SZ,CN_A,0.015151515151515152,1.0,0.03074142470873964,0.03125130108633245
2025-12-26,2025-12-29,2026-01-05,0358.HK,HK,0.015151515151515152,1.0,0.070600125982333,0.07080613305094796
2025-12-26,2025-12-29,2026-01-05,0815.HK,HK,0.015151515151515152,1.0,0.042253566057856906,0.042253566057856906
2025-12-26,2025-12-29,2026-01-05,1378.HK,HK,0.015151515151515152,1.0,0.045969843656686216,0.045969843656685994
2025-12-26,2025-12-29,2026-01-05,1772.HK,HK,0.015151515151515152,1.0,-0.027372292319128966,-0.027372292319129077
2025-12-26,2025-12-29,2026-01-05,2237.HK,HK,0.015151515151515152,1.0,0.028571486959652947,0.028571486959652947
2025-12-26,2025-12-29,2026-01-05,2362.HK,HK,0.015151515151515152,1.0,0.0,0.0
2025-12-26,2025-12-29,2026-01-05,2600.HK,HK,0.015151515151515152,1.0,0.12694302907718424,0.12694302907718424
2025-12-26,2025-12-29,2026-01-05,300748.SZ,CN_A,0.015151515151515152,1.0,0.010483414427987059,0.010483414427987281
2025-12-26,2025-12-29,2026-01-05,300919.SZ,CN_A,0.015151515151515152,1.0,0.049493820475087436,0.05049432240569107
2025-12-26,2025-12-29,2026-01-05,3993.HK,HK,0.015151515151515152,1.0,0.09149970886174397,0.09149970886174397
2025-12-26,2025-12-29,2026-01-05,600111.SH,CN_A,0.015151515151515152,1.0,0.023596221081081614,0.026375746021026325
2025-12-26,2025-12-29,2026-01-05,600362.SH,CN_A,0.015151515151515152,1.0,0.10838941368984933,0.10838941368984933
2025-12-26,2025-12-29,2026-01-05,600366.SH,CN_A,0.015151515151515152,1.0,-0.0007189237233310442,0.0015628211926548286
2025-12-26,2025-12-29,2026-01-05,600392.SH,CN_A,0.015151515151515152,1.0,0.0181226478323675,0.0181226478323675
2025-12-26,2025-12-29,2026-01-05,600516.SH,CN_A,0.015151515151515152,1.0,-0.013864804847574463,-0.013116724078273134
2025-12-26,2025-12-29,2026-01-05,600884.SH,CN_A,0.015151515151515152,1.0,-0.0014848149493082996,-0.0027148086162264162
2025-12-26,2025-12-29,2026-01-05,601020.SH,CN_A,0.015151515151515152,1.0,0.029551239345185776,0.028748082465075653
2025-12-26,2025-12-29,2026-01-05,601600.SH,CN_A,0.015151515151515152,1.0,0.13711796285167788,0.13750170122037608
2025-12-26,2025-12-29,2026-01-05,603659.SH,CN_A,0.015151515151515152,1.0,0.01874311342916757,0.022957576589317963
2025-12-26,2025-12-29,2026-01-05,603799.SH,CN_A,0.015151515151515152,1.0,0.04422598847890846,0.044225988478908684
2025-12-26,2025-12-29,2026-01-05,603993.SH,CN_A,0.015151515151515152,1.0,0.08262720786416411,0.08307351867807422
2025-12-26,2025-12-29,2026-01-05,6680.HK,HK,0.015151515151515152,1.0,0.01815271300194543,0.020284358623507526
2025-12-26,2025-12-29,2026-01-05,9696.HK,HK,0.015151515151515152,1.0,0.033333348292930554,0.033333348292930554
2025-12-26,2025-12-29,2026-01-05,AA,US,0.015151515151515152,1.0,0.14264454426605866,0.14264454426605866
2025-12-26,2025-12-29,2026-01-05,ALB,US,0.015151515151515152,1.0,0.010720732512674802,0.010720732512674802
2025-12-26,2025-12-29,2026-01-05,ANGPY,US,0.015151515151515152,1.0,0.06075772275154656,0.06075772275154656
2025-12-26,2025-12-29,2026-01-05,BHP,US,0.015151515151515152,1.0,0.04553734366976725,0.04553734366976725
2025-12-26,2025-12-29,2026-01-05,CDE,US,0.015151515151515152,1.0,0.01583834300853737,0.01583834300853737
2025-12-26,2025-12-29,2026-01-05,CENX,US,0.015151515151515152,1.0,0.12269469270484112,0.12269469270484112
2025-12-26,2025-12-29,2026-01-05,FCX,US,0.015151515151515152,1.0,0.05691535017022331,0.05691535017022331
2025-12-26,2025-12-29,2026-01-05,GPHOF,US,0.015151515151515152,1.0,-0.0640327640386189,-0.0640327640386189
2025-12-26,2025-12-29,2026-01-05,IMPUY,US,0.015151515151515152,1.0,0.09875727521649313,0.09875727521649313
2025-12-26,2025-12-29,2026-01-05,KALU,US,0.015151515151515152,1.0,0.02536481221479492,0.02536481221479492
2025-12-26,2025-12-29,2026-01-05,LAC,US,0.015151515151515152,1.0,0.1526548805602035,0.1526548805602035
2025-12-26,2025-12-29,2026-01-05,MP,US,0.015151515151515152,1.0,0.12882724027333015,0.12882724027333015
2025-12-26,2025-12-29,2026-01-05,NGLOY,US,0.015151515151515152,1.0,0.06302737204363851,0.06302737204363851
2025-12-26,2025-12-29,2026-01-05,NMG,US,0.015151515151515152,1.0,0.08400001525878897,0.08400001525878897
2025-12-26,2025-12-29,2026-01-05,PAAS,US,0.015151515151515152,1.0,0.017036831638077787,0.017036831638077787
2025-12-26,2025-12-29,2026-01-05,PLG,US,0.015151515151515152,1.0,-0.023904359763948557,-0.023904359763948557
2025-12-26,2025-12-29,2026-01-05,SBSW,US,0.015151515151515152,1.0,0.06619726281757177,0.06619726281757177
2025-12-26,2025-12-29,2026-01-05,SCCO,US,0.015151515151515152,1.0,0.06256021978805237,0.06256021978805237
2025-12-26,2025-12-29,2026-01-05,SGML,US,0.015151515151515152,1.0,0.14933832671662461,0.14933832671662461
2025-12-26,2025-12-29,2026-01-05,SQM,US,0.015151515151515152,1.0,0.0009990151903827016,0.0009990151903827016
2025-12-26,2025-12-29,2026-01-05,SVM,US,0.015151515151515152,1.0,0.05797105292589588,0.05797105292589588
2025-12-26,2025-12-29,2026-01-05,TLOFF,US,0.015151515151515152,1.0,-0.04867252015929313,-0.04867252015929313
2025-12-26,2025-12-29,2026-01-05,UAMY,US,0.015151515151515152,1.0,0.2245988809371644,0.2245988809371644
2025-12-26,2025-12-29,2026-01-05,USA,US,0.015151515151515152,1.0,0.0,0.0
2025-12-26,2025-12-29,2026-01-05,USAR,US,0.015151515151515152,1.0,0.24409452189189462,0.24409452189189462
2025-12-26,2025-12-29,2026-01-05,VALE,US,0.015151515151515152,1.0,0.049535629995625774,0.049535629995625774
2025-12-26,2025-12-29,2026-01-05,WPM,US,0.015151515151515152,1.0,0.030754826107187716,0.030754826107187716
2025-12-26,2025-12-29,2026-01-05,WWR,US,0.015151515151515152,1.0,0.0897436602816335,0.0897436602816335
2025-12-26,2025-12-29,2026-01-05,UUUU,US,0.015151515151515152,0.5,0.22561378151175426,0.22561378151175426
2025-12-26,2025-12-29,2026-01-05,600497.SH,CN_A,0.015151515151515152,0.1111111111111111,0.02908583720443958,0.0290858372044398
2026-01-02,2026-01-05,2026-01-12,000408.SZ,CN_A,0.015151515151515152,1.0,-0.050894438474870296,-0.050894438474870296
2026-01-02,2026-01-05,2026-01-12,000630.SZ,CN_A,0.015151515151515152,1.0,0.018900220643488286,0.018900220643488286
2026-01-02,2026-01-05,2026-01-12,000792.SZ,CN_A,0.015151515151515152,1.0,0.03163329750538746,0.03163329750538746
2026-01-02,2026-01-05,2026-01-12,000807.SZ,CN_A,0.015151515151515152,1.0,-0.01598574584854373,-0.01598574584854373
2026-01-02,2026-01-05,2026-01-12,000831.SZ,CN_A,0.015151515151515152,1.0,0.13203593717746887,0.13203593717746887
2026-01-02,2026-01-05,2026-01-12,000933.SZ,CN_A,0.015151515151515152,1.0,0.04425712834799245,0.04425712834799245
2026-01-02,2026-01-05,2026-01-12,000970.SZ,CN_A,0.015151515151515152,1.0,0.040875945391167345,0.040875945391167345
2026-01-02,2026-01-05,2026-01-12,002155.SZ,CN_A,0.015151515151515152,1.0,0.058037789515082316,0.058037789515082094
2026-01-02,2026-01-05,2026-01-12,002340.SZ,CN_A,0.015151515151515152,1.0,0.04626327111862483,0.04626327111862483
2026-01-02,2026-01-05,2026-01-12,002460.SZ,CN_A,0.015151515151515152,1.0,0.05625490027071023,0.05625490027071001
2026-01-02,2026-01-05,2026-01-12,002466.SZ,CN_A,0.015151515151515152,1.0,0.07543858310632534,0.07543858310632534
2026-01-02,2026-01-05,2026-01-12,0358.HK,HK,0.015151515151515152,1.0,0.045690107237082556,0.045690107237082556
2026-01-02,2026-01-05,2026-01-12,0815.HK,HK,0.015151515151515152,1.0,0.01351350045186761,0.01351350045186761
2026-01-02,2026-01-05,2026-01-12,1378.HK,HK,0.015151515151515152,1.0,0.06381693317206727,0.06437320606039498
2026-01-02,2026-01-05,2026-01-12,1772.HK,HK,0.015151515151515152,1.0,0.10975614043735771,0.10975614043735771
2026-01-02,2026-01-05,2026-01-12,2237.HK,HK,0.015151515151515152,1.0,-0.013888957875743513,-0.014216780907858717
2026-01-02,2026-01-05,2026-01-12,2362.HK,HK,0.015151515151515152,1.0,0.0,0.0
2026-01-02,2026-01-05,2026-01-12,2600.HK,HK,0.015151515151515152,1.0,0.04214560786944266,0.04214560786944266
2026-01-02,2026-01-05,2026-01-12,300748.SZ,CN_A,0.015151515151515152,1.0,0.10893363159510483,0.10893363159510461
2026-01-02,2026-01-05,2026-01-12,300919.SZ,CN_A,0.015151515151515152,1.0,0.15284024410581987,0.15284024410581987
2026-01-02,2026-01-05,2026-01-12,3993.HK,HK,0.015151515151515152,1.0,0.10813492187679796,0.10805223827178612
2026-01-02,2026-01-05,2026-01-12,600111.SH,CN_A,0.015151515151515152,1.0,0.12017076061303666,0.12017076061303644
2026-01-02,2026-01-05,2026-01-12,600362.SH,CN_A,0.015151515151515152,1.0,0.03167589769557866,0.03167589769557866
2026-01-02,2026-01-05,2026-01-12,600366.SH,CN_A,0.015151515151515152,1.0,0.06762593955790397,0.06762593955790419
2026-01-02,2026-01-05,2026-01-12,600392.SH,CN_A,0.015151515151515152,1.0,0.10634413235658968,0.10634413235658968
2026-01-02,2026-01-05,2026-01-12,600516.SH,CN_A,0.015151515151515152,1.0,0.0790860816765897,0.0790860816765897
2026-01-02,2026-01-05,2026-01-12,600884.SH,CN_A,0.015151515151515152,1.0,-0.00892192470340547,-0.008921924703405582
2026-01-02,2026-01-05,2026-01-12,601020.SH,CN_A,0.015151515151515152,1.0,0.06343022533952603,0.06343022533952603
2026-01-02,2026-01-05,2026-01-12,601600.SH,CN_A,0.015151515151515152,1.0,0.06374807177607544,0.06374807177607544
2026-01-02,2026-01-05,2026-01-12,603659.SH,CN_A,0.015151515151515152,1.0,-0.027777706602016616,-0.027777706602016505
2026-01-02,2026-01-05,2026-01-12,603799.SH,CN_A,0.015151515151515152,1.0,0.10102949492608415,0.10102949492608393
2026-01-02,2026-01-05,2026-01-12,603993.SH,CN_A,0.015151515151515152,1.0,0.11007830395472018,0.11007830395472018
2026-01-02,2026-01-05,2026-01-12,6680.HK,HK,0.015151515151515152,1.0,0.15888834633982452,0.15888834633982452
2026-01-02,2026-01-05,2026-01-12,9696.HK,HK,0.015151515151515152,1.0,0.04459200076091263,0.04459200076091263
2026-01-02,2026-01-05,2026-01-12,AA,US,0.015151515151515152,1.0,0.06884764210714756,0.06884764210714756
2026-01-02,2026-01-05,2026-01-12,ALB,US,0.015151515151515152,1.0,0.15876272171502226,0.15876272171502226
2026-01-02,2026-01-05,2026-01-12,ANGPY,US,0.015151515151515152,1.0,0.052560610269621,0.052560610269621
2026-01-02,2026-01-05,2026-01-12,BHP,US,0.015151515151515152,1.0,-0.005384878206312171,-0.005384878206312171
2026-01-02,2026-01-05,2026-01-12,CDE,US,0.015151515151515152,1.0,0.16182799021601668,0.16182799021601668
2026-01-02,2026-01-05,2026-01-12,CENX,US,0.015151515151515152,1.0,0.07255296275678935,0.07255296275678935
2026-01-02,2026-01-05,2026-01-12,FCX,US,0.015151515151515152,1.0,0.07902959192248415,0.07902959192248415
2026-01-02,2026-01-05,2026-01-12,GPHOF,US,0.015151515151515152,1.0,0.06986905284225231,0.06986905284225231
2026-01-02,2026-01-05,2026-01-12,IMPUY,US,0.015151515151515152,1.0,0.08214291951728114,0.08214291951728114
2026-01-02,2026-01-05,2026-01-12,KALU,US,0.015151515151515152,1.0,0.04922643221085621,0.04922643221085621
2026-01-02,2026-01-05,2026-01-12,LAC,US,0.015151515151515152,1.0,0.10556625464641645,0.10556625464641645
2026-01-02,2026-01-05,2026-01-12,MP,US,0.015151515151515152,1.0,0.1146366006218178,0.1146366006218178
2026-01-02,2026-01-05,2026-01-12,NGLOY,US,0.015151515151515152,1.0,0.024276381807151637,0.024276381807151637
2026-01-02,2026-01-05,2026-01-12,NMG,US,0.015151515151515152,1.0,0.1254612211746664,0.1254612211746664
2026-01-02,2026-01-05,2026-01-12,PAAS,US,0.015151515151515152,1.0,0.04874831665139623,0.04874831665139623
2026-01-02,2026-01-05,2026-01-12,PLG,US,0.015151515151515152,1.0,0.06122443021609958,0.06122443021609958
2026-01-02,2026-01-05,2026-01-12,SBSW,US,0.015151515151515152,1.0,0.1122853188746713,0.1122853188746713
2026-01-02,2026-01-05,2026-01-12,SCCO,US,0.015151515151515152,1.0,0.13997014165992572,0.13997014165992572
2026-01-02,2026-01-05,2026-01-12,SGML,US,0.015151515151515152,1.0,0.030263160784158805,0.030263160784158805
2026-01-02,2026-01-05,2026-01-12,SQM,US,0.015151515151515152,1.0,0.10863986473069631,0.10863986473069631
2026-01-02,2026-01-05,2026-01-12,SVM,US,0.015151515151515152,1.0,0.10616436154137965,0.10616436154137965
2026-01-02,2026-01-05,2026-01-12,TLOFF,US,0.015151515151515152,1.0,0.12790690453520903,0.12790690453520903
2026-01-02,2026-01-05,2026-01-12,UAMY,US,0.015151515151515152,1.0,0.2474526692261787,0.2474526692261787
2026-01-02,2026-01-05,2026-01-12,USA,US,0.015151515151515152,1.0,0.015873019679676137,0.015873019679676137
2026-01-02,2026-01-05,2026-01-12,USAR,US,0.015151515151515152,1.0,0.12278478208632682,0.12278478208632682
2026-01-02,2026-01-05,2026-01-12,VALE,US,0.015151515151515152,1.0,0.025073686459604394,0.025073686459604394
2026-01-02,2026-01-05,2026-01-12,WPM,US,0.015151515151515152,1.0,0.061492754448218445,0.061492754448218445
2026-01-02,2026-01-05,2026-01-12,WWR,US,0.015151515151515152,1.0,0.3411764161397033,0.3411764161397033
2026-01-02,2026-01-05,2026-01-12,UUUU,US,0.015151515151515152,0.5,0.042772113963000846,0.042772113963000846
2026-01-02,2026-01-05,2026-01-12,600497.SH,CN_A,0.015151515151515152,0.1111111111111111,0.15343201716687171,0.1534320171668715
2026-01-09,2026-01-12,2026-01-19,000408.SZ,CN_A,0.012658227848101266,1.0,0.05374072068389513,0.05374072068389513
2026-01-09,2026-01-12,2026-01-19,000426.SZ,CN_A,0.012658227848101266,1.0,0.10462554714436312,0.10462554714436312
2026-01-09,2026-01-12,2026-01-19,000630.SZ,CN_A,0.012658227848101266,1.0,-0.0016862635684494753,-0.0016862635684494753
2026-01-09,2026-01-12,2026-01-19,000792.SZ,CN_A,0.012658227848101266,1.0,0.04568207529085866,0.04568207529085866
2026-01-09,2026-01-12,2026-01-19,000807.SZ,CN_A,0.012658227848101266,1.0,-0.007822021450809125,-0.007822021450809125
2026-01-09,2026-01-12,2026-01-19,000831.SZ,CN_A,0.012658227848101266,1.0,-0.006099778662937982,-0.006099778662937982
2026-01-09,2026-01-12,2026-01-19,000933.SZ,CN_A,0.012658227848101266,1.0,0.06794486502886965,0.06794486502886943
2026-01-09,2026-01-12,2026-01-19,000960.SZ,CN_A,0.012658227848101266,1.0,0.04513800339436247,0.04513800339436247
2026-01-09,2026-01-12,2026-01-19,000970.SZ,CN_A,0.012658227848101266,1.0,-0.006311336630144604,-0.006311336630144604
2026-01-09,2026-01-12,2026-01-19,002155.SZ,CN_A,0.012658227848101266,1.0,0.0,0.0
2026-01-09,2026-01-12,2026-01-19,002340.SZ,CN_A,0.012658227848101266,1.0,0.035147441081955444,0.035147441081955444
2026-01-09,2026-01-12,2026-01-19,002460.SZ,CN_A,0.012658227848101266,1.0,-0.0014712148348562382,-0.0014712148348561271
2026-01-09,2026-01-12,2026-01-19,002466.SZ,CN_A,0.012658227848101266,1.0,-0.04388252300470952,-0.043882523004709406
2026-01-09,2026-01-12,2026-01-19,0358.HK,HK,0.012658227848101266,1.0,0.033333339185276145,0.03324115176287168
2026-01-09,2026-01-12,2026-01-19,0815.HK,HK,0.012658227848101266,1.0,-0.08000000317891443,-0.08000000317891443
2026-01-09,2026-01-12,2026-01-19,1378.HK,HK,0.012658227848101266,1.0,0.008488954472264165,0.008488954472264165
2026-01-09,2026-01-12,2026-01-19,1772.HK,HK,0.012658227848101266,1.0,0.030431088225211678,0.02994780165280364
2026-01-09,2026-01-12,2026-01-19,2237.HK,HK,0.012658227848101266,1.0,-0.028168988071767043,-0.028168988071767043
2026-01-09,2026-01-12,2026-01-19,2362.HK,HK,0.012658227848101266,1.0,0.0,3.975992832949693e-05
2026-01-09,2026-01-12,2026-01-19,2600.HK,HK,0.012658227848101266,1.0,-0.030147116881339198,-0.029777673536726113
2026-01-09,2026-01-12,2026-01-19,300748.SZ,CN_A,0.012658227848101266,1.0,-0.009355521691449264,-0.009355521691449153
2026-01-09,2026-01-12,2026-01-19,300919.SZ,CN_A,0.012658227848101266,1.0,-0.0014875239134021223,-0.0014875239134021223
2026-01-09,2026-01-12,2026-01-19,3993.HK,HK,0.012658227848101266,1.0,-0.02506708859065554,-0.02506708859065554
2026-01-09,2026-01-12,2026-01-19,600111.SH,CN_A,0.012658227848101266,1.0,-0.02686737486818802,-0.02686737486818802
2026-01-09,2026-01-12,2026-01-19,600362.SH,CN_A,0.012658227848101266,1.0,0.07997142994695317,0.07997142994695294
2026-01-09,2026-01-12,2026-01-19,600366.SH,CN_A,0.012658227848101266,1.0,-0.016846361012766153,-0.016846361012766264
2026-01-09,2026-01-12,2026-01-19,600392.SH,CN_A,0.012658227848101266,1.0,-0.0024752255160443992,-0.0024752255160445102
2026-01-09,2026-01-12,2026-01-19,600516.SH,CN_A,0.012658227848101266,1.0,-0.026058607637020947,-0.026058607637020947
2026-01-09,2026-01-12,2026-01-19,600884.SH,CN_A,0.012658227848101266,1.0,0.06526630836747982,0.06526630836747982
2026-01-09,2026-01-12,2026-01-19,600961.SH,CN_A,0.012658227848101266,1.0,0.056824429362754225,0.056824429362754225
2026-01-09,2026-01-12,2026-01-19,601020.SH,CN_A,0.012658227848101266,1.0,0.07764078327009294,0.07764078327009294
2026-01-09,2026-01-12,2026-01-19,601600.SH,CN_A,0.012658227848101266,1.0,-0.03754515837121519,-0.03754515837121519
2026-01-09,2026-01-12,2026-01-19,603659.SH,CN_A,0.012658227848101266,1.0,0.04897959503484861,0.04897959503484839
2026-01-09,2026-01-12,2026-01-19,603799.SH,CN_A,0.012658227848101266,1.0,0.017096244064139565,0.017096244064139565
2026-01-09,2026-01-12,2026-01-19,603993.SH,CN_A,0.012658227848101266,1.0,0.027324714697932073,0.027324714697932073
2026-01-09,2026-01-12,2026-01-19,6680.HK,HK,0.012658227848101266,1.0,0.024434281968645832,0.024434281968645832
2026-01-09,2026-01-12,2026-01-19,9696.HK,HK,0.012658227848101266,1.0,-0.01725705315359749,-0.01740497872667901
2026-01-09,2026-01-12,2026-01-20,AA,US,0.012658227848101266,1.0,-0.05405810510258291,-0.05405810510258291
2026-01-09,2026-01-12,2026-01-20,AFMJF,US,0.012658227848101266,1.0,-0.08163268714356042,-0.08163268714356042
2026-01-09,2026-01-12,2026-01-20,ALB,US,0.012658227848101266,1.0,0.0189570317785408,0.0189570317785408
2026-01-09,2026-01-12,2026-01-20,ANGPY,US,0.012658227848101266,1.0,0.008322689387085358,0.008322689387085358
2026-01-09,2026-01-12,2026-01-20,BHP,US,0.012658227848101266,1.0,0.025318503629113476,0.025318503629113476
2026-01-09,2026-01-12,2026-01-20,CDE,US,0.012658227848101266,1.0,0.05830634996162898,0.05830634996162898
2026-01-09,2026-01-12,2026-01-20,CENX,US,0.012658227848101266,1.0,0.018293993640872586,0.018293993640872586
2026-01-09,2026-01-12,2026-01-20,FCX,US,0.012658227848101266,1.0,0.025714153287954566,0.025714153287954566
2026-01-09,2026-01-12,2026-01-20,GPHOF,US,0.012658227848101266,1.0,0.1360543704638637,0.1360543704638637
2026-01-09,2026-01-12,2026-01-20,HBM,US,0.012658227848101266,1.0,0.0953859445677987,0.0953859445677987
2026-01-09,2026-01-12,2026-01-20,IMPUY,US,0.012658227848101266,1.0,0.029152922581584306,0.029152922581584306
2026-01-09,2026-01-12,2026-01-20,KALU,US,0.012658227848101266,1.0,0.006071507023031719,0.006071507023031719
2026-01-09,2026-01-12,2026-01-20,LAC,US,0.012658227848101266,1.0,0.0034722187728795095,0.0034722187728795095
2026-01-09,2026-01-12,2026-01-20,MLXEF,US,0.012658227848101266,1.0,0.006211174145593246,0.006211174145593246
2026-01-09,2026-01-12,2026-01-20,MP,US,0.012658227848101266,1.0,0.0465258813270617,0.0465258813270617
2026-01-09,2026-01-12,2026-01-20,NGLOY,US,0.012658227848101266,1.0,0.0013672667952846496,0.0013672667952846496
2026-01-09,2026-01-12,2026-01-20,NMG,US,0.012658227848101266,1.0,-0.01311474179619243,-0.01311474179619243
2026-01-09,2026-01-12,2026-01-20,PAAS,US,0.012658227848101266,1.0,0.05204588510103281,0.05204588510103281
2026-01-09,2026-01-12,2026-01-20,PLG,US,0.012658227848101266,1.0,0.01538469297646361,0.01538469297646361
2026-01-09,2026-01-12,2026-01-20,SBSW,US,0.012658227848101266,1.0,0.02612830340678074,0.02612830340678074
2026-01-09,2026-01-12,2026-01-20,SCCO,US,0.012658227848101266,1.0,0.05823857772845287,0.05823857772845287
2026-01-09,2026-01-12,2026-01-20,SGML,US,0.012658227848101266,1.0,-0.13984671786221048,-0.13984671786221048
2026-01-09,2026-01-12,2026-01-20,SQM,US,0.012658227848101266,1.0,0.030735536692290344,0.030735536692290344
2026-01-09,2026-01-12,2026-01-20,SVM,US,0.012658227848101266,1.0,0.2631578739953455,0.2631578739953455
2026-01-09,2026-01-12,2026-01-20,TLOFF,US,0.012658227848101266,1.0,-0.09278346765230061,-0.09278346765230061
2026-01-09,2026-01-12,2026-01-20,UAMY,US,0.012658227848101266,1.0,0.08168037197973455,0.08168037197973455
2026-01-09,2026-01-12,2026-01-20,USA,US,0.012658227848101266,1.0,-0.02343750553294721,-0.02343750553294721
2026-01-09,2026-01-12,2026-01-20,USAR,US,0.012658227848101266,1.0,0.0822999442310175,0.0822999442310175
2026-01-09,2026-01-12,2026-01-20,VALE,US,0.012658227848101266,1.0,0.07410077085702937,0.07410077085702937
2026-01-09,2026-01-12,2026-01-20,WPM,US,0.012658227848101266,1.0,0.10316900094995307,0.10316900094995307
2026-01-09,2026-01-12,2026-01-20,WWR,US,0.012658227848101266,1.0,0.04385971241490516,0.04385971241490516
2026-01-09,2026-01-12,2026-01-19,600497.SH,CN_A,0.012658227848101266,0.5555555555555556,0.05250885018079132,0.05250885018079132
2026-01-09,2026-01-12,2026-01-19,2899.HK,HK,0.012658227848101266,0.5,0.001018265356406589,0.001018265356406589
2026-01-09,2026-01-12,2026-01-19,601168.SH,CN_A,0.012658227848101266,0.5,0.07920086275277094,0.07920086275277072
2026-01-09,2026-01-12,2026-01-19,601899.SH,CN_A,0.012658227848101266,0.5,0.0,0.0
2026-01-09,2026-01-12,2026-01-20,HL,US,0.012658227848101266,0.5,0.15453804486042322,0.15453804486042322
2026-01-09,2026-01-12,2026-01-20,NEXA,US,0.012658227848101266,0.5,0.17411544929338407,0.17411544929338407
2026-01-09,2026-01-12,2026-01-20,TECK,US,0.012658227848101266,0.5,-0.006922472126797863,-0.006922472126797863
2026-01-09,2026-01-12,2026-01-20,UUUU,US,0.012658227848101266,0.5,0.22118380987834274,0.22118380987834274
2026-01-16,2026-01-19,2026-01-26,000408.SZ,CN_A,0.012658227848101266,1.0,0.054111129998127616,0.054111129998127616
2026-01-16,2026-01-19,2026-01-26,000426.SZ,CN_A,0.012658227848101266,1.0,0.2695911511805176,0.2695911511805176
2026-01-16,2026-01-19,2026-01-26,000630.SZ,CN_A,0.012658227848101266,1.0,0.27533789542620757,0.27533789542620757
2026-01-16,2026-01-19,2026-01-26,000792.SZ,CN_A,0.012658227848101266,1.0,0.07480550978375167,0.07480550978375167
2026-01-16,2026-01-19,2026-01-26,000807.SZ,CN_A,0.012658227848101266,1.0,0.018496177541903025,0.018496177541903025
2026-01-16,2026-01-19,2026-01-26,000831.SZ,CN_A,0.012658227848101266,1.0,0.07383301444867119,0.07383301444867119
2026-01-16,2026-01-19,2026-01-26,000933.SZ,CN_A,0.012658227848101266,1.0,0.050393639052204175,0.050393639052204175
2026-01-16,2026-01-19,2026-01-26,000960.SZ,CN_A,0.012658227848101266,1.0,0.22474002637589874,0.22474002637589874
2026-01-16,2026-01-19,2026-01-26,000970.SZ,CN_A,0.012658227848101266,1.0,0.02822863476336801,0.02822863476336801
2026-01-16,2026-01-19,2026-01-26,002155.SZ,CN_A,0.012658227848101266,1.0,0.1001306025731643,0.1001306025731643
2026-01-16,2026-01-19,2026-01-26,002340.SZ,CN_A,0.012658227848101266,1.0,0.07447976962237113,0.07447976962237113
2026-01-16,2026-01-19,2026-01-26,002460.SZ,CN_A,0.012658227848101266,1.0,0.08501541785125366,0.08501541785125366
2026-01-16,2026-01-19,2026-01-26,002466.SZ,CN_A,0.012658227848101266,1.0,0.05289197136731616,0.05289197136731594
2026-01-16,2026-01-19,2026-01-26,0358.HK,HK,0.012658227848101266,1.0,0.0217960139038762,0.02179601390387642
2026-01-16,2026-01-19,2026-01-26,0815.HK,HK,0.012658227848101266,1.0,0.17391305098987342,0.1738831593588528
2026-01-16,2026-01-19,2026-01-26,1378.HK,HK,0.012658227848101266,1.0,0.025813692861086812,0.02581369286108659
2026-01-16,2026-01-19,2026-01-26,1772.HK,HK,0.012658227848101266,1.0,0.13945857815965557,0.1394585781596558
2026-01-16,2026-01-19,2026-01-26,2237.HK,HK,0.012658227848101266,1.0,0.014492739851898806,0.014492739851899028
2026-01-16,2026-01-19,2026-01-26,2362.HK,HK,0.012658227848101266,1.0,0.0,0.0
2026-01-16,2026-01-19,2026-01-26,2600.HK,HK,0.012658227848101266,1.0,0.029567881404847007,0.029567881404847007
2026-01-16,2026-01-19,2026-01-26,300748.SZ,CN_A,0.012658227848101266,1.0,0.018625513358520696,0.018625513358520474
2026-01-16,2026-01-19,2026-01-26,300919.SZ,CN_A,0.012658227848101266,1.0,0.07430165665354505,0.07430165665354505
2026-01-16,2026-01-19,2026-01-26,3993.HK,HK,0.012658227848101266,1.0,0.0440771239369353,0.04407712393693508
2026-01-16,2026-01-19,2026-01-26,600111.SH,CN_A,0.012658227848101266,1.0,0.012727674475216721,0.012727674475216721
2026-01-16,2026-01-19,2026-01-26,600362.SH,CN_A,0.012658227848101266,1.0,0.03834710239378869,0.03834710239378869
2026-01-16,2026-01-19,2026-01-26,600366.SH,CN_A,0.012658227848101266,1.0,0.013708005974877313,0.013708005974877535
2026-01-16,2026-01-19,2026-01-26,600392.SH,CN_A,0.012658227848101266,1.0,0.07320101056346129,0.07320101056346151
2026-01-16,2026-01-19,2026-01-26,600516.SH,CN_A,0.012658227848101266,1.0,0.005016757477033895,0.005016757477033895
2026-01-16,2026-01-19,2026-01-26,600884.SH,CN_A,0.012658227848101266,1.0,-0.019718291319166026,-0.019718291319165915
2026-01-16,2026-01-19,2026-01-26,600961.SH,CN_A,0.012658227848101266,1.0,0.24828682985273187,0.24828682985273187
2026-01-16,2026-01-19,2026-01-26,601020.SH,CN_A,0.012658227848101266,1.0,0.1997525990721345,0.1997525990721345
2026-01-16,2026-01-19,2026-01-26,601600.SH,CN_A,0.012658227848101266,1.0,0.005251289964355532,0.005251289964355532
2026-01-16,2026-01-19,2026-01-26,603659.SH,CN_A,0.012658227848101266,1.0,0.03643430424025906,0.03643430424025906
2026-01-16,2026-01-19,2026-01-26,603799.SH,CN_A,0.012658227848101266,1.0,0.04517396008264729,0.04517396008264729
2026-01-16,2026-01-19,2026-01-26,603993.SH,CN_A,0.012658227848101266,1.0,0.057915142186138135,0.057915142186138135
2026-01-16,2026-01-19,2026-01-26,6680.HK,HK,0.012658227848101266,1.0,0.023851658613197158,0.02221575497284478
2026-01-16,2026-01-19,2026-01-26,9696.HK,HK,0.012658227848101266,1.0,0.06007393884779222,0.06007393884779222
2026-01-16,2026-01-20,2026-01-26,AA,US,0.012658227848101266,1.0,-0.05746940693641567,-0.05746940693641567
2026-01-16,2026-01-20,2026-01-26,AFMJF,US,0.012658227848101266,1.0,0.15555557171984025,0.15555557171984025
2026-01-16,2026-01-20,2026-01-26,ALB,US,0.012658227848101266,1.0,0.09974501636222044,0.09974501636222044
2026-01-16,2026-01-20,2026-01-26,ANGPY,US,0.012658227848101266,1.0,0.12634920874038702,0.12634920874038702
2026-01-16,2026-01-20,2026-01-26,BHP,US,0.012658227848101266,1.0,0.05249254627759714,0.05249254627759714
2026-01-16,2026-01-20,2026-01-26,CDE,US,0.012658227848101266,1.0,0.11281156234478074,0.11281156234478074
2026-01-16,2026-01-20,2026-01-26,CENX,US,0.012658227848101266,1.0,-0.057656118301996684,-0.057656118301996684
2026-01-16,2026-01-20,2026-01-26,FCX,US,0.012658227848101266,1.0,0.0183119158432401,0.0183119158432401
2026-01-16,2026-01-20,2026-01-26,GPHOF,US,0.012658227848101266,1.0,-0.005988018395350125,-0.005988018395350125
2026-01-16,2026-01-20,2026-01-26,HBM,US,0.012658227848101266,1.0,0.029971692426800534,0.029971692426800534
2026-01-16,2026-01-20,2026-01-26,IMPUY,US,0.012658227848101266,1.0,0.19989313426604594,0.19989313426604594
2026-01-16,2026-01-20,2026-01-26,KALU,US,0.012658227848101266,1.0,-0.026184223837138698,-0.026184223837138698
2026-01-16,2026-01-20,2026-01-26,LAC,US,0.012658227848101266,1.0,0.03633210271401999,0.03633210271401999
2026-01-16,2026-01-20,2026-01-26,MLXEF,US,0.012658227848101266,1.0,0.04135804399632215,0.04135804399632215
2026-01-16,2026-01-20,2026-01-26,MP,US,0.012658227848101266,1.0,-0.07224332882613649,-0.07224332882613649
2026-01-16,2026-01-20,2026-01-26,NGLOY,US,0.012658227848101266,1.0,0.07874384252120259,0.07874384252120259
2026-01-16,2026-01-20,2026-01-26,NMG,US,0.012658227848101266,1.0,-0.043189327719011406,-0.043189327719011406
2026-01-16,2026-01-20,2026-01-26,PAAS,US,0.012658227848101266,1.0,0.1057659244371354,0.1057659244371354
2026-01-16,2026-01-20,2026-01-26,PLG,US,0.012658227848101266,1.0,0.276515057442168,0.276515057442168
2026-01-16,2026-01-20,2026-01-26,SBSW,US,0.012658227848101266,1.0,0.12094904390376993,0.12094904390376993
2026-01-16,2026-01-20,2026-01-26,SCCO,US,0.012658227848101266,1.0,0.011597423420112607,0.011597423420112607
2026-01-16,2026-01-20,2026-01-26,SGML,US,0.012658227848101266,1.0,-0.01187823639497243,-0.01187823639497243
2026-01-16,2026-01-20,2026-01-26,SQM,US,0.012658227848101266,1.0,0.04815971284912379,0.04815971284912379
2026-01-16,2026-01-20,2026-01-26,SVM,US,0.012658227848101266,1.0,0.04330070992570034,0.04330070992570034
2026-01-16,2026-01-20,2026-01-26,TLOFF,US,0.012658227848101266,1.0,0.07727265190487231,0.07727265190487231
2026-01-16,2026-01-20,2026-01-26,UAMY,US,0.012658227848101266,1.0,0.024811168379576864,0.024811168379576864
2026-01-16,2026-01-20,2026-01-26,USA,US,0.012658227848101266,1.0,0.014540872362092783,0.014540872362092783
2026-01-16,2026-01-20,2026-01-26,USAR,US,0.012658227848101266,1.0,0.3916665756040185,0.3916665756040185
2026-01-16,2026-01-20,2026-01-26,VALE,US,0.012658227848101266,1.0,0.05157397778635131,0.05157397778635131
2026-01-16,2026-01-20,2026-01-26,WPM,US,0.012658227848101266,1.0,0.04361945702462222,0.04361945702462222
2026-01-16,2026-01-20,2026-01-26,WWR,US,0.012658227848101266,1.0,-0.04201686480785671,-0.04201686480785671
2026-01-16,2026-01-19,2026-01-26,600497.SH,CN_A,0.012658227848101266,0.5555555555555556,0.175166349761813,0.175166349761813
2026-01-16,2026-01-19,2026-01-26,2899.HK,HK,0.012658227848101266,0.5,0.07273653636684174,0.072602389246055
2026-01-16,2026-01-19,2026-01-26,601168.SH,CN_A,0.012658227848101266,0.5,0.15371918413378527,0.15371918413378527
2026-01-16,2026-01-19,2026-01-26,601899.SH,CN_A,0.012658227848101266,0.5,0.060118136859181215,0.06011813685918144
2026-01-16,2026-01-20,2026-01-26,HL,US,0.012658227848101266,0.5,0.06126064777845519,0.06126064777845519
2026-01-16,2026-01-20,2026-01-26,NEXA,US,0.012658227848101266,0.5,0.1467089953876497,0.1467089953876497
2026-01-16,2026-01-20,2026-01-26,TECK,US,0.012658227848101266,0.5,0.09042022365894953,0.09042022365894953
2026-01-16,2026-01-20,2026-01-26,UUUU,US,0.012658227848101266,0.5,-0.008078253841823368,-0.008078253841823368
2026-01-23,2026-01-26,2026-02-02,000408.SZ,CN_A,0.011627906976744186,1.0,-0.1380837294542122,-0.1380837294542122
2026-01-23,2026-01-26,2026-02-02,000426.SZ,CN_A,0.011627906976744186,1.0,-0.13035965879937506,-0.13035965879937506
2026-01-23,2026-01-26,2026-02-02,000630.SZ,CN_A,0.011627906976744186,1.0,-0.014569568879894801,-0.014569568879894912
2026-01-23,2026-01-26,2026-02-02,000792.SZ,CN_A,0.011627906976744186,1.0,-0.12082401075931593,-0.12082401075931593
2026-01-23,2026-01-26,2026-02-02,000807.SZ,CN_A,0.011627906976744186,1.0,-0.04078595442367061,-0.0407859544236705
2026-01-23,2026-01-26,2026-02-02,000831.SZ,CN_A,0.011627906976744186,1.0,-0.1163838071589326,-0.11638380715893248
2026-01-23,2026-01-26,2026-02-02,000933.SZ,CN_A,0.011627906976744186,1.0,-0.0770613797571037,-0.07706137975710359
2026-01-23,2026-01-26,2026-02-02,000960.SZ,CN_A,0.011627906976744186,1.0,-0.2179794475912571,-0.2179794475912572
2026-01-23,2026-01-26,2026-02-02,000970.SZ,CN_A,0.011627906976744186,1.0,-0.07481125726553961,-0.07481125726553961
2026-01-23,2026-01-26,2026-02-02,002155.SZ,CN_A,0.011627906976744186,1.0,0.31776808710015914,0.31776808710015914
2026-01-23,2026-01-26,2026-02-02,002340.SZ,CN_A,0.011627906976744186,1.0,-0.138634103178224,-0.1386341031782241
2026-01-23,2026-01-26,2026-02-02,002460.SZ,CN_A,0.011627906976744186,1.0,-0.10469852184105866,-0.10469852184105877
2026-01-23,2026-01-26,2026-02-02,002466.SZ,CN_A,0.011627906976744186,1.0,-0.152649462140659,-0.152649462140659
2026-01-23,2026-01-26,2026-02-02,0358.HK,HK,0.011627906976744186,1.0,-0.07508535317346199,-0.07508535317346221
2026-01-23,2026-01-26,2026-02-02,0815.HK,HK,0.011627906976744186,1.0,-0.2098765631961924,-0.2098765631961924
2026-01-23,2026-01-26,2026-02-02,1164.HK,HK,0.011627906976744186,1.0,-0.050740009933939456,-0.05076053819715587
2026-01-23,2026-01-26,2026-02-02,1378.HK,HK,0.011627906976744186,1.0,-0.04649892574720127,-0.04559226934355676
2026-01-23,2026-01-26,2026-02-02,1772.HK,HK,0.011627906976744186,1.0,-0.1504679587570733,-0.15046795875707342
2026-01-23,2026-01-26,2026-02-02,2237.HK,HK,0.011627906976744186,1.0,-0.028571401810159047,-0.02872544416810696
2026-01-23,2026-01-26,2026-02-02,2302.HK,HK,0.011627906976744186,1.0,-0.17269076279584894,-0.17269076279584894
2026-01-23,2026-01-26,2026-02-02,2362.HK,HK,0.011627906976744186,1.0,0.0,0.0
2026-01-23,2026-01-26,2026-02-02,2600.HK,HK,0.011627906976744186,1.0,-0.04712815514862645,-0.04712815514862645
2026-01-23,2026-01-26,2026-02-02,300748.SZ,CN_A,0.011627906976744186,1.0,-0.09348445033882247,-0.09348445033882236
2026-01-23,2026-01-26,2026-02-02,300919.SZ,CN_A,0.011627906976744186,1.0,-0.10573752203433062,-0.10573752203433062
2026-01-23,2026-01-26,2026-02-02,3993.HK,HK,0.011627906976744186,1.0,-0.06420402854062535,-0.06426546548717438
2026-01-23,2026-01-26,2026-02-02,600111.SH,CN_A,0.011627906976744186,1.0,-0.07849963692638395,-0.07849963692638395
2026-01-23,2026-01-26,2026-02-02,600362.SH,CN_A,0.011627906976744186,1.0,-0.09137214090503176,-0.09137214090503176
2026-01-23,2026-01-26,2026-02-02,600366.SH,CN_A,0.011627906976744186,1.0,-0.09871535104210039,-0.09871535104210039
2026-01-23,2026-01-26,2026-02-02,600392.SH,CN_A,0.011627906976744186,1.0,-0.061657045642741215,-0.061657045642741215
2026-01-23,2026-01-26,2026-02-02,600516.SH,CN_A,0.011627906976744186,1.0,-0.09484195506718407,-0.09484195506718396
2026-01-23,2026-01-26,2026-02-02,600884.SH,CN_A,0.011627906976744186,1.0,-0.07758620099042368,-0.07758620099042368
2026-01-23,2026-01-26,2026-02-02,600961.SH,CN_A,0.011627906976744186,1.0,-0.12837841538637507,-0.12837841538637496
2026-01-23,2026-01-26,2026-02-02,601020.SH,CN_A,0.011627906976744186,1.0,-0.20103091212461244,-0.20103091212461233
2026-01-23,2026-01-26,2026-02-02,601600.SH,CN_A,0.011627906976744186,1.0,-0.05074622170594123,-0.05074622170594123
2026-01-23,2026-01-26,2026-02-02,601985.SH,CN_A,0.011627906976744186,1.0,-0.02951194284882319,-0.02951194284882319
2026-01-23,2026-01-26,2026-02-02,603659.SH,CN_A,0.011627906976744186,1.0,-0.07747432755275219,-0.07747432755275219
2026-01-23,2026-01-26,2026-02-02,603799.SH,CN_A,0.011627906976744186,1.0,-0.12702591145892506,-0.12702591145892506
2026-01-23,2026-01-26,2026-02-02,603993.SH,CN_A,0.011627906976744186,1.0,-0.10421738374964062,-0.10421738374964062
2026-01-23,2026-01-26,2026-02-02,6680.HK,HK,0.011627906976744186,1.0,-0.11475411475269826,-0.11475411475269826
2026-01-23,2026-01-26,2026-02-02,9696.HK,HK,0.011627906976744186,1.0,-0.15989535157674384,-0.15989535157674384
2026-01-23,2026-01-26,2026-02-02,AA,US,0.011627906976744186,1.0,-0.005806998688080212,-0.005806998688080212
2026-01-23,2026-01-26,2026-02-02,AFMJF,US,0.011627906976744186,1.0,-0.10576922229553498,-0.10576922229553498
2026-01-23,2026-01-26,2026-02-02,ALB,US,0.011627906976744186,1.0,-0.13080364961491997,-0.13080364961491997
2026-01-23,2026-01-26,2026-02-02,ANGPY,US,0.011627906976744186,1.0,-0.1770010866839422,-0.1770010866839422
2026-01-23,2026-01-26,2026-02-02,BHP,US,0.011627906976744186,1.0,0.023904387958312068,0.023904387958312068
2026-01-23,2026-01-26,2026-02-02,CCJ,US,0.011627906976744186,1.0,-0.00865910467804687,-0.00865910467804687
2026-01-23,2026-01-26,2026-02-02,CDE,US,0.011627906976744186,1.0,-0.20157173948127738,-0.20157173948127738
2026-01-23,2026-01-26,2026-02-02,CENX,US,0.011627906976744186,1.0,0.04899133350855056,0.04899133350855056
2026-01-23,2026-01-26,2026-02-02,DNN,US,0.011627906976744186,1.0,0.021621600722988132,0.021621600722988132
2026-01-23,2026-01-26,2026-02-02,FCX,US,0.011627906976744186,1.0,-0.006702638905867975,-0.006702638905867975
2026-01-23,2026-01-26,2026-02-02,GPHOF,US,0.011627906976744186,1.0,-0.048192726093168936,-0.048192726093168936
2026-01-23,2026-01-26,2026-02-02,HBM,US,0.011627906976744186,1.0,-0.052300489841479725,-0.052300489841479725
2026-01-23,2026-01-26,2026-02-02,IMPUY,US,0.011627906976744186,1.0,-0.20356351240131154,-0.20356351240131154
2026-01-23,2026-01-26,2026-02-02,KALU,US,0.011627906976744186,1.0,0.06760034170709317,0.06760034170709317
2026-01-23,2026-01-26,2026-02-02,LAC,US,0.011627906976744186,1.0,-0.2053421684867146,-0.2053421684867146
2026-01-23,2026-01-26,2026-02-02,MLXEF,US,0.011627906976744186,1.0,0.025489023064700467,0.025489023064700467
2026-01-23,2026-01-26,2026-02-02,MP,US,0.011627906976744186,1.0,-0.06825343805310935,-0.06825343805310935
2026-01-23,2026-01-26,2026-02-02,NGLOY,US,0.011627906976744186,1.0,0.002109659994019575,0.002109659994019575
2026-01-23,2026-01-26,2026-02-02,NMG,US,0.011627906976744186,1.0,-0.1979167184068077,-0.1979167184068077
2026-01-23,2026-01-26,2026-02-02,NXE,US,0.011627906976744186,1.0,-0.003284069035370152,-0.003284069035370152
2026-01-23,2026-01-26,2026-02-02,PAAS,US,0.011627906976744186,1.0,-0.1726318224704657,-0.1726318224704657
2026-01-23,2026-01-26,2026-02-02,PLG,US,0.011627906976744186,1.0,-0.19287830238042214,-0.19287830238042214
2026-01-23,2026-01-26,2026-02-02,SBSW,US,0.011627906976744186,1.0,-0.12906557828037057,-0.12906557828037057
2026-01-23,2026-01-26,2026-02-02,SCCO,US,0.011627906976744186,1.0,0.023300207900450287,0.023300207900450287
2026-01-23,2026-01-26,2026-02-02,SGML,US,0.011627906976744186,1.0,-0.18895569226399622,-0.18895569226399622
2026-01-23,2026-01-26,2026-02-02,SQM,US,0.011627906976744186,1.0,-0.10427331571013143,-0.10427331571013143
2026-01-23,2026-01-26,2026-02-02,SVM,US,0.011627906976744186,1.0,-0.21613159650995595,-0.21613159650995595
2026-01-23,2026-01-26,2026-02-02,TLOFF,US,0.011627906976744186,1.0,-0.0898733464111463,-0.0898733464111463
2026-01-23,2026-01-26,2026-02-02,UAMY,US,0.011627906976744186,1.0,-0.17263156489322062,-0.17263156489322062
2026-01-23,2026-01-26,2026-02-02,UEC,US,0.011627906976744186,1.0,-0.1106267381168804,-0.1106267381168804
2026-01-23,2026-01-26,2026-02-02,USA,US,0.011627906976744186,1.0,-0.014610292650630075,-0.014610292650630075
2026-01-23,2026-01-26,2026-02-02,USAR,US,0.011627906976744186,1.0,-0.17252989601309165,-0.17252989601309165
2026-01-23,2026-01-26,2026-02-02,UUUU,US,0.011627906976744186,1.0,-0.09944276478401626,-0.09944276478401626
2026-01-23,2026-01-26,2026-02-02,VALE,US,0.011627906976744186,1.0,0.02802545132030132,0.02802545132030132
2026-01-23,2026-01-26,2026-02-02,WPM,US,0.011627906976744186,1.0,-0.10584339460239467,-0.10584339460239467
2026-01-23,2026-01-26,2026-02-02,WWR,US,0.011627906976744186,1.0,-0.16666666666666663,-0.16666666666666663
2026-01-23,2026-01-26,2026-02-02,600497.SH,CN_A,0.011627906976744186,0.5555555555555556,-0.16603780354193376,-0.16603780354193365
2026-01-23,2026-01-26,2026-02-02,2899.HK,HK,0.011627906976744186,0.5,-0.06211466183599912,-0.06211466183599923
2026-01-23,2026-01-26,2026-02-02,601168.SH,CN_A,0.011627906976744186,0.5,-0.08194852502535344,-0.08194852502535344
2026-01-23,2026-01-26,2026-02-02,601899.SH,CN_A,0.011627906976744186,0.5,-0.073164541510087,-0.073164541510087
2026-01-23,2026-01-26,2026-02-02,HL,US,0.011627906976744186,0.5,-0.2809476412399513,-0.2809476412399513
2026-01-23,2026-01-26,2026-02-02,NEXA,US,0.011627906976744186,0.5,-0.12448134066295136,-0.12448134066295136
2026-01-23,2026-01-26,2026-02-02,TECK,US,0.011627906976744186,0.5,-0.003470265659495153,-0.003470265659495153
2026-01-30,2026-02-02,2026-02-09,000408.SZ,CN_A,0.011627906976744186,1.0,0.037911259898486316,0.03791125989848654
2026-01-30,2026-02-02,2026-02-09,000426.SZ,CN_A,0.011627906976744186,1.0,-0.09319125784632676,-0.09063554125332873
2026-01-30,2026-02-02,2026-02-09,000630.SZ,CN_A,0.011627906976744186,1.0,-0.0309139837901955,-0.0325699030423926
2026-01-30,2026-02-02,2026-02-09,000792.SZ,CN_A,0.011627906976744186,1.0,0.04338191395006885,0.04338191395006885
2026-01-30,2026-02-02,2026-02-09,000807.SZ,CN_A,0.011627906976744186,1.0,-0.016139051899758394,-0.021783227329876365
2026-01-30,2026-02-02,2026-02-09,000831.SZ,CN_A,0.011627906976744186,1.0,0.08153664857090548,0.08153664857090548
2026-01-30,2026-02-02,2026-02-09,000933.SZ,CN_A,0.011627906976744186,1.0,0.034762793471784015,0.032218547320280955
2026-01-30,2026-02-02,2026-02-09,000960.SZ,CN_A,0.011627906976744186,1.0,-0.001953139862841846,-0.001953139862841846
2026-01-30,2026-02-02,2026-02-09,000970.SZ,CN_A,0.011627906976744186,1.0,0.023738900793368378,0.0237389007933686
2026-01-30,2026-02-02,2026-02-09,002155.SZ,CN_A,0.011627906976744186,1.0,0.06336337786349477,0.06336337786349477
2026-01-30,2026-02-02,2026-02-09,002340.SZ,CN_A,0.011627906976744186,1.0,0.027218994213284775,0.03041826224646238
2026-01-30,2026-02-02,2026-02-09,002460.SZ,CN_A,0.011627906976744186,1.0,-0.011527409869749428,0.010040661384784988
2026-01-30,2026-02-02,2026-02-09,002466.SZ,CN_A,0.011627906976744186,1.0,-0.03710083012888554,-0.03710083012888543
2026-01-30,2026-02-02,2026-02-09,0358.HK,HK,0.011627906976744186,1.0,0.0009224850955693586,0.000871452760800695
2026-01-30,2026-02-02,2026-02-09,0815.HK,HK,0.011627906976744186,1.0,0.0,0.0
2026-01-30,2026-02-02,2026-02-09,1164.HK,HK,0.011627906976744186,1.0,0.013363123090261775,0.013363123090261775
2026-01-30,2026-02-02,2026-02-09,1378.HK,HK,0.011627906976744186,1.0,0.012621886522326875,0.012621886522327097
2026-01-30,2026-02-02,2026-02-09,1772.HK,HK,0.011627906976744186,1.0,-0.010169463619731922,-0.009893590865697854
2026-01-30,2026-02-02,2026-02-09,2237.HK,HK,0.011627906976744186,1.0,-0.014705868173635728,-0.014705868173635728
2026-01-30,2026-02-02,2026-02-09,2302.HK,HK,0.011627906976744186,1.0,0.019417534907683054,0.01893599345307928
2026-01-30,2026-02-02,2026-02-09,2362.HK,HK,0.011627906976744186,1.0,0.0,-0.00014238143717937302
2026-01-30,2026-02-02,2026-02-09,2600.HK,HK,0.011627906976744186,1.0,0.002318445720121076,0.0025249254255894638
2026-01-30,2026-02-02,2026-02-09,300748.SZ,CN_A,0.011627906976744186,1.0,0.04090903293206849,0.03660323174845126
2026-01-30,2026-02-02,2026-02-09,300919.SZ,CN_A,0.011627906976744186,1.0,0.004070488440722331,0.004070488440722331
2026-01-30,2026-02-02,2026-02-09,3993.HK,HK,0.011627906976744186,1.0,0.03383450930200427,0.03383450930200427
2026-01-30,2026-02-02,2026-02-09,600111.SH,CN_A,0.011627906976744186,1.0,0.10973564659219393,0.10973564659219393
2026-01-30,2026-02-02,2026-02-09,600362.SH,CN_A,0.011627906976744186,1.0,-0.028381266548955453,-0.0332709074323132
2026-01-30,2026-02-02,2026-02-09,600366.SH,CN_A,0.011627906976744186,1.0,0.04351087224498662,0.04351087224498662
2026-01-30,2026-02-02,2026-02-09,600392.SH,CN_A,0.011627906976744186,1.0,0.11457901291459072,0.11407826423954637
2026-01-30,2026-02-02,2026-02-09,600516.SH,CN_A,0.011627906976744186,1.0,0.05882356034843128,0.05882356034843128
2026-01-30,2026-02-02,2026-02-09,600884.SH,CN_A,0.011627906976744186,1.0,0.23130842926276807,0.2313084292627683
2026-01-30,2026-02-02,2026-02-09,600961.SH,CN_A,0.011627906976744186,1.0,-0.026162743417983636,-0.026162743417983636
2026-01-30,2026-02-02,2026-02-09,601020.SH,CN_A,0.011627906976744186,1.0,0.009032280214371191,0.009032280214371191
2026-01-30,2026-02-02,2026-02-09,601600.SH,CN_A,0.011627906976744186,1.0,0.025943389683838136,0.025943389683838136
2026-01-30,2026-02-02,2026-02-09,601985.SH,CN_A,0.011627906976744186,1.0,0.009356716014199185,0.009356716014199185
2026-01-30,2026-02-02,2026-02-09,603659.SH,CN_A,0.011627906976744186,1.0,0.05993333646294352,0.05993333646294352
2026-01-30,2026-02-02,2026-02-09,603799.SH,CN_A,0.011627906976744186,1.0,0.02086923468064894,0.0187044895052082
2026-01-30,2026-02-02,2026-02-09,603993.SH,CN_A,0.011627906976744186,1.0,0.014938864569929322,0.014938864569929322
2026-01-30,2026-02-02,2026-02-09,6680.HK,HK,0.011627906976744186,1.0,0.04775826258219951,0.047758262582199285
2026-01-30,2026-02-02,2026-02-09,9696.HK,HK,0.011627906976744186,1.0,-0.10045662353530427,-0.10025571944054179
2026-01-30,2026-02-02,2026-02-09,AA,US,0.011627906976744186,1.0,0.07129362361039804,0.07129362361039804
2026-01-30,2026-02-02,2026-02-09,AFMJF,US,0.011627906976744186,1.0,0.05376345524155024,0.05376345524155024
2026-01-30,2026-02-02,2026-02-09,ALB,US,0.011627906976744186,1.0,0.005032316601623732,0.005032316601623732
2026-01-30,2026-02-02,2026-02-09,ANGPY,US,0.011627906976744186,1.0,0.05136981199736956,0.05136981199736956
2026-01-30,2026-02-02,2026-02-09,BHP,US,0.011627906976744186,1.0,0.03285778030907771,0.03285778030907771
2026-01-30,2026-02-02,2026-02-09,CCJ,US,0.011627906976744186,1.0,0.003909834658370137,0.003909834658370137
2026-01-30,2026-02-02,2026-02-09,CDE,US,0.011627906976744186,1.0,0.13336616679738023,0.13336616679738023
2026-01-30,2026-02-02,2026-02-09,CENX,US,0.011627906976744186,1.0,0.14877432292750759,0.14877432292750759
2026-01-30,2026-02-02,2026-02-09,DNN,US,0.011627906976744186,1.0,0.04497356549752629,0.04497356549752629
2026-01-30,2026-02-02,2026-02-09,FCX,US,0.011627906976744186,1.0,0.04690593072756566,0.04690593072756566
2026-01-30,2026-02-02,2026-02-09,GPHOF,US,0.011627906976744186,1.0,-0.10759498207371498,-0.10759498207371498
2026-01-30,2026-02-02,2026-02-09,HBM,US,0.011627906976744186,1.0,0.0751036801247511,0.0751036801247511
2026-01-30,2026-02-02,2026-02-09,IMPUY,US,0.011627906976744186,1.0,0.0027964233775430447,0.0027964233775430447
2026-01-30,2026-02-02,2026-02-09,KALU,US,0.011627906976744186,1.0,0.08015473859031919,0.08015473859031919
2026-01-30,2026-02-02,2026-02-09,LAC,US,0.011627906976744186,1.0,0.0168067058527952,0.0168067058527952
2026-01-30,2026-02-02,2026-02-09,MLXEF,US,0.011627906976744186,1.0,0.005780341244511877,0.005780341244511877
2026-01-30,2026-02-02,2026-02-09,MP,US,0.011627906976744186,1.0,0.0624259615734597,0.0624259615734597
2026-01-30,2026-02-02,2026-02-09,NGLOY,US,0.011627906976744186,1.0,0.037052590649018,0.037052590649018
2026-01-30,2026-02-02,2026-02-09,NMG,US,0.011627906976744186,1.0,-0.01731600123110688,-0.01731600123110688
2026-01-30,2026-02-02,2026-02-09,NXE,US,0.011627906976744186,1.0,-0.03789127060445119,-0.03789127060445119
2026-01-30,2026-02-02,2026-02-09,PAAS,US,0.011627906976744186,1.0,0.0995711571715836,0.0995711571715836
2026-01-30,2026-02-02,2026-02-09,PLG,US,0.011627906976744186,1.0,-0.06985296147865794,-0.06985296147865794
2026-01-30,2026-02-02,2026-02-09,SBSW,US,0.011627906976744186,1.0,0.007705963649165648,0.007705963649165648
2026-01-30,2026-02-02,2026-02-09,SCCO,US,0.011627906976744186,1.0,0.08029049335966687,0.08029049335966687
2026-01-30,2026-02-02,2026-02-09,SGML,US,0.011627906976744186,1.0,0.11440478443250157,0.11440478443250157
2026-01-30,2026-02-02,2026-02-09,SQM,US,0.011627906976744186,1.0,-0.05448500609243334,-0.05448500609243334
2026-01-30,2026-02-02,2026-02-09,SVM,US,0.011627906976744186,1.0,0.07692311360482784,0.07692311360482784
2026-01-30,2026-02-02,2026-02-09,TLOFF,US,0.011627906976744186,1.0,0.13120073428940993,0.13120073428940993
2026-01-30,2026-02-02,2026-02-09,UAMY,US,0.011627906976744186,1.0,0.04707371532276139,0.04707371532276139
2026-01-30,2026-02-02,2026-02-09,UEC,US,0.011627906976744186,1.0,0.04779416061465236,0.04779416061465236
2026-01-30,2026-02-02,2026-02-09,USA,US,0.011627906976744186,1.0,-0.0032949334162137855,-0.0032949334162137855
2026-01-30,2026-02-02,2026-02-09,USAR,US,0.011627906976744186,1.0,0.06015377146047518,0.06015377146047518
2026-01-30,2026-02-02,2026-02-09,UUUU,US,0.011627906976744186,1.0,0.09947644596951633,0.09947644596951633
2026-01-30,2026-02-02,2026-02-09,VALE,US,0.011627906976744186,1.0,0.04027271068521787,0.04027271068521787
2026-01-30,2026-02-02,2026-02-09,WPM,US,0.011627906976744186,1.0,0.07994854308440025,0.07994854308440025
2026-01-30,2026-02-02,2026-02-09,WWR,US,0.011627906976744186,1.0,0.01052630588288439,0.01052630588288439
2026-01-30,2026-02-02,2026-02-09,600497.SH,CN_A,0.011627906976744186,0.5555555555555556,0.006787306475616317,0.006842243496658851
2026-01-30,2026-02-02,2026-02-09,2899.HK,HK,0.011627906976744186,0.5,0.04347814183151533,0.04347814183151533
2026-01-30,2026-02-02,2026-02-09,601168.SH,CN_A,0.011627906976744186,0.5,-0.0003121798208325366,0.0005515548816952265
2026-01-30,2026-02-02,2026-02-09,601899.SH,CN_A,0.011627906976744186,0.5,0.055176192955116,0.05569445012775076
2026-01-30,2026-02-02,2026-02-09,HL,US,0.011627906976744186,0.5,0.11090497626173024,0.11090497626173024
2026-01-30,2026-02-02,2026-02-09,NEXA,US,0.011627906976744186,0.5,-0.004739294365366686,-0.004739294365366686
2026-01-30,2026-02-02,2026-02-09,TECK,US,0.011627906976744186,0.5,0.06030049071331156,0.06030049071331156
2026-02-06,2026-02-09,2026-02-24,000408.SZ,CN_A,0.011494252873563218,1.0,-0.01496414460245743,-0.014964144602457319
2026-02-06,2026-02-09,2026-02-24,000426.SZ,CN_A,0.011494252873563218,1.0,0.018522213147448285,0.018522213147448063
2026-02-06,2026-02-09,2026-02-24,000630.SZ,CN_A,0.011494252873563218,1.0,0.04160890419979335,0.04160890419979357
2026-02-06,2026-02-09,2026-02-24,000792.SZ,CN_A,0.011494252873563218,1.0,0.0822457973209132,0.0822457973209132
2026-02-06,2026-02-09,2026-02-24,000807.SZ,CN_A,0.011494252873563218,1.0,-0.04164046480670336,-0.04164046480670336
2026-02-06,2026-02-09,2026-02-24,000831.SZ,CN_A,0.011494252873563218,1.0,0.04748095174691436,0.04748095174691436
2026-02-06,2026-02-09,2026-02-24,000933.SZ,CN_A,0.011494252873563218,1.0,-0.03328095547648313,-0.03328095547648302
2026-02-06,2026-02-09,2026-02-24,000960.SZ,CN_A,0.011494252873563218,1.0,0.03159071388576451,0.03159071388576451
2026-02-06,2026-02-09,2026-02-24,000970.SZ,CN_A,0.011494252873563218,1.0,0.047101385316537625,0.047101385316537625
2026-02-06,2026-02-09,2026-02-24,002155.SZ,CN_A,0.011494252873563218,1.0,-0.04518488949811583,-0.04518488949811572
2026-02-06,2026-02-09,2026-02-24,002340.SZ,CN_A,0.011494252873563218,1.0,0.08640552691602843,0.08640552691602843
2026-02-06,2026-02-09,2026-02-24,002460.SZ,CN_A,0.011494252873563218,1.0,0.07396040862743236,0.07396040862743236
2026-02-06,2026-02-09,2026-02-24,002466.SZ,CN_A,0.011494252873563218,1.0,0.05878853999749989,0.05878853999749967
2026-02-06,2026-02-09,2026-02-16,0358.HK,HK,0.011494252873563218,1.0,0.02211986623856399,0.02211986623856399
2026-02-06,2026-02-09,2026-02-16,0815.HK,HK,0.011494252873563218,1.0,-0.031249970896168877,-0.031175903814748995
2026-02-06,2026-02-09,2026-02-16,1164.HK,HK,0.011494252873563218,1.0,0.09450545281607448,0.09450545281607448
2026-02-06,2026-02-09,2026-02-16,1378.HK,HK,0.011494252873563218,1.0,0.03682719288010805,0.03682719288010805
2026-02-06,2026-02-09,2026-02-16,1772.HK,HK,0.011494252873563218,1.0,0.08133558195714485,0.08133558195714485
2026-02-06,2026-02-09,2026-02-16,2237.HK,HK,0.011494252873563218,1.0,-0.0298508060193573,-0.02985080601935719
2026-02-06,2026-02-09,2026-02-16,2302.HK,HK,0.011494252873563218,1.0,0.13809521574912864,0.13809521574912842
2026-02-06,2026-02-09,2026-02-16,2600.HK,HK,0.011494252873563218,1.0,0.009252111263569951,0.009252111263569951
2026-02-06,2026-02-09,2026-02-16,2899.HK,HK,0.011494252873563218,1.0,0.04844963564825977,0.04831583542749884
2026-02-06,2026-02-09,2026-02-24,300748.SZ,CN_A,0.011494252873563218,1.0,0.024563350791481753,0.024563350791481753
2026-02-06,2026-02-09,2026-02-24,300919.SZ,CN_A,0.011494252873563218,1.0,0.0424711255991983,0.0424711255991983
2026-02-06,2026-02-09,2026-02-16,3993.HK,HK,0.011494252873563218,1.0,0.050909155083375346,0.05090915508337557
2026-02-06,2026-02-09,2026-02-24,600111.SH,CN_A,0.011494252873563218,1.0,0.0387596719814709,0.0387596719814709
2026-02-06,2026-02-09,2026-02-24,600362.SH,CN_A,0.011494252873563218,1.0,0.029751200020139645,0.029751200020139645
2026-02-06,2026-02-09,2026-02-24,600366.SH,CN_A,0.011494252873563218,1.0,0.03163195822316833,0.03163195822316833
2026-02-06,2026-02-09,2026-02-24,600392.SH,CN_A,0.011494252873563218,1.0,0.07295510295185048,0.07295510295185048
2026-02-06,2026-02-09,2026-02-24,600497.SH,CN_A,0.011494252873563218,1.0,0.032584245899683006,0.032584245899683006
2026-02-06,2026-02-09,2026-02-24,600516.SH,CN_A,0.011494252873563218,1.0,-0.005208369551432002,-0.005208369551432002
2026-02-06,2026-02-09,2026-02-24,600531.SH,CN_A,0.011494252873563218,1.0,0.033608586848020705,0.033608586848020705
2026-02-06,2026-02-09,2026-02-24,600884.SH,CN_A,0.011494252873563218,1.0,-0.1302973032853748,-0.1302973032853748
2026-02-06,2026-02-09,2026-02-24,600961.SH,CN_A,0.011494252873563218,1.0,0.046268671021178376,0.046268671021178154
2026-02-06,2026-02-09,2026-02-24,601020.SH,CN_A,0.011494252873563218,1.0,0.0796035714980412,0.0796035714980412
2026-02-06,2026-02-09,2026-02-24,601168.SH,CN_A,0.011494252873563218,1.0,0.023764261281055132,0.02376426128105491
2026-02-06,2026-02-09,2026-02-24,601600.SH,CN_A,0.011494252873563218,1.0,-0.006896563315898496,-0.006896563315898496
2026-02-06,2026-02-09,2026-02-24,601899.SH,CN_A,0.011494252873563218,1.0,0.0178617294235206,0.0178617294235206
2026-02-06,2026-02-09,2026-02-24,601985.SH,CN_A,0.011494252873563218,1.0,-0.008111204391189508,-0.008111204391189508
2026-02-06,2026-02-09,2026-02-24,603659.SH,CN_A,0.011494252873563218,1.0,0.018848191183651775,0.018848191183651775
2026-02-06,2026-02-09,2026-02-24,603799.SH,CN_A,0.011494252873563218,1.0,0.03510506479341857,0.035105064793418794
2026-02-06,2026-02-09,2026-02-24,603993.SH,CN_A,0.011494252873563218,1.0,0.019625421345333516,0.019625421345333516
2026-02-06,2026-02-09,2026-02-16,6680.HK,HK,0.011494252873563218,1.0,0.031627937061790456,0.031362764927242326
2026-02-06,2026-02-09,2026-02-16,9696.HK,HK,0.011494252873563218,1.0,0.020304593101453605,0.020304593101453383
2026-02-06,2026-02-09,2026-02-17,AA,US,0.011494252873563218,1.0,-0.07841568097595653,-0.07841568097595653
2026-02-06,2026-02-09,2026-02-17,AFMJF,US,0.011494252873563218,1.0,-0.08163268714356042,-0.08163268714356042
2026-02-06,2026-02-09,2026-02-17,ALB,US,0.011494252873563218,1.0,0.019063800732920688,0.019063800732920688
2026-02-06,2026-02-09,2026-02-17,BHP,US,0.011494252873563218,1.0,0.0365564748728171,0.0365564748728171
2026-02-06,2026-02-09,2026-02-17,CCJ,US,0.011494252873563218,1.0,-0.06413654163238824,-0.06413654163238824
2026-02-06,2026-02-09,2026-02-17,CDE,US,0.011494252873563218,1.0,-0.052974390026407026,-0.052974390026407026
2026-02-06,2026-02-09,2026-02-17,CENX,US,0.011494252873563218,1.0,-0.10062548122307224,-0.10062548122307224
2026-02-06,2026-02-09,2026-02-17,DNN,US,0.011494252873563218,1.0,-0.035443064104839994,-0.035443064104839994
2026-02-06,2026-02-09,2026-02-17,FCX,US,0.011494252873563218,1.0,-0.039616444978926135,-0.039616444978926135
2026-02-06,2026-02-09,2026-02-17,GPHOF,US,0.011494252873563218,1.0,-0.27872341558802693,-0.27872341558802693
2026-02-06,2026-02-09,2026-02-17,HBM,US,0.011494252873563218,1.0,-0.027788445773021087,-0.027788445773021087
2026-02-06,2026-02-09,2026-02-17,HL,US,0.011494252873563218,1.0,-0.11278197226674247,-0.11278197226674247
2026-02-06,2026-02-09,2026-02-17,KALU,US,0.011494252873563218,1.0,-0.013128243476561274,-0.013128243476561274
2026-02-06,2026-02-09,2026-02-17,LAC,US,0.011494252873563218,1.0,-0.061983508528291376,-0.061983508528291376
2026-02-06,2026-02-09,2026-02-17,MLXEF,US,0.011494252873563218,1.0,0.0,0.0
2026-02-06,2026-02-09,2026-02-17,MP,US,0.011494252873563218,1.0,-0.09315284307629101,-0.09315284307629101
2026-02-06,2026-02-09,2026-02-17,NEXA,US,0.011494252873563218,1.0,-0.11507942214604261,-0.11507942214604261
2026-02-06,2026-02-09,2026-02-17,NMG,US,0.011494252873563218,1.0,-0.03083697525593232,-0.03083697525593232
2026-02-06,2026-02-09,2026-02-17,NXE,US,0.011494252873563218,1.0,-0.005137022093236632,-0.005137022093236632
2026-02-06,2026-02-09,2026-02-17,PAAS,US,0.011494252873563218,1.0,-0.04883847077052583,-0.04883847077052583
2026-02-06,2026-02-09,2026-02-17,SCCO,US,0.011494252873563218,1.0,-0.08575871370630994,-0.08575871370630994
2026-02-06,2026-02-09,2026-02-17,SGML,US,0.011494252873563218,1.0,0.06650043295863628,0.06650043295863628
2026-02-06,2026-02-09,2026-02-17,SQM,US,0.011494252873563218,1.0,0.017568549911944675,0.017568549911944675
2026-02-06,2026-02-09,2026-02-17,SVM,US,0.011494252873563218,1.0,-0.03525051163455517,-0.03525051163455517
2026-02-06,2026-02-09,2026-02-17,TECK,US,0.011494252873563218,1.0,0.0005186093094471378,0.0005186093094471378
2026-02-06,2026-02-09,2026-02-17,TLOFF,US,0.011494252873563218,1.0,-0.030737723739708622,-0.030737723739708622
2026-02-06,2026-02-09,2026-02-17,UAMY,US,0.011494252873563218,1.0,-0.1190765002120564,-0.1190765002120564
2026-02-06,2026-02-09,2026-02-17,UEC,US,0.011494252873563218,1.0,-0.11111114209468143,-0.11111114209468143
2026-02-06,2026-02-09,2026-02-17,USA,US,0.011494252873563218,1.0,-0.009917396808683976,-0.009917396808683976
2026-02-06,2026-02-09,2026-02-17,USAR,US,0.011494252873563218,1.0,-0.1885665518595795,-0.1885665518595795
2026-02-06,2026-02-09,2026-02-17,UUUU,US,0.011494252873563218,1.0,-0.109523837440064,-0.109523837440064
2026-02-06,2026-02-09,2026-02-17,VALE,US,0.011494252873563218,1.0,-0.05300781706176083,-0.05300781706176083
2026-02-06,2026-02-09,2026-02-17,WPM,US,0.011494252873563218,1.0,-0.003151634122292357,-0.003151634122292357
2026-02-06,2026-02-09,2026-02-17,WWR,US,0.011494252873563218,1.0,-0.0625000038805108,-0.0625000038805108
2026-02-06,2026-02-09,2026-02-16,2362.HK,HK,0.011494252873563218,0.75,0.0,0.0
2026-02-06,2026-02-09,2026-02-17,ANGPY,US,0.011494252873563218,0.5,-0.03192185406160608,-0.03192185406160608
2026-02-06,2026-02-09,2026-02-17,IMPUY,US,0.011494252873563218,0.5,-0.05688786739963625,-0.05688786739963625
2026-02-06,2026-02-09,2026-02-17,NGLOY,US,0.011494252873563218,0.5,-0.021924455452270397,-0.021924455452270397
2026-02-06,2026-02-09,2026-02-17,PLG,US,0.011494252873563218,0.5,-0.12648218848279935,-0.12648218848279935
2026-02-06,2026-02-09,2026-02-17,SBSW,US,0.011494252873563218,0.5,-0.05529412484589902,-0.05529412484589902
2026-02-13,2026-02-16,2026-02-23,0358.HK,HK,0.014492753623188406,1.0,0.03426508515884552,0.03426508515884574
2026-02-13,2026-02-16,2026-02-23,1164.HK,HK,0.014492753623188406,1.0,0.004016060411629274,0.004016060411629274
2026-02-13,2026-02-16,2026-02-23,1772.HK,HK,0.014492753623188406,1.0,0.053048248219732086,0.053048248219732086
2026-02-13,2026-02-16,2026-02-23,2237.HK,HK,0.014492753623188406,1.0,0.046153895530476774,0.046153895530476774
2026-02-13,2026-02-16,2026-02-23,2302.HK,HK,0.014492753623188406,1.0,0.10878657247858214,0.10878657247858214
2026-02-13,2026-02-16,2026-02-23,2899.HK,HK,0.014492753623188406,1.0,0.037892803105020745,0.037892803105020745
2026-02-13,2026-02-16,2026-02-23,3993.HK,HK,0.014492753623188406,1.0,0.031141881876790123,0.030824880879310346
2026-02-13,2026-02-16,2026-02-23,6680.HK,HK,0.014492753623188406,1.0,0.014427394650645908,0.014427394650645908
2026-02-13,2026-02-16,2026-02-23,9696.HK,HK,0.014492753623188406,1.0,0.024875586697317598,0.02487558669731782
2026-02-13,2026-02-17,2026-02-23,AFMJF,US,0.014492753623188406,1.0,0.08888892929960068,0.08888892929960068
2026-02-13,2026-02-17,2026-02-23,ALB,US,0.014492753623188406,1.0,0.05091173592926723,0.05091173592926723
2026-02-13,2026-02-17,2026-02-23,BHP,US,0.014492753623188406,1.0,0.050074089277841516,0.050074089277841516
2026-02-13,2026-02-17,2026-02-23,CCJ,US,0.014492753623188406,1.0,0.05144322147157743,0.05144322147157743
2026-02-13,2026-02-17,2026-02-23,DNN,US,0.014492753623188406,1.0,0.09973756434329317,0.09973756434329317
2026-02-13,2026-02-17,2026-02-23,FCX,US,0.014492753623188406,1.0,0.07300713784571444,0.07300713784571444
2026-02-13,2026-02-17,2026-02-23,GPHOF,US,0.014492753623188406,1.0,-0.01966566540236825,-0.01966566540236825
2026-02-13,2026-02-17,2026-02-23,HBM,US,0.014492753623188406,1.0,0.03453748517141153,0.03453748517141153
2026-02-13,2026-02-17,2026-02-23,HL,US,0.014492753623188406,1.0,0.12947269721939003,0.12947269721939003
2026-02-13,2026-02-17,2026-02-23,LAC,US,0.014492753623188406,1.0,0.006607975784234332,0.006607975784234332
2026-02-13,2026-02-17,2026-02-23,MLXEF,US,0.014492753623188406,1.0,0.07408042023055628,0.07408042023055628
2026-02-13,2026-02-17,2026-02-23,MP,US,0.014492753623188406,1.0,-0.021949077844673925,-0.021949077844673925
2026-02-13,2026-02-17,2026-02-23,NEXA,US,0.014492753623188406,1.0,0.050224254598720375,0.050224254598720375
2026-02-13,2026-02-17,2026-02-23,NMG,US,0.014492753623188406,1.0,-0.018181800448205276,-0.018181800448205276
2026-02-13,2026-02-17,2026-02-23,NXE,US,0.014492753623188406,1.0,0.06626510028804744,0.06626510028804744
2026-02-13,2026-02-17,2026-02-23,SCCO,US,0.014492753623188406,1.0,0.10132978793536274,0.10132978793536274
2026-02-13,2026-02-17,2026-02-23,SGML,US,0.014492753623188406,1.0,-0.029618091714777806,-0.029618091714777806
2026-02-13,2026-02-17,2026-02-23,SQM,US,0.014492753623188406,1.0,0.009254061667668623,0.009254061667668623
2026-02-13,2026-02-17,2026-02-23,TECK,US,0.014492753623188406,1.0,0.021423660511307174,0.021423660511307174
2026-02-13,2026-02-17,2026-02-23,TLOFF,US,0.014492753623188406,1.0,0.15750526058243297,0.15750526058243297
2026-02-13,2026-02-17,2026-02-23,UAMY,US,0.014492753623188406,1.0,0.06758617532664335,0.06758617532664335
2026-02-13,2026-02-17,2026-02-23,UEC,US,0.014492753623188406,1.0,0.05065792548854642,0.05065792548854642
2026-02-13,2026-02-17,2026-02-23,USA,US,0.014492753623188406,1.0,-0.0066777972817199105,-0.0066777972817199105
2026-02-13,2026-02-17,2026-02-23,USAR,US,0.014492753623188406,1.0,-0.012092509816026054,-0.012092509816026054
2026-02-13,2026-02-17,2026-02-23,UUUU,US,0.014492753623188406,1.0,0.021876556617192344,0.021876556617192344
2026-02-13,2026-02-17,2026-02-23,VALE,US,0.014492753623188406,1.0,0.06415097372549217,0.06415097372549217
2026-02-13,2026-02-17,2026-02-23,WWR,US,0.014492753623188406,1.0,-0.033333302427220435,-0.033333302427220435
2026-02-13,2026-02-16,2026-02-23,2362.HK,HK,0.014492753623188406,0.5,0.0,0.0
2026-02-20,2026-02-24,2026-03-02,000408.SZ,CN_A,0.016129032258064516,1.0,0.02882780101672,0.02882780101671978
2026-02-20,2026-02-24,2026-03-02,000426.SZ,CN_A,0.016129032258064516,1.0,0.17755185646116045,0.17755185646116045
2026-02-20,2026-02-24,2026-03-02,000630.SZ,CN_A,0.016129032258064516,1.0,0.12117172240698348,0.12117172240698348
2026-02-20,2026-02-24,2026-03-02,000792.SZ,CN_A,0.016129032258064516,1.0,0.06982618309370237,0.06982618309370259
2026-02-20,2026-02-24,2026-03-02,000831.SZ,CN_A,0.016129032258064516,1.0,0.0987889128000452,0.0987889128000452
2026-02-20,2026-02-24,2026-03-02,000960.SZ,CN_A,0.016129032258064516,1.0,0.3224931868464991,0.3224931868464993
2026-02-20,2026-02-24,2026-03-02,000970.SZ,CN_A,0.016129032258064516,1.0,0.03806229540385697,0.038062295403857194
2026-02-20,2026-02-24,2026-03-02,002155.SZ,CN_A,0.016129032258064516,1.0,0.22656010374760083,0.22656010374760083
2026-02-20,2026-02-24,2026-03-02,002340.SZ,CN_A,0.016129032258064516,1.0,0.04878049027151099,0.04878049027151099
2026-02-20,2026-02-24,2026-03-02,002460.SZ,CN_A,0.016129032258064516,1.0,0.027861189272105236,0.027861189272105236
2026-02-20,2026-02-24,2026-03-02,002466.SZ,CN_A,0.016129032258064516,1.0,0.03507782561832129,0.03507782561832129
2026-02-20,2026-02-23,2026-03-02,0358.HK,HK,0.016129032258064516,1.0,-0.0017437184892349356,-0.0018454402547686266
2026-02-20,2026-02-23,2026-03-02,1772.HK,HK,0.016129032258064516,1.0,-0.002255647399903693,-0.002552796211178321
2026-02-20,2026-02-23,2026-03-02,2237.HK,HK,0.016129032258064516,1.0,-0.014705868173635728,-0.014738605023721152
2026-02-20,2026-02-23,2026-03-02,2899.HK,HK,0.016129032258064516,1.0,0.024933270504787997,0.024933270504787997
2026-02-20,2026-02-24,2026-03-02,300748.SZ,CN_A,0.016129032258064516,1.0,0.06473098488219464,0.06473098488219464
2026-02-20,2026-02-24,2026-03-02,300919.SZ,CN_A,0.016129032258064516,1.0,0.039074046114665695,0.039074046114665695
2026-02-20,2026-02-23,2026-03-02,3993.HK,HK,0.016129032258064516,1.0,0.03942956244511664,0.03942956244511664
2026-02-20,2026-02-24,2026-03-02,600111.SH,CN_A,0.016129032258064516,1.0,0.12377144898975434,0.12377144898975456
2026-02-20,2026-02-24,2026-03-02,600362.SH,CN_A,0.016129032258064516,1.0,0.04377517025532751,0.04377517025532751
2026-02-20,2026-02-24,2026-03-02,600366.SH,CN_A,0.016129032258064516,1.0,0.03623689827638166,0.03623689827638166
2026-02-20,2026-02-24,2026-03-02,600392.SH,CN_A,0.016129032258064516,1.0,0.10473891627099996,0.10473891627099974
2026-02-20,2026-02-24,2026-03-02,600497.SH,CN_A,0.016129032258064516,1.0,0.22089232719994634,0.22089232719994611
2026-02-20,2026-02-24,2026-03-02,600516.SH,CN_A,0.016129032258064516,1.0,0.13787084803199812,0.13787084803199812
2026-02-20,2026-02-24,2026-03-02,600531.SH,CN_A,0.016129032258064516,1.0,0.10211060684911133,0.10211060684911155
2026-02-20,2026-02-24,2026-03-02,600884.SH,CN_A,0.016129032258064516,1.0,0.10109093405983671,0.10109093405983671
2026-02-20,2026-02-24,2026-03-02,600961.SH,CN_A,0.016129032258064516,1.0,0.23680453540825286,0.23680453540825286
2026-02-20,2026-02-24,2026-03-02,601020.SH,CN_A,0.016129032258064516,1.0,0.20521173263954107,0.20521173263954107
2026-02-20,2026-02-24,2026-03-02,601168.SH,CN_A,0.016129032258064516,1.0,0.1065649585885986,0.1065649585885986
2026-02-20,2026-02-24,2026-03-02,601899.SH,CN_A,0.016129032258064516,1.0,0.03687692711580359,0.03687692711580359
2026-02-20,2026-02-24,2026-03-02,603659.SH,CN_A,0.016129032258064516,1.0,-0.03323057618645042,-0.03323057618645031
2026-02-20,2026-02-24,2026-03-02,603799.SH,CN_A,0.016129032258064516,1.0,0.06850985474155813,0.06850985474155791
2026-02-20,2026-02-24,2026-03-02,603993.SH,CN_A,0.016129032258064516,1.0,0.08486429089200631,0.08486429089200631
2026-02-20,2026-02-23,2026-03-02,6680.HK,HK,0.016129032258064516,1.0,0.11644448816792075,0.11644448816792097
2026-02-20,2026-02-23,2026-03-02,9696.HK,HK,0.016129032258064516,1.0,0.02427181115463961,0.024263957296548178
2026-02-20,2026-02-23,2026-03-02,AFMJF,US,0.016129032258064516,1.0,0.1428570855988185,0.1428570855988185
2026-02-20,2026-02-23,2026-03-02,ALB,US,0.016129032258064516,1.0,0.0037178032202589417,0.0037178032202589417
2026-02-20,2026-02-23,2026-03-02,BHP,US,0.016129032258064516,1.0,0.06409428427651975,0.06409428427651975
2026-02-20,2026-02-23,2026-03-02,FCX,US,0.016129032258064516,1.0,0.04180012511529063,0.04180012511529063
2026-02-20,2026-02-23,2026-03-02,GPHOF,US,0.016129032258064516,1.0,-0.05015040458222819,-0.05015040458222819
2026-02-20,2026-02-23,2026-03-02,HBM,US,0.016129032258064516,1.0,0.02609367740771318,0.02609367740771318
2026-02-20,2026-02-23,2026-03-02,HL,US,0.016129032258064516,1.0,0.026677706814865587,0.026677706814865587
2026-02-20,2026-02-23,2026-03-02,LAC,US,0.016129032258064516,1.0,0.1203500422840813,0.1203500422840813
2026-02-20,2026-02-23,2026-03-02,MLXEF,US,0.016129032258064516,1.0,0.10225266591182547,0.10225266591182547
2026-02-20,2026-02-23,2026-03-02,MP,US,0.016129032258064516,1.0,0.1441651466662046,0.1441651466662046
2026-02-20,2026-02-23,2026-03-02,NEXA,US,0.016129032258064516,1.0,0.2519214175623481,0.2519214175623481
2026-02-20,2026-02-23,2026-03-02,NMG,US,0.016129032258064516,1.0,0.0879628755796138,0.0879628755796138
2026-02-20,2026-02-23,2026-03-02,SCCO,US,0.016129032258064516,1.0,0.05699103212897261,0.05699103212897261
2026-02-20,2026-02-23,2026-03-02,SGML,US,0.016129032258064516,1.0,0.1261044716908477,0.1261044716908477
2026-02-20,2026-02-23,2026-03-02,SQM,US,0.016129032258064516,1.0,0.03503486950059975,0.03503486950059975
2026-02-20,2026-02-23,2026-03-02,TECK,US,0.016129032258064516,1.0,-0.03264551048822495,-0.03264551048822495
2026-02-20,2026-02-23,2026-03-02,TLOFF,US,0.016129032258064516,1.0,0.1643835819258943,0.1643835819258943
2026-02-20,2026-02-23,2026-03-02,UAMY,US,0.016129032258064516,1.0,0.3759689836517546,0.3759689836517546
2026-02-20,2026-02-23,2026-03-02,USA,US,0.016129032258064516,1.0,0.00504203808918624,0.00504203808918624
2026-02-20,2026-02-23,2026-03-02,USAR,US,0.016129032258064516,1.0,0.11069716989674139,0.11069716989674139
2026-02-20,2026-02-23,2026-03-02,VALE,US,0.016129032258064516,1.0,0.004137097784195243,0.004137097784195243
2026-02-20,2026-02-23,2026-03-02,WWR,US,0.016129032258064516,1.0,0.0,0.0
2026-02-20,2026-02-23,2026-03-02,2362.HK,HK,0.016129032258064516,0.5,0.0,0.0
2026-02-20,2026-02-23,2026-03-02,UUUU,US,0.016129032258064516,0.5,0.1117983030586358,0.1117983030586358
2026-02-27,2026-03-02,2026-03-09,000426.SZ,CN_A,0.045454545454545456,1.0,-0.1750249203233789,-0.1750249203233789
2026-02-27,2026-03-02,2026-03-09,000960.SZ,CN_A,0.045454545454545456,1.0,-0.20368851010517453,-0.20368851010517453
2026-02-27,2026-03-02,2026-03-09,002340.SZ,CN_A,0.045454545454545456,1.0,-0.08190094959537308,-0.08190094959537308
2026-02-27,2026-03-02,2026-03-09,2899.HK,HK,0.045454545454545456,1.0,-0.15334493633263724,-0.1538740187022798
2026-02-27,2026-03-02,2026-03-09,300919.SZ,CN_A,0.045454545454545456,1.0,-0.06968454602236207,-0.06968454602236207
2026-02-27,2026-03-02,2026-03-09,600531.SH,CN_A,0.045454545454545456,1.0,-0.1516563328911812,-0.1516563328911813
2026-02-27,2026-03-02,2026-03-09,600961.SH,CN_A,0.045454545454545456,1.0,-0.14917343460100518,-0.14917343460100518
2026-02-27,2026-03-02,2026-03-09,601168.SH,CN_A,0.045454545454545456,1.0,-0.14459163778905515,-0.14459163778905526
2026-02-27,2026-03-02,2026-03-09,601899.SH,CN_A,0.045454545454545456,1.0,-0.1071866294534859,-0.107186629453486
2026-02-27,2026-03-02,2026-03-09,603799.SH,CN_A,0.045454545454545456,1.0,-0.14353078829548616,-0.14353078829548627
2026-02-27,2026-03-02,2026-03-09,AFMJF,US,0.045454545454545456,1.0,-0.1696428268734811,-0.1696428268734811
2026-02-27,2026-03-02,2026-03-09,BHP,US,0.045454545454545456,1.0,-0.10462134371867726,-0.10462134371867726
2026-02-27,2026-03-02,2026-03-09,HBM,US,0.045454545454545456,1.0,-0.15856396910445836,-0.15856396910445836
2026-02-27,2026-03-02,2026-03-09,HL,US,0.045454545454545456,1.0,-0.14396520835052273,-0.14396520835052273
2026-02-27,2026-03-02,2026-03-09,MLXEF,US,0.045454545454545456,1.0,-0.17476695740617243,-0.17476695740617243
2026-02-27,2026-03-02,2026-03-09,NEXA,US,0.045454545454545456,1.0,-0.23601637613644022,-0.23601637613644022
2026-02-27,2026-03-02,2026-03-09,TECK,US,0.045454545454545456,1.0,-0.10910992806768227,-0.10910992806768227
2026-02-27,2026-03-02,2026-03-09,TLOFF,US,0.045454545454545456,1.0,-0.03843135459750302,-0.03843135459750302
2026-02-27,2026-03-02,2026-03-09,VALE,US,0.045454545454545456,1.0,-0.09770452441288402,-0.09770452441288402
2026-02-27,2026-03-02,2026-03-09,600497.SH,CN_A,0.045454545454545456,0.8888888888888888,-0.1363636285824823,-0.1363636285824823
2026-02-27,2026-03-02,2026-03-09,2362.HK,HK,0.045454545454545456,0.5,0.0,-8.977542323163057e-05
2026-03-06,2026-03-09,2026-03-16,000408.SZ,CN_A,0.015151515151515152,1.0,-0.006529483415094961,-0.005153264233672017
2026-03-06,2026-03-09,2026-03-16,000630.SZ,CN_A,0.015151515151515152,1.0,-0.08653845773029945,-0.08653845773029945
2026-03-06,2026-03-09,2026-03-16,000792.SZ,CN_A,0.015151515151515152,1.0,-0.02685085409041743,-0.03200948733004405
2026-03-06,2026-03-09,2026-03-16,000807.SZ,CN_A,0.015151515151515152,1.0,0.007440507381656802,0.00744050738165658
2026-03-06,2026-03-09,2026-03-16,000831.SZ,CN_A,0.015151515151515152,1.0,-0.09783747114444974,-0.09182675963102838
2026-03-06,2026-03-09,2026-03-16,000933.SZ,CN_A,0.015151515151515152,1.0,-0.010204049639966795,-0.010204049639966684
2026-03-06,2026-03-09,2026-03-16,000970.SZ,CN_A,0.015151515151515152,1.0,-0.008208900637254879,-0.013460066245540525
2026-03-06,2026-03-09,2026-03-16,002155.SZ,CN_A,0.015151515151515152,1.0,-0.1427413434191721,-0.14502954614250463
2026-03-06,2026-03-09,2026-03-16,002340.SZ,CN_A,0.015151515151515152,1.0,-0.05506607975784239,-0.05506607975784239
2026-03-06,2026-03-09,2026-03-16,002460.SZ,CN_A,0.015151515151515152,1.0,0.041912577455072375,0.041912577455072375
2026-03-06,2026-03-09,2026-03-16,002466.SZ,CN_A,0.015151515151515152,1.0,0.009229641685034151,0.011173253021257157
2026-03-06,2026-03-09,2026-03-16,0358.HK,HK,0.015151515151515152,1.0,-0.02921916449692108,-0.02921916449692097
2026-03-06,2026-03-09,2026-03-16,0815.HK,HK,0.015151515151515152,1.0,-0.03773581510593205,-0.03779715951467755
2026-03-06,2026-03-09,2026-03-16,1378.HK,HK,0.015151515151515152,1.0,0.027055736206251346,0.027055736206251346
2026-03-06,2026-03-09,2026-03-16,1772.HK,HK,0.015151515151515152,1.0,0.04805307390372526,0.04805307390372526
2026-03-06,2026-03-09,2026-03-16,2237.HK,HK,0.015151515151515152,1.0,-0.014285700905079524,-0.014285700905079524
2026-03-06,2026-03-09,2026-03-16,2362.HK,HK,0.015151515151515152,1.0,0.0,0.0
2026-03-06,2026-03-09,2026-03-16,2600.HK,HK,0.015151515151515152,1.0,-0.054093619026638784,-0.05409361902663867
2026-03-06,2026-03-09,2026-03-16,300748.SZ,CN_A,0.015151515151515152,1.0,-0.049231665701496174,-0.049231665701496174
2026-03-06,2026-03-09,2026-03-16,300919.SZ,CN_A,0.015151515151515152,1.0,0.010153262957317777,0.01036267686810155
2026-03-06,2026-03-09,2026-03-16,3993.HK,HK,0.015151515151515152,1.0,-0.09359608784915763,-0.09478380913681572
2026-03-06,2026-03-09,2026-03-16,600111.SH,CN_A,0.015151515151515152,1.0,-0.07943583624481132,-0.0787501555149307
2026-03-06,2026-03-09,2026-03-16,600362.SH,CN_A,0.015151515151515152,1.0,-0.04867684828049412,-0.04867684828049412
2026-03-06,2026-03-09,2026-03-16,600366.SH,CN_A,0.015151515151515152,1.0,-0.017503842458232666,-0.017559585891953722
2026-03-06,2026-03-09,2026-03-16,600392.SH,CN_A,0.015151515151515152,1.0,-0.10755817378579446,-0.10755817378579458
2026-03-06,2026-03-09,2026-03-16,600516.SH,CN_A,0.015151515151515152,1.0,-0.008995493567202306,-0.00866733901758876
2026-03-06,2026-03-09,2026-03-16,600884.SH,CN_A,0.015151515151515152,1.0,0.029871913946292628,0.029871913946292628
2026-03-06,2026-03-09,2026-03-16,601020.SH,CN_A,0.015151515151515152,1.0,-0.09656781556216687,-0.09715889845821701
2026-03-06,2026-03-09,2026-03-16,601600.SH,CN_A,0.015151515151515152,1.0,-0.03423683881870643,-0.03693171899263581
2026-03-06,2026-03-09,2026-03-16,603659.SH,CN_A,0.015151515151515152,1.0,0.16462086907588436,0.1617338649811093
2026-03-06,2026-03-09,2026-03-16,603799.SH,CN_A,0.015151515151515152,1.0,-0.056109621436290835,-0.056109621436290946
2026-03-06,2026-03-09,2026-03-16,603993.SH,CN_A,0.015151515151515152,1.0,-0.08851223350771609,-0.08835120208648084
2026-03-06,2026-03-09,2026-03-16,6680.HK,HK,0.015151515151515152,1.0,-0.03727870309650505,-0.03727870309650505
2026-03-06,2026-03-09,2026-03-16,9696.HK,HK,0.015151515151515152,1.0,0.001857826609523494,0.0018578266095237161
2026-03-06,2026-03-09,2026-03-16,AA,US,0.015151515151515152,1.0,0.09073046901251969,0.09073046901251969
2026-03-06,2026-03-09,2026-03-16,ALB,US,0.015151515151515152,1.0,-0.0396744145832979,-0.0396744145832979
2026-03-06,2026-03-09,2026-03-16,ANGPY,US,0.015151515151515152,1.0,-0.08559377362012022,-0.08559377362012022
2026-03-06,2026-03-09,2026-03-16,BHP,US,0.015151515151515152,1.0,-0.035395827310448436,-0.035395827310448436
2026-03-06,2026-03-09,2026-03-16,CDE,US,0.015151515151515152,1.0,-0.07709252398303224,-0.07709252398303224
2026-03-06,2026-03-09,2026-03-16,CENX,US,0.015151515151515152,1.0,0.02203858119605795,0.02203858119605795
2026-03-06,2026-03-09,2026-03-16,FCX,US,0.015151515151515152,1.0,-0.04232109577834409,-0.04232109577834409
2026-03-06,2026-03-09,2026-03-16,GPHOF,US,0.015151515151515152,1.0,-0.09299779091094351,-0.09299779091094351
2026-03-06,2026-03-09,2026-03-16,IMPUY,US,0.015151515151515152,1.0,-0.06735438688996531,-0.06735438688996531
2026-03-06,2026-03-09,2026-03-16,KALU,US,0.015151515151515152,1.0,-0.04014242533501444,-0.04014242533501444
2026-03-06,2026-03-09,2026-03-16,LAC,US,0.015151515151515152,1.0,-0.053879311895186244,-0.053879311895186244
2026-03-06,2026-03-09,2026-03-16,MP,US,0.015151515151515152,1.0,-0.015588700474332029,-0.015588700474332029
2026-03-06,2026-03-09,2026-03-16,NGLOY,US,0.015151515151515152,1.0,-0.021375590061985417,-0.021375590061985417
2026-03-06,2026-03-09,2026-03-16,NMG,US,0.015151515151515152,1.0,0.02325579074346007,0.02325579074346007
2026-03-06,2026-03-09,2026-03-16,PAAS,US,0.015151515151515152,1.0,-0.0685271123047102,-0.0685271123047102
2026-03-06,2026-03-09,2026-03-16,PLG,US,0.015151515151515152,1.0,-0.1630900808863196,-0.1630900808863196
2026-03-06,2026-03-09,2026-03-16,SBSW,US,0.015151515151515152,1.0,-0.0729673240697587,-0.0729673240697587
2026-03-06,2026-03-09,2026-03-16,SCCO,US,0.015151515151515152,1.0,-0.0725975710037815,-0.0725975710037815
2026-03-06,2026-03-09,2026-03-16,SGML,US,0.015151515151515152,1.0,-0.07879774443249055,-0.07879774443249055
2026-03-06,2026-03-09,2026-03-16,SQM,US,0.015151515151515152,1.0,0.01799994691282647,0.01799994691282647
2026-03-06,2026-03-09,2026-03-16,SVM,US,0.015151515151515152,1.0,-0.040622302329829885,-0.040622302329829885
2026-03-06,2026-03-09,2026-03-16,TLOFF,US,0.015151515151515152,1.0,-0.09135398569737474,-0.09135398569737474
2026-03-06,2026-03-09,2026-03-16,UAMY,US,0.015151515151515152,1.0,0.14374990686774614,0.14374990686774614
2026-03-06,2026-03-09,2026-03-16,USA,US,0.015151515151515152,1.0,-0.02058319341736603,-0.02058319341736603
2026-03-06,2026-03-09,2026-03-16,USAR,US,0.015151515151515152,1.0,0.041688975136980444,0.041688975136980444
2026-03-06,2026-03-09,2026-03-16,VALE,US,0.015151515151515152,1.0,-0.018264822854839324,-0.018264822854839324
2026-03-06,2026-03-09,2026-03-16,WPM,US,0.015151515151515152,1.0,-0.059209157612420515,-0.059209157612420515
2026-03-06,2026-03-09,2026-03-16,WWR,US,0.015151515151515152,1.0,-0.05000002607703169,-0.05000002607703169
2026-03-06,2026-03-09,2026-03-16,UUUU,US,0.015151515151515152,0.5,-0.03170614199830801,-0.03170614199830801
2026-03-06,2026-03-09,2026-03-16,600497.SH,CN_A,0.015151515151515152,0.1111111111111111,-0.031991747134385906,-0.031991747134385906
2026-03-13,2026-03-16,2026-03-23,000807.SZ,CN_A,0.03333333333333333,1.0,-0.19350072065349,-0.19350072065349
2026-03-13,2026-03-16,2026-03-23,000831.SZ,CN_A,0.03333333333333333,1.0,-0.10980089610358867,-0.10980089610358867
2026-03-13,2026-03-16,2026-03-23,000933.SZ,CN_A,0.03333333333333333,1.0,-0.164669837185069,-0.1646698371850691
2026-03-13,2026-03-16,2026-03-23,000970.SZ,CN_A,0.03333333333333333,1.0,-0.1610233832500143,-0.1610233832500143
2026-03-13,2026-03-16,2026-03-23,0815.HK,HK,0.03333333333333333,1.0,-0.1372548905027593,-0.1372548905027594
2026-03-13,2026-03-16,2026-03-23,1378.HK,HK,0.03333333333333333,1.0,-0.1813016588600399,-0.18072500940333003
2026-03-13,2026-03-16,2026-03-23,2600.HK,HK,0.03333333333333333,1.0,-0.17774337802508777,-0.17774337802508777
2026-03-13,2026-03-16,2026-03-23,300748.SZ,CN_A,0.03333333333333333,1.0,-0.12152049589907432,-0.12152049589907432
2026-03-13,2026-03-16,2026-03-23,600111.SH,CN_A,0.03333333333333333,1.0,-0.08830643239458846,-0.08830643239458846
2026-03-13,2026-03-16,2026-03-23,600366.SH,CN_A,0.03333333333333333,1.0,-0.1316808543267266,-0.1316808543267266
2026-03-13,2026-03-16,2026-03-23,600392.SH,CN_A,0.03333333333333333,1.0,-0.13029311584588155,-0.13029311584588166
2026-03-13,2026-03-16,2026-03-23,601600.SH,CN_A,0.03333333333333333,1.0,-0.183899540482524,-0.183899540482524
2026-03-13,2026-03-16,2026-03-23,6680.HK,HK,0.03333333333333333,1.0,-0.10745395153856363,-0.10745395153856363
2026-03-13,2026-03-16,2026-03-23,AA,US,0.03333333333333333,1.0,-0.1579579156458738,-0.1579579156458738
2026-03-13,2026-03-16,2026-03-23,CDE,US,0.03333333333333333,1.0,-0.1460620791316567,-0.1460620791316567
2026-03-13,2026-03-16,2026-03-23,CENX,US,0.03333333333333333,1.0,-0.164779905340672,-0.164779905340672
2026-03-13,2026-03-16,2026-03-23,KALU,US,0.03333333333333333,1.0,-0.06079253779150706,-0.06079253779150706
2026-03-13,2026-03-16,2026-03-23,MP,US,0.03333333333333333,1.0,-0.10242590580422639,-0.10242590580422639
2026-03-13,2026-03-16,2026-03-23,PAAS,US,0.03333333333333333,1.0,-0.12887784329718466,-0.12887784329718466
2026-03-13,2026-03-16,2026-03-23,SVM,US,0.03333333333333333,1.0,-0.15675678093173595,-0.15675678093173595
2026-03-13,2026-03-16,2026-03-23,USA,US,0.03333333333333333,1.0,-0.017513094635248083,-0.017513094635248083
2026-03-13,2026-03-16,2026-03-23,USAR,US,0.03333333333333333,1.0,-0.10774758369067172,-0.10774758369067172
2026-03-13,2026-03-16,2026-03-23,WPM,US,0.03333333333333333,1.0,-0.13873129620451763,-0.13873129620451763
2026-03-13,2026-03-16,2026-03-23,ANGPY,US,0.03333333333333333,0.5,-0.14040871238173736,-0.14040871238173736
2026-03-13,2026-03-16,2026-03-23,IMPUY,US,0.03333333333333333,0.5,-0.12036427518603332,-0.12036427518603332
2026-03-13,2026-03-16,2026-03-23,NGLOY,US,0.03333333333333333,0.5,-0.027962092034180097,-0.027962092034180097
2026-03-13,2026-03-16,2026-03-23,PLG,US,0.03333333333333333,0.5,-0.1641025869882391,-0.1641025869882391
2026-03-13,2026-03-16,2026-03-23,SBSW,US,0.03333333333333333,0.5,-0.12525463454926,-0.12525463454926
2026-03-13,2026-03-16,2026-03-23,UUUU,US,0.03333333333333333,0.5,-0.07536376677963708,-0.07536376677963708
2026-03-13,2026-03-16,2026-03-23,2362.HK,HK,0.03333333333333333,0.25,0.0,0.0
2026-03-20,2026-03-23,2026-03-30,000807.SZ,CN_A,0.07692307692307693,1.0,0.15238096790535316,0.15238096790535316
2026-03-20,2026-03-23,2026-03-30,000933.SZ,CN_A,0.07692307692307693,1.0,0.0607071658316769,0.0607071658316769
2026-03-20,2026-03-23,2026-03-30,0815.HK,HK,0.07692307692307693,1.0,0.034090944496560915,0.034090944496560915
2026-03-20,2026-03-23,2026-03-30,1378.HK,HK,0.07692307692307693,1.0,0.12870658903323906,0.12870658903323906
2026-03-20,2026-03-23,2026-03-30,2600.HK,HK,0.07692307692307693,1.0,0.09022556458369202,0.09020025292048861
2026-03-20,2026-03-23,2026-03-30,601600.SH,CN_A,0.07692307692307693,1.0,0.08325792401934451,0.08325792401934451
2026-03-20,2026-03-23,2026-03-30,AA,US,0.07692307692307693,1.0,0.1273181324292041,0.1273181324292041
2026-03-20,2026-03-23,2026-03-30,CDE,US,0.07692307692307693,1.0,-0.07769705403708893,-0.07769705403708893
2026-03-20,2026-03-23,2026-03-30,CENX,US,0.07692307692307693,1.0,0.1456540560335371,0.1456540560335371
2026-03-20,2026-03-23,2026-03-30,KALU,US,0.07692307692307693,1.0,0.02917675653097218,0.02917675653097218
2026-03-20,2026-03-23,2026-03-30,PAAS,US,0.07692307692307693,1.0,0.0411070533109581,0.0411070533109581
2026-03-20,2026-03-23,2026-03-30,SVM,US,0.07692307692307693,1.0,0.0715811569162228,0.0715811569162228
2026-03-20,2026-03-23,2026-03-30,WPM,US,0.07692307692307693,1.0,0.03186517266225497,0.03186517266225497
2026-03-27,2026-03-30,2026-04-07,000807.SZ,CN_A,0.125,1.0,0.04767960533262938,0.04767960533262938
2026-03-27,2026-03-30,2026-04-07,000933.SZ,CN_A,0.125,1.0,0.005660352703238836,0.005660352703238836
2026-03-27,2026-03-30,2026-04-08,1378.HK,HK,0.125,1.0,0.04415881797723453,0.04415881797723453
2026-03-27,2026-03-30,2026-04-08,2600.HK,HK,0.125,1.0,0.0689654492027858,0.0689654492027858
2026-03-27,2026-03-30,2026-04-07,601600.SH,CN_A,0.125,1.0,-0.04845446205240744,-0.048454462052407554
2026-03-27,2026-03-30,2026-04-06,AA,US,0.125,1.0,0.12322055018334654,0.12322055018334654
2026-03-27,2026-03-30,2026-04-06,CENX,US,0.125,1.0,0.21201879653572475,0.21201879653572475
2026-03-27,2026-03-30,2026-04-06,KALU,US,0.125,1.0,0.1373865464768964,0.1373865464768964
2026-04-03,2026-04-07,2026-04-13,000807.SZ,CN_A,0.125,1.0,0.04247571504716108,0.0424757150471613
2026-04-03,2026-04-07,2026-04-13,000933.SZ,CN_A,0.125,1.0,0.042213946003433866,0.042213946003433866
2026-04-03,2026-04-08,2026-04-13,1378.HK,HK,0.125,1.0,0.004282664485674159,0.004282664485674159
2026-04-03,2026-04-08,2026-04-13,2600.HK,HK,0.125,1.0,-0.014516077180557141,-0.014516077180557141
2026-04-03,2026-04-07,2026-04-13,601600.SH,CN_A,0.125,1.0,0.06760311509040107,0.06760311509040107
2026-04-03,2026-04-06,2026-04-13,AA,US,0.125,1.0,0.032389699579867814,0.032389699579867814
2026-04-03,2026-04-06,2026-04-13,CENX,US,0.125,1.0,0.052680531107041295,0.052680531107041295
2026-04-03,2026-04-06,2026-04-13,KALU,US,0.125,1.0,0.09993096087367426,0.09993096087367426
2026-04-10,2026-04-13,2026-04-20,000408.SZ,CN_A,0.037037037037037035,1.0,0.06924629396759929,0.06924629396759907
2026-04-10,2026-04-13,2026-04-20,000792.SZ,CN_A,0.037037037037037035,1.0,-0.02723036862973527,-0.027230368629735158
2026-04-10,2026-04-13,2026-04-20,000807.SZ,CN_A,0.037037037037037035,1.0,0.022700827487225572,0.04150958953866035
2026-04-10,2026-04-13,2026-04-20,000933.SZ,CN_A,0.037037037037037035,1.0,0.010801032679969236,0.01466061328353363
2026-04-10,2026-04-13,2026-04-20,002460.SZ,CN_A,0.037037037037037035,1.0,-0.019791398711827557,-0.040355114499389444
2026-04-10,2026-04-13,2026-04-20,002466.SZ,CN_A,0.037037037037037035,1.0,0.07600646274846667,0.07600646274846667
2026-04-10,2026-04-13,2026-04-20,1378.HK,HK,0.037037037037037035,1.0,-0.005863632599395596,-0.006537956845582671
2026-04-10,2026-04-13,2026-04-20,1772.HK,HK,0.037037037037037035,1.0,0.010025003321187942,0.010440858615411885
2026-04-10,2026-04-13,2026-04-20,2237.HK,HK,0.037037037037037035,1.0,-0.016129016752173708,-0.016129016752173597
2026-04-10,2026-04-13,2026-04-20,2600.HK,HK,0.037037037037037035,1.0,0.006546638458094334,0.006546638458094556
2026-04-10,2026-04-13,2026-04-20,600516.SH,CN_A,0.037037037037037035,1.0,-0.010619458719785979,-0.010619458719785979
2026-04-10,2026-04-13,2026-04-20,600884.SH,CN_A,0.037037037037037035,1.0,-0.046802902740685215,-0.046802902740685215
2026-04-10,2026-04-13,2026-04-20,601600.SH,CN_A,0.037037037037037035,1.0,0.012335573526879084,0.012335573526879084
2026-04-10,2026-04-13,2026-04-20,603659.SH,CN_A,0.037037037037037035,1.0,0.028546784348637777,0.028546784348637777
2026-04-10,2026-04-13,2026-04-20,9696.HK,HK,0.037037037037037035,1.0,0.08271377000083735,0.08273176016483985
2026-04-10,2026-04-13,2026-04-20,AA,US,0.037037037037037035,1.0,-0.0924839391857184,-0.0924839391857184
2026-04-10,2026-04-13,2026-04-20,ALB,US,0.037037037037037035,1.0,0.050692997622881375,0.050692997622881375
2026-04-10,2026-04-13,2026-04-20,CENX,US,0.037037037037037035,1.0,-0.09729173348282183,-0.09729173348282183
2026-04-10,2026-04-13,2026-04-20,GPHOF,US,0.037037037037037035,1.0,-0.046927370506742005,-0.046927370506742005
2026-04-10,2026-04-13,2026-04-20,KALU,US,0.037037037037037035,1.0,0.0598940682291591,0.0598940682291591
2026-04-10,2026-04-13,2026-04-20,LAC,US,0.037037037037037035,1.0,0.13698627601729063,0.13698627601729063
2026-04-10,2026-04-13,2026-04-20,NMG,US,0.037037037037037035,1.0,0.2000000794728618,0.2000000794728618
2026-04-10,2026-04-13,2026-04-20,SGML,US,0.037037037037037035,1.0,0.24726861962794522,0.24726861962794522
2026-04-10,2026-04-13,2026-04-20,SQM,US,0.037037037037037035,1.0,0.009015217995813174,0.009015217995813174
2026-04-10,2026-04-13,2026-04-20,WWR,US,0.037037037037037035,1.0,0.0793650988878909,0.0793650988878909
2026-04-17,2026-04-20,2026-04-27,000408.SZ,CN_A,0.017857142857142856,1.0,0.039172629463656294,0.039172629463656516
2026-04-17,2026-04-20,2026-04-27,000630.SZ,CN_A,0.017857142857142856,1.0,-0.0352760805150969,-0.035276080515096786
2026-04-17,2026-04-20,2026-04-27,000792.SZ,CN_A,0.017857142857142856,1.0,0.0042655253151600014,0.0042655253151600014
2026-04-17,2026-04-20,2026-04-27,000807.SZ,CN_A,0.017857142857142856,1.0,-0.04866246844228961,-0.0486624684422895
2026-04-17,2026-04-20,2026-04-27,000831.SZ,CN_A,0.017857142857142856,1.0,-0.0783808360834014,-0.0783808360834013
2026-04-17,2026-04-20,2026-04-27,000933.SZ,CN_A,0.017857142857142856,1.0,-0.04660138920467838,-0.04660138920467827
2026-04-17,2026-04-20,2026-04-27,000970.SZ,CN_A,0.017857142857142856,1.0,-0.02520325967305248,-0.02520325967305259
2026-04-17,2026-04-20,2026-04-27,002155.SZ,CN_A,0.017857142857142856,1.0,-0.050674564524453514,-0.050674564524453514
2026-04-17,2026-04-20,2026-04-27,002340.SZ,CN_A,0.017857142857142856,1.0,0.05437352672255158,0.05437352672255158
2026-04-17,2026-04-20,2026-04-27,002460.SZ,CN_A,0.017857142857142856,1.0,0.016926629686563777,0.016926629686563777
2026-04-17,2026-04-20,2026-04-27,002466.SZ,CN_A,0.017857142857142856,1.0,0.10221493358647415,0.10221493358647415
2026-04-17,2026-04-20,2026-04-27,0358.HK,HK,0.017857142857142856,1.0,-0.04800811406426864,-0.048008114064268415
2026-04-17,2026-04-20,2026-04-27,1378.HK,HK,0.017857142857142856,1.0,-0.06058975909263975,-0.06058975909263975
2026-04-17,2026-04-20,2026-04-27,1772.HK,HK,0.017857142857142856,1.0,-0.007444101387364621,-0.007444101387364621
2026-04-17,2026-04-20,2026-04-27,2237.HK,HK,0.017857142857142856,1.0,0.01639342660450316,0.01639342660450316
2026-04-17,2026-04-20,2026-04-27,2600.HK,HK,0.017857142857142856,1.0,-0.03252037121966023,-0.03307209579531045
2026-04-17,2026-04-20,2026-04-27,300748.SZ,CN_A,0.017857142857142856,1.0,-0.05074190203577267,-0.05074190203577267
2026-04-17,2026-04-20,2026-04-27,300919.SZ,CN_A,0.017857142857142856,1.0,0.09216102342247012,0.09216102342247012
2026-04-17,2026-04-20,2026-04-27,3993.HK,HK,0.017857142857142856,1.0,-0.06121407585919503,-0.06121407585919514
2026-04-17,2026-04-20,2026-04-27,600111.SH,CN_A,0.017857142857142856,1.0,-0.07977986566889872,-0.07977986566889872
2026-04-17,2026-04-20,2026-04-27,600362.SH,CN_A,0.017857142857142856,1.0,-0.040077131118732345,-0.040077131118732234
2026-04-17,2026-04-20,2026-04-27,600366.SH,CN_A,0.017857142857142856,1.0,0.03139721973240528,0.03139721973240506
2026-04-17,2026-04-20,2026-04-27,600392.SH,CN_A,0.017857142857142856,1.0,-0.09773315405720917,-0.09773315405720917
2026-04-17,2026-04-20,2026-04-27,600516.SH,CN_A,0.017857142857142856,1.0,-0.03398927585583311,-0.033989275855833
2026-04-17,2026-04-20,2026-04-27,600884.SH,CN_A,0.017857142857142856,1.0,0.10235128204231936,0.10235128204231936
2026-04-17,2026-04-20,2026-04-27,601020.SH,CN_A,0.017857142857142856,1.0,0.009197557940477274,0.009197557940477052
2026-04-17,2026-04-20,2026-04-27,601600.SH,CN_A,0.017857142857142856,1.0,-0.02680754395869034,-0.02680754395869034
2026-04-17,2026-04-20,2026-04-27,603659.SH,CN_A,0.017857142857142856,1.0,0.04464543256016107,0.04464543256016085
2026-04-17,2026-04-20,2026-04-27,603799.SH,CN_A,0.017857142857142856,1.0,0.007905255788967391,0.007905255788967391
2026-04-17,2026-04-20,2026-04-27,603993.SH,CN_A,0.017857142857142856,1.0,-0.06126479606787738,-0.06126479606787749
2026-04-17,2026-04-20,2026-04-27,6680.HK,HK,0.017857142857142856,1.0,-0.10159925792542546,-0.10197706626394532
2026-04-17,2026-04-20,2026-04-27,9696.HK,HK,0.017857142857142856,1.0,0.007725334986085075,0.007725334986084853
2026-04-17,2026-04-20,2026-04-27,AA,US,0.017857142857142856,1.0,0.012475580867529201,0.012475580867529201
2026-04-17,2026-04-20,2026-04-27,ALB,US,0.017857142857142856,1.0,0.02412360115541401,0.02412360115541401
2026-04-17,2026-04-20,2026-04-27,BHP,US,0.017857142857142856,1.0,0.0031410982724342507,0.0031410982724342507
2026-04-17,2026-04-20,2026-04-27,CENX,US,0.017857142857142856,1.0,0.0048915576080847956,0.0048915576080847956
2026-04-17,2026-04-20,2026-04-27,FCX,US,0.017857142857142856,1.0,-0.1369336074175369,-0.1369336074175369
2026-04-17,2026-04-20,2026-04-27,GPHOF,US,0.017857142857142856,1.0,0.07268468618293733,0.07268468618293733
2026-04-17,2026-04-20,2026-04-27,KALU,US,0.017857142857142856,1.0,0.15624644499289597,0.15624644499289597
2026-04-17,2026-04-20,2026-04-27,LAC,US,0.017857142857142856,1.0,0.05421686343221066,0.05421686343221066
2026-04-17,2026-04-20,2026-04-27,MP,US,0.017857142857142856,1.0,-0.019779633422759568,-0.019779633422759568
2026-04-17,2026-04-20,2026-04-27,NMG,US,0.017857142857142856,1.0,0.013888875091518038,0.013888875091518038
2026-04-17,2026-04-20,2026-04-27,SCCO,US,0.017857142857142856,1.0,-0.0662613171115547,-0.0662613171115547
2026-04-17,2026-04-20,2026-04-27,SGML,US,0.017857142857142856,1.0,-0.045182177291612446,-0.045182177291612446
2026-04-17,2026-04-20,2026-04-27,SQM,US,0.017857142857142856,1.0,0.032458745121440424,0.032458745121440424
2026-04-17,2026-04-20,2026-04-27,TLOFF,US,0.017857142857142856,1.0,-0.0961216711507491,-0.0961216711507491
2026-04-17,2026-04-20,2026-04-27,UAMY,US,0.017857142857142856,1.0,0.05075187447638663,0.05075187447638663
2026-04-17,2026-04-20,2026-04-27,USA,US,0.017857142857142856,1.0,0.003460204186943594,0.003460204186943594
2026-04-17,2026-04-20,2026-04-27,USAR,US,0.017857142857142856,1.0,0.041186904708507166,0.041186904708507166
2026-04-17,2026-04-20,2026-04-27,VALE,US,0.017857142857142856,1.0,-0.04208754280831084,-0.04208754280831084
2026-04-17,2026-04-20,2026-04-27,WWR,US,0.017857142857142856,1.0,-0.029411736347271344,-0.029411736347271344
2026-04-17,2026-04-20,2026-04-27,2362.HK,HK,0.017857142857142856,0.5,0.0,0.0
2026-04-17,2026-04-20,2026-04-27,UUUU,US,0.017857142857142856,0.5,-0.008833125617660365,-0.008833125617660365
2026-04-17,2026-04-20,2026-04-27,600497.SH,CN_A,0.017857142857142856,0.1111111111111111,-0.020697216188069634,-0.020697216188069523
2026-04-24,2026-04-27,2026-05-06,000408.SZ,CN_A,0.017857142857142856,1.0,0.0027799399438632744,0.0027799399438632744
2026-04-24,2026-04-27,2026-05-06,000630.SZ,CN_A,0.017857142857142856,1.0,0.03338632762543292,0.03338632762543292
2026-04-24,2026-04-27,2026-05-06,000792.SZ,CN_A,0.017857142857142856,1.0,0.07247155533934091,0.07247155533934113
2026-04-24,2026-04-27,2026-05-06,000807.SZ,CN_A,0.017857142857142856,1.0,-0.023033242316686797,-0.023033242316686797
2026-04-24,2026-04-27,2026-05-06,000831.SZ,CN_A,0.017857142857142856,1.0,0.11020164585642322,0.110201645856423
2026-04-24,2026-04-27,2026-05-06,000933.SZ,CN_A,0.017857142857142856,1.0,0.01774591671278558,0.01774591671278536
2026-04-24,2026-04-27,2026-05-06,000970.SZ,CN_A,0.017857142857142856,1.0,0.026688938854796174,0.026688938854796174
2026-04-24,2026-04-27,2026-05-06,002155.SZ,CN_A,0.017857142857142856,1.0,0.048873461012999275,0.04887346101299905
2026-04-24,2026-04-27,2026-05-06,002340.SZ,CN_A,0.017857142857142856,1.0,0.04820631182712232,0.04820631182712254
2026-04-24,2026-04-27,2026-05-06,002460.SZ,CN_A,0.017857142857142856,1.0,0.08726663042001315,0.08726663042001315
2026-04-24,2026-04-27,2026-05-06,002466.SZ,CN_A,0.017857142857142856,1.0,0.10943648868441169,0.10943648868441169
2026-04-24,2026-04-27,2026-05-04,0358.HK,HK,0.017857142857142856,1.0,-0.0080472613384579,-0.008198877789283965
2026-04-24,2026-04-27,2026-05-04,1378.HK,HK,0.017857142857142856,1.0,-0.05365297026850435,-0.05365297026850435
2026-04-24,2026-04-27,2026-05-04,1772.HK,HK,0.017857142857142856,1.0,0.08374992183886243,0.08374992183886243
2026-04-24,2026-04-27,2026-05-04,2237.HK,HK,0.017857142857142856,1.0,0.0,0.0
2026-04-24,2026-04-27,2026-05-04,2600.HK,HK,0.017857142857142856,1.0,-0.0436974387192105,-0.04369743871921061
2026-04-24,2026-04-27,2026-05-06,300748.SZ,CN_A,0.017857142857142856,1.0,0.08783995692148139,0.08783995692148139
2026-04-24,2026-04-27,2026-05-06,300919.SZ,CN_A,0.017857142857142856,1.0,0.053184635625691756,0.053184635625691756
2026-04-24,2026-04-27,2026-05-04,3993.HK,HK,0.017857142857142856,1.0,-0.01643826669611015,-0.016086977066804287
2026-04-24,2026-04-27,2026-05-06,600111.SH,CN_A,0.017857142857142856,1.0,0.18556470632056254,0.18556470632056254
2026-04-24,2026-04-27,2026-05-06,600362.SH,CN_A,0.017857142857142856,1.0,0.04777850738794176,0.04777850738794176
2026-04-24,2026-04-27,2026-05-06,600366.SH,CN_A,0.017857142857142856,1.0,0.025114148788721202,0.025114148788721202
2026-04-24,2026-04-27,2026-05-06,600392.SH,CN_A,0.017857142857142856,1.0,0.09884676897271771,0.09884676897271771
2026-04-24,2026-04-27,2026-05-06,600516.SH,CN_A,0.017857142857142856,1.0,0.059259201698670605,0.059259201698670605
2026-04-24,2026-04-27,2026-05-06,600884.SH,CN_A,0.017857142857142856,1.0,0.10978676284458433,0.10978676284458433
2026-04-24,2026-04-27,2026-05-06,601020.SH,CN_A,0.017857142857142856,1.0,-0.04745443882350031,-0.04745443882350031
2026-04-24,2026-04-27,2026-05-06,601600.SH,CN_A,0.017857142857142856,1.0,0.013355660033402383,0.013355660033402383
2026-04-24,2026-04-27,2026-05-06,603659.SH,CN_A,0.017857142857142856,1.0,0.005409708997526019,0.005409708997526019
2026-04-24,2026-04-27,2026-05-06,603799.SH,CN_A,0.017857142857142856,1.0,0.025188502009968472,0.02518850200996825
2026-04-24,2026-04-27,2026-05-06,603993.SH,CN_A,0.017857142857142856,1.0,0.025263120169648046,0.025263120169648046
2026-04-24,2026-04-27,2026-05-04,6680.HK,HK,0.017857142857142856,1.0,0.06568218060268727,0.06568218060268727
2026-04-24,2026-04-27,2026-05-04,9696.HK,HK,0.017857142857142856,1.0,0.1516183576747192,0.1516183576747192
2026-04-24,2026-04-27,2026-05-04,AA,US,0.017857142857142856,1.0,-0.07274350350270409,-0.07274350350270409
2026-04-24,2026-04-27,2026-05-04,ALB,US,0.017857142857142856,1.0,-0.04430410462909018,-0.04430410462909018
2026-04-24,2026-04-27,2026-05-04,BHP,US,0.017857142857142856,1.0,-0.02467426955997576,-0.02467426955997576
2026-04-24,2026-04-27,2026-05-04,CENX,US,0.017857142857142856,1.0,-0.029855591768597756,-0.029855591768597756
2026-04-24,2026-04-27,2026-05-04,FCX,US,0.017857142857142856,1.0,-0.08254911714036639,-0.08254911714036639
2026-04-24,2026-04-27,2026-05-04,GPHOF,US,0.017857142857142856,1.0,-0.03497268250795238,-0.03497268250795238
2026-04-24,2026-04-27,2026-05-04,KALU,US,0.017857142857142856,1.0,-0.03155369952798415,-0.03155369952798415
2026-04-24,2026-04-27,2026-05-04,LAC,US,0.017857142857142856,1.0,0.055238087972005134,0.055238087972005134
2026-04-24,2026-04-27,2026-05-04,MP,US,0.017857142857142856,1.0,0.0197165559981356,0.0197165559981356
2026-04-24,2026-04-27,2026-05-04,NMG,US,0.017857142857142856,1.0,-0.059360781298752,-0.059360781298752
2026-04-24,2026-04-27,2026-05-04,SCCO,US,0.017857142857142856,1.0,-0.06635980957824816,-0.06635980957824816
2026-04-24,2026-04-27,2026-05-04,SGML,US,0.017857142857142856,1.0,0.08981171861789705,0.08981171861789705
2026-04-24,2026-04-27,2026-05-04,SQM,US,0.017857142857142856,1.0,-0.016869303532342395,-0.016869303532342395
2026-04-24,2026-04-27,2026-05-04,TLOFF,US,0.017857142857142856,1.0,-0.14689545543606408,-0.14689545543606408
2026-04-24,2026-04-27,2026-05-04,UAMY,US,0.017857142857142856,1.0,0.05098387113284231,0.05098387113284231
2026-04-24,2026-04-27,2026-05-04,USA,US,0.017857142857142856,1.0,-0.008620722256998503,-0.008620722256998503
2026-04-24,2026-04-27,2026-05-04,USAR,US,0.017857142857142856,1.0,0.08804762546455613,0.08804762546455613
2026-04-24,2026-04-27,2026-05-04,VALE,US,0.017857142857142856,1.0,-0.07205621348717861,-0.07205621348717861
2026-04-24,2026-04-27,2026-05-04,WWR,US,0.017857142857142856,1.0,-0.015151590409901994,-0.015151590409901994
2026-04-24,2026-04-27,2026-05-04,2362.HK,HK,0.017857142857142856,0.5,0.0,0.0
2026-04-24,2026-04-27,2026-05-04,UUUU,US,0.017857142857142856,0.5,0.014071348438246423,0.014071348438246423
2026-04-24,2026-04-27,2026-05-06,600497.SH,CN_A,0.017857142857142856,0.1111111111111111,0.04115682120931474,0.04115682120931474
2026-05-01,2026-05-06,2026-05-11,000408.SZ,CN_A,0.015873015873015872,1.0,-0.039587488165259255,-0.039587488165259144
2026-05-01,2026-05-06,2026-05-11,000630.SZ,CN_A,0.015873015873015872,1.0,0.058461598514734314,0.058461598514734314
2026-05-01,2026-05-06,2026-05-11,000792.SZ,CN_A,0.015873015873015872,1.0,-0.0707920916418664,-0.0707920916418665
2026-05-01,2026-05-06,2026-05-11,000807.SZ,CN_A,0.015873015873015872,1.0,-0.04225350360475888,-0.04225350360475888
2026-05-01,2026-05-06,2026-05-11,000831.SZ,CN_A,0.015873015873015872,1.0,0.04567525422854479,0.04567525422854479
2026-05-01,2026-05-06,2026-05-11,000933.SZ,CN_A,0.015873015873015872,1.0,-0.04802682706688288,-0.04802682706688288
2026-05-01,2026-05-06,2026-05-11,000970.SZ,CN_A,0.015873015873015872,1.0,0.03736795391062708,0.03736795391062708
2026-05-01,2026-05-06,2026-05-11,002155.SZ,CN_A,0.015873015873015872,1.0,-0.014210133709374961,-0.014210133709374961
2026-05-01,2026-05-06,2026-05-11,002340.SZ,CN_A,0.015873015873015872,1.0,-0.02994659628040508,-0.02994659628040508
2026-05-01,2026-05-06,2026-05-11,002460.SZ,CN_A,0.015873015873015872,1.0,-0.0685620213482897,-0.06856202134828959
2026-05-01,2026-05-06,2026-05-11,002466.SZ,CN_A,0.015873015873015872,1.0,-0.05311462962328384,-0.05311462962328384
2026-05-01,2026-05-04,2026-05-11,0358.HK,HK,0.015873015873015872,1.0,0.04434829888439462,0.04434829888439462
2026-05-01,2026-05-04,2026-05-11,1164.HK,HK,0.015873015873015872,1.0,-0.024691392183120553,-0.024691392183120553
2026-05-01,2026-05-04,2026-05-11,1378.HK,HK,0.015873015873015872,1.0,0.0006031072449861341,0.00017176397319751402
2026-05-01,2026-05-04,2026-05-11,1772.HK,HK,0.015873015873015872,1.0,-0.02422145481351934,-0.024071688378288214
2026-05-01,2026-05-04,2026-05-11,2237.HK,HK,0.015873015873015872,1.0,-0.016129016752173708,-0.016405779024449618
2026-05-01,2026-05-04,2026-05-11,2302.HK,HK,0.015873015873015872,1.0,-0.08376963655771508,-0.0841951167700219
2026-05-01,2026-05-04,2026-05-11,2600.HK,HK,0.015873015873015872,1.0,-0.020210939683452223,-0.020210939683452223
2026-05-01,2026-05-06,2026-05-11,300748.SZ,CN_A,0.015873015873015872,1.0,0.06925289526860312,0.06925289526860312
2026-05-01,2026-05-06,2026-05-11,300919.SZ,CN_A,0.015873015873015872,1.0,-0.051419841549713574,-0.05141984154971346
2026-05-01,2026-05-04,2026-05-11,3993.HK,HK,0.015873015873015872,1.0,0.10027853737326975,0.10027853737326997
2026-05-01,2026-05-06,2026-05-11,600111.SH,CN_A,0.015873015873015872,1.0,0.04196685809468215,0.04196685809468215
2026-05-01,2026-05-06,2026-05-11,600362.SH,CN_A,0.015873015873015872,1.0,0.028553167352954434,0.028553167352954434
2026-05-01,2026-05-06,2026-05-11,600366.SH,CN_A,0.015873015873015872,1.0,0.0326651500861741,0.0326651500861741
2026-05-01,2026-05-06,2026-05-11,600392.SH,CN_A,0.015873015873015872,1.0,0.03410793991766092,0.03410793991766092
2026-05-01,2026-05-06,2026-05-11,600516.SH,CN_A,0.015873015873015872,1.0,0.012237792697372019,0.012237792697372019
2026-05-01,2026-05-06,2026-05-11,600884.SH,CN_A,0.015873015873015872,1.0,-0.0661390639328363,-0.0661390639328362
2026-05-01,2026-05-06,2026-05-11,601020.SH,CN_A,0.015873015873015872,1.0,-0.0036291225648660275,-0.0036291225648660275
2026-05-01,2026-05-06,2026-05-11,601600.SH,CN_A,0.015873015873015872,1.0,-0.029654085681271813,-0.029654085681271813
2026-05-01,2026-05-06,2026-05-11,601985.SH,CN_A,0.015873015873015872,1.0,0.030269002441705606,0.030269002441705606
2026-05-01,2026-05-06,2026-05-11,603659.SH,CN_A,0.015873015873015872,1.0,-0.09308580185412563,-0.09308580185412563
2026-05-01,2026-05-06,2026-05-11,603799.SH,CN_A,0.015873015873015872,1.0,-0.04604978550413008,-0.04604978550412997
2026-05-01,2026-05-06,2026-05-11,603993.SH,CN_A,0.015873015873015872,1.0,0.02720738567187908,0.02720738567187908
2026-05-01,2026-05-04,2026-05-11,6680.HK,HK,0.015873015873015872,1.0,0.04477609957460427,0.04477609957460449
2026-05-01,2026-05-04,2026-05-11,9696.HK,HK,0.015873015873015872,1.0,-0.07174554117745713,-0.07151921527750771
2026-05-01,2026-05-04,2026-05-11,AA,US,0.015873015873015872,1.0,0.04610948047005037,0.04610948047005037
2026-05-01,2026-05-04,2026-05-11,ALB,US,0.015873015873015872,1.0,0.1012114487968141,0.1012114487968141
2026-05-01,2026-05-04,2026-05-11,BHP,US,0.015873015873015872,1.0,0.12559391850960422,0.12559391850960422
2026-05-01,2026-05-04,2026-05-11,CCJ,US,0.015873015873015872,1.0,0.015897152202418274,0.015897152202418274
2026-05-01,2026-05-04,2026-05-11,CENX,US,0.015873015873015872,1.0,0.006522819596531448,0.006522819596531448
2026-05-01,2026-05-04,2026-05-11,DNN,US,0.015873015873015872,1.0,0.023936147446166123,0.023936147446166123
2026-05-01,2026-05-04,2026-05-11,FCX,US,0.015873015873015872,1.0,0.15835888249208407,0.15835888249208407
2026-05-01,2026-05-04,2026-05-11,GPHOF,US,0.015873015873015872,1.0,-0.02604756680073994,-0.02604756680073994
2026-05-01,2026-05-04,2026-05-11,KALU,US,0.015873015873015872,1.0,0.06475033254199336,0.06475033254199336
2026-05-01,2026-05-04,2026-05-11,LAC,US,0.015873015873015872,1.0,0.045126354101341803,0.045126354101341803
2026-05-01,2026-05-04,2026-05-11,MP,US,0.015873015873015872,1.0,0.01827804787986964,0.01827804787986964
2026-05-01,2026-05-04,2026-05-11,NMG,US,0.015873015873015872,1.0,-0.009708728874782357,-0.009708728874782357
2026-05-01,2026-05-04,2026-05-11,NXE,US,0.015873015873015872,1.0,0.016051349009055027,0.016051349009055027
2026-05-01,2026-05-04,2026-05-11,SCCO,US,0.015873015873015872,1.0,0.11383051535247368,0.11383051535247368
2026-05-01,2026-05-04,2026-05-11,SGML,US,0.015873015873015872,1.0,-0.10057600746375872,-0.10057600746375872
2026-05-01,2026-05-04,2026-05-11,SQM,US,0.015873015873015872,1.0,0.052728747570699674,0.052728747570699674
2026-05-01,2026-05-04,2026-05-11,TLOFF,US,0.015873015873015872,1.0,0.08540425961346476,0.08540425961346476
2026-05-01,2026-05-04,2026-05-11,UAMY,US,0.015873015873015872,1.0,-0.09361705374210438,-0.09361705374210438
2026-05-01,2026-05-04,2026-05-11,UEC,US,0.015873015873015872,1.0,0.11133600894111528,0.11133600894111528
2026-05-01,2026-05-04,2026-05-11,USA,US,0.015873015873015872,1.0,0.0,0.0
2026-05-01,2026-05-04,2026-05-11,USAR,US,0.015873015873015872,1.0,0.02814696307669795,0.02814696307669795
2026-05-01,2026-05-04,2026-05-11,UUUU,US,0.015873015873015872,1.0,0.019426459759047665,0.019426459759047665
2026-05-01,2026-05-04,2026-05-11,VALE,US,0.015873015873015872,1.0,0.07765148550427092,0.07765148550427092
2026-05-01,2026-05-04,2026-05-11,WWR,US,0.015873015873015872,1.0,0.06153849680748347,0.06153849680748347
2026-05-01,2026-05-04,2026-05-11,2362.HK,HK,0.015873015873015872,0.5,0.0,0.0005539313872298113
2026-05-01,2026-05-06,2026-05-11,600497.SH,CN_A,0.015873015873015872,0.1111111111111111,0.09081197392362306,0.09081197392362306
2026-05-08,2026-05-11,2026-05-18,000408.SZ,CN_A,0.014084507042253521,1.0,-0.07470270378834099,-0.07470270378834099
2026-05-08,2026-05-11,2026-05-18,000630.SZ,CN_A,0.014084507042253521,1.0,-0.11627912012140884,-0.11627912012140884
2026-05-08,2026-05-11,2026-05-18,000792.SZ,CN_A,0.014084507042253521,1.0,-0.11161434041609664,-0.11161434041609664
2026-05-08,2026-05-11,2026-05-18,000807.SZ,CN_A,0.014084507042253521,1.0,-0.07289005049131436,-0.07289005049131436
2026-05-08,2026-05-11,2026-05-18,000831.SZ,CN_A,0.014084507042253521,1.0,-0.0820292404573858,-0.08202924045738569
2026-05-08,2026-05-11,2026-05-18,000933.SZ,CN_A,0.014084507042253521,1.0,-0.06362471485126542,-0.06362471485126531
2026-05-08,2026-05-11,2026-05-18,000970.SZ,CN_A,0.014084507042253521,1.0,-0.061863758027916105,-0.061863758027916105
2026-05-08,2026-05-11,2026-05-18,002155.SZ,CN_A,0.014084507042253521,1.0,-0.1277237819186361,-0.1277237819186361
2026-05-08,2026-05-11,2026-05-18,002340.SZ,CN_A,0.014084507042253521,1.0,-0.07717748983658623,-0.07717748983658634
2026-05-08,2026-05-11,2026-05-18,002460.SZ,CN_A,0.014084507042253521,1.0,-0.0680911367806768,-0.0680911367806768
2026-05-08,2026-05-11,2026-05-18,002466.SZ,CN_A,0.014084507042253521,1.0,-0.10327006862510468,-0.10327006862510468
2026-05-08,2026-05-11,2026-05-18,0358.HK,HK,0.014084507042253521,1.0,-0.06939410254223732,-0.06941784625984881
2026-05-08,2026-05-11,2026-05-18,1164.HK,HK,0.014084507042253521,1.0,-0.14936712543430664,-0.14936712543430664
2026-05-08,2026-05-11,2026-05-18,1378.HK,HK,0.014084507042253521,1.0,-0.06871606416181153,-0.06871606416181153
2026-05-08,2026-05-11,2026-05-18,1772.HK,HK,0.014084507042253521,1.0,-0.1276595052168683,-0.12765950521686809
2026-05-08,2026-05-11,2026-05-18,2237.HK,HK,0.014084507042253521,1.0,-0.06557380413054315,-0.06557380413054326
2026-05-08,2026-05-11,2026-05-18,2302.HK,HK,0.014084507042253521,1.0,-0.09714290073939735,-0.09714290073939735
2026-05-08,2026-05-11,2026-05-18,2600.HK,HK,0.014084507042253521,1.0,-0.0699551353952429,-0.07101593339303813
2026-05-08,2026-05-11,2026-05-18,300748.SZ,CN_A,0.014084507042253521,1.0,-0.07028932605677374,-0.07028932605677363
2026-05-08,2026-05-11,2026-05-18,300919.SZ,CN_A,0.014084507042253521,1.0,-0.09029126110884567,-0.09029126110884567
2026-05-08,2026-05-11,2026-05-18,3993.HK,HK,0.014084507042253521,1.0,-0.07394398245994438,-0.07394398245994449
2026-05-08,2026-05-11,2026-05-18,600111.SH,CN_A,0.014084507042253521,1.0,-0.1063093732522693,-0.10630937325226919
2026-05-08,2026-05-11,2026-05-18,600362.SH,CN_A,0.014084507042253521,1.0,-0.05862858512982494,-0.05862858512982505
2026-05-08,2026-05-11,2026-05-18,600366.SH,CN_A,0.014084507042253521,1.0,-0.051761342554059175,-0.051761342554059175
2026-05-08,2026-05-11,2026-05-18,600392.SH,CN_A,0.014084507042253521,1.0,-0.128307390212004,-0.128307390212004
2026-05-08,2026-05-11,2026-05-18,600516.SH,CN_A,0.014084507042253521,1.0,-0.06563041743428666,-0.06563041743428666
2026-05-08,2026-05-11,2026-05-18,600884.SH,CN_A,0.014084507042253521,1.0,-0.08050852545559883,-0.08050852545559894
2026-05-08,2026-05-11,2026-05-18,600961.SH,CN_A,0.014084507042253521,1.0,-0.04579905369114057,-0.04579905369114068
2026-05-08,2026-05-11,2026-05-18,601020.SH,CN_A,0.014084507042253521,1.0,-0.04470199825711285,-0.04470199825711285
2026-05-08,2026-05-11,2026-05-18,601600.SH,CN_A,0.014084507042253521,1.0,-0.10696089166121892,-0.1069608916612188
2026-05-08,2026-05-11,2026-05-18,601985.SH,CN_A,0.014084507042253521,1.0,-0.015233884226423244,-0.015233884226423244
2026-05-08,2026-05-11,2026-05-18,603659.SH,CN_A,0.014084507042253521,1.0,-0.06110944888430003,-0.061109448884300144
2026-05-08,2026-05-11,2026-05-18,603799.SH,CN_A,0.014084507042253521,1.0,-0.10070938980157806,-0.10070938980157818
2026-05-08,2026-05-11,2026-05-18,603993.SH,CN_A,0.014084507042253521,1.0,-0.0849575269404016,-0.0849575269404016
2026-05-08,2026-05-11,2026-05-18,6680.HK,HK,0.014084507042253521,1.0,-0.03904760451543898,-0.03924405719198898
2026-05-08,2026-05-11,2026-05-18,9696.HK,HK,0.014084507042253521,1.0,-0.134661366740071,-0.134661366740071
2026-05-08,2026-05-11,2026-05-18,AA,US,0.014084507042253521,1.0,-0.0420874723892386,-0.0420874723892386
2026-05-08,2026-05-11,2026-05-18,ALB,US,0.014084507042253521,1.0,-0.16310301004635797,-0.16310301004635797
2026-05-08,2026-05-11,2026-05-18,BHP,US,0.014084507042253521,1.0,-0.041414772614016826,-0.041414772614016826
2026-05-08,2026-05-11,2026-05-18,CCJ,US,0.014084507042253521,1.0,-0.12485433724159345,-0.12485433724159345
2026-05-08,2026-05-11,2026-05-18,CENX,US,0.014084507042253521,1.0,-0.08740448836086301,-0.08740448836086301
2026-05-08,2026-05-11,2026-05-18,DNN,US,0.014084507042253521,1.0,-0.15584413493377225,-0.15584413493377225
2026-05-08,2026-05-11,2026-05-18,FCX,US,0.014084507042253521,1.0,-0.06012121456352626,-0.06012121456352626
2026-05-08,2026-05-11,2026-05-18,GPHOF,US,0.014084507042253521,1.0,-0.025581412111635893,-0.025581412111635893
2026-05-08,2026-05-11,2026-05-18,HBM,US,0.014084507042253521,1.0,-0.04862746300995979,-0.04862746300995979
2026-05-08,2026-05-11,2026-05-18,KALU,US,0.014084507042253521,1.0,-0.07755421886190694,-0.07755421886190694
2026-05-08,2026-05-11,2026-05-18,LAC,US,0.014084507042253521,1.0,-0.17443864571657752,-0.17443864571657752
2026-05-08,2026-05-11,2026-05-18,MP,US,0.014084507042253521,1.0,-0.15932361533457284,-0.15932361533457284
2026-05-08,2026-05-11,2026-05-18,NMG,US,0.014084507042253521,1.0,-0.0833333138546909,-0.0833333138546909
2026-05-08,2026-05-11,2026-05-18,NXE,US,0.014084507042253521,1.0,-0.13349127968028862,-0.13349127968028862
2026-05-08,2026-05-11,2026-05-18,SCCO,US,0.014084507042253521,1.0,-0.05777088828313082,-0.05777088828313082
2026-05-08,2026-05-11,2026-05-18,SGML,US,0.014084507042253521,1.0,-0.2729063653393963,-0.2729063653393963
2026-05-08,2026-05-11,2026-05-18,SQM,US,0.014084507042253521,1.0,-0.1151787060344086,-0.1151787060344086
2026-05-08,2026-05-11,2026-05-18,TLOFF,US,0.014084507042253521,1.0,-0.11957114635106048,-0.11957114635106048
2026-05-08,2026-05-11,2026-05-18,UAMY,US,0.014084507042253521,1.0,-0.24507039907644923,-0.24507039907644923
2026-05-08,2026-05-11,2026-05-18,UEC,US,0.014084507042253521,1.0,-0.19854278326762997,-0.19854278326762997
2026-05-08,2026-05-11,2026-05-18,USA,US,0.014084507042253521,1.0,-0.006956515104874272,-0.006956515104874272
2026-05-08,2026-05-11,2026-05-18,USAR,US,0.014084507042253521,1.0,-0.19106462982133143,-0.19106462982133143
2026-05-08,2026-05-11,2026-05-18,UUUU,US,0.014084507042253521,1.0,-0.21052636589176166,-0.21052636589176166
2026-05-08,2026-05-11,2026-05-18,VALE,US,0.014084507042253521,1.0,-0.04452256839303137,-0.04452256839303137
2026-05-08,2026-05-11,2026-05-18,WWR,US,0.014084507042253521,1.0,-0.1594203111379745,-0.1594203111379745
2026-05-08,2026-05-11,2026-05-18,600497.SH,CN_A,0.014084507042253521,0.5555555555555556,-0.01762980715869944,-0.01762980715869955
2026-05-08,2026-05-11,2026-05-18,2362.HK,HK,0.014084507042253521,0.5,0.0,0.0
2026-05-08,2026-05-11,2026-05-18,2899.HK,HK,0.014084507042253521,0.5,-0.08893593968678826,-0.08905334541917531
2026-05-08,2026-05-11,2026-05-18,601168.SH,CN_A,0.014084507042253521,0.5,-0.06191947478451121,-0.06191947478451121
2026-05-08,2026-05-11,2026-05-18,601899.SH,CN_A,0.014084507042253521,0.5,-0.08666475579314703,-0.08666475579314692
2026-05-08,2026-05-11,2026-05-18,HL,US,0.014084507042253521,0.5,-0.1649733301693742,-0.1649733301693742
2026-05-08,2026-05-11,2026-05-18,NEXA,US,0.014084507042253521,0.5,0.0954169394478448,0.0954169394478448
2026-05-08,2026-05-11,2026-05-18,TECK,US,0.014084507042253521,0.5,-0.07734716024350263,-0.07734716024350263
2026-05-15,2026-05-18,2026-05-25,000408.SZ,CN_A,0.013157894736842105,1.0,-0.011729503975110744,-0.01180723985604637
2026-05-15,2026-05-18,2026-05-25,000630.SZ,CN_A,0.013157894736842105,1.0,0.10855264327836567,0.10855264327836567
2026-05-15,2026-05-18,2026-05-25,000792.SZ,CN_A,0.013157894736842105,1.0,-0.0407795731702435,-0.04516897910902551
2026-05-15,2026-05-18,2026-05-25,000807.SZ,CN_A,0.013157894736842105,1.0,0.01758624761734473,0.017586247617344952
2026-05-15,2026-05-18,2026-05-25,000831.SZ,CN_A,0.013157894736842105,1.0,-0.03671792543932084,-0.02539192459203754
2026-05-15,2026-05-18,2026-05-25,000933.SZ,CN_A,0.013157894736842105,1.0,0.039807838284966035,0.039807838284966035
2026-05-15,2026-05-18,2026-05-25,000970.SZ,CN_A,0.013157894736842105,1.0,0.006677824283797706,0.007520900946886844
2026-05-15,2026-05-18,2026-05-25,002155.SZ,CN_A,0.013157894736842105,1.0,-0.0211375918383111,-0.01823191143483638
2026-05-15,2026-05-18,2026-05-25,002340.SZ,CN_A,0.013157894736842105,1.0,-0.032258005708601156,-0.032258005708600934
2026-05-15,2026-05-18,2026-05-25,002460.SZ,CN_A,0.013157894736842105,1.0,-0.05391784992928539,-0.05391784992928539
2026-05-15,2026-05-18,2026-05-25,002466.SZ,CN_A,0.013157894736842105,1.0,-0.03906023626051891,-0.0489454529635448
2026-05-15,2026-05-18,2026-05-26,0358.HK,HK,0.013157894736842105,1.0,0.0350585465821025,0.0350585465821025
2026-05-15,2026-05-18,2026-05-26,0815.HK,HK,0.013157894736842105,1.0,-0.18518515520571144,-0.18536162881607354
2026-05-15,2026-05-18,2026-05-26,1164.HK,HK,0.013157894736842105,1.0,-0.002976187730794999,-0.002621690709225577
2026-05-15,2026-05-18,2026-05-26,1378.HK,HK,0.013157894736842105,1.0,0.061235365373961015,0.061235365373961015
2026-05-15,2026-05-18,2026-05-26,1772.HK,HK,0.013157894736842105,1.0,-0.09254908780849236,-0.09254908780849236
2026-05-15,2026-05-18,2026-05-26,2237.HK,HK,0.013157894736842105,1.0,-0.017543843138140613,-0.017543843138140613
2026-05-15,2026-05-18,2026-05-26,2302.HK,HK,0.013157894736842105,1.0,-0.029535838237513157,-0.029535838237513046
2026-05-15,2026-05-18,2026-05-26,2600.HK,HK,0.013157894736842105,1.0,0.14561236697645596,0.14561236697645596
2026-05-15,2026-05-18,2026-05-25,300748.SZ,CN_A,0.013157894736842105,1.0,0.016283843653093433,0.016283843653093433
2026-05-15,2026-05-18,2026-05-25,300919.SZ,CN_A,0.013157894736842105,1.0,-0.04162220901850788,-0.03787277237296083
2026-05-15,2026-05-18,2026-05-26,3993.HK,HK,0.013157894736842105,1.0,0.10016701242005621,0.10033526617450894
2026-05-15,2026-05-18,2026-05-25,600111.SH,CN_A,0.013157894736842105,1.0,-0.011411980041206138,-0.012705786592275281
2026-05-15,2026-05-18,2026-05-25,600362.SH,CN_A,0.013157894736842105,1.0,-0.009022884238625739,-0.009022884238625739
2026-05-15,2026-05-18,2026-05-25,600366.SH,CN_A,0.013157894736842105,1.0,0.007581530299549888,0.010605628456280991
2026-05-15,2026-05-18,2026-05-25,600392.SH,CN_A,0.013157894736842105,1.0,-0.023700611763257773,-0.023700611763257884
2026-05-15,2026-05-18,2026-05-25,600516.SH,CN_A,0.013157894736842105,1.0,-0.05175595949510614,-0.05175595949510614
2026-05-15,2026-05-18,2026-05-25,600884.SH,CN_A,0.013157894736842105,1.0,-0.046082938025168385,-0.04754615863199885
2026-05-15,2026-05-18,2026-05-25,600961.SH,CN_A,0.013157894736842105,1.0,-0.052486139449845814,-0.052486139449845814
2026-05-15,2026-05-18,2026-05-25,601020.SH,CN_A,0.013157894736842105,1.0,-0.07244367850789668,-0.07173294789401152
2026-05-15,2026-05-18,2026-05-25,601600.SH,CN_A,0.013157894736842105,1.0,0.04467673886911627,0.04433988744827322
2026-05-15,2026-05-18,2026-05-25,601985.SH,CN_A,0.013157894736842105,1.0,-0.033149191647752096,-0.03231353772190415
2026-05-15,2026-05-18,2026-05-25,603659.SH,CN_A,0.013157894736842105,1.0,-0.02685625250283019,-0.030264069399456917
2026-05-15,2026-05-18,2026-05-25,603799.SH,CN_A,0.013157894736842105,1.0,-0.012454613450948226,-0.012454613450948115
2026-05-15,2026-05-18,2026-05-25,603993.SH,CN_A,0.013157894736842105,1.0,0.056253402645074946,0.057140753172723935
2026-05-15,2026-05-18,2026-05-26,6680.HK,HK,0.013157894736842105,1.0,0.0029732143228458074,0.0029732143228458074
2026-05-15,2026-05-18,2026-05-26,9696.HK,HK,0.013157894736842105,1.0,-0.0506445679307318,-0.0506445679307318
2026-05-15,2026-05-18,2026-05-26,AA,US,0.013157894736842105,1.0,0.1933108928131142,0.1933108928131142
2026-05-15,2026-05-18,2026-05-26,ALB,US,0.013157894736842105,1.0,-0.005974770829873188,-0.005974770829873188
2026-05-15,2026-05-18,2026-05-26,BHP,US,0.013157894736842105,1.0,0.029397778140793918,0.029397778140793918
2026-05-15,2026-05-18,2026-05-26,CCJ,US,0.013157894736842105,1.0,0.028818706456975596,0.028818706456975596
2026-05-15,2026-05-18,2026-05-26,CDE,US,0.013157894736842105,1.0,0.05089316149227452,0.05089316149227452
2026-05-15,2026-05-18,2026-05-26,CENX,US,0.013157894736842105,1.0,0.21777129430487618,0.21777129430487618
2026-05-15,2026-05-18,2026-05-26,DNN,US,0.013157894736842105,1.0,0.030769201425405734,0.030769201425405734
2026-05-15,2026-05-18,2026-05-26,FCX,US,0.013157894736842105,1.0,0.06380166298101764,0.06380166298101764
2026-05-15,2026-05-18,2026-05-26,GPHOF,US,0.013157894736842105,1.0,-0.009546558731522103,-0.009546558731522103
2026-05-15,2026-05-18,2026-05-26,HBM,US,0.013157894736842105,1.0,0.09439401337719788,0.09439401337719788
2026-05-15,2026-05-18,2026-05-26,KALU,US,0.013157894736842105,1.0,0.11508419385631985,0.11508419385631985
2026-05-15,2026-05-18,2026-05-26,LAC,US,0.013157894736842105,1.0,0.0439329606887684,0.0439329606887684
2026-05-15,2026-05-18,2026-05-26,MP,US,0.013157894736842105,1.0,0.18210693538507106,0.18210693538507106
2026-05-15,2026-05-18,2026-05-26,NMG,US,0.013157894736842105,1.0,0.005347588469388986,0.005347588469388986
2026-05-15,2026-05-18,2026-05-26,NXE,US,0.013157894736842105,1.0,0.0009115109356536699,0.0009115109356536699
2026-05-15,2026-05-18,2026-05-26,PAAS,US,0.013157894736842105,1.0,0.006180697381602984,0.006180697381602984
2026-05-15,2026-05-18,2026-05-26,SCCO,US,0.013157894736842105,1.0,0.10459576279656768,0.10459576279656768
2026-05-15,2026-05-18,2026-05-26,SGML,US,0.013157894736842105,1.0,0.036585362701849755,0.036585362701849755
2026-05-15,2026-05-18,2026-05-26,SQM,US,0.013157894736842105,1.0,-0.026978021511458117,-0.026978021511458117
2026-05-15,2026-05-18,2026-05-26,SVM,US,0.013157894736842105,1.0,-0.050911896383934785,-0.050911896383934785
2026-05-15,2026-05-18,2026-05-26,TLOFF,US,0.013157894736842105,1.0,-0.04231164759203132,-0.04231164759203132
2026-05-15,2026-05-18,2026-05-26,UAMY,US,0.013157894736842105,1.0,0.09577120166878772,0.09577120166878772
2026-05-15,2026-05-18,2026-05-26,UEC,US,0.013157894736842105,1.0,0.023484880613339643,0.023484880613339643
2026-05-15,2026-05-18,2026-05-26,USA,US,0.013157894736842105,1.0,0.02101574163877329,0.02101574163877329
2026-05-15,2026-05-18,2026-05-26,USAR,US,0.013157894736842105,1.0,0.3034077574358134,0.3034077574358134
2026-05-15,2026-05-18,2026-05-26,UUUU,US,0.013157894736842105,1.0,0.057471265627790036,0.057471265627790036
2026-05-15,2026-05-18,2026-05-26,VALE,US,0.013157894736842105,1.0,0.011649328036727802,0.011649328036727802
2026-05-15,2026-05-18,2026-05-26,WPM,US,0.013157894736842105,1.0,0.006023564610551757,0.006023564610551757
2026-05-15,2026-05-18,2026-05-26,WWR,US,0.013157894736842105,1.0,-0.034482726727597,-0.034482726727597
2026-05-15,2026-05-18,2026-05-25,600497.SH,CN_A,0.013157894736842105,0.5555555555555556,0.003988085914086614,0.003988085914086836
2026-05-15,2026-05-18,2026-05-26,2362.HK,HK,0.013157894736842105,0.5,0.0,0.0
2026-05-15,2026-05-18,2026-05-26,2899.HK,HK,0.013157894736842105,0.5,0.02789079148504614,0.027890791485045918
2026-05-15,2026-05-18,2026-05-25,601168.SH,CN_A,0.013157894736842105,0.5,0.06996691405696853,0.06996691405696875
2026-05-15,2026-05-18,2026-05-25,601899.SH,CN_A,0.013157894736842105,0.5,0.0015974806909890837,0.0015974806909890837
2026-05-15,2026-05-18,2026-05-26,HL,US,0.013157894736842105,0.5,0.01877547979638594,0.01877547979638594
2026-05-15,2026-05-18,2026-05-26,NEXA,US,0.013157894736842105,0.5,-0.012345700008071558,-0.012345700008071558
2026-05-15,2026-05-18,2026-05-26,TECK,US,0.013157894736842105,0.5,0.08250329631571685,0.08250329631571685
2026-05-22,2026-05-25,2026-06-01,000408.SZ,CN_A,0.018867924528301886,1.0,-0.039772651740667575,-0.039772651740667575
2026-05-22,2026-05-25,2026-06-01,000630.SZ,CN_A,0.018867924528301886,1.0,0.011869463281806825,0.011869463281806603
2026-05-22,2026-05-25,2026-06-01,000792.SZ,CN_A,0.018867924528301886,1.0,-0.05032824701065286,-0.05032824701065297
2026-05-22,2026-05-25,2026-06-01,000807.SZ,CN_A,0.018867924528301886,1.0,-0.020332121654940916,-0.020332121654940916
2026-05-22,2026-05-25,2026-06-01,000933.SZ,CN_A,0.018867924528301886,1.0,0.025957188215587346,0.025957188215587346
2026-05-22,2026-05-25,2026-06-01,002155.SZ,CN_A,0.018867924528301886,1.0,-0.042402828195700404,-0.042402828195700404
2026-05-22,2026-05-25,2026-06-01,002340.SZ,CN_A,0.018867924528301886,1.0,-0.04567905493469926,-0.04567905493469937
2026-05-22,2026-05-25,2026-06-01,002460.SZ,CN_A,0.018867924528301886,1.0,-0.0697736081256406,-0.0697736081256406
2026-05-22,2026-05-25,2026-06-01,002466.SZ,CN_A,0.018867924528301886,1.0,-0.06749662702249914,-0.06749662702249892
2026-05-22,2026-05-26,2026-06-01,0358.HK,HK,0.018867924528301886,1.0,-0.06935496037649658,-0.06935496037649669
2026-05-22,2026-05-26,2026-06-01,1378.HK,HK,0.018867924528301886,1.0,-0.07989695156047416,-0.07947300650972433
2026-05-22,2026-05-26,2026-06-01,1772.HK,HK,0.018867924528301886,1.0,-0.05164677275483942,-0.051035177617340666
2026-05-22,2026-05-26,2026-06-01,2237.HK,HK,0.018867924528301886,1.0,-0.035714251502436234,-0.035474979252677175
2026-05-22,2026-05-26,2026-06-01,2600.HK,HK,0.018867924528301886,1.0,-0.08417508336421942,-0.08417508336421942
2026-05-22,2026-05-25,2026-06-01,300919.SZ,CN_A,0.018867924528301886,1.0,-0.03674827891105381,-0.03674827891105381
2026-05-22,2026-05-26,2026-06-01,3993.HK,HK,0.018867924528301886,1.0,-0.06423876724114808,-0.06423876724114808
2026-05-22,2026-05-25,2026-06-01,600362.SH,CN_A,0.018867924528301886,1.0,-0.041527847714366795,-0.041527847714366906
2026-05-22,2026-05-25,2026-06-01,600516.SH,CN_A,0.018867924528301886,1.0,-0.00779726334516595,-0.00779726334516595
2026-05-22,2026-05-25,2026-06-01,600884.SH,CN_A,0.018867924528301886,1.0,-0.017943425327036633,-0.017943425327036633
2026-05-22,2026-05-25,2026-06-01,600961.SH,CN_A,0.018867924528301886,1.0,-0.09110786994690778,-0.09110786994690778
2026-05-22,2026-05-25,2026-06-01,601020.SH,CN_A,0.018867924528301886,1.0,-0.07174888116113343,-0.07174888116113332
2026-05-22,2026-05-25,2026-06-01,601600.SH,CN_A,0.018867924528301886,1.0,0.02729756114492976,0.02729756114492976
2026-05-22,2026-05-25,2026-06-01,603659.SH,CN_A,0.018867924528301886,1.0,-0.0035713865496000974,-0.0035713865495999864
2026-05-22,2026-05-25,2026-06-01,603799.SH,CN_A,0.018867924528301886,1.0,-0.06323350150118923,-0.06323350150118934
2026-05-22,2026-05-25,2026-06-01,603993.SH,CN_A,0.018867924528301886,1.0,-0.03402048811178393,-0.03402048811178393
2026-05-22,2026-05-26,2026-06-01,9696.HK,HK,0.018867924528301886,1.0,-0.048690559819226986,-0.04897830728240393
2026-05-22,2026-05-26,2026-06-01,AA,US,0.018867924528301886,1.0,0.042778630205997814,0.042778630205997814
2026-05-22,2026-05-26,2026-06-01,ALB,US,0.018867924528301886,1.0,-0.020378946793219277,-0.020378946793219277
2026-05-22,2026-05-26,2026-06-01,BHP,US,0.018867924528301886,1.0,0.05468844344734314,0.05468844344734314
2026-05-22,2026-05-26,2026-06-01,CENX,US,0.018867924528301886,1.0,-0.04440785777475609,-0.04440785777475609
2026-05-22,2026-05-26,2026-06-01,FCX,US,0.018867924528301886,1.0,0.04164077501181285,0.04164077501181285
2026-05-22,2026-05-26,2026-06-01,GPHOF,US,0.018867924528301886,1.0,0.012048181523292234,0.012048181523292234
2026-05-22,2026-05-26,2026-06-01,HBM,US,0.018867924528301886,1.0,0.15216575546880406,0.15216575546880406
2026-05-22,2026-05-26,2026-06-01,KALU,US,0.018867924528301886,1.0,-0.011533275960397105,-0.011533275960397105
2026-05-22,2026-05-26,2026-06-01,LAC,US,0.018867924528301886,1.0,0.10420851334972103,0.10420851334972103
2026-05-22,2026-05-26,2026-06-01,NMG,US,0.018867924528301886,1.0,0.01595743163077734,0.01595743163077734
2026-05-22,2026-05-26,2026-06-01,SCCO,US,0.018867924528301886,1.0,0.024963082538892678,0.024963082538892678
2026-05-22,2026-05-26,2026-06-01,SGML,US,0.018867924528301886,1.0,0.06928107231388125,0.06928107231388125
2026-05-22,2026-05-26,2026-06-01,SQM,US,0.018867924528301886,1.0,0.03717515668810867,0.03717515668810867
2026-05-22,2026-05-26,2026-06-01,TLOFF,US,0.018867924528301886,1.0,0.07435350796467088,0.07435350796467088
2026-05-22,2026-05-26,2026-06-01,UAMY,US,0.018867924528301886,1.0,0.05107829600815328,0.05107829600815328
2026-05-22,2026-05-26,2026-06-01,VALE,US,0.018867924528301886,1.0,-0.012121258359966802,-0.012121258359966802
2026-05-22,2026-05-26,2026-06-01,WWR,US,0.018867924528301886,1.0,0.017857125751218117,0.017857125751218117
2026-05-22,2026-05-25,2026-06-01,600497.SH,CN_A,0.018867924528301886,0.5555555555555556,-0.05799999237060549,-0.0579999923706056
2026-05-22,2026-05-26,2026-06-01,2362.HK,HK,0.018867924528301886,0.5,0.0,0.0
2026-05-22,2026-05-26,2026-06-01,2899.HK,HK,0.018867924528301886,0.5,-0.07405314274281105,-0.07405314274281094
2026-05-22,2026-05-25,2026-06-01,601168.SH,CN_A,0.018867924528301886,0.5,-0.048426815988651395,-0.048426815988651506
2026-05-22,2026-05-25,2026-06-01,601899.SH,CN_A,0.018867924528301886,0.5,-0.037001589578855576,-0.037001589578855576
2026-05-22,2026-05-26,2026-06-01,HL,US,0.018867924528301886,0.5,-0.0022752564477985793,-0.0022752564477985793
2026-05-22,2026-05-26,2026-06-01,NEXA,US,0.018867924528301886,0.5,0.12430562242681775,0.12430562242681775
2026-05-22,2026-05-26,2026-06-01,TECK,US,0.018867924528301886,0.5,0.04048457537151129,0.04048457537151129
2026-05-29,2026-06-01,2026-06-08,000408.SZ,CN_A,0.018867924528301886,1.0,-0.0394477301724534,-0.0394477301724534
2026-05-29,2026-06-01,2026-06-08,000630.SZ,CN_A,0.018867924528301886,1.0,-0.1237478146736124,-0.12374781467361229
2026-05-29,2026-06-01,2026-06-08,000792.SZ,CN_A,0.018867924528301886,1.0,-0.07439099354722212,-0.07439099354722212
2026-05-29,2026-06-01,2026-06-08,000807.SZ,CN_A,0.018867924528301886,1.0,-0.07298514109276033,-0.07298514109276033
2026-05-29,2026-06-01,2026-06-08,000933.SZ,CN_A,0.018867924528301886,1.0,-0.11537189326010455,-0.11537189326010455
2026-05-29,2026-06-01,2026-06-08,002155.SZ,CN_A,0.018867924528301886,1.0,-0.05576054477309722,-0.05576054477309722
2026-05-29,2026-06-01,2026-06-08,002340.SZ,CN_A,0.018867924528301886,1.0,-0.11384218787445677,-0.11384218787445666
2026-05-29,2026-06-01,2026-06-08,002460.SZ,CN_A,0.018867924528301886,1.0,-0.10163186697376458,-0.10163186697376447
2026-05-29,2026-06-01,2026-06-08,002466.SZ,CN_A,0.018867924528301886,1.0,-0.09602698378376251,-0.09602698378376262
2026-05-29,2026-06-01,2026-06-08,0358.HK,HK,0.018867924528301886,1.0,-0.031195703004596065,-0.031226541071531333
2026-05-29,2026-06-01,2026-06-08,1378.HK,HK,0.018867924528301886,1.0,-0.06232488839572681,-0.06232488839572681
2026-05-29,2026-06-01,2026-06-08,1772.HK,HK,0.018867924528301886,1.0,-0.14759271822146347,-0.14759271822146336
2026-05-29,2026-06-01,2026-06-08,2237.HK,HK,0.018867924528301886,1.0,-0.08148153299166627,-0.08148153299166627
2026-05-29,2026-06-01,2026-06-08,2600.HK,HK,0.018867924528301886,1.0,-0.06985296147865794,-0.0699426646086938
2026-05-29,2026-06-01,2026-06-08,300919.SZ,CN_A,0.018867924528301886,1.0,-0.12138733163691107,-0.12138733163691107
2026-05-29,2026-06-01,2026-06-08,3993.HK,HK,0.018867924528301886,1.0,-0.08432429545634501,-0.08432429545634512
2026-05-29,2026-06-01,2026-06-08,600362.SH,CN_A,0.018867924528301886,1.0,-0.05305840879572321,-0.05305840879572321
2026-05-29,2026-06-01,2026-06-08,600516.SH,CN_A,0.018867924528301886,1.0,0.198428236103523,0.198428236103523
2026-05-29,2026-06-01,2026-06-08,600884.SH,CN_A,0.018867924528301886,1.0,-0.08081515499118175,-0.08081515499118164
2026-05-29,2026-06-01,2026-06-08,600961.SH,CN_A,0.018867924528301886,1.0,-0.08781076532324017,-0.08781076532324006
2026-05-29,2026-06-01,2026-06-08,601020.SH,CN_A,0.018867924528301886,1.0,-0.10668275371383962,-0.10668275371383962
2026-05-29,2026-06-01,2026-06-08,601600.SH,CN_A,0.018867924528301886,1.0,-0.11248888471040441,-0.11248888471040441
2026-05-29,2026-06-01,2026-06-08,603659.SH,CN_A,0.018867924528301886,1.0,-0.1218637897046555,-0.12186378970465561
2026-05-29,2026-06-01,2026-06-08,603799.SH,CN_A,0.018867924528301886,1.0,-0.12640236311510122,-0.1264023631151011
2026-05-29,2026-06-01,2026-06-08,603993.SH,CN_A,0.018867924528301886,1.0,-0.08306192618395147,-0.08306192618395147
2026-05-29,2026-06-01,2026-06-08,9696.HK,HK,0.018867924528301886,1.0,-0.12234910048911196,-0.12234910048911207
2026-05-29,2026-06-01,2026-06-08,AA,US,0.018867924528301886,1.0,-0.055555550104742335,-0.055555550104742335
2026-05-29,2026-06-01,2026-06-08,ALB,US,0.018867924528301886,1.0,-0.12440835569635866,-0.12440835569635866
2026-05-29,2026-06-01,2026-06-08,CENX,US,0.018867924528301886,1.0,-0.009544681768236085,-0.009544681768236085
2026-05-29,2026-06-01,2026-06-08,FCX,US,0.018867924528301886,1.0,-0.04668855944765182,-0.04668855944765182
2026-05-29,2026-06-01,2026-06-08,GPHOF,US,0.018867924528301886,1.0,-0.08333332742017396,-0.08333332742017396
2026-05-29,2026-06-01,2026-06-08,HBM,US,0.018867924528301886,1.0,-0.1464530578463945,-0.1464530578463945
2026-05-29,2026-06-01,2026-06-08,KALU,US,0.018867924528301886,1.0,-0.028624392863935144,-0.028624392863935144
2026-05-29,2026-06-01,2026-06-08,LAC,US,0.018867924528301886,1.0,-0.17241383786568043,-0.17241383786568043
2026-05-29,2026-06-01,2026-06-08,NMG,US,0.018867924528301886,1.0,-0.20942407494681925,-0.20942407494681925
2026-05-29,2026-06-01,2026-06-08,SCCO,US,0.018867924528301886,1.0,-0.12403658408845863,-0.12403658408845863
2026-05-29,2026-06-01,2026-06-08,SGML,US,0.018867924528301886,1.0,-0.19009782972647038,-0.19009782972647038
2026-05-29,2026-06-01,2026-06-08,SQM,US,0.018867924528301886,1.0,-0.12778705666147128,-0.12778705666147128
2026-05-29,2026-06-01,2026-06-08,TLOFF,US,0.018867924528301886,1.0,-0.1173520606777898,-0.1173520606777898
2026-05-29,2026-06-01,2026-06-08,UAMY,US,0.018867924528301886,1.0,-0.1565875000283219,-0.1565875000283219
2026-05-29,2026-06-01,2026-06-08,WWR,US,0.018867924528301886,1.0,-0.07017547712211625,-0.07017547712211625
2026-05-29,2026-06-01,2026-06-08,BHP,US,0.018867924528301886,0.8,-0.08243810756225045,-0.08243810756225045
2026-05-29,2026-06-01,2026-06-08,VALE,US,0.018867924528301886,0.8,-0.08036806915695416,-0.08036806915695416
2026-05-29,2026-06-01,2026-06-08,600497.SH,CN_A,0.018867924528301886,0.5555555555555556,-0.1252654241633533,-0.12526542416335318
2026-05-29,2026-06-01,2026-06-08,2362.HK,HK,0.018867924528301886,0.5,0.0,0.0007571456423156597
2026-05-29,2026-06-01,2026-06-08,2899.HK,HK,0.018867924528301886,0.5,-0.03663007555676312,-0.03649472118697361
2026-05-29,2026-06-01,2026-06-08,601168.SH,CN_A,0.018867924528301886,0.5,-0.055105372356878624,-0.055105372356878624
2026-05-29,2026-06-01,2026-06-08,601899.SH,CN_A,0.018867924528301886,0.5,-0.07088444051476295,-0.07088444051476306
2026-05-29,2026-06-01,2026-06-08,HL,US,0.018867924528301886,0.5,-0.15108326304924347,-0.15108326304924347
2026-05-29,2026-06-01,2026-06-08,NEXA,US,0.018867924528301886,0.5,-0.22853617300110984,-0.22853617300110984
2026-05-29,2026-06-01,2026-06-08,TECK,US,0.018867924528301886,0.5,-0.08489315651296225,-0.08489315651296225
2026-06-05,2026-06-08,2026-06-15,000426.SZ,CN_A,0.02564102564102564,1.0,0.14831707771134273,0.14831707771134273
2026-06-05,2026-06-08,2026-06-15,000630.SZ,CN_A,0.02564102564102564,1.0,0.2917369425216614,0.2917369425216614
2026-06-05,2026-06-08,2026-06-15,000807.SZ,CN_A,0.02564102564102564,1.0,0.0181842084763717,0.0181842084763717
2026-06-05,2026-06-08,2026-06-15,000933.SZ,CN_A,0.02564102564102564,1.0,-0.011958134980837754,-0.011958134980837754
2026-06-05,2026-06-08,2026-06-15,000960.SZ,CN_A,0.02564102564102564,1.0,0.18309054997782104,0.18309054997782126
2026-06-05,2026-06-08,2026-06-15,002155.SZ,CN_A,0.02564102564102564,1.0,0.12849697618238043,0.1284969761823802
2026-06-05,2026-06-08,2026-06-15,002340.SZ,CN_A,0.02564102564102564,1.0,0.10656934733382939,0.10656934733382939
2026-06-05,2026-06-08,2026-06-15,0358.HK,HK,0.02564102564102564,1.0,0.1331674597603394,0.13316745976033917
2026-06-05,2026-06-08,2026-06-15,1378.HK,HK,0.02564102564102564,1.0,-0.02539209438911183,-0.02539209438911183
2026-06-05,2026-06-08,2026-06-15,2600.HK,HK,0.02564102564102564,1.0,-0.0662055418844435,-0.06620554188444361
2026-06-05,2026-06-08,2026-06-15,300919.SZ,CN_A,0.02564102564102564,1.0,0.07866245580880538,0.07866245580880538
2026-06-05,2026-06-08,2026-06-15,3993.HK,HK,0.02564102564102564,1.0,0.17945684252292904,0.17955990512223674
2026-06-05,2026-06-08,2026-06-15,600362.SH,CN_A,0.02564102564102564,1.0,0.15879622823781414,0.15879622823781414
2026-06-05,2026-06-08,2026-06-15,600961.SH,CN_A,0.02564102564102564,1.0,0.16835164499806843,0.1683516449980682
2026-06-05,2026-06-08,2026-06-15,601020.SH,CN_A,0.02564102564102564,1.0,0.037854895555258894,0.037854895555258894
2026-06-05,2026-06-08,2026-06-15,601600.SH,CN_A,0.02564102564102564,1.0,0.06487021844661123,0.06487021844661123
2026-06-05,2026-06-08,2026-06-15,603799.SH,CN_A,0.02564102564102564,1.0,0.12264553494269137,0.12264553494269137
2026-06-05,2026-06-08,2026-06-15,603993.SH,CN_A,0.02564102564102564,1.0,0.2386027727813549,0.23860277278135467
2026-06-05,2026-06-08,2026-06-15,AA,US,0.02564102564102564,1.0,-0.12636163495093666,-0.12636163495093666
2026-06-05,2026-06-08,2026-06-15,AFMJF,US,0.02564102564102564,1.0,0.009900980750178201,0.009900980750178201
2026-06-05,2026-06-08,2026-06-15,CENX,US,0.02564102564102564,1.0,-0.138230649375381,-0.138230649375381
2026-06-05,2026-06-08,2026-06-15,FCX,US,0.02564102564102564,1.0,0.09732432202873365,0.09732432202873365
2026-06-05,2026-06-08,2026-06-15,HBM,US,0.02564102564102564,1.0,0.1014059416213815,0.1014059416213815
2026-06-05,2026-06-08,2026-06-15,KALU,US,0.02564102564102564,1.0,0.027727898180644583,0.027727898180644583
2026-06-05,2026-06-08,2026-06-15,MLXEF,US,0.02564102564102564,1.0,0.06736849568227088,0.06736849568227088
2026-06-05,2026-06-08,2026-06-15,SCCO,US,0.02564102564102564,1.0,0.1333881162779187,0.1333881162779187
2026-06-05,2026-06-08,2026-06-15,TLOFF,US,0.02564102564102564,1.0,0.06818175168076968,0.06818175168076968
2026-06-05,2026-06-08,2026-06-15,UAMY,US,0.02564102564102564,1.0,-0.04225351166758262,-0.04225351166758262
2026-06-05,2026-06-08,2026-06-15,BHP,US,0.02564102564102564,0.8,0.10071685319640644,0.10071685319640644
2026-06-05,2026-06-08,2026-06-15,VALE,US,0.02564102564102564,0.8,0.06737826846587702,0.06737826846587702
2026-06-05,2026-06-08,2026-06-15,600497.SH,CN_A,0.02564102564102564,0.5555555555555556,0.22815536003173986,0.22815536003173964
2026-06-05,2026-06-08,2026-06-15,2362.HK,HK,0.02564102564102564,0.5,0.0,0.0
2026-06-05,2026-06-08,2026-06-15,2899.HK,HK,0.02564102564102564,0.5,0.0782931069203141,0.07829310692031433
2026-06-05,2026-06-08,2026-06-15,601168.SH,CN_A,0.02564102564102564,0.5,0.12884359019564018,0.1288435901956404
2026-06-05,2026-06-08,2026-06-15,601899.SH,CN_A,0.02564102564102564,0.5,0.11622104518900023,0.11622104518900023
2026-06-05,2026-06-08,2026-06-15,HL,US,0.02564102564102564,0.5,0.11887168994479502,0.11887168994479502
2026-06-05,2026-06-08,2026-06-15,NEXA,US,0.02564102564102564,0.5,0.15372298730811407,0.15372298730811407
2026-06-05,2026-06-08,2026-06-15,TECK,US,0.02564102564102564,0.5,0.06701470434157275,0.06701470434157275
2026-06-12,2026-06-15,2026-06-18,000426.SZ,CN_A,0.02564102564102564,1.0,-0.0171385657097739,-0.0171385657097739
2026-06-12,2026-06-15,2026-06-18,000630.SZ,CN_A,0.02564102564102564,1.0,-0.0013054506845787683,-0.0013054506845789904
2026-06-12,2026-06-15,2026-06-18,000807.SZ,CN_A,0.02564102564102564,1.0,-0.1014869732695367,-0.1014869732695367
2026-06-12,2026-06-15,2026-06-18,000933.SZ,CN_A,0.02564102564102564,1.0,-0.102118029818553,-0.102118029818553
2026-06-12,2026-06-15,2026-06-18,000960.SZ,CN_A,0.02564102564102564,1.0,0.0077258214309001705,0.0077258214309003925
2026-06-12,2026-06-15,2026-06-18,002155.SZ,CN_A,0.02564102564102564,1.0,0.03937622783246297,0.03937622783246297
2026-06-12,2026-06-15,2026-06-18,002340.SZ,CN_A,0.02564102564102564,1.0,-0.021108159501653567,-0.021108159501653567
2026-06-12,2026-06-15,2026-06-18,0358.HK,HK,0.02564102564102564,1.0,0.10376345513941754,0.10376345513941732
2026-06-12,2026-06-15,2026-06-18,1378.HK,HK,0.02564102564102564,1.0,-0.12873565368746387,-0.1284824854486294
2026-06-12,2026-06-15,2026-06-18,2600.HK,HK,0.02564102564102564,1.0,-0.09523805679317365,-0.09523805679317354
2026-06-12,2026-06-15,2026-06-18,300919.SZ,CN_A,0.02564102564102564,1.0,-0.00307443170863253,-0.003074431708632419
2026-06-12,2026-06-15,2026-06-18,3993.HK,HK,0.02564102564102564,1.0,-0.05555549191362441,-0.05555549191362441
2026-06-12,2026-06-15,2026-06-18,600362.SH,CN_A,0.02564102564102564,1.0,0.12563346043620927,0.12563346043620927
2026-06-12,2026-06-15,2026-06-18,600961.SH,CN_A,0.02564102564102564,1.0,0.08427388177380557,0.08427388177380557
2026-06-12,2026-06-15,2026-06-18,601020.SH,CN_A,0.02564102564102564,1.0,0.06079025517971859,0.06079025517971859
2026-06-12,2026-06-15,2026-06-18,601600.SH,CN_A,0.02564102564102564,1.0,-0.12089971439822977,-0.12089971439822966
2026-06-12,2026-06-15,2026-06-18,603799.SH,CN_A,0.02564102564102564,1.0,-0.006673065466677119,-0.006673065466677119
2026-06-12,2026-06-15,2026-06-18,603993.SH,CN_A,0.02564102564102564,1.0,-0.04206496929050185,-0.04206496929050185
2026-06-12,2026-06-15,2026-06-18,AA,US,0.02564102564102564,1.0,-0.07465717669610139,-0.07465717669610139
2026-06-12,2026-06-15,2026-06-18,AFMJF,US,0.02564102564102564,1.0,0.0,0.0
2026-06-12,2026-06-15,2026-06-18,CENX,US,0.02564102564102564,1.0,-0.052062331664680106,-0.052062331664680106
2026-06-12,2026-06-15,2026-06-18,FCX,US,0.02564102564102564,1.0,-0.020675844931271836,-0.020675844931271836
2026-06-12,2026-06-15,2026-06-18,HBM,US,0.02564102564102564,1.0,-0.04034782077955168,-0.04034782077955168
2026-06-12,2026-06-15,2026-06-18,KALU,US,0.02564102564102564,1.0,-0.0019115570281179606,-0.0019115570281179606
2026-06-12,2026-06-15,2026-06-18,MLXEF,US,0.02564102564102564,1.0,-0.023570049972672424,-0.023570049972672424
2026-06-12,2026-06-15,2026-06-18,SCCO,US,0.02564102564102564,1.0,-0.001500924040418683,-0.001500924040418683
2026-06-12,2026-06-15,2026-06-18,TLOFF,US,0.02564102564102564,1.0,-0.09148932889123995,-0.09148932889123995
2026-06-12,2026-06-15,2026-06-18,UAMY,US,0.02564102564102564,1.0,0.049465225215990394,0.049465225215990394
2026-06-12,2026-06-15,2026-06-18,BHP,US,0.02564102564102564,0.8,-0.04623895184885496,-0.04623895184885496
2026-06-12,2026-06-15,2026-06-18,VALE,US,0.02564102564102564,0.8,-0.03624999523162842,-0.03624999523162842
2026-06-12,2026-06-15,2026-06-18,600497.SH,CN_A,0.02564102564102564,0.5555555555555556,0.015810261780775825,0.015810261780775603
2026-06-12,2026-06-15,2026-06-18,2362.HK,HK,0.02564102564102564,0.5,0.0,0.0
2026-06-12,2026-06-15,2026-06-18,2899.HK,HK,0.02564102564102564,0.5,-0.04410010374475726,-0.04410010374475726
2026-06-12,2026-06-15,2026-06-18,601168.SH,CN_A,0.02564102564102564,0.5,-0.03319123469924823,-0.03319123469924823
2026-06-12,2026-06-15,2026-06-18,601899.SH,CN_A,0.02564102564102564,0.5,-0.051740624705117866,-0.05174062470511798
2026-06-12,2026-06-15,2026-06-18,HL,US,0.02564102564102564,0.5,-0.04201679565884697,-0.04201679565884697
2026-06-12,2026-06-15,2026-06-18,NEXA,US,0.02564102564102564,0.5,-0.011797368361837646,-0.011797368361837646
2026-06-12,2026-06-15,2026-06-18,TECK,US,0.02564102564102564,0.5,-0.027206816084091257,-0.027206816084091257
