dataset_id,report_id,ticker,company,report_type,statement_period,period_end,announced_at,metric,value_native,native_unit,native_currency,value_usd,usd_unit,fx_pair,fx_observation_date,fx_value,metric_scope,calculation_method,source_quality,source_url,source_page,source_note,retrieved_at
airline_official_report_drivers,601021_2025_fy,601021.SH,Spring Airlines,annual,FY2025,2025-12-31,2026-04-11,total_revenue,21459.531429,RMB million,RMB,3065.2001445472997,USD million,USD_CNY,2025-12-31,7.001021276595745,group_reported,issuer_reported,primary_issuer,https://static.cninfo.com.cn/finalpage/2026-04-11/1225093115.PDF,8,Primary issuer annual/interim report main financial-data table.,2026-08-07T07:09:40.983805+00:00
airline_official_report_drivers,601021_2025_fy,601021.SH,Spring Airlines,annual,FY2025,2025-12-31,2026-04-11,profit_total,3030.254828,RMB million,RMB,432.830398349177,USD million,USD_CNY,2025-12-31,7.001021276595745,group_reported,issuer_reported,primary_issuer,https://static.cninfo.com.cn/finalpage/2026-04-11/1225093115.PDF,8,Primary issuer annual/interim report main financial-data table.,2026-08-07T07:09:40.983805+00:00
airline_official_report_drivers,601021_2025_fy,601021.SH,Spring Airlines,annual,FY2025,2025-12-31,2026-04-11,attributable_net_income,2317.401673,RMB million,RMB,331.0090887378133,USD million,USD_CNY,2025-12-31,7.001021276595745,group_reported,issuer_reported,primary_issuer,https://static.cninfo.com.cn/finalpage/2026-04-11/1225093115.PDF,8,Primary issuer annual/interim report main financial-data table.,2026-08-07T07:09:40.983805+00:00
airline_official_report_drivers,601021_2025_fy,601021.SH,Spring Airlines,annual,FY2025,2025-12-31,2026-04-11,operating_cash_flow,6623.358345,RMB million,RMB,946.056022875082,USD million,USD_CNY,2025-12-31,7.001021276595745,group_reported,issuer_reported,primary_issuer,https://static.cninfo.com.cn/finalpage/2026-04-11/1225093115.PDF,8,Primary issuer annual/interim report main financial-data table.,2026-08-07T07:09:40.983805+00:00
airline_official_report_drivers,601021_2025_fy,601021.SH,Spring Airlines,annual,FY2025,2025-12-31,2026-04-11,equity_attributable,18163.501472,RMB million,RMB,2594.407409204736,USD million,USD_CNY,2025-12-31,7.001021276595745,group_reported,issuer_reported,primary_issuer,https://static.cninfo.com.cn/finalpage/2026-04-11/1225093115.PDF,8,Primary issuer annual/interim report main financial-data table.,2026-08-07T07:09:40.983805+00:00
airline_official_report_drivers,601021_2025_fy,601021.SH,Spring Airlines,annual,FY2025,2025-12-31,2026-04-11,total_assets,46876.574409,RMB million,RMB,6695.6766101693365,USD million,USD_CNY,2025-12-31,7.001021276595745,group_reported,issuer_reported,primary_issuer,https://static.cninfo.com.cn/finalpage/2026-04-11/1225093115.PDF,8,Primary issuer annual/interim report main financial-data table.,2026-08-07T07:09:40.983805+00:00
airline_official_report_drivers,601021_2025_fy,601021.SH,Spring Airlines,annual,FY2025,2025-12-31,2026-04-11,basic_eps,2.38,RMB/share,RMB,,,,,,group_reported,issuer_reported,primary_issuer,https://static.cninfo.com.cn/finalpage/2026-04-11/1225093115.PDF,8,Primary issuer annual/interim report main financial-data table.,2026-08-07T07:09:40.983805+00:00
airline_official_report_drivers,601021_2025_fy,601021.SH,Spring Airlines,annual,FY2025,2025-12-31,2026-04-11,weighted_average_roe,12.97,%,,,,,,,group_reported,issuer_reported,primary_issuer,https://static.cninfo.com.cn/finalpage/2026-04-11/1225093115.PDF,8,Primary issuer annual/interim report main financial-data table.,2026-08-07T07:09:40.983805+00:00
airline_official_report_drivers,601021_2025_fy,601021.SH,Spring Airlines,annual,FY2025,2025-12-31,2026-04-11,operating_cost,18544.164817999997,RMB million,RMB,2648.7799544321797,USD million,USD_CNY,2025-12-31,7.001021276595745,group_reported,issuer_reported,primary_issuer,https://static.cninfo.com.cn/finalpage/2026-04-11/1225093115.PDF,24,Primary issuer income-statement / financial-indicator table.,2026-08-07T07:09:40.983805+00:00
airline_official_report_drivers,601021_2025_fy,601021.SH,Spring Airlines,annual,FY2025,2025-12-31,2026-04-11,fuel_cost,6228.636517,RMB million,RMB,889.6754160456833,USD million,USD_CNY,2025-12-31,7.001021276595745,group_reported,issuer_reported,primary_issuer,https://static.cninfo.com.cn/finalpage/2026-04-11/1225093115.PDF,27,Primary issuer cost-analysis table; reported cost category.,2026-08-07T07:09:40.983805+00:00
airline_official_report_drivers,601021_2025_fy,601021.SH,Spring Airlines,annual,FY2025,2025-12-31,2026-04-11,airport_landing_cost,3258.895915,RMB million,RMB,465.4886460486008,USD million,USD_CNY,2025-12-31,7.001021276595745,group_reported,issuer_reported,primary_issuer,https://static.cninfo.com.cn/finalpage/2026-04-11/1225093115.PDF,27,Primary issuer cost-analysis table; reported cost category.,2026-08-07T07:09:40.983805+00:00
airline_official_report_drivers,601021_2025_fy,601021.SH,Spring Airlines,annual,FY2025,2025-12-31,2026-04-11,maintenance_cost,966.515591,RMB million,RMB,138.05351431098197,USD million,USD_CNY,2025-12-31,7.001021276595745,group_reported,issuer_reported,primary_issuer,https://static.cninfo.com.cn/finalpage/2026-04-11/1225093115.PDF,27,Primary issuer cost-analysis table; reported cost category.,2026-08-07T07:09:40.983805+00:00
airline_official_report_drivers,601021_2025_fy,601021.SH,Spring Airlines,annual,FY2025,2025-12-31,2026-04-11,ask,61749.0,million seat-km,,,,,,,group_reported,issuer_reported,primary_issuer,https://static.cninfo.com.cn/finalpage/2026-04-11/1225093115.PDF,31,Primary issuer operating-information table; ASK normalized to million seat-km.,2026-08-07T07:09:40.983805+00:00
airline_official_report_drivers,601021_2025_fy,601021.SH,Spring Airlines,annual,FY2025,2025-12-31,2026-04-11,passengers,32.3345,million passengers,,,,,,,group_reported,issuer_reported,primary_issuer,https://static.cninfo.com.cn/finalpage/2026-04-11/1225093115.PDF,31,Primary issuer operating-information table; passenger count normalized to millions.,2026-08-07T07:09:40.983805+00:00
airline_official_report_drivers,601021_2025_fy,601021.SH,Spring Airlines,annual,FY2025,2025-12-31,2026-04-11,passenger_load_factor_pct,91.53,%,,,,,,,group_reported,issuer_reported,primary_issuer,https://static.cninfo.com.cn/finalpage/2026-04-11/1225093115.PDF,31,Primary issuer operating-information table.,2026-08-07T07:09:40.983805+00:00
airline_official_report_drivers,601021_2025_fy,601021.SH,Spring Airlines,annual,FY2025,2025-12-31,2026-04-11,passenger_yield,0.37,RMB/RPK,RMB,,,,,,issuer_disclosed_line,issuer_reported,primary_issuer,https://static.cninfo.com.cn/finalpage/2026-04-11/1225093115.PDF,31,Primary issuer disclosed passenger-yield line; scope follows the issuer table.,2026-08-07T07:09:40.983805+00:00
airline_official_report_drivers,601021_2025_fy,601021.SH,Spring Airlines,annual,FY2025,2025-12-31,2026-04-11,daily_utilization,9.97,hours/day,,,,,,,group_reported,issuer_reported,primary_issuer,https://static.cninfo.com.cn/finalpage/2026-04-11/1225093115.PDF,31,Primary issuer operating-information table.,2026-08-07T07:09:40.983805+00:00
airline_official_report_drivers,601021_2025_fy,601021.SH,Spring Airlines,annual,FY2025,2025-12-31,2026-04-11,fleet_total,134.0,aircraft,,,,,,,group_reported,issuer_reported,primary_issuer,https://static.cninfo.com.cn/finalpage/2026-04-11/1225093115.PDF,31,Primary issuer fleet table / group fleet total.,2026-08-07T07:09:40.983805+00:00
airline_official_report_drivers,601021_2025_fy,601021.SH,Spring Airlines,annual,FY2025,2025-12-31,2026-04-11,passenger_revenue,20937.304189,RMB million,RMB,2990.6071359892776,USD million,USD_CNY,2025-12-31,7.001021276595745,issuer_disclosed_line,issuer_reported,primary_issuer,https://static.cninfo.com.cn/finalpage/2026-04-11/1225093115.PDF,26,Primary issuer revenue-disaggregation table; wording and scope follow the report.,2026-08-07T07:09:40.983805+00:00
airline_official_report_drivers,601021_2025_fy,601021.SH,Spring Airlines,annual,FY2025,2025-12-31,2026-04-11,cargo_revenue,158.308446,RMB million,RMB,22.612193242323308,USD million,USD_CNY,2025-12-31,7.001021276595745,issuer_disclosed_line,issuer_reported,primary_issuer,https://static.cninfo.com.cn/finalpage/2026-04-11/1225093115.PDF,26,Primary issuer revenue-disaggregation table; wording and scope follow the report.,2026-08-07T07:09:40.983805+00:00
airline_official_report_drivers,601021_2025_fy,601021.SH,Spring Airlines,annual,FY2025,2025-12-31,2026-04-11,rpk,56519.0999,million passenger-km,,,,,,,group_reported,issuer_reported,primary_issuer,https://static.cninfo.com.cn/finalpage/2026-04-11/1225093115.PDF,31,"Primary issuer table anchor; Spring Airlines operating table: RPK, converted from ten-thousand passenger-km.",2026-08-07T07:09:40.983805+00:00
airline_official_report_drivers,601021_2025_fy,601021.SH,Spring Airlines,annual,FY2025,2025-12-31,2026-04-11,cash_and_cash_equivalents,6648.791807,RMB million,RMB,949.6888445728282,USD million,USD_CNY,2025-12-31,7.001021276595745,group_reported,issuer_reported,primary_issuer,https://static.cninfo.com.cn/finalpage/2026-04-11/1225093115.PDF,180,Primary issuer table anchor; Spring Airlines consolidated cash-flow note: year-end cash and cash equivalents.,2026-08-07T07:09:40.983805+00:00
airline_official_report_drivers,601021_2025_fy,601021.SH,Spring Airlines,annual,FY2025,2025-12-31,2026-04-11,passenger_yield_derived,0.3704465256177938,RMB/RPK,RMB,,,,,,derived_group,derived,primary_issuer,https://static.cninfo.com.cn/finalpage/2026-04-11/1225093115.PDF,26,"Derived as passenger revenue / RPK; use only when revenue and RPK have matching scope. Input source pages: passenger revenue=26, RPK=31.",2026-08-07T07:09:40.983805+00:00
airline_official_report_drivers,601021_2025_fy,601021.SH,Spring Airlines,annual,FY2025,2025-12-31,2026-04-11,rask_derived,0.3390711459132941,RMB/ASK,RMB,,,,,,derived_group,derived,primary_issuer,https://static.cninfo.com.cn/finalpage/2026-04-11/1225093115.PDF,26,"Derived as passenger revenue / ASK; not issuer-reported RASK. Input source pages: passenger revenue=26, ASK=31.",2026-08-07T07:09:40.983805+00:00
airline_official_report_drivers,601021_2025_fy,601021.SH,Spring Airlines,annual,FY2025,2025-12-31,2026-04-11,cask_derived,0.3003152248295518,RMB/ASK,RMB,,,,,,derived_group,derived,primary_issuer,https://static.cninfo.com.cn/finalpage/2026-04-11/1225093115.PDF,24,Derived as consolidated operating cost / ASK; not issuer-reported CASK.,2026-08-07T07:09:40.983805+00:00
airline_official_report_drivers,601021_2025_fy,601021.SH,Spring Airlines,annual,FY2025,2025-12-31,2026-04-11,fuel_cost_per_ask_derived,0.1008702410889245,RMB/ASK,RMB,,,,,,derived_group,derived,primary_issuer,https://static.cninfo.com.cn/finalpage/2026-04-11/1225093115.PDF,27,"Derived as reported fuel cost / ASK; fuel-price, mix and hedging effects remain embedded.",2026-08-07T07:09:40.983805+00:00
airline_official_report_drivers,601021_2025_fy,601021.SH,Spring Airlines,annual,FY2025,2025-12-31,2026-04-11,fuel_cost_share_pct_derived,33.58812099725375,%,,,,,,,derived_group,derived,primary_issuer,https://static.cninfo.com.cn/finalpage/2026-04-11/1225093115.PDF,27,Derived as reported fuel cost / reported operating cost.,2026-08-07T07:09:40.983805+00:00
airline_official_report_drivers,601111_2025_fy,0753.HK / 601111.SH,Air China,annual,FY2025,2025-12-31,2026-03-27,total_revenue,171484.646,RMB million,RMB,24494.232944737545,USD million,USD_CNY,2025-12-31,7.001021276595745,group_reported,issuer_reported,primary_issuer,https://static.cninfo.com.cn/finalpage/2026-03-27/1225039287.PDF,8,Primary issuer annual/interim report main financial-data table.,2026-08-07T07:37:28.689768+00:00
airline_official_report_drivers,601111_2025_fy,0753.HK / 601111.SH,Air China,annual,FY2025,2025-12-31,2026-03-27,profit_total,-1596.707,RMB million,RMB,-228.06772568135955,USD million,USD_CNY,2025-12-31,7.001021276595745,group_reported,issuer_reported,primary_issuer,https://static.cninfo.com.cn/finalpage/2026-03-27/1225039287.PDF,8,Primary issuer annual/interim report main financial-data table.,2026-08-07T07:37:28.689768+00:00
airline_official_report_drivers,601111_2025_fy,0753.HK / 601111.SH,Air China,annual,FY2025,2025-12-31,2026-03-27,attributable_net_income,-1770.393,RMB million,RMB,-252.87639189419173,USD million,USD_CNY,2025-12-31,7.001021276595745,group_reported,issuer_reported,primary_issuer,https://static.cninfo.com.cn/finalpage/2026-03-27/1225039287.PDF,8,Primary issuer annual/interim report main financial-data table.,2026-08-07T07:37:28.689768+00:00
airline_official_report_drivers,601111_2025_fy,0753.HK / 601111.SH,Air China,annual,FY2025,2025-12-31,2026-03-27,operating_cash_flow,42045.213,RMB million,RMB,6005.582805548127,USD million,USD_CNY,2025-12-31,7.001021276595745,group_reported,issuer_reported,primary_issuer,https://static.cninfo.com.cn/finalpage/2026-03-27/1225039287.PDF,8,Primary issuer annual/interim report main financial-data table.,2026-08-07T07:37:28.689768+00:00
airline_official_report_drivers,601111_2025_fy,0753.HK / 601111.SH,Air China,annual,FY2025,2025-12-31,2026-03-27,equity_attributable,42551.575,RMB million,RMB,6077.909681870123,USD million,USD_CNY,2025-12-31,7.001021276595745,group_reported,issuer_reported,primary_issuer,https://static.cninfo.com.cn/finalpage/2026-03-27/1225039287.PDF,8,Primary issuer annual/interim report main financial-data table.,2026-08-07T07:37:28.689768+00:00
airline_official_report_drivers,601111_2025_fy,0753.HK / 601111.SH,Air China,annual,FY2025,2025-12-31,2026-03-27,total_assets,343047.244,RMB million,RMB,48999.60026500693,USD million,USD_CNY,2025-12-31,7.001021276595745,group_reported,issuer_reported,primary_issuer,https://static.cninfo.com.cn/finalpage/2026-03-27/1225039287.PDF,8,Primary issuer annual/interim report main financial-data table.,2026-08-07T07:37:28.689768+00:00
airline_official_report_drivers,601111_2025_fy,0753.HK / 601111.SH,Air China,annual,FY2025,2025-12-31,2026-03-27,basic_eps,-0.11,RMB/share,RMB,,,,,,group_reported,issuer_reported,primary_issuer,https://static.cninfo.com.cn/finalpage/2026-03-27/1225039287.PDF,8,Primary issuer annual/interim report main financial-data table.,2026-08-07T07:37:28.689768+00:00
airline_official_report_drivers,601111_2025_fy,0753.HK / 601111.SH,Air China,annual,FY2025,2025-12-31,2026-03-27,weighted_average_roe,-4.04,%,,,,,,,group_reported,issuer_reported,primary_issuer,https://static.cninfo.com.cn/finalpage/2026-03-27/1225039287.PDF,8,Primary issuer annual/interim report main financial-data table.,2026-08-07T07:37:28.689768+00:00
airline_official_report_drivers,601111_2025_fy,0753.HK / 601111.SH,Air China,annual,FY2025,2025-12-31,2026-03-27,operating_cost,162647.28,RMB million,RMB,23231.936252461644,USD million,USD_CNY,2025-12-31,7.001021276595745,group_reported,issuer_reported,primary_issuer,https://static.cninfo.com.cn/finalpage/2026-03-27/1225039287.PDF,16,Primary issuer income-statement / financial-indicator table.,2026-08-07T07:37:28.689768+00:00
airline_official_report_drivers,601111_2025_fy,0753.HK / 601111.SH,Air China,annual,FY2025,2025-12-31,2026-03-27,fuel_cost,50041.444,RMB million,RMB,7147.73488366439,USD million,USD_CNY,2025-12-31,7.001021276595745,group_reported,issuer_reported,primary_issuer,https://static.cninfo.com.cn/finalpage/2026-03-27/1225039287.PDF,18,Primary issuer cost-analysis table; reported cost category.,2026-08-07T07:37:28.689768+00:00
airline_official_report_drivers,601111_2025_fy,0753.HK / 601111.SH,Air China,annual,FY2025,2025-12-31,2026-03-27,staff_cost,30402.218,RMB million,RMB,4342.5404378692465,USD million,USD_CNY,2025-12-31,7.001021276595745,group_reported,issuer_reported,primary_issuer,https://static.cninfo.com.cn/finalpage/2026-03-27/1225039287.PDF,18,Primary issuer cost-analysis table; reported cost category.,2026-08-07T07:37:28.689768+00:00
airline_official_report_drivers,601111_2025_fy,0753.HK / 601111.SH,Air China,annual,FY2025,2025-12-31,2026-03-27,ask,367641.22,million seat-km,,,,,,,group_reported,issuer_reported,primary_issuer,https://static.cninfo.com.cn/finalpage/2026-03-27/1225039287.PDF,17,Primary issuer operating-information table; ASK normalized to million seat-km.,2026-08-07T07:37:28.689768+00:00
airline_official_report_drivers,601111_2025_fy,0753.HK / 601111.SH,Air China,annual,FY2025,2025-12-31,2026-03-27,rpk,301015.56,million passenger-km,,,,,,,group_reported,issuer_reported,primary_issuer,https://static.cninfo.com.cn/finalpage/2026-03-27/1225039287.PDF,17,Primary issuer operating-information table; RPK normalized to million passenger-km.,2026-08-07T07:37:28.689768+00:00
airline_official_report_drivers,601111_2025_fy,0753.HK / 601111.SH,Air China,annual,FY2025,2025-12-31,2026-03-27,passengers,160.59653,million passengers,,,,,,,group_reported,issuer_reported,primary_issuer,https://static.cninfo.com.cn/finalpage/2026-03-27/1225039287.PDF,17,Primary issuer operating-information table; passenger count normalized to millions.,2026-08-07T07:37:28.689768+00:00
airline_official_report_drivers,601111_2025_fy,0753.HK / 601111.SH,Air China,annual,FY2025,2025-12-31,2026-03-27,passenger_load_factor_pct,81.88,%,,,,,,,group_reported,issuer_reported,primary_issuer,https://static.cninfo.com.cn/finalpage/2026-03-27/1225039287.PDF,17,Primary issuer operating-information table.,2026-08-07T07:37:28.689768+00:00
airline_official_report_drivers,601111_2025_fy,0753.HK / 601111.SH,Air China,annual,FY2025,2025-12-31,2026-03-27,cargo_load_factor_pct,39.05,%,,,,,,,group_reported,issuer_reported,primary_issuer,https://static.cninfo.com.cn/finalpage/2026-03-27/1225039287.PDF,17,Primary issuer operating-information table.,2026-08-07T07:37:28.689768+00:00
airline_official_report_drivers,601111_2025_fy,0753.HK / 601111.SH,Air China,annual,FY2025,2025-12-31,2026-03-27,passenger_yield,0.5144,RMB/RPK,RMB,,,,,,issuer_disclosed_line,issuer_reported,primary_issuer,https://static.cninfo.com.cn/finalpage/2026-03-27/1225039287.PDF,17,Primary issuer disclosed passenger-yield line; scope follows the issuer table.,2026-08-07T07:37:28.689768+00:00
airline_official_report_drivers,601111_2025_fy,0753.HK / 601111.SH,Air China,annual,FY2025,2025-12-31,2026-03-27,cargo_yield,1.5399,RMB/RTK,RMB,,,,,,issuer_disclosed_line,issuer_reported,primary_issuer,https://static.cninfo.com.cn/finalpage/2026-03-27/1225039287.PDF,17,Primary issuer disclosed cargo-yield line; scope follows the issuer table.,2026-08-07T07:37:28.689768+00:00
airline_official_report_drivers,601111_2025_fy,0753.HK / 601111.SH,Air China,annual,FY2025,2025-12-31,2026-03-27,cask,0.4424,RMB/ASK,RMB,,,,,,issuer_disclosed_line,issuer_reported,primary_issuer,https://static.cninfo.com.cn/finalpage/2026-03-27/1225039287.PDF,17,Primary issuer disclosed unit-cost line; scope follows the issuer table.,2026-08-07T07:37:28.689768+00:00
airline_official_report_drivers,601111_2025_fy,0753.HK / 601111.SH,Air China,annual,FY2025,2025-12-31,2026-03-27,daily_utilization,8.89,hours/day,,,,,,,group_reported,issuer_reported,primary_issuer,https://static.cninfo.com.cn/finalpage/2026-03-27/1225039287.PDF,17,Primary issuer operating-information table.,2026-08-07T07:37:28.689768+00:00
airline_official_report_drivers,601111_2025_fy,0753.HK / 601111.SH,Air China,annual,FY2025,2025-12-31,2026-03-27,fleet_total,964.0,aircraft,,,,,,,group_reported,issuer_reported,primary_issuer,https://static.cninfo.com.cn/finalpage/2026-03-27/1225039287.PDF,17,Primary issuer fleet table / group fleet total.,2026-08-07T07:37:28.689768+00:00
airline_official_report_drivers,601111_2025_fy,0753.HK / 601111.SH,Air China,annual,FY2025,2025-12-31,2026-03-27,fuel_cost_sensitivity_5pct_abs,2502.0,RMB million,RMB,357.3764314021054,USD million,USD_CNY,2025-12-31,7.001021276595745,sensitivity_reported,issuer_reported,primary_issuer,https://static.cninfo.com.cn/finalpage/2026-03-27/1225039287.PDF,29,Primary issuer risk disclosure; absolute fuel-cost change for a 5% average jet-fuel-price move.,2026-08-07T07:37:28.689768+00:00
airline_official_report_drivers,601111_2025_fy,0753.HK / 601111.SH,Air China,annual,FY2025,2025-12-31,2026-03-27,passenger_revenue,154855.779,RMB million,RMB,22119.02705076463,USD million,USD_CNY,2025-12-31,7.001021276595745,group_reported,issuer_reported,primary_issuer,https://static.cninfo.com.cn/finalpage/2026-03-27/1225039287.PDF,16,Primary issuer table anchor; Air China product-revenue table: aviation passenger revenue.,2026-08-07T07:37:28.689768+00:00
airline_official_report_drivers,601111_2025_fy,0753.HK / 601111.SH,Air China,annual,FY2025,2025-12-31,2026-03-27,cargo_revenue,7778.38,RMB million,RMB,1111.0350465585568,USD million,USD_CNY,2025-12-31,7.001021276595745,group_reported,issuer_reported,primary_issuer,https://static.cninfo.com.cn/finalpage/2026-03-27/1225039287.PDF,16,Primary issuer table anchor; Air China product-revenue table: aviation cargo and mail revenue.,2026-08-07T07:37:28.689768+00:00
airline_official_report_drivers,601111_2025_fy,0753.HK / 601111.SH,Air China,annual,FY2025,2025-12-31,2026-03-27,cash_and_cash_equivalents,14295.268,RMB million,RMB,2041.8832389195495,USD million,USD_CNY,2025-12-31,7.001021276595745,group_reported,issuer_reported,primary_issuer,https://static.cninfo.com.cn/finalpage/2026-03-27/1225039287.PDF,85,Primary issuer table anchor; Air China consolidated cash-flow statement: year-end cash and cash equivalents; source narrative also states RMB14.295bn.,2026-08-07T07:37:28.689768+00:00
airline_official_report_drivers,601111_2025_fy,0753.HK / 601111.SH,Air China,annual,FY2025,2025-12-31,2026-03-27,total_liabilities,303815.731,RMB million,RMB,43395.915966667475,USD million,USD_CNY,2025-12-31,7.001021276595745,group_reported,issuer_reported,primary_issuer,https://static.cninfo.com.cn/finalpage/2026-03-27/1225039287.PDF,78,Primary issuer table anchor; Air China consolidated balance sheet: total liabilities.,2026-08-07T07:37:28.689768+00:00
airline_official_report_drivers,601111_2025_fy,0753.HK / 601111.SH,Air China,annual,FY2025,2025-12-31,2026-03-27,interest_bearing_debt,228320.0,RMB million,RMB,32612.384819236097,USD million,USD_CNY,2025-12-31,7.001021276595745,group_reported,issuer_reported,primary_issuer,https://static.cninfo.com.cn/finalpage/2026-03-27/1225039287.PDF,20,"Primary issuer table anchor; Air China management discussion: current and non-current interest-bearing debt of RMB662.60bn and RMB1,620.60bn, summed to RMB228.320bn.",2026-08-07T07:37:28.689768+00:00
airline_official_report_drivers,601111_2025_fy,0753.HK / 601111.SH,Air China,annual,FY2025,2025-12-31,2026-03-27,capex_cash_paid,17561.276,RMB million,RMB,2508.3877488998564,USD million,USD_CNY,2025-12-31,7.001021276595745,group_reported,issuer_reported,primary_issuer,https://static.cninfo.com.cn/finalpage/2026-03-27/1225039287.PDF,84,"Primary issuer table anchor; Air China consolidated cash-flow statement: cash paid for property, plant and equipment and other long-term assets.",2026-08-07T07:37:28.689768+00:00
airline_official_report_drivers,601111_2025_fy,0753.HK / 601111.SH,Air China,annual,FY2025,2025-12-31,2026-03-27,passenger_yield_derived,0.5144444327064023,RMB/RPK,RMB,,,,,,derived_group,derived,primary_issuer,https://static.cninfo.com.cn/finalpage/2026-03-27/1225039287.PDF,16,"Derived as passenger revenue / RPK; use only when revenue and RPK have matching scope. Input source pages: passenger revenue=16, RPK=17.",2026-08-07T07:37:28.689768+00:00
airline_official_report_drivers,601111_2025_fy,0753.HK / 601111.SH,Air China,annual,FY2025,2025-12-31,2026-03-27,rask_derived,0.4212144084387491,RMB/ASK,RMB,,,,,,derived_group,derived,primary_issuer,https://static.cninfo.com.cn/finalpage/2026-03-27/1225039287.PDF,16,"Derived as passenger revenue / ASK; not issuer-reported RASK. Input source pages: passenger revenue=16, ASK=17.",2026-08-07T07:37:28.689768+00:00
airline_official_report_drivers,601111_2025_fy,0753.HK / 601111.SH,Air China,annual,FY2025,2025-12-31,2026-03-27,cask_derived,0.4424076277409807,RMB/ASK,RMB,,,,,,derived_group,derived,primary_issuer,https://static.cninfo.com.cn/finalpage/2026-03-27/1225039287.PDF,16,Derived as consolidated operating cost / ASK; not issuer-reported CASK.,2026-08-07T07:37:28.689768+00:00
airline_official_report_drivers,601111_2025_fy,0753.HK / 601111.SH,Air China,annual,FY2025,2025-12-31,2026-03-27,fuel_cost_per_ask_derived,0.1361148894022275,RMB/ASK,RMB,,,,,,derived_group,derived,primary_issuer,https://static.cninfo.com.cn/finalpage/2026-03-27/1225039287.PDF,18,"Derived as reported fuel cost / ASK; fuel-price, mix and hedging effects remain embedded.",2026-08-07T07:37:28.689768+00:00
airline_official_report_drivers,601111_2025_fy,0753.HK / 601111.SH,Air China,annual,FY2025,2025-12-31,2026-03-27,fuel_cost_share_pct_derived,30.76684959010689,%,,,,,,,derived_group,derived,primary_issuer,https://static.cninfo.com.cn/finalpage/2026-03-27/1225039287.PDF,18,Derived as reported fuel cost / reported operating cost.,2026-08-07T07:37:28.689768+00:00
airline_official_report_drivers,601111_2025_fy,0753.HK / 601111.SH,Air China,annual,FY2025,2025-12-31,2026-03-27,liabilities_to_assets_pct_derived,88.56381630047434,%,,,,,,,derived_group,derived_from_total_liabilities_divided_by_total_assets,primary_issuer,https://static.cninfo.com.cn/finalpage/2026-03-27/1225039287.PDF,78,"Derived as consolidated total liabilities / total assets; not an issuer-reported ratio. Input source pages: liabilities=78, assets=8.",2026-08-07T07:37:28.689768+00:00
airline_official_report_drivers,601111_2025_h1,0753.HK / 601111.SH,Air China,interim,1H2025,2025-06-30,2025-08-29,attributable_net_income,-1805.673,RMB million,RMB,-252.0243844230082,USD million,USD_CNY,2025-06-30,7.164675767918089,group_reported,issuer_reported,primary_issuer,https://static.cninfo.com.cn/finalpage/2025-08-29/1224611848.PDF,7,Primary issuer annual/interim report main financial-data table.,2026-08-07T07:37:45.264500+00:00
airline_official_report_drivers,601111_2025_h1,0753.HK / 601111.SH,Air China,interim,1H2025,2025-06-30,2025-08-29,operating_cash_flow,17831.15,RMB million,RMB,2488.7588186257,USD million,USD_CNY,2025-06-30,7.164675767918089,group_reported,issuer_reported,primary_issuer,https://static.cninfo.com.cn/finalpage/2025-08-29/1224611848.PDF,7,Primary issuer annual/interim report main financial-data table.,2026-08-07T07:37:45.264500+00:00
airline_official_report_drivers,601111_2025_h1,0753.HK / 601111.SH,Air China,interim,1H2025,2025-06-30,2025-08-29,equity_attributable,42641.955,RMB million,RMB,5951.693612004287,USD million,USD_CNY,2025-06-30,7.164675767918089,group_reported,issuer_reported,primary_issuer,https://static.cninfo.com.cn/finalpage/2025-08-29/1224611848.PDF,7,Primary issuer annual/interim report main financial-data table.,2026-08-07T07:37:45.264500+00:00
airline_official_report_drivers,601111_2025_h1,0753.HK / 601111.SH,Air China,interim,1H2025,2025-06-30,2025-08-29,total_assets,347557.50800000003,RMB million,RMB,48509.87249922592,USD million,USD_CNY,2025-06-30,7.164675767918089,group_reported,issuer_reported,primary_issuer,https://static.cninfo.com.cn/finalpage/2025-08-29/1224611848.PDF,7,Primary issuer annual/interim report main financial-data table.,2026-08-07T07:37:45.264500+00:00
airline_official_report_drivers,601111_2025_h1,0753.HK / 601111.SH,Air China,interim,1H2025,2025-06-30,2025-08-29,basic_eps,-0.11,RMB/share,RMB,,,,,,group_reported,issuer_reported,primary_issuer,https://static.cninfo.com.cn/finalpage/2025-08-29/1224611848.PDF,7,Primary issuer annual/interim report main financial-data table.,2026-08-07T07:37:45.264500+00:00
airline_official_report_drivers,601111_2025_h1,0753.HK / 601111.SH,Air China,interim,1H2025,2025-06-30,2025-08-29,weighted_average_roe,-4.11,%,,,,,,,group_reported,issuer_reported,primary_issuer,https://static.cninfo.com.cn/finalpage/2025-08-29/1224611848.PDF,7,Primary issuer annual/interim report main financial-data table.,2026-08-07T07:37:45.264500+00:00
airline_official_report_drivers,601111_2025_h1,0753.HK / 601111.SH,Air China,interim,1H2025,2025-06-30,2025-08-29,ask,177576.14,million seat-km,,,,,,,group_reported,issuer_reported,primary_issuer,https://static.cninfo.com.cn/finalpage/2025-08-29/1224611848.PDF,12,Primary issuer operating-information table; ASK normalized to million seat-km.,2026-08-07T07:37:45.264500+00:00
airline_official_report_drivers,601111_2025_h1,0753.HK / 601111.SH,Air China,interim,1H2025,2025-06-30,2025-08-29,rpk,143336.58,million passenger-km,,,,,,,group_reported,issuer_reported,primary_issuer,https://static.cninfo.com.cn/finalpage/2025-08-29/1224611848.PDF,12,Primary issuer operating-information table; RPK normalized to million passenger-km.,2026-08-07T07:37:45.264500+00:00
airline_official_report_drivers,601111_2025_h1,0753.HK / 601111.SH,Air China,interim,1H2025,2025-06-30,2025-08-29,cargo_load_factor_pct,37.48,%,,,,,,,group_reported,issuer_reported,primary_issuer,https://static.cninfo.com.cn/finalpage/2025-08-29/1224611848.PDF,12,Primary issuer operating-information table.,2026-08-07T07:37:45.264500+00:00
airline_official_report_drivers,601111_2025_h1,0753.HK / 601111.SH,Air China,interim,1H2025,2025-06-30,2025-08-29,passenger_yield,0.5107,RMB/RPK,RMB,,,,,,issuer_disclosed_line,issuer_reported,primary_issuer,https://static.cninfo.com.cn/finalpage/2025-08-29/1224611848.PDF,12,Primary issuer disclosed passenger-yield line; scope follows the issuer table.,2026-08-07T07:37:45.264500+00:00
airline_official_report_drivers,601111_2025_h1,0753.HK / 601111.SH,Air China,interim,1H2025,2025-06-30,2025-08-29,cargo_yield,1.4853,RMB/RTK,RMB,,,,,,issuer_disclosed_line,issuer_reported,primary_issuer,https://static.cninfo.com.cn/finalpage/2025-08-29/1224611848.PDF,12,Primary issuer disclosed cargo-yield line; scope follows the issuer table.,2026-08-07T07:37:45.264500+00:00
airline_official_report_drivers,601111_2025_h1,0753.HK / 601111.SH,Air China,interim,1H2025,2025-06-30,2025-08-29,cask,0.4412,RMB/ASK,RMB,,,,,,issuer_disclosed_line,issuer_reported,primary_issuer,https://static.cninfo.com.cn/finalpage/2025-08-29/1224611848.PDF,12,Primary issuer disclosed unit-cost line; scope follows the issuer table.,2026-08-07T07:37:45.264500+00:00
airline_official_report_drivers,601111_2025_h1,0753.HK / 601111.SH,Air China,interim,1H2025,2025-06-30,2025-08-29,daily_utilization,0.03,hours/day,,,,,,,group_reported,issuer_reported,primary_issuer,https://static.cninfo.com.cn/finalpage/2025-08-29/1224611848.PDF,12,Primary issuer operating-information table.,2026-08-07T07:37:45.264500+00:00
airline_official_report_drivers,601111_2025_h1,0753.HK / 601111.SH,Air China,interim,1H2025,2025-06-30,2025-08-29,passenger_load_factor_pct,80.72,%,,,,,,,group_reported,issuer_reported,primary_issuer,https://static.cninfo.com.cn/finalpage/2025-08-29/1224611848.PDF,12,Primary issuer table anchor; Air China operating table: group passenger load factor.,2026-08-07T07:37:45.264500+00:00
airline_official_report_drivers,601111_2025_h1,0753.HK / 601111.SH,Air China,interim,1H2025,2025-06-30,2025-08-29,fuel_cost,24327.485,RMB million,RMB,3395.4760533523877,USD million,USD_CNY,2025-06-30,7.164675767918089,group_reported,issuer_reported,primary_issuer,https://static.cninfo.com.cn/finalpage/2025-08-29/1224611848.PDF,15,Primary issuer table anchor; Air China cost-analysis table: aviation fuel cost.,2026-08-07T07:37:45.264500+00:00
airline_official_report_drivers,601111_2025_h1,0753.HK / 601111.SH,Air China,interim,1H2025,2025-06-30,2025-08-29,passenger_revenue,73196.376,RMB million,RMB,10216.285896391568,USD million,USD_CNY,2025-06-30,7.164675767918089,group_reported,issuer_reported,primary_issuer,https://static.cninfo.com.cn/finalpage/2025-08-29/1224611848.PDF,15,Primary issuer table anchor; Air China product-revenue table: aviation passenger revenue.,2026-08-07T07:37:45.264500+00:00
airline_official_report_drivers,601111_2025_h1,0753.HK / 601111.SH,Air China,interim,1H2025,2025-06-30,2025-08-29,cargo_revenue,3577.468,RMB million,RMB,499.3202924854114,USD million,USD_CNY,2025-06-30,7.164675767918089,group_reported,issuer_reported,primary_issuer,https://static.cninfo.com.cn/finalpage/2025-08-29/1224611848.PDF,15,Primary issuer table anchor; Air China product-revenue table: aviation cargo and mail revenue.,2026-08-07T07:37:45.264500+00:00
airline_official_report_drivers,601111_2025_h1,0753.HK / 601111.SH,Air China,interim,1H2025,2025-06-30,2025-08-29,cash_and_cash_equivalents,25331.0,RMB million,RMB,3535.540312016196,USD million,USD_CNY,2025-06-30,7.164675767918089,group_reported,issuer_reported,primary_issuer,https://static.cninfo.com.cn/finalpage/2025-08-29/1224611848.PDF,16,"Primary issuer table anchor; Air China management discussion: group cash and cash equivalents at 2025-06-30, reported as RMB253.31亿元 (RMB25.331bn).",2026-08-07T07:37:45.264500+00:00
airline_official_report_drivers,601111_2025_h1,0753.HK / 601111.SH,Air China,interim,1H2025,2025-06-30,2025-08-29,total_liabilities,309309.0,RMB million,RMB,43171.38835298321,USD million,USD_CNY,2025-06-30,7.164675767918089,group_reported,issuer_reported,primary_issuer,https://static.cninfo.com.cn/finalpage/2025-08-29/1224611848.PDF,16,"Primary issuer table anchor; Air China management discussion: group total liabilities at 2025-06-30, reported as RMB3,093.09亿元 (RMB309.309bn).",2026-08-07T07:37:45.264500+00:00
airline_official_report_drivers,601111_2025_h1,0753.HK / 601111.SH,Air China,interim,1H2025,2025-06-30,2025-08-29,interest_bearing_debt,236179.0,RMB million,RMB,32964.36679766583,USD million,USD_CNY,2025-06-30,7.164675767918089,group_reported,issuer_reported,primary_issuer,https://static.cninfo.com.cn/finalpage/2025-08-29/1224611848.PDF,16,"Primary issuer table anchor; Air China management discussion: current and non-current interest-bearing debt of RMB766.96bn and RMB1,594.83bn, summed to RMB236.179bn.",2026-08-07T07:37:45.264500+00:00
airline_official_report_drivers,601111_2025_h1,0753.HK / 601111.SH,Air China,interim,1H2025,2025-06-30,2025-08-29,passenger_yield_derived,0.5106608236362274,RMB/RPK,RMB,,,,,,derived_group,derived,primary_issuer,https://static.cninfo.com.cn/finalpage/2025-08-29/1224611848.PDF,15,"Derived as passenger revenue / RPK; use only when revenue and RPK have matching scope. Input source pages: passenger revenue=15, RPK=12.",2026-08-07T07:37:45.264500+00:00
airline_official_report_drivers,601111_2025_h1,0753.HK / 601111.SH,Air China,interim,1H2025,2025-06-30,2025-08-29,rask_derived,0.412197134142008,RMB/ASK,RMB,,,,,,derived_group,derived,primary_issuer,https://static.cninfo.com.cn/finalpage/2025-08-29/1224611848.PDF,15,"Derived as passenger revenue / ASK; not issuer-reported RASK. Input source pages: passenger revenue=15, ASK=12.",2026-08-07T07:37:45.264500+00:00
airline_official_report_drivers,601111_2025_h1,0753.HK / 601111.SH,Air China,interim,1H2025,2025-06-30,2025-08-29,fuel_cost_per_ask_derived,0.1369974873876636,RMB/ASK,RMB,,,,,,derived_group,derived,primary_issuer,https://static.cninfo.com.cn/finalpage/2025-08-29/1224611848.PDF,12,"Derived as reported fuel cost / ASK; fuel-price, mix and hedging effects remain embedded.",2026-08-07T07:37:45.264500+00:00
airline_official_report_drivers,601111_2025_h1,0753.HK / 601111.SH,Air China,interim,1H2025,2025-06-30,2025-08-29,liabilities_to_assets_pct_derived,88.99505632316824,%,,,,,,,derived_group,derived_from_total_liabilities_divided_by_total_assets,primary_issuer,https://static.cninfo.com.cn/finalpage/2025-08-29/1224611848.PDF,16,"Derived as consolidated total liabilities / total assets; not an issuer-reported ratio. Input source pages: liabilities=16, assets=7.",2026-08-07T07:37:45.264500+00:00
airline_official_report_drivers,600029_2025_fy,01055.HK / 600029.SH,China Southern Airlines,annual,FY2025,2025-12-31,2026-03-31,total_revenue,182256.0,RMB million,RMB,26032.773333981662,USD million,USD_CNY,2025-12-31,7.001021276595745,group_reported,issuer_reported,primary_issuer,https://static.cninfo.com.cn/finalpage/2026-03-31/1225063223.PDF,8,Primary issuer annual/interim report main financial-data table.,2026-08-07T07:37:56.879488+00:00
airline_official_report_drivers,600029_2025_fy,01055.HK / 600029.SH,China Southern Airlines,annual,FY2025,2025-12-31,2026-03-31,profit_total,4811.0,RMB million,RMB,687.1854562252315,USD million,USD_CNY,2025-12-31,7.001021276595745,group_reported,issuer_reported,primary_issuer,https://static.cninfo.com.cn/finalpage/2026-03-31/1225063223.PDF,8,Primary issuer annual/interim report main financial-data table.,2026-08-07T07:37:56.879488+00:00
airline_official_report_drivers,600029_2025_fy,01055.HK / 600029.SH,China Southern Airlines,annual,FY2025,2025-12-31,2026-03-31,attributable_net_income,857.0,RMB million,RMB,122.4107121149498,USD million,USD_CNY,2025-12-31,7.001021276595745,group_reported,issuer_reported,primary_issuer,https://static.cninfo.com.cn/finalpage/2026-03-31/1225063223.PDF,8,Primary issuer annual/interim report main financial-data table.,2026-08-07T07:37:56.879488+00:00
airline_official_report_drivers,600029_2025_fy,01055.HK / 600029.SH,China Southern Airlines,annual,FY2025,2025-12-31,2026-03-31,total_assets,349814.0,RMB million,RMB,49966.138678855365,USD million,USD_CNY,2025-12-31,7.001021276595745,group_reported,issuer_reported,primary_issuer,https://static.cninfo.com.cn/finalpage/2026-03-31/1225063223.PDF,8,Primary issuer annual/interim report main financial-data table.,2026-08-07T07:37:56.879488+00:00
airline_official_report_drivers,600029_2025_fy,01055.HK / 600029.SH,China Southern Airlines,annual,FY2025,2025-12-31,2026-03-31,basic_eps,0.05,RMB/share,RMB,,,,,,group_reported,issuer_reported,primary_issuer,https://static.cninfo.com.cn/finalpage/2026-03-31/1225063223.PDF,8,Primary issuer annual/interim report main financial-data table.,2026-08-07T07:37:56.879488+00:00
airline_official_report_drivers,600029_2025_fy,01055.HK / 600029.SH,China Southern Airlines,annual,FY2025,2025-12-31,2026-03-31,weighted_average_roe,2.44,%,,,,,,,group_reported,issuer_reported,primary_issuer,https://static.cninfo.com.cn/finalpage/2026-03-31/1225063223.PDF,8,Primary issuer annual/interim report main financial-data table.,2026-08-07T07:37:56.879488+00:00
airline_official_report_drivers,600029_2025_fy,01055.HK / 600029.SH,China Southern Airlines,annual,FY2025,2025-12-31,2026-03-31,operating_cost,163780.0,RMB million,RMB,23393.729790182584,USD million,USD_CNY,2025-12-31,7.001021276595745,group_reported,issuer_reported,primary_issuer,https://static.cninfo.com.cn/finalpage/2026-03-31/1225063223.PDF,22,Primary issuer income-statement / financial-indicator table.,2026-08-07T07:37:56.879488+00:00
airline_official_report_drivers,600029_2025_fy,01055.HK / 600029.SH,China Southern Airlines,annual,FY2025,2025-12-31,2026-03-31,fuel_cost,52526.0,RMB million,RMB,7502.619678587926,USD million,USD_CNY,2025-12-31,7.001021276595745,group_reported,issuer_reported,primary_issuer,https://static.cninfo.com.cn/finalpage/2026-03-31/1225063223.PDF,23,Primary issuer cost-analysis table; reported cost category.,2026-08-07T07:37:56.879488+00:00
airline_official_report_drivers,600029_2025_fy,01055.HK / 600029.SH,China Southern Airlines,annual,FY2025,2025-12-31,2026-03-31,staff_cost,24855.0,RMB million,RMB,3550.19632394058,USD million,USD_CNY,2025-12-31,7.001021276595745,group_reported,issuer_reported,primary_issuer,https://static.cninfo.com.cn/finalpage/2026-03-31/1225063223.PDF,23,Primary issuer cost-analysis table; reported cost category.,2026-08-07T07:37:56.879488+00:00
airline_official_report_drivers,600029_2025_fy,01055.HK / 600029.SH,China Southern Airlines,annual,FY2025,2025-12-31,2026-03-31,depreciation_amortization,29906.0,RMB million,RMB,4271.662493010138,USD million,USD_CNY,2025-12-31,7.001021276595745,group_reported,issuer_reported,primary_issuer,https://static.cninfo.com.cn/finalpage/2026-03-31/1225063223.PDF,23,Primary issuer cost-analysis table; reported cost category.,2026-08-07T07:37:56.879488+00:00
airline_official_report_drivers,600029_2025_fy,01055.HK / 600029.SH,China Southern Airlines,annual,FY2025,2025-12-31,2026-03-31,airport_landing_cost,21093.0,RMB million,RMB,3012.8461501057595,USD million,USD_CNY,2025-12-31,7.001021276595745,group_reported,issuer_reported,primary_issuer,https://static.cninfo.com.cn/finalpage/2026-03-31/1225063223.PDF,23,Primary issuer cost-analysis table; reported cost category.,2026-08-07T07:37:56.879488+00:00
airline_official_report_drivers,600029_2025_fy,01055.HK / 600029.SH,China Southern Airlines,annual,FY2025,2025-12-31,2026-03-31,maintenance_cost,11912.0,RMB million,RMB,1701.4660475067467,USD million,USD_CNY,2025-12-31,7.001021276595745,group_reported,issuer_reported,primary_issuer,https://static.cninfo.com.cn/finalpage/2026-03-31/1225063223.PDF,23,Primary issuer cost-analysis table; reported cost category.,2026-08-07T07:37:56.879488+00:00
airline_official_report_drivers,600029_2025_fy,01055.HK / 600029.SH,China Southern Airlines,annual,FY2025,2025-12-31,2026-03-31,lease_cost,2027.0,RMB million,RMB,289.5291872310423,USD million,USD_CNY,2025-12-31,7.001021276595745,group_reported,issuer_reported,primary_issuer,https://static.cninfo.com.cn/finalpage/2026-03-31/1225063223.PDF,23,Primary issuer cost-analysis table; reported cost category.,2026-08-07T07:37:56.879488+00:00
airline_official_report_drivers,600029_2025_fy,01055.HK / 600029.SH,China Southern Airlines,annual,FY2025,2025-12-31,2026-03-31,ask,386429.36,million seat-km,,,,,,,group_reported,issuer_reported,primary_issuer,https://static.cninfo.com.cn/finalpage/2026-03-31/1225063223.PDF,16,Primary issuer operating-information table; ASK normalized to million seat-km.,2026-08-07T07:37:56.879488+00:00
airline_official_report_drivers,600029_2025_fy,01055.HK / 600029.SH,China Southern Airlines,annual,FY2025,2025-12-31,2026-03-31,rpk,331305.73,million passenger-km,,,,,,,group_reported,issuer_reported,primary_issuer,https://static.cninfo.com.cn/finalpage/2026-03-31/1225063223.PDF,16,Primary issuer operating-information table; RPK normalized to million passenger-km.,2026-08-07T07:37:56.879488+00:00
airline_official_report_drivers,600029_2025_fy,01055.HK / 600029.SH,China Southern Airlines,annual,FY2025,2025-12-31,2026-03-31,passengers,173.73117000000002,million passengers,,,,,,,group_reported,issuer_reported,primary_issuer,https://static.cninfo.com.cn/finalpage/2026-03-31/1225063223.PDF,16,Primary issuer operating-information table; passenger count normalized to millions.,2026-08-07T07:37:56.879488+00:00
airline_official_report_drivers,600029_2025_fy,01055.HK / 600029.SH,China Southern Airlines,annual,FY2025,2025-12-31,2026-03-31,passenger_load_factor_pct,85.74,%,,,,,,,group_reported,issuer_reported,primary_issuer,https://static.cninfo.com.cn/finalpage/2026-03-31/1225063223.PDF,16,Primary issuer operating-information table.,2026-08-07T07:37:56.879488+00:00
airline_official_report_drivers,600029_2025_fy,01055.HK / 600029.SH,China Southern Airlines,annual,FY2025,2025-12-31,2026-03-31,passenger_yield,0.46,RMB/RPK,RMB,,,,,,issuer_disclosed_line,issuer_reported,primary_issuer,https://static.cninfo.com.cn/finalpage/2026-03-31/1225063223.PDF,16,Primary issuer disclosed passenger-yield line; scope follows the issuer table.,2026-08-07T07:37:56.879488+00:00
airline_official_report_drivers,600029_2025_fy,01055.HK / 600029.SH,China Southern Airlines,annual,FY2025,2025-12-31,2026-03-31,cargo_yield,1.97,RMB/RTK,RMB,,,,,,issuer_disclosed_line,issuer_reported,primary_issuer,https://static.cninfo.com.cn/finalpage/2026-03-31/1225063223.PDF,16,Primary issuer disclosed cargo-yield line; scope follows the issuer table.,2026-08-07T07:37:56.879488+00:00
airline_official_report_drivers,600029_2025_fy,01055.HK / 600029.SH,China Southern Airlines,annual,FY2025,2025-12-31,2026-03-31,fleet_total,972.0,aircraft,,,,,,,group_reported,issuer_reported,primary_issuer,https://static.cninfo.com.cn/finalpage/2026-03-31/1225063223.PDF,16,Primary issuer fleet table / group fleet total.,2026-08-07T07:37:56.879488+00:00
airline_official_report_drivers,600029_2025_fy,01055.HK / 600029.SH,China Southern Airlines,annual,FY2025,2025-12-31,2026-03-31,passenger_revenue,156688.0,RMB million,RMB,22380.734725632738,USD million,USD_CNY,2025-12-31,7.001021276595745,issuer_disclosed_line,issuer_reported,primary_issuer,https://static.cninfo.com.cn/finalpage/2026-03-31/1225063223.PDF,22,Primary issuer revenue-disaggregation table; wording and scope follow the report.,2026-08-07T07:37:56.879488+00:00
airline_official_report_drivers,600029_2025_fy,01055.HK / 600029.SH,China Southern Airlines,annual,FY2025,2025-12-31,2026-03-31,cargo_revenue,19670.0,RMB million,RMB,2809.590090199606,USD million,USD_CNY,2025-12-31,7.001021276595745,issuer_disclosed_line,issuer_reported,primary_issuer,https://static.cninfo.com.cn/finalpage/2026-03-31/1225063223.PDF,22,Primary issuer revenue-disaggregation table; wording and scope follow the report.,2026-08-07T07:37:56.879488+00:00
airline_official_report_drivers,600029_2025_fy,01055.HK / 600029.SH,China Southern Airlines,annual,FY2025,2025-12-31,2026-03-31,cash_and_cash_equivalents,9402.0,RMB million,RMB,1342.946925676497,USD million,USD_CNY,2025-12-31,7.001021276595745,group_reported,issuer_reported,primary_issuer,https://static.cninfo.com.cn/finalpage/2026-03-31/1225063223.PDF,191,Primary issuer table anchor; China Southern consolidated cash-flow note: year-end cash and cash equivalents.,2026-08-07T07:37:56.879488+00:00
airline_official_report_drivers,600029_2025_fy,01055.HK / 600029.SH,China Southern Airlines,annual,FY2025,2025-12-31,2026-03-31,total_liabilities,294803.0,RMB million,RMB,42108.570786025135,USD million,USD_CNY,2025-12-31,7.001021276595745,group_reported,issuer_reported,primary_issuer,https://static.cninfo.com.cn/finalpage/2026-03-31/1225063223.PDF,93,Primary issuer table anchor; China Southern consolidated balance sheet: total liabilities.,2026-08-07T07:37:56.879488+00:00
airline_official_report_drivers,600029_2025_fy,01055.HK / 600029.SH,China Southern Airlines,annual,FY2025,2025-12-31,2026-03-31,capex_cash_paid,17767.0,RMB million,RMB,2537.772604604799,USD million,USD_CNY,2025-12-31,7.001021276595745,group_reported,issuer_reported,primary_issuer,https://static.cninfo.com.cn/finalpage/2026-03-31/1225063223.PDF,101,"Primary issuer table anchor; China Southern consolidated cash-flow statement: cash paid for property, plant and equipment and other long-term assets.",2026-08-07T07:37:56.879488+00:00
airline_official_report_drivers,600029_2025_fy,01055.HK / 600029.SH,China Southern Airlines,annual,FY2025,2025-12-31,2026-03-31,passenger_yield_derived,0.4729408090828975,RMB/RPK,RMB,,,,,,derived_group,derived,primary_issuer,https://static.cninfo.com.cn/finalpage/2026-03-31/1225063223.PDF,22,"Derived as passenger revenue / RPK; use only when revenue and RPK have matching scope. Input source pages: passenger revenue=22, RPK=16.",2026-08-07T07:37:56.879488+00:00
airline_official_report_drivers,600029_2025_fy,01055.HK / 600029.SH,China Southern Airlines,annual,FY2025,2025-12-31,2026-03-31,rask_derived,0.4054764368835742,RMB/ASK,RMB,,,,,,derived_group,derived,primary_issuer,https://static.cninfo.com.cn/finalpage/2026-03-31/1225063223.PDF,22,"Derived as passenger revenue / ASK; not issuer-reported RASK. Input source pages: passenger revenue=22, ASK=16.",2026-08-07T07:37:56.879488+00:00
airline_official_report_drivers,600029_2025_fy,01055.HK / 600029.SH,China Southern Airlines,annual,FY2025,2025-12-31,2026-03-31,cask_derived,0.423829079653782,RMB/ASK,RMB,,,,,,derived_group,derived,primary_issuer,https://static.cninfo.com.cn/finalpage/2026-03-31/1225063223.PDF,22,Derived as consolidated operating cost / ASK; not issuer-reported CASK.,2026-08-07T07:37:56.879488+00:00
airline_official_report_drivers,600029_2025_fy,01055.HK / 600029.SH,China Southern Airlines,annual,FY2025,2025-12-31,2026-03-31,fuel_cost_per_ask_derived,0.1359265248375537,RMB/ASK,RMB,,,,,,derived_group,derived,primary_issuer,https://static.cninfo.com.cn/finalpage/2026-03-31/1225063223.PDF,23,"Derived as reported fuel cost / ASK; fuel-price, mix and hedging effects remain embedded.",2026-08-07T07:37:56.879488+00:00
airline_official_report_drivers,600029_2025_fy,01055.HK / 600029.SH,China Southern Airlines,annual,FY2025,2025-12-31,2026-03-31,fuel_cost_share_pct_derived,32.0710709488338,%,,,,,,,derived_group,derived,primary_issuer,https://static.cninfo.com.cn/finalpage/2026-03-31/1225063223.PDF,23,Derived as reported fuel cost / reported operating cost.,2026-08-07T07:37:56.879488+00:00
airline_official_report_drivers,600029_2025_fy,01055.HK / 600029.SH,China Southern Airlines,annual,FY2025,2025-12-31,2026-03-31,liabilities_to_assets_pct_derived,84.27421429674055,%,,,,,,,derived_group,derived_from_total_liabilities_divided_by_total_assets,primary_issuer,https://static.cninfo.com.cn/finalpage/2026-03-31/1225063223.PDF,93,"Derived as consolidated total liabilities / total assets; not an issuer-reported ratio. Input source pages: liabilities=93, assets=8.",2026-08-07T07:37:56.879488+00:00
airline_official_report_drivers,600029_2025_h1,01055.HK / 600029.SH,China Southern Airlines,interim,1H2025,2025-06-30,2025-08-29,total_revenue,86291.0,RMB million,RMB,12043.950458497082,USD million,USD_CNY,2025-06-30,7.164675767918089,group_reported,issuer_reported,primary_issuer,https://static.cninfo.com.cn/finalpage/2025-08-29/1224612089.PDF,8,Primary issuer annual/interim report main financial-data table.,2026-08-07T07:38:12.950631+00:00
airline_official_report_drivers,600029_2025_h1,01055.HK / 600029.SH,China Southern Airlines,interim,1H2025,2025-06-30,2025-08-29,profit_total,596.0,RMB million,RMB,83.18589972609264,USD million,USD_CNY,2025-06-30,7.164675767918089,group_reported,issuer_reported,primary_issuer,https://static.cninfo.com.cn/finalpage/2025-08-29/1224612089.PDF,8,Primary issuer annual/interim report main financial-data table.,2026-08-07T07:38:12.950631+00:00
airline_official_report_drivers,600029_2025_h1,01055.HK / 600029.SH,China Southern Airlines,interim,1H2025,2025-06-30,2025-08-29,operating_cash_flow,14341.0,RMB million,RMB,2001.6258187447895,USD million,USD_CNY,2025-06-30,7.164675767918089,group_reported,issuer_reported,primary_issuer,https://static.cninfo.com.cn/finalpage/2025-08-29/1224612089.PDF,8,Primary issuer annual/interim report main financial-data table.,2026-08-07T07:38:12.950631+00:00
airline_official_report_drivers,600029_2025_h1,01055.HK / 600029.SH,China Southern Airlines,interim,1H2025,2025-06-30,2025-08-29,equity_attributable,33195.0,RMB million,RMB,4633.147552697392,USD million,USD_CNY,2025-06-30,7.164675767918089,group_reported,issuer_reported,primary_issuer,https://static.cninfo.com.cn/finalpage/2025-08-29/1224612089.PDF,8,Primary issuer annual/interim report main financial-data table.,2026-08-07T07:38:12.950631+00:00
airline_official_report_drivers,600029_2025_h1,01055.HK / 600029.SH,China Southern Airlines,interim,1H2025,2025-06-30,2025-08-29,total_assets,336535.0,RMB million,RMB,46971.42074550434,USD million,USD_CNY,2025-06-30,7.164675767918089,group_reported,issuer_reported,primary_issuer,https://static.cninfo.com.cn/finalpage/2025-08-29/1224612089.PDF,8,Primary issuer annual/interim report main financial-data table.,2026-08-07T07:38:12.950631+00:00
airline_official_report_drivers,600029_2025_h1,01055.HK / 600029.SH,China Southern Airlines,interim,1H2025,2025-06-30,2025-08-29,weighted_average_roe,-4.51,%,,,,,,,group_reported,issuer_reported,primary_issuer,https://static.cninfo.com.cn/finalpage/2025-08-29/1224612089.PDF,8,Primary issuer annual/interim report main financial-data table.,2026-08-07T07:38:12.950631+00:00
airline_official_report_drivers,600029_2025_h1,01055.HK / 600029.SH,China Southern Airlines,interim,1H2025,2025-06-30,2025-08-29,operating_cost,78688.0,RMB million,RMB,10982.771942360368,USD million,USD_CNY,2025-06-30,7.164675767918089,group_reported,issuer_reported,primary_issuer,https://static.cninfo.com.cn/finalpage/2025-08-29/1224612089.PDF,18,Primary issuer income-statement / financial-indicator table.,2026-08-07T07:38:12.950631+00:00
airline_official_report_drivers,600029_2025_h1,01055.HK / 600029.SH,China Southern Airlines,interim,1H2025,2025-06-30,2025-08-29,cargo_revenue,9080.0,RMB million,RMB,1267.328807907586,USD million,USD_CNY,2025-06-30,7.164675767918089,issuer_disclosed_line,issuer_reported,primary_issuer,https://static.cninfo.com.cn/finalpage/2025-08-29/1224612089.PDF,20,Primary issuer revenue-disaggregation table; wording and scope follow the report.,2026-08-07T07:38:12.950631+00:00
airline_official_report_drivers,600029_2025_h1,01055.HK / 600029.SH,China Southern Airlines,interim,1H2025,2025-06-30,2025-08-29,rpk,157986.19,million passenger-km,,,,,,,group_reported,issuer_reported,primary_issuer,https://static.cninfo.com.cn/finalpage/2025-08-29/1224612089.PDF,14,Primary issuer table anchor; China Southern operating table: group RPK total.,2026-08-07T07:38:12.950631+00:00
airline_official_report_drivers,600029_2025_h1,01055.HK / 600029.SH,China Southern Airlines,interim,1H2025,2025-06-30,2025-08-29,ask,184837.28,million seat-km,,,,,,,group_reported,issuer_reported,primary_issuer,https://static.cninfo.com.cn/finalpage/2025-08-29/1224612089.PDF,15,Primary issuer table anchor; China Southern operating table: group ASK total.,2026-08-07T07:38:12.950631+00:00
airline_official_report_drivers,600029_2025_h1,01055.HK / 600029.SH,China Southern Airlines,interim,1H2025,2025-06-30,2025-08-29,passengers,83.27982,million passengers,,,,,,,group_reported,issuer_reported,primary_issuer,https://static.cninfo.com.cn/finalpage/2025-08-29/1224612089.PDF,14,"Primary issuer table anchor; China Southern operating table: group passengers, converted from thousand.",2026-08-07T07:38:12.950631+00:00
airline_official_report_drivers,600029_2025_h1,01055.HK / 600029.SH,China Southern Airlines,interim,1H2025,2025-06-30,2025-08-29,passenger_load_factor_pct,85.47,%,,,,,,,group_reported,issuer_reported,primary_issuer,https://static.cninfo.com.cn/finalpage/2025-08-29/1224612089.PDF,15,Primary issuer table anchor; China Southern operating table: average passenger load factor.,2026-08-07T07:38:12.950631+00:00
airline_official_report_drivers,600029_2025_h1,01055.HK / 600029.SH,China Southern Airlines,interim,1H2025,2025-06-30,2025-08-29,passenger_yield,0.46,RMB/RPK,RMB,,,,,,group_reported,issuer_reported,primary_issuer,https://static.cninfo.com.cn/finalpage/2025-08-29/1224612089.PDF,16,Primary issuer table anchor; China Southern operating table: average passenger yield.,2026-08-07T07:38:12.950631+00:00
airline_official_report_drivers,600029_2025_h1,01055.HK / 600029.SH,China Southern Airlines,interim,1H2025,2025-06-30,2025-08-29,cargo_yield,1.87,RMB/RTK,RMB,,,,,,group_reported,issuer_reported,primary_issuer,https://static.cninfo.com.cn/finalpage/2025-08-29/1224612089.PDF,16,Primary issuer table anchor; China Southern operating table: average cargo yield.,2026-08-07T07:38:12.950631+00:00
airline_official_report_drivers,600029_2025_h1,01055.HK / 600029.SH,China Southern Airlines,interim,1H2025,2025-06-30,2025-08-29,fuel_cost,25334.0,RMB million,RMB,3535.9590329879716,USD million,USD_CNY,2025-06-30,7.164675767918089,group_reported,issuer_reported,primary_issuer,https://static.cninfo.com.cn/finalpage/2025-08-29/1224612089.PDF,145,Primary issuer table anchor; China Southern cost note: fuel cost.,2026-08-07T07:38:12.950631+00:00
airline_official_report_drivers,600029_2025_h1,01055.HK / 600029.SH,China Southern Airlines,interim,1H2025,2025-06-30,2025-08-29,fleet_total,943.0,aircraft,,,,,,,group_reported,issuer_reported,primary_issuer,https://static.cninfo.com.cn/finalpage/2025-08-29/1224612089.PDF,16,Primary issuer table anchor; China Southern fleet table: group fleet total.,2026-08-07T07:38:12.950631+00:00
airline_official_report_drivers,600029_2025_h1,01055.HK / 600029.SH,China Southern Airlines,interim,1H2025,2025-06-30,2025-08-29,passenger_revenue,74570.0,RMB million,RMB,10408.00762176968,USD million,USD_CNY,2025-06-30,7.164675767918089,group_reported,issuer_reported,primary_issuer,https://static.cninfo.com.cn/finalpage/2025-08-29/1224612089.PDF,20,Primary issuer table anchor; China Southern product-revenue table: passenger and related services revenue.,2026-08-07T07:38:12.950631+00:00
airline_official_report_drivers,600029_2025_h1,01055.HK / 600029.SH,China Southern Airlines,interim,1H2025,2025-06-30,2025-08-29,cash_and_cash_equivalents,12692.0,RMB million,RMB,1771.4688579254496,USD million,USD_CNY,2025-06-30,7.164675767918089,group_reported,issuer_reported,primary_issuer,https://static.cninfo.com.cn/finalpage/2025-08-29/1224612089.PDF,66,Primary issuer table anchor; China Southern consolidated cash-flow statement: period-end cash and cash equivalents.,2026-08-07T07:38:12.950631+00:00
airline_official_report_drivers,600029_2025_h1,01055.HK / 600029.SH,China Southern Airlines,interim,1H2025,2025-06-30,2025-08-29,total_liabilities,284770.0,RMB million,RMB,39746.39037751578,USD million,USD_CNY,2025-06-30,7.164675767918089,group_reported,issuer_reported,primary_issuer,https://static.cninfo.com.cn/finalpage/2025-08-29/1224612089.PDF,57,Primary issuer table anchor; China Southern consolidated balance sheet: total liabilities.,2026-08-07T07:38:12.950631+00:00
airline_official_report_drivers,600029_2025_h1,01055.HK / 600029.SH,China Southern Airlines,interim,1H2025,2025-06-30,2025-08-29,capex_cash_paid,5876.0,RMB million,RMB,820.1348100512088,USD million,USD_CNY,2025-06-30,7.164675767918089,group_reported,issuer_reported,primary_issuer,https://static.cninfo.com.cn/finalpage/2025-08-29/1224612089.PDF,65,"Primary issuer table anchor; China Southern consolidated cash-flow statement: cash paid for property, plant and equipment and other long-term assets.",2026-08-07T07:38:12.950631+00:00
airline_official_report_drivers,600029_2025_h1,01055.HK / 600029.SH,China Southern Airlines,interim,1H2025,2025-06-30,2025-08-29,passenger_yield_derived,0.472003280793087,RMB/RPK,RMB,,,,,,derived_group,derived,primary_issuer,https://static.cninfo.com.cn/finalpage/2025-08-29/1224612089.PDF,20,"Derived as passenger revenue / RPK; use only when revenue and RPK have matching scope. Input source pages: passenger revenue=20, RPK=14.",2026-08-07T07:38:12.950631+00:00
airline_official_report_drivers,600029_2025_h1,01055.HK / 600029.SH,China Southern Airlines,interim,1H2025,2025-06-30,2025-08-29,rask_derived,0.4034359302409124,RMB/ASK,RMB,,,,,,derived_group,derived,primary_issuer,https://static.cninfo.com.cn/finalpage/2025-08-29/1224612089.PDF,20,"Derived as passenger revenue / ASK; not issuer-reported RASK. Input source pages: passenger revenue=20, ASK=5.",2026-08-07T07:38:12.950631+00:00
airline_official_report_drivers,600029_2025_h1,01055.HK / 600029.SH,China Southern Airlines,interim,1H2025,2025-06-30,2025-08-29,cask_derived,0.4257149856349325,RMB/ASK,RMB,,,,,,derived_group,derived,primary_issuer,https://static.cninfo.com.cn/finalpage/2025-08-29/1224612089.PDF,18,Derived as consolidated operating cost / ASK; not issuer-reported CASK.,2026-08-07T07:38:12.950631+00:00
airline_official_report_drivers,600029_2025_h1,01055.HK / 600029.SH,China Southern Airlines,interim,1H2025,2025-06-30,2025-08-29,fuel_cost_per_ask_derived,0.1370610950345082,RMB/ASK,RMB,,,,,,derived_group,derived,primary_issuer,https://static.cninfo.com.cn/finalpage/2025-08-29/1224612089.PDF,5,"Derived as reported fuel cost / ASK; fuel-price, mix and hedging effects remain embedded.",2026-08-07T07:38:12.950631+00:00
airline_official_report_drivers,600029_2025_h1,01055.HK / 600029.SH,China Southern Airlines,interim,1H2025,2025-06-30,2025-08-29,fuel_cost_share_pct_derived,32.19550630337535,%,,,,,,,derived_group,derived,primary_issuer,https://static.cninfo.com.cn/finalpage/2025-08-29/1224612089.PDF,18,Derived as reported fuel cost / reported operating cost.,2026-08-07T07:38:12.950631+00:00
airline_official_report_drivers,600029_2025_h1,01055.HK / 600029.SH,China Southern Airlines,interim,1H2025,2025-06-30,2025-08-29,liabilities_to_assets_pct_derived,84.61824178762981,%,,,,,,,derived_group,derived_from_total_liabilities_divided_by_total_assets,primary_issuer,https://static.cninfo.com.cn/finalpage/2025-08-29/1224612089.PDF,57,"Derived as consolidated total liabilities / total assets; not an issuer-reported ratio. Input source pages: liabilities=57, assets=8.",2026-08-07T07:38:12.950631+00:00
airline_official_report_drivers,600115_2025_fy,0670.HK / 600115.SH,China Eastern Airlines,annual,FY2025,2025-12-31,2026-03-31,total_revenue,139941.0,RMB million,RMB,19988.655150616323,USD million,USD_CNY,2025-12-31,7.001021276595745,group_reported,issuer_reported,primary_issuer,https://static.cninfo.com.cn/finalpage/2026-03-31/1225064857.PDF,11,Primary issuer annual/interim report main financial-data table.,2026-08-07T08:14:23.202704+00:00
airline_official_report_drivers,600115_2025_fy,0670.HK / 600115.SH,China Eastern Airlines,annual,FY2025,2025-12-31,2026-03-31,profit_total,274.0,RMB million,RMB,39.1371471639396,USD million,USD_CNY,2025-12-31,7.001021276595745,group_reported,issuer_reported,primary_issuer,https://static.cninfo.com.cn/finalpage/2026-03-31/1225064857.PDF,11,Primary issuer annual/interim report main financial-data table.,2026-08-07T08:14:23.202704+00:00
airline_official_report_drivers,600115_2025_fy,0670.HK / 600115.SH,China Eastern Airlines,annual,FY2025,2025-12-31,2026-03-31,attributable_net_income,-1633.0,RMB million,RMB,-233.25168364493933,USD million,USD_CNY,2025-12-31,7.001021276595745,group_reported,issuer_reported,primary_issuer,https://static.cninfo.com.cn/finalpage/2026-03-31/1225064857.PDF,11,Primary issuer annual/interim report main financial-data table.,2026-08-07T08:14:23.202704+00:00
airline_official_report_drivers,600115_2025_fy,0670.HK / 600115.SH,China Eastern Airlines,annual,FY2025,2025-12-31,2026-03-31,operating_cash_flow,37941.0,RMB million,RMB,5419.3521917774915,USD million,USD_CNY,2025-12-31,7.001021276595745,group_reported,issuer_reported,primary_issuer,https://static.cninfo.com.cn/finalpage/2026-03-31/1225064857.PDF,11,Primary issuer annual/interim report main financial-data table.,2026-08-07T08:14:23.202704+00:00
airline_official_report_drivers,600115_2025_fy,0670.HK / 600115.SH,China Eastern Airlines,annual,FY2025,2025-12-31,2026-03-31,equity_attributable,37759.0,RMB million,RMB,5393.35598453721,USD million,USD_CNY,2025-12-31,7.001021276595745,group_reported,issuer_reported,primary_issuer,https://static.cninfo.com.cn/finalpage/2026-03-31/1225064857.PDF,11,Primary issuer annual/interim report main financial-data table.,2026-08-07T08:14:23.202704+00:00
airline_official_report_drivers,600115_2025_fy,0670.HK / 600115.SH,China Eastern Airlines,annual,FY2025,2025-12-31,2026-03-31,total_assets,291764.0,RMB million,RMB,41674.49125963385,USD million,USD_CNY,2025-12-31,7.001021276595745,group_reported,issuer_reported,primary_issuer,https://static.cninfo.com.cn/finalpage/2026-03-31/1225064857.PDF,11,Primary issuer annual/interim report main financial-data table.,2026-08-07T08:14:23.202704+00:00
airline_official_report_drivers,600115_2025_fy,0670.HK / 600115.SH,China Eastern Airlines,annual,FY2025,2025-12-31,2026-03-31,basic_eps,-0.11,RMB/share,RMB,,,,,,group_reported,issuer_reported,primary_issuer,https://static.cninfo.com.cn/finalpage/2026-03-31/1225064857.PDF,11,Primary issuer annual/interim report main financial-data table.,2026-08-07T08:14:23.202704+00:00
airline_official_report_drivers,600115_2025_fy,0670.HK / 600115.SH,China Eastern Airlines,annual,FY2025,2025-12-31,2026-03-31,operating_cost,137114.0,RMB million,RMB,19584.85692057086,USD million,USD_CNY,2025-12-31,7.001021276595745,group_reported,issuer_reported,primary_issuer,https://static.cninfo.com.cn/finalpage/2026-03-31/1225064857.PDF,24,Primary issuer income-statement / financial-indicator table.,2026-08-07T08:14:23.202704+00:00
airline_official_report_drivers,600115_2025_fy,0670.HK / 600115.SH,China Eastern Airlines,annual,FY2025,2025-12-31,2026-03-31,fuel_cost,43690.0,RMB million,RMB,6240.518100702633,USD million,USD_CNY,2025-12-31,7.001021276595745,group_reported,issuer_reported,primary_issuer,https://static.cninfo.com.cn/finalpage/2026-03-31/1225064857.PDF,25,Primary issuer cost-analysis table; reported cost category.,2026-08-07T08:14:23.202704+00:00
airline_official_report_drivers,600115_2025_fy,0670.HK / 600115.SH,China Eastern Airlines,annual,FY2025,2025-12-31,2026-03-31,staff_cost,25075.0,RMB million,RMB,3581.620310714546,USD million,USD_CNY,2025-12-31,7.001021276595745,group_reported,issuer_reported,primary_issuer,https://static.cninfo.com.cn/finalpage/2026-03-31/1225064857.PDF,25,Primary issuer cost-analysis table; reported cost category.,2026-08-07T08:14:23.202704+00:00
airline_official_report_drivers,600115_2025_fy,0670.HK / 600115.SH,China Eastern Airlines,annual,FY2025,2025-12-31,2026-03-31,depreciation_amortization,24171.0,RMB million,RMB,3452.4962923342487,USD million,USD_CNY,2025-12-31,7.001021276595745,group_reported,issuer_reported,primary_issuer,https://static.cninfo.com.cn/finalpage/2026-03-31/1225064857.PDF,25,Primary issuer cost-analysis table; reported cost category.,2026-08-07T08:14:23.202704+00:00
airline_official_report_drivers,600115_2025_fy,0670.HK / 600115.SH,China Eastern Airlines,annual,FY2025,2025-12-31,2026-03-31,airport_landing_cost,19342.0,RMB million,RMB,2762.7397826456927,USD million,USD_CNY,2025-12-31,7.001021276595745,group_reported,issuer_reported,primary_issuer,https://static.cninfo.com.cn/finalpage/2026-03-31/1225064857.PDF,25,Primary issuer cost-analysis table; reported cost category.,2026-08-07T08:14:23.202704+00:00
airline_official_report_drivers,600115_2025_fy,0670.HK / 600115.SH,China Eastern Airlines,annual,FY2025,2025-12-31,2026-03-31,maintenance_cost,6576.0,RMB million,RMB,939.2915319345506,USD million,USD_CNY,2025-12-31,7.001021276595745,group_reported,issuer_reported,primary_issuer,https://static.cninfo.com.cn/finalpage/2026-03-31/1225064857.PDF,25,Primary issuer cost-analysis table; reported cost category.,2026-08-07T08:14:23.202704+00:00
airline_official_report_drivers,600115_2025_fy,0670.HK / 600115.SH,China Eastern Airlines,annual,FY2025,2025-12-31,2026-03-31,ask,316930.52,million seat-km,,,,,,,group_reported,issuer_reported,primary_issuer,https://static.cninfo.com.cn/finalpage/2026-03-31/1225064857.PDF,32,Primary issuer operating-information table; ASK normalized to million seat-km.,2026-08-07T08:14:23.202704+00:00
airline_official_report_drivers,600115_2025_fy,0670.HK / 600115.SH,China Eastern Airlines,annual,FY2025,2025-12-31,2026-03-31,rpk,272103.81,million passenger-km,,,,,,,group_reported,issuer_reported,primary_issuer,https://static.cninfo.com.cn/finalpage/2026-03-31/1225064857.PDF,32,Primary issuer operating-information table; RPK normalized to million passenger-km.,2026-08-07T08:14:23.202704+00:00
airline_official_report_drivers,600115_2025_fy,0670.HK / 600115.SH,China Eastern Airlines,annual,FY2025,2025-12-31,2026-03-31,passengers,149.94444,million passengers,,,,,,,group_reported,issuer_reported,primary_issuer,https://static.cninfo.com.cn/finalpage/2026-03-31/1225064857.PDF,32,Primary issuer operating-information table; passenger count normalized to millions.,2026-08-07T08:14:23.202704+00:00
airline_official_report_drivers,600115_2025_fy,0670.HK / 600115.SH,China Eastern Airlines,annual,FY2025,2025-12-31,2026-03-31,passenger_load_factor_pct,85.86,%,,,,,,,group_reported,issuer_reported,primary_issuer,https://static.cninfo.com.cn/finalpage/2026-03-31/1225064857.PDF,32,Primary issuer operating-information table.,2026-08-07T08:14:23.202704+00:00
airline_official_report_drivers,600115_2025_fy,0670.HK / 600115.SH,China Eastern Airlines,annual,FY2025,2025-12-31,2026-03-31,cargo_load_factor_pct,39.64,%,,,,,,,group_reported,issuer_reported,primary_issuer,https://static.cninfo.com.cn/finalpage/2026-03-31/1225064857.PDF,32,Primary issuer operating-information table.,2026-08-07T08:14:23.202704+00:00
airline_official_report_drivers,600115_2025_fy,0670.HK / 600115.SH,China Eastern Airlines,annual,FY2025,2025-12-31,2026-03-31,passenger_yield,0.493,RMB/RPK,RMB,,,,,,issuer_disclosed_line,issuer_reported,primary_issuer,https://static.cninfo.com.cn/finalpage/2026-03-31/1225064857.PDF,32,Primary issuer disclosed passenger-yield line; scope follows the issuer table.,2026-08-07T08:14:23.202704+00:00
airline_official_report_drivers,600115_2025_fy,0670.HK / 600115.SH,China Eastern Airlines,annual,FY2025,2025-12-31,2026-03-31,daily_utilization,9.34,hours/day,,,,,,,group_reported,issuer_reported,primary_issuer,https://static.cninfo.com.cn/finalpage/2026-03-31/1225064857.PDF,32,Primary issuer operating-information table.,2026-08-07T08:14:23.202704+00:00
airline_official_report_drivers,600115_2025_fy,0670.HK / 600115.SH,China Eastern Airlines,annual,FY2025,2025-12-31,2026-03-31,fleet_total,826.0,aircraft,,,,,,,group_reported,issuer_reported,primary_issuer,https://static.cninfo.com.cn/finalpage/2026-03-31/1225064857.PDF,32,Primary issuer fleet table / group fleet total.,2026-08-07T08:14:23.202704+00:00
airline_official_report_drivers,600115_2025_fy,0670.HK / 600115.SH,China Eastern Airlines,annual,FY2025,2025-12-31,2026-03-31,fuel_hedge_fair_value_change,3.75,RMB million,RMB,0.5356361381926041,USD million,USD_CNY,2025-12-31,7.001021276595745,group_reported,issuer_reported,primary_issuer,https://static.cninfo.com.cn/finalpage/2026-03-31/1225064857.PDF,36,Primary issuer derivative table; current-period fair-value change for fuel hedge.,2026-08-07T08:14:23.202704+00:00
airline_official_report_drivers,600115_2025_fy,0670.HK / 600115.SH,China Eastern Airlines,annual,FY2025,2025-12-31,2026-03-31,fuel_hedge_ending_fair_value,3.75,RMB million,RMB,0.5356361381926041,USD million,USD_CNY,2025-12-31,7.001021276595745,group_reported,issuer_reported,primary_issuer,https://static.cninfo.com.cn/finalpage/2026-03-31/1225064857.PDF,36,Primary issuer derivative table; ending fair value for fuel hedge.,2026-08-07T08:14:23.202704+00:00
airline_official_report_drivers,600115_2025_fy,0670.HK / 600115.SH,China Eastern Airlines,annual,FY2025,2025-12-31,2026-03-31,fuel_price_sensitivity_5pct_profit_if_price_up,-2184.0,RMB million,RMB,-311.9544868833726,USD million,USD_CNY,2025-12-31,7.001021276595745,sensitivity_reported,issuer_reported,primary_issuer,https://static.cninfo.com.cn/finalpage/2026-03-31/1225064857.PDF,47,Primary issuer sensitivity table; 5% average jet-fuel-price scenario (up).,2026-08-07T08:14:23.202704+00:00
airline_official_report_drivers,600115_2025_fy,0670.HK / 600115.SH,China Eastern Airlines,annual,FY2025,2025-12-31,2026-03-31,fuel_price_sensitivity_5pct_profit_if_price_down,2184.0,RMB million,RMB,311.9544868833726,USD million,USD_CNY,2025-12-31,7.001021276595745,sensitivity_reported,issuer_reported,primary_issuer,https://static.cninfo.com.cn/finalpage/2026-03-31/1225064857.PDF,47,Primary issuer sensitivity table; 5% average jet-fuel-price scenario (down).,2026-08-07T08:14:23.202704+00:00
airline_official_report_drivers,600115_2025_fy,0670.HK / 600115.SH,China Eastern Airlines,annual,FY2025,2025-12-31,2026-03-31,total_liabilities,252916.0,RMB million,RMB,36125.586540565506,USD million,USD_CNY,2025-12-31,7.001021276595745,group_reported,issuer_reported,primary_issuer,https://static.cninfo.com.cn/finalpage/2026-03-31/1225064857.PDF,30,"Primary issuer table anchor; China Eastern management discussion: group total liabilities at 2025-12-31, reported as RMB2,529.16亿元 (RMB252.916bn).",2026-08-07T08:14:23.202704+00:00
airline_official_report_drivers,600115_2025_fy,0670.HK / 600115.SH,China Eastern Airlines,annual,FY2025,2025-12-31,2026-03-31,interest_bearing_debt,181928.0,RMB million,RMB,25985.92302642775,USD million,USD_CNY,2025-12-31,7.001021276595745,group_reported,issuer_reported,primary_issuer,https://static.cninfo.com.cn/finalpage/2026-03-31/1225064857.PDF,40,"Primary issuer table anchor; China Eastern management discussion: group interest-bearing debt, reported as RMB1,819.28亿元 (RMB181.928bn).",2026-08-07T08:14:23.202704+00:00
airline_official_report_drivers,600115_2025_fy,0670.HK / 600115.SH,China Eastern Airlines,annual,FY2025,2025-12-31,2026-03-31,rask_from_reported_yield_derived,0.4232699909431253,RMB/ASK,RMB,,,,,,derived_group,derived_from_reported_yield_load_factor,primary_issuer,https://static.cninfo.com.cn/finalpage/2026-03-31/1225064857.PDF,32,Derived as reported passenger yield × RPK / ASK; preserves the issuer yield scope and is not issuer-reported RASK.,2026-08-07T08:14:23.202704+00:00
airline_official_report_drivers,600115_2025_fy,0670.HK / 600115.SH,China Eastern Airlines,annual,FY2025,2025-12-31,2026-03-31,cask_derived,0.4326311016054875,RMB/ASK,RMB,,,,,,derived_group,derived,primary_issuer,https://static.cninfo.com.cn/finalpage/2026-03-31/1225064857.PDF,24,Derived as consolidated operating cost / ASK; not issuer-reported CASK.,2026-08-07T08:14:23.202704+00:00
airline_official_report_drivers,600115_2025_fy,0670.HK / 600115.SH,China Eastern Airlines,annual,FY2025,2025-12-31,2026-03-31,fuel_cost_per_ask_derived,0.1378535585654546,RMB/ASK,RMB,,,,,,derived_group,derived,primary_issuer,https://static.cninfo.com.cn/finalpage/2026-03-31/1225064857.PDF,25,"Derived as reported fuel cost / ASK; fuel-price, mix and hedging effects remain embedded.",2026-08-07T08:14:23.202704+00:00
airline_official_report_drivers,600115_2025_fy,0670.HK / 600115.SH,China Eastern Airlines,annual,FY2025,2025-12-31,2026-03-31,fuel_cost_share_pct_derived,31.863996382572168,%,,,,,,,derived_group,derived,primary_issuer,https://static.cninfo.com.cn/finalpage/2026-03-31/1225064857.PDF,25,Derived as reported fuel cost / reported operating cost.,2026-08-07T08:14:23.202704+00:00
airline_official_report_drivers,600115_2025_fy,0670.HK / 600115.SH,China Eastern Airlines,annual,FY2025,2025-12-31,2026-03-31,liabilities_to_assets_pct_derived,86.6851290769252,%,,,,,,,derived_group,derived_from_total_liabilities_divided_by_total_assets,primary_issuer,https://static.cninfo.com.cn/finalpage/2026-03-31/1225064857.PDF,30,"Derived as consolidated total liabilities / total assets; not an issuer-reported ratio. Input source pages: liabilities=30, assets=11.",2026-08-07T08:14:23.202704+00:00
airline_official_report_drivers,600115_2025_h1,0670.HK / 600115.SH,China Eastern Airlines,interim,1H2025,2025-06-30,2025-08-30,total_revenue,66822.0,RMB million,RMB,9326.590925330474,USD million,USD_CNY,2025-06-30,7.164675767918089,group_reported,issuer_reported,primary_issuer,https://static.cninfo.com.cn/finalpage/2025-08-30/1224626126.PDF,11,Primary issuer annual/interim report main financial-data table.,2026-08-07T08:31:38.151673+00:00
airline_official_report_drivers,600115_2025_h1,0670.HK / 600115.SH,China Eastern Airlines,interim,1H2025,2025-06-30,2025-08-30,profit_total,-1531.0,RMB million,RMB,-213.68726926283196,USD million,USD_CNY,2025-06-30,7.164675767918089,group_reported,issuer_reported,primary_issuer,https://static.cninfo.com.cn/finalpage/2025-08-30/1224626126.PDF,11,Primary issuer annual/interim report main financial-data table.,2026-08-07T08:31:38.151673+00:00
airline_official_report_drivers,600115_2025_h1,0670.HK / 600115.SH,China Eastern Airlines,interim,1H2025,2025-06-30,2025-08-30,attributable_net_income,-1431.0,RMB million,RMB,-199.72990353697747,USD million,USD_CNY,2025-06-30,7.164675767918089,group_reported,issuer_reported,primary_issuer,https://static.cninfo.com.cn/finalpage/2025-08-30/1224626126.PDF,11,Primary issuer annual/interim report main financial-data table.,2026-08-07T08:31:38.151673+00:00
airline_official_report_drivers,600115_2025_h1,0670.HK / 600115.SH,China Eastern Airlines,interim,1H2025,2025-06-30,2025-08-30,operating_cash_flow,12547.0,RMB million,RMB,1751.2306776229605,USD million,USD_CNY,2025-06-30,7.164675767918089,group_reported,issuer_reported,primary_issuer,https://static.cninfo.com.cn/finalpage/2025-08-30/1224626126.PDF,11,Primary issuer annual/interim report main financial-data table.,2026-08-07T08:31:38.151673+00:00
airline_official_report_drivers,600115_2025_h1,0670.HK / 600115.SH,China Eastern Airlines,interim,1H2025,2025-06-30,2025-08-30,equity_attributable,38560.0,RMB million,RMB,5381.960223889484,USD million,USD_CNY,2025-06-30,7.164675767918089,group_reported,issuer_reported,primary_issuer,https://static.cninfo.com.cn/finalpage/2025-08-30/1224626126.PDF,11,Primary issuer annual/interim report main financial-data table.,2026-08-07T08:31:38.151673+00:00
airline_official_report_drivers,600115_2025_h1,0670.HK / 600115.SH,China Eastern Airlines,interim,1H2025,2025-06-30,2025-08-30,total_assets,282485.0,RMB million,RMB,39427.46457068,USD million,USD_CNY,2025-06-30,7.164675767918089,group_reported,issuer_reported,primary_issuer,https://static.cninfo.com.cn/finalpage/2025-08-30/1224626126.PDF,11,Primary issuer annual/interim report main financial-data table.,2026-08-07T08:31:38.151673+00:00
airline_official_report_drivers,600115_2025_h1,0670.HK / 600115.SH,China Eastern Airlines,interim,1H2025,2025-06-30,2025-08-30,basic_eps,-0.06,RMB/share,RMB,,,,,,group_reported,issuer_reported,primary_issuer,https://static.cninfo.com.cn/finalpage/2025-08-30/1224626126.PDF,11,Primary issuer annual/interim report main financial-data table.,2026-08-07T08:31:38.151673+00:00
airline_official_report_drivers,600115_2025_h1,0670.HK / 600115.SH,China Eastern Airlines,interim,1H2025,2025-06-30,2025-08-30,weighted_average_roe,-9.94,%,,,,,,,group_reported,issuer_reported,primary_issuer,https://static.cninfo.com.cn/finalpage/2025-08-30/1224626126.PDF,11,Primary issuer annual/interim report main financial-data table.,2026-08-07T08:31:38.151673+00:00
airline_official_report_drivers,600115_2025_h1,0670.HK / 600115.SH,China Eastern Airlines,interim,1H2025,2025-06-30,2025-08-30,operating_cost,64501.0,RMB million,RMB,9002.640466833393,USD million,USD_CNY,2025-06-30,7.164675767918089,group_reported,issuer_reported,primary_issuer,https://static.cninfo.com.cn/finalpage/2025-08-30/1224626126.PDF,27,Primary issuer income-statement / financial-indicator table.,2026-08-07T08:31:38.151673+00:00
airline_official_report_drivers,600115_2025_h1,0670.HK / 600115.SH,China Eastern Airlines,interim,1H2025,2025-06-30,2025-08-30,fuel_price_sensitivity_5pct_profit_if_price_up,-214.0,RMB million,RMB,-29.86876265332857,USD million,USD_CNY,2025-06-30,7.164675767918089,sensitivity_reported,issuer_reported,primary_issuer,https://static.cninfo.com.cn/finalpage/2025-08-30/1224626126.PDF,41,Primary issuer sensitivity table; 5% average jet-fuel-price scenario (up).,2026-08-07T08:31:38.151673+00:00
airline_official_report_drivers,600115_2025_h1,0670.HK / 600115.SH,China Eastern Airlines,interim,1H2025,2025-06-30,2025-08-30,fuel_price_sensitivity_5pct_profit_if_price_down,214.0,RMB million,RMB,29.86876265332857,USD million,USD_CNY,2025-06-30,7.164675767918089,sensitivity_reported,issuer_reported,primary_issuer,https://static.cninfo.com.cn/finalpage/2025-08-30/1224626126.PDF,41,Primary issuer sensitivity table; 5% average jet-fuel-price scenario (down).,2026-08-07T08:31:38.151673+00:00
airline_official_report_drivers,600115_2025_h1,0670.HK / 600115.SH,China Eastern Airlines,interim,1H2025,2025-06-30,2025-08-30,ask,155022.29,million seat-km,,,,,,,group_reported,issuer_reported,primary_issuer,https://static.cninfo.com.cn/finalpage/2025-08-30/1224626126.PDF,14,Primary issuer table anchor; China Eastern operating table: group ASK.,2026-08-07T08:31:38.151673+00:00
airline_official_report_drivers,600115_2025_h1,0670.HK / 600115.SH,China Eastern Airlines,interim,1H2025,2025-06-30,2025-08-30,rpk,131477.9,million passenger-km,,,,,,,group_reported,issuer_reported,primary_issuer,https://static.cninfo.com.cn/finalpage/2025-08-30/1224626126.PDF,14,Primary issuer table anchor; China Eastern operating table: group RPK.,2026-08-07T08:31:38.151673+00:00
airline_official_report_drivers,600115_2025_h1,0670.HK / 600115.SH,China Eastern Airlines,interim,1H2025,2025-06-30,2025-08-30,passengers,73.16963,million passengers,,,,,,,group_reported,issuer_reported,primary_issuer,https://static.cninfo.com.cn/finalpage/2025-08-30/1224626126.PDF,14,"Primary issuer table anchor; China Eastern operating table: passengers, converted from thousand.",2026-08-07T08:31:38.151673+00:00
airline_official_report_drivers,600115_2025_h1,0670.HK / 600115.SH,China Eastern Airlines,interim,1H2025,2025-06-30,2025-08-30,passenger_load_factor_pct,84.81,%,,,,,,,group_reported,issuer_reported,primary_issuer,https://static.cninfo.com.cn/finalpage/2025-08-30/1224626126.PDF,14,Primary issuer table anchor; China Eastern operating table: group passenger load factor.,2026-08-07T08:31:38.151673+00:00
airline_official_report_drivers,600115_2025_h1,0670.HK / 600115.SH,China Eastern Airlines,interim,1H2025,2025-06-30,2025-08-30,cargo_load_factor_pct,36.99,%,,,,,,,group_reported,issuer_reported,primary_issuer,https://static.cninfo.com.cn/finalpage/2025-08-30/1224626126.PDF,15,Primary issuer table anchor; China Eastern operating table: group cargo load factor.,2026-08-07T08:31:38.151673+00:00
airline_official_report_drivers,600115_2025_h1,0670.HK / 600115.SH,China Eastern Airlines,interim,1H2025,2025-06-30,2025-08-30,passenger_yield,0.488,RMB/RPK,RMB,,,,,,group_reported,issuer_reported,primary_issuer,https://static.cninfo.com.cn/finalpage/2025-08-30/1224626126.PDF,14,Primary issuer table anchor; China Eastern operating table: group passenger yield.,2026-08-07T08:31:38.151673+00:00
airline_official_report_drivers,600115_2025_h1,0670.HK / 600115.SH,China Eastern Airlines,interim,1H2025,2025-06-30,2025-08-30,cargo_yield,1.334,RMB/RTK,RMB,,,,,,group_reported,issuer_reported,primary_issuer,https://static.cninfo.com.cn/finalpage/2025-08-30/1224626126.PDF,15,Primary issuer table anchor; China Eastern operating table: group cargo yield.,2026-08-07T08:31:38.151673+00:00
airline_official_report_drivers,600115_2025_h1,0670.HK / 600115.SH,China Eastern Airlines,interim,1H2025,2025-06-30,2025-08-30,passenger_revenue,61813.0,RMB million,RMB,8627.466476122425,USD million,USD_CNY,2025-06-30,7.164675767918089,group_reported,issuer_reported,primary_issuer,https://static.cninfo.com.cn/finalpage/2025-08-30/1224626126.PDF,141,Primary issuer table anchor; China Eastern consolidated-report note: passenger-service revenue.,2026-08-07T08:31:38.151673+00:00
airline_official_report_drivers,600115_2025_h1,0670.HK / 600115.SH,China Eastern Airlines,interim,1H2025,2025-06-30,2025-08-30,cargo_revenue,2577.0,RMB million,RMB,359.68131475526974,USD million,USD_CNY,2025-06-30,7.164675767918089,group_reported,issuer_reported,primary_issuer,https://static.cninfo.com.cn/finalpage/2025-08-30/1224626126.PDF,141,Primary issuer table anchor; China Eastern consolidated-report note: cargo-service revenue.,2026-08-07T08:31:38.151673+00:00
airline_official_report_drivers,600115_2025_h1,0670.HK / 600115.SH,China Eastern Airlines,interim,1H2025,2025-06-30,2025-08-30,fuel_cost,21411.0,RMB million,RMB,2988.411575562701,USD million,USD_CNY,2025-06-30,7.164675767918089,group_reported,issuer_reported,primary_issuer,https://static.cninfo.com.cn/finalpage/2025-08-30/1224626126.PDF,29,Primary issuer table anchor; China Eastern cost-analysis table: aviation fuel cost.,2026-08-07T08:31:38.151673+00:00
airline_official_report_drivers,600115_2025_h1,0670.HK / 600115.SH,China Eastern Airlines,interim,1H2025,2025-06-30,2025-08-30,fleet_total,816.0,aircraft,,,,,,,group_reported,issuer_reported,primary_issuer,https://static.cninfo.com.cn/finalpage/2025-08-30/1224626126.PDF,16,Primary issuer table anchor; China Eastern fleet table: passenger-aircraft total.,2026-08-07T08:31:38.151673+00:00
airline_official_report_drivers,600115_2025_h1,0670.HK / 600115.SH,China Eastern Airlines,interim,1H2025,2025-06-30,2025-08-30,cash_and_cash_equivalents,3599.0,RMB million,RMB,502.3255924735024,USD million,USD_CNY,2025-06-30,7.164675767918089,group_reported,issuer_reported,primary_issuer,https://static.cninfo.com.cn/finalpage/2025-08-30/1224626126.PDF,152,Primary issuer table anchor; China Eastern consolidated cash-flow note: period-end cash and cash equivalents.,2026-08-07T08:31:38.151673+00:00
airline_official_report_drivers,600115_2025_h1,0670.HK / 600115.SH,China Eastern Airlines,interim,1H2025,2025-06-30,2025-08-30,total_liabilities,242709.0,RMB million,RMB,33875.78277956413,USD million,USD_CNY,2025-06-30,7.164675767918089,group_reported,issuer_reported,primary_issuer,https://static.cninfo.com.cn/finalpage/2025-08-30/1224626126.PDF,32,"Primary issuer table anchor; China Eastern management discussion: group total liabilities at 2025-06-30, reported as RMB2,427.09亿元 (RMB242.709bn).",2026-08-07T08:31:38.151673+00:00
airline_official_report_drivers,600115_2025_h1,0670.HK / 600115.SH,China Eastern Airlines,interim,1H2025,2025-06-30,2025-08-30,interest_bearing_debt,181439.0,RMB million,RMB,25324.104799333098,USD million,USD_CNY,2025-06-30,7.164675767918089,group_reported,issuer_reported,primary_issuer,https://static.cninfo.com.cn/finalpage/2025-08-30/1224626126.PDF,38,"Primary issuer table anchor; China Eastern management discussion: group interest-bearing debt, reported as RMB1,814.39亿元 (RMB181.439bn).",2026-08-07T08:31:38.151673+00:00
airline_official_report_drivers,600115_2025_h1,0670.HK / 600115.SH,China Eastern Airlines,interim,1H2025,2025-06-30,2025-08-30,passenger_yield_derived,0.4701398485981294,RMB/RPK,RMB,,,,,,derived_group,derived,primary_issuer,https://static.cninfo.com.cn/finalpage/2025-08-30/1224626126.PDF,141,"Derived as passenger revenue / RPK; use only when revenue and RPK have matching scope. Input source pages: passenger revenue=141, RPK=14.",2026-08-07T08:31:38.151673+00:00
airline_official_report_drivers,600115_2025_h1,0670.HK / 600115.SH,China Eastern Airlines,interim,1H2025,2025-06-30,2025-08-30,rask_derived,0.3987362075479597,RMB/ASK,RMB,,,,,,derived_group,derived,primary_issuer,https://static.cninfo.com.cn/finalpage/2025-08-30/1224626126.PDF,141,"Derived as passenger revenue / ASK; not issuer-reported RASK. Input source pages: passenger revenue=141, ASK=None.",2026-08-07T08:31:38.151673+00:00
airline_official_report_drivers,600115_2025_h1,0670.HK / 600115.SH,China Eastern Airlines,interim,1H2025,2025-06-30,2025-08-30,cask_derived,0.4160756495082094,RMB/ASK,RMB,,,,,,derived_group,derived,primary_issuer,https://static.cninfo.com.cn/finalpage/2025-08-30/1224626126.PDF,27,Derived as consolidated operating cost / ASK; not issuer-reported CASK.,2026-08-07T08:31:38.151673+00:00
airline_official_report_drivers,600115_2025_h1,0670.HK / 600115.SH,China Eastern Airlines,interim,1H2025,2025-06-30,2025-08-30,fuel_cost_per_ask_derived,0.1381156219534623,RMB/ASK,RMB,,,,,,derived_group,derived,primary_issuer,https://static.cninfo.com.cn/finalpage/2025-08-30/1224626126.PDF,28,"Derived as reported fuel cost / ASK; fuel-price, mix and hedging effects remain embedded.",2026-08-07T08:31:38.151673+00:00
airline_official_report_drivers,600115_2025_h1,0670.HK / 600115.SH,China Eastern Airlines,interim,1H2025,2025-06-30,2025-08-30,fuel_cost_share_pct_derived,33.19483418861723,%,,,,,,,derived_group,derived,primary_issuer,https://static.cninfo.com.cn/finalpage/2025-08-30/1224626126.PDF,28,Derived as reported fuel cost / reported operating cost.,2026-08-07T08:31:38.151673+00:00
airline_official_report_drivers,600115_2025_h1,0670.HK / 600115.SH,China Eastern Airlines,interim,1H2025,2025-06-30,2025-08-30,liabilities_to_assets_pct_derived,85.91925234968228,%,,,,,,,derived_group,derived_from_total_liabilities_divided_by_total_assets,primary_issuer,https://static.cninfo.com.cn/finalpage/2025-08-30/1224626126.PDF,32,"Derived as consolidated total liabilities / total assets; not an issuer-reported ratio. Input source pages: liabilities=32, assets=11.",2026-08-07T08:31:38.151673+00:00
airline_official_report_drivers,601021_2025_h1,601021.SH,Spring Airlines,interim,1H2025,2025-06-30,2025-08-29,total_revenue,10304.467333,RMB million,RMB,1438.2321917680122,USD million,USD_CNY,2025-06-30,7.164675767918089,group_reported,issuer_reported,primary_issuer,https://static.cninfo.com.cn/finalpage/2025-08-29/1224612122.PDF,8,Primary issuer annual/interim report main financial-data table.,2026-08-07T09:07:27.032960+00:00
airline_official_report_drivers,601021_2025_h1,601021.SH,Spring Airlines,interim,1H2025,2025-06-30,2025-08-29,profit_total,1542.895172,RMB million,RMB,215.3475219225914,USD million,USD_CNY,2025-06-30,7.164675767918089,group_reported,issuer_reported,primary_issuer,https://static.cninfo.com.cn/finalpage/2025-08-29/1224612122.PDF,8,Primary issuer annual/interim report main financial-data table.,2026-08-07T09:07:27.032960+00:00
airline_official_report_drivers,601021_2025_h1,601021.SH,Spring Airlines,interim,1H2025,2025-06-30,2025-08-29,attributable_net_income,1168.631539,RMB million,RMB,163.11017788591164,USD million,USD_CNY,2025-06-30,7.164675767918089,group_reported,issuer_reported,primary_issuer,https://static.cninfo.com.cn/finalpage/2025-08-29/1224612122.PDF,8,Primary issuer annual/interim report main financial-data table.,2026-08-07T09:07:27.032960+00:00
airline_official_report_drivers,601021_2025_h1,601021.SH,Spring Airlines,interim,1H2025,2025-06-30,2025-08-29,operating_cash_flow,2790.132521,RMB million,RMB,389.4290001919734,USD million,USD_CNY,2025-06-30,7.164675767918089,group_reported,issuer_reported,primary_issuer,https://static.cninfo.com.cn/finalpage/2025-08-29/1224612122.PDF,8,Primary issuer annual/interim report main financial-data table.,2026-08-07T09:07:27.032960+00:00
airline_official_report_drivers,601021_2025_h1,601021.SH,Spring Airlines,interim,1H2025,2025-06-30,2025-08-29,equity_attributable,17528.148074,RMB million,RMB,2446.4677316574966,USD million,USD_CNY,2025-06-30,7.164675767918089,group_reported,issuer_reported,primary_issuer,https://static.cninfo.com.cn/finalpage/2025-08-29/1224612122.PDF,8,Primary issuer annual/interim report main financial-data table.,2026-08-07T09:07:27.032960+00:00
airline_official_report_drivers,601021_2025_h1,601021.SH,Spring Airlines,interim,1H2025,2025-06-30,2025-08-29,total_assets,46234.818972,RMB million,RMB,6453.162776608789,USD million,USD_CNY,2025-06-30,7.164675767918089,group_reported,issuer_reported,primary_issuer,https://static.cninfo.com.cn/finalpage/2025-08-29/1224612122.PDF,8,Primary issuer annual/interim report main financial-data table.,2026-08-07T09:07:27.032960+00:00
airline_official_report_drivers,601021_2025_h1,601021.SH,Spring Airlines,interim,1H2025,2025-06-30,2025-08-29,basic_eps,1.2,RMB/share,RMB,,,,,,group_reported,issuer_reported,primary_issuer,https://static.cninfo.com.cn/finalpage/2025-08-29/1224612122.PDF,8,Primary issuer annual/interim report main financial-data table.,2026-08-07T09:07:27.032960+00:00
airline_official_report_drivers,601021_2025_h1,601021.SH,Spring Airlines,interim,1H2025,2025-06-30,2025-08-29,weighted_average_roe,6.56,%,,,,,,,group_reported,issuer_reported,primary_issuer,https://static.cninfo.com.cn/finalpage/2025-08-29/1224612122.PDF,8,Primary issuer annual/interim report main financial-data table.,2026-08-07T09:07:27.032960+00:00
airline_official_report_drivers,601021_2025_h1,601021.SH,Spring Airlines,interim,1H2025,2025-06-30,2025-08-29,operating_cost,8873.720487999999,RMB million,RMB,1238.537622000238,USD million,USD_CNY,2025-06-30,7.164675767918089,group_reported,issuer_reported,primary_issuer,https://static.cninfo.com.cn/finalpage/2025-08-29/1224612122.PDF,25,Primary issuer income-statement / financial-indicator table.,2026-08-07T09:07:27.032960+00:00
airline_official_report_drivers,601021_2025_h1,601021.SH,Spring Airlines,interim,1H2025,2025-06-30,2025-08-29,ask,29307.9501,million seat-km,,,,,,,group_reported,issuer_reported,primary_issuer,https://static.cninfo.com.cn/finalpage/2025-08-29/1224612122.PDF,13,"Primary issuer table anchor; Spring Airlines operating table: ASK, converted from ten-thousand seat-km.",2026-08-07T09:07:27.032960+00:00
airline_official_report_drivers,601021_2025_h1,601021.SH,Spring Airlines,interim,1H2025,2025-06-30,2025-08-29,rpk,26528.9104,million passenger-km,,,,,,,group_reported,issuer_reported,primary_issuer,https://static.cninfo.com.cn/finalpage/2025-08-29/1224612122.PDF,13,"Primary issuer table anchor; Spring Airlines operating table: RPK, converted from ten-thousand passenger-km.",2026-08-07T09:07:27.032960+00:00
airline_official_report_drivers,601021_2025_h1,601021.SH,Spring Airlines,interim,1H2025,2025-06-30,2025-08-29,passengers,15.2189,million passengers,,,,,,,group_reported,issuer_reported,primary_issuer,https://static.cninfo.com.cn/finalpage/2025-08-29/1224612122.PDF,13,"Primary issuer table anchor; Spring Airlines operating table: passengers, converted from ten-thousand passengers.",2026-08-07T09:07:27.032960+00:00
airline_official_report_drivers,601021_2025_h1,601021.SH,Spring Airlines,interim,1H2025,2025-06-30,2025-08-29,passenger_load_factor_pct,90.52,%,,,,,,,group_reported,issuer_reported,primary_issuer,https://static.cninfo.com.cn/finalpage/2025-08-29/1224612122.PDF,14,Primary issuer table anchor; Spring Airlines operating table: average passenger load factor.,2026-08-07T09:07:27.032960+00:00
airline_official_report_drivers,601021_2025_h1,601021.SH,Spring Airlines,interim,1H2025,2025-06-30,2025-08-29,passenger_yield,0.377,RMB/RPK,RMB,,,,,,group_reported,issuer_reported,primary_issuer,https://static.cninfo.com.cn/finalpage/2025-08-29/1224612122.PDF,14,Primary issuer table anchor; Spring Airlines operating table: passenger yield.,2026-08-07T09:07:27.032960+00:00
airline_official_report_drivers,601021_2025_h1,601021.SH,Spring Airlines,interim,1H2025,2025-06-30,2025-08-29,daily_utilization,9.74,hours/day,,,,,,,group_reported,issuer_reported,primary_issuer,https://static.cninfo.com.cn/finalpage/2025-08-29/1224612122.PDF,13,Primary issuer table anchor; Spring Airlines operating table: aircraft daily utilization.,2026-08-07T09:07:27.032960+00:00
airline_official_report_drivers,601021_2025_h1,601021.SH,Spring Airlines,interim,1H2025,2025-06-30,2025-08-29,cask,0.303,RMB/ASK,RMB,,,,,,group_reported,issuer_reported,primary_issuer,https://static.cninfo.com.cn/finalpage/2025-08-29/1224612122.PDF,21,Primary issuer table anchor; Spring Airlines operating discussion: reported unit cost.,2026-08-07T09:07:27.032960+00:00
airline_official_report_drivers,601021_2025_h1,601021.SH,Spring Airlines,interim,1H2025,2025-06-30,2025-08-29,fuel_cost,2980.0,RMB million,RMB,415.9294986304632,USD million,USD_CNY,2025-06-30,7.164675767918089,group_reported,issuer_reported,primary_issuer,https://static.cninfo.com.cn/finalpage/2025-08-29/1224612122.PDF,32,"Primary issuer table anchor; Spring Airlines risk disclosure: fuel cost, RMB hundred-million converted to RMB million.",2026-08-07T09:07:27.032960+00:00
airline_official_report_drivers,601021_2025_h1,601021.SH,Spring Airlines,interim,1H2025,2025-06-30,2025-08-29,fleet_total,133.0,aircraft,,,,,,,group_reported,issuer_reported,primary_issuer,https://static.cninfo.com.cn/finalpage/2025-08-29/1224612122.PDF,16,Primary issuer table anchor; Spring Airlines fleet disclosure: A320 fleet total.,2026-08-07T09:07:27.032960+00:00
airline_official_report_drivers,601021_2025_h1,601021.SH,Spring Airlines,interim,1H2025,2025-06-30,2025-08-29,cash_and_cash_equivalents,7323.963631,RMB million,RMB,1022.2323896072406,USD million,USD_CNY,2025-06-30,7.164675767918089,group_reported,issuer_reported,primary_issuer,https://static.cninfo.com.cn/finalpage/2025-08-29/1224612122.PDF,68,Primary issuer table anchor; Spring Airlines consolidated cash-flow statement: period-end cash and cash equivalents.,2026-08-07T09:07:27.032960+00:00
airline_official_report_drivers,601021_2025_h1,601021.SH,Spring Airlines,interim,1H2025,2025-06-30,2025-08-29,total_liabilities,28706.670898,RMB million,RMB,4006.695044951292,USD million,USD_CNY,2025-06-30,7.164675767918089,group_reported,issuer_reported,primary_issuer,https://static.cninfo.com.cn/finalpage/2025-08-29/1224612122.PDF,63,Primary issuer table anchor; Spring Airlines consolidated balance sheet: total liabilities.,2026-08-07T09:07:27.032960+00:00
airline_official_report_drivers,601021_2025_h1,601021.SH,Spring Airlines,interim,1H2025,2025-06-30,2025-08-29,capex_cash_paid,2740.08249,RMB million,RMB,382.44333431939975,USD million,USD_CNY,2025-06-30,7.164675767918089,group_reported,issuer_reported,primary_issuer,https://static.cninfo.com.cn/finalpage/2025-08-29/1224612122.PDF,67,"Primary issuer table anchor; Spring Airlines consolidated cash-flow statement: cash paid for property, plant and equipment and other long-term assets.",2026-08-07T09:07:27.032960+00:00
airline_official_report_drivers,601021_2025_h1,601021.SH,Spring Airlines,interim,1H2025,2025-06-30,2025-08-29,rask_from_reported_yield_derived,0.3412520898484811,RMB/ASK,RMB,,,,,,derived_group,derived_from_reported_yield_load_factor,primary_issuer,https://static.cninfo.com.cn/finalpage/2025-08-29/1224612122.PDF,14,Derived as reported passenger yield × RPK / ASK; preserves the issuer yield scope and is not issuer-reported RASK.,2026-08-07T09:07:27.032960+00:00
airline_official_report_drivers,601021_2025_h1,601021.SH,Spring Airlines,interim,1H2025,2025-06-30,2025-08-29,cask_derived,0.3027752011902053,RMB/ASK,RMB,,,,,,derived_group,derived,primary_issuer,https://static.cninfo.com.cn/finalpage/2025-08-29/1224612122.PDF,25,Derived as consolidated operating cost / ASK; not issuer-reported CASK.,2026-08-07T09:07:27.032960+00:00
airline_official_report_drivers,601021_2025_h1,601021.SH,Spring Airlines,interim,1H2025,2025-06-30,2025-08-29,fuel_cost_per_ask_derived,0.1016788956522756,RMB/ASK,RMB,,,,,,derived_group,derived,primary_issuer,https://static.cninfo.com.cn/finalpage/2025-08-29/1224612122.PDF,6,"Derived as reported fuel cost / ASK; fuel-price, mix and hedging effects remain embedded.",2026-08-07T09:07:27.032960+00:00
airline_official_report_drivers,601021_2025_h1,601021.SH,Spring Airlines,interim,1H2025,2025-06-30,2025-08-29,fuel_cost_share_pct_derived,33.582306362138375,%,,,,,,,derived_group,derived,primary_issuer,https://static.cninfo.com.cn/finalpage/2025-08-29/1224612122.PDF,25,Derived as reported fuel cost / reported operating cost.,2026-08-07T09:07:27.032960+00:00
airline_official_report_drivers,601021_2025_h1,601021.SH,Spring Airlines,interim,1H2025,2025-06-30,2025-08-29,liabilities_to_assets_pct_derived,62.08885756724793,%,,,,,,,derived_group,derived_from_total_liabilities_divided_by_total_assets,primary_issuer,https://static.cninfo.com.cn/finalpage/2025-08-29/1224612122.PDF,63,"Derived as consolidated total liabilities / total assets; not an issuer-reported ratio. Input source pages: liabilities=63, assets=8.",2026-08-07T09:07:27.032960+00:00
airline_official_report_drivers,600221_2025_fy,600221.SH,Hainan Airlines Holdings,annual,FY2025,2025-12-31,2026-04-18,total_revenue,68470.91500000001,RMB million,RMB,9780.13239709708,USD million,USD_CNY,2025-12-31,7.001021276595745,group_reported,issuer_reported,primary_issuer,https://static.cninfo.com.cn/finalpage/2026-04-18/1225119605.PDF,6,Primary issuer annual/interim report main financial-data table.,2026-08-07T09:31:23.142553+00:00
airline_official_report_drivers,600221_2025_fy,600221.SH,Hainan Airlines Holdings,annual,FY2025,2025-12-31,2026-04-18,profit_total,2645.239,RMB million,RMB,377.8361606817242,USD million,USD_CNY,2025-12-31,7.001021276595745,group_reported,issuer_reported,primary_issuer,https://static.cninfo.com.cn/finalpage/2026-04-18/1225119605.PDF,6,Primary issuer annual/interim report main financial-data table.,2026-08-07T09:31:23.142553+00:00
airline_official_report_drivers,600221_2025_fy,600221.SH,Hainan Airlines Holdings,annual,FY2025,2025-12-31,2026-04-18,attributable_net_income,1979.588,RMB million,RMB,282.7570324086455,USD million,USD_CNY,2025-12-31,7.001021276595745,group_reported,issuer_reported,primary_issuer,https://static.cninfo.com.cn/finalpage/2026-04-18/1225119605.PDF,6,Primary issuer annual/interim report main financial-data table.,2026-08-07T09:31:23.142553+00:00
airline_official_report_drivers,600221_2025_fy,600221.SH,Hainan Airlines Holdings,annual,FY2025,2025-12-31,2026-04-18,operating_cash_flow,16051.07,RMB million,RMB,2292.6755063091096,USD million,USD_CNY,2025-12-31,7.001021276595745,group_reported,issuer_reported,primary_issuer,https://static.cninfo.com.cn/finalpage/2026-04-18/1225119605.PDF,6,Primary issuer annual/interim report main financial-data table.,2026-08-07T09:31:23.142553+00:00
airline_official_report_drivers,600221_2025_fy,600221.SH,Hainan Airlines Holdings,annual,FY2025,2025-12-31,2026-04-18,equity_attributable,5264.722,RMB million,RMB,751.993429530038,USD million,USD_CNY,2025-12-31,7.001021276595745,group_reported,issuer_reported,primary_issuer,https://static.cninfo.com.cn/finalpage/2026-04-18/1225119605.PDF,6,Primary issuer annual/interim report main financial-data table.,2026-08-07T09:31:23.142553+00:00
airline_official_report_drivers,600221_2025_fy,600221.SH,Hainan Airlines Holdings,annual,FY2025,2025-12-31,2026-04-18,total_assets,152285.31,RMB million,RMB,21751.870760496942,USD million,USD_CNY,2025-12-31,7.001021276595745,group_reported,issuer_reported,primary_issuer,https://static.cninfo.com.cn/finalpage/2026-04-18/1225119605.PDF,6,Primary issuer annual/interim report main financial-data table.,2026-08-07T09:31:23.142553+00:00
airline_official_report_drivers,600221_2025_fy,600221.SH,Hainan Airlines Holdings,annual,FY2025,2025-12-31,2026-04-18,basic_eps,0.046,RMB/share,RMB,,,,,,group_reported,issuer_reported,primary_issuer,https://static.cninfo.com.cn/finalpage/2026-04-18/1225119605.PDF,6,Primary issuer annual/interim report main financial-data table.,2026-08-07T09:31:23.142553+00:00
airline_official_report_drivers,600221_2025_fy,600221.SH,Hainan Airlines Holdings,annual,FY2025,2025-12-31,2026-04-18,weighted_average_roe,51.67,%,,,,,,,group_reported,issuer_reported,primary_issuer,https://static.cninfo.com.cn/finalpage/2026-04-18/1225119605.PDF,6,Primary issuer annual/interim report main financial-data table.,2026-08-07T09:31:23.142553+00:00
airline_official_report_drivers,600221_2025_fy,600221.SH,Hainan Airlines Holdings,annual,FY2025,2025-12-31,2026-04-18,operating_cost,63212.452000000005,RMB million,RMB,9029.03297999076,USD million,USD_CNY,2025-12-31,7.001021276595745,group_reported,issuer_reported,primary_issuer,https://static.cninfo.com.cn/finalpage/2026-04-18/1225119605.PDF,15,Primary issuer income-statement / financial-indicator table.,2026-08-07T09:31:23.142553+00:00
airline_official_report_drivers,600221_2025_fy,600221.SH,Hainan Airlines Holdings,annual,FY2025,2025-12-31,2026-04-18,fuel_cost,20087.05,RMB million,RMB,2869.1599705817994,USD million,USD_CNY,2025-12-31,7.001021276595745,group_reported,issuer_reported,primary_issuer,https://static.cninfo.com.cn/finalpage/2026-04-18/1225119605.PDF,16,Primary issuer cost-analysis table; reported cost category.,2026-08-07T09:31:23.142553+00:00
airline_official_report_drivers,600221_2025_fy,600221.SH,Hainan Airlines Holdings,annual,FY2025,2025-12-31,2026-04-18,staff_cost,10084.624,RMB million,RMB,1440.4504145291871,USD million,USD_CNY,2025-12-31,7.001021276595745,group_reported,issuer_reported,primary_issuer,https://static.cninfo.com.cn/finalpage/2026-04-18/1225119605.PDF,16,Primary issuer cost-analysis table; reported cost category.,2026-08-07T09:31:23.142553+00:00
airline_official_report_drivers,600221_2025_fy,600221.SH,Hainan Airlines Holdings,annual,FY2025,2025-12-31,2026-04-18,airport_landing_cost,8293.338,RMB million,RMB,1184.5897437455933,USD million,USD_CNY,2025-12-31,7.001021276595745,group_reported,issuer_reported,primary_issuer,https://static.cninfo.com.cn/finalpage/2026-04-18/1225119605.PDF,16,Primary issuer cost-analysis table; reported cost category.,2026-08-07T09:31:23.142553+00:00
airline_official_report_drivers,600221_2025_fy,600221.SH,Hainan Airlines Holdings,annual,FY2025,2025-12-31,2026-04-18,ask,160503.74,million seat-km,,,,,,,group_reported,issuer_reported,primary_issuer,https://static.cninfo.com.cn/finalpage/2026-04-18/1225119605.PDF,14,Primary issuer operating-information table; ASK normalized to million seat-km.,2026-08-07T09:31:23.142553+00:00
airline_official_report_drivers,600221_2025_fy,600221.SH,Hainan Airlines Holdings,annual,FY2025,2025-12-31,2026-04-18,rpk,134484.36,million passenger-km,,,,,,,group_reported,issuer_reported,primary_issuer,https://static.cninfo.com.cn/finalpage/2026-04-18/1225119605.PDF,14,Primary issuer operating-information table; RPK normalized to million passenger-km.,2026-08-07T09:31:23.142553+00:00
airline_official_report_drivers,600221_2025_fy,600221.SH,Hainan Airlines Holdings,annual,FY2025,2025-12-31,2026-04-18,passengers,70.578663,million passengers,,,,,,,group_reported,issuer_reported,primary_issuer,https://static.cninfo.com.cn/finalpage/2026-04-18/1225119605.PDF,14,Primary issuer operating-information table; passenger count normalized to millions.,2026-08-07T09:31:23.142553+00:00
airline_official_report_drivers,600221_2025_fy,600221.SH,Hainan Airlines Holdings,annual,FY2025,2025-12-31,2026-04-18,passenger_load_factor_pct,83.79,%,,,,,,,group_reported,issuer_reported,primary_issuer,https://static.cninfo.com.cn/finalpage/2026-04-18/1225119605.PDF,14,Primary issuer operating-information table.,2026-08-07T09:31:23.142553+00:00
airline_official_report_drivers,600221_2025_fy,600221.SH,Hainan Airlines Holdings,annual,FY2025,2025-12-31,2026-04-18,daily_utilization,9.58,hours/day,,,,,,,group_reported,issuer_reported,primary_issuer,https://static.cninfo.com.cn/finalpage/2026-04-18/1225119605.PDF,14,Primary issuer operating-information table.,2026-08-07T09:31:23.142553+00:00
airline_official_report_drivers,600221_2025_fy,600221.SH,Hainan Airlines Holdings,annual,FY2025,2025-12-31,2026-04-18,fleet_total,359.0,aircraft,,,,,,,group_reported,issuer_reported,primary_issuer,https://static.cninfo.com.cn/finalpage/2026-04-18/1225119605.PDF,14,Primary issuer fleet table / group fleet total.,2026-08-07T09:31:23.142553+00:00
airline_official_report_drivers,600221_2025_fy,600221.SH,Hainan Airlines Holdings,annual,FY2025,2025-12-31,2026-04-18,passenger_revenue,60219.702,RMB million,RMB,8601.559632637183,USD million,USD_CNY,2025-12-31,7.001021276595745,group_reported,issuer_reported,primary_issuer,https://static.cninfo.com.cn/finalpage/2026-04-18/1225119605.PDF,167,Primary issuer table anchor; Hainan Airlines product-revenue table: passenger and other revenue; scope is not pure ticket revenue.,2026-08-07T09:31:23.142553+00:00
airline_official_report_drivers,600221_2025_fy,600221.SH,Hainan Airlines Holdings,annual,FY2025,2025-12-31,2026-04-18,cargo_revenue,3231.747,RMB million,RMB,461.6107953854756,USD million,USD_CNY,2025-12-31,7.001021276595745,group_reported,issuer_reported,primary_issuer,https://static.cninfo.com.cn/finalpage/2026-04-18/1225119605.PDF,167,Primary issuer table anchor; Hainan Airlines product-revenue table: aviation cargo and excess-baggage revenue.,2026-08-07T09:31:23.142553+00:00
airline_official_report_drivers,600221_2025_fy,600221.SH,Hainan Airlines Holdings,annual,FY2025,2025-12-31,2026-04-18,cash_and_cash_equivalents,2552.353,RMB million,RMB,364.56866779314873,USD million,USD_CNY,2025-12-31,7.001021276595745,group_reported,issuer_reported,primary_issuer,https://static.cninfo.com.cn/finalpage/2026-04-18/1225119605.PDF,174,Primary issuer table anchor; Hainan Airlines consolidated cash-flow note: period-end cash and cash equivalents.,2026-08-07T09:31:23.142553+00:00
airline_official_report_drivers,600221_2025_fy,600221.SH,Hainan Airlines Holdings,annual,FY2025,2025-12-31,2026-04-18,total_liabilities,146911.165,RMB million,RMB,20984.247754127056,USD million,USD_CNY,2025-12-31,7.001021276595745,group_reported,issuer_reported,primary_issuer,https://static.cninfo.com.cn/finalpage/2026-04-18/1225119605.PDF,86,Primary issuer table anchor; Hainan Airlines consolidated balance sheet: total liabilities.,2026-08-07T09:31:23.142553+00:00
airline_official_report_drivers,600221_2025_fy,600221.SH,Hainan Airlines Holdings,annual,FY2025,2025-12-31,2026-04-18,capex_cash_paid,2188.703,RMB million,RMB,312.6262460188179,USD million,USD_CNY,2025-12-31,7.001021276595745,group_reported,issuer_reported,primary_issuer,https://static.cninfo.com.cn/finalpage/2026-04-18/1225119605.PDF,93,"Primary issuer table anchor; Hainan Airlines consolidated cash-flow statement: cash paid for property, plant and equipment and other long-term assets.",2026-08-07T09:31:23.142553+00:00
airline_official_report_drivers,600221_2025_fy,600221.SH,Hainan Airlines Holdings,annual,FY2025,2025-12-31,2026-04-18,passenger_yield_derived,0.4477821956397012,RMB/RPK,RMB,,,,,,derived_group,derived,primary_issuer,https://static.cninfo.com.cn/finalpage/2026-04-18/1225119605.PDF,167,"Derived as passenger revenue / RPK; use only when revenue and RPK have matching scope. Input source pages: passenger revenue=167, RPK=14.",2026-08-07T09:31:23.142553+00:00
airline_official_report_drivers,600221_2025_fy,600221.SH,Hainan Airlines Holdings,annual,FY2025,2025-12-31,2026-04-18,rask_derived,0.3751918927247427,RMB/ASK,RMB,,,,,,derived_group,derived,primary_issuer,https://static.cninfo.com.cn/finalpage/2026-04-18/1225119605.PDF,167,"Derived as passenger revenue / ASK; not issuer-reported RASK. Input source pages: passenger revenue=167, ASK=14.",2026-08-07T09:31:23.142553+00:00
airline_official_report_drivers,600221_2025_fy,600221.SH,Hainan Airlines Holdings,annual,FY2025,2025-12-31,2026-04-18,cask_derived,0.3938378756781618,RMB/ASK,RMB,,,,,,derived_group,derived,primary_issuer,https://static.cninfo.com.cn/finalpage/2026-04-18/1225119605.PDF,15,Derived as consolidated operating cost / ASK; not issuer-reported CASK.,2026-08-07T09:31:23.142553+00:00
airline_official_report_drivers,600221_2025_fy,600221.SH,Hainan Airlines Holdings,annual,FY2025,2025-12-31,2026-04-18,fuel_cost_per_ask_derived,0.1251500432326374,RMB/ASK,RMB,,,,,,derived_group,derived,primary_issuer,https://static.cninfo.com.cn/finalpage/2026-04-18/1225119605.PDF,16,"Derived as reported fuel cost / ASK; fuel-price, mix and hedging effects remain embedded.",2026-08-07T09:31:23.142553+00:00
airline_official_report_drivers,600221_2025_fy,600221.SH,Hainan Airlines Holdings,annual,FY2025,2025-12-31,2026-04-18,fuel_cost_share_pct_derived,31.77704607946548,%,,,,,,,derived_group,derived,primary_issuer,https://static.cninfo.com.cn/finalpage/2026-04-18/1225119605.PDF,16,Derived as reported fuel cost / reported operating cost.,2026-08-07T09:31:23.142553+00:00
airline_official_report_drivers,600221_2025_fy,600221.SH,Hainan Airlines Holdings,annual,FY2025,2025-12-31,2026-04-18,liabilities_to_assets_pct_derived,96.47100235735148,%,,,,,,,derived_group,derived_from_total_liabilities_divided_by_total_assets,primary_issuer,https://static.cninfo.com.cn/finalpage/2026-04-18/1225119605.PDF,86,"Derived as consolidated total liabilities / total assets; not an issuer-reported ratio. Input source pages: liabilities=86, assets=6.",2026-08-07T09:31:23.142553+00:00
airline_official_report_drivers,600221_2025_h1,600221.SH,Hainan Airlines Holdings,interim,1H2025,2025-06-30,2025-08-30,total_revenue,33083.352,RMB million,RMB,4617.564433011789,USD million,USD_CNY,2025-06-30,7.164675767918089,group_reported,issuer_reported,primary_issuer,https://static.cninfo.com.cn/finalpage/2025-08-30/1224624045.PDF,6,Primary issuer annual/interim report main financial-data table.,2026-08-07T10:16:21.434969+00:00
airline_official_report_drivers,600221_2025_h1,600221.SH,Hainan Airlines Holdings,interim,1H2025,2025-06-30,2025-08-30,profit_total,11.564,RMB million,RMB,1.614029772537811,USD million,USD_CNY,2025-06-30,7.164675767918089,group_reported,issuer_reported,primary_issuer,https://static.cninfo.com.cn/finalpage/2025-08-30/1224624045.PDF,6,Primary issuer annual/interim report main financial-data table.,2026-08-07T10:16:21.434969+00:00
airline_official_report_drivers,600221_2025_h1,600221.SH,Hainan Airlines Holdings,interim,1H2025,2025-06-30,2025-08-30,attributable_net_income,56.945,RMB million,RMB,7.948021912587829,USD million,USD_CNY,2025-06-30,7.164675767918089,group_reported,issuer_reported,primary_issuer,https://static.cninfo.com.cn/finalpage/2025-08-30/1224624045.PDF,6,Primary issuer annual/interim report main financial-data table.,2026-08-07T10:16:21.434969+00:00
airline_official_report_drivers,600221_2025_h1,600221.SH,Hainan Airlines Holdings,interim,1H2025,2025-06-30,2025-08-30,operating_cash_flow,5627.3550000000005,RMB million,RMB,785.4305180421579,USD million,USD_CNY,2025-06-30,7.164675767918089,group_reported,issuer_reported,primary_issuer,https://static.cninfo.com.cn/finalpage/2025-08-30/1224624045.PDF,6,Primary issuer annual/interim report main financial-data table.,2026-08-07T10:16:21.434969+00:00
airline_official_report_drivers,600221_2025_h1,600221.SH,Hainan Airlines Holdings,interim,1H2025,2025-06-30,2025-08-30,equity_attributable,2562.603,RMB million,RMB,357.67187281171846,USD million,USD_CNY,2025-06-30,7.164675767918089,group_reported,issuer_reported,primary_issuer,https://static.cninfo.com.cn/finalpage/2025-08-30/1224624045.PDF,6,Primary issuer annual/interim report main financial-data table.,2026-08-07T10:16:21.434969+00:00
airline_official_report_drivers,600221_2025_h1,600221.SH,Hainan Airlines Holdings,interim,1H2025,2025-06-30,2025-08-30,total_assets,142443.227,RMB million,RMB,19881.32214409909,USD million,USD_CNY,2025-06-30,7.164675767918089,group_reported,issuer_reported,primary_issuer,https://static.cninfo.com.cn/finalpage/2025-08-30/1224624045.PDF,6,Primary issuer annual/interim report main financial-data table.,2026-08-07T10:16:21.434969+00:00
airline_official_report_drivers,600221_2025_h1,600221.SH,Hainan Airlines Holdings,interim,1H2025,2025-06-30,2025-08-30,basic_eps,0.0013,RMB/share,RMB,,,,,,group_reported,issuer_reported,primary_issuer,https://static.cninfo.com.cn/finalpage/2025-08-30/1224624045.PDF,6,Primary issuer annual/interim report main financial-data table.,2026-08-07T10:16:21.434969+00:00
airline_official_report_drivers,600221_2025_h1,600221.SH,Hainan Airlines Holdings,interim,1H2025,2025-06-30,2025-08-30,weighted_average_roe,35.28,%,,,,,,,group_reported,issuer_reported,primary_issuer,https://static.cninfo.com.cn/finalpage/2025-08-30/1224624045.PDF,6,Primary issuer annual/interim report main financial-data table.,2026-08-07T10:16:21.434969+00:00
airline_official_report_drivers,600221_2025_h1,600221.SH,Hainan Airlines Holdings,interim,1H2025,2025-06-30,2025-08-30,operating_cost,30857.549,RMB million,RMB,4306.900967964749,USD million,USD_CNY,2025-06-30,7.164675767918089,group_reported,issuer_reported,primary_issuer,https://static.cninfo.com.cn/finalpage/2025-08-30/1224624045.PDF,12,Primary issuer income-statement / financial-indicator table.,2026-08-07T10:16:21.434969+00:00
airline_official_report_drivers,600221_2025_h1,600221.SH,Hainan Airlines Holdings,interim,1H2025,2025-06-30,2025-08-30,ask,77921.27,million seat-km,,,,,,,group_reported,issuer_reported,primary_issuer,https://static.cninfo.com.cn/finalpage/2025-08-30/1224624045.PDF,12,"Primary issuer table anchor; Hainan Airlines operating table: ASK, converted from ten-thousand seat-km.",2026-08-07T10:16:21.434969+00:00
airline_official_report_drivers,600221_2025_h1,600221.SH,Hainan Airlines Holdings,interim,1H2025,2025-06-30,2025-08-30,rpk,64480.17,million passenger-km,,,,,,,group_reported,issuer_reported,primary_issuer,https://static.cninfo.com.cn/finalpage/2025-08-30/1224624045.PDF,12,"Primary issuer table anchor; Hainan Airlines operating table: RPK, converted from ten-thousand passenger-km.",2026-08-07T10:16:21.434969+00:00
airline_official_report_drivers,600221_2025_h1,600221.SH,Hainan Airlines Holdings,interim,1H2025,2025-06-30,2025-08-30,passengers,34.089,million passengers,,,,,,,group_reported,issuer_reported,primary_issuer,https://static.cninfo.com.cn/finalpage/2025-08-30/1224624045.PDF,12,"Primary issuer table anchor; Hainan Airlines operating table: passengers, converted from thousand.",2026-08-07T10:16:21.434969+00:00
airline_official_report_drivers,600221_2025_h1,600221.SH,Hainan Airlines Holdings,interim,1H2025,2025-06-30,2025-08-30,passenger_load_factor_pct,82.75,%,,,,,,,group_reported,issuer_reported,primary_issuer,https://static.cninfo.com.cn/finalpage/2025-08-30/1224624045.PDF,12,Primary issuer table anchor; Hainan Airlines operating table: passenger load factor.,2026-08-07T10:16:21.434969+00:00
airline_official_report_drivers,600221_2025_h1,600221.SH,Hainan Airlines Holdings,interim,1H2025,2025-06-30,2025-08-30,daily_utilization,9.6,hours/day,,,,,,,group_reported,issuer_reported,primary_issuer,https://static.cninfo.com.cn/finalpage/2025-08-30/1224624045.PDF,12,Primary issuer table anchor; Hainan Airlines operating table: aircraft daily utilization.,2026-08-07T10:16:21.434969+00:00
airline_official_report_drivers,600221_2025_h1,600221.SH,Hainan Airlines Holdings,interim,1H2025,2025-06-30,2025-08-30,fleet_total,348.0,aircraft,,,,,,,group_reported,issuer_reported,primary_issuer,https://static.cninfo.com.cn/finalpage/2025-08-30/1224624045.PDF,11,Primary issuer table anchor; Hainan Airlines fleet table: group fleet total.,2026-08-07T10:16:21.434969+00:00
airline_official_report_drivers,600221_2025_h1,600221.SH,Hainan Airlines Holdings,interim,1H2025,2025-06-30,2025-08-30,passenger_revenue,28953.261,RMB million,RMB,4041.1125273311895,USD million,USD_CNY,2025-06-30,7.164675767918089,group_reported,issuer_reported,primary_issuer,https://static.cninfo.com.cn/finalpage/2025-08-30/1224624045.PDF,119,Primary issuer table anchor; Hainan Airlines product-revenue table: passenger and other revenue; scope is not pure ticket revenue.,2026-08-07T10:16:21.434969+00:00
airline_official_report_drivers,600221_2025_h1,600221.SH,Hainan Airlines Holdings,interim,1H2025,2025-06-30,2025-08-30,fuel_cost_share_pct_reported,31.65,%,,,,,,,group_reported,issuer_reported,primary_issuer,https://static.cninfo.com.cn/finalpage/2025-08-30/1224624045.PDF,19,Primary issuer table anchor; Hainan Airlines risk disclosure: fuel cost as a share of operating cost.,2026-08-07T10:16:21.434969+00:00
airline_official_report_drivers,600221_2025_h1,600221.SH,Hainan Airlines Holdings,interim,1H2025,2025-06-30,2025-08-30,fuel_cost_sensitivity_5pct_cost_abs,488.261,RMB million,RMB,68.1483734667143,USD million,USD_CNY,2025-06-30,7.164675767918089,group_reported,issuer_reported,primary_issuer,https://static.cninfo.com.cn/finalpage/2025-08-30/1224624045.PDF,19,Primary issuer table anchor; Hainan Airlines risk disclosure: operating-cost change for a 5% fuel-price move.,2026-08-07T10:16:21.434969+00:00
airline_official_report_drivers,600221_2025_h1,600221.SH,Hainan Airlines Holdings,interim,1H2025,2025-06-30,2025-08-30,cargo_revenue,1443.056,RMB million,RMB,201.4126035488865,USD million,USD_CNY,2025-06-30,7.164675767918089,group_reported,issuer_reported,primary_issuer,https://static.cninfo.com.cn/finalpage/2025-08-30/1224624045.PDF,119,Primary issuer table anchor; Hainan Airlines product-revenue table: aviation cargo and excess-baggage revenue.,2026-08-07T10:16:21.434969+00:00
airline_official_report_drivers,600221_2025_h1,600221.SH,Hainan Airlines Holdings,interim,1H2025,2025-06-30,2025-08-30,cash_and_cash_equivalents,2105.7,RMB million,RMB,293.9002500893176,USD million,USD_CNY,2025-06-30,7.164675767918089,group_reported,issuer_reported,primary_issuer,https://static.cninfo.com.cn/finalpage/2025-08-30/1224624045.PDF,53,Primary issuer table anchor; Hainan Airlines consolidated cash-flow statement: period-end cash and cash equivalents.,2026-08-07T10:16:21.434969+00:00
airline_official_report_drivers,600221_2025_h1,600221.SH,Hainan Airlines Holdings,interim,1H2025,2025-06-30,2025-08-30,total_liabilities,140655.005,RMB million,RMB,19631.73345956889,USD million,USD_CNY,2025-06-30,7.164675767918089,group_reported,issuer_reported,primary_issuer,https://static.cninfo.com.cn/finalpage/2025-08-30/1224624045.PDF,46,Primary issuer table anchor; Hainan Airlines consolidated balance sheet: total liabilities.,2026-08-07T10:16:21.434969+00:00
airline_official_report_drivers,600221_2025_h1,600221.SH,Hainan Airlines Holdings,interim,1H2025,2025-06-30,2025-08-30,capex_cash_paid,709.392,RMB million,RMB,99.01243586995356,USD million,USD_CNY,2025-06-30,7.164675767918089,group_reported,issuer_reported,primary_issuer,https://static.cninfo.com.cn/finalpage/2025-08-30/1224624045.PDF,53,"Primary issuer table anchor; Hainan Airlines consolidated cash-flow statement: cash paid for property, plant and equipment and other long-term assets.",2026-08-07T10:16:21.434969+00:00
airline_official_report_drivers,600221_2025_h1,600221.SH,Hainan Airlines Holdings,interim,1H2025,2025-06-30,2025-08-30,fuel_cost_implied_from_reported_share,9766.4142585,RMB million,RMB,1363.134156360843,USD million,USD_CNY,2025-06-30,7.164675767918089,derived_group,derived_from_reported_share,primary_issuer,https://static.cninfo.com.cn/finalpage/2025-08-30/1224624045.PDF,19,"Derived from issuer-reported operating cost and 31.65% fuel-cost share; the report's relevant cost/risk disclosures provide no direct RMB fuel-cost line, so this is not an issuer-reported fuel expense. The separate 5% sensitivity implies approximately RMB9,765m after report rounding.",2026-08-07T10:16:21.434969+00:00
airline_official_report_drivers,600221_2025_h1,600221.SH,Hainan Airlines Holdings,interim,1H2025,2025-06-30,2025-08-30,passenger_yield_derived,0.4490258167743664,RMB/RPK,RMB,,,,,,derived_group,derived,primary_issuer,https://static.cninfo.com.cn/finalpage/2025-08-30/1224624045.PDF,119,"Derived as passenger revenue / RPK; use only when revenue and RPK have matching scope. Input source pages: passenger revenue=119, RPK=12.",2026-08-07T10:16:21.434969+00:00
airline_official_report_drivers,600221_2025_h1,600221.SH,Hainan Airlines Holdings,interim,1H2025,2025-06-30,2025-08-30,rask_derived,0.3715707020688959,RMB/ASK,RMB,,,,,,derived_group,derived,primary_issuer,https://static.cninfo.com.cn/finalpage/2025-08-30/1224624045.PDF,119,"Derived as passenger revenue / ASK; not issuer-reported RASK. Input source pages: passenger revenue=119, ASK=None.",2026-08-07T10:16:21.434969+00:00
airline_official_report_drivers,600221_2025_h1,600221.SH,Hainan Airlines Holdings,interim,1H2025,2025-06-30,2025-08-30,cask_derived,0.39600931812328,RMB/ASK,RMB,,,,,,derived_group,derived,primary_issuer,https://static.cninfo.com.cn/finalpage/2025-08-30/1224624045.PDF,12,Derived as consolidated operating cost / ASK; not issuer-reported CASK.,2026-08-07T10:16:21.434969+00:00
airline_official_report_drivers,600221_2025_h1,600221.SH,Hainan Airlines Holdings,interim,1H2025,2025-06-30,2025-08-30,liabilities_to_assets_pct_derived,98.74460721112418,%,,,,,,,derived_group,derived_from_total_liabilities_divided_by_total_assets,primary_issuer,https://static.cninfo.com.cn/finalpage/2025-08-30/1224624045.PDF,46,"Derived as consolidated total liabilities / total assets; not an issuer-reported ratio. Input source pages: liabilities=46, assets=6.",2026-08-07T10:16:21.434969+00:00
airline_official_report_drivers,603885_2025_fy,603885.SH,Juneyao Airlines,annual,FY2025,2025-12-31,2026-04-23,total_revenue,22499.43822361,RMB million,RMB,3213.7365870926733,USD million,USD_CNY,2025-12-31,7.001021276595745,group_reported,issuer_reported,primary_issuer,https://static.cninfo.com.cn/finalpage/2026-04-23/1225151299.PDF,7,Primary issuer annual/interim report main financial-data table.,2026-08-07T10:32:07.114363+00:00
airline_official_report_drivers,603885_2025_fy,603885.SH,Juneyao Airlines,annual,FY2025,2025-12-31,2026-04-23,profit_total,1386.92034819,RMB million,RMB,198.10257580939555,USD million,USD_CNY,2025-12-31,7.001021276595745,group_reported,issuer_reported,primary_issuer,https://static.cninfo.com.cn/finalpage/2026-04-23/1225151299.PDF,7,Primary issuer annual/interim report main financial-data table.,2026-08-07T10:32:07.114363+00:00
airline_official_report_drivers,603885_2025_fy,603885.SH,Juneyao Airlines,annual,FY2025,2025-12-31,2026-04-23,total_assets,52251.12120305999,RMB million,RMB,7463.357007317532,USD million,USD_CNY,2025-12-31,7.001021276595745,group_reported,issuer_reported,primary_issuer,https://static.cninfo.com.cn/finalpage/2026-04-23/1225151299.PDF,7,Primary issuer annual/interim report main financial-data table.,2026-08-07T10:32:07.114363+00:00
airline_official_report_drivers,603885_2025_fy,603885.SH,Juneyao Airlines,annual,FY2025,2025-12-31,2026-04-23,basic_eps,0.48,RMB/share,RMB,,,,,,group_reported,issuer_reported,primary_issuer,https://static.cninfo.com.cn/finalpage/2026-04-23/1225151299.PDF,7,Primary issuer annual/interim report main financial-data table.,2026-08-07T10:32:07.114363+00:00
airline_official_report_drivers,603885_2025_fy,603885.SH,Juneyao Airlines,annual,FY2025,2025-12-31,2026-04-23,weighted_average_roe,9.95,%,,,,,,,group_reported,issuer_reported,primary_issuer,https://static.cninfo.com.cn/finalpage/2026-04-23/1225151299.PDF,7,Primary issuer annual/interim report main financial-data table.,2026-08-07T10:32:07.114363+00:00
airline_official_report_drivers,603885_2025_fy,603885.SH,Juneyao Airlines,annual,FY2025,2025-12-31,2026-04-23,operating_cost,19698.7811734,RMB million,RMB,2813.7010866189735,USD million,USD_CNY,2025-12-31,7.001021276595745,group_reported,issuer_reported,primary_issuer,https://static.cninfo.com.cn/finalpage/2026-04-23/1225151299.PDF,20,Primary issuer income-statement / financial-indicator table.,2026-08-07T10:32:07.114363+00:00
airline_official_report_drivers,603885_2025_fy,603885.SH,Juneyao Airlines,annual,FY2025,2025-12-31,2026-04-23,fuel_cost,6488.0,RMB million,RMB,926.721937224964,USD million,USD_CNY,2025-12-31,7.001021276595745,group_reported,issuer_reported,primary_issuer,https://static.cninfo.com.cn/finalpage/2026-04-23/1225151299.PDF,39,Primary issuer risk/operating disclosure; fuel cost reported in RMB hundred-million.,2026-08-07T10:32:07.114363+00:00
airline_official_report_drivers,603885_2025_fy,603885.SH,Juneyao Airlines,annual,FY2025,2025-12-31,2026-04-23,ask,57178.0275,million seat-km,,,,,,,group_reported,issuer_reported,primary_issuer,https://static.cninfo.com.cn/finalpage/2026-04-23/1225151299.PDF,26,Primary issuer operating-information table; ASK normalized to million seat-km.,2026-08-07T10:32:07.114363+00:00
airline_official_report_drivers,603885_2025_fy,603885.SH,Juneyao Airlines,annual,FY2025,2025-12-31,2026-04-23,passengers,27.1945,million passengers,,,,,,,group_reported,issuer_reported,primary_issuer,https://static.cninfo.com.cn/finalpage/2026-04-23/1225151299.PDF,26,Primary issuer operating-information table; passenger count normalized to millions.,2026-08-07T10:32:07.114363+00:00
airline_official_report_drivers,603885_2025_fy,603885.SH,Juneyao Airlines,annual,FY2025,2025-12-31,2026-04-23,passenger_load_factor_pct,85.63,%,,,,,,,group_reported,issuer_reported,primary_issuer,https://static.cninfo.com.cn/finalpage/2026-04-23/1225151299.PDF,26,Primary issuer operating-information table.,2026-08-07T10:32:07.114363+00:00
airline_official_report_drivers,603885_2025_fy,603885.SH,Juneyao Airlines,annual,FY2025,2025-12-31,2026-04-23,passenger_yield,0.46,RMB/RPK,RMB,,,,,,issuer_disclosed_line,issuer_reported,primary_issuer,https://static.cninfo.com.cn/finalpage/2026-04-23/1225151299.PDF,26,Primary issuer disclosed passenger-yield line; scope follows the issuer table.,2026-08-07T10:32:07.114363+00:00
airline_official_report_drivers,603885_2025_fy,603885.SH,Juneyao Airlines,annual,FY2025,2025-12-31,2026-04-23,daily_utilization,11.6,hours/day,,,,,,,group_reported,issuer_reported,primary_issuer,https://static.cninfo.com.cn/finalpage/2026-04-23/1225151299.PDF,26,Primary issuer operating-information table.,2026-08-07T10:32:07.114363+00:00
airline_official_report_drivers,603885_2025_fy,603885.SH,Juneyao Airlines,annual,FY2025,2025-12-31,2026-04-23,fleet_total,129.0,aircraft,,,,,,,group_reported,issuer_reported,primary_issuer,https://static.cninfo.com.cn/finalpage/2026-04-23/1225151299.PDF,26,Primary issuer fleet table / group fleet total.,2026-08-07T10:32:07.114363+00:00
airline_official_report_drivers,603885_2025_fy,603885.SH,Juneyao Airlines,annual,FY2025,2025-12-31,2026-04-23,passenger_revenue,21417.47734259,RMB million,RMB,3059.1932942966673,USD million,USD_CNY,2025-12-31,7.001021276595745,issuer_disclosed_line,issuer_reported,primary_issuer,https://static.cninfo.com.cn/finalpage/2026-04-23/1225151299.PDF,20,Primary issuer revenue-disaggregation table; wording and scope follow the report.,2026-08-07T10:32:07.114363+00:00
airline_official_report_drivers,603885_2025_fy,603885.SH,Juneyao Airlines,annual,FY2025,2025-12-31,2026-04-23,cargo_revenue,839.05450283,RMB million,RMB,119.84744363439376,USD million,USD_CNY,2025-12-31,7.001021276595745,issuer_disclosed_line,issuer_reported,primary_issuer,https://static.cninfo.com.cn/finalpage/2026-04-23/1225151299.PDF,20,Primary issuer revenue-disaggregation table; wording and scope follow the report.,2026-08-07T10:32:07.114363+00:00
airline_official_report_drivers,603885_2025_fy,603885.SH,Juneyao Airlines,annual,FY2025,2025-12-31,2026-04-23,rpk,48961.2604,million passenger-km,,,,,,,group_reported,issuer_reported,primary_issuer,https://static.cninfo.com.cn/finalpage/2026-04-23/1225151299.PDF,26,"Primary issuer table anchor; Juneyao Airlines operating table: RPK, converted from ten-thousand passenger-km.",2026-08-07T10:32:07.114363+00:00
airline_official_report_drivers,603885_2025_fy,603885.SH,Juneyao Airlines,annual,FY2025,2025-12-31,2026-04-23,attributable_net_income,1039.63838235,RMB million,RMB,148.49810353033598,USD million,USD_CNY,2025-12-31,7.001021276595745,group_reported,issuer_reported,primary_issuer,https://static.cninfo.com.cn/finalpage/2026-04-23/1225151299.PDF,7,Primary issuer table anchor; Juneyao Airlines annual main financial-data table: attributable net income.,2026-08-07T10:32:07.114363+00:00
airline_official_report_drivers,603885_2025_fy,603885.SH,Juneyao Airlines,annual,FY2025,2025-12-31,2026-04-23,cash_and_cash_equivalents,2963.2715285,RMB million,RMB,423.262751451156,USD million,USD_CNY,2025-12-31,7.001021276595745,group_reported,issuer_reported,primary_issuer,https://static.cninfo.com.cn/finalpage/2026-04-23/1225151299.PDF,168,Primary issuer table anchor; Juneyao Airlines consolidated cash-flow note: period-end cash and cash equivalents.,2026-08-07T10:32:07.114363+00:00
airline_official_report_drivers,603885_2025_fy,603885.SH,Juneyao Airlines,annual,FY2025,2025-12-31,2026-04-23,total_liabilities,40119.0,RMB million,RMB,5730.449660839756,USD million,USD_CNY,2025-12-31,7.001021276595745,group_reported,issuer_reported,primary_issuer,https://static.cninfo.com.cn/finalpage/2026-04-23/1225151299.PDF,39,"Primary issuer table anchor; Juneyao Airlines management discussion: group total liabilities at 2025-12-31, reported as RMB401.19亿元 (RMB40.119bn).",2026-08-07T10:32:07.114363+00:00
airline_official_report_drivers,603885_2025_fy,603885.SH,Juneyao Airlines,annual,FY2025,2025-12-31,2026-04-23,interest_bearing_debt,35606.0,RMB million,RMB,5085.829423062896,USD million,USD_CNY,2025-12-31,7.001021276595745,group_reported,issuer_reported,primary_issuer,https://static.cninfo.com.cn/finalpage/2026-04-23/1225151299.PDF,174,"Primary issuer table anchor; Juneyao Airlines management discussion: group interest-bearing debt, reported as RMB356.06亿元 (RMB35.606bn).",2026-08-07T10:32:07.114363+00:00
airline_official_report_drivers,603885_2025_fy,603885.SH,Juneyao Airlines,annual,FY2025,2025-12-31,2026-04-23,passenger_yield_derived,0.4374372139854063,RMB/RPK,RMB,,,,,,derived_group,derived,primary_issuer,https://static.cninfo.com.cn/finalpage/2026-04-23/1225151299.PDF,20,"Derived as passenger revenue / RPK; use only when revenue and RPK have matching scope. Input source pages: passenger revenue=20, RPK=26.",2026-08-07T10:32:07.114363+00:00
airline_official_report_drivers,603885_2025_fy,603885.SH,Juneyao Airlines,annual,FY2025,2025-12-31,2026-04-23,rask_derived,0.3745753094156667,RMB/ASK,RMB,,,,,,derived_group,derived,primary_issuer,https://static.cninfo.com.cn/finalpage/2026-04-23/1225151299.PDF,20,"Derived as passenger revenue / ASK; not issuer-reported RASK. Input source pages: passenger revenue=20, ASK=26.",2026-08-07T10:32:07.114363+00:00
airline_official_report_drivers,603885_2025_fy,603885.SH,Juneyao Airlines,annual,FY2025,2025-12-31,2026-04-23,cask_derived,0.344516627010262,RMB/ASK,RMB,,,,,,derived_group,derived,primary_issuer,https://static.cninfo.com.cn/finalpage/2026-04-23/1225151299.PDF,20,Derived as consolidated operating cost / ASK; not issuer-reported CASK.,2026-08-07T10:32:07.114363+00:00
airline_official_report_drivers,603885_2025_fy,603885.SH,Juneyao Airlines,annual,FY2025,2025-12-31,2026-04-23,fuel_cost_per_ask_derived,0.1134701612433202,RMB/ASK,RMB,,,,,,derived_group,derived,primary_issuer,https://static.cninfo.com.cn/finalpage/2026-04-23/1225151299.PDF,21,"Derived as reported fuel cost / ASK; fuel-price, mix and hedging effects remain embedded.",2026-08-07T10:32:07.114363+00:00
airline_official_report_drivers,603885_2025_fy,603885.SH,Juneyao Airlines,annual,FY2025,2025-12-31,2026-04-23,fuel_cost_share_pct_derived,32.936047884835574,%,,,,,,,derived_group,derived,primary_issuer,https://static.cninfo.com.cn/finalpage/2026-04-23/1225151299.PDF,21,Derived as reported fuel cost / reported operating cost.,2026-08-07T10:32:07.114363+00:00
airline_official_report_drivers,603885_2025_fy,603885.SH,Juneyao Airlines,annual,FY2025,2025-12-31,2026-04-23,liabilities_to_assets_pct_derived,76.78112751703117,%,,,,,,,derived_group,derived_from_total_liabilities_divided_by_total_assets,primary_issuer,https://static.cninfo.com.cn/finalpage/2026-04-23/1225151299.PDF,39,"Derived as consolidated total liabilities / total assets; not an issuer-reported ratio. Input source pages: liabilities=39, assets=7.",2026-08-07T10:32:07.114363+00:00
airline_official_report_drivers,603885_2025_h1,603885.SH,Juneyao Airlines,interim,1H2025,2025-06-30,2025-08-23,total_revenue,11067.182245209999,RMB million,RMB,1544.6871015107918,USD million,USD_CNY,2025-06-30,7.164675767918089,group_reported,issuer_reported,primary_issuer,https://static.cninfo.com.cn/finalpage/2025-08-23/1224558764.PDF,6,Primary issuer annual/interim report main financial-data table.,2026-08-07T11:17:25.265216+00:00
airline_official_report_drivers,603885_2025_h1,603885.SH,Juneyao Airlines,interim,1H2025,2025-06-30,2025-08-23,profit_total,682.1709546699999,RMB million,RMB,95.21309501884481,USD million,USD_CNY,2025-06-30,7.164675767918089,group_reported,issuer_reported,primary_issuer,https://static.cninfo.com.cn/finalpage/2025-08-23/1224558764.PDF,6,Primary issuer annual/interim report main financial-data table.,2026-08-07T11:17:25.265216+00:00
airline_official_report_drivers,603885_2025_h1,603885.SH,Juneyao Airlines,interim,1H2025,2025-06-30,2025-08-23,attributable_net_income,505.49224139999995,RMB million,RMB,70.55340084801713,USD million,USD_CNY,2025-06-30,7.164675767918089,group_reported,issuer_reported,primary_issuer,https://static.cninfo.com.cn/finalpage/2025-08-23/1224558764.PDF,6,Primary issuer annual/interim report main financial-data table.,2026-08-07T11:17:25.265216+00:00
airline_official_report_drivers,603885_2025_h1,603885.SH,Juneyao Airlines,interim,1H2025,2025-06-30,2025-08-23,operating_cash_flow,3107.3139008699995,RMB million,RMB,433.6991653947409,USD million,USD_CNY,2025-06-30,7.164675767918089,group_reported,issuer_reported,primary_issuer,https://static.cninfo.com.cn/finalpage/2025-08-23/1224558764.PDF,6,Primary issuer annual/interim report main financial-data table.,2026-08-07T11:17:25.265216+00:00
airline_official_report_drivers,603885_2025_h1,603885.SH,Juneyao Airlines,interim,1H2025,2025-06-30,2025-08-23,equity_attributable,9154.15466619,RMB million,RMB,1277.6788458705107,USD million,USD_CNY,2025-06-30,7.164675767918089,group_reported,issuer_reported,primary_issuer,https://static.cninfo.com.cn/finalpage/2025-08-23/1224558764.PDF,6,Primary issuer annual/interim report main financial-data table.,2026-08-07T11:17:25.265216+00:00
airline_official_report_drivers,603885_2025_h1,603885.SH,Juneyao Airlines,interim,1H2025,2025-06-30,2025-08-23,total_assets,50003.39242064,RMB million,RMB,6979.156355482919,USD million,USD_CNY,2025-06-30,7.164675767918089,group_reported,issuer_reported,primary_issuer,https://static.cninfo.com.cn/finalpage/2025-08-23/1224558764.PDF,6,Primary issuer annual/interim report main financial-data table.,2026-08-07T11:17:25.265216+00:00
airline_official_report_drivers,603885_2025_h1,603885.SH,Juneyao Airlines,interim,1H2025,2025-06-30,2025-08-23,basic_eps,0.23,RMB/share,RMB,,,,,,group_reported,issuer_reported,primary_issuer,https://static.cninfo.com.cn/finalpage/2025-08-23/1224558764.PDF,6,Primary issuer annual/interim report main financial-data table.,2026-08-07T11:17:25.265216+00:00
airline_official_report_drivers,603885_2025_h1,603885.SH,Juneyao Airlines,interim,1H2025,2025-06-30,2025-08-23,weighted_average_roe,5.54,%,,,,,,,group_reported,issuer_reported,primary_issuer,https://static.cninfo.com.cn/finalpage/2025-08-23/1224558764.PDF,6,Primary issuer annual/interim report main financial-data table.,2026-08-07T11:17:25.265216+00:00
airline_official_report_drivers,603885_2025_h1,603885.SH,Juneyao Airlines,interim,1H2025,2025-06-30,2025-08-23,operating_cost,9757.2537306,RMB million,RMB,1361.855587979421,USD million,USD_CNY,2025-06-30,7.164675767918089,group_reported,issuer_reported,primary_issuer,https://static.cninfo.com.cn/finalpage/2025-08-23/1224558764.PDF,16,Primary issuer income-statement / financial-indicator table.,2026-08-07T11:17:25.265216+00:00
airline_official_report_drivers,603885_2025_h1,603885.SH,Juneyao Airlines,interim,1H2025,2025-06-30,2025-08-23,fuel_cost,3272.9999999999995,RMB million,RMB,456.8245802072168,USD million,USD_CNY,2025-06-30,7.164675767918089,group_reported,issuer_reported,primary_issuer,https://static.cninfo.com.cn/finalpage/2025-08-23/1224558764.PDF,24,Primary issuer risk/operating disclosure; fuel cost reported in RMB hundred-million.,2026-08-07T11:17:25.265216+00:00
airline_official_report_drivers,603885_2025_h1,603885.SH,Juneyao Airlines,interim,1H2025,2025-06-30,2025-08-23,ask,28622.8614,million seat-km,,,,,,,group_reported,issuer_reported,primary_issuer,https://static.cninfo.com.cn/finalpage/2025-08-23/1224558764.PDF,9,Primary issuer operating-information table; ASK normalized to million seat-km.,2026-08-07T11:17:25.265216+00:00
airline_official_report_drivers,603885_2025_h1,603885.SH,Juneyao Airlines,interim,1H2025,2025-06-30,2025-08-23,rpk,24379.0514,million passenger-km,,,,,,,group_reported,issuer_reported,primary_issuer,https://static.cninfo.com.cn/finalpage/2025-08-23/1224558764.PDF,9,Primary issuer operating-information table; RPK normalized to million passenger-km.,2026-08-07T11:17:25.265216+00:00
airline_official_report_drivers,603885_2025_h1,603885.SH,Juneyao Airlines,interim,1H2025,2025-06-30,2025-08-23,passengers,19.11,million passengers,,,,,,,group_reported,issuer_reported,primary_issuer,https://static.cninfo.com.cn/finalpage/2025-08-23/1224558764.PDF,9,Primary issuer operating-information table; passenger count normalized to millions.,2026-08-07T11:17:25.265216+00:00
airline_official_report_drivers,603885_2025_h1,603885.SH,Juneyao Airlines,interim,1H2025,2025-06-30,2025-08-23,passenger_load_factor_pct,85.17,%,,,,,,,group_reported,issuer_reported,primary_issuer,https://static.cninfo.com.cn/finalpage/2025-08-23/1224558764.PDF,9,Primary issuer operating-information table.,2026-08-07T11:17:25.265216+00:00
airline_official_report_drivers,603885_2025_h1,603885.SH,Juneyao Airlines,interim,1H2025,2025-06-30,2025-08-23,cargo_load_factor_pct,28.34,%,,,,,,,group_reported,issuer_reported,primary_issuer,https://static.cninfo.com.cn/finalpage/2025-08-23/1224558764.PDF,9,Primary issuer operating-information table.,2026-08-07T11:17:25.265216+00:00
airline_official_report_drivers,603885_2025_h1,603885.SH,Juneyao Airlines,interim,1H2025,2025-06-30,2025-08-23,passenger_yield,0.5,RMB/RPK,RMB,,,,,,issuer_disclosed_line,issuer_reported,primary_issuer,https://static.cninfo.com.cn/finalpage/2025-08-23/1224558764.PDF,9,Primary issuer disclosed passenger-yield line; scope follows the issuer table.,2026-08-07T11:17:25.265216+00:00
airline_official_report_drivers,603885_2025_h1,603885.SH,Juneyao Airlines,interim,1H2025,2025-06-30,2025-08-23,cask,0.35,RMB/ASK,RMB,,,,,,issuer_disclosed_line,issuer_reported,primary_issuer,https://static.cninfo.com.cn/finalpage/2025-08-23/1224558764.PDF,9,Primary issuer disclosed unit-cost line; scope follows the issuer table.,2026-08-07T11:17:25.265216+00:00
airline_official_report_drivers,603885_2025_h1,603885.SH,Juneyao Airlines,interim,1H2025,2025-06-30,2025-08-23,daily_utilization,11.66,hours/day,,,,,,,group_reported,issuer_reported,primary_issuer,https://static.cninfo.com.cn/finalpage/2025-08-23/1224558764.PDF,9,Primary issuer operating-information table.,2026-08-07T11:17:25.265216+00:00
airline_official_report_drivers,603885_2025_h1,603885.SH,Juneyao Airlines,interim,1H2025,2025-06-30,2025-08-23,fleet_total,88.0,aircraft,,,,,,,group_reported,issuer_reported,primary_issuer,https://static.cninfo.com.cn/finalpage/2025-08-23/1224558764.PDF,9,Primary issuer fleet table / group fleet total.,2026-08-07T11:17:25.265216+00:00
airline_official_report_drivers,603885_2025_h1,603885.SH,Juneyao Airlines,interim,1H2025,2025-06-30,2025-08-23,cash_and_cash_equivalents,2689.08841001,RMB million,RMB,375.3259040766607,USD million,USD_CNY,2025-06-30,7.164675767918089,group_reported,issuer_reported,primary_issuer,https://static.cninfo.com.cn/finalpage/2025-08-23/1224558764.PDF,60,Primary issuer table anchor; Juneyao Airlines consolidated cash-flow statement: period-end cash and cash equivalents.,2026-08-07T11:17:25.265216+00:00
airline_official_report_drivers,603885_2025_h1,603885.SH,Juneyao Airlines,interim,1H2025,2025-06-30,2025-08-23,total_liabilities,40861.90831457,RMB million,RMB,5703.245986027871,USD million,USD_CNY,2025-06-30,7.164675767918089,group_reported,issuer_reported,primary_issuer,https://static.cninfo.com.cn/finalpage/2025-08-23/1224558764.PDF,53,Primary issuer table anchor; Juneyao Airlines consolidated balance sheet: total liabilities.,2026-08-07T11:17:25.265216+00:00
airline_official_report_drivers,603885_2025_h1,603885.SH,Juneyao Airlines,interim,1H2025,2025-06-30,2025-08-23,interest_bearing_debt,36097.0,RMB million,RMB,5038.190306061689,USD million,USD_CNY,2025-06-30,7.164675767918089,group_reported,issuer_reported,primary_issuer,https://static.cninfo.com.cn/finalpage/2025-08-23/1224558764.PDF,162,"Primary issuer table anchor; Juneyao Airlines management discussion: group interest-bearing debt, reported as RMB360.97亿元 (RMB36.097bn).",2026-08-07T11:17:25.265216+00:00
airline_official_report_drivers,603885_2025_h1,603885.SH,Juneyao Airlines,interim,1H2025,2025-06-30,2025-08-23,capex_cash_paid,433.39876325,RMB million,RMB,60.49105043813267,USD million,USD_CNY,2025-06-30,7.164675767918089,group_reported,issuer_reported,primary_issuer,https://static.cninfo.com.cn/finalpage/2025-08-23/1224558764.PDF,59,"Primary issuer table anchor; Juneyao Airlines consolidated cash-flow statement: cash paid for property, plant and equipment and other long-term assets.",2026-08-07T11:17:25.265216+00:00
airline_official_report_drivers,603885_2025_h1,603885.SH,Juneyao Airlines,interim,1H2025,2025-06-30,2025-08-23,rask_from_reported_yield_derived,0.4258667758493216,RMB/ASK,RMB,,,,,,derived_group,derived_from_reported_yield_load_factor,primary_issuer,https://static.cninfo.com.cn/finalpage/2025-08-23/1224558764.PDF,9,Derived as reported passenger yield × RPK / ASK; preserves the issuer yield scope and is not issuer-reported RASK.,2026-08-07T11:17:25.265216+00:00
airline_official_report_drivers,603885_2025_h1,603885.SH,Juneyao Airlines,interim,1H2025,2025-06-30,2025-08-23,cask_derived,0.3408902273690917,RMB/ASK,RMB,,,,,,derived_group,derived,primary_issuer,https://static.cninfo.com.cn/finalpage/2025-08-23/1224558764.PDF,16,Derived as consolidated operating cost / ASK; not issuer-reported CASK.,2026-08-07T11:17:25.265216+00:00
airline_official_report_drivers,603885_2025_h1,603885.SH,Juneyao Airlines,interim,1H2025,2025-06-30,2025-08-23,fuel_cost_per_ask_derived,0.11434915448390492,RMB/ASK,RMB,,,,,,derived_group,derived,primary_issuer,https://static.cninfo.com.cn/finalpage/2025-08-23/1224558764.PDF,9,"Derived as reported fuel cost / ASK; fuel-price, mix and hedging effects remain embedded.",2026-08-07T11:17:25.265216+00:00
airline_official_report_drivers,603885_2025_h1,603885.SH,Juneyao Airlines,interim,1H2025,2025-06-30,2025-08-23,fuel_cost_share_pct_derived,33.54427475566666,%,,,,,,,derived_group,derived,primary_issuer,https://static.cninfo.com.cn/finalpage/2025-08-23/1224558764.PDF,16,Derived as reported fuel cost / reported operating cost.,2026-08-07T11:17:25.265216+00:00
airline_official_report_drivers,603885_2025_h1,603885.SH,Juneyao Airlines,interim,1H2025,2025-06-30,2025-08-23,liabilities_to_assets_pct_derived,81.71827217407623,%,,,,,,,derived_group,derived_from_total_liabilities_divided_by_total_assets,primary_issuer,https://static.cninfo.com.cn/finalpage/2025-08-23/1224558764.PDF,53,"Derived as consolidated total liabilities / total assets; not an issuer-reported ratio. Input source pages: liabilities=53, assets=6.",2026-08-07T11:17:25.265216+00:00
