dataset_id,company,ticker,market,event_date,event_type,estimate_metric,fiscal_year,institution,prior_event_date,current_value_native,prior_value_native,change_native,change_pct,direction,rating,previous_rating,target_price_low_native,target_price_high_native,source_quality,source_url,information_scope,source_note,retrieved_at
airline_consensus_events,Juneyao Airlines,603885.SH,CN_A,2024-08-15,estimate_revision,eps,2026.0,中邮证券,2024-04-09,1.04,1.19,-0.1499999999999999,-12.605042016806715,down,,,,,akshare_discovery,https://pdf.dfcfw.com/pdf/H3_AP202408151639292262_1.pdf,broker_report_vintage,Unified dated same-institution/same-fiscal-year estimate revision. The source feed is sparse and is not a complete consensus-vintage tape.,2026-08-07T15:33:02.185688+00:00
airline_consensus_events,Juneyao Airlines,603885.SH,CN_A,2024-08-15,estimate_revision,eps,2026.0,信达证券,2024-07-16,1.17,1.23,-0.06,-4.878048780487809,down,,,,,akshare_discovery,https://pdf.dfcfw.com/pdf/H3_AP202408151639286558_1.pdf,broker_report_vintage,Unified dated same-institution/same-fiscal-year estimate revision. The source feed is sparse and is not a complete consensus-vintage tape.,2026-08-07T15:33:02.185688+00:00
airline_consensus_events,Juneyao Airlines,603885.SH,CN_A,2024-08-15,estimate_revision,eps,2026.0,国金证券,2024-04-09,1.265,1.837,-0.5720000000000001,-31.13772455089821,down,,,,,akshare_discovery,https://pdf.dfcfw.com/pdf/H3_AP202408151639284040_1.pdf,broker_report_vintage,Unified dated same-institution/same-fiscal-year estimate revision. The source feed is sparse and is not a complete consensus-vintage tape.,2026-08-07T15:33:02.185688+00:00
airline_consensus_events,Juneyao Airlines,603885.SH,CN_A,2024-08-30,estimate_revision,eps,2026.0,国金证券,2024-08-15,1.069,1.265,-0.1959999999999999,-15.494071146245057,down,,,,,akshare_discovery,https://pdf.dfcfw.com/pdf/H3_AP202408301639600335_1.pdf,broker_report_vintage,Unified dated same-institution/same-fiscal-year estimate revision. The source feed is sparse and is not a complete consensus-vintage tape.,2026-08-07T15:33:02.185688+00:00
airline_consensus_events,Spring Airlines,601021.SH,CN_A,2024-08-30,estimate_revision,eps,2026.0,中邮证券,2024-05-05,4.32,4.32,0.0,0.0,flat,,,,,akshare_discovery,https://pdf.dfcfw.com/pdf/H3_AP202408301639631070_1.pdf,broker_report_vintage,Unified dated same-institution/same-fiscal-year estimate revision. The source feed is sparse and is not a complete consensus-vintage tape.,2026-08-07T15:33:02.185688+00:00
airline_consensus_events,Air China,0753.HK / 601111.SH,CN_A,2024-08-31,estimate_revision,eps,2026.0,信达证券,2024-04-01,0.39,0.74,-0.35,-47.2972972972973,down,,,,,akshare_discovery,https://pdf.dfcfw.com/pdf/H3_AP202408311639675700_1.pdf,broker_report_vintage,Unified dated same-institution/same-fiscal-year estimate revision. The source feed is sparse and is not a complete consensus-vintage tape.,2026-08-07T15:33:02.185688+00:00
airline_consensus_events,Air China,0753.HK / 601111.SH,CN_A,2024-08-31,estimate_revision,eps,2026.0,国金证券,2024-03-29,0.73,1.1,-0.3700000000000001,-33.63636363636365,down,,,,,akshare_discovery,https://pdf.dfcfw.com/pdf/H3_AP202408311639669670_1.pdf,broker_report_vintage,Unified dated same-institution/same-fiscal-year estimate revision. The source feed is sparse and is not a complete consensus-vintage tape.,2026-08-07T15:33:02.185688+00:00
airline_consensus_events,China Southern Airlines,01055.HK / 600029.SH,CN_A,2024-08-31,estimate_revision,eps,2026.0,信达证券,2024-03-31,0.31,0.62,-0.31,-50.0,down,,,,,akshare_discovery,https://pdf.dfcfw.com/pdf/H3_AP202408311639676456_1.pdf,broker_report_vintage,Unified dated same-institution/same-fiscal-year estimate revision. The source feed is sparse and is not a complete consensus-vintage tape.,2026-08-07T15:33:02.185688+00:00
airline_consensus_events,China Southern Airlines,01055.HK / 600029.SH,CN_A,2024-08-31,estimate_revision,eps,2026.0,国金证券,2024-03-28,0.622,0.897,-0.275,-30.6577480490524,down,,,,,akshare_discovery,https://pdf.dfcfw.com/pdf/H3_AP202408311639669673_1.pdf,broker_report_vintage,Unified dated same-institution/same-fiscal-year estimate revision. The source feed is sparse and is not a complete consensus-vintage tape.,2026-08-07T15:33:02.185688+00:00
airline_consensus_events,Spring Airlines,601021.SH,CN_A,2024-09-01,estimate_revision,eps,2026.0,国信证券,2024-04-30,4.48,4.82,-0.3399999999999998,-7.053941908713689,down,,,,,akshare_discovery,https://pdf.dfcfw.com/pdf/H3_AP202409011639680172_1.pdf,broker_report_vintage,Unified dated same-institution/same-fiscal-year estimate revision. The source feed is sparse and is not a complete consensus-vintage tape.,2026-08-07T15:33:02.185688+00:00
airline_consensus_events,China Southern Airlines,01055.HK / 600029.SH,CN_A,2024-09-04,estimate_revision,eps,2026.0,中邮证券,2024-03-29,0.57,0.92,-0.3500000000000001,-38.04347826086957,down,,,,,akshare_discovery,https://pdf.dfcfw.com/pdf/H3_AP202409041639727903_1.pdf,broker_report_vintage,Unified dated same-institution/same-fiscal-year estimate revision. The source feed is sparse and is not a complete consensus-vintage tape.,2026-08-07T15:33:02.185688+00:00
airline_consensus_events,Air China,0753.HK / 601111.SH,CN_A,2024-09-05,estimate_revision,eps,2026.0,东兴证券,2024-04-02,0.49,0.87,-0.38,-43.67816091954023,down,,,,,akshare_discovery,https://pdf.dfcfw.com/pdf/H3_AP202409051639748250_1.pdf,broker_report_vintage,Unified dated same-institution/same-fiscal-year estimate revision. The source feed is sparse and is not a complete consensus-vintage tape.,2026-08-07T15:33:02.185688+00:00
airline_consensus_events,China Southern Airlines,01055.HK / 600029.SH,CN_A,2024-10-30,estimate_revision,eps,2026.0,国信证券,2024-04-01,0.45,0.8,-0.35,-43.75,down,,,,,akshare_discovery,https://pdf.dfcfw.com/pdf/H3_AP202410301640595973_1.pdf,broker_report_vintage,Unified dated same-institution/same-fiscal-year estimate revision. The source feed is sparse and is not a complete consensus-vintage tape.,2026-08-07T15:33:02.185688+00:00
airline_consensus_events,China Southern Airlines,01055.HK / 600029.SH,CN_A,2024-10-30,estimate_revision,eps,2026.0,国金证券,2024-08-31,0.624,0.622,0.002,0.3215434083601289,up,,,,,akshare_discovery,https://pdf.dfcfw.com/pdf/H3_AP202410301640588141_1.pdf,broker_report_vintage,Unified dated same-institution/same-fiscal-year estimate revision. The source feed is sparse and is not a complete consensus-vintage tape.,2026-08-07T15:33:02.185688+00:00
airline_consensus_events,Juneyao Airlines,603885.SH,CN_A,2024-10-31,estimate_revision,eps,2026.0,国金证券,2024-08-30,1.069,1.069,0.0,0.0,flat,,,,,akshare_discovery,https://pdf.dfcfw.com/pdf/H3_AP202410311640635083_1.pdf,broker_report_vintage,Unified dated same-institution/same-fiscal-year estimate revision. The source feed is sparse and is not a complete consensus-vintage tape.,2026-08-07T15:33:02.185688+00:00
airline_consensus_events,Spring Airlines,601021.SH,CN_A,2024-10-31,estimate_revision,eps,2026.0,国金证券,2024-08-30,4.48,4.84,-0.3599999999999994,-7.438016528925608,down,,,,,akshare_discovery,https://pdf.dfcfw.com/pdf/H3_AP202410311640635384_1.pdf,broker_report_vintage,Unified dated same-institution/same-fiscal-year estimate revision. The source feed is sparse and is not a complete consensus-vintage tape.,2026-08-07T15:33:02.185688+00:00
airline_consensus_events,Air China,0753.HK / 601111.SH,CN_A,2024-11-01,estimate_revision,eps,2026.0,国信证券,2024-04-01,0.49,0.94,-0.4499999999999999,-47.87234042553191,down,,,,,akshare_discovery,https://pdf.dfcfw.com/pdf/H3_AP202411011640676598_1.pdf,broker_report_vintage,Unified dated same-institution/same-fiscal-year estimate revision. The source feed is sparse and is not a complete consensus-vintage tape.,2026-08-07T15:33:02.185688+00:00
airline_consensus_events,Air China,0753.HK / 601111.SH,CN_A,2024-11-01,estimate_revision,eps,2026.0,国金证券,2024-08-31,0.73,0.73,0.0,0.0,flat,,,,,akshare_discovery,https://pdf.dfcfw.com/pdf/H3_AP202411011640657508_1.pdf,broker_report_vintage,Unified dated same-institution/same-fiscal-year estimate revision. The source feed is sparse and is not a complete consensus-vintage tape.,2026-08-07T15:33:02.185688+00:00
airline_consensus_events,China Eastern Airlines,0670.HK / 600115.SH,CN_A,2024-11-01,estimate_revision,eps,2026.0,国信证券,2024-04-01,0.34,0.58,-0.2399999999999999,-41.37931034482758,down,,,,,akshare_discovery,https://pdf.dfcfw.com/pdf/H3_AP202411011640676592_1.pdf,broker_report_vintage,Unified dated same-institution/same-fiscal-year estimate revision. The source feed is sparse and is not a complete consensus-vintage tape.,2026-08-07T15:33:02.185688+00:00
airline_consensus_events,Juneyao Airlines,603885.SH,CN_A,2024-11-01,estimate_revision,eps,2026.0,国信证券,2024-04-10,1.16,1.46,-0.3,-20.547945205479454,down,,,,,akshare_discovery,https://pdf.dfcfw.com/pdf/H3_AP202411011640676614_1.pdf,broker_report_vintage,Unified dated same-institution/same-fiscal-year estimate revision. The source feed is sparse and is not a complete consensus-vintage tape.,2026-08-07T15:33:02.185688+00:00
airline_consensus_events,Juneyao Airlines,603885.SH,CN_A,2024-11-01,estimate_revision,eps,2026.0,国金证券,2024-10-31,1.256,1.069,0.187,17.49298409728719,up,,,,,akshare_discovery,https://pdf.dfcfw.com/pdf/H3_AP202411011640657512_1.pdf,broker_report_vintage,Unified dated same-institution/same-fiscal-year estimate revision. The source feed is sparse and is not a complete consensus-vintage tape.,2026-08-07T15:33:02.185688+00:00
airline_consensus_events,Juneyao Airlines,603885.SH,CN_A,2024-11-03,estimate_revision,eps,2026.0,国金证券,2024-11-01,0.34,1.256,-0.916,-72.92993630573248,down,,,,,akshare_discovery,https://pdf.dfcfw.com/pdf/H3_AP202411031640687499_1.pdf,broker_report_vintage,Unified dated same-institution/same-fiscal-year estimate revision. The source feed is sparse and is not a complete consensus-vintage tape.,2026-08-07T15:33:02.185688+00:00
airline_consensus_events,China Southern Airlines,01055.HK / 600029.SH,CN_A,2024-11-04,estimate_revision,eps,2026.0,信达证券,2024-08-31,0.31,0.31,0.0,0.0,flat,,,,,akshare_discovery,https://pdf.dfcfw.com/pdf/H3_AP202411041640696224_1.pdf,broker_report_vintage,Unified dated same-institution/same-fiscal-year estimate revision. The source feed is sparse and is not a complete consensus-vintage tape.,2026-08-07T15:33:02.185688+00:00
airline_consensus_events,Juneyao Airlines,603885.SH,CN_A,2024-11-04,estimate_revision,eps,2026.0,信达证券,2024-08-15,1.1,1.17,-0.0699999999999998,-5.98290598290597,down,,,,,akshare_discovery,https://pdf.dfcfw.com/pdf/H3_AP202411041640700243_1.pdf,broker_report_vintage,Unified dated same-institution/same-fiscal-year estimate revision. The source feed is sparse and is not a complete consensus-vintage tape.,2026-08-07T15:33:02.185688+00:00
airline_consensus_events,Spring Airlines,601021.SH,CN_A,2024-11-04,estimate_revision,eps,2026.0,信达证券,2024-08-31,4.06,4.47,-0.4100000000000001,-9.17225950782998,down,,,,,akshare_discovery,https://pdf.dfcfw.com/pdf/H3_AP202411041640695434_1.pdf,broker_report_vintage,Unified dated same-institution/same-fiscal-year estimate revision. The source feed is sparse and is not a complete consensus-vintage tape.,2026-08-07T15:33:02.185688+00:00
airline_consensus_events,China Southern Airlines,01055.HK / 600029.SH,CN_A,2025-03-27,estimate_revision,eps,2026.0,国金证券,2024-10-30,0.418,0.624,-0.206,-33.01282051282052,down,,,,,akshare_discovery,https://pdf.dfcfw.com/pdf/H3_AP202503271648191751_1.pdf,broker_report_vintage,Unified dated same-institution/same-fiscal-year estimate revision. The source feed is sparse and is not a complete consensus-vintage tape.,2026-08-07T15:33:02.185688+00:00
airline_consensus_events,Air China,0753.HK / 601111.SH,CN_A,2025-03-28,estimate_revision,eps,2026.0,中邮证券,2024-03-29,0.47,1.16,-0.69,-59.48275862068966,down,,,,,akshare_discovery,https://pdf.dfcfw.com/pdf/H3_AP202503281648724693_1.pdf,broker_report_vintage,Unified dated same-institution/same-fiscal-year estimate revision. The source feed is sparse and is not a complete consensus-vintage tape.,2026-08-07T15:33:02.185688+00:00
airline_consensus_events,Air China,0753.HK / 601111.SH,CN_A,2025-03-28,estimate_revision,eps,2026.0,信达证券,2024-08-31,0.45,0.39,0.06,15.384615384615383,up,,,,,akshare_discovery,https://pdf.dfcfw.com/pdf/H3_AP202503281648660333_1.pdf,broker_report_vintage,Unified dated same-institution/same-fiscal-year estimate revision. The source feed is sparse and is not a complete consensus-vintage tape.,2026-08-07T15:33:02.185688+00:00
airline_consensus_events,Air China,0753.HK / 601111.SH,CN_A,2025-03-28,estimate_revision,eps,2026.0,国金证券,2024-11-01,0.54,0.73,-0.1899999999999999,-26.027397260273965,down,,,,,akshare_discovery,https://pdf.dfcfw.com/pdf/H3_AP202503281648627077_1.pdf,broker_report_vintage,Unified dated same-institution/same-fiscal-year estimate revision. The source feed is sparse and is not a complete consensus-vintage tape.,2026-08-07T15:33:02.185688+00:00
airline_consensus_events,China Southern Airlines,01055.HK / 600029.SH,CN_A,2025-03-28,estimate_revision,eps,2026.0,中邮证券,2024-09-04,0.37,0.57,-0.1999999999999999,-35.08771929824561,down,,,,,akshare_discovery,https://pdf.dfcfw.com/pdf/H3_AP202503281648536716_1.pdf,broker_report_vintage,Unified dated same-institution/same-fiscal-year estimate revision. The source feed is sparse and is not a complete consensus-vintage tape.,2026-08-07T15:33:02.185688+00:00
airline_consensus_events,China Southern Airlines,01055.HK / 600029.SH,CN_A,2025-03-28,estimate_revision,eps,2026.0,信达证券,2024-11-04,0.36,0.31,0.0499999999999999,16.129032258064512,up,,,,,akshare_discovery,https://pdf.dfcfw.com/pdf/H3_AP202503281648659957_1.pdf,broker_report_vintage,Unified dated same-institution/same-fiscal-year estimate revision. The source feed is sparse and is not a complete consensus-vintage tape.,2026-08-07T15:33:02.185688+00:00
airline_consensus_events,Air China,0753.HK / 601111.SH,CN_A,2025-04-01,estimate_revision,eps,2026.0,国信证券,2024-11-01,0.44,0.49,-0.0499999999999999,-10.20408163265306,down,,,,,akshare_discovery,https://pdf.dfcfw.com/pdf/H3_AP202504011649841117_1.pdf,broker_report_vintage,Unified dated same-institution/same-fiscal-year estimate revision. The source feed is sparse and is not a complete consensus-vintage tape.,2026-08-07T15:33:02.185688+00:00
airline_consensus_events,China Southern Airlines,01055.HK / 600029.SH,CN_A,2025-04-01,estimate_revision,eps,2026.0,国信证券,2024-10-30,0.37,0.45,-0.08,-17.777777777777782,down,,,,,akshare_discovery,https://pdf.dfcfw.com/pdf/H3_AP202504011649841134_1.pdf,broker_report_vintage,Unified dated same-institution/same-fiscal-year estimate revision. The source feed is sparse and is not a complete consensus-vintage tape.,2026-08-07T15:33:02.185688+00:00
airline_consensus_events,Air China,0753.HK / 601111.SH,CN_A,2025-04-09,estimate_revision,eps,2026.0,东兴证券,2024-09-05,0.45,0.49,-0.0399999999999999,-8.163265306122446,down,,,,,akshare_discovery,https://pdf.dfcfw.com/pdf/H3_AP202504091653790114_1.pdf,broker_report_vintage,Unified dated same-institution/same-fiscal-year estimate revision. The source feed is sparse and is not a complete consensus-vintage tape.,2026-08-07T15:33:02.185688+00:00
airline_consensus_events,Juneyao Airlines,603885.SH,CN_A,2025-04-22,estimate_revision,eps,2026.0,信达证券,2024-11-04,0.78,1.1,-0.32,-29.090909090909093,down,,,,,akshare_discovery,https://pdf.dfcfw.com/pdf/H3_AP202504221660482176_1.pdf,broker_report_vintage,Unified dated same-institution/same-fiscal-year estimate revision. The source feed is sparse and is not a complete consensus-vintage tape.,2026-08-07T15:33:02.185688+00:00
airline_consensus_events,Juneyao Airlines,603885.SH,CN_A,2025-04-22,estimate_revision,eps,2026.0,国金证券,2024-11-03,1.19,0.34,0.8499999999999999,249.99999999999991,up,,,,,akshare_discovery,https://pdf.dfcfw.com/pdf/H3_AP202504221660307648_1.pdf,broker_report_vintage,Unified dated same-institution/same-fiscal-year estimate revision. The source feed is sparse and is not a complete consensus-vintage tape.,2026-08-07T15:33:02.185688+00:00
airline_consensus_events,Juneyao Airlines,603885.SH,CN_A,2025-04-23,estimate_revision,eps,2026.0,中邮证券,2024-08-15,0.77,1.04,-0.27,-25.96153846153846,down,,,,,akshare_discovery,https://pdf.dfcfw.com/pdf/H3_AP202504231660943843_1.pdf,broker_report_vintage,Unified dated same-institution/same-fiscal-year estimate revision. The source feed is sparse and is not a complete consensus-vintage tape.,2026-08-07T15:33:02.185688+00:00
airline_consensus_events,Juneyao Airlines,603885.SH,CN_A,2025-04-30,estimate_revision,eps,2026.0,国金证券,2025-04-22,0.302,1.19,-0.8879999999999999,-74.62184873949579,down,,,,,akshare_discovery,https://pdf.dfcfw.com/pdf/H3_AP202504301665007958_1.pdf,broker_report_vintage,Unified dated same-institution/same-fiscal-year estimate revision. The source feed is sparse and is not a complete consensus-vintage tape.,2026-08-07T15:33:02.185688+00:00
airline_consensus_events,Juneyao Airlines,603885.SH,CN_A,2025-04-30,estimate_revision,eps,2027.0,国金证券,2025-04-22,0.325,1.646,-1.321,-80.25516403402187,down,,,,,akshare_discovery,https://pdf.dfcfw.com/pdf/H3_AP202504301665007958_1.pdf,broker_report_vintage,Unified dated same-institution/same-fiscal-year estimate revision. The source feed is sparse and is not a complete consensus-vintage tape.,2026-08-07T15:33:02.185688+00:00
airline_consensus_events,Juneyao Airlines,603885.SH,CN_A,2025-04-30,estimate_revision,revenue,2026.0,国金证券,2025-04-22,46094.0,26429.0,19665.0,74.40690150970525,up,,,,,sell_side_pdf_extracted,https://pdf.dfcfw.com/pdf/H3_AP202504301665007958_1.pdf,broker_report_vintage,Unified dated same-institution/same-fiscal-year estimate revision. The source feed is sparse and is not a complete consensus-vintage tape.,2026-08-07T15:33:02.185688+00:00
airline_consensus_events,Juneyao Airlines,603885.SH,CN_A,2025-04-30,estimate_revision,revenue,2027.0,国金证券,2025-04-22,48091.0,29065.0,19026.0,65.46017546877688,up,,,,,sell_side_pdf_extracted,https://pdf.dfcfw.com/pdf/H3_AP202504301665007958_1.pdf,broker_report_vintage,Unified dated same-institution/same-fiscal-year estimate revision. The source feed is sparse and is not a complete consensus-vintage tape.,2026-08-07T15:33:02.185688+00:00
airline_consensus_events,Spring Airlines,601021.SH,CN_A,2025-04-30,estimate_revision,eps,2026.0,国金证券,2024-10-31,3.89,4.48,-0.5900000000000003,-13.169642857142865,down,,,,,akshare_discovery,https://pdf.dfcfw.com/pdf/H3_AP202504301664948514_1.pdf,broker_report_vintage,Unified dated same-institution/same-fiscal-year estimate revision. The source feed is sparse and is not a complete consensus-vintage tape.,2026-08-07T15:33:02.185688+00:00
airline_consensus_events,Spring Airlines,601021.SH,CN_A,2025-05-01,estimate_revision,eps,2026.0,信达证券,2024-11-04,3.09,4.06,-0.9699999999999998,-23.89162561576354,down,,,,,akshare_discovery,https://pdf.dfcfw.com/pdf/H3_AP202505011665505345_1.pdf,broker_report_vintage,Unified dated same-institution/same-fiscal-year estimate revision. The source feed is sparse and is not a complete consensus-vintage tape.,2026-08-07T15:33:02.185688+00:00
airline_consensus_events,China Southern Airlines,01055.HK / 600029.SH,CN_A,2025-05-07,estimate_revision,eps,2026.0,西南证券,2024-07-07,0.38,0.62,-0.24,-38.70967741935484,down,,,,,akshare_discovery,https://pdf.dfcfw.com/pdf/H3_AP202505071668752776_1.pdf,broker_report_vintage,Unified dated same-institution/same-fiscal-year estimate revision. The source feed is sparse and is not a complete consensus-vintage tape.,2026-08-07T15:33:02.185688+00:00
airline_consensus_events,Spring Airlines,601021.SH,CN_A,2025-05-08,estimate_revision,eps,2026.0,中邮证券,2024-08-30,3.32,4.32,-1.0000000000000004,-23.148148148148156,down,,,,,akshare_discovery,https://pdf.dfcfw.com/pdf/H3_AP202505081669550074_1.pdf,broker_report_vintage,Unified dated same-institution/same-fiscal-year estimate revision. The source feed is sparse and is not a complete consensus-vintage tape.,2026-08-07T15:33:02.185688+00:00
airline_consensus_events,Spring Airlines,601021.SH,CN_A,2025-05-13,estimate_revision,eps,2026.0,国信证券,2024-09-01,3.21,4.48,-1.2700000000000005,-28.348214285714292,down,,,,,akshare_discovery,https://pdf.dfcfw.com/pdf/H3_AP202505131672036663_1.pdf,broker_report_vintage,Unified dated same-institution/same-fiscal-year estimate revision. The source feed is sparse and is not a complete consensus-vintage tape.,2026-08-07T15:33:02.185688+00:00
airline_consensus_events,China Southern Airlines,01055.HK / 600029.SH,CN_A,2025-08-22,rating_event,rating,,中银国际,,,,,,unknown,增持,不评级,,,cninfo_discovery,https://webapi.cninfo.com.cn/#/thematicStatistics?name=%E6%8A%95%E8%B5%84%E8%AF%84%E7%BA%A7,queried_public_report_dates,Unified dated Cninfo investment-rating event. This is queried-date coverage and does not imply a complete daily rating or estimate history.,2026-08-07T15:33:02.185688+00:00
airline_consensus_events,Juneyao Airlines,603885.SH,CN_A,2025-08-22,rating_event,rating,,银河证券,,,,,,maintain_or_new,买入,买入,,,cninfo_discovery,https://webapi.cninfo.com.cn/#/thematicStatistics?name=%E6%8A%95%E8%B5%84%E8%AF%84%E7%BA%A7,queried_public_report_dates,Unified dated Cninfo investment-rating event. This is queried-date coverage and does not imply a complete daily rating or estimate history.,2026-08-07T15:33:02.185688+00:00
airline_consensus_events,Juneyao Airlines,603885.SH,CN_A,2025-08-23,estimate_revision,eps,2026.0,信达证券,2025-04-22,0.8,0.78,0.02,2.564102564102566,up,,,,,akshare_discovery,https://pdf.dfcfw.com/pdf/H3_AP202508231733059420_1.pdf,broker_report_vintage,Unified dated same-institution/same-fiscal-year estimate revision. The source feed is sparse and is not a complete consensus-vintage tape.,2026-08-07T15:33:02.185688+00:00
airline_consensus_events,Juneyao Airlines,603885.SH,CN_A,2025-08-23,estimate_revision,eps,2027.0,信达证券,2025-04-22,0.95,0.93,0.0199999999999999,2.150537634408592,up,,,,,akshare_discovery,https://pdf.dfcfw.com/pdf/H3_AP202508231733059420_1.pdf,broker_report_vintage,Unified dated same-institution/same-fiscal-year estimate revision. The source feed is sparse and is not a complete consensus-vintage tape.,2026-08-07T15:33:02.185688+00:00
airline_consensus_events,Juneyao Airlines,603885.SH,CN_A,2025-08-23,rating_event,rating,,中泰证券,,,,,,maintain_or_new,买入,买入,,,cninfo_discovery,https://webapi.cninfo.com.cn/#/thematicStatistics?name=%E6%8A%95%E8%B5%84%E8%AF%84%E7%BA%A7,queried_public_report_dates,Unified dated Cninfo investment-rating event. This is queried-date coverage and does not imply a complete daily rating or estimate history.,2026-08-07T15:33:02.185688+00:00
airline_consensus_events,Juneyao Airlines,603885.SH,CN_A,2025-08-23,rating_event,rating,,信达证券,,,,,,unknown,增持,不评级,,,cninfo_discovery,https://webapi.cninfo.com.cn/#/thematicStatistics?name=%E6%8A%95%E8%B5%84%E8%AF%84%E7%BA%A7,queried_public_report_dates,Unified dated Cninfo investment-rating event. This is queried-date coverage and does not imply a complete daily rating or estimate history.,2026-08-07T15:33:02.185688+00:00
airline_consensus_events,Juneyao Airlines,603885.SH,CN_A,2025-08-23,rating_event,rating,,华泰证券,,,,,,maintain_or_new,买入,买入,16.25,16.25,cninfo_discovery,https://webapi.cninfo.com.cn/#/thematicStatistics?name=%E6%8A%95%E8%B5%84%E8%AF%84%E7%BA%A7,queried_public_report_dates,Unified dated Cninfo investment-rating event. This is queried-date coverage and does not imply a complete daily rating or estimate history.,2026-08-07T15:33:02.185688+00:00
airline_consensus_events,Juneyao Airlines,603885.SH,CN_A,2025-08-23,rating_event,rating,,国金证券,,,,,,maintain_or_new,买入,买入,,,cninfo_discovery,https://webapi.cninfo.com.cn/#/thematicStatistics?name=%E6%8A%95%E8%B5%84%E8%AF%84%E7%BA%A7,queried_public_report_dates,Unified dated Cninfo investment-rating event. This is queried-date coverage and does not imply a complete daily rating or estimate history.,2026-08-07T15:33:02.185688+00:00
airline_consensus_events,Juneyao Airlines,603885.SH,CN_A,2025-08-24,rating_event,rating,,华创证券,,,,,,maintain_or_new,买入,买入,15.8,15.8,cninfo_discovery,https://webapi.cninfo.com.cn/#/thematicStatistics?name=%E6%8A%95%E8%B5%84%E8%AF%84%E7%BA%A7,queried_public_report_dates,Unified dated Cninfo investment-rating event. This is queried-date coverage and does not imply a complete daily rating or estimate history.,2026-08-07T15:33:02.185688+00:00
airline_consensus_events,Juneyao Airlines,603885.SH,CN_A,2025-08-24,rating_event,rating,,招商证券,,,,,,unknown,增持,不评级,,,cninfo_discovery,https://webapi.cninfo.com.cn/#/thematicStatistics?name=%E6%8A%95%E8%B5%84%E8%AF%84%E7%BA%A7,queried_public_report_dates,Unified dated Cninfo investment-rating event. This is queried-date coverage and does not imply a complete daily rating or estimate history.,2026-08-07T15:33:02.185688+00:00
airline_consensus_events,Juneyao Airlines,603885.SH,CN_A,2025-08-24,rating_event,rating,,浙商证券,,,,,,maintain_or_new,买入,买入,,,cninfo_discovery,https://webapi.cninfo.com.cn/#/thematicStatistics?name=%E6%8A%95%E8%B5%84%E8%AF%84%E7%BA%A7,queried_public_report_dates,Unified dated Cninfo investment-rating event. This is queried-date coverage and does not imply a complete daily rating or estimate history.,2026-08-07T15:33:02.185688+00:00
airline_consensus_events,Juneyao Airlines,603885.SH,CN_A,2025-08-26,estimate_revision,eps,2026.0,民生证券,2025-04-24,1.05,1.04,0.01,0.9615384615384625,up,,,,,akshare_discovery,https://pdf.dfcfw.com/pdf/H3_AP202508261734693513_1.pdf,broker_report_vintage,Unified dated same-institution/same-fiscal-year estimate revision. The source feed is sparse and is not a complete consensus-vintage tape.,2026-08-07T15:33:02.185688+00:00
airline_consensus_events,Juneyao Airlines,603885.SH,CN_A,2025-08-26,estimate_revision,eps,2027.0,民生证券,2025-04-24,1.26,1.25,0.01,0.8000000000000007,up,,,,,akshare_discovery,https://pdf.dfcfw.com/pdf/H3_AP202508261734693513_1.pdf,broker_report_vintage,Unified dated same-institution/same-fiscal-year estimate revision. The source feed is sparse and is not a complete consensus-vintage tape.,2026-08-07T15:33:02.185688+00:00
airline_consensus_events,Juneyao Airlines,603885.SH,CN_A,2025-08-26,estimate_revision,revenue,2026.0,民生证券,2025-04-24,24802.0,24802.0,0.0,0.0,flat,,,,,sell_side_pdf_extracted,https://pdf.dfcfw.com/pdf/H3_AP202508261734693513_1.pdf,broker_report_vintage,Unified dated same-institution/same-fiscal-year estimate revision. The source feed is sparse and is not a complete consensus-vintage tape.,2026-08-07T15:33:02.185688+00:00
airline_consensus_events,Juneyao Airlines,603885.SH,CN_A,2025-08-26,estimate_revision,revenue,2027.0,民生证券,2025-04-24,26726.0,26726.0,0.0,0.0,flat,,,,,sell_side_pdf_extracted,https://pdf.dfcfw.com/pdf/H3_AP202508261734693513_1.pdf,broker_report_vintage,Unified dated same-institution/same-fiscal-year estimate revision. The source feed is sparse and is not a complete consensus-vintage tape.,2026-08-07T15:33:02.185688+00:00
airline_consensus_events,Juneyao Airlines,603885.SH,CN_A,2025-08-26,rating_event,rating,,兴业证券,,,,,,maintain_or_new,买入,买入,,,cninfo_discovery,https://webapi.cninfo.com.cn/#/thematicStatistics?name=%E6%8A%95%E8%B5%84%E8%AF%84%E7%BA%A7,queried_public_report_dates,Unified dated Cninfo investment-rating event. This is queried-date coverage and does not imply a complete daily rating or estimate history.,2026-08-07T15:33:02.185688+00:00
airline_consensus_events,Juneyao Airlines,603885.SH,CN_A,2025-08-26,rating_event,rating,,民生证券,,,,,,maintain_or_new,买入,买入,,,cninfo_discovery,https://webapi.cninfo.com.cn/#/thematicStatistics?name=%E6%8A%95%E8%B5%84%E8%AF%84%E7%BA%A7,queried_public_report_dates,Unified dated Cninfo investment-rating event. This is queried-date coverage and does not imply a complete daily rating or estimate history.,2026-08-07T15:33:02.185688+00:00
airline_consensus_events,Air China,0753.HK / 601111.SH,CN_A,2025-08-29,estimate_revision,eps,2026.0,信达证券,2025-03-28,0.43,0.45,-0.02,-4.444444444444448,down,,,,,akshare_discovery,https://pdf.dfcfw.com/pdf/H3_AP202508291736446283_1.pdf,broker_report_vintage,Unified dated same-institution/same-fiscal-year estimate revision. The source feed is sparse and is not a complete consensus-vintage tape.,2026-08-07T15:33:02.185688+00:00
airline_consensus_events,Air China,0753.HK / 601111.SH,CN_A,2025-08-29,estimate_revision,eps,2027.0,信达证券,2025-03-28,0.58,0.58,0.0,0.0,flat,,,,,akshare_discovery,https://pdf.dfcfw.com/pdf/H3_AP202508291736446283_1.pdf,broker_report_vintage,Unified dated same-institution/same-fiscal-year estimate revision. The source feed is sparse and is not a complete consensus-vintage tape.,2026-08-07T15:33:02.185688+00:00
airline_consensus_events,Air China,0753.HK / 601111.SH,CN_A,2025-08-29,rating_event,rating,,信达证券,,,,,,maintain_or_new,增持,增持,,,cninfo_discovery,https://webapi.cninfo.com.cn/#/thematicStatistics?name=%E6%8A%95%E8%B5%84%E8%AF%84%E7%BA%A7,queried_public_report_dates,Unified dated Cninfo investment-rating event. This is queried-date coverage and does not imply a complete daily rating or estimate history.,2026-08-07T15:33:02.185688+00:00
airline_consensus_events,Air China,0753.HK / 601111.SH,CN_A,2025-08-29,rating_event,rating,,华泰证券,,,,,,maintain_or_new,买入,买入,9.25,9.25,cninfo_discovery,https://webapi.cninfo.com.cn/#/thematicStatistics?name=%E6%8A%95%E8%B5%84%E8%AF%84%E7%BA%A7,queried_public_report_dates,Unified dated Cninfo investment-rating event. This is queried-date coverage and does not imply a complete daily rating or estimate history.,2026-08-07T15:33:02.185688+00:00
airline_consensus_events,China Southern Airlines,01055.HK / 600029.SH,CN_A,2025-08-29,estimate_revision,eps,2026.0,信达证券,2025-03-28,0.39,0.36,0.03,8.333333333333341,up,,,,,akshare_discovery,https://pdf.dfcfw.com/pdf/H3_AP202508291736467484_1.pdf,broker_report_vintage,Unified dated same-institution/same-fiscal-year estimate revision. The source feed is sparse and is not a complete consensus-vintage tape.,2026-08-07T15:33:02.185688+00:00
airline_consensus_events,China Southern Airlines,01055.HK / 600029.SH,CN_A,2025-08-29,estimate_revision,eps,2027.0,信达证券,2025-03-28,0.52,0.44,0.08,18.181818181818187,up,,,,,akshare_discovery,https://pdf.dfcfw.com/pdf/H3_AP202508291736467484_1.pdf,broker_report_vintage,Unified dated same-institution/same-fiscal-year estimate revision. The source feed is sparse and is not a complete consensus-vintage tape.,2026-08-07T15:33:02.185688+00:00
airline_consensus_events,China Southern Airlines,01055.HK / 600029.SH,CN_A,2025-08-29,rating_event,rating,,信达证券,,,,,,maintain_or_new,增持,增持,,,cninfo_discovery,https://webapi.cninfo.com.cn/#/thematicStatistics?name=%E6%8A%95%E8%B5%84%E8%AF%84%E7%BA%A7,queried_public_report_dates,Unified dated Cninfo investment-rating event. This is queried-date coverage and does not imply a complete daily rating or estimate history.,2026-08-07T15:33:02.185688+00:00
airline_consensus_events,China Southern Airlines,01055.HK / 600029.SH,CN_A,2025-08-29,rating_event,rating,,华泰证券,,,,,,maintain_or_new,买入,买入,7.35,7.35,cninfo_discovery,https://webapi.cninfo.com.cn/#/thematicStatistics?name=%E6%8A%95%E8%B5%84%E8%AF%84%E7%BA%A7,queried_public_report_dates,Unified dated Cninfo investment-rating event. This is queried-date coverage and does not imply a complete daily rating or estimate history.,2026-08-07T15:33:02.185688+00:00
airline_consensus_events,Spring Airlines,601021.SH,CN_A,2025-08-29,rating_event,rating,,中泰证券,,,,,,maintain_or_new,买入,买入,,,cninfo_discovery,https://webapi.cninfo.com.cn/#/thematicStatistics?name=%E6%8A%95%E8%B5%84%E8%AF%84%E7%BA%A7,queried_public_report_dates,Unified dated Cninfo investment-rating event. This is queried-date coverage and does not imply a complete daily rating or estimate history.,2026-08-07T15:33:02.185688+00:00
airline_consensus_events,Spring Airlines,601021.SH,CN_A,2025-08-29,rating_event,rating,,中金,,,,,,maintain_or_new,增持,增持,67.9,67.9,cninfo_discovery,https://webapi.cninfo.com.cn/#/thematicStatistics?name=%E6%8A%95%E8%B5%84%E8%AF%84%E7%BA%A7,queried_public_report_dates,Unified dated Cninfo investment-rating event. This is queried-date coverage and does not imply a complete daily rating or estimate history.,2026-08-07T15:33:02.185688+00:00
airline_consensus_events,Spring Airlines,601021.SH,CN_A,2025-08-29,rating_event,rating,,华泰证券,,,,,,maintain_or_new,买入,买入,67.8,67.8,cninfo_discovery,https://webapi.cninfo.com.cn/#/thematicStatistics?name=%E6%8A%95%E8%B5%84%E8%AF%84%E7%BA%A7,queried_public_report_dates,Unified dated Cninfo investment-rating event. This is queried-date coverage and does not imply a complete daily rating or estimate history.,2026-08-07T15:33:02.185688+00:00
airline_consensus_events,Air China,0753.HK / 601111.SH,CN_A,2025-08-30,rating_event,rating,,银河证券,,,,,,maintain_or_new,买入,买入,,,cninfo_discovery,https://webapi.cninfo.com.cn/#/thematicStatistics?name=%E6%8A%95%E8%B5%84%E8%AF%84%E7%BA%A7,queried_public_report_dates,Unified dated Cninfo investment-rating event. This is queried-date coverage and does not imply a complete daily rating or estimate history.,2026-08-07T15:33:02.185688+00:00
airline_consensus_events,China Eastern Airlines,0670.HK / 600115.SH,CN_A,2025-08-30,rating_event,rating,,中金,,,,,,unknown,增持,不评级,5.0,5.0,cninfo_discovery,https://webapi.cninfo.com.cn/#/thematicStatistics?name=%E6%8A%95%E8%B5%84%E8%AF%84%E7%BA%A7,queried_public_report_dates,Unified dated Cninfo investment-rating event. This is queried-date coverage and does not imply a complete daily rating or estimate history.,2026-08-07T15:33:02.185688+00:00
airline_consensus_events,China Eastern Airlines,0670.HK / 600115.SH,CN_A,2025-08-30,rating_event,rating,,华泰证券,,,,,,maintain_or_new,买入,买入,4.8,4.8,cninfo_discovery,https://webapi.cninfo.com.cn/#/thematicStatistics?name=%E6%8A%95%E8%B5%84%E8%AF%84%E7%BA%A7,queried_public_report_dates,Unified dated Cninfo investment-rating event. This is queried-date coverage and does not imply a complete daily rating or estimate history.,2026-08-07T15:33:02.185688+00:00
airline_consensus_events,China Eastern Airlines,0670.HK / 600115.SH,CN_A,2025-08-30,rating_event,rating,,浙商证券,,,,,,maintain_or_new,增持,增持,,,cninfo_discovery,https://webapi.cninfo.com.cn/#/thematicStatistics?name=%E6%8A%95%E8%B5%84%E8%AF%84%E7%BA%A7,queried_public_report_dates,Unified dated Cninfo investment-rating event. This is queried-date coverage and does not imply a complete daily rating or estimate history.,2026-08-07T15:33:02.185688+00:00
airline_consensus_events,China Southern Airlines,01055.HK / 600029.SH,CN_A,2025-08-30,rating_event,rating,,银河证券,,,,,,maintain_or_new,买入,买入,,,cninfo_discovery,https://webapi.cninfo.com.cn/#/thematicStatistics?name=%E6%8A%95%E8%B5%84%E8%AF%84%E7%BA%A7,queried_public_report_dates,Unified dated Cninfo investment-rating event. This is queried-date coverage and does not imply a complete daily rating or estimate history.,2026-08-07T15:33:02.185688+00:00
airline_consensus_events,Spring Airlines,601021.SH,CN_A,2025-08-30,estimate_revision,eps,2026.0,信达证券,2025-05-01,3.09,3.09,0.0,0.0,flat,,,,,akshare_discovery,https://pdf.dfcfw.com/pdf/H3_AP202508301737005205_1.pdf,broker_report_vintage,Unified dated same-institution/same-fiscal-year estimate revision. The source feed is sparse and is not a complete consensus-vintage tape.,2026-08-07T15:33:02.185688+00:00
airline_consensus_events,Spring Airlines,601021.SH,CN_A,2025-08-30,estimate_revision,eps,2027.0,信达证券,2025-05-01,3.59,3.4,0.1899999999999999,5.588235294117645,up,,,,,akshare_discovery,https://pdf.dfcfw.com/pdf/H3_AP202508301737005205_1.pdf,broker_report_vintage,Unified dated same-institution/same-fiscal-year estimate revision. The source feed is sparse and is not a complete consensus-vintage tape.,2026-08-07T15:33:02.185688+00:00
airline_consensus_events,Spring Airlines,601021.SH,CN_A,2025-08-30,estimate_revision,eps,2026.0,国金证券,2025-04-30,3.158,3.89,-0.7320000000000002,-18.817480719794347,down,,,,,akshare_discovery,https://pdf.dfcfw.com/pdf/H3_AP202508301736875864_1.pdf,broker_report_vintage,Unified dated same-institution/same-fiscal-year estimate revision. The source feed is sparse and is not a complete consensus-vintage tape.,2026-08-07T15:33:02.185688+00:00
airline_consensus_events,Spring Airlines,601021.SH,CN_A,2025-08-30,estimate_revision,eps,2027.0,国金证券,2025-04-30,3.729,4.6,-0.8709999999999996,-18.93478260869564,down,,,,,akshare_discovery,https://pdf.dfcfw.com/pdf/H3_AP202508301736875864_1.pdf,broker_report_vintage,Unified dated same-institution/same-fiscal-year estimate revision. The source feed is sparse and is not a complete consensus-vintage tape.,2026-08-07T15:33:02.185688+00:00
airline_consensus_events,Spring Airlines,601021.SH,CN_A,2025-08-30,rating_event,rating,,信达证券,,,,,,unknown,买入,不评级,,,cninfo_discovery,https://webapi.cninfo.com.cn/#/thematicStatistics?name=%E6%8A%95%E8%B5%84%E8%AF%84%E7%BA%A7,queried_public_report_dates,Unified dated Cninfo investment-rating event. This is queried-date coverage and does not imply a complete daily rating or estimate history.,2026-08-07T15:33:02.185688+00:00
airline_consensus_events,Spring Airlines,601021.SH,CN_A,2025-08-30,rating_event,rating,,西部证券,,,,,,unknown,买入,不评级,,,cninfo_discovery,https://webapi.cninfo.com.cn/#/thematicStatistics?name=%E6%8A%95%E8%B5%84%E8%AF%84%E7%BA%A7,queried_public_report_dates,Unified dated Cninfo investment-rating event. This is queried-date coverage and does not imply a complete daily rating or estimate history.,2026-08-07T15:33:02.185688+00:00
airline_consensus_events,Air China,0753.HK / 601111.SH,CN_A,2025-08-31,estimate_revision,eps,2026.0,国金证券,2025-03-28,0.347,0.54,-0.193,-35.74074074074075,down,,,,,akshare_discovery,https://pdf.dfcfw.com/pdf/H3_AP202508301736940053_1.pdf,broker_report_vintage,Unified dated same-institution/same-fiscal-year estimate revision. The source feed is sparse and is not a complete consensus-vintage tape.,2026-08-07T15:33:02.185688+00:00
airline_consensus_events,Air China,0753.HK / 601111.SH,CN_A,2025-08-31,estimate_revision,eps,2027.0,国金证券,2025-03-28,0.533,0.72,-0.1869999999999999,-25.972222222222214,down,,,,,akshare_discovery,https://pdf.dfcfw.com/pdf/H3_AP202508301736940053_1.pdf,broker_report_vintage,Unified dated same-institution/same-fiscal-year estimate revision. The source feed is sparse and is not a complete consensus-vintage tape.,2026-08-07T15:33:02.185688+00:00
airline_consensus_events,Air China,0753.HK / 601111.SH,CN_A,2025-08-31,estimate_revision,revenue,2026.0,国金证券,2025-03-28,193975.0,203038.0,-9063.0,-4.463696450910667,down,,,,,sell_side_pdf_extracted,https://pdf.dfcfw.com/pdf/H3_AP202508301736940053_1.pdf,broker_report_vintage,Unified dated same-institution/same-fiscal-year estimate revision. The source feed is sparse and is not a complete consensus-vintage tape.,2026-08-07T15:33:02.185688+00:00
airline_consensus_events,Air China,0753.HK / 601111.SH,CN_A,2025-08-31,estimate_revision,revenue,2027.0,国金证券,2025-03-28,209183.0,222877.0,-13694.0,-6.144196126114404,down,,,,,sell_side_pdf_extracted,https://pdf.dfcfw.com/pdf/H3_AP202508301736940053_1.pdf,broker_report_vintage,Unified dated same-institution/same-fiscal-year estimate revision. The source feed is sparse and is not a complete consensus-vintage tape.,2026-08-07T15:33:02.185688+00:00
airline_consensus_events,China Southern Airlines,01055.HK / 600029.SH,CN_A,2025-08-31,estimate_revision,eps,2026.0,国金证券,2025-03-27,0.272,0.418,-0.1459999999999999,-34.92822966507176,down,,,,,akshare_discovery,https://pdf.dfcfw.com/pdf/H3_AP202508301736966061_1.pdf,broker_report_vintage,Unified dated same-institution/same-fiscal-year estimate revision. The source feed is sparse and is not a complete consensus-vintage tape.,2026-08-07T15:33:02.185688+00:00
airline_consensus_events,China Southern Airlines,01055.HK / 600029.SH,CN_A,2025-08-31,estimate_revision,eps,2027.0,国金证券,2025-03-27,0.474,0.583,-0.1089999999999999,-18.69639794168096,down,,,,,akshare_discovery,https://pdf.dfcfw.com/pdf/H3_AP202508301736966061_1.pdf,broker_report_vintage,Unified dated same-institution/same-fiscal-year estimate revision. The source feed is sparse and is not a complete consensus-vintage tape.,2026-08-07T15:33:02.185688+00:00
airline_consensus_events,China Southern Airlines,01055.HK / 600029.SH,CN_A,2025-08-31,estimate_revision,revenue,2026.0,国金证券,2025-03-27,197836.0,206824.0,-8988.0,-4.3457239005144475,down,,,,,sell_side_pdf_extracted,https://pdf.dfcfw.com/pdf/H3_AP202508301736966061_1.pdf,broker_report_vintage,Unified dated same-institution/same-fiscal-year estimate revision. The source feed is sparse and is not a complete consensus-vintage tape.,2026-08-07T15:33:02.185688+00:00
airline_consensus_events,China Southern Airlines,01055.HK / 600029.SH,CN_A,2025-08-31,estimate_revision,revenue,2027.0,国金证券,2025-03-27,215120.0,225788.0,-10668.0,-4.724786082519886,down,,,,,sell_side_pdf_extracted,https://pdf.dfcfw.com/pdf/H3_AP202508301736966061_1.pdf,broker_report_vintage,Unified dated same-institution/same-fiscal-year estimate revision. The source feed is sparse and is not a complete consensus-vintage tape.,2026-08-07T15:33:02.185688+00:00
airline_consensus_events,China Southern Airlines,01055.HK / 600029.SH,CN_A,2025-08-31,rating_event,rating,,浙商证券,,,,,,maintain_or_new,买入,买入,,,cninfo_discovery,https://webapi.cninfo.com.cn/#/thematicStatistics?name=%E6%8A%95%E8%B5%84%E8%AF%84%E7%BA%A7,queried_public_report_dates,Unified dated Cninfo investment-rating event. This is queried-date coverage and does not imply a complete daily rating or estimate history.,2026-08-07T15:33:02.185688+00:00
airline_consensus_events,Hainan Airlines Holdings,600221.SH,CN_A,2025-08-31,rating_event,rating,,浙商证券,,,,,,maintain_or_new,增持,增持,,,cninfo_discovery,https://webapi.cninfo.com.cn/#/thematicStatistics?name=%E6%8A%95%E8%B5%84%E8%AF%84%E7%BA%A7,queried_public_report_dates,Unified dated Cninfo investment-rating event. This is queried-date coverage and does not imply a complete daily rating or estimate history.,2026-08-07T15:33:02.185688+00:00
airline_consensus_events,Juneyao Airlines,603885.SH,CN_A,2025-08-31,rating_event,rating,,长江证券,,,,,,maintain_or_new,买入,买入,,,cninfo_discovery,https://webapi.cninfo.com.cn/#/thematicStatistics?name=%E6%8A%95%E8%B5%84%E8%AF%84%E7%BA%A7,queried_public_report_dates,Unified dated Cninfo investment-rating event. This is queried-date coverage and does not imply a complete daily rating or estimate history.,2026-08-07T15:33:02.185688+00:00
airline_consensus_events,Spring Airlines,601021.SH,CN_A,2025-08-31,estimate_revision,eps,2026.0,民生证券,2025-05-05,3.03,2.97,0.0599999999999996,2.020202020202007,up,,,,,akshare_discovery,https://pdf.dfcfw.com/pdf/H3_AP202508311737338605_1.pdf,broker_report_vintage,Unified dated same-institution/same-fiscal-year estimate revision. The source feed is sparse and is not a complete consensus-vintage tape.,2026-08-07T15:33:02.185688+00:00
airline_consensus_events,Spring Airlines,601021.SH,CN_A,2025-08-31,estimate_revision,eps,2027.0,民生证券,2025-05-05,3.55,3.49,0.0599999999999996,1.7191977077363785,up,,,,,akshare_discovery,https://pdf.dfcfw.com/pdf/H3_AP202508311737338605_1.pdf,broker_report_vintage,Unified dated same-institution/same-fiscal-year estimate revision. The source feed is sparse and is not a complete consensus-vintage tape.,2026-08-07T15:33:02.185688+00:00
airline_consensus_events,Spring Airlines,601021.SH,CN_A,2025-08-31,estimate_revision,revenue,2026.0,民生证券,2025-05-05,22555.0,22535.0,20.0,0.0887508320390503,up,,,,,sell_side_pdf_extracted,https://pdf.dfcfw.com/pdf/H3_AP202508311737338605_1.pdf,broker_report_vintage,Unified dated same-institution/same-fiscal-year estimate revision. The source feed is sparse and is not a complete consensus-vintage tape.,2026-08-07T15:33:02.185688+00:00
airline_consensus_events,Spring Airlines,601021.SH,CN_A,2025-08-31,estimate_revision,revenue,2027.0,民生证券,2025-05-05,24782.0,24752.0,30.0,0.12120232708468,up,,,,,sell_side_pdf_extracted,https://pdf.dfcfw.com/pdf/H3_AP202508311737338605_1.pdf,broker_report_vintage,Unified dated same-institution/same-fiscal-year estimate revision. The source feed is sparse and is not a complete consensus-vintage tape.,2026-08-07T15:33:02.185688+00:00
airline_consensus_events,Spring Airlines,601021.SH,CN_A,2025-08-31,rating_event,rating,,民生证券,,,,,,maintain_or_new,买入,买入,,,cninfo_discovery,https://webapi.cninfo.com.cn/#/thematicStatistics?name=%E6%8A%95%E8%B5%84%E8%AF%84%E7%BA%A7,queried_public_report_dates,Unified dated Cninfo investment-rating event. This is queried-date coverage and does not imply a complete daily rating or estimate history.,2026-08-07T15:33:02.185688+00:00
airline_consensus_events,Air China,0753.HK / 601111.SH,CN_A,2025-09-01,estimate_revision,eps,2026.0,东兴证券,2025-04-09,0.36,0.45,-0.09,-20.000000000000004,down,,,,,akshare_discovery,https://pdf.dfcfw.com/pdf/H3_AP202509011737697069_1.pdf,broker_report_vintage,Unified dated same-institution/same-fiscal-year estimate revision. The source feed is sparse and is not a complete consensus-vintage tape.,2026-08-07T15:33:02.185688+00:00
airline_consensus_events,Air China,0753.HK / 601111.SH,CN_A,2025-09-01,estimate_revision,eps,2027.0,东兴证券,2025-04-09,0.45,0.54,-0.09,-16.666666666666668,down,,,,,akshare_discovery,https://pdf.dfcfw.com/pdf/H3_AP202509011737697069_1.pdf,broker_report_vintage,Unified dated same-institution/same-fiscal-year estimate revision. The source feed is sparse and is not a complete consensus-vintage tape.,2026-08-07T15:33:02.185688+00:00
airline_consensus_events,Air China,0753.HK / 601111.SH,CN_A,2025-09-01,estimate_revision,revenue,2026.0,东兴证券,2025-04-09,187941.6,189549.8,-1608.1999999999823,-0.84843138847943,down,,,,,sell_side_pdf_extracted,https://pdf.dfcfw.com/pdf/H3_AP202509011737697069_1.pdf,broker_report_vintage,Unified dated same-institution/same-fiscal-year estimate revision. The source feed is sparse and is not a complete consensus-vintage tape.,2026-08-07T15:33:02.185688+00:00
airline_consensus_events,Air China,0753.HK / 601111.SH,CN_A,2025-09-01,estimate_revision,revenue,2027.0,东兴证券,2025-04-09,195272.2,196977.2,-1705.0,-0.8655824125837914,down,,,,,sell_side_pdf_extracted,https://pdf.dfcfw.com/pdf/H3_AP202509011737697069_1.pdf,broker_report_vintage,Unified dated same-institution/same-fiscal-year estimate revision. The source feed is sparse and is not a complete consensus-vintage tape.,2026-08-07T15:33:02.185688+00:00
airline_consensus_events,Air China,0753.HK / 601111.SH,CN_A,2025-09-01,rating_event,rating,,东兴证券,,,,,,maintain_or_new,增持,增持,,,cninfo_discovery,https://webapi.cninfo.com.cn/#/thematicStatistics?name=%E6%8A%95%E8%B5%84%E8%AF%84%E7%BA%A7,queried_public_report_dates,Unified dated Cninfo investment-rating event. This is queried-date coverage and does not imply a complete daily rating or estimate history.,2026-08-07T15:33:02.185688+00:00
airline_consensus_events,Spring Airlines,601021.SH,CN_A,2025-09-01,rating_event,rating,,中信证券,,,,,,maintain_or_new,买入,买入,61.0,61.0,cninfo_discovery,https://webapi.cninfo.com.cn/#/thematicStatistics?name=%E6%8A%95%E8%B5%84%E8%AF%84%E7%BA%A7,queried_public_report_dates,Unified dated Cninfo investment-rating event. This is queried-date coverage and does not imply a complete daily rating or estimate history.,2026-08-07T15:33:02.185688+00:00
airline_consensus_events,Air China,0753.HK / 601111.SH,CN_A,2025-09-02,estimate_revision,eps,2026.0,民生证券,2025-04-02,0.34,0.34,0.0,0.0,flat,,,,,akshare_discovery,https://pdf.dfcfw.com/pdf/H3_AP202509021737940861_1.pdf,broker_report_vintage,Unified dated same-institution/same-fiscal-year estimate revision. The source feed is sparse and is not a complete consensus-vintage tape.,2026-08-07T15:33:02.185688+00:00
airline_consensus_events,Air China,0753.HK / 601111.SH,CN_A,2025-09-02,estimate_revision,eps,2027.0,民生证券,2025-04-02,0.47,0.47,0.0,0.0,flat,,,,,akshare_discovery,https://pdf.dfcfw.com/pdf/H3_AP202509021737940861_1.pdf,broker_report_vintage,Unified dated same-institution/same-fiscal-year estimate revision. The source feed is sparse and is not a complete consensus-vintage tape.,2026-08-07T15:33:02.185688+00:00
airline_consensus_events,Air China,0753.HK / 601111.SH,CN_A,2025-09-02,estimate_revision,revenue,2026.0,民生证券,2025-04-02,189725.0,189725.0,0.0,0.0,flat,,,,,sell_side_pdf_extracted,https://pdf.dfcfw.com/pdf/H3_AP202509021737940861_1.pdf,broker_report_vintage,Unified dated same-institution/same-fiscal-year estimate revision. The source feed is sparse and is not a complete consensus-vintage tape.,2026-08-07T15:33:02.185688+00:00
airline_consensus_events,Air China,0753.HK / 601111.SH,CN_A,2025-09-02,estimate_revision,revenue,2027.0,民生证券,2025-04-02,198753.0,198753.0,0.0,0.0,flat,,,,,sell_side_pdf_extracted,https://pdf.dfcfw.com/pdf/H3_AP202509021737940861_1.pdf,broker_report_vintage,Unified dated same-institution/same-fiscal-year estimate revision. The source feed is sparse and is not a complete consensus-vintage tape.,2026-08-07T15:33:02.185688+00:00
airline_consensus_events,Air China,0753.HK / 601111.SH,CN_A,2025-09-02,rating_event,rating,,民生证券,,,,,,maintain_or_new,买入,买入,,,cninfo_discovery,https://webapi.cninfo.com.cn/#/thematicStatistics?name=%E6%8A%95%E8%B5%84%E8%AF%84%E7%BA%A7,queried_public_report_dates,Unified dated Cninfo investment-rating event. This is queried-date coverage and does not imply a complete daily rating or estimate history.,2026-08-07T15:33:02.185688+00:00
airline_consensus_events,China Southern Airlines,01055.HK / 600029.SH,CN_A,2025-09-02,estimate_revision,eps,2026.0,民生证券,2025-04-03,0.23,0.23,0.0,0.0,flat,,,,,akshare_discovery,https://pdf.dfcfw.com/pdf/H3_AP202509021737959312_1.pdf,broker_report_vintage,Unified dated same-institution/same-fiscal-year estimate revision. The source feed is sparse and is not a complete consensus-vintage tape.,2026-08-07T15:33:02.185688+00:00
airline_consensus_events,China Southern Airlines,01055.HK / 600029.SH,CN_A,2025-09-02,estimate_revision,eps,2027.0,民生证券,2025-04-03,0.42,0.42,0.0,0.0,flat,,,,,akshare_discovery,https://pdf.dfcfw.com/pdf/H3_AP202509021737959312_1.pdf,broker_report_vintage,Unified dated same-institution/same-fiscal-year estimate revision. The source feed is sparse and is not a complete consensus-vintage tape.,2026-08-07T15:33:02.185688+00:00
airline_consensus_events,China Southern Airlines,01055.HK / 600029.SH,CN_A,2025-09-02,estimate_revision,revenue,2026.0,民生证券,2025-04-03,186316.0,186316.0,0.0,0.0,flat,,,,,sell_side_pdf_extracted,https://pdf.dfcfw.com/pdf/H3_AP202509021737959312_1.pdf,broker_report_vintage,Unified dated same-institution/same-fiscal-year estimate revision. The source feed is sparse and is not a complete consensus-vintage tape.,2026-08-07T15:33:02.185688+00:00
airline_consensus_events,China Southern Airlines,01055.HK / 600029.SH,CN_A,2025-09-02,estimate_revision,revenue,2027.0,民生证券,2025-04-03,193997.0,193997.0,0.0,0.0,flat,,,,,sell_side_pdf_extracted,https://pdf.dfcfw.com/pdf/H3_AP202509021737959312_1.pdf,broker_report_vintage,Unified dated same-institution/same-fiscal-year estimate revision. The source feed is sparse and is not a complete consensus-vintage tape.,2026-08-07T15:33:02.185688+00:00
airline_consensus_events,China Southern Airlines,01055.HK / 600029.SH,CN_A,2025-09-02,rating_event,rating,,民生证券,,,,,,maintain_or_new,买入,买入,,,cninfo_discovery,https://webapi.cninfo.com.cn/#/thematicStatistics?name=%E6%8A%95%E8%B5%84%E8%AF%84%E7%BA%A7,queried_public_report_dates,Unified dated Cninfo investment-rating event. This is queried-date coverage and does not imply a complete daily rating or estimate history.,2026-08-07T15:33:02.185688+00:00
airline_consensus_events,China Eastern Airlines,0670.HK / 600115.SH,CN_A,2025-09-03,estimate_revision,eps,2026.0,民生证券,2025-04-02,0.16,0.16,0.0,0.0,flat,,,,,akshare_discovery,https://pdf.dfcfw.com/pdf/H3_AP202509031738366651_1.pdf,broker_report_vintage,Unified dated same-institution/same-fiscal-year estimate revision. The source feed is sparse and is not a complete consensus-vintage tape.,2026-08-07T15:33:02.185688+00:00
airline_consensus_events,China Eastern Airlines,0670.HK / 600115.SH,CN_A,2025-09-03,estimate_revision,eps,2027.0,民生证券,2025-04-02,0.23,0.23,0.0,0.0,flat,,,,,akshare_discovery,https://pdf.dfcfw.com/pdf/H3_AP202509031738366651_1.pdf,broker_report_vintage,Unified dated same-institution/same-fiscal-year estimate revision. The source feed is sparse and is not a complete consensus-vintage tape.,2026-08-07T15:33:02.185688+00:00
airline_consensus_events,China Eastern Airlines,0670.HK / 600115.SH,CN_A,2025-09-03,estimate_revision,revenue,2026.0,民生证券,2025-04-02,152441.0,151001.0,1440.0,0.953636068635307,up,,,,,sell_side_pdf_extracted,https://pdf.dfcfw.com/pdf/H3_AP202509031738366651_1.pdf,broker_report_vintage,Unified dated same-institution/same-fiscal-year estimate revision. The source feed is sparse and is not a complete consensus-vintage tape.,2026-08-07T15:33:02.185688+00:00
airline_consensus_events,China Eastern Airlines,0670.HK / 600115.SH,CN_A,2025-09-03,estimate_revision,revenue,2027.0,民生证券,2025-04-02,155672.0,155672.0,0.0,0.0,flat,,,,,sell_side_pdf_extracted,https://pdf.dfcfw.com/pdf/H3_AP202509031738366651_1.pdf,broker_report_vintage,Unified dated same-institution/same-fiscal-year estimate revision. The source feed is sparse and is not a complete consensus-vintage tape.,2026-08-07T15:33:02.185688+00:00
airline_consensus_events,China Eastern Airlines,0670.HK / 600115.SH,CN_A,2025-09-03,rating_event,rating,,民生证券,,,,,,maintain_or_new,买入,买入,,,cninfo_discovery,https://webapi.cninfo.com.cn/#/thematicStatistics?name=%E6%8A%95%E8%B5%84%E8%AF%84%E7%BA%A7,queried_public_report_dates,Unified dated Cninfo investment-rating event. This is queried-date coverage and does not imply a complete daily rating or estimate history.,2026-08-07T15:33:02.185688+00:00
airline_consensus_events,Air China,0753.HK / 601111.SH,CN_A,2025-09-04,rating_event,rating,,广发证券,,,,,,unknown,增持,不评级,8.07,8.07,cninfo_discovery,https://webapi.cninfo.com.cn/#/thematicStatistics?name=%E6%8A%95%E8%B5%84%E8%AF%84%E7%BA%A7,queried_public_report_dates,Unified dated Cninfo investment-rating event. This is queried-date coverage and does not imply a complete daily rating or estimate history.,2026-08-07T15:33:02.185688+00:00
airline_consensus_events,China Eastern Airlines,0670.HK / 600115.SH,CN_A,2025-09-04,rating_event,rating,,国信证券,,,,,,unknown,买入,不评级,,,cninfo_discovery,https://webapi.cninfo.com.cn/#/thematicStatistics?name=%E6%8A%95%E8%B5%84%E8%AF%84%E7%BA%A7,queried_public_report_dates,Unified dated Cninfo investment-rating event. This is queried-date coverage and does not imply a complete daily rating or estimate history.,2026-08-07T15:33:02.185688+00:00
airline_consensus_events,Juneyao Airlines,603885.SH,CN_A,2025-09-04,estimate_revision,eps,2026.0,国信证券,2024-11-01,0.86,1.16,-0.2999999999999999,-25.86206896551724,down,,,,,akshare_discovery,https://pdf.dfcfw.com/pdf/H3_AP202509041738752393_1.pdf,broker_report_vintage,Unified dated same-institution/same-fiscal-year estimate revision. The source feed is sparse and is not a complete consensus-vintage tape.,2026-08-07T15:33:02.185688+00:00
airline_consensus_events,Juneyao Airlines,603885.SH,CN_A,2025-09-04,rating_event,rating,,中信证券,,,,,,maintain_or_new,买入,买入,16.0,16.0,cninfo_discovery,https://webapi.cninfo.com.cn/#/thematicStatistics?name=%E6%8A%95%E8%B5%84%E8%AF%84%E7%BA%A7,queried_public_report_dates,Unified dated Cninfo investment-rating event. This is queried-date coverage and does not imply a complete daily rating or estimate history.,2026-08-07T15:33:02.185688+00:00
airline_consensus_events,Juneyao Airlines,603885.SH,CN_A,2025-09-04,rating_event,rating,,国信证券,,,,,,unknown,买入,不评级,,,cninfo_discovery,https://webapi.cninfo.com.cn/#/thematicStatistics?name=%E6%8A%95%E8%B5%84%E8%AF%84%E7%BA%A7,queried_public_report_dates,Unified dated Cninfo investment-rating event. This is queried-date coverage and does not imply a complete daily rating or estimate history.,2026-08-07T15:33:02.185688+00:00
airline_consensus_events,China Eastern Airlines,0670.HK / 600115.SH,CN_A,2025-09-05,estimate_revision,eps,2026.0,国信证券,2024-11-01,0.16,0.34,-0.18,-52.94117647058824,down,,,,,akshare_discovery,https://pdf.dfcfw.com/pdf/H3_AP202509051739045268_1.pdf,broker_report_vintage,Unified dated same-institution/same-fiscal-year estimate revision. The source feed is sparse and is not a complete consensus-vintage tape.,2026-08-07T15:33:02.185688+00:00
airline_consensus_events,Spring Airlines,601021.SH,CN_A,2025-09-05,rating_event,rating,,中信证券,,,,,,maintain_or_new,买入,买入,61.0,61.0,cninfo_discovery,https://webapi.cninfo.com.cn/#/thematicStatistics?name=%E6%8A%95%E8%B5%84%E8%AF%84%E7%BA%A7,queried_public_report_dates,Unified dated Cninfo investment-rating event. This is queried-date coverage and does not imply a complete daily rating or estimate history.,2026-08-07T15:33:02.185688+00:00
airline_consensus_events,China Southern Airlines,01055.HK / 600029.SH,CN_A,2025-10-28,estimate_revision,eps,2026.0,信达证券,2025-08-29,0.34,0.39,-0.0499999999999999,-12.820512820512818,down,,,,,akshare_discovery,https://pdf.dfcfw.com/pdf/H3_AP202510281770762245_1.pdf,broker_report_vintage,Unified dated same-institution/same-fiscal-year estimate revision. The source feed is sparse and is not a complete consensus-vintage tape.,2026-08-07T15:33:02.185688+00:00
airline_consensus_events,China Southern Airlines,01055.HK / 600029.SH,CN_A,2025-10-28,estimate_revision,eps,2027.0,信达证券,2025-08-29,0.46,0.52,-0.06,-11.538461538461538,down,,,,,akshare_discovery,https://pdf.dfcfw.com/pdf/H3_AP202510281770762245_1.pdf,broker_report_vintage,Unified dated same-institution/same-fiscal-year estimate revision. The source feed is sparse and is not a complete consensus-vintage tape.,2026-08-07T15:33:02.185688+00:00
airline_consensus_events,China Southern Airlines,01055.HK / 600029.SH,CN_A,2025-10-28,estimate_revision,eps,2026.0,国金证券,2025-08-31,0.363,0.272,0.0909999999999999,33.45588235294117,up,,,,,akshare_discovery,https://pdf.dfcfw.com/pdf/H3_AP202510281770617253_1.pdf,broker_report_vintage,Unified dated same-institution/same-fiscal-year estimate revision. The source feed is sparse and is not a complete consensus-vintage tape.,2026-08-07T15:33:02.185688+00:00
airline_consensus_events,China Southern Airlines,01055.HK / 600029.SH,CN_A,2025-10-28,estimate_revision,eps,2027.0,国金证券,2025-08-31,0.541,0.474,0.067,14.135021097046428,up,,,,,akshare_discovery,https://pdf.dfcfw.com/pdf/H3_AP202510281770617253_1.pdf,broker_report_vintage,Unified dated same-institution/same-fiscal-year estimate revision. The source feed is sparse and is not a complete consensus-vintage tape.,2026-08-07T15:33:02.185688+00:00
airline_consensus_events,China Southern Airlines,01055.HK / 600029.SH,CN_A,2025-10-28,rating_event,rating,,信达证券,,,,,,maintain_or_new,增持,增持,,,cninfo_discovery,https://webapi.cninfo.com.cn/#/thematicStatistics?name=%E6%8A%95%E8%B5%84%E8%AF%84%E7%BA%A7,queried_public_report_dates,Unified dated Cninfo investment-rating event. This is queried-date coverage and does not imply a complete daily rating or estimate history.,2026-08-07T15:33:02.185688+00:00
airline_consensus_events,China Southern Airlines,01055.HK / 600029.SH,CN_A,2025-10-28,rating_event,rating,,华泰证券,,,,,,maintain_or_new,买入,买入,8.7,8.7,cninfo_discovery,https://webapi.cninfo.com.cn/#/thematicStatistics?name=%E6%8A%95%E8%B5%84%E8%AF%84%E7%BA%A7,queried_public_report_dates,Unified dated Cninfo investment-rating event. This is queried-date coverage and does not imply a complete daily rating or estimate history.,2026-08-07T15:33:02.185688+00:00
airline_consensus_events,China Southern Airlines,01055.HK / 600029.SH,CN_A,2025-10-28,rating_event,rating,,国泰海通,,,,,,maintain_or_new,买入,买入,7.74,7.74,cninfo_discovery,https://webapi.cninfo.com.cn/#/thematicStatistics?name=%E6%8A%95%E8%B5%84%E8%AF%84%E7%BA%A7,queried_public_report_dates,Unified dated Cninfo investment-rating event. This is queried-date coverage and does not imply a complete daily rating or estimate history.,2026-08-07T15:33:02.185688+00:00
airline_consensus_events,China Southern Airlines,01055.HK / 600029.SH,CN_A,2025-10-28,rating_event,rating,,国金证券,,,,,,maintain_or_new,买入,买入,,,cninfo_discovery,https://webapi.cninfo.com.cn/#/thematicStatistics?name=%E6%8A%95%E8%B5%84%E8%AF%84%E7%BA%A7,queried_public_report_dates,Unified dated Cninfo investment-rating event. This is queried-date coverage and does not imply a complete daily rating or estimate history.,2026-08-07T15:33:02.185688+00:00
airline_consensus_events,China Southern Airlines,01055.HK / 600029.SH,CN_A,2025-10-28,rating_event,rating,,浙商证券,,,,,,maintain_or_new,买入,买入,,,cninfo_discovery,https://webapi.cninfo.com.cn/#/thematicStatistics?name=%E6%8A%95%E8%B5%84%E8%AF%84%E7%BA%A7,queried_public_report_dates,Unified dated Cninfo investment-rating event. This is queried-date coverage and does not imply a complete daily rating or estimate history.,2026-08-07T15:33:02.185688+00:00
airline_consensus_events,China Southern Airlines,01055.HK / 600029.SH,CN_A,2025-10-28,rating_event,rating,,西部证券,,,,,,unknown,增持,不评级,,,cninfo_discovery,https://webapi.cninfo.com.cn/#/thematicStatistics?name=%E6%8A%95%E8%B5%84%E8%AF%84%E7%BA%A7,queried_public_report_dates,Unified dated Cninfo investment-rating event. This is queried-date coverage and does not imply a complete daily rating or estimate history.,2026-08-07T15:33:02.185688+00:00
airline_consensus_events,China Eastern Airlines,0670.HK / 600115.SH,CN_A,2025-10-29,rating_event,rating,,中银国际,,,,,,unknown,增持,不评级,,,cninfo_discovery,https://webapi.cninfo.com.cn/#/thematicStatistics?name=%E6%8A%95%E8%B5%84%E8%AF%84%E7%BA%A7,queried_public_report_dates,Unified dated Cninfo investment-rating event. This is queried-date coverage and does not imply a complete daily rating or estimate history.,2026-08-07T15:33:02.185688+00:00
airline_consensus_events,China Southern Airlines,01055.HK / 600029.SH,CN_A,2025-10-29,estimate_revision,eps,2026.0,中邮证券,2025-03-28,0.35,0.37,-0.02,-5.405405405405411,down,,,,,akshare_discovery,https://pdf.dfcfw.com/pdf/H3_AP202510291771297937_1.pdf,broker_report_vintage,Unified dated same-institution/same-fiscal-year estimate revision. The source feed is sparse and is not a complete consensus-vintage tape.,2026-08-07T15:33:02.185688+00:00
airline_consensus_events,China Southern Airlines,01055.HK / 600029.SH,CN_A,2025-10-29,estimate_revision,eps,2027.0,中邮证券,2025-03-28,0.5,0.53,-0.03,-5.660377358490571,down,,,,,akshare_discovery,https://pdf.dfcfw.com/pdf/H3_AP202510291771297937_1.pdf,broker_report_vintage,Unified dated same-institution/same-fiscal-year estimate revision. The source feed is sparse and is not a complete consensus-vintage tape.,2026-08-07T15:33:02.185688+00:00
airline_consensus_events,China Southern Airlines,01055.HK / 600029.SH,CN_A,2025-10-29,estimate_revision,revenue,2026.0,中邮证券,2025-03-28,186031.0,190175.0,-4144.0,-2.1790456158801104,down,,,,,sell_side_pdf_extracted,https://pdf.dfcfw.com/pdf/H3_AP202510291771297937_1.pdf,broker_report_vintage,Unified dated same-institution/same-fiscal-year estimate revision. The source feed is sparse and is not a complete consensus-vintage tape.,2026-08-07T15:33:02.185688+00:00
airline_consensus_events,China Southern Airlines,01055.HK / 600029.SH,CN_A,2025-10-29,estimate_revision,revenue,2027.0,中邮证券,2025-03-28,195903.0,200295.0,-4392.0,-2.1927656706358123,down,,,,,sell_side_pdf_extracted,https://pdf.dfcfw.com/pdf/H3_AP202510291771297937_1.pdf,broker_report_vintage,Unified dated same-institution/same-fiscal-year estimate revision. The source feed is sparse and is not a complete consensus-vintage tape.,2026-08-07T15:33:02.185688+00:00
airline_consensus_events,China Southern Airlines,01055.HK / 600029.SH,CN_A,2025-10-29,rating_event,rating,,中信证券,,,,,,maintain_or_new,买入,买入,7.1,7.1,cninfo_discovery,https://webapi.cninfo.com.cn/#/thematicStatistics?name=%E6%8A%95%E8%B5%84%E8%AF%84%E7%BA%A7,queried_public_report_dates,Unified dated Cninfo investment-rating event. This is queried-date coverage and does not imply a complete daily rating or estimate history.,2026-08-07T15:33:02.185688+00:00
airline_consensus_events,China Southern Airlines,01055.HK / 600029.SH,CN_A,2025-10-29,rating_event,rating,,中邮证券,,,,,,unknown,买入,不评级,,,cninfo_discovery,https://webapi.cninfo.com.cn/#/thematicStatistics?name=%E6%8A%95%E8%B5%84%E8%AF%84%E7%BA%A7,queried_public_report_dates,Unified dated Cninfo investment-rating event. This is queried-date coverage and does not imply a complete daily rating or estimate history.,2026-08-07T15:33:02.185688+00:00
airline_consensus_events,China Southern Airlines,01055.HK / 600029.SH,CN_A,2025-10-29,rating_event,rating,,华创证券,,,,,,unknown,增持,不评级,7.84,7.84,cninfo_discovery,https://webapi.cninfo.com.cn/#/thematicStatistics?name=%E6%8A%95%E8%B5%84%E8%AF%84%E7%BA%A7,queried_public_report_dates,Unified dated Cninfo investment-rating event. This is queried-date coverage and does not imply a complete daily rating or estimate history.,2026-08-07T15:33:02.185688+00:00
airline_consensus_events,Air China,0753.HK / 601111.SH,CN_A,2025-10-31,rating_event,rating,,华泰证券,,,,,,maintain_or_new,买入,买入,10.45,10.45,cninfo_discovery,https://webapi.cninfo.com.cn/#/thematicStatistics?name=%E6%8A%95%E8%B5%84%E8%AF%84%E7%BA%A7,queried_public_report_dates,Unified dated Cninfo investment-rating event. This is queried-date coverage and does not imply a complete daily rating or estimate history.,2026-08-07T15:33:02.185688+00:00
airline_consensus_events,China Eastern Airlines,0670.HK / 600115.SH,CN_A,2025-10-31,rating_event,rating,,华泰证券,,,,,,maintain_or_new,买入,买入,6.35,6.35,cninfo_discovery,https://webapi.cninfo.com.cn/#/thematicStatistics?name=%E6%8A%95%E8%B5%84%E8%AF%84%E7%BA%A7,queried_public_report_dates,Unified dated Cninfo investment-rating event. This is queried-date coverage and does not imply a complete daily rating or estimate history.,2026-08-07T15:33:02.185688+00:00
airline_consensus_events,China Eastern Airlines,0670.HK / 600115.SH,CN_A,2025-10-31,rating_event,rating,,浙商证券,,,,,,maintain_or_new,增持,增持,,,cninfo_discovery,https://webapi.cninfo.com.cn/#/thematicStatistics?name=%E6%8A%95%E8%B5%84%E8%AF%84%E7%BA%A7,queried_public_report_dates,Unified dated Cninfo investment-rating event. This is queried-date coverage and does not imply a complete daily rating or estimate history.,2026-08-07T15:33:02.185688+00:00
airline_consensus_events,China Eastern Airlines,0670.HK / 600115.SH,CN_A,2025-10-31,rating_event,rating,,申万宏源证券,,,,,,unknown,增持,不评级,,,cninfo_discovery,https://webapi.cninfo.com.cn/#/thematicStatistics?name=%E6%8A%95%E8%B5%84%E8%AF%84%E7%BA%A7,queried_public_report_dates,Unified dated Cninfo investment-rating event. This is queried-date coverage and does not imply a complete daily rating or estimate history.,2026-08-07T15:33:02.185688+00:00
airline_consensus_events,Hainan Airlines Holdings,600221.SH,CN_A,2025-10-31,rating_event,rating,,广发证券,,,,,,maintain_or_new,买入,买入,1.91,1.91,cninfo_discovery,https://webapi.cninfo.com.cn/#/thematicStatistics?name=%E6%8A%95%E8%B5%84%E8%AF%84%E7%BA%A7,queried_public_report_dates,Unified dated Cninfo investment-rating event. This is queried-date coverage and does not imply a complete daily rating or estimate history.,2026-08-07T15:33:02.185688+00:00
airline_consensus_events,Juneyao Airlines,603885.SH,CN_A,2025-10-31,estimate_revision,eps,2026.0,信达证券,2025-08-23,0.8,0.8,0.0,0.0,flat,,,,,akshare_discovery,https://pdf.dfcfw.com/pdf/H3_AP202510311772685250_1.pdf,broker_report_vintage,Unified dated same-institution/same-fiscal-year estimate revision. The source feed is sparse and is not a complete consensus-vintage tape.,2026-08-07T15:33:02.185688+00:00
airline_consensus_events,Juneyao Airlines,603885.SH,CN_A,2025-10-31,estimate_revision,eps,2027.0,信达证券,2025-08-23,0.96,0.95,0.01,1.0526315789473697,up,,,,,akshare_discovery,https://pdf.dfcfw.com/pdf/H3_AP202510311772685250_1.pdf,broker_report_vintage,Unified dated same-institution/same-fiscal-year estimate revision. The source feed is sparse and is not a complete consensus-vintage tape.,2026-08-07T15:33:02.185688+00:00
airline_consensus_events,Juneyao Airlines,603885.SH,CN_A,2025-10-31,rating_event,rating,,信达证券,,,,,,unknown,增持,不评级,,,cninfo_discovery,https://webapi.cninfo.com.cn/#/thematicStatistics?name=%E6%8A%95%E8%B5%84%E8%AF%84%E7%BA%A7,queried_public_report_dates,Unified dated Cninfo investment-rating event. This is queried-date coverage and does not imply a complete daily rating or estimate history.,2026-08-07T15:33:02.185688+00:00
airline_consensus_events,Juneyao Airlines,603885.SH,CN_A,2025-10-31,rating_event,rating,,华泰证券,,,,,,maintain_or_new,买入,买入,16.2,16.2,cninfo_discovery,https://webapi.cninfo.com.cn/#/thematicStatistics?name=%E6%8A%95%E8%B5%84%E8%AF%84%E7%BA%A7,queried_public_report_dates,Unified dated Cninfo investment-rating event. This is queried-date coverage and does not imply a complete daily rating or estimate history.,2026-08-07T15:33:02.185688+00:00
airline_consensus_events,Juneyao Airlines,603885.SH,CN_A,2025-10-31,rating_event,rating,,广发证券,,,,,,maintain_or_new,增持,增持,14.7,14.7,cninfo_discovery,https://webapi.cninfo.com.cn/#/thematicStatistics?name=%E6%8A%95%E8%B5%84%E8%AF%84%E7%BA%A7,queried_public_report_dates,Unified dated Cninfo investment-rating event. This is queried-date coverage and does not imply a complete daily rating or estimate history.,2026-08-07T15:33:02.185688+00:00
airline_consensus_events,Juneyao Airlines,603885.SH,CN_A,2025-10-31,rating_event,rating,,浙商证券,,,,,,maintain_or_new,买入,买入,,,cninfo_discovery,https://webapi.cninfo.com.cn/#/thematicStatistics?name=%E6%8A%95%E8%B5%84%E8%AF%84%E7%BA%A7,queried_public_report_dates,Unified dated Cninfo investment-rating event. This is queried-date coverage and does not imply a complete daily rating or estimate history.,2026-08-07T15:33:02.185688+00:00
airline_consensus_events,Juneyao Airlines,603885.SH,CN_A,2025-10-31,rating_event,rating,,申万宏源证券,,,,,,unknown,买入,不评级,,,cninfo_discovery,https://webapi.cninfo.com.cn/#/thematicStatistics?name=%E6%8A%95%E8%B5%84%E8%AF%84%E7%BA%A7,queried_public_report_dates,Unified dated Cninfo investment-rating event. This is queried-date coverage and does not imply a complete daily rating or estimate history.,2026-08-07T15:33:02.185688+00:00
airline_consensus_events,Spring Airlines,601021.SH,CN_A,2025-10-31,estimate_revision,eps,2026.0,信达证券,2025-08-30,3.12,3.09,0.0300000000000002,0.9708737864077752,up,,,,,akshare_discovery,https://pdf.dfcfw.com/pdf/H3_AP202510311772685252_1.pdf,broker_report_vintage,Unified dated same-institution/same-fiscal-year estimate revision. The source feed is sparse and is not a complete consensus-vintage tape.,2026-08-07T15:33:02.185688+00:00
airline_consensus_events,Spring Airlines,601021.SH,CN_A,2025-10-31,estimate_revision,eps,2027.0,信达证券,2025-08-30,3.62,3.59,0.0300000000000002,0.8356545961002855,up,,,,,akshare_discovery,https://pdf.dfcfw.com/pdf/H3_AP202510311772685252_1.pdf,broker_report_vintage,Unified dated same-institution/same-fiscal-year estimate revision. The source feed is sparse and is not a complete consensus-vintage tape.,2026-08-07T15:33:02.185688+00:00
airline_consensus_events,Spring Airlines,601021.SH,CN_A,2025-10-31,rating_event,rating,,中泰证券,,,,,,maintain_or_new,买入,买入,,,cninfo_discovery,https://webapi.cninfo.com.cn/#/thematicStatistics?name=%E6%8A%95%E8%B5%84%E8%AF%84%E7%BA%A7,queried_public_report_dates,Unified dated Cninfo investment-rating event. This is queried-date coverage and does not imply a complete daily rating or estimate history.,2026-08-07T15:33:02.185688+00:00
airline_consensus_events,Spring Airlines,601021.SH,CN_A,2025-10-31,rating_event,rating,,中金,,,,,,maintain_or_new,增持,增持,67.9,67.9,cninfo_discovery,https://webapi.cninfo.com.cn/#/thematicStatistics?name=%E6%8A%95%E8%B5%84%E8%AF%84%E7%BA%A7,queried_public_report_dates,Unified dated Cninfo investment-rating event. This is queried-date coverage and does not imply a complete daily rating or estimate history.,2026-08-07T15:33:02.185688+00:00
airline_consensus_events,Spring Airlines,601021.SH,CN_A,2025-10-31,rating_event,rating,,信达证券,,,,,,maintain_or_new,买入,买入,,,cninfo_discovery,https://webapi.cninfo.com.cn/#/thematicStatistics?name=%E6%8A%95%E8%B5%84%E8%AF%84%E7%BA%A7,queried_public_report_dates,Unified dated Cninfo investment-rating event. This is queried-date coverage and does not imply a complete daily rating or estimate history.,2026-08-07T15:33:02.185688+00:00
airline_consensus_events,Spring Airlines,601021.SH,CN_A,2025-10-31,rating_event,rating,,华泰证券,,,,,,maintain_or_new,买入,买入,75.5,75.5,cninfo_discovery,https://webapi.cninfo.com.cn/#/thematicStatistics?name=%E6%8A%95%E8%B5%84%E8%AF%84%E7%BA%A7,queried_public_report_dates,Unified dated Cninfo investment-rating event. This is queried-date coverage and does not imply a complete daily rating or estimate history.,2026-08-07T15:33:02.185688+00:00
airline_consensus_events,Spring Airlines,601021.SH,CN_A,2025-10-31,rating_event,rating,,浙商证券,,,,,,maintain_or_new,买入,买入,,,cninfo_discovery,https://webapi.cninfo.com.cn/#/thematicStatistics?name=%E6%8A%95%E8%B5%84%E8%AF%84%E7%BA%A7,queried_public_report_dates,Unified dated Cninfo investment-rating event. This is queried-date coverage and does not imply a complete daily rating or estimate history.,2026-08-07T15:33:02.185688+00:00
airline_consensus_events,Air China,0753.HK / 601111.SH,CN_A,2025-11-01,estimate_revision,eps,2026.0,信达证券,2025-08-29,0.37,0.43,-0.06,-13.953488372093023,down,,,,,akshare_discovery,https://pdf.dfcfw.com/pdf/H3_AP202511011773273784_1.pdf,broker_report_vintage,Unified dated same-institution/same-fiscal-year estimate revision. The source feed is sparse and is not a complete consensus-vintage tape.,2026-08-07T15:33:02.185688+00:00
airline_consensus_events,Air China,0753.HK / 601111.SH,CN_A,2025-11-01,estimate_revision,eps,2027.0,信达证券,2025-08-29,0.49,0.58,-0.0899999999999999,-15.51724137931034,down,,,,,akshare_discovery,https://pdf.dfcfw.com/pdf/H3_AP202511011773273784_1.pdf,broker_report_vintage,Unified dated same-institution/same-fiscal-year estimate revision. The source feed is sparse and is not a complete consensus-vintage tape.,2026-08-07T15:33:02.185688+00:00
airline_consensus_events,Air China,0753.HK / 601111.SH,CN_A,2025-11-01,rating_event,rating,,信达证券,,,,,,maintain_or_new,增持,增持,,,cninfo_discovery,https://webapi.cninfo.com.cn/#/thematicStatistics?name=%E6%8A%95%E8%B5%84%E8%AF%84%E7%BA%A7,queried_public_report_dates,Unified dated Cninfo investment-rating event. This is queried-date coverage and does not imply a complete daily rating or estimate history.,2026-08-07T15:33:02.185688+00:00
airline_consensus_events,Air China,0753.HK / 601111.SH,CN_A,2025-11-01,rating_event,rating,,西部证券,,,,,,unknown,增持,不评级,,,cninfo_discovery,https://webapi.cninfo.com.cn/#/thematicStatistics?name=%E6%8A%95%E8%B5%84%E8%AF%84%E7%BA%A7,queried_public_report_dates,Unified dated Cninfo investment-rating event. This is queried-date coverage and does not imply a complete daily rating or estimate history.,2026-08-07T15:33:02.185688+00:00
airline_consensus_events,Hainan Airlines Holdings,600221.SH,CN_A,2025-11-01,rating_event,rating,,中泰证券,,,,,,maintain_or_new,增持,增持,,,cninfo_discovery,https://webapi.cninfo.com.cn/#/thematicStatistics?name=%E6%8A%95%E8%B5%84%E8%AF%84%E7%BA%A7,queried_public_report_dates,Unified dated Cninfo investment-rating event. This is queried-date coverage and does not imply a complete daily rating or estimate history.,2026-08-07T15:33:02.185688+00:00
airline_consensus_events,Juneyao Airlines,603885.SH,CN_A,2025-11-01,rating_event,rating,,中泰证券,,,,,,maintain_or_new,买入,买入,,,cninfo_discovery,https://webapi.cninfo.com.cn/#/thematicStatistics?name=%E6%8A%95%E8%B5%84%E8%AF%84%E7%BA%A7,queried_public_report_dates,Unified dated Cninfo investment-rating event. This is queried-date coverage and does not imply a complete daily rating or estimate history.,2026-08-07T15:33:02.185688+00:00
airline_consensus_events,Juneyao Airlines,603885.SH,CN_A,2025-11-01,rating_event,rating,,中金,,,,,,maintain_or_new,增持,增持,14.5,14.5,cninfo_discovery,https://webapi.cninfo.com.cn/#/thematicStatistics?name=%E6%8A%95%E8%B5%84%E8%AF%84%E7%BA%A7,queried_public_report_dates,Unified dated Cninfo investment-rating event. This is queried-date coverage and does not imply a complete daily rating or estimate history.,2026-08-07T15:33:02.185688+00:00
airline_consensus_events,Juneyao Airlines,603885.SH,CN_A,2025-11-01,rating_event,rating,,西部证券,,,,,,unknown,增持,不评级,,,cninfo_discovery,https://webapi.cninfo.com.cn/#/thematicStatistics?name=%E6%8A%95%E8%B5%84%E8%AF%84%E7%BA%A7,queried_public_report_dates,Unified dated Cninfo investment-rating event. This is queried-date coverage and does not imply a complete daily rating or estimate history.,2026-08-07T15:33:02.185688+00:00
airline_consensus_events,Air China,0753.HK / 601111.SH,CN_A,2025-11-02,estimate_revision,eps,2026.0,国金证券,2025-08-31,0.44,0.347,0.093,26.80115273775217,up,,,,,akshare_discovery,https://pdf.dfcfw.com/pdf/H3_AP202511021773734755_1.pdf,broker_report_vintage,Unified dated same-institution/same-fiscal-year estimate revision. The source feed is sparse and is not a complete consensus-vintage tape.,2026-08-07T15:33:02.185688+00:00
airline_consensus_events,Air China,0753.HK / 601111.SH,CN_A,2025-11-02,estimate_revision,eps,2027.0,国金证券,2025-08-31,0.66,0.533,0.127,23.827392120075043,up,,,,,akshare_discovery,https://pdf.dfcfw.com/pdf/H3_AP202511021773734755_1.pdf,broker_report_vintage,Unified dated same-institution/same-fiscal-year estimate revision. The source feed is sparse and is not a complete consensus-vintage tape.,2026-08-07T15:33:02.185688+00:00
airline_consensus_events,Air China,0753.HK / 601111.SH,CN_A,2025-11-02,estimate_revision,revenue,2026.0,国金证券,2025-08-31,192022.0,193975.0,-1953.0,-1.0068307771620053,down,,,,,sell_side_pdf_extracted,https://pdf.dfcfw.com/pdf/H3_AP202511021773734755_1.pdf,broker_report_vintage,Unified dated same-institution/same-fiscal-year estimate revision. The source feed is sparse and is not a complete consensus-vintage tape.,2026-08-07T15:33:02.185688+00:00
airline_consensus_events,Air China,0753.HK / 601111.SH,CN_A,2025-11-02,estimate_revision,revenue,2027.0,国金证券,2025-08-31,207108.0,209183.0,-2075.0,-0.9919544131215252,down,,,,,sell_side_pdf_extracted,https://pdf.dfcfw.com/pdf/H3_AP202511021773734755_1.pdf,broker_report_vintage,Unified dated same-institution/same-fiscal-year estimate revision. The source feed is sparse and is not a complete consensus-vintage tape.,2026-08-07T15:33:02.185688+00:00
airline_consensus_events,Air China,0753.HK / 601111.SH,CN_A,2025-11-02,rating_event,rating,,浙商证券,,,,,,unknown,买入,不评级,,,cninfo_discovery,https://webapi.cninfo.com.cn/#/thematicStatistics?name=%E6%8A%95%E8%B5%84%E8%AF%84%E7%BA%A7,queried_public_report_dates,Unified dated Cninfo investment-rating event. This is queried-date coverage and does not imply a complete daily rating or estimate history.,2026-08-07T15:33:02.185688+00:00
airline_consensus_events,Spring Airlines,601021.SH,CN_A,2025-11-02,estimate_revision,eps,2026.0,国金证券,2025-08-30,3.184,3.158,0.0260000000000002,0.823305889803681,up,,,,,akshare_discovery,https://pdf.dfcfw.com/pdf/H3_AP202511021773633132_1.pdf,broker_report_vintage,Unified dated same-institution/same-fiscal-year estimate revision. The source feed is sparse and is not a complete consensus-vintage tape.,2026-08-07T15:33:02.185688+00:00
airline_consensus_events,Spring Airlines,601021.SH,CN_A,2025-11-02,estimate_revision,eps,2027.0,国金证券,2025-08-30,3.669,3.729,-0.06,-1.609010458567982,down,,,,,akshare_discovery,https://pdf.dfcfw.com/pdf/H3_AP202511021773633132_1.pdf,broker_report_vintage,Unified dated same-institution/same-fiscal-year estimate revision. The source feed is sparse and is not a complete consensus-vintage tape.,2026-08-07T15:33:02.185688+00:00
airline_consensus_events,Spring Airlines,601021.SH,CN_A,2025-11-02,estimate_revision,revenue,2026.0,国金证券,2025-04-30,24356.0,26574.0,-2218.0,-8.346504101753593,down,,,,,sell_side_pdf_extracted,https://pdf.dfcfw.com/pdf/H3_AP202511021773633132_1.pdf,broker_report_vintage,Unified dated same-institution/same-fiscal-year estimate revision. The source feed is sparse and is not a complete consensus-vintage tape.,2026-08-07T15:33:02.185688+00:00
airline_consensus_events,Spring Airlines,601021.SH,CN_A,2025-11-02,estimate_revision,revenue,2027.0,国金证券,2025-04-30,26678.0,29564.0,-2886.0,-9.76187254769314,down,,,,,sell_side_pdf_extracted,https://pdf.dfcfw.com/pdf/H3_AP202511021773633132_1.pdf,broker_report_vintage,Unified dated same-institution/same-fiscal-year estimate revision. The source feed is sparse and is not a complete consensus-vintage tape.,2026-08-07T15:33:02.185688+00:00
airline_consensus_events,Air China,0753.HK / 601111.SH,CN_A,2025-11-04,estimate_revision,eps,2026.0,民生证券,2025-09-02,0.34,0.34,0.0,0.0,flat,,,,,akshare_discovery,https://pdf.dfcfw.com/pdf/H3_AP202511041774883998_1.pdf,broker_report_vintage,Unified dated same-institution/same-fiscal-year estimate revision. The source feed is sparse and is not a complete consensus-vintage tape.,2026-08-07T15:33:02.185688+00:00
airline_consensus_events,Air China,0753.HK / 601111.SH,CN_A,2025-11-04,estimate_revision,eps,2027.0,民生证券,2025-09-02,0.47,0.47,0.0,0.0,flat,,,,,akshare_discovery,https://pdf.dfcfw.com/pdf/H3_AP202511041774883998_1.pdf,broker_report_vintage,Unified dated same-institution/same-fiscal-year estimate revision. The source feed is sparse and is not a complete consensus-vintage tape.,2026-08-07T15:33:02.185688+00:00
airline_consensus_events,Air China,0753.HK / 601111.SH,CN_A,2025-11-04,estimate_revision,revenue,2026.0,民生证券,2025-09-02,189714.0,189725.0,-11.0,-0.0057978653314007,down,,,,,sell_side_pdf_extracted,https://pdf.dfcfw.com/pdf/H3_AP202511041774883998_1.pdf,broker_report_vintage,Unified dated same-institution/same-fiscal-year estimate revision. The source feed is sparse and is not a complete consensus-vintage tape.,2026-08-07T15:33:02.185688+00:00
airline_consensus_events,Air China,0753.HK / 601111.SH,CN_A,2025-11-04,estimate_revision,revenue,2027.0,民生证券,2025-09-02,198742.0,198753.0,-11.0,-0.0055345076552303,down,,,,,sell_side_pdf_extracted,https://pdf.dfcfw.com/pdf/H3_AP202511041774883998_1.pdf,broker_report_vintage,Unified dated same-institution/same-fiscal-year estimate revision. The source feed is sparse and is not a complete consensus-vintage tape.,2026-08-07T15:33:02.185688+00:00
airline_consensus_events,Air China,0753.HK / 601111.SH,CN_A,2025-11-04,rating_event,rating,,民生证券,,,,,,maintain_or_new,买入,买入,,,cninfo_discovery,https://webapi.cninfo.com.cn/#/thematicStatistics?name=%E6%8A%95%E8%B5%84%E8%AF%84%E7%BA%A7,queried_public_report_dates,Unified dated Cninfo investment-rating event. This is queried-date coverage and does not imply a complete daily rating or estimate history.,2026-08-07T15:33:02.185688+00:00
airline_consensus_events,China Eastern Airlines,0670.HK / 600115.SH,CN_A,2025-11-04,rating_event,rating,,中金,,,,,,maintain_or_new,增持,增持,6.5,6.5,cninfo_discovery,https://webapi.cninfo.com.cn/#/thematicStatistics?name=%E6%8A%95%E8%B5%84%E8%AF%84%E7%BA%A7,queried_public_report_dates,Unified dated Cninfo investment-rating event. This is queried-date coverage and does not imply a complete daily rating or estimate history.,2026-08-07T15:33:02.185688+00:00
airline_consensus_events,China Southern Airlines,01055.HK / 600029.SH,CN_A,2025-11-04,estimate_revision,eps,2026.0,民生证券,2025-09-02,0.23,0.23,0.0,0.0,flat,,,,,akshare_discovery,https://pdf.dfcfw.com/pdf/H3_AP202511041774937724_1.pdf,broker_report_vintage,Unified dated same-institution/same-fiscal-year estimate revision. The source feed is sparse and is not a complete consensus-vintage tape.,2026-08-07T15:33:02.185688+00:00
airline_consensus_events,China Southern Airlines,01055.HK / 600029.SH,CN_A,2025-11-04,estimate_revision,eps,2027.0,民生证券,2025-09-02,0.42,0.42,0.0,0.0,flat,,,,,akshare_discovery,https://pdf.dfcfw.com/pdf/H3_AP202511041774937724_1.pdf,broker_report_vintage,Unified dated same-institution/same-fiscal-year estimate revision. The source feed is sparse and is not a complete consensus-vintage tape.,2026-08-07T15:33:02.185688+00:00
airline_consensus_events,China Southern Airlines,01055.HK / 600029.SH,CN_A,2025-11-04,estimate_revision,revenue,2026.0,民生证券,2025-09-02,186316.0,186316.0,0.0,0.0,flat,,,,,sell_side_pdf_extracted,https://pdf.dfcfw.com/pdf/H3_AP202511041774937724_1.pdf,broker_report_vintage,Unified dated same-institution/same-fiscal-year estimate revision. The source feed is sparse and is not a complete consensus-vintage tape.,2026-08-07T15:33:02.185688+00:00
airline_consensus_events,China Southern Airlines,01055.HK / 600029.SH,CN_A,2025-11-04,estimate_revision,revenue,2027.0,民生证券,2025-09-02,193997.0,193997.0,0.0,0.0,flat,,,,,sell_side_pdf_extracted,https://pdf.dfcfw.com/pdf/H3_AP202511041774937724_1.pdf,broker_report_vintage,Unified dated same-institution/same-fiscal-year estimate revision. The source feed is sparse and is not a complete consensus-vintage tape.,2026-08-07T15:33:02.185688+00:00
airline_consensus_events,China Southern Airlines,01055.HK / 600029.SH,CN_A,2025-11-04,rating_event,rating,,民生证券,,,,,,maintain_or_new,买入,买入,,,cninfo_discovery,https://webapi.cninfo.com.cn/#/thematicStatistics?name=%E6%8A%95%E8%B5%84%E8%AF%84%E7%BA%A7,queried_public_report_dates,Unified dated Cninfo investment-rating event. This is queried-date coverage and does not imply a complete daily rating or estimate history.,2026-08-07T15:33:02.185688+00:00
airline_consensus_events,Juneyao Airlines,603885.SH,CN_A,2025-11-04,estimate_revision,eps,2026.0,中邮证券,2025-04-23,0.77,0.77,0.0,0.0,flat,,,,,akshare_discovery,https://pdf.dfcfw.com/pdf/H3_AP202511041774810092_1.pdf,broker_report_vintage,Unified dated same-institution/same-fiscal-year estimate revision. The source feed is sparse and is not a complete consensus-vintage tape.,2026-08-07T15:33:02.185688+00:00
airline_consensus_events,Juneyao Airlines,603885.SH,CN_A,2025-11-04,estimate_revision,eps,2027.0,中邮证券,2025-04-23,1.01,1.02,-0.01,-0.980392156862746,down,,,,,akshare_discovery,https://pdf.dfcfw.com/pdf/H3_AP202511041774810092_1.pdf,broker_report_vintage,Unified dated same-institution/same-fiscal-year estimate revision. The source feed is sparse and is not a complete consensus-vintage tape.,2026-08-07T15:33:02.185688+00:00
airline_consensus_events,Juneyao Airlines,603885.SH,CN_A,2025-11-04,estimate_revision,revenue,2026.0,中邮证券,2025-04-23,24817.0,24817.0,0.0,0.0,flat,,,,,sell_side_pdf_extracted,https://pdf.dfcfw.com/pdf/H3_AP202511041774810092_1.pdf,broker_report_vintage,Unified dated same-institution/same-fiscal-year estimate revision. The source feed is sparse and is not a complete consensus-vintage tape.,2026-08-07T15:33:02.185688+00:00
airline_consensus_events,Juneyao Airlines,603885.SH,CN_A,2025-11-04,estimate_revision,revenue,2027.0,中邮证券,2025-04-23,26384.0,26384.0,0.0,0.0,flat,,,,,sell_side_pdf_extracted,https://pdf.dfcfw.com/pdf/H3_AP202511041774810092_1.pdf,broker_report_vintage,Unified dated same-institution/same-fiscal-year estimate revision. The source feed is sparse and is not a complete consensus-vintage tape.,2026-08-07T15:33:02.185688+00:00
airline_consensus_events,Juneyao Airlines,603885.SH,CN_A,2025-11-04,rating_event,rating,,中信证券,,,,,,maintain_or_new,买入,买入,16.0,16.0,cninfo_discovery,https://webapi.cninfo.com.cn/#/thematicStatistics?name=%E6%8A%95%E8%B5%84%E8%AF%84%E7%BA%A7,queried_public_report_dates,Unified dated Cninfo investment-rating event. This is queried-date coverage and does not imply a complete daily rating or estimate history.,2026-08-07T15:33:02.185688+00:00
airline_consensus_events,Spring Airlines,601021.SH,CN_A,2025-11-04,estimate_revision,eps,2026.0,民生证券,2025-08-31,3.03,3.03,0.0,0.0,flat,,,,,akshare_discovery,https://pdf.dfcfw.com/pdf/H3_AP202511041774937708_1.pdf,broker_report_vintage,Unified dated same-institution/same-fiscal-year estimate revision. The source feed is sparse and is not a complete consensus-vintage tape.,2026-08-07T15:33:02.185688+00:00
airline_consensus_events,Spring Airlines,601021.SH,CN_A,2025-11-04,estimate_revision,eps,2027.0,民生证券,2025-08-31,3.55,3.55,0.0,0.0,flat,,,,,akshare_discovery,https://pdf.dfcfw.com/pdf/H3_AP202511041774937708_1.pdf,broker_report_vintage,Unified dated same-institution/same-fiscal-year estimate revision. The source feed is sparse and is not a complete consensus-vintage tape.,2026-08-07T15:33:02.185688+00:00
airline_consensus_events,Spring Airlines,601021.SH,CN_A,2025-11-04,estimate_revision,revenue,2026.0,民生证券,2025-08-31,22548.0,22555.0,-7.0,-0.0310352471735757,down,,,,,sell_side_pdf_extracted,https://pdf.dfcfw.com/pdf/H3_AP202511041774937708_1.pdf,broker_report_vintage,Unified dated same-institution/same-fiscal-year estimate revision. The source feed is sparse and is not a complete consensus-vintage tape.,2026-08-07T15:33:02.185688+00:00
airline_consensus_events,Spring Airlines,601021.SH,CN_A,2025-11-04,estimate_revision,revenue,2027.0,民生证券,2025-08-31,24381.0,24782.0,-401.0,-1.618109918489226,down,,,,,sell_side_pdf_extracted,https://pdf.dfcfw.com/pdf/H3_AP202511041774937708_1.pdf,broker_report_vintage,Unified dated same-institution/same-fiscal-year estimate revision. The source feed is sparse and is not a complete consensus-vintage tape.,2026-08-07T15:33:02.185688+00:00
airline_consensus_events,Spring Airlines,601021.SH,CN_A,2025-11-04,rating_event,rating,,民生证券,,,,,,maintain_or_new,买入,买入,,,cninfo_discovery,https://webapi.cninfo.com.cn/#/thematicStatistics?name=%E6%8A%95%E8%B5%84%E8%AF%84%E7%BA%A7,queried_public_report_dates,Unified dated Cninfo investment-rating event. This is queried-date coverage and does not imply a complete daily rating or estimate history.,2026-08-07T15:33:02.185688+00:00
airline_consensus_events,China Eastern Airlines,0670.HK / 600115.SH,CN_A,2025-11-05,estimate_revision,eps,2026.0,民生证券,2025-09-03,0.16,0.16,0.0,0.0,flat,,,,,akshare_discovery,https://pdf.dfcfw.com/pdf/H3_AP202511051775731666_1.pdf,broker_report_vintage,Unified dated same-institution/same-fiscal-year estimate revision. The source feed is sparse and is not a complete consensus-vintage tape.,2026-08-07T15:33:02.185688+00:00
airline_consensus_events,China Eastern Airlines,0670.HK / 600115.SH,CN_A,2025-11-05,estimate_revision,eps,2027.0,民生证券,2025-09-03,0.23,0.23,0.0,0.0,flat,,,,,akshare_discovery,https://pdf.dfcfw.com/pdf/H3_AP202511051775731666_1.pdf,broker_report_vintage,Unified dated same-institution/same-fiscal-year estimate revision. The source feed is sparse and is not a complete consensus-vintage tape.,2026-08-07T15:33:02.185688+00:00
airline_consensus_events,China Eastern Airlines,0670.HK / 600115.SH,CN_A,2025-11-05,estimate_revision,revenue,2026.0,民生证券,2025-09-03,150031.0,152441.0,-2410.0,-1.580939511023937,down,,,,,sell_side_pdf_extracted,https://pdf.dfcfw.com/pdf/H3_AP202511051775731666_1.pdf,broker_report_vintage,Unified dated same-institution/same-fiscal-year estimate revision. The source feed is sparse and is not a complete consensus-vintage tape.,2026-08-07T15:33:02.185688+00:00
airline_consensus_events,China Eastern Airlines,0670.HK / 600115.SH,CN_A,2025-11-05,estimate_revision,revenue,2027.0,民生证券,2025-09-03,160663.0,155672.0,4991.0,3.2061000051390103,up,,,,,sell_side_pdf_extracted,https://pdf.dfcfw.com/pdf/H3_AP202511051775731666_1.pdf,broker_report_vintage,Unified dated same-institution/same-fiscal-year estimate revision. The source feed is sparse and is not a complete consensus-vintage tape.,2026-08-07T15:33:02.185688+00:00
airline_consensus_events,China Eastern Airlines,0670.HK / 600115.SH,CN_A,2025-11-05,rating_event,rating,,民生证券,,,,,,unknown,买入,不评级,,,cninfo_discovery,https://webapi.cninfo.com.cn/#/thematicStatistics?name=%E6%8A%95%E8%B5%84%E8%AF%84%E7%BA%A7,queried_public_report_dates,Unified dated Cninfo investment-rating event. This is queried-date coverage and does not imply a complete daily rating or estimate history.,2026-08-07T15:33:02.185688+00:00
airline_consensus_events,Juneyao Airlines,603885.SH,CN_A,2025-11-05,estimate_revision,eps,2026.0,民生证券,2025-08-26,0.82,1.05,-0.2300000000000001,-21.904761904761916,down,,,,,akshare_discovery,https://pdf.dfcfw.com/pdf/H3_AP202511051775455821_1.pdf,broker_report_vintage,Unified dated same-institution/same-fiscal-year estimate revision. The source feed is sparse and is not a complete consensus-vintage tape.,2026-08-07T15:33:02.185688+00:00
airline_consensus_events,Juneyao Airlines,603885.SH,CN_A,2025-11-05,estimate_revision,eps,2027.0,民生证券,2025-08-26,1.26,1.26,0.0,0.0,flat,,,,,akshare_discovery,https://pdf.dfcfw.com/pdf/H3_AP202511051775455821_1.pdf,broker_report_vintage,Unified dated same-institution/same-fiscal-year estimate revision. The source feed is sparse and is not a complete consensus-vintage tape.,2026-08-07T15:33:02.185688+00:00
airline_consensus_events,Juneyao Airlines,603885.SH,CN_A,2025-11-05,estimate_revision,revenue,2026.0,民生证券,2025-08-26,23702.0,24802.0,-1100.0,-4.43512619950004,down,,,,,sell_side_pdf_extracted,https://pdf.dfcfw.com/pdf/H3_AP202511051775455821_1.pdf,broker_report_vintage,Unified dated same-institution/same-fiscal-year estimate revision. The source feed is sparse and is not a complete consensus-vintage tape.,2026-08-07T15:33:02.185688+00:00
airline_consensus_events,Juneyao Airlines,603885.SH,CN_A,2025-11-05,estimate_revision,revenue,2027.0,民生证券,2025-08-26,25030.0,26726.0,-1696.0,-6.345880416074235,down,,,,,sell_side_pdf_extracted,https://pdf.dfcfw.com/pdf/H3_AP202511051775455821_1.pdf,broker_report_vintage,Unified dated same-institution/same-fiscal-year estimate revision. The source feed is sparse and is not a complete consensus-vintage tape.,2026-08-07T15:33:02.185688+00:00
airline_consensus_events,Juneyao Airlines,603885.SH,CN_A,2025-11-05,rating_event,rating,,民生证券,,,,,,maintain_or_new,买入,买入,,,cninfo_discovery,https://webapi.cninfo.com.cn/#/thematicStatistics?name=%E6%8A%95%E8%B5%84%E8%AF%84%E7%BA%A7,queried_public_report_dates,Unified dated Cninfo investment-rating event. This is queried-date coverage and does not imply a complete daily rating or estimate history.,2026-08-07T15:33:02.185688+00:00
airline_consensus_events,Air China,0753.HK / 601111.SH,CN_A,2025-12-03,rating_event,rating,,中银国际,,,,,,unknown,增持,不评级,,,cninfo_discovery,https://webapi.cninfo.com.cn/#/thematicStatistics?name=%E6%8A%95%E8%B5%84%E8%AF%84%E7%BA%A7,queried_public_report_dates,Unified dated Cninfo investment-rating event. This is queried-date coverage and does not imply a complete daily rating or estimate history.,2026-08-07T15:33:02.185688+00:00
airline_consensus_events,Spring Airlines,601021.SH,CN_A,2026-01-13,rating_event,rating,,申万宏源证券,,,,,,unknown,不评级,不评级,,,cninfo_discovery,https://webapi.cninfo.com.cn/#/thematicStatistics?name=%E6%8A%95%E8%B5%84%E8%AF%84%E7%BA%A7,queried_public_report_dates,Unified dated Cninfo investment-rating event. This is queried-date coverage and does not imply a complete daily rating or estimate history.,2026-08-07T15:33:02.185688+00:00
airline_consensus_events,Air China,0753.HK / 601111.SH,CN_A,2026-01-16,rating_event,rating,,华泰证券,,,,,,maintain_or_new,买入,买入,11.4,11.4,cninfo_discovery,https://webapi.cninfo.com.cn/#/thematicStatistics?name=%E6%8A%95%E8%B5%84%E8%AF%84%E7%BA%A7,queried_public_report_dates,Unified dated Cninfo investment-rating event. This is queried-date coverage and does not imply a complete daily rating or estimate history.,2026-08-07T15:33:02.185688+00:00
airline_consensus_events,China Eastern Airlines,0670.HK / 600115.SH,CN_A,2026-01-16,rating_event,rating,,华泰证券,,,,,,maintain_or_new,买入,买入,7.7,7.7,cninfo_discovery,https://webapi.cninfo.com.cn/#/thematicStatistics?name=%E6%8A%95%E8%B5%84%E8%AF%84%E7%BA%A7,queried_public_report_dates,Unified dated Cninfo investment-rating event. This is queried-date coverage and does not imply a complete daily rating or estimate history.,2026-08-07T15:33:02.185688+00:00
airline_consensus_events,China Southern Airlines,01055.HK / 600029.SH,CN_A,2026-01-16,rating_event,rating,,华泰证券,,,,,,maintain_or_new,买入,买入,9.8,9.8,cninfo_discovery,https://webapi.cninfo.com.cn/#/thematicStatistics?name=%E6%8A%95%E8%B5%84%E8%AF%84%E7%BA%A7,queried_public_report_dates,Unified dated Cninfo investment-rating event. This is queried-date coverage and does not imply a complete daily rating or estimate history.,2026-08-07T15:33:02.185688+00:00
airline_consensus_events,China Southern Airlines,01055.HK / 600029.SH,CN_A,2026-01-29,rating_event,rating,,华源证券,,,,,,unknown,买入,不评级,,,cninfo_discovery,https://webapi.cninfo.com.cn/#/thematicStatistics?name=%E6%8A%95%E8%B5%84%E8%AF%84%E7%BA%A7,queried_public_report_dates,Unified dated Cninfo investment-rating event. This is queried-date coverage and does not imply a complete daily rating or estimate history.,2026-08-07T15:33:02.185688+00:00
airline_consensus_events,China Southern Airlines,01055.HK / 600029.SH,CN_A,2026-02-03,rating_event,rating,,西部证券,,,,,,maintain_or_new,增持,增持,,,cninfo_discovery,https://webapi.cninfo.com.cn/#/thematicStatistics?name=%E6%8A%95%E8%B5%84%E8%AF%84%E7%BA%A7,queried_public_report_dates,Unified dated Cninfo investment-rating event. This is queried-date coverage and does not imply a complete daily rating or estimate history.,2026-08-07T15:33:02.185688+00:00
airline_consensus_events,China Southern Airlines,01055.HK / 600029.SH,CN_A,2026-02-06,estimate_revision,eps,2026.0,国信证券,2025-04-01,0.31,0.37,-0.06,-16.216216216216218,down,,,,,akshare_discovery,https://pdf.dfcfw.com/pdf/H3_AP202602061819805581_1.pdf,broker_report_vintage,Unified dated same-institution/same-fiscal-year estimate revision. The source feed is sparse and is not a complete consensus-vintage tape.,2026-08-07T15:33:02.185688+00:00
airline_consensus_events,China Southern Airlines,01055.HK / 600029.SH,CN_A,2026-02-06,estimate_revision,eps,2027.0,国信证券,2025-04-01,0.46,0.47,-0.0099999999999999,-2.1276595744680753,down,,,,,akshare_discovery,https://pdf.dfcfw.com/pdf/H3_AP202602061819805581_1.pdf,broker_report_vintage,Unified dated same-institution/same-fiscal-year estimate revision. The source feed is sparse and is not a complete consensus-vintage tape.,2026-08-07T15:33:02.185688+00:00
airline_consensus_events,China Southern Airlines,01055.HK / 600029.SH,CN_A,2026-02-06,estimate_revision,revenue,2026.0,国信证券,2025-04-01,182319.0,192445.0,-10126.0,-5.261763101145782,down,,,,,sell_side_pdf_extracted,https://pdf.dfcfw.com/pdf/H3_AP202602061819805581_1.pdf,broker_report_vintage,Unified dated same-institution/same-fiscal-year estimate revision. The source feed is sparse and is not a complete consensus-vintage tape.,2026-08-07T15:33:02.185688+00:00
airline_consensus_events,China Southern Airlines,01055.HK / 600029.SH,CN_A,2026-02-06,estimate_revision,revenue,2027.0,国信证券,2025-04-01,192946.0,204377.0,-11431.0,-5.593095113442315,down,,,,,sell_side_pdf_extracted,https://pdf.dfcfw.com/pdf/H3_AP202602061819805581_1.pdf,broker_report_vintage,Unified dated same-institution/same-fiscal-year estimate revision. The source feed is sparse and is not a complete consensus-vintage tape.,2026-08-07T15:33:02.185688+00:00
airline_consensus_events,China Southern Airlines,01055.HK / 600029.SH,CN_A,2026-02-06,rating_event,rating,,国信证券,,,,,,unknown,买入,不评级,,,cninfo_discovery,https://webapi.cninfo.com.cn/#/thematicStatistics?name=%E6%8A%95%E8%B5%84%E8%AF%84%E7%BA%A7,queried_public_report_dates,Unified dated Cninfo investment-rating event. This is queried-date coverage and does not imply a complete daily rating or estimate history.,2026-08-07T15:33:02.185688+00:00
airline_consensus_events,Spring Airlines,601021.SH,CN_A,2026-03-02,rating_event,rating,,国联民生证券,,,,,,unknown,增持,不评级,,,cninfo_discovery,https://webapi.cninfo.com.cn/#/thematicStatistics?name=%E6%8A%95%E8%B5%84%E8%AF%84%E7%BA%A7,queried_public_report_dates,Unified dated Cninfo investment-rating event. This is queried-date coverage and does not imply a complete daily rating or estimate history.,2026-08-07T15:33:02.185688+00:00
airline_consensus_events,Spring Airlines,601021.SH,CN_A,2026-03-04,rating_event,rating,,华泰证券,,,,,,maintain_or_new,买入,买入,75.5,75.5,cninfo_discovery,https://webapi.cninfo.com.cn/#/thematicStatistics?name=%E6%8A%95%E8%B5%84%E8%AF%84%E7%BA%A7,queried_public_report_dates,Unified dated Cninfo investment-rating event. This is queried-date coverage and does not imply a complete daily rating or estimate history.,2026-08-07T15:33:02.185688+00:00
airline_consensus_events,Juneyao Airlines,603885.SH,CN_A,2026-03-17,rating_event,rating,,西部证券,,,,,,maintain_or_new,增持,增持,,,cninfo_discovery,https://webapi.cninfo.com.cn/#/thematicStatistics?name=%E6%8A%95%E8%B5%84%E8%AF%84%E7%BA%A7,queried_public_report_dates,Unified dated Cninfo investment-rating event. This is queried-date coverage and does not imply a complete daily rating or estimate history.,2026-08-07T15:33:02.185688+00:00
airline_consensus_events,Juneyao Airlines,603885.SH,CN_A,2026-03-18,rating_event,rating,,国联民生证券,,,,,,unknown,增持,不评级,,,cninfo_discovery,https://webapi.cninfo.com.cn/#/thematicStatistics?name=%E6%8A%95%E8%B5%84%E8%AF%84%E7%BA%A7,queried_public_report_dates,Unified dated Cninfo investment-rating event. This is queried-date coverage and does not imply a complete daily rating or estimate history.,2026-08-07T15:33:02.185688+00:00
airline_consensus_events,Air China,0753.HK / 601111.SH,CN_A,2026-03-24,rating_event,rating,,长江证券,,,,,,unknown,不评级,不评级,,,cninfo_discovery,https://webapi.cninfo.com.cn/#/thematicStatistics?name=%E6%8A%95%E8%B5%84%E8%AF%84%E7%BA%A7,queried_public_report_dates,Unified dated Cninfo investment-rating event. This is queried-date coverage and does not imply a complete daily rating or estimate history.,2026-08-07T15:33:02.185688+00:00
airline_consensus_events,Spring Airlines,601021.SH,CN_A,2026-03-24,rating_event,rating,,长江证券,,,,,,unknown,不评级,不评级,,,cninfo_discovery,https://webapi.cninfo.com.cn/#/thematicStatistics?name=%E6%8A%95%E8%B5%84%E8%AF%84%E7%BA%A7,queried_public_report_dates,Unified dated Cninfo investment-rating event. This is queried-date coverage and does not imply a complete daily rating or estimate history.,2026-08-07T15:33:02.185688+00:00
airline_consensus_events,Air China,0753.HK / 601111.SH,CN_A,2026-03-27,rating_event,rating,,华泰证券,,,,,,maintain_or_new,买入,买入,8.0,8.0,cninfo_discovery,https://webapi.cninfo.com.cn/#/thematicStatistics?name=%E6%8A%95%E8%B5%84%E8%AF%84%E7%BA%A7,queried_public_report_dates,Unified dated Cninfo investment-rating event. This is queried-date coverage and does not imply a complete daily rating or estimate history.,2026-08-07T15:33:02.185688+00:00
airline_consensus_events,Air China,0753.HK / 601111.SH,CN_A,2026-03-30,rating_event,rating,,招商证券,,,,,,maintain_or_new,增持,增持,,,cninfo_discovery,https://webapi.cninfo.com.cn/#/thematicStatistics?name=%E6%8A%95%E8%B5%84%E8%AF%84%E7%BA%A7,queried_public_report_dates,Unified dated Cninfo investment-rating event. This is queried-date coverage and does not imply a complete daily rating or estimate history.,2026-08-07T15:33:02.185688+00:00
airline_consensus_events,Air China,0753.HK / 601111.SH,CN_A,2026-03-31,estimate_revision,eps,2026.0,东兴证券,2025-09-01,-0.06,0.36,-0.42,-116.66666666666669,down,,,,,akshare_discovery,https://pdf.dfcfw.com/pdf/H3_AP202603311820898473_1.pdf,broker_report_vintage,Unified dated same-institution/same-fiscal-year estimate revision. The source feed is sparse and is not a complete consensus-vintage tape.,2026-08-07T15:33:02.185688+00:00
airline_consensus_events,Air China,0753.HK / 601111.SH,CN_A,2026-03-31,estimate_revision,eps,2027.0,东兴证券,2025-09-01,0.14,0.45,-0.31,-68.88888888888889,down,,,,,akshare_discovery,https://pdf.dfcfw.com/pdf/H3_AP202603311820898473_1.pdf,broker_report_vintage,Unified dated same-institution/same-fiscal-year estimate revision. The source feed is sparse and is not a complete consensus-vintage tape.,2026-08-07T15:33:02.185688+00:00
airline_consensus_events,Air China,0753.HK / 601111.SH,CN_A,2026-03-31,estimate_revision,revenue,2026.0,东兴证券,2025-09-01,183012.4,187941.6,-4929.200000000012,-2.6227296138800624,down,,,,,sell_side_pdf_extracted,https://pdf.dfcfw.com/pdf/H3_AP202603311820898473_1.pdf,broker_report_vintage,Unified dated same-institution/same-fiscal-year estimate revision. The source feed is sparse and is not a complete consensus-vintage tape.,2026-08-07T15:33:02.185688+00:00
airline_consensus_events,Air China,0753.HK / 601111.SH,CN_A,2026-03-31,estimate_revision,revenue,2027.0,东兴证券,2025-09-01,190517.4,195272.2,-4754.8000000000175,-2.434960019910677,down,,,,,sell_side_pdf_extracted,https://pdf.dfcfw.com/pdf/H3_AP202603311820898473_1.pdf,broker_report_vintage,Unified dated same-institution/same-fiscal-year estimate revision. The source feed is sparse and is not a complete consensus-vintage tape.,2026-08-07T15:33:02.185688+00:00
airline_consensus_events,Air China,0753.HK / 601111.SH,CN_A,2026-03-31,rating_event,rating,,东兴证券,,,,,,unknown,增持,不评级,,,cninfo_discovery,https://webapi.cninfo.com.cn/#/thematicStatistics?name=%E6%8A%95%E8%B5%84%E8%AF%84%E7%BA%A7,queried_public_report_dates,Unified dated Cninfo investment-rating event. This is queried-date coverage and does not imply a complete daily rating or estimate history.,2026-08-07T15:33:02.185688+00:00
airline_consensus_events,Air China,0753.HK / 601111.SH,CN_A,2026-03-31,rating_event,rating,,华创证券,,,,,,maintain_or_new,增持,增持,10.32,10.32,cninfo_discovery,https://webapi.cninfo.com.cn/#/thematicStatistics?name=%E6%8A%95%E8%B5%84%E8%AF%84%E7%BA%A7,queried_public_report_dates,Unified dated Cninfo investment-rating event. This is queried-date coverage and does not imply a complete daily rating or estimate history.,2026-08-07T15:33:02.185688+00:00
airline_consensus_events,China Eastern Airlines,0670.HK / 600115.SH,CN_A,2026-03-31,rating_event,rating,,中泰证券,,,,,,unknown,增持,不评级,,,cninfo_discovery,https://webapi.cninfo.com.cn/#/thematicStatistics?name=%E6%8A%95%E8%B5%84%E8%AF%84%E7%BA%A7,queried_public_report_dates,Unified dated Cninfo investment-rating event. This is queried-date coverage and does not imply a complete daily rating or estimate history.,2026-08-07T15:33:02.185688+00:00
airline_consensus_events,China Eastern Airlines,0670.HK / 600115.SH,CN_A,2026-03-31,rating_event,rating,,华泰证券,,,,,,maintain_or_new,买入,买入,5.25,5.25,cninfo_discovery,https://webapi.cninfo.com.cn/#/thematicStatistics?name=%E6%8A%95%E8%B5%84%E8%AF%84%E7%BA%A7,queried_public_report_dates,Unified dated Cninfo investment-rating event. This is queried-date coverage and does not imply a complete daily rating or estimate history.,2026-08-07T15:33:02.185688+00:00
airline_consensus_events,China Southern Airlines,01055.HK / 600029.SH,CN_A,2026-03-31,rating_event,rating,,中泰证券,,,,,,unknown,增持,不评级,,,cninfo_discovery,https://webapi.cninfo.com.cn/#/thematicStatistics?name=%E6%8A%95%E8%B5%84%E8%AF%84%E7%BA%A7,queried_public_report_dates,Unified dated Cninfo investment-rating event. This is queried-date coverage and does not imply a complete daily rating or estimate history.,2026-08-07T15:33:02.185688+00:00
airline_consensus_events,China Southern Airlines,01055.HK / 600029.SH,CN_A,2026-03-31,rating_event,rating,,华泰证券,,,,,,maintain_or_new,买入,买入,6.95,6.95,cninfo_discovery,https://webapi.cninfo.com.cn/#/thematicStatistics?name=%E6%8A%95%E8%B5%84%E8%AF%84%E7%BA%A7,queried_public_report_dates,Unified dated Cninfo investment-rating event. This is queried-date coverage and does not imply a complete daily rating or estimate history.,2026-08-07T15:33:02.185688+00:00
airline_consensus_events,China Southern Airlines,01055.HK / 600029.SH,CN_A,2026-04-01,rating_event,rating,,华源证券,,,,,,maintain_or_new,买入,买入,,,cninfo_discovery,https://webapi.cninfo.com.cn/#/thematicStatistics?name=%E6%8A%95%E8%B5%84%E8%AF%84%E7%BA%A7,queried_public_report_dates,Unified dated Cninfo investment-rating event. This is queried-date coverage and does not imply a complete daily rating or estimate history.,2026-08-07T15:33:02.185688+00:00
airline_consensus_events,China Southern Airlines,01055.HK / 600029.SH,CN_A,2026-04-01,rating_event,rating,,申万宏源证券,,,,,,maintain_or_new,增持,增持,,,cninfo_discovery,https://webapi.cninfo.com.cn/#/thematicStatistics?name=%E6%8A%95%E8%B5%84%E8%AF%84%E7%BA%A7,queried_public_report_dates,Unified dated Cninfo investment-rating event. This is queried-date coverage and does not imply a complete daily rating or estimate history.,2026-08-07T15:33:02.185688+00:00
airline_consensus_events,China Eastern Airlines,0670.HK / 600115.SH,CN_A,2026-04-02,rating_event,rating,,国联民生证券,,,,,,unknown,增持,不评级,,,cninfo_discovery,https://webapi.cninfo.com.cn/#/thematicStatistics?name=%E6%8A%95%E8%B5%84%E8%AF%84%E7%BA%A7,queried_public_report_dates,Unified dated Cninfo investment-rating event. This is queried-date coverage and does not imply a complete daily rating or estimate history.,2026-08-07T15:33:02.185688+00:00
airline_consensus_events,China Southern Airlines,01055.HK / 600029.SH,CN_A,2026-04-02,rating_event,rating,,国联民生证券,,,,,,unknown,增持,不评级,,,cninfo_discovery,https://webapi.cninfo.com.cn/#/thematicStatistics?name=%E6%8A%95%E8%B5%84%E8%AF%84%E7%BA%A7,queried_public_report_dates,Unified dated Cninfo investment-rating event. This is queried-date coverage and does not imply a complete daily rating or estimate history.,2026-08-07T15:33:02.185688+00:00
airline_consensus_events,China Southern Airlines,01055.HK / 600029.SH,CN_A,2026-04-02,rating_event,rating,,招商证券,,,,,,unknown,增持,不评级,,,cninfo_discovery,https://webapi.cninfo.com.cn/#/thematicStatistics?name=%E6%8A%95%E8%B5%84%E8%AF%84%E7%BA%A7,queried_public_report_dates,Unified dated Cninfo investment-rating event. This is queried-date coverage and does not imply a complete daily rating or estimate history.,2026-08-07T15:33:02.185688+00:00
airline_consensus_events,China Southern Airlines,01055.HK / 600029.SH,CN_A,2026-04-03,rating_event,rating,,华创证券,,,,,,maintain_or_new,增持,增持,7.43,7.43,cninfo_discovery,https://webapi.cninfo.com.cn/#/thematicStatistics?name=%E6%8A%95%E8%B5%84%E8%AF%84%E7%BA%A7,queried_public_report_dates,Unified dated Cninfo investment-rating event. This is queried-date coverage and does not imply a complete daily rating or estimate history.,2026-08-07T15:33:02.185688+00:00
airline_consensus_events,China Southern Airlines,01055.HK / 600029.SH,CN_A,2026-04-09,rating_event,rating,,中信证券,,,,,,maintain_or_new,买入,买入,7.1,7.1,cninfo_discovery,https://webapi.cninfo.com.cn/#/thematicStatistics?name=%E6%8A%95%E8%B5%84%E8%AF%84%E7%BA%A7,queried_public_report_dates,Unified dated Cninfo investment-rating event. This is queried-date coverage and does not imply a complete daily rating or estimate history.,2026-08-07T15:33:02.185688+00:00
airline_consensus_events,Spring Airlines,601021.SH,CN_A,2026-04-13,rating_event,rating,,中金,,,,,,maintain_or_new,增持,增持,67.9,67.9,cninfo_discovery,https://webapi.cninfo.com.cn/#/thematicStatistics?name=%E6%8A%95%E8%B5%84%E8%AF%84%E7%BA%A7,queried_public_report_dates,Unified dated Cninfo investment-rating event. This is queried-date coverage and does not imply a complete daily rating or estimate history.,2026-08-07T15:33:02.185688+00:00
airline_consensus_events,Spring Airlines,601021.SH,CN_A,2026-04-13,rating_event,rating,,华创证券,,,,,,unknown,买入,不评级,68.5,68.5,cninfo_discovery,https://webapi.cninfo.com.cn/#/thematicStatistics?name=%E6%8A%95%E8%B5%84%E8%AF%84%E7%BA%A7,queried_public_report_dates,Unified dated Cninfo investment-rating event. This is queried-date coverage and does not imply a complete daily rating or estimate history.,2026-08-07T15:33:02.185688+00:00
airline_consensus_events,Air China,0753.HK / 601111.SH,CN_A,2026-04-14,rating_event,rating,,兴业证券,,,,,,maintain_or_new,增持,增持,,,cninfo_discovery,https://webapi.cninfo.com.cn/#/thematicStatistics?name=%E6%8A%95%E8%B5%84%E8%AF%84%E7%BA%A7,queried_public_report_dates,Unified dated Cninfo investment-rating event. This is queried-date coverage and does not imply a complete daily rating or estimate history.,2026-08-07T15:33:02.185688+00:00
airline_consensus_events,Spring Airlines,601021.SH,CN_A,2026-04-14,estimate_revision,eps,2026.0,国信证券,2025-05-13,1.83,3.21,-1.38,-42.99065420560748,down,,,,,akshare_discovery,https://pdf.dfcfw.com/pdf/H3_AP202604141821191452_1.pdf,broker_report_vintage,Unified dated same-institution/same-fiscal-year estimate revision. The source feed is sparse and is not a complete consensus-vintage tape.,2026-08-07T15:33:02.185688+00:00
airline_consensus_events,Spring Airlines,601021.SH,CN_A,2026-04-14,estimate_revision,eps,2027.0,国信证券,2025-05-13,2.75,3.85,-1.1,-28.571428571428573,down,,,,,akshare_discovery,https://pdf.dfcfw.com/pdf/H3_AP202604141821191452_1.pdf,broker_report_vintage,Unified dated same-institution/same-fiscal-year estimate revision. The source feed is sparse and is not a complete consensus-vintage tape.,2026-08-07T15:33:02.185688+00:00
airline_consensus_events,Spring Airlines,601021.SH,CN_A,2026-04-14,estimate_revision,revenue,2026.0,国信证券,2025-05-13,26152.0,24397.0,1755.0,7.193507398450629,up,,,,,sell_side_pdf_extracted,https://pdf.dfcfw.com/pdf/H3_AP202604141821191452_1.pdf,broker_report_vintage,Unified dated same-institution/same-fiscal-year estimate revision. The source feed is sparse and is not a complete consensus-vintage tape.,2026-08-07T15:33:02.185688+00:00
airline_consensus_events,Spring Airlines,601021.SH,CN_A,2026-04-14,estimate_revision,revenue,2027.0,国信证券,2025-05-13,28998.0,26519.0,2479.0,9.34801463101927,up,,,,,sell_side_pdf_extracted,https://pdf.dfcfw.com/pdf/H3_AP202604141821191452_1.pdf,broker_report_vintage,Unified dated same-institution/same-fiscal-year estimate revision. The source feed is sparse and is not a complete consensus-vintage tape.,2026-08-07T15:33:02.185688+00:00
airline_consensus_events,Spring Airlines,601021.SH,CN_A,2026-04-14,rating_event,rating,,中信证券,,,,,,maintain_or_new,买入,买入,61.0,61.0,cninfo_discovery,https://webapi.cninfo.com.cn/#/thematicStatistics?name=%E6%8A%95%E8%B5%84%E8%AF%84%E7%BA%A7,queried_public_report_dates,Unified dated Cninfo investment-rating event. This is queried-date coverage and does not imply a complete daily rating or estimate history.,2026-08-07T15:33:02.185688+00:00
airline_consensus_events,Spring Airlines,601021.SH,CN_A,2026-04-14,rating_event,rating,,国信证券,,,,,,unknown,买入,不评级,,,cninfo_discovery,https://webapi.cninfo.com.cn/#/thematicStatistics?name=%E6%8A%95%E8%B5%84%E8%AF%84%E7%BA%A7,queried_public_report_dates,Unified dated Cninfo investment-rating event. This is queried-date coverage and does not imply a complete daily rating or estimate history.,2026-08-07T15:33:02.185688+00:00
airline_consensus_events,Spring Airlines,601021.SH,CN_A,2026-04-14,rating_event,rating,,国联民生证券,,,,,,maintain_or_new,增持,增持,,,cninfo_discovery,https://webapi.cninfo.com.cn/#/thematicStatistics?name=%E6%8A%95%E8%B5%84%E8%AF%84%E7%BA%A7,queried_public_report_dates,Unified dated Cninfo investment-rating event. This is queried-date coverage and does not imply a complete daily rating or estimate history.,2026-08-07T15:33:02.185688+00:00
airline_consensus_events,Spring Airlines,601021.SH,CN_A,2026-04-16,rating_event,rating,,长江证券,,,,,,unknown,买入,不评级,,,cninfo_discovery,https://webapi.cninfo.com.cn/#/thematicStatistics?name=%E6%8A%95%E8%B5%84%E8%AF%84%E7%BA%A7,queried_public_report_dates,Unified dated Cninfo investment-rating event. This is queried-date coverage and does not imply a complete daily rating or estimate history.,2026-08-07T15:33:02.185688+00:00
airline_consensus_events,Spring Airlines,601021.SH,CN_A,2026-04-17,rating_event,rating,,国海证券,,,,,,unknown,买入,不评级,,,cninfo_discovery,https://webapi.cninfo.com.cn/#/thematicStatistics?name=%E6%8A%95%E8%B5%84%E8%AF%84%E7%BA%A7,queried_public_report_dates,Unified dated Cninfo investment-rating event. This is queried-date coverage and does not imply a complete daily rating or estimate history.,2026-08-07T15:33:02.185688+00:00
airline_consensus_events,Spring Airlines,601021.SH,CN_A,2026-04-22,rating_event,rating,,兴业证券,,,,,,unknown,买入,不评级,,,cninfo_discovery,https://webapi.cninfo.com.cn/#/thematicStatistics?name=%E6%8A%95%E8%B5%84%E8%AF%84%E7%BA%A7,queried_public_report_dates,Unified dated Cninfo investment-rating event. This is queried-date coverage and does not imply a complete daily rating or estimate history.,2026-08-07T15:33:02.185688+00:00
airline_consensus_events,Juneyao Airlines,603885.SH,CN_A,2026-04-23,rating_event,rating,,中金,,,,,,maintain_or_new,增持,增持,14.5,14.5,cninfo_discovery,https://webapi.cninfo.com.cn/#/thematicStatistics?name=%E6%8A%95%E8%B5%84%E8%AF%84%E7%BA%A7,queried_public_report_dates,Unified dated Cninfo investment-rating event. This is queried-date coverage and does not imply a complete daily rating or estimate history.,2026-08-07T15:33:02.185688+00:00
airline_consensus_events,Juneyao Airlines,603885.SH,CN_A,2026-04-23,rating_event,rating,,华泰证券,,,,,,maintain_or_new,买入,买入,15.65,15.65,cninfo_discovery,https://webapi.cninfo.com.cn/#/thematicStatistics?name=%E6%8A%95%E8%B5%84%E8%AF%84%E7%BA%A7,queried_public_report_dates,Unified dated Cninfo investment-rating event. This is queried-date coverage and does not imply a complete daily rating or estimate history.,2026-08-07T15:33:02.185688+00:00
airline_consensus_events,Juneyao Airlines,603885.SH,CN_A,2026-04-23,rating_event,rating,,国海证券,,,,,,unknown,增持,不评级,,,cninfo_discovery,https://webapi.cninfo.com.cn/#/thematicStatistics?name=%E6%8A%95%E8%B5%84%E8%AF%84%E7%BA%A7,queried_public_report_dates,Unified dated Cninfo investment-rating event. This is queried-date coverage and does not imply a complete daily rating or estimate history.,2026-08-07T15:33:02.185688+00:00
airline_consensus_events,Juneyao Airlines,603885.SH,CN_A,2026-04-24,rating_event,rating,,华创证券,,,,,,unknown,买入,不评级,16.7,16.7,cninfo_discovery,https://webapi.cninfo.com.cn/#/thematicStatistics?name=%E6%8A%95%E8%B5%84%E8%AF%84%E7%BA%A7,queried_public_report_dates,Unified dated Cninfo investment-rating event. This is queried-date coverage and does not imply a complete daily rating or estimate history.,2026-08-07T15:33:02.185688+00:00
airline_consensus_events,Juneyao Airlines,603885.SH,CN_A,2026-04-24,rating_event,rating,,广发证券,,,,,,maintain_or_new,增持,增持,14.17,14.17,cninfo_discovery,https://webapi.cninfo.com.cn/#/thematicStatistics?name=%E6%8A%95%E8%B5%84%E8%AF%84%E7%BA%A7,queried_public_report_dates,Unified dated Cninfo investment-rating event. This is queried-date coverage and does not imply a complete daily rating or estimate history.,2026-08-07T15:33:02.185688+00:00
airline_consensus_events,Juneyao Airlines,603885.SH,CN_A,2026-04-24,rating_event,rating,,申万宏源证券,,,,,,maintain_or_new,买入,买入,,,cninfo_discovery,https://webapi.cninfo.com.cn/#/thematicStatistics?name=%E6%8A%95%E8%B5%84%E8%AF%84%E7%BA%A7,queried_public_report_dates,Unified dated Cninfo investment-rating event. This is queried-date coverage and does not imply a complete daily rating or estimate history.,2026-08-07T15:33:02.185688+00:00
airline_consensus_events,Juneyao Airlines,603885.SH,CN_A,2026-04-27,rating_event,rating,,中信证券,,,,,,maintain_or_new,买入,买入,16.0,16.0,cninfo_discovery,https://webapi.cninfo.com.cn/#/thematicStatistics?name=%E6%8A%95%E8%B5%84%E8%AF%84%E7%BA%A7,queried_public_report_dates,Unified dated Cninfo investment-rating event. This is queried-date coverage and does not imply a complete daily rating or estimate history.,2026-08-07T15:33:02.185688+00:00
airline_consensus_events,Juneyao Airlines,603885.SH,CN_A,2026-04-27,rating_event,rating,,长江证券,,,,,,unknown,买入,不评级,,,cninfo_discovery,https://webapi.cninfo.com.cn/#/thematicStatistics?name=%E6%8A%95%E8%B5%84%E8%AF%84%E7%BA%A7,queried_public_report_dates,Unified dated Cninfo investment-rating event. This is queried-date coverage and does not imply a complete daily rating or estimate history.,2026-08-07T15:33:02.185688+00:00
airline_consensus_events,China Southern Airlines,01055.HK / 600029.SH,CN_A,2026-04-29,rating_event,rating,,兴业证券,,,,,,unknown,增持,不评级,,,cninfo_discovery,https://webapi.cninfo.com.cn/#/thematicStatistics?name=%E6%8A%95%E8%B5%84%E8%AF%84%E7%BA%A7,queried_public_report_dates,Unified dated Cninfo investment-rating event. This is queried-date coverage and does not imply a complete daily rating or estimate history.,2026-08-07T15:33:02.185688+00:00
airline_consensus_events,Air China,0753.HK / 601111.SH,CN_A,2026-04-30,rating_event,rating,,华泰证券,,,,,,maintain_or_new,买入,买入,8.85,8.85,cninfo_discovery,https://webapi.cninfo.com.cn/#/thematicStatistics?name=%E6%8A%95%E8%B5%84%E8%AF%84%E7%BA%A7,queried_public_report_dates,Unified dated Cninfo investment-rating event. This is queried-date coverage and does not imply a complete daily rating or estimate history.,2026-08-07T15:33:02.185688+00:00
airline_consensus_events,Air China,0753.HK / 601111.SH,CN_A,2026-04-30,rating_event,rating,,国金证券,,,,,,maintain_or_new,买入,买入,,,cninfo_discovery,https://webapi.cninfo.com.cn/#/thematicStatistics?name=%E6%8A%95%E8%B5%84%E8%AF%84%E7%BA%A7,queried_public_report_dates,Unified dated Cninfo investment-rating event. This is queried-date coverage and does not imply a complete daily rating or estimate history.,2026-08-07T15:33:02.185688+00:00
airline_consensus_events,China Eastern Airlines,0670.HK / 600115.SH,CN_A,2026-04-30,rating_event,rating,,中金,,,,,,maintain_or_new,增持,增持,5.9,5.9,cninfo_discovery,https://webapi.cninfo.com.cn/#/thematicStatistics?name=%E6%8A%95%E8%B5%84%E8%AF%84%E7%BA%A7,queried_public_report_dates,Unified dated Cninfo investment-rating event. This is queried-date coverage and does not imply a complete daily rating or estimate history.,2026-08-07T15:33:02.185688+00:00
airline_consensus_events,China Eastern Airlines,0670.HK / 600115.SH,CN_A,2026-04-30,rating_event,rating,,华泰证券,,,,,,maintain_or_new,买入,买入,5.9,5.9,cninfo_discovery,https://webapi.cninfo.com.cn/#/thematicStatistics?name=%E6%8A%95%E8%B5%84%E8%AF%84%E7%BA%A7,queried_public_report_dates,Unified dated Cninfo investment-rating event. This is queried-date coverage and does not imply a complete daily rating or estimate history.,2026-08-07T15:33:02.185688+00:00
airline_consensus_events,China Eastern Airlines,0670.HK / 600115.SH,CN_A,2026-04-30,rating_event,rating,,国信证券,,,,,,unknown,买入,不评级,,,cninfo_discovery,https://webapi.cninfo.com.cn/#/thematicStatistics?name=%E6%8A%95%E8%B5%84%E8%AF%84%E7%BA%A7,queried_public_report_dates,Unified dated Cninfo investment-rating event. This is queried-date coverage and does not imply a complete daily rating or estimate history.,2026-08-07T15:33:02.185688+00:00
airline_consensus_events,China Eastern Airlines,0670.HK / 600115.SH,CN_A,2026-04-30,rating_event,rating,,申万宏源证券,,,,,,maintain_or_new,增持,增持,,,cninfo_discovery,https://webapi.cninfo.com.cn/#/thematicStatistics?name=%E6%8A%95%E8%B5%84%E8%AF%84%E7%BA%A7,queried_public_report_dates,Unified dated Cninfo investment-rating event. This is queried-date coverage and does not imply a complete daily rating or estimate history.,2026-08-07T15:33:02.185688+00:00
airline_consensus_events,China Southern Airlines,01055.HK / 600029.SH,CN_A,2026-04-30,rating_event,rating,,国金证券,,,,,,unknown,买入,不评级,,,cninfo_discovery,https://webapi.cninfo.com.cn/#/thematicStatistics?name=%E6%8A%95%E8%B5%84%E8%AF%84%E7%BA%A7,queried_public_report_dates,Unified dated Cninfo investment-rating event. This is queried-date coverage and does not imply a complete daily rating or estimate history.,2026-08-07T15:33:02.185688+00:00
airline_consensus_events,Juneyao Airlines,603885.SH,CN_A,2026-04-30,estimate_revision,eps,2026.0,国金证券,2025-04-30,0.401,0.302,0.099,32.7814569536424,up,,,,,akshare_discovery,https://pdf.dfcfw.com/pdf/H3_AP202604301821834298_1.pdf,broker_report_vintage,Unified dated same-institution/same-fiscal-year estimate revision. The source feed is sparse and is not a complete consensus-vintage tape.,2026-08-07T15:33:02.185688+00:00
airline_consensus_events,Juneyao Airlines,603885.SH,CN_A,2026-04-30,estimate_revision,eps,2027.0,国金证券,2025-04-30,0.761,0.325,0.436,134.15384615384616,up,,,,,akshare_discovery,https://pdf.dfcfw.com/pdf/H3_AP202604301821834298_1.pdf,broker_report_vintage,Unified dated same-institution/same-fiscal-year estimate revision. The source feed is sparse and is not a complete consensus-vintage tape.,2026-08-07T15:33:02.185688+00:00
airline_consensus_events,Juneyao Airlines,603885.SH,CN_A,2026-04-30,rating_event,rating,,中金,,,,,,maintain_or_new,增持,增持,14.5,14.5,cninfo_discovery,https://webapi.cninfo.com.cn/#/thematicStatistics?name=%E6%8A%95%E8%B5%84%E8%AF%84%E7%BA%A7,queried_public_report_dates,Unified dated Cninfo investment-rating event. This is queried-date coverage and does not imply a complete daily rating or estimate history.,2026-08-07T15:33:02.185688+00:00
airline_consensus_events,Juneyao Airlines,603885.SH,CN_A,2026-04-30,rating_event,rating,,国金证券,,,,,,maintain_or_new,买入,买入,,,cninfo_discovery,https://webapi.cninfo.com.cn/#/thematicStatistics?name=%E6%8A%95%E8%B5%84%E8%AF%84%E7%BA%A7,queried_public_report_dates,Unified dated Cninfo investment-rating event. This is queried-date coverage and does not imply a complete daily rating or estimate history.,2026-08-07T15:33:02.185688+00:00
airline_consensus_events,Spring Airlines,601021.SH,CN_A,2026-04-30,estimate_revision,eps,2026.0,国金证券,2025-11-02,2.177,3.184,-1.007,-31.626884422110557,down,,,,,akshare_discovery,https://pdf.dfcfw.com/pdf/H3_AP202604301821850901_1.pdf,broker_report_vintage,Unified dated same-institution/same-fiscal-year estimate revision. The source feed is sparse and is not a complete consensus-vintage tape.,2026-08-07T15:33:02.185688+00:00
airline_consensus_events,Spring Airlines,601021.SH,CN_A,2026-04-30,estimate_revision,eps,2027.0,国金证券,2025-11-02,3.17,3.669,-0.4990000000000001,-13.600436086127011,down,,,,,akshare_discovery,https://pdf.dfcfw.com/pdf/H3_AP202604301821850901_1.pdf,broker_report_vintage,Unified dated same-institution/same-fiscal-year estimate revision. The source feed is sparse and is not a complete consensus-vintage tape.,2026-08-07T15:33:02.185688+00:00
airline_consensus_events,Spring Airlines,601021.SH,CN_A,2026-04-30,estimate_revision,revenue,2026.0,国金证券,2025-11-02,25104.0,24356.0,748.0,3.071111841024799,up,,,,,sell_side_pdf_extracted,https://pdf.dfcfw.com/pdf/H3_AP202604301821850901_1.pdf,broker_report_vintage,Unified dated same-institution/same-fiscal-year estimate revision. The source feed is sparse and is not a complete consensus-vintage tape.,2026-08-07T15:33:02.185688+00:00
airline_consensus_events,Spring Airlines,601021.SH,CN_A,2026-04-30,estimate_revision,revenue,2027.0,国金证券,2025-11-02,26844.0,26678.0,166.0,0.6222355498912961,up,,,,,sell_side_pdf_extracted,https://pdf.dfcfw.com/pdf/H3_AP202604301821850901_1.pdf,broker_report_vintage,Unified dated same-institution/same-fiscal-year estimate revision. The source feed is sparse and is not a complete consensus-vintage tape.,2026-08-07T15:33:02.185688+00:00
airline_consensus_events,Spring Airlines,601021.SH,CN_A,2026-04-30,rating_event,rating,,中金,,,,,,maintain_or_new,增持,增持,67.9,67.9,cninfo_discovery,https://webapi.cninfo.com.cn/#/thematicStatistics?name=%E6%8A%95%E8%B5%84%E8%AF%84%E7%BA%A7,queried_public_report_dates,Unified dated Cninfo investment-rating event. This is queried-date coverage and does not imply a complete daily rating or estimate history.,2026-08-07T15:33:02.185688+00:00
airline_consensus_events,Spring Airlines,601021.SH,CN_A,2026-04-30,rating_event,rating,,国金证券,,,,,,maintain_or_new,买入,买入,,,cninfo_discovery,https://webapi.cninfo.com.cn/#/thematicStatistics?name=%E6%8A%95%E8%B5%84%E8%AF%84%E7%BA%A7,queried_public_report_dates,Unified dated Cninfo investment-rating event. This is queried-date coverage and does not imply a complete daily rating or estimate history.,2026-08-07T15:33:02.185688+00:00
airline_consensus_events,Air China,0753.HK / 601111.SH,CN_A,2026-05-01,rating_event,rating,,国海证券,,,,,,unknown,买入,不评级,,,cninfo_discovery,https://webapi.cninfo.com.cn/#/thematicStatistics?name=%E6%8A%95%E8%B5%84%E8%AF%84%E7%BA%A7,queried_public_report_dates,Unified dated Cninfo investment-rating event. This is queried-date coverage and does not imply a complete daily rating or estimate history.,2026-08-07T15:33:02.185688+00:00
airline_consensus_events,China Eastern Airlines,0670.HK / 600115.SH,CN_A,2026-05-01,rating_event,rating,,国海证券,,,,,,unknown,买入,不评级,,,cninfo_discovery,https://webapi.cninfo.com.cn/#/thematicStatistics?name=%E6%8A%95%E8%B5%84%E8%AF%84%E7%BA%A7,queried_public_report_dates,Unified dated Cninfo investment-rating event. This is queried-date coverage and does not imply a complete daily rating or estimate history.,2026-08-07T15:33:02.185688+00:00
airline_consensus_events,China Southern Airlines,01055.HK / 600029.SH,CN_A,2026-05-01,rating_event,rating,,华泰证券,,,,,,maintain_or_new,买入,买入,7.8,7.8,cninfo_discovery,https://webapi.cninfo.com.cn/#/thematicStatistics?name=%E6%8A%95%E8%B5%84%E8%AF%84%E7%BA%A7,queried_public_report_dates,Unified dated Cninfo investment-rating event. This is queried-date coverage and does not imply a complete daily rating or estimate history.,2026-08-07T15:33:02.185688+00:00
airline_consensus_events,China Southern Airlines,01055.HK / 600029.SH,CN_A,2026-05-01,rating_event,rating,,国海证券,,,,,,unknown,买入,不评级,,,cninfo_discovery,https://webapi.cninfo.com.cn/#/thematicStatistics?name=%E6%8A%95%E8%B5%84%E8%AF%84%E7%BA%A7,queried_public_report_dates,Unified dated Cninfo investment-rating event. This is queried-date coverage and does not imply a complete daily rating or estimate history.,2026-08-07T15:33:02.185688+00:00
airline_consensus_events,Air China,0753.HK / 601111.SH,CN_A,2026-05-05,estimate_revision,eps,2026.0,国金证券,2025-11-02,-0.06,0.44,-0.5,-113.63636363636364,down,,,,,akshare_discovery,https://pdf.dfcfw.com/pdf/H3_AP202605051821967938_1.pdf,broker_report_vintage,Unified dated same-institution/same-fiscal-year estimate revision. The source feed is sparse and is not a complete consensus-vintage tape.,2026-08-07T15:33:02.185688+00:00
airline_consensus_events,Air China,0753.HK / 601111.SH,CN_A,2026-05-05,estimate_revision,eps,2027.0,国金证券,2025-11-02,0.236,0.66,-0.424,-64.24242424242425,down,,,,,akshare_discovery,https://pdf.dfcfw.com/pdf/H3_AP202605051821967938_1.pdf,broker_report_vintage,Unified dated same-institution/same-fiscal-year estimate revision. The source feed is sparse and is not a complete consensus-vintage tape.,2026-08-07T15:33:02.185688+00:00
airline_consensus_events,Air China,0753.HK / 601111.SH,CN_A,2026-05-05,estimate_revision,revenue,2026.0,国金证券,2025-11-02,198199.0,192022.0,6177.0,3.216818906167002,up,,,,,sell_side_pdf_extracted,https://pdf.dfcfw.com/pdf/H3_AP202605051821967938_1.pdf,broker_report_vintage,Unified dated same-institution/same-fiscal-year estimate revision. The source feed is sparse and is not a complete consensus-vintage tape.,2026-08-07T15:33:02.185688+00:00
airline_consensus_events,Air China,0753.HK / 601111.SH,CN_A,2026-05-05,estimate_revision,revenue,2027.0,国金证券,2025-11-02,209199.0,207108.0,2091.0,1.0096181702300249,up,,,,,sell_side_pdf_extracted,https://pdf.dfcfw.com/pdf/H3_AP202605051821967938_1.pdf,broker_report_vintage,Unified dated same-institution/same-fiscal-year estimate revision. The source feed is sparse and is not a complete consensus-vintage tape.,2026-08-07T15:33:02.185688+00:00
airline_consensus_events,China Eastern Airlines,0670.HK / 600115.SH,CN_A,2026-05-05,estimate_revision,eps,2026.0,国信证券,2025-09-05,0.04,0.16,-0.12,-75.0,down,,,,,akshare_discovery,https://pdf.dfcfw.com/pdf/H3_AP202605051821967069_1.pdf,broker_report_vintage,Unified dated same-institution/same-fiscal-year estimate revision. The source feed is sparse and is not a complete consensus-vintage tape.,2026-08-07T15:33:02.185688+00:00
airline_consensus_events,China Eastern Airlines,0670.HK / 600115.SH,CN_A,2026-05-05,estimate_revision,eps,2027.0,国信证券,2025-09-05,0.27,0.27,0.0,0.0,flat,,,,,akshare_discovery,https://pdf.dfcfw.com/pdf/H3_AP202605051821967069_1.pdf,broker_report_vintage,Unified dated same-institution/same-fiscal-year estimate revision. The source feed is sparse and is not a complete consensus-vintage tape.,2026-08-07T15:33:02.185688+00:00
airline_consensus_events,China Eastern Airlines,0670.HK / 600115.SH,CN_A,2026-05-05,estimate_revision,revenue,2026.0,国信证券,2025-09-05,159832.0,146401.0,13431.0,9.174117663130716,up,,,,,sell_side_pdf_extracted,https://pdf.dfcfw.com/pdf/H3_AP202605051821967069_1.pdf,broker_report_vintage,Unified dated same-institution/same-fiscal-year estimate revision. The source feed is sparse and is not a complete consensus-vintage tape.,2026-08-07T15:33:02.185688+00:00
airline_consensus_events,China Eastern Airlines,0670.HK / 600115.SH,CN_A,2026-05-05,estimate_revision,revenue,2027.0,国信证券,2025-09-05,162840.0,153237.0,9603.0,6.266763249084751,up,,,,,sell_side_pdf_extracted,https://pdf.dfcfw.com/pdf/H3_AP202605051821967069_1.pdf,broker_report_vintage,Unified dated same-institution/same-fiscal-year estimate revision. The source feed is sparse and is not a complete consensus-vintage tape.,2026-08-07T15:33:02.185688+00:00
airline_consensus_events,Juneyao Airlines,603885.SH,CN_A,2026-05-05,rating_event,rating,,中泰证券,,,,,,unknown,买入,不评级,,,cninfo_discovery,https://webapi.cninfo.com.cn/#/thematicStatistics?name=%E6%8A%95%E8%B5%84%E8%AF%84%E7%BA%A7,queried_public_report_dates,Unified dated Cninfo investment-rating event. This is queried-date coverage and does not imply a complete daily rating or estimate history.,2026-08-07T15:33:02.185688+00:00
airline_consensus_events,China Eastern Airlines,0670.HK / 600115.SH,CN_A,2026-05-06,rating_event,rating,,兴业证券,,,,,,maintain_or_new,增持,增持,,,cninfo_discovery,https://webapi.cninfo.com.cn/#/thematicStatistics?name=%E6%8A%95%E8%B5%84%E8%AF%84%E7%BA%A7,queried_public_report_dates,Unified dated Cninfo investment-rating event. This is queried-date coverage and does not imply a complete daily rating or estimate history.,2026-08-07T15:33:02.185688+00:00
airline_consensus_events,Juneyao Airlines,603885.SH,CN_A,2026-05-06,rating_event,rating,,长江证券,,,,,,maintain_or_new,买入,买入,,,cninfo_discovery,https://webapi.cninfo.com.cn/#/thematicStatistics?name=%E6%8A%95%E8%B5%84%E8%AF%84%E7%BA%A7,queried_public_report_dates,Unified dated Cninfo investment-rating event. This is queried-date coverage and does not imply a complete daily rating or estimate history.,2026-08-07T15:33:02.185688+00:00
airline_consensus_events,China Eastern Airlines,0670.HK / 600115.SH,CN_A,2026-05-07,rating_event,rating,,中信证券,,,,,,unknown,买入,不评级,6.0,6.0,cninfo_discovery,https://webapi.cninfo.com.cn/#/thematicStatistics?name=%E6%8A%95%E8%B5%84%E8%AF%84%E7%BA%A7,queried_public_report_dates,Unified dated Cninfo investment-rating event. This is queried-date coverage and does not imply a complete daily rating or estimate history.,2026-08-07T15:33:02.185688+00:00
airline_consensus_events,Juneyao Airlines,603885.SH,CN_A,2026-05-08,rating_event,rating,,招商证券,,,,,,unknown,增持,不评级,,,cninfo_discovery,https://webapi.cninfo.com.cn/#/thematicStatistics?name=%E6%8A%95%E8%B5%84%E8%AF%84%E7%BA%A7,queried_public_report_dates,Unified dated Cninfo investment-rating event. This is queried-date coverage and does not imply a complete daily rating or estimate history.,2026-08-07T15:33:02.185688+00:00
airline_consensus_events,Spring Airlines,601021.SH,CN_A,2026-05-12,rating_event,rating,,长江证券,,,,,,maintain_or_new,买入,买入,,,cninfo_discovery,https://webapi.cninfo.com.cn/#/thematicStatistics?name=%E6%8A%95%E8%B5%84%E8%AF%84%E7%BA%A7,queried_public_report_dates,Unified dated Cninfo investment-rating event. This is queried-date coverage and does not imply a complete daily rating or estimate history.,2026-08-07T15:33:02.185688+00:00
airline_consensus_events,Juneyao Airlines,603885.SH,CN_A,2026-05-18,rating_event,rating,,国泰海通,,,,,,maintain_or_new,买入,买入,21.81,21.81,cninfo_discovery,https://webapi.cninfo.com.cn/#/thematicStatistics?name=%E6%8A%95%E8%B5%84%E8%AF%84%E7%BA%A7,queried_public_report_dates,Unified dated Cninfo investment-rating event. This is queried-date coverage and does not imply a complete daily rating or estimate history.,2026-08-07T15:33:02.185688+00:00
airline_consensus_events,Juneyao Airlines,603885.SH,CN_A,2026-05-19,rating_event,rating,,国海证券,,,,,,maintain_or_new,不评级,增持,,,cninfo_discovery,https://webapi.cninfo.com.cn/#/thematicStatistics?name=%E6%8A%95%E8%B5%84%E8%AF%84%E7%BA%A7,queried_public_report_dates,Unified dated Cninfo investment-rating event. This is queried-date coverage and does not imply a complete daily rating or estimate history.,2026-08-07T15:33:02.185688+00:00
airline_consensus_events,Juneyao Airlines,603885.SH,CN_A,2026-05-25,rating_event,rating,,国泰海通,,,,,,maintain_or_new,买入,买入,,,cninfo_discovery,https://webapi.cninfo.com.cn/#/thematicStatistics?name=%E6%8A%95%E8%B5%84%E8%AF%84%E7%BA%A7,queried_public_report_dates,Unified dated Cninfo investment-rating event. This is queried-date coverage and does not imply a complete daily rating or estimate history.,2026-08-07T15:33:02.185688+00:00
airline_consensus_events,Spring Airlines,601021.SH,CN_A,2026-05-25,rating_event,rating,,国泰海通,,,,,,maintain_or_new,买入,买入,,,cninfo_discovery,https://webapi.cninfo.com.cn/#/thematicStatistics?name=%E6%8A%95%E8%B5%84%E8%AF%84%E7%BA%A7,queried_public_report_dates,Unified dated Cninfo investment-rating event. This is queried-date coverage and does not imply a complete daily rating or estimate history.,2026-08-07T15:33:02.185688+00:00
airline_consensus_events,Spring Airlines,601021.SH,CN_A,2026-05-29,rating_event,rating,,申万宏源证券,,,,,,maintain_or_new,不评级,增持,,,cninfo_discovery,https://webapi.cninfo.com.cn/#/thematicStatistics?name=%E6%8A%95%E8%B5%84%E8%AF%84%E7%BA%A7,queried_public_report_dates,Unified dated Cninfo investment-rating event. This is queried-date coverage and does not imply a complete daily rating or estimate history.,2026-08-07T15:33:02.185688+00:00
airline_consensus_events,Spring Airlines,601021.SH,CN_A,2026-06-16,rating_event,rating,,华创证券,,,,,,maintain_or_new,买入,买入,68.5,68.5,cninfo_discovery,https://webapi.cninfo.com.cn/#/thematicStatistics?name=%E6%8A%95%E8%B5%84%E8%AF%84%E7%BA%A7,queried_public_report_dates,Unified dated Cninfo investment-rating event. This is queried-date coverage and does not imply a complete daily rating or estimate history.,2026-08-07T15:33:02.185688+00:00
airline_consensus_events,Air China,0753.HK / 601111.SH,CN_A,2026-06-30,rating_event,rating,,长江证券,,,,,,unknown,不评级,不评级,,,cninfo_discovery,https://webapi.cninfo.com.cn/#/thematicStatistics?name=%E6%8A%95%E8%B5%84%E8%AF%84%E7%BA%A7,queried_public_report_dates,Unified dated Cninfo investment-rating event. This is queried-date coverage and does not imply a complete daily rating or estimate history.,2026-08-07T15:33:02.185688+00:00
airline_consensus_events,Juneyao Airlines,603885.SH,CN_A,2026-06-30,rating_event,rating,,长江证券,,,,,,maintain_or_new,不评级,买入,,,cninfo_discovery,https://webapi.cninfo.com.cn/#/thematicStatistics?name=%E6%8A%95%E8%B5%84%E8%AF%84%E7%BA%A7,queried_public_report_dates,Unified dated Cninfo investment-rating event. This is queried-date coverage and does not imply a complete daily rating or estimate history.,2026-08-07T15:33:02.185688+00:00
airline_consensus_events,Spring Airlines,601021.SH,CN_A,2026-06-30,rating_event,rating,,长江证券,,,,,,maintain_or_new,不评级,买入,,,cninfo_discovery,https://webapi.cninfo.com.cn/#/thematicStatistics?name=%E6%8A%95%E8%B5%84%E8%AF%84%E7%BA%A7,queried_public_report_dates,Unified dated Cninfo investment-rating event. This is queried-date coverage and does not imply a complete daily rating or estimate history.,2026-08-07T15:33:02.185688+00:00
airline_consensus_events,China Eastern Airlines,0670.HK / 600115.SH,CN_A,2026-07-02,rating_event,rating,,国泰海通,,,,,,unknown,买入,不评级,5.94,5.94,cninfo_discovery,https://webapi.cninfo.com.cn/#/thematicStatistics?name=%E6%8A%95%E8%B5%84%E8%AF%84%E7%BA%A7,queried_public_report_dates,Unified dated Cninfo investment-rating event. This is queried-date coverage and does not imply a complete daily rating or estimate history.,2026-08-07T15:33:02.185688+00:00
airline_consensus_events,China Southern Airlines,01055.HK / 600029.SH,CN_A,2026-07-02,rating_event,rating,,国泰海通,,,,,,unknown,买入,不评级,7.74,7.74,cninfo_discovery,https://webapi.cninfo.com.cn/#/thematicStatistics?name=%E6%8A%95%E8%B5%84%E8%AF%84%E7%BA%A7,queried_public_report_dates,Unified dated Cninfo investment-rating event. This is queried-date coverage and does not imply a complete daily rating or estimate history.,2026-08-07T15:33:02.185688+00:00
airline_consensus_events,Spring Airlines,601021.SH,CN_A,2026-07-02,rating_event,rating,,华泰证券,,,,,,maintain_or_new,买入,买入,69.65,69.65,cninfo_discovery,https://webapi.cninfo.com.cn/#/thematicStatistics?name=%E6%8A%95%E8%B5%84%E8%AF%84%E7%BA%A7,queried_public_report_dates,Unified dated Cninfo investment-rating event. This is queried-date coverage and does not imply a complete daily rating or estimate history.,2026-08-07T15:33:02.185688+00:00
airline_consensus_events,Air China,0753.HK / 601111.SH,CN_A,2026-07-03,rating_event,rating,,国泰海通,,,,,,unknown,买入,不评级,13.52,13.52,cninfo_discovery,https://webapi.cninfo.com.cn/#/thematicStatistics?name=%E6%8A%95%E8%B5%84%E8%AF%84%E7%BA%A7,queried_public_report_dates,Unified dated Cninfo investment-rating event. This is queried-date coverage and does not imply a complete daily rating or estimate history.,2026-08-07T15:33:02.185688+00:00
airline_consensus_events,China Southern Airlines,01055.HK / 600029.SH,CN_A,2026-07-06,rating_event,rating,,华源证券,,,,,,maintain_or_new,买入,买入,,,cninfo_discovery,https://webapi.cninfo.com.cn/#/thematicStatistics?name=%E6%8A%95%E8%B5%84%E8%AF%84%E7%BA%A7,queried_public_report_dates,Unified dated Cninfo investment-rating event. This is queried-date coverage and does not imply a complete daily rating or estimate history.,2026-08-07T15:33:02.185688+00:00
airline_consensus_events,Air China,0753.HK / 601111.SH,CN_A,2026-07-08,rating_event,rating,,华源证券,,,,,,unknown,买入,不评级,,,cninfo_discovery,https://webapi.cninfo.com.cn/#/thematicStatistics?name=%E6%8A%95%E8%B5%84%E8%AF%84%E7%BA%A7,queried_public_report_dates,Unified dated Cninfo investment-rating event. This is queried-date coverage and does not imply a complete daily rating or estimate history.,2026-08-07T15:33:02.185688+00:00
airline_consensus_events,Juneyao Airlines,603885.SH,CN_A,2026-07-13,rating_event,rating,,国泰海通,,,,,,maintain_or_new,买入,买入,21.81,21.81,cninfo_discovery,https://webapi.cninfo.com.cn/#/thematicStatistics?name=%E6%8A%95%E8%B5%84%E8%AF%84%E7%BA%A7,queried_public_report_dates,Unified dated Cninfo investment-rating event. This is queried-date coverage and does not imply a complete daily rating or estimate history.,2026-08-07T15:33:02.185688+00:00
airline_consensus_events,Air China,0753.HK / 601111.SH,CN_A,2026-07-15,rating_event,rating,,华泰证券,,,,,,maintain_or_new,买入,买入,8.85,8.85,cninfo_discovery,https://webapi.cninfo.com.cn/#/thematicStatistics?name=%E6%8A%95%E8%B5%84%E8%AF%84%E7%BA%A7,queried_public_report_dates,Unified dated Cninfo investment-rating event. This is queried-date coverage and does not imply a complete daily rating or estimate history.,2026-08-07T15:33:02.185688+00:00
airline_consensus_events,Air China,0753.HK / 601111.SH,CN_A,2026-07-21,rating_event,rating,,国泰海通,,,,,,maintain_or_new,买入,买入,,,cninfo_discovery,https://webapi.cninfo.com.cn/#/thematicStatistics?name=%E6%8A%95%E8%B5%84%E8%AF%84%E7%BA%A7,queried_public_report_dates,Unified dated Cninfo investment-rating event. This is queried-date coverage and does not imply a complete daily rating or estimate history.,2026-08-07T15:33:02.185688+00:00
airline_consensus_events,Air China,0753.HK / 601111.SH,CN_A,2026-07-21,rating_event,rating,,财通证券,,,,,,unknown,买入,不评级,,,cninfo_discovery,https://webapi.cninfo.com.cn/#/thematicStatistics?name=%E6%8A%95%E8%B5%84%E8%AF%84%E7%BA%A7,queried_public_report_dates,Unified dated Cninfo investment-rating event. This is queried-date coverage and does not imply a complete daily rating or estimate history.,2026-08-07T15:33:02.185688+00:00
airline_consensus_events,Juneyao Airlines,603885.SH,CN_A,2026-07-21,rating_event,rating,,国泰海通,,,,,,maintain_or_new,买入,买入,,,cninfo_discovery,https://webapi.cninfo.com.cn/#/thematicStatistics?name=%E6%8A%95%E8%B5%84%E8%AF%84%E7%BA%A7,queried_public_report_dates,Unified dated Cninfo investment-rating event. This is queried-date coverage and does not imply a complete daily rating or estimate history.,2026-08-07T15:33:02.185688+00:00
airline_consensus_events,Spring Airlines,601021.SH,CN_A,2026-07-21,rating_event,rating,,国泰海通,,,,,,maintain_or_new,买入,买入,,,cninfo_discovery,https://webapi.cninfo.com.cn/#/thematicStatistics?name=%E6%8A%95%E8%B5%84%E8%AF%84%E7%BA%A7,queried_public_report_dates,Unified dated Cninfo investment-rating event. This is queried-date coverage and does not imply a complete daily rating or estimate history.,2026-08-07T15:33:02.185688+00:00
airline_consensus_events,China Eastern Airlines,0670.HK / 600115.SH,CN_A,2026-08-03,rating_event,rating,,财通证券,,,,,,unknown,买入,不评级,,,cninfo_discovery,https://webapi.cninfo.com.cn/#/thematicStatistics?name=%E6%8A%95%E8%B5%84%E8%AF%84%E7%BA%A7,queried_public_report_dates,Unified dated Cninfo investment-rating event. This is queried-date coverage and does not imply a complete daily rating or estimate history.,2026-08-07T15:33:02.185688+00:00
