dataset_id,company,month,rpk_growth_pct,ask_growth_pct,rpk_minus_ask_gap_pp,load_factor_change_pp,intl_mix_change_pp,industry_ask_growth_pct,yield_pressure_score,yield_pressure_label,validation_status,component_z_rpk_ask_gap,component_z_lf_change,component_z_intl_mix,component_z_industry_ask,validation_year,validation_revenue_per_rpk_growth_pct,validation_direction_consistent,source_note,retrieved_at
airline_yield_pressure_index,Air China,2017-01,10.919760257696588,7.881437320584195,3.038322937112393,2.239142331603688,-1.138247349117421,,-0.03375383498662305,neutral,validation_limited_positive_2025_only_weak_history,-0.26555204057794246,0.25075792389537505,0.02266686563298224,-0.32932674483557084,2017,0.7777719564762151,False,"Synthetic yield-pressure index from operating data; economic-prior weights (gap 0.5 / LF 0.25 / mix 0.15 / industry -0.10), z-scored per company.  Positive = upward fare pressure.  Not a realized-yield forecast.",2026-08-10T13:36:52.969697+00:00
airline_yield_pressure_index,Air China,2017-02,3.598101370863338,1.0105975002430823,2.5875038706202558,2.084223997512865,0.3072163658809117,,-0.02927954670825751,neutral,validation_limited_positive_2025_only_weak_history,-0.2586940829825218,0.26416936960477067,0.007283185988357521,-0.32932674483557084,2017,0.7777719564762151,False,"Synthetic yield-pressure index from operating data; economic-prior weights (gap 0.5 / LF 0.25 / mix 0.15 / industry -0.10), z-scored per company.  Positive = upward fare pressure.  Not a realized-yield forecast.",2026-08-10T13:36:52.969697+00:00
airline_yield_pressure_index,Air China,2017-03,8.754489008222865,5.458015669650873,3.2964733385719924,2.455239606504236,-0.9785910680310934,,-0.05597700793348621,neutral,validation_limited_positive_2025_only_weak_history,-0.2915633102251595,0.18734165631138283,0.06691039078460508,-0.32932674483557084,2017,0.7777719564762151,False,"Synthetic yield-pressure index from operating data; economic-prior weights (gap 0.5 / LF 0.25 / mix 0.15 / industry -0.10), z-scored per company.  Positive = upward fare pressure.  Not a realized-yield forecast.",2026-08-10T13:36:52.969697+00:00
airline_yield_pressure_index,Air China,2017-04,4.534620387304633,3.8139322792394292,0.7206881080652039,0.5574988573694952,1.0442358724611651,,-0.07644213703020256,neutral,validation_limited_positive_2025_only_weak_history,-0.3122771314158924,0.12997687803688865,0.09513023123309605,-0.32932674483557084,2017,0.7777719564762151,False,"Synthetic yield-pressure index from operating data; economic-prior weights (gap 0.5 / LF 0.25 / mix 0.15 / industry -0.10), z-scored per company.  Positive = upward fare pressure.  Not a realized-yield forecast.",2026-08-10T13:36:52.969697+00:00
airline_yield_pressure_index,Air China,2017-05,7.070848595237633,5.943892399800443,1.1269561954371898,0.8285949946319846,1.340122880699333,,-0.13003372326900334,neutral,validation_limited_positive_2025_only_weak_history,-0.373091747284072,-0.01722906310971652,0.18591161111269813,-0.32932674483557084,2017,0.7777719564762151,False,"Synthetic yield-pressure index from operating data; economic-prior weights (gap 0.5 / LF 0.25 / mix 0.15 / industry -0.10), z-scored per company.  Positive = upward fare pressure.  Not a realized-yield forecast.",2026-08-10T13:36:52.969697+00:00
airline_yield_pressure_index,Air China,2017-06,4.273397885247832,5.2650105065545905,-0.9916126213067589,-0.7668777738785622,2.3442015917290036,,-0.1609652709547348,neutral,validation_limited_positive_2025_only_weak_history,-0.40049147519808204,-0.08676047079894546,0.18691939906990324,-0.32932674483557084,2017,0.7777719564762151,False,"Synthetic yield-pressure index from operating data; economic-prior weights (gap 0.5 / LF 0.25 / mix 0.15 / industry -0.10), z-scored per company.  Positive = upward fare pressure.  Not a realized-yield forecast.",2026-08-10T13:36:52.969697+00:00
airline_yield_pressure_index,Air China,2017-07,2.9113035061938186,4.122591566937084,-1.2112880607432652,-0.9644394248281145,1.0811230670735057,,-0.22135513730323542,neutral,validation_limited_positive_2025_only_weak_history,-0.4463439434780317,-0.20252503699320218,0.13010279467015945,-0.32932674483557084,2017,0.7777719564762151,False,"Synthetic yield-pressure index from operating data; economic-prior weights (gap 0.5 / LF 0.25 / mix 0.15 / industry -0.10), z-scored per company.  Positive = upward fare pressure.  Not a realized-yield forecast.",2026-08-10T13:36:52.969697+00:00
airline_yield_pressure_index,Air China,2017-08,2.414239188407108,4.5203762658638125,-2.1061370774567045,-1.7053178207176671,-0.7394863552733142,,-0.24232987084470325,neutral,validation_limited_positive_2025_only_weak_history,-0.456151302739918,-0.22527731077438093,0.060882891568625905,-0.32932674483557084,2017,0.7777719564762151,False,"Synthetic yield-pressure index from operating data; economic-prior weights (gap 0.5 / LF 0.25 / mix 0.15 / industry -0.10), z-scored per company.  Positive = upward fare pressure.  Not a realized-yield forecast.",2026-08-10T13:36:52.969697+00:00
airline_yield_pressure_index,Air China,2017-09,6.258804084469127,7.941941250558648,-1.6831371660895211,-1.2648909398047437,-0.18939490394136982,,-0.23305365558175234,neutral,validation_limited_positive_2025_only_weak_history,-0.4474923433932869,-0.20178015188605053,0.05469919735231091,-0.32932674483557084,2017,0.7777719564762151,False,"Synthetic yield-pressure index from operating data; economic-prior weights (gap 0.5 / LF 0.25 / mix 0.15 / industry -0.10), z-scored per company.  Positive = upward fare pressure.  Not a realized-yield forecast.",2026-08-10T13:36:52.969697+00:00
airline_yield_pressure_index,Air China,2017-10,8.07193184378634,8.672669932760769,-0.6007380889744294,-0.4501218405377898,0.8547866335513135,,-0.15438682201018378,neutral,validation_limited_positive_2025_only_weak_history,-0.38309762973626876,-0.04459085586543487,0.10251354893834831,-0.32932674483557084,2017,0.7777719564762151,False,"Synthetic yield-pressure index from operating data; economic-prior weights (gap 0.5 / LF 0.25 / mix 0.15 / industry -0.10), z-scored per company.  Positive = upward fare pressure.  Not a realized-yield forecast.",2026-08-10T13:36:52.969697+00:00
airline_yield_pressure_index,Air China,2017-11,14.214269021466963,11.779884653855177,2.434384367611786,1.7353202321564822,1.0106211743983309,,-0.10114168453503514,neutral,validation_limited_positive_2025_only_weak_history,-0.34222329671826085,0.0529682746112832,0.15863480458478285,-0.32932674483557084,2017,0.7777719564762151,False,"Synthetic yield-pressure index from operating data; economic-prior weights (gap 0.5 / LF 0.25 / mix 0.15 / industry -0.10), z-scored per company.  Positive = upward fare pressure.  Not a realized-yield forecast.",2026-08-10T13:36:52.969697+00:00
airline_yield_pressure_index,Air China,2017-12,10.62279700935056,9.42385309950522,1.1989439098453403,0.8705321788247034,1.864763080502236,,-0.14579759365810818,neutral,validation_limited_positive_2025_only_weak_history,-0.38517200694507064,-0.05244534692631766,0.17978048041632988,-0.32932674483557084,2017,0.7777719564762151,False,"Synthetic yield-pressure index from operating data; economic-prior weights (gap 0.5 / LF 0.25 / mix 0.15 / industry -0.10), z-scored per company.  Positive = upward fare pressure.  Not a realized-yield forecast.",2026-08-10T13:36:52.969697+00:00
airline_yield_pressure_index,Air China,2018-01,3.9538440481078574,7.582929166646402,-3.629085118538544,-2.757467994095066,1.6287635937155684,,-0.20108514980822592,neutral,validation_limited_positive_2025_only_weak_history,-0.43543614695533855,-0.16958049354738347,0.17396915048488118,-0.32932674483557084,2018,2.7884083676209883,False,"Synthetic yield-pressure index from operating data; economic-prior weights (gap 0.5 / LF 0.25 / mix 0.15 / industry -0.10), z-scored per company.  Positive = upward fare pressure.  Not a realized-yield forecast.",2026-08-10T13:36:52.969697+00:00
airline_yield_pressure_index,Air China,2018-02,10.6564993111403,11.766278628301308,-1.1097793171610082,-0.8285925341464804,0.7979140700860654,,-0.1991751333786644,neutral,validation_limited_positive_2025_only_weak_history,-0.43698351763513266,-0.17383240728456784,0.198947018509912,-0.32932674483557084,2018,2.7884083676209883,False,"Synthetic yield-pressure index from operating data; economic-prior weights (gap 0.5 / LF 0.25 / mix 0.15 / industry -0.10), z-scored per company.  Positive = upward fare pressure.  Not a realized-yield forecast.",2026-08-10T13:36:52.969697+00:00
airline_yield_pressure_index,Air China,2018-03,14.6361184320164,13.546280834724866,1.0898375972915328,0.7774641610140236,2.7790064709431164,,-0.12360087978714007,neutral,validation_limited_positive_2025_only_weak_history,-0.37270799310976255,-0.01891365270491533,0.23032570306941974,-0.32932674483557084,2018,2.7884083676209883,False,"Synthetic yield-pressure index from operating data; economic-prior weights (gap 0.5 / LF 0.25 / mix 0.15 / industry -0.10), z-scored per company.  Positive = upward fare pressure.  Not a realized-yield forecast.",2026-08-10T13:36:52.969697+00:00
airline_yield_pressure_index,Air China,2018-04,16.17748302542239,15.27445081745331,0.9030322079690798,0.6334713103262573,2.777290558887721,,-0.11973092870187715,neutral,validation_limited_positive_2025_only_weak_history,-0.3712185262745001,-0.013158452292494818,0.24156848683293003,-0.32932674483557084,2018,2.7884083676209883,False,"Synthetic yield-pressure index from operating data; economic-prior weights (gap 0.5 / LF 0.25 / mix 0.15 / industry -0.10), z-scored per company.  Positive = upward fare pressure.  Not a realized-yield forecast.",2026-08-10T13:36:52.969697+00:00
airline_yield_pressure_index,Air China,2018-05,11.571463288488971,12.576219138300647,-1.0047558498116764,-0.7026198245397524,1.209424001023521,,-0.1600196696132561,neutral,validation_limited_positive_2025_only_weak_history,-0.39719717857634396,-0.07265039410305268,0.1587256247808133,-0.32932674483557084,2018,2.7884083676209883,False,"Synthetic yield-pressure index from operating data; economic-prior weights (gap 0.5 / LF 0.25 / mix 0.15 / industry -0.10), z-scored per company.  Positive = upward fare pressure.  Not a realized-yield forecast.",2026-08-10T13:36:52.969697+00:00
airline_yield_pressure_index,Air China,2018-06,13.281186190431328,14.02312361303919,-0.7419374226078617,-0.5247252629142736,-0.2532194580454643,,-0.20988578819505824,neutral,validation_limited_positive_2025_only_weak_history,-0.43721256629042365,-0.1657392319321102,0.11481752299749375,-0.32932674483557084,2018,2.7884083676209883,False,"Synthetic yield-pressure index from operating data; economic-prior weights (gap 0.5 / LF 0.25 / mix 0.15 / industry -0.10), z-scored per company.  Positive = upward fare pressure.  Not a realized-yield forecast.",2026-08-10T13:36:52.969697+00:00
airline_yield_pressure_index,Air China,2018-07,10.038078634674497,11.956562599853381,-1.9184839651788845,-1.4041038035064304,1.1701601263793293,,-0.1684856738476386,neutral,validation_limited_positive_2025_only_weak_history,-0.4010962406335354,-0.08032249739282639,0.1280693088918573,-0.32932674483557084,2018,2.7884083676209883,False,"Synthetic yield-pressure index from operating data; economic-prior weights (gap 0.5 / LF 0.25 / mix 0.15 / industry -0.10), z-scored per company.  Positive = upward fare pressure.  Not a realized-yield forecast.",2026-08-10T13:36:52.969697+00:00
airline_yield_pressure_index,Air China,2018-08,11.09799945706673,9.556165038062048,1.541834419004683,1.1670244492635078,1.694467706647977,,-0.13923921988522575,neutral,validation_limited_positive_2025_only_weak_history,-0.3822723192200789,-0.03625913733829939,0.18686033050554332,-0.32932674483557084,2018,2.7884083676209883,False,"Synthetic yield-pressure index from operating data; economic-prior weights (gap 0.5 / LF 0.25 / mix 0.15 / industry -0.10), z-scored per company.  Positive = upward fare pressure.  Not a realized-yield forecast.",2026-08-10T13:36:52.969697+00:00
airline_yield_pressure_index,Air China,2018-09,6.878225825457784,6.292873879045091,0.5853519464126933,0.43975563482584334,1.8986576706877045,,-0.11290712720298343,neutral,validation_limited_positive_2025_only_weak_history,-0.354836571579915,0.0284391896984915,0.16312457785862752,-0.32932674483557084,2018,2.7884083676209883,False,"Synthetic yield-pressure index from operating data; economic-prior weights (gap 0.5 / LF 0.25 / mix 0.15 / industry -0.10), z-scored per company.  Positive = upward fare pressure.  Not a realized-yield forecast.",2026-08-10T13:36:52.969697+00:00
airline_yield_pressure_index,Air China,2018-10,7.7907880946209485,7.77475611202878,0.016031982592168426,0.012045588312744826,0.3013808153173869,,-0.1761608792396524,neutral,validation_limited_positive_2025_only_weak_history,-0.41061143703215,-0.10769921870003288,0.15424646311915818,-0.32932674483557084,2018,2.7884083676209883,False,"Synthetic yield-pressure index from operating data; economic-prior weights (gap 0.5 / LF 0.25 / mix 0.15 / industry -0.10), z-scored per company.  Positive = upward fare pressure.  Not a realized-yield forecast.",2026-08-10T13:36:52.969697+00:00
airline_yield_pressure_index,Air China,2018-11,4.986173875933209,7.377068687320598,-2.3908948113873896,-1.8128412302179555,1.3695097193609271,,-0.23062891446308348,neutral,validation_limited_positive_2025_only_weak_history,-0.4516910652000298,-0.20626903654951495,0.09234135193835384,-0.32932674483557084,2018,2.7884083676209883,False,"Synthetic yield-pressure index from operating data; economic-prior weights (gap 0.5 / LF 0.25 / mix 0.15 / industry -0.10), z-scored per company.  Positive = upward fare pressure.  Not a realized-yield forecast.",2026-08-10T13:36:52.969697+00:00
airline_yield_pressure_index,Air China,2018-12,5.757252744086894,8.06845739462041,-2.311204650533516,-1.7177899153070513,-0.36720179637497097,,-0.21084773583188426,neutral,validation_limited_positive_2025_only_weak_history,-0.43408285112889056,-0.16445152176471028,0.09582597126787672,-0.32932674483557084,2018,2.7884083676209883,False,"Synthetic yield-pressure index from operating data; economic-prior weights (gap 0.5 / LF 0.25 / mix 0.15 / industry -0.10), z-scored per company.  Positive = upward fare pressure.  Not a realized-yield forecast.",2026-08-10T13:36:52.969697+00:00
airline_yield_pressure_index,Air China,2019-01,8.371163765220423,7.113562885758862,1.2576008794615614,0.9273682997673234,0.4289253354111864,,-0.14644588582538626,neutral,validation_limited_positive_2025_only_weak_history,-0.37474503652052776,-0.018080652135003667,0.08342747323380968,-0.32932674483557084,2019,-5.65890483507998,True,"Synthetic yield-pressure index from operating data; economic-prior weights (gap 0.5 / LF 0.25 / mix 0.15 / industry -0.10), z-scored per company.  Positive = upward fare pressure.  Not a realized-yield forecast.",2026-08-10T13:36:52.969697+00:00
airline_yield_pressure_index,Air China,2019-02,8.293134898804166,6.5000741580667265,1.793060740737439,1.3909976864866564,0.9156981743691475,,-0.12537189956553355,neutral,validation_limited_positive_2025_only_weak_history,-0.3618310269003126,0.01024160391696442,0.1336702561454972,-0.32932674483557084,2019,-5.65890483507998,True,"Synthetic yield-pressure index from operating data; economic-prior weights (gap 0.5 / LF 0.25 / mix 0.15 / industry -0.10), z-scored per company.  Positive = upward fare pressure.  Not a realized-yield forecast.",2026-08-10T13:36:52.969697+00:00
airline_yield_pressure_index,Air China,2019-03,2.931136596134176,4.331764363995005,-1.4006277678608292,-1.0978581872403623,1.4717915135558357,,-0.1509157994958409,neutral,validation_limited_positive_2025_only_weak_history,-0.389371234067978,-0.056344291494727125,0.16615477285515193,-0.32932674483557084,2019,-5.65890483507998,True,"Synthetic yield-pressure index from operating data; economic-prior weights (gap 0.5 / LF 0.25 / mix 0.15 / industry -0.10), z-scored per company.  Positive = upward fare pressure.  Not a realized-yield forecast.",2026-08-10T13:36:52.969697+00:00
airline_yield_pressure_index,Air China,2019-04,4.517826658982926,5.202107249985599,-0.6842805910026728,-0.5300971341901999,1.6179281223466617,,-0.13406432199694476,neutral,validation_limited_positive_2025_only_weak_history,-0.3746940930145355,-0.024365030904545767,0.17627538501934892,-0.32932674483557084,2019,-5.65890483507998,True,"Synthetic yield-pressure index from operating data; economic-prior weights (gap 0.5 / LF 0.25 / mix 0.15 / industry -0.10), z-scored per company.  Positive = upward fare pressure.  Not a realized-yield forecast.",2026-08-10T13:36:52.969697+00:00
airline_yield_pressure_index,Air China,2019-05,8.348459377495821,5.520501982657211,2.8279573948386103,2.090975761806277,1.28613422475825,,-0.10364984831181626,neutral,validation_limited_positive_2025_only_weak_history,-0.3467630546947201,0.04577313389702286,0.16903814051820662,-0.32932674483557084,2019,-5.65890483507998,True,"Synthetic yield-pressure index from operating data; economic-prior weights (gap 0.5 / LF 0.25 / mix 0.15 / industry -0.10), z-scored per company.  Positive = upward fare pressure.  Not a realized-yield forecast.",2026-08-10T13:36:52.969697+00:00
airline_yield_pressure_index,Air China,2019-06,4.764730677078699,4.1959191653484496,0.5688115117302495,0.43736109857783845,1.2068928863574158,,-0.09240284800201495,neutral,validation_limited_positive_2025_only_weak_history,-0.32589244045919846,0.09741666297615174,0.08837687999992846,-0.32932674483557084,2019,-5.65890483507998,True,"Synthetic yield-pressure index from operating data; economic-prior weights (gap 0.5 / LF 0.25 / mix 0.15 / industry -0.10), z-scored per company.  Positive = upward fare pressure.  Not a realized-yield forecast.",2026-08-10T13:36:52.969697+00:00
airline_yield_pressure_index,Air China,2019-07,6.412341046487402,5.625018362524514,0.7873226839628877,0.600302300330199,-1.3344465246634556,,-0.13551876279526956,neutral,validation_limited_positive_2025_only_weak_history,-0.35706904892853664,0.024802102737705403,0.02588374334010219,-0.32932674483557084,2019,-5.65890483507998,True,"Synthetic yield-pressure index from operating data; economic-prior weights (gap 0.5 / LF 0.25 / mix 0.15 / industry -0.10), z-scored per company.  Positive = upward fare pressure.  Not a realized-yield forecast.",2026-08-10T13:36:52.969697+00:00
airline_yield_pressure_index,Air China,2019-08,6.200974403215431,5.571303968600083,0.6296704346153481,0.5015518921532589,-1.001248232459865,,-0.14952419837050585,neutral,validation_limited_positive_2025_only_weak_history,-0.35990001418752615,0.01774030445587323,-0.04627961249512105,-0.32932674483557084,2019,-5.65890483507998,True,"Synthetic yield-pressure index from operating data; economic-prior weights (gap 0.5 / LF 0.25 / mix 0.15 / industry -0.10), z-scored per company.  Positive = upward fare pressure.  Not a realized-yield forecast.",2026-08-10T13:36:52.969697+00:00
airline_yield_pressure_index,Air China,2019-09,5.197962491317454,4.8287645462714135,0.3691979450460403,0.2827889202851992,-1.4344402745941665,,-0.14404550228564222,neutral,validation_limited_positive_2025_only_weak_history,-0.3592511716847928,0.020522940713883674,-0.016555507368492258,-0.32932674483557084,2019,-5.65890483507998,True,"Synthetic yield-pressure index from operating data; economic-prior weights (gap 0.5 / LF 0.25 / mix 0.15 / industry -0.10), z-scored per company.  Positive = upward fare pressure.  Not a realized-yield forecast.",2026-08-10T13:36:52.969697+00:00
airline_yield_pressure_index,Air China,2019-10,2.8720490140727195,2.038975939575849,0.8330730744968706,0.6612100366646274,-0.24648070542069433,,-0.15201861374376532,neutral,validation_limited_positive_2025_only_weak_history,-0.3697444592341101,-0.006245780324277852,0.009882576472013963,-0.32932674483557084,2019,-5.65890483507998,True,"Synthetic yield-pressure index from operating data; economic-prior weights (gap 0.5 / LF 0.25 / mix 0.15 / industry -0.10), z-scored per company.  Positive = upward fare pressure.  Not a realized-yield forecast.",2026-08-10T13:36:52.969697+00:00
airline_yield_pressure_index,Air China,2019-11,3.875666826296631,3.985886274579342,-0.11021944828271124,-0.08437528331161559,-0.03355782017637665,,-0.1457784121395111,neutral,validation_limited_positive_2025_only_weak_history,-0.36886048988619885,-0.004350489697029889,0.045378538295258126,-0.32932674483557084,2019,-5.65890483507998,True,"Synthetic yield-pressure index from operating data; economic-prior weights (gap 0.5 / LF 0.25 / mix 0.15 / industry -0.10), z-scored per company.  Positive = upward fare pressure.  Not a realized-yield forecast.",2026-08-10T13:36:52.969697+00:00
airline_yield_pressure_index,Air China,2019-12,5.03304330770864,4.601515995032335,0.4315273126763053,0.3242739909512693,-0.13521215585632973,,-0.2307795889561972,neutral,validation_limited_positive_2025_only_weak_history,-0.44251527048924233,-0.18749463569297065,0.02946020485406388,-0.32932674483557084,2019,-5.65890483507998,True,"Synthetic yield-pressure index from operating data; economic-prior weights (gap 0.5 / LF 0.25 / mix 0.15 / industry -0.10), z-scored per company.  Positive = upward fare pressure.  Not a realized-yield forecast.",2026-08-10T13:36:52.969697+00:00
airline_yield_pressure_index,Air China,2020-01,-0.26729210907208145,4.09309079856639,-4.3603829076384715,-3.3475407741547656,-0.8291257542640054,,-0.6485652115215959,downward,validation_limited_positive_2025_only_weak_history,-0.6164955219553879,-1.672780060917891,0.2996326013467591,-0.32932674483557084,2020,8.120077871253486,False,"Synthetic yield-pressure index from operating data; economic-prior weights (gap 0.5 / LF 0.25 / mix 0.15 / industry -0.10), z-scored per company.  Positive = upward fare pressure.  Not a realized-yield forecast.",2026-08-10T13:36:52.969697+00:00
airline_yield_pressure_index,Air China,2020-02,-80.47549276493801,-68.09779019672146,-12.377702568216549,-32.59504670166313,9.855329715200632,,-1.0686914579811955,downward,validation_limited_positive_2025_only_weak_history,-0.7803634951932584,-2.7780137198416512,-0.11292636605140434,-0.32932674483557084,2020,8.120077871253486,False,"Synthetic yield-pressure index from operating data; economic-prior weights (gap 0.5 / LF 0.25 / mix 0.15 / industry -0.10), z-scored per company.  Positive = upward fare pressure.  Not a realized-yield forecast.",2026-08-10T13:36:52.969697+00:00
airline_yield_pressure_index,Air China,2020-03,-73.52359630493686,-62.40066511641646,-11.122931188520397,-23.86763398547791,-15.235752711715872,,-1.3556467959362772,downward,validation_limited_positive_2025_only_weak_history,-0.7888948584122574,-3.3362090878596224,-1.067198461658667,-0.32932674483557084,2020,8.120077871253486,False,"Synthetic yield-pressure index from operating data; economic-prior weights (gap 0.5 / LF 0.25 / mix 0.15 / industry -0.10), z-scored per company.  Positive = upward fare pressure.  Not a realized-yield forecast.",2026-08-10T13:36:52.969697+00:00
airline_yield_pressure_index,Air China,2020-04,-79.15140859722858,-74.18947262022087,-4.9619359770077125,-15.56560060876869,-35.75752537655443,,-1.2651928163644943,downward,validation_limited_positive_2025_only_weak_history,-0.6956042139163371,-2.425333759526727,-2.293266293388008,-0.32932674483557084,2020,8.120077871253486,False,"Synthetic yield-pressure index from operating data; economic-prior weights (gap 0.5 / LF 0.25 / mix 0.15 / industry -0.10), z-scored per company.  Positive = upward fare pressure.  Not a realized-yield forecast.",2026-08-10T13:36:52.969697+00:00
airline_yield_pressure_index,Air China,2020-05,-69.09159325563535,-63.29188673557455,-5.799706520060795,-12.657351226041385,-35.021375144775,,-1.2015828153968282,downward,validation_limited_positive_2025_only_weak_history,-0.6379760353622952,-1.9515673650578287,-2.850904206231871,-0.32932674483557084,2020,8.120077871253486,False,"Synthetic yield-pressure index from operating data; economic-prior weights (gap 0.5 / LF 0.25 / mix 0.15 / industry -0.10), z-scored per company.  Positive = upward fare pressure.  Not a realized-yield forecast.",2026-08-10T13:36:52.969697+00:00
airline_yield_pressure_index,Air China,2020-06,-64.92813467799571,-57.86861127102922,-7.059523406966491,-13.497597817309739,-35.646492954472045,,-1.1323068684583102,downward,validation_limited_positive_2025_only_weak_history,-0.6462761286592719,-1.6729767838595457,-2.8257152176489666,-0.32932674483557084,2020,8.120077871253486,False,"Synthetic yield-pressure index from operating data; economic-prior weights (gap 0.5 / LF 0.25 / mix 0.15 / industry -0.10), z-scored per company.  Positive = upward fare pressure.  Not a realized-yield forecast.",2026-08-10T13:36:52.969697+00:00
airline_yield_pressure_index,Air China,2020-07,-58.009442463660235,-52.46226043972201,-5.547182023938227,-9.467670411807788,-34.835554522167115,,-1.1342247420093914,downward,validation_limited_positive_2025_only_weak_history,-0.6786332950653575,-1.6272365479951685,-2.8068775464098517,-0.32932674483557084,2020,8.120077871253486,False,"Synthetic yield-pressure index from operating data; economic-prior weights (gap 0.5 / LF 0.25 / mix 0.15 / industry -0.10), z-scored per company.  Positive = upward fare pressure.  Not a realized-yield forecast.",2026-08-10T13:36:52.969697+00:00
airline_yield_pressure_index,Air China,2020-08,-49.43324818752113,-41.35201264706583,-8.081235540455303,-11.656166030569963,-34.33187608887476,,-1.0071753925248648,downward,validation_limited_positive_2025_only_weak_history,-0.6346555099168038,-1.2338037082307836,-2.762195899948827,-0.32932674483557084,2020,8.120077871253486,False,"Synthetic yield-pressure index from operating data; economic-prior weights (gap 0.5 / LF 0.25 / mix 0.15 / industry -0.10), z-scored per company.  Positive = upward fare pressure.  Not a realized-yield forecast.",2026-08-10T13:36:52.969697+00:00
airline_yield_pressure_index,Air China,2020-09,-38.674820649069574,-34.716205146394394,-3.9586155026751797,-4.885942736380144,-34.01104913236237,,-0.9778082869150083,downward,validation_limited_positive_2025_only_weak_history,-0.6424291756622497,-1.1223398056926424,-2.726276147628533,-0.32932674483557084,2020,8.120077871253486,False,"Synthetic yield-pressure index from operating data; economic-prior weights (gap 0.5 / LF 0.25 / mix 0.15 / industry -0.10), z-scored per company.  Positive = upward fare pressure.  Not a realized-yield forecast.",2026-08-10T13:36:52.969697+00:00
airline_yield_pressure_index,Air China,2020-10,-35.28045694307521,-29.185147689128797,-6.095309253946411,-7.027892676914902,-33.52081476486705,,-0.9144038080249167,downward,validation_limited_positive_2025_only_weak_history,-0.6177554054296264,-0.9295010977663634,-2.7072233690137977,-0.32932674483557084,2020,8.120077871253486,False,"Synthetic yield-pressure index from operating data; economic-prior weights (gap 0.5 / LF 0.25 / mix 0.15 / industry -0.10), z-scored per company.  Positive = upward fare pressure.  Not a realized-yield forecast.",2026-08-10T13:36:52.969697+00:00
airline_yield_pressure_index,Air China,2020-11,-38.520011579161796,-32.1785428069637,-6.341468772198098,-7.435215791876729,-33.634503642971865,,-1.0253756090175459,downward,validation_limited_positive_2025_only_weak_history,-0.6895231596127761,-1.2244707076719505,-2.7161935118448493,-0.32932674483557084,2020,8.120077871253486,False,"Synthetic yield-pressure index from operating data; economic-prior weights (gap 0.5 / LF 0.25 / mix 0.15 / industry -0.10), z-scored per company.  Positive = upward fare pressure.  Not a realized-yield forecast.",2026-08-10T13:36:52.969697+00:00
airline_yield_pressure_index,Air China,2020-12,-46.258785693907726,-37.23976991259135,-9.019015781316376,-11.342385318510566,-34.33937554462389,,-1.098203426192785,downward,validation_limited_positive_2025_only_weak_history,-0.7375431771076444,-1.642708148976917,-2.709486354880196,-0.8766815283729577,2020,8.120077871253486,False,"Synthetic yield-pressure index from operating data; economic-prior weights (gap 0.5 / LF 0.25 / mix 0.15 / industry -0.10), z-scored per company.  Positive = upward fare pressure.  Not a realized-yield forecast.",2026-08-10T13:36:52.969697+00:00
airline_yield_pressure_index,Air China,2021-01,-64.62129237288136,-55.14005426164821,-9.481238111233147,-16.18248330185071,-33.27531847521417,-40.35611240662425,-0.8745313069665079,downward,validation_limited_positive_2025_only_weak_history,-0.30701775137973836,-0.8362473749440645,-2.968923319243266,0.6662208965413274,2021,12.730859262181752,False,"Synthetic yield-pressure index from operating data; economic-prior weights (gap 0.5 / LF 0.25 / mix 0.15 / industry -0.10), z-scored per company.  Positive = upward fare pressure.  Not a realized-yield forecast.",2026-08-10T13:36:52.969697+00:00
airline_yield_pressure_index,Air China,2021-02,44.86744084136723,20.85222632157042,24.015214519796807,10.21700161435087,-43.13045140229589,187.15827338129495,-0.16230280700130487,neutral,validation_limited_positive_2025_only_weak_history,0.5191213390582928,0.3948463827779236,-2.5973395372095336,1.3097414164350216,2021,12.730859262181752,False,"Synthetic yield-pressure index from operating data; economic-prior weights (gap 0.5 / LF 0.25 / mix 0.15 / industry -0.10), z-scored per company.  Positive = upward fare pressure.  Not a realized-yield forecast.",2026-08-10T13:36:52.969697+00:00
airline_yield_pressure_index,Air China,2021-03,128.48111269163897,79.24841736631795,49.23269532532102,15.604411548106711,-20.738614407647503,215.74012940710418,0.4839229418389109,neutral,validation_limited_positive_2025_only_weak_history,1.202151692419438,1.548278552369415,-1.7467526815787877,2.4220964022634366,2021,12.730859262181752,False,"Synthetic yield-pressure index from operating data; economic-prior weights (gap 0.5 / LF 0.25 / mix 0.15 / industry -0.10), z-scored per company.  Positive = upward fare pressure.  Not a realized-yield forecast.",2026-08-10T13:36:52.969697+00:00
airline_yield_pressure_index,Air China,2021-04,217.76402784361667,179.0842634292801,38.679764414336574,9.064417820380882,-2.1420203900049892,205.68351779838468,0.6578557514089678,upward,validation_limited_positive_2025_only_weak_history,1.1809515428698028,1.450642001446399,-0.6237725443132499,2.017146387405458,2021,12.730859262181752,False,"Synthetic yield-pressure index from operating data; economic-prior weights (gap 0.5 / LF 0.25 / mix 0.15 / industry -0.10), z-scored per company.  Positive = upward fare pressure.  Not a realized-yield forecast.",2026-08-10T13:36:52.969697+00:00
airline_yield_pressure_index,Air China,2021-05,110.53167005770321,88.01129460468884,22.520375453014367,8.079883878210268,-2.026976635652249,97.58816925399714,0.4064523612682136,neutral,validation_limited_positive_2025_only_weak_history,0.6091940499018096,0.9445842578876894,-0.0974395088658737,1.1967480182473245,2021,12.730859262181752,False,"Synthetic yield-pressure index from operating data; economic-prior weights (gap 0.5 / LF 0.25 / mix 0.15 / industry -0.10), z-scored per company.  Positive = upward fare pressure.  Not a realized-yield forecast.",2026-08-10T13:36:52.969697+00:00
airline_yield_pressure_index,Air China,2021-06,40.99382632190676,32.07619741689947,8.917628905007291,4.527566155203061,-1.473699630043897,34.277813923227065,0.16804634370433325,neutral,validation_limited_positive_2025_only_weak_history,0.1174315432763401,0.628084765727571,-0.06282492051735933,0.3826688128812564,2021,12.730859262181752,False,"Synthetic yield-pressure index from operating data; economic-prior weights (gap 0.5 / LF 0.25 / mix 0.15 / industry -0.10), z-scored per company.  Positive = upward fare pressure.  Not a realized-yield forecast.",2026-08-10T13:36:52.969697+00:00
airline_yield_pressure_index,Air China,2021-07,38.34355828220859,34.338351458209694,4.005206823998897,2.1367183903978884,-0.8750524254554168,25.618925831202045,-0.2771307969372658,neutral,validation_limited_positive_2025_only_weak_history,-0.37936101753557033,-0.44256184658995534,-0.039531183111194156,-0.2911985094468734,2021,12.730859262181752,False,"Synthetic yield-pressure index from operating data; economic-prior weights (gap 0.5 / LF 0.25 / mix 0.15 / industry -0.10), z-scored per company.  Positive = upward fare pressure.  Not a realized-yield forecast.",2026-08-10T13:36:52.969697+00:00
airline_yield_pressure_index,Air China,2021-08,-53.09171611369566,-40.582860935584584,-12.508855178111077,-15.354965496249392,,-51.46322971948446,-0.5520639978031229,downward,validation_limited_positive_2025_only_weak_history,-0.6568695864416324,-1.0930152779313664,-0.04094797458099731,-0.5576681108768451,2021,12.730859262181752,False,"Synthetic yield-pressure index from operating data; economic-prior weights (gap 0.5 / LF 0.25 / mix 0.15 / industry -0.10), z-scored per company.  Positive = upward fare pressure.  Not a realized-yield forecast.",2026-08-10T13:36:52.969697+00:00
airline_yield_pressure_index,Air China,2021-09,-27.632557145908997,-16.98284058495947,-10.649716560949528,-9.7098843847008,-1.5082713619894879,-24.662077596996244,-0.6939015196354903,downward,validation_limited_positive_2025_only_weak_history,-0.8042767952280624,-1.453736511546553,-0.039838225175676575,-0.7764673964153073,2021,12.730859262181752,False,"Synthetic yield-pressure index from operating data; economic-prior weights (gap 0.5 / LF 0.25 / mix 0.15 / industry -0.10), z-scored per company.  Positive = upward fare pressure.  Not a realized-yield forecast.",2026-08-10T13:36:52.969697+00:00
airline_yield_pressure_index,Air China,2021-10,-23.60806853068883,-17.219478183426784,-6.3885903472620456,-5.758928668759012,-0.847972957668349,-22.776861474872334,-0.6308247268078391,downward,validation_limited_positive_2025_only_weak_history,-0.7514392215040648,-1.3393409940495629,0.013664309664418008,-0.7768048600692133,2021,12.730859262181752,False,"Synthetic yield-pressure index from operating data; economic-prior weights (gap 0.5 / LF 0.25 / mix 0.15 / industry -0.10), z-scored per company.  Positive = upward fare pressure.  Not a realized-yield forecast.",2026-08-10T13:36:52.969697+00:00
airline_yield_pressure_index,Air China,2021-11,-59.516418743351416,-50.73318206673749,-8.783236676613924,-12.851019104589525,0.7801850423859107,-51.53787264703234,-0.5111795094108883,downward,validation_limited_positive_2025_only_weak_history,-0.658183339530107,-1.0843339238639373,0.04132053492794333,-0.8279756108095796,2021,12.730859262181752,False,"Synthetic yield-pressure index from operating data; economic-prior weights (gap 0.5 / LF 0.25 / mix 0.15 / industry -0.10), z-scored per company.  Positive = upward fare pressure.  Not a realized-yield forecast.",2026-08-10T13:36:52.969697+00:00
airline_yield_pressure_index,Air China,2021-12,-37.37271367212007,-33.29854202681105,-4.074171645309022,-4.128161890584266,-0.49599436835720656,-35.980436169458685,-0.42572911939586366,neutral,validation_limited_positive_2025_only_weak_history,-0.5856852607364028,-0.8557709032567099,0.05037025346784694,-0.7350069876633812,2021,12.730859262181752,False,"Synthetic yield-pressure index from operating data; economic-prior weights (gap 0.5 / LF 0.25 / mix 0.15 / industry -0.10), z-scored per company.  Positive = upward fare pressure.  Not a realized-yield forecast.",2026-08-10T13:36:52.969697+00:00
airline_yield_pressure_index,Air China,2022-01,0.6931656561119937,1.9698599672744566,-1.276694311162463,-0.7560267785568513,-0.5167339042725194,-2.2133130114972865,-0.1884272376372283,neutral,validation_limited_positive_2025_only_weak_history,-0.3832031949073508,-0.14298177800605005,0.01723542648360141,-0.3633449034541939,2022,22.859630219776548,False,"Synthetic yield-pressure index from operating data; economic-prior weights (gap 0.5 / LF 0.25 / mix 0.15 / industry -0.10), z-scored per company.  Positive = upward fare pressure.  Not a realized-yield forecast.",2026-08-10T13:36:52.969697+00:00
airline_yield_pressure_index,Air China,2022-02,28.583582258857355,23.08965067232176,5.493931586535595,2.7508663297129203,-0.43262049143271053,30.669339012067297,-0.2889745319583302,neutral,validation_limited_positive_2025_only_weak_history,-0.42139833671916904,-0.5649781629515206,0.08147878316735369,-0.5074735966403139,2022,22.859630219776548,False,"Synthetic yield-pressure index from operating data; economic-prior weights (gap 0.5 / LF 0.25 / mix 0.15 / industry -0.10), z-scored per company.  Positive = upward fare pressure.  Not a realized-yield forecast.",2026-08-10T13:36:52.969697+00:00
airline_yield_pressure_index,Air China,2022-03,-70.09892086330936,-63.331580002003804,-6.767340861305556,-13.365030156908773,1.8554498849712933,-67.85998076199239,-0.48791773012329664,neutral,validation_limited_positive_2025_only_weak_history,-0.4861267771468313,-1.4356844112289022,0.1738807478611949,-0.8798464907816528,2022,22.859630219776548,False,"Synthetic yield-pressure index from operating data; economic-prior weights (gap 0.5 / LF 0.25 / mix 0.15 / industry -0.10), z-scored per company.  Positive = upward fare pressure.  Not a realized-yield forecast.",2026-08-10T13:36:52.969697+00:00
airline_yield_pressure_index,Air China,2022-04,-83.89014077871909,-78.04939368780477,-5.84074709091432,-19.814481307836914,2.865375625669701,-84.57774733339856,-0.7820010358272558,downward,validation_limited_positive_2025_only_weak_history,-0.676655927186392,-2.4653353042147246,0.24196167375311467,-1.3636650275665418,2022,22.859630219776548,False,"Synthetic yield-pressure index from operating data; economic-prior weights (gap 0.5 / LF 0.25 / mix 0.15 / industry -0.10), z-scored per company.  Positive = upward fare pressure.  Not a realized-yield forecast.",2026-08-10T13:36:52.969697+00:00
airline_yield_pressure_index,Air China,2022-05,-77.62814977938672,-69.68772251042621,-7.940427268960505,-19.786648203835497,2.059287002409778,-76.34553968533866,-0.7420435772720797,downward,validation_limited_positive_2025_only_weak_history,-0.6810525034022582,-2.24380839264145,0.21758243576748373,-1.2679740722428934,2022,22.859630219776548,False,"Synthetic yield-pressure index from operating data; economic-prior weights (gap 0.5 / LF 0.25 / mix 0.15 / industry -0.10), z-scored per company.  Positive = upward fare pressure.  Not a realized-yield forecast.",2026-08-10T13:36:52.969697+00:00
airline_yield_pressure_index,Air China,2022-06,-47.58743991349685,-40.51009303680089,-7.077346876695962,-8.516138145873029,0.9631176342758989,-46.694284952879315,-0.6550249808253452,downward,validation_limited_positive_2025_only_weak_history,-0.7129123117519882,-1.6876234342168897,0.13906157945692071,-1.024777966863333,2022,22.859630219776548,False,"Synthetic yield-pressure index from operating data; economic-prior weights (gap 0.5 / LF 0.25 / mix 0.15 / industry -0.10), z-scored per company.  Positive = upward fare pressure.  Not a realized-yield forecast.",2026-08-10T13:36:52.969697+00:00
airline_yield_pressure_index,Air China,2022-07,-29.96720426934654,-21.879997262200323,-8.087207007146215,-7.640426325487525,-0.008655649607713034,-30.785675020868542,-0.17363647352707373,neutral,validation_limited_positive_2025_only_weak_history,-0.29269891752138544,-0.36011738918755515,0.09831818463211989,-0.47994604835689786,2022,22.859630219776548,False,"Synthetic yield-pressure index from operating data; economic-prior weights (gap 0.5 / LF 0.25 / mix 0.15 / industry -0.10), z-scored per company.  Positive = upward fare pressure.  Not a realized-yield forecast.",2026-08-10T13:36:52.969697+00:00
airline_yield_pressure_index,Air China,2022-08,56.40589120278723,34.71674455716403,21.689146645623204,9.270469103626468,0.5679916130126954,44.16476993796583,-0.03759729119632953,neutral,validation_limited_positive_2025_only_weak_history,-0.21042366024371448,-0.03856749574703637,0.20214353524589634,-0.4693488257540236,2022,22.859630219776548,False,"Synthetic yield-pressure index from operating data; economic-prior weights (gap 0.5 / LF 0.25 / mix 0.15 / industry -0.10), z-scored per company.  Positive = upward fare pressure.  Not a realized-yield forecast.",2026-08-10T13:36:52.969697+00:00
airline_yield_pressure_index,Air China,2022-09,-44.30615907802758,-43.0301047120419,-1.2760543659856793,-1.4778930027433148,4.763347520338598,-44.350305950106595,0.06540243518509714,neutral,validation_limited_positive_2025_only_weak_history,-0.14055653809233223,0.09441723097279833,0.3491681525716873,-0.5970117360231058,2022,22.859630219776548,False,"Synthetic yield-pressure index from operating data; economic-prior weights (gap 0.5 / LF 0.25 / mix 0.15 / industry -0.10), z-scored per company.  Positive = upward fare pressure.  Not a realized-yield forecast.",2026-08-10T13:36:52.969697+00:00
airline_yield_pressure_index,Air China,2022-10,-57.13933314147104,-53.97851136717533,-3.1608217742957123,-4.729590010377848,5.372759789352199,-59.02318519852808,-0.07486519847747204,neutral,validation_limited_positive_2025_only_weak_history,-0.39831299791909386,-0.19981469339240068,0.5051499946323776,-0.9847247463531842,2022,22.859630219776548,False,"Synthetic yield-pressure index from operating data; economic-prior weights (gap 0.5 / LF 0.25 / mix 0.15 / industry -0.10), z-scored per company.  Positive = upward fare pressure.  Not a realized-yield forecast.",2026-08-10T13:36:52.969697+00:00
airline_yield_pressure_index,Air China,2022-11,-22.929634495681572,-26.444172280057142,3.5145377843755696,2.830173352136356,6.277260634286713,-41.5927147702458,-0.08141801707626778,neutral,validation_limited_positive_2025_only_weak_history,-0.40797720387517716,-0.20518863867886297,0.543078546271392,-0.9240596259032774,2022,22.859630219776548,False,"Synthetic yield-pressure index from operating data; economic-prior weights (gap 0.5 / LF 0.25 / mix 0.15 / industry -0.10), z-scored per company.  Positive = upward fare pressure.  Not a realized-yield forecast.",2026-08-10T13:36:52.969697+00:00
airline_yield_pressure_index,Air China,2022-12,-24.10418432611543,-22.146699266503667,-1.9574850596117628,-1.5955206091691423,6.151613628967844,-30.93190625576674,0.22570287453968882,neutral,validation_limited_positive_2025_only_weak_history,-0.024823937789231768,0.4805405386088993,0.4531901656574565,-0.5000118393346139,2022,22.859630219776548,False,"Synthetic yield-pressure index from operating data; economic-prior weights (gap 0.5 / LF 0.25 / mix 0.15 / industry -0.10), z-scored per company.  Positive = upward fare pressure.  Not a realized-yield forecast.",2026-08-10T13:36:52.969697+00:00
airline_yield_pressure_index,Air China,2023-01,62.227541705075986,38.37192808255612,23.85561362251987,10.279993727645426,2.082652812592995,34.77111781248941,0.34961292013974515,neutral,validation_limited_positive_2025_only_weak_history,0.20096292828988263,0.7279976512468975,0.35423782327328146,-0.1399636969208723,2023,-24.831782890499568,False,"Synthetic yield-pressure index from operating data; economic-prior weights (gap 0.5 / LF 0.25 / mix 0.15 / industry -0.10), z-scored per company.  Positive = upward fare pressure.  Not a realized-yield forecast.",2026-08-10T13:36:52.969697+00:00
airline_yield_pressure_index,Air China,2023-02,71.16727684413273,51.73233116870826,19.434945675424473,8.246638593414602,2.6553932714390664,38.04563175049529,0.8465832812997092,upward,validation_limited_positive_2025_only_weak_history,1.154593581369788,1.2806129063578249,0.25565262452763604,0.892146296537864,2023,-24.831782890499568,False,"Synthetic yield-pressure index from operating data; economic-prior weights (gap 0.5 / LF 0.25 / mix 0.15 / industry -0.10), z-scored per company.  Positive = upward fare pressure.  Not a realized-yield forecast.",2026-08-10T13:36:52.969697+00:00
airline_yield_pressure_index,Air China,2023-03,332.42914979757086,267.14539430991493,65.28375548765592,10.50039891886314,2.5431845085086895,197.35849056603772,1.8734560257022657,upward,validation_limited_positive_2025_only_weak_history,3.4935259078909198,1.5393231686593618,0.3906142488221875,3.1672985773136277,2023,-24.831782890499568,False,"Synthetic yield-pressure index from operating data; economic-prior weights (gap 0.5 / LF 0.25 / mix 0.15 / industry -0.10), z-scored per company.  Positive = upward fare pressure.  Not a realized-yield forecast.",2026-08-10T13:36:52.969697+00:00
airline_yield_pressure_index,Air China,2023-04,735.900185203236,547.1246304237807,188.77555477945532,15.942773545852504,7.022536907216668,538.0076142131979,2.4790417552790327,upward,validation_limited_positive_2025_only_weak_history,4.811576737964372,1.7291906659991048,0.5924721352776966,4.4791510049458365,2023,-24.831782890499568,False,"Synthetic yield-pressure index from operating data; economic-prior weights (gap 0.5 / LF 0.25 / mix 0.15 / industry -0.10), z-scored per company.  Positive = upward fare pressure.  Not a realized-yield forecast.",2026-08-10T13:36:52.969697+00:00
airline_yield_pressure_index,Air China,2023-05,517.4704341052334,405.0986971969996,112.3717369082338,12.402553486407214,10.043823633685204,328.21171208481735,2.4354069043745152,upward,validation_limited_positive_2025_only_weak_history,4.604251038074037,1.6890263091971658,0.8909493943277894,4.226176011109632,2023,-24.831782890499568,False,"Synthetic yield-pressure index from operating data; economic-prior weights (gap 0.5 / LF 0.25 / mix 0.15 / industry -0.10), z-scored per company.  Positive = upward fare pressure.  Not a realized-yield forecast.",2026-08-10T13:36:52.969697+00:00
airline_yield_pressure_index,Air China,2023-06,282.7767224298874,232.11166361786,50.66505881202741,9.621261357461748,13.468090549728784,141.4034449847748,1.4868548405207507,upward,validation_limited_positive_2025_only_weak_history,2.3887468974306434,1.3813963075897193,1.0955033767386522,2.171931916027986,2023,-24.831782890499568,False,"Synthetic yield-pressure index from operating data; economic-prior weights (gap 0.5 / LF 0.25 / mix 0.15 / industry -0.10), z-scored per company.  Positive = upward fare pressure.  Not a realized-yield forecast.",2026-08-10T13:36:52.969697+00:00
airline_yield_pressure_index,Air China,2023-07,166.47686232965765,133.91823112888198,32.558631200775665,9.2092139681221,14.509650147629443,83.63336863160373,1.0442474859766047,upward,validation_limited_positive_2025_only_weak_history,1.3195225481127402,1.2606860355666907,1.2162262883594521,1.1311924022535587,2023,-24.831782890499568,False,"Synthetic yield-pressure index from operating data; economic-prior weights (gap 0.5 / LF 0.25 / mix 0.15 / industry -0.10), z-scored per company.  Positive = upward fare pressure.  Not a realized-yield forecast.",2026-08-10T13:36:52.969697+00:00
airline_yield_pressure_index,Air China,2023-08,190.2657891406151,153.28589438770757,36.97989475290754,9.760386584401672,14.462540391796454,98.01256849209051,1.0578799001802994,upward,validation_limited_positive_2025_only_weak_history,1.3689991596718325,1.2637268356913642,1.2116534728912403,1.2429940951214389,2023,-24.831782890499568,False,"Synthetic yield-pressure index from operating data; economic-prior weights (gap 0.5 / LF 0.25 / mix 0.15 / industry -0.10), z-scored per company.  Positive = upward fare pressure.  Not a realized-yield forecast.",2026-08-10T13:36:52.969697+00:00
airline_yield_pressure_index,Air China,2023-09,314.71822923292194,260.56453598096334,54.1536932519586,9.68781991383294,13.300715723609553,166.1326434150953,1.3555653233101934,upward,validation_limited_positive_2025_only_weak_history,2.0562414776187716,1.4183133885709043,1.1552233997118373,2.0041727259869386,2023,-24.831782890499568,False,"Synthetic yield-pressure index from operating data; economic-prior weights (gap 0.5 / LF 0.25 / mix 0.15 / industry -0.10), z-scored per company.  Positive = upward fare pressure.  Not a realized-yield forecast.",2026-08-10T13:36:52.969697+00:00
airline_yield_pressure_index,Air China,2023-10,393.61870503597123,312.6020824041463,81.01662263182493,12.592881875320003,12.44418878100423,251.99698568198943,1.5788150025456515,upward,validation_limited_positive_2025_only_weak_history,2.657502006910326,1.490837819206437,1.0962732656000795,2.870864455511326,2023,-24.831782890499568,False,"Synthetic yield-pressure index from operating data; economic-prior weights (gap 0.5 / LF 0.25 / mix 0.15 / industry -0.10), z-scored per company.  Positive = upward fare pressure.  Not a realized-yield forecast.",2026-08-10T13:36:52.969697+00:00
airline_yield_pressure_index,Air China,2023-11,413.48964592124753,334.1144026640766,79.37524325717095,11.347837652157068,12.304839405336413,289.71442208257105,1.7609939244347679,upward,validation_limited_positive_2025_only_weak_history,2.911336477548368,1.6672218037095121,1.1834015054867846,2.8898999108981194,2023,-24.831782890499568,False,"Synthetic yield-pressure index from operating data; economic-prior weights (gap 0.5 / LF 0.25 / mix 0.15 / industry -0.10), z-scored per company.  Positive = upward fare pressure.  Not a realized-yield forecast.",2026-08-10T13:36:52.969697+00:00
airline_yield_pressure_index,Air China,2023-12,301.0336074728399,228.98184787387726,72.05175959896263,13.548600923496934,16.48979564657744,170.34305867265144,1.3968269286406734,upward,validation_limited_positive_2025_only_weak_history,2.0472431669666626,1.4428683828526667,1.3832647519615549,1.9500146335005786,2023,-24.831782890499568,False,"Synthetic yield-pressure index from operating data; economic-prior weights (gap 0.5 / LF 0.25 / mix 0.15 / industry -0.10), z-scored per company.  Positive = upward fare pressure.  Not a realized-yield forecast.",2026-08-10T13:36:52.969697+00:00
airline_yield_pressure_index,Air China,2024-01,102.89796629120804,82.80923640743731,20.088729883770725,7.682121813188843,19.759611053974215,44.10559396605909,1.121352518733214,upward,validation_limited_positive_2025_only_weak_history,1.2715345247116299,1.3764919022734954,1.504399543560146,0.8419765072499658,2024,-11.009775323102405,False,"Synthetic yield-pressure index from operating data; economic-prior weights (gap 0.5 / LF 0.25 / mix 0.15 / industry -0.10), z-scored per company.  Positive = upward fare pressure.  Not a realized-yield forecast.",2026-08-10T13:36:52.969697+00:00
airline_yield_pressure_index,Air China,2024-02,105.82823666849919,81.14881431432366,24.67942235417553,9.894955994956902,16.738631851531746,44.62962962962962,0.7475035348735102,upward,validation_limited_positive_2025_only_weak_history,0.4915310811551239,1.1646726440156774,1.529027114974407,0.1878423395413207,2024,-11.009775323102405,False,"Synthetic yield-pressure index from operating data; economic-prior weights (gap 0.5 / LF 0.25 / mix 0.15 / industry -0.10), z-scored per company.  Positive = upward fare pressure.  Not a realized-yield forecast.",2026-08-10T13:36:52.969697+00:00
airline_yield_pressure_index,Air China,2024-03,50.139767544504934,33.086658635397434,17.0531089091075,8.91219489113044,17.39121743187695,25.656397689480137,0.6989109144461855,upward,validation_limited_positive_2025_only_weak_history,0.39482598726344614,1.1886160330221416,1.3886076237372695,0.03947231001663387,2024,-11.009775323102405,False,"Synthetic yield-pressure index from operating data; economic-prior weights (gap 0.5 / LF 0.25 / mix 0.15 / industry -0.10), z-scored per company.  Positive = upward fare pressure.  Not a realized-yield forecast.",2026-08-10T13:36:52.969697+00:00
airline_yield_pressure_index,Air China,2024-04,27.426389131829065,14.156410784111962,13.269978347717103,8.206206705837033,14.619957356389847,11.287916459472891,0.6470871672515294,upward,validation_limited_positive_2025_only_weak_history,0.2859938075936788,1.2013975292313381,1.2918915740578187,-0.09957145038182609,2024,-11.009775323102405,False,"Synthetic yield-pressure index from operating data; economic-prior weights (gap 0.5 / LF 0.25 / mix 0.15 / industry -0.10), z-scored per company.  Positive = upward fare pressure.  Not a realized-yield forecast.",2026-08-10T13:36:52.969697+00:00
airline_yield_pressure_index,Air China,2024-05,30.90959136627942,13.9040108174439,17.00558054883552,10.174723786678939,13.198617584486211,13.874811404696509,0.5676503162248175,upward,validation_limited_positive_2025_only_weak_history,0.2027312668351246,1.1274638021364936,1.1172355571639263,-0.1683339869854298,2024,-11.009775323102405,False,"Synthetic yield-pressure index from operating data; economic-prior weights (gap 0.5 / LF 0.25 / mix 0.15 / industry -0.10), z-scored per company.  Positive = upward fare pressure.  Not a realized-yield forecast.",2026-08-10T13:36:52.969697+00:00
airline_yield_pressure_index,Air China,2024-06,22.621080492646595,11.438878221911919,11.182202270734676,7.293896436508106,10.998433672832533,10.446946306197757,0.46361823975586686,neutral,validation_limited_positive_2025_only_weak_history,0.1170839611023639,0.972561018802337,0.9657148785586332,-0.17078772720305746,2024,-11.009775323102405,False,"Synthetic yield-pressure index from operating data; economic-prior weights (gap 0.5 / LF 0.25 / mix 0.15 / industry -0.10), z-scored per company.  Positive = upward fare pressure.  Not a realized-yield forecast.",2026-08-10T13:36:52.969697+00:00
airline_yield_pressure_index,Air China,2024-07,20.407757604232057,13.176837531752028,7.230920072480028,4.815616988037675,9.073976458773387,10.745178445569303,0.34676273728402535,neutral,validation_limited_positive_2025_only_weak_history,0.007224851898609439,0.7960186003425066,0.8475277969679264,-0.17016491703904993,2024,-11.009775323102405,False,"Synthetic yield-pressure index from operating data; economic-prior weights (gap 0.5 / LF 0.25 / mix 0.15 / industry -0.10), z-scored per company.  Positive = upward fare pressure.  Not a realized-yield forecast.",2026-08-10T13:36:52.969697+00:00
airline_yield_pressure_index,Air China,2024-08,21.671848224680488,12.41251908294947,9.259329141731019,6.310474895204422,8.872717628912742,14.012569570383349,0.29174987510147216,neutral,validation_limited_positive_2025_only_weak_history,-0.03448581709147302,0.7126933757455349,0.763424739621016,-0.16305728767672573,2024,-11.009775323102405,False,"Synthetic yield-pressure index from operating data; economic-prior weights (gap 0.5 / LF 0.25 / mix 0.15 / industry -0.10), z-scored per company.  Positive = upward fare pressure.  Not a realized-yield forecast.",2026-08-10T13:36:52.969697+00:00
airline_yield_pressure_index,Air China,2024-09,20.017279633549066,11.776129139926873,8.241150493622193,5.470032180032106,7.920081900846654,12.019068984856984,0.2895709020945003,neutral,validation_limited_positive_2025_only_weak_history,-0.02856528168432634,0.726924229191816,0.7162914580100878,-0.14678766937196303,2024,-11.009775323102405,False,"Synthetic yield-pressure index from operating data; economic-prior weights (gap 0.5 / LF 0.25 / mix 0.15 / industry -0.10), z-scored per company.  Positive = upward fare pressure.  Not a realized-yield forecast.",2026-08-10T13:36:52.969697+00:00
airline_yield_pressure_index,Air China,2024-10,22.104654608699036,14.456272970575302,7.648381638123734,5.1271090369983625,7.348797546810321,14.343823592378513,0.27284964303810616,neutral,validation_limited_positive_2025_only_weak_history,-0.03062925413908024,0.7092863454789113,0.6446493807667657,-0.14145276622903594,2024,-11.009775323102405,False,"Synthetic yield-pressure index from operating data; economic-prior weights (gap 0.5 / LF 0.25 / mix 0.15 / industry -0.10), z-scored per company.  Positive = upward fare pressure.  Not a realized-yield forecast.",2026-08-10T13:36:52.969697+00:00
airline_yield_pressure_index,Air China,2024-11,22.045041416769152,12.931244581350665,9.113796835418487,5.924408061068149,6.250464379294922,15.192586393419184,0.1903574560223273,neutral,validation_limited_positive_2025_only_weak_history,-0.09977847416199778,0.5641182055776889,0.5689587146022275,-0.13873334518569844,2024,-11.009775323102405,False,"Synthetic yield-pressure index from operating data; economic-prior weights (gap 0.5 / LF 0.25 / mix 0.15 / industry -0.10), z-scored per company.  Positive = upward fare pressure.  Not a realized-yield forecast.",2026-08-10T13:36:52.969697+00:00
airline_yield_pressure_index,Air China,2024-12,14.066606241360269,10.70122114202363,3.3653850993366383,2.292519214113625,5.149641637904686,12.620572422517395,0.09930754039015595,neutral,validation_limited_positive_2025_only_weak_history,-0.17872484468328648,0.3969642333792148,0.5003195117434724,-0.1438097762547462,2024,-11.009775323102405,False,"Synthetic yield-pressure index from operating data; economic-prior weights (gap 0.5 / LF 0.25 / mix 0.15 / industry -0.10), z-scored per company.  Positive = upward fare pressure.  Not a realized-yield forecast.",2026-08-10T13:36:52.969697+00:00
airline_yield_pressure_index,Air China,2025-01,12.08759440609981,10.005782879172887,2.0818115269269235,1.468359160291044,4.836455921982232,13.220977703339276,-0.041478275109357435,neutral,validation_limited_positive_2025_only_weak_history,-0.315794884683097,0.10500976189529808,0.45480196926387034,-0.21946431368786,2025,-2.8160498400418703,True,"Synthetic yield-pressure index from operating data; economic-prior weights (gap 0.5 / LF 0.25 / mix 0.15 / industry -0.10), z-scored per company.  Positive = upward fare pressure.  Not a realized-yield forecast.",2026-08-10T13:36:52.969697+00:00
airline_yield_pressure_index,Air China,2025-02,-2.960557890299942,-2.409439381728762,-0.55111850857118,-0.4660376609012502,4.584424975155791,-1.5412932138284319,-0.06754197518124858,neutral,validation_limited_positive_2025_only_weak_history,-0.3409975141795628,0.056966668853565786,0.41766613424141735,-0.2606519455892877,2025,-2.8160498400418703,True,"Synthetic yield-pressure index from operating data; economic-prior weights (gap 0.5 / LF 0.25 / mix 0.15 / industry -0.10), z-scored per company.  Positive = upward fare pressure.  Not a realized-yield forecast.",2026-08-10T13:36:52.969697+00:00
airline_yield_pressure_index,Air China,2025-03,2.0199545677252573,0.4316265154983734,1.588328052226884,1.2409279271631561,3.7903906528423335,3.510360438795068,-0.053341093995149635,neutral,validation_limited_positive_2025_only_weak_history,-0.3240148368448037,0.10196083016689066,0.3677183645834666,-0.28018362198009567,2025,-2.8160498400418703,True,"Synthetic yield-pressure index from operating data; economic-prior weights (gap 0.5 / LF 0.25 / mix 0.15 / industry -0.10), z-scored per company.  Positive = upward fare pressure.  Not a realized-yield forecast.",2026-08-10T13:36:52.969697+00:00
airline_yield_pressure_index,Air China,2025-04,8.614544106813572,5.335270765802647,3.279273341010925,2.45321390225439,3.008260728089631,8.90080428954423,0.0004737810611621998,neutral,validation_limited_positive_2025_only_weak_history,-0.26059327079586536,0.25755216393483904,0.2849802126122053,-0.23635343583554325,2025,-2.8160498400418703,True,"Synthetic yield-pressure index from operating data; economic-prior weights (gap 0.5 / LF 0.25 / mix 0.15 / industry -0.10), z-scored per company.  Positive = upward fare pressure.  Not a realized-yield forecast.",2026-08-10T13:36:52.969697+00:00
airline_yield_pressure_index,Air China,2025-05,8.388964816372301,4.468179276129569,3.920785540242732,2.9396233937117557,1.5560316590723104,8.153420189906747,-0.01007300421332448,neutral,validation_limited_positive_2025_only_weak_history,-0.26302089918541205,0.2513694137305121,0.23560633292667096,-0.2325414200775288,2025,-2.8160498400418703,True,"Synthetic yield-pressure index from operating data; economic-prior weights (gap 0.5 / LF 0.25 / mix 0.15 / industry -0.10), z-scored per company.  Positive = upward fare pressure.  Not a realized-yield forecast.",2026-08-10T13:36:52.969697+00:00
airline_yield_pressure_index,Air China,2025-06,3.9393003085466116,2.522146226004618,1.4171540825419937,1.1055967935366482,1.9832010593314884,4.353532770817337,-0.06391112501427132,neutral,validation_limited_positive_2025_only_weak_history,-0.31023001260588906,0.13751993513377367,0.208672172776144,-0.2552307158880819,2025,-2.8160498400418703,True,"Synthetic yield-pressure index from operating data; economic-prior weights (gap 0.5 / LF 0.25 / mix 0.15 / industry -0.10), z-scored per company.  Positive = upward fare pressure.  Not a realized-yield forecast.",2026-08-10T13:36:52.969697+00:00
airline_yield_pressure_index,Air China,2025-07,2.25902427860174,2.3085023166255603,-0.049478038023820226,-0.03878051642692526,2.0224128618898902,3.882203193705158,-0.10313237297089724,neutral,validation_limited_positive_2025_only_weak_history,-0.35241827725594327,0.0382606422923887,0.23875423087140932,-0.2769847045326583,2025,-2.8160498400418703,True,"Synthetic yield-pressure index from operating data; economic-prior weights (gap 0.5 / LF 0.25 / mix 0.15 / industry -0.10), z-scored per company.  Positive = upward fare pressure.  Not a realized-yield forecast.",2026-08-10T13:36:52.969697+00:00
airline_yield_pressure_index,Air China,2025-08,3.228916180776298,2.2828580598381,0.946058120938198,0.766986269574133,2.6570993225291843,3.341697862245807,-0.058505947459809,neutral,validation_limited_positive_2025_only_weak_history,-0.3095959043087154,0.14736383771099146,0.2123850712621615,-0.2759328457747661,2025,-2.8160498400418703,True,"Synthetic yield-pressure index from operating data; economic-prior weights (gap 0.5 / LF 0.25 / mix 0.15 / industry -0.10), z-scored per company.  Positive = upward fare pressure.  Not a realized-yield forecast.",2026-08-10T13:36:52.969697+00:00
airline_yield_pressure_index,Air China,2025-09,5.59675584956616,1.1601628775025574,4.436592972063602,3.4937021884369273,1.018033421321853,4.586191358333758,0.006976506880778787,neutral,validation_limited_positive_2025_only_weak_history,-0.24676891436259987,0.3061610484659231,0.1807504286882953,-0.26708137642353647,2025,-2.8160498400418703,True,"Synthetic yield-pressure index from operating data; economic-prior weights (gap 0.5 / LF 0.25 / mix 0.15 / industry -0.10), z-scored per company.  Positive = upward fare pressure.  Not a realized-yield forecast.",2026-08-10T13:36:52.969697+00:00
airline_yield_pressure_index,Air China,2025-10,8.701793195644125,4.321291209238565,4.3805019864055605,3.43705237961224,0.8645172859690895,5.840042438993942,0.06545080600328089,neutral,validation_limited_positive_2025_only_weak_history,-0.18575769759864977,0.45259095500038216,0.1330504637681735,-0.25224346487284205,2025,-2.8160498400418703,True,"Synthetic yield-pressure index from operating data; economic-prior weights (gap 0.5 / LF 0.25 / mix 0.15 / industry -0.10), z-scored per company.  Positive = upward fare pressure.  Not a realized-yield forecast.",2026-08-10T13:36:52.969697+00:00
airline_yield_pressure_index,Air China,2025-11,10.066533480789142,4.81852691759328,5.248006563195862,3.9721174156236003,0.9111785894713691,6.623666583974197,0.08230355320844016,neutral,validation_limited_positive_2025_only_weak_history,-0.1641441253067071,0.4963492745899445,0.10577932469910374,-0.24421398509442022,2025,-2.8160498400418703,True,"Synthetic yield-pressure index from operating data; economic-prior weights (gap 0.5 / LF 0.25 / mix 0.15 / industry -0.10), z-scored per company.  Positive = upward fare pressure.  Not a realized-yield forecast.",2026-08-10T13:36:52.969697+00:00
airline_yield_pressure_index,Air China,2025-12,10.004927442302304,4.044344643701003,5.9605827986013,4.451506207674541,0.019851405999098404,6.362216332906256,0.07933083522754035,neutral,validation_limited_positive_2025_only_weak_history,-0.17027717943198795,0.483234290838725,0.10181805341571303,-0.2838814422149612,2025,-2.8160498400418703,True,"Synthetic yield-pressure index from operating data; economic-prior weights (gap 0.5 / LF 0.25 / mix 0.15 / industry -0.10), z-scored per company.  Positive = upward fare pressure.  Not a realized-yield forecast.",2026-08-10T13:36:52.969697+00:00
airline_yield_pressure_index,Air China,2026-01,3.0365432974401863,-0.9115122628825634,3.9480555603227496,3.1499850455149243,0.7195262849375368,-2.9339250493096714,0.07206878792748225,neutral,validation_limited_positive_2025_only_weak_history,-0.16991472067376087,0.47547252995894357,0.0784263888311946,-0.263940574499476,,,,"Synthetic yield-pressure index from operating data; economic-prior weights (gap 0.5 / LF 0.25 / mix 0.15 / industry -0.10), z-scored per company.  Positive = upward fare pressure.  Not a realized-yield forecast.",2026-08-10T13:36:52.969697+00:00
airline_yield_pressure_index,Air China,2026-02,19.086283937502955,13.812720124787381,5.273563812715574,3.8022241053514847,0.054993637402002804,11.034348228944847,0.11393635089150639,neutral,validation_limited_positive_2025_only_weak_history,-0.12476317639549388,0.5728084145629936,0.06207036697153034,-0.2380528040277538,,,,"Synthetic yield-pressure index from operating data; economic-prior weights (gap 0.5 / LF 0.25 / mix 0.15 / industry -0.10), z-scored per company.  Positive = upward fare pressure.  Not a realized-yield forecast.",2026-08-10T13:36:52.969697+00:00
airline_yield_pressure_index,Air China,2026-03,19.877753279923162,10.733499906041843,9.14425337388132,6.582042808811423,-0.5788139750542207,12.088281801971522,0.13425067661543091,neutral,validation_limited_positive_2025_only_weak_history,-0.10559664434511432,0.6245864001998098,0.05748771369342028,-0.2227924168402258,,,,"Synthetic yield-pressure index from operating data; economic-prior weights (gap 0.5 / LF 0.25 / mix 0.15 / industry -0.10), z-scored per company.  Positive = upward fare pressure.  Not a realized-yield forecast.",2026-08-10T13:36:52.969697+00:00
airline_yield_pressure_index,Air China,2026-04,5.830412510110539,0.5309098377490162,5.299502672361522,4.283327532523941,0.5517913739356928,0.4414902346955518,0.1343212739531351,neutral,validation_limited_positive_2025_only_weak_history,-0.12771367687190296,0.5982532398239725,0.12079768758347202,-0.3049514929557264,,,,"Synthetic yield-pressure index from operating data; economic-prior weights (gap 0.5 / LF 0.25 / mix 0.15 / industry -0.10), z-scored per company.  Positive = upward fare pressure.  Not a realized-yield forecast.",2026-08-10T13:36:52.969697+00:00
airline_yield_pressure_index,Air China,2026-05,-2.7210746891153104,-6.4351493017695605,3.71407461265425,3.2258306998510164,2.372274084234416,-7.138257605503295,0.06663882850530214,neutral,validation_limited_positive_2025_only_weak_history,-0.21084432135807696,0.4271094104910583,0.1760465301407433,-0.3887665704046456,,,,"Synthetic yield-pressure index from operating data; economic-prior weights (gap 0.5 / LF 0.25 / mix 0.15 / industry -0.10), z-scored per company.  Positive = upward fare pressure.  Not a realized-yield forecast.",2026-08-10T13:36:52.969697+00:00
airline_yield_pressure_index,Air China,2026-06,-2.856736127684356,-6.139382972149887,3.282646844465531,2.8359609404875386,1.4434118244766303,-6.450611738185852,0.04839070258548533,neutral,validation_limited_positive_2025_only_weak_history,-0.2363885283682041,0.3698907039158436,0.2130949548436302,-0.4214804756408194,,,,"Synthetic yield-pressure index from operating data; economic-prior weights (gap 0.5 / LF 0.25 / mix 0.15 / industry -0.10), z-scored per company.  Positive = upward fare pressure.  Not a realized-yield forecast.",2026-08-10T13:36:52.969697+00:00
airline_yield_pressure_index,China Southern Airlines,2017-01,17.846568744184687,12.160659964898546,5.685908779286141,3.966179313862952,1.2752358995466508,,0.07657928956386031,neutral,validation_limited_positive_2025_only_weak_history,-0.13680862711586853,0.3759599044045512,0.11823993991298638,-0.3325763603370881,2017,-0.7825168316288824,True,"Synthetic yield-pressure index from operating data; economic-prior weights (gap 0.5 / LF 0.25 / mix 0.15 / industry -0.10), z-scored per company.  Positive = upward fare pressure.  Not a realized-yield forecast.",2026-08-10T13:36:52.969697+00:00
airline_yield_pressure_index,China Southern Airlines,2017-02,8.11162985652869,4.317255969498834,3.794373887029856,2.9487046656993243,0.9168576473031322,,0.04051358674405153,neutral,validation_limited_positive_2025_only_weak_history,-0.17552582197055275,0.31096321706964725,0.11518704952138191,-0.3325763603370881,2017,-0.7825168316288824,True,"Synthetic yield-pressure index from operating data; economic-prior weights (gap 0.5 / LF 0.25 / mix 0.15 / industry -0.10), z-scored per company.  Positive = upward fare pressure.  Not a realized-yield forecast.",2026-08-10T13:36:52.969697+00:00
airline_yield_pressure_index,China Southern Airlines,2017-03,12.041565686365342,9.389363577427655,2.6522021089376864,1.931621238921963,1.0078149876304536,,-0.03601873300070916,neutral,validation_limited_positive_2025_only_weak_history,-0.25680827767996606,0.18419812724332366,0.08718825329822763,-0.3325763603370881,2017,-0.7825168316288824,True,"Synthetic yield-pressure index from operating data; economic-prior weights (gap 0.5 / LF 0.25 / mix 0.15 / industry -0.10), z-scored per company.  Positive = upward fare pressure.  Not a realized-yield forecast.",2026-08-10T13:36:52.969697+00:00
airline_yield_pressure_index,China Southern Airlines,2017-04,8.745856854934985,7.4433448623636655,1.3025119925713193,0.9903229668324371,0.46604085027233566,,-0.06586484710801768,neutral,validation_limited_positive_2025_only_weak_history,-0.2796987399060037,0.13574726073344678,0.04526714418609105,-0.3325763603370881,2017,-0.7825168316288824,True,"Synthetic yield-pressure index from operating data; economic-prior weights (gap 0.5 / LF 0.25 / mix 0.15 / industry -0.10), z-scored per company.  Positive = upward fare pressure.  Not a realized-yield forecast.",2026-08-10T13:36:52.969697+00:00
airline_yield_pressure_index,China Southern Airlines,2017-05,14.214274777407955,11.654336755932416,2.5599380214755385,1.8113030449527514,-0.2947070815253312,,-0.06563009809875475,neutral,validation_limited_positive_2025_only_weak_history,-0.28022111452185067,0.1342458632695541,0.051075715407155,-0.3325763603370881,2017,-0.7825168316288824,True,"Synthetic yield-pressure index from operating data; economic-prior weights (gap 0.5 / LF 0.25 / mix 0.15 / industry -0.10), z-scored per company.  Positive = upward fare pressure.  Not a realized-yield forecast.",2026-08-10T13:36:52.969697+00:00
airline_yield_pressure_index,China Southern Airlines,2017-06,14.392467024392985,11.768435511343188,2.624031513049797,1.8963753902544624,1.175688886135962,,-0.04206433481409461,neutral,validation_limited_positive_2025_only_weak_history,-0.26374971187198426,0.16081029198836772,0.10900208060731184,-0.3325763603370881,2017,-0.7825168316288824,True,"Synthetic yield-pressure index from operating data; economic-prior weights (gap 0.5 / LF 0.25 / mix 0.15 / industry -0.10), z-scored per company.  Positive = upward fare pressure.  Not a realized-yield forecast.",2026-08-10T13:36:52.969697+00:00
airline_yield_pressure_index,China Southern Airlines,2017-07,11.318705109126714,9.127924020623679,2.1907810885030354,1.613932541964104,2.1401745369077467,,-0.06266594040071774,neutral,validation_limited_positive_2025_only_weak_history,-0.29834360406027044,0.10670388204249392,0.1771483672339012,-0.3325763603370881,2017,-0.7825168316288824,True,"Synthetic yield-pressure index from operating data; economic-prior weights (gap 0.5 / LF 0.25 / mix 0.15 / industry -0.10), z-scored per company.  Positive = upward fare pressure.  Not a realized-yield forecast.",2026-08-10T13:36:52.969697+00:00
airline_yield_pressure_index,China Southern Airlines,2017-08,7.588580116219146,6.894220029546716,0.6943600866724298,0.5411354958817753,1.6747932257436737,,-0.11234360087702927,neutral,validation_limited_positive_2025_only_weak_history,-0.35568826518322016,0.01136951411897166,0.19600344767419386,-0.3325763603370881,2017,-0.7825168316288824,True,"Synthetic yield-pressure index from operating data; economic-prior weights (gap 0.5 / LF 0.25 / mix 0.15 / industry -0.10), z-scored per company.  Positive = upward fare pressure.  Not a realized-yield forecast.",2026-08-10T13:36:52.969697+00:00
airline_yield_pressure_index,China Southern Airlines,2017-09,10.362393856043074,10.830842769522487,-0.4684489134794134,-0.3416333885350724,1.7206208047923894,,-0.13889342839552674,neutral,validation_limited_positive_2025_only_weak_history,-0.385538626980477,-0.03900616703797061,0.2024652721366372,-0.3325763603370881,2017,-0.7825168316288824,True,"Synthetic yield-pressure index from operating data; economic-prior weights (gap 0.5 / LF 0.25 / mix 0.15 / industry -0.10), z-scored per company.  Positive = upward fare pressure.  Not a realized-yield forecast.",2026-08-10T13:36:52.969697+00:00
airline_yield_pressure_index,China Southern Airlines,2017-10,10.454522611261496,9.873510554001165,0.581012057260331,0.4313452009835572,2.326928150263619,,-0.08349730122447396,neutral,validation_limited_positive_2025_only_weak_history,-0.3197107100387441,0.06693817622725509,0.1757724913625032,-0.3325763603370881,2017,-0.7825168316288824,True,"Synthetic yield-pressure index from operating data; economic-prior weights (gap 0.5 / LF 0.25 / mix 0.15 / industry -0.10), z-scored per company.  Positive = upward fare pressure.  Not a realized-yield forecast.",2026-08-10T13:36:52.969697+00:00
airline_yield_pressure_index,China Southern Airlines,2017-11,15.366404363498788,11.122079194200229,4.244325169298559,3.028217284485791,0.9033434147717472,,-0.03599792243546963,neutral,validation_limited_positive_2025_only_weak_history,-0.26144680767855144,0.16328776538636203,0.13763936015671185,-0.3325763603370881,2017,-0.7825168316288824,True,"Synthetic yield-pressure index from operating data; economic-prior weights (gap 0.5 / LF 0.25 / mix 0.15 / industry -0.10), z-scored per company.  Positive = upward fare pressure.  Not a realized-yield forecast.",2026-08-10T13:36:52.969697+00:00
airline_yield_pressure_index,China Southern Airlines,2017-12,13.941576526390143,11.267972211308486,2.6736043150816577,1.9202080760648386,0.6185326743199724,,-0.10077487879709623,neutral,validation_limited_positive_2025_only_weak_history,-0.3230603726954018,0.054319884603247,0.09278466910722723,-0.3325763603370881,2017,-0.7825168316288824,True,"Synthetic yield-pressure index from operating data; economic-prior weights (gap 0.5 / LF 0.25 / mix 0.15 / industry -0.10), z-scored per company.  Positive = upward fare pressure.  Not a realized-yield forecast.",2026-08-10T13:36:52.969697+00:00
airline_yield_pressure_index,China Southern Airlines,2018-01,3.2317705444475875,5.973452179888139,-2.7416816354405515,-2.1267152247627763,1.030579777116209,,-0.13190519038040455,neutral,validation_limited_positive_2025_only_weak_history,-0.3509291316217416,0.009320324459414095,0.05314438854602601,-0.3325763603370881,2018,0.3146203272099654,False,"Synthetic yield-pressure index from operating data; economic-prior weights (gap 0.5 / LF 0.25 / mix 0.15 / industry -0.10), z-scored per company.  Positive = upward fare pressure.  Not a realized-yield forecast.",2026-08-10T13:36:52.969697+00:00
airline_yield_pressure_index,China Southern Airlines,2018-03,16.190042521336846,13.448622588614455,2.7414199327223905,1.9718363293578847,-0.24230293824689753,,-0.1401347719433793,neutral,validation_limited_positive_2025_only_weak_history,-0.35941935256286756,-0.003985895294938896,0.04875828085386913,-0.3325763603370881,2018,0.3146203272099654,False,"Synthetic yield-pressure index from operating data; economic-prior weights (gap 0.5 / LF 0.25 / mix 0.15 / industry -0.10), z-scored per company.  Positive = upward fare pressure.  Not a realized-yield forecast.",2026-08-10T13:36:52.969697+00:00
airline_yield_pressure_index,China Southern Airlines,2018-04,16.157961828197244,13.942217784031596,2.215744044165648,1.6078397531675392,0.49176948772474915,,-0.0943674742981303,neutral,validation_limited_positive_2025_only_weak_history,-0.30906319363851026,0.08581119255051341,0.03635792233191762,-0.3325763603370881,2018,0.3146203272099654,False,"Synthetic yield-pressure index from operating data; economic-prior weights (gap 0.5 / LF 0.25 / mix 0.15 / industry -0.10), z-scored per company.  Positive = upward fare pressure.  Not a realized-yield forecast.",2026-08-10T13:36:52.969697+00:00
airline_yield_pressure_index,China Southern Airlines,2018-05,12.690106819665758,12.716183675528203,-0.02607685586244557,-0.018696099182861303,0.672196200721892,,-0.1349323211780867,neutral,validation_limited_positive_2025_only_weak_history,-0.3660828392214549,-0.008591899211153192,0.11332958134480148,-0.3325763603370881,2018,0.3146203272099654,False,"Synthetic yield-pressure index from operating data; economic-prior weights (gap 0.5 / LF 0.25 / mix 0.15 / industry -0.10), z-scored per company.  Positive = upward fare pressure.  Not a realized-yield forecast.",2026-08-10T13:36:52.969697+00:00
airline_yield_pressure_index,China Southern Airlines,2018-06,12.528957105058037,12.86249017475769,-0.33353306969965324,-0.24431040459822384,1.9822600362194187,,-0.17138691946080903,neutral,validation_limited_positive_2025_only_weak_history,-0.4039245521857945,-0.07168628569969861,0.10159528015536025,-0.3325763603370881,2018,0.3146203272099654,False,"Synthetic yield-pressure index from operating data; economic-prior weights (gap 0.5 / LF 0.25 / mix 0.15 / industry -0.10), z-scored per company.  Positive = upward fare pressure.  Not a realized-yield forecast.",2026-08-10T13:36:52.969697+00:00
airline_yield_pressure_index,China Southern Airlines,2018-07,13.47808043925065,13.30306266945691,0.17501776979374029,0.1266762029252959,0.15263567805984835,,-0.12493352674933222,neutral,validation_limited_positive_2025_only_weak_history,-0.3531583882079422,0.014243440290385346,0.09884780832222483,-0.3325763603370881,2018,0.3146203272099654,False,"Synthetic yield-pressure index from operating data; economic-prior weights (gap 0.5 / LF 0.25 / mix 0.15 / industry -0.10), z-scored per company.  Positive = upward fare pressure.  Not a realized-yield forecast.",2026-08-10T13:36:52.969697+00:00
airline_yield_pressure_index,China Southern Airlines,2018-08,16.47631652198158,13.764677863318987,2.7116386586625936,1.9985353076384484,0.5927913367529456,,-0.08936392809019147,neutral,validation_limited_positive_2025_only_weak_history,-0.306647483143866,0.0928835127504078,0.04987532840287148,-0.3325763603370881,2018,0.3146203272099654,False,"Synthetic yield-pressure index from operating data; economic-prior weights (gap 0.5 / LF 0.25 / mix 0.15 / industry -0.10), z-scored per company.  Positive = upward fare pressure.  Not a realized-yield forecast.",2026-08-10T13:36:52.969697+00:00
airline_yield_pressure_index,China Southern Airlines,2018-09,11.447725632296901,9.273020607740023,2.1747050245568786,1.6017937482227325,0.5669031763893173,,-0.07831686898464266,neutral,validation_limited_positive_2025_only_weak_history,-0.2947479601742823,0.1128696783100377,0.050547036608535066,-0.3325763603370881,2018,0.3146203272099654,False,"Synthetic yield-pressure index from operating data; economic-prior weights (gap 0.5 / LF 0.25 / mix 0.15 / industry -0.10), z-scored per company.  Positive = upward fare pressure.  Not a realized-yield forecast.",2026-08-10T13:36:52.969697+00:00
airline_yield_pressure_index,China Southern Airlines,2018-10,13.215383715412955,12.398648981077853,0.8167347343351015,0.5958586703925874,0.1720487610455521,,-0.17347243860838174,neutral,validation_limited_positive_2025_only_weak_history,-0.389222189732794,-0.046730269644237495,-0.002909415764227903,-0.3325763603370881,2018,0.3146203272099654,False,"Synthetic yield-pressure index from operating data; economic-prior weights (gap 0.5 / LF 0.25 / mix 0.15 / industry -0.10), z-scored per company.  Positive = upward fare pressure.  Not a realized-yield forecast.",2026-08-10T13:36:52.969697+00:00
airline_yield_pressure_index,China Southern Airlines,2018-11,9.828386417232426,12.211549959854452,-2.3831635426220252,-1.7481312135321474,-0.9521571055674372,,-0.21985629944817595,neutral,validation_limited_positive_2025_only_weak_history,-0.4498760440324588,-0.14941946809690307,0.06119302372380257,-0.3325763603370881,2018,0.3146203272099654,False,"Synthetic yield-pressure index from operating data; economic-prior weights (gap 0.5 / LF 0.25 / mix 0.15 / industry -0.10), z-scored per company.  Positive = upward fare pressure.  Not a realized-yield forecast.",2026-08-10T13:36:52.969697+00:00
airline_yield_pressure_index,China Southern Airlines,2018-12,9.810123750637544,10.906357180370364,-1.0962334297328198,-0.8088723382015104,2.419531991810473,,-0.22346019340797194,neutral,validation_limited_positive_2025_only_weak_history,-0.4556673160460994,-0.16003564145346647,0.07416492629823696,-0.3325763603370881,2018,0.3146203272099654,False,"Synthetic yield-pressure index from operating data; economic-prior weights (gap 0.5 / LF 0.25 / mix 0.15 / industry -0.10), z-scored per company.  Positive = upward fare pressure.  Not a realized-yield forecast.",2026-08-10T13:36:52.969697+00:00
airline_yield_pressure_index,China Southern Airlines,2019-01,17.030178402600015,16.525755137130194,0.5044232654698213,0.3466401599368396,0.5469505696533261,,-0.18228691266730276,neutral,validation_limited_positive_2025_only_weak_history,-0.4216303447819565,-0.10373604673599941,0.14136423582644356,-0.3325763603370881,2019,-2.29126765532304,True,"Synthetic yield-pressure index from operating data; economic-prior weights (gap 0.5 / LF 0.25 / mix 0.15 / industry -0.10), z-scored per company.  Positive = upward fare pressure.  Not a realized-yield forecast.",2026-08-10T13:36:52.969697+00:00
airline_yield_pressure_index,China Southern Airlines,2019-03,6.763913620207784,7.311532835747303,-0.5476192155395188,-0.4264778584581279,0.989974554361158,,-0.19670037993986042,neutral,validation_limited_positive_2025_only_weak_history,-0.4322807506209831,-0.12483948363204968,0.11594820163289823,-0.3325763603370881,2019,-2.29126765532304,True,"Synthetic yield-pressure index from operating data; economic-prior weights (gap 0.5 / LF 0.25 / mix 0.15 / industry -0.10), z-scored per company.  Positive = upward fare pressure.  Not a realized-yield forecast.",2026-08-10T13:36:52.969697+00:00
airline_yield_pressure_index,China Southern Airlines,2019-04,6.291094012892984,7.96168207210326,-1.6705880592102762,-1.3042831545178188,1.684981517651316,,-0.18932265949436095,neutral,validation_limited_positive_2025_only_weak_history,-0.42638880732055995,-0.11357693680343657,0.12672228222046242,-0.3325763603370881,2019,-2.29126765532304,True,"Synthetic yield-pressure index from operating data; economic-prior weights (gap 0.5 / LF 0.25 / mix 0.15 / industry -0.10), z-scored per company.  Positive = upward fare pressure.  Not a realized-yield forecast.",2026-08-10T13:36:52.969697+00:00
airline_yield_pressure_index,China Southern Airlines,2019-05,9.533680752892227,8.711517021719551,0.8221637311726759,0.6110325215055923,0.8583329806131808,,-0.17342848120765847,neutral,validation_limited_positive_2025_only_weak_history,-0.40509568154969977,-0.07631350844354481,0.09960067096245863,-0.3325763603370881,2019,-2.29126765532304,True,"Synthetic yield-pressure index from operating data; economic-prior weights (gap 0.5 / LF 0.25 / mix 0.15 / industry -0.10), z-scored per company.  Positive = upward fare pressure.  Not a realized-yield forecast.",2026-08-10T13:36:52.969697+00:00
airline_yield_pressure_index,China Southern Airlines,2019-06,11.045102310118327,10.444426751976522,0.6006755581418055,0.44829460412465494,0.2061310853990932,,-0.13015801942437286,neutral,validation_limited_positive_2025_only_weak_history,-0.35040887808199717,0.01958306755980697,0.045953444619767636,-0.3325763603370881,2019,-2.29126765532304,True,"Synthetic yield-pressure index from operating data; economic-prior weights (gap 0.5 / LF 0.25 / mix 0.15 / industry -0.10), z-scored per company.  Positive = upward fare pressure.  Not a realized-yield forecast.",2026-08-10T13:36:52.969697+00:00
airline_yield_pressure_index,China Southern Airlines,2019-07,12.17838386417589,10.89982433054011,1.2785595336357805,0.9469236623514803,0.13451950429145754,,-0.14251638199655353,neutral,validation_limited_positive_2025_only_weak_history,-0.362134676006255,-0.00014488582904581733,0.035530276200843904,-0.3325763603370881,2019,-2.29126765532304,True,"Synthetic yield-pressure index from operating data; economic-prior weights (gap 0.5 / LF 0.25 / mix 0.15 / industry -0.10), z-scored per company.  Positive = upward fare pressure.  Not a realized-yield forecast.",2026-08-10T13:36:52.969697+00:00
airline_yield_pressure_index,China Southern Airlines,2019-08,10.355572690695048,10.165757287267429,0.1898154034276196,0.1479116781679437,0.5570923052954875,,-0.15889984578272584,neutral,validation_limited_positive_2025_only_weak_history,-0.3821760818118676,-0.03432859105682972,0.05008471235804378,-0.3325763603370881,2019,-2.29126765532304,True,"Synthetic yield-pressure index from operating data; economic-prior weights (gap 0.5 / LF 0.25 / mix 0.15 / industry -0.10), z-scored per company.  Positive = upward fare pressure.  Not a realized-yield forecast.",2026-08-10T13:36:52.969697+00:00
airline_yield_pressure_index,China Southern Airlines,2019-09,10.79543590671237,11.275552421630387,-0.48011651491801643,-0.3541802436941879,0.6267698010609344,,-0.1729013410870536,neutral,validation_limited_positive_2025_only_weak_history,-0.3927002671165552,-0.05130842908530073,0.020121758058935815,-0.3325763603370881,2019,-2.29126765532304,True,"Synthetic yield-pressure index from operating data; economic-prior weights (gap 0.5 / LF 0.25 / mix 0.15 / industry -0.10), z-scored per company.  Positive = upward fare pressure.  Not a realized-yield forecast.",2026-08-10T13:36:52.969697+00:00
airline_yield_pressure_index,China Southern Airlines,2019-10,7.816977634927702,7.105965915204937,0.711011719722765,0.5483158213614701,-0.7314418065887587,,-0.14490473651092234,neutral,validation_limited_positive_2025_only_weak_history,-0.35942453310186523,0.006319279948073526,-0.00019950653811283054,-0.3325763603370881,2019,-2.29126765532304,True,"Synthetic yield-pressure index from operating data; economic-prior weights (gap 0.5 / LF 0.25 / mix 0.15 / industry -0.10), z-scored per company.  Positive = upward fare pressure.  Not a realized-yield forecast.",2026-08-10T13:36:52.969697+00:00
airline_yield_pressure_index,China Southern Airlines,2019-11,8.505860726776415,6.52155296601864,1.9843077607577753,1.5007429973170048,-0.03021389800930052,,-0.12459089260812639,neutral,validation_limited_positive_2025_only_weak_history,-0.3411494581122164,0.03779047704143723,0.02185720769275795,-0.3325763603370881,2019,-2.29126765532304,True,"Synthetic yield-pressure index from operating data; economic-prior weights (gap 0.5 / LF 0.25 / mix 0.15 / industry -0.10), z-scored per company.  Positive = upward fare pressure.  Not a realized-yield forecast.",2026-08-10T13:36:52.969697+00:00
airline_yield_pressure_index,China Southern Airlines,2019-12,6.979409851383145,6.4739889057576105,0.5054209456255343,0.3846174942890883,1.2642323482585525,,-0.2035455685070439,neutral,validation_limited_positive_2025_only_weak_history,-0.4422476683568052,-0.1441750324437398,0.13576258499056573,-0.3325763603370881,2019,-2.29126765532304,True,"Synthetic yield-pressure index from operating data; economic-prior weights (gap 0.5 / LF 0.25 / mix 0.15 / industry -0.10), z-scored per company.  Positive = upward fare pressure.  Not a realized-yield forecast.",2026-08-10T13:36:52.969697+00:00
airline_yield_pressure_index,China Southern Airlines,2020-01,-2.3377501229680187,2.403258105045958,-4.7410082280139765,-3.7233903485627593,2.560544986717929,,-0.7338776530655674,downward,validation_limited_positive_2025_only_weak_history,-0.702331249839284,-1.8313752756673347,0.27916103158132954,-0.3325763603370881,2020,11.375827873451485,False,"Synthetic yield-pressure index from operating data; economic-prior weights (gap 0.5 / LF 0.25 / mix 0.15 / industry -0.10), z-scored per company.  Positive = upward fare pressure.  Not a realized-yield forecast.",2026-08-10T13:36:52.969697+00:00
airline_yield_pressure_index,China Southern Airlines,2020-02,-85.11467314943475,-73.07320467843985,-12.0414684709949,-38.10689313805179,4.114154028741549,,-1.2073892296649944,downward,validation_limited_positive_2025_only_weak_history,-0.9322057780583557,-2.9123135505478914,-0.30977059355034997,-0.3325763603370881,2020,11.375827873451485,False,"Synthetic yield-pressure index from operating data; economic-prior weights (gap 0.5 / LF 0.25 / mix 0.15 / industry -0.10), z-scored per company.  Positive = upward fare pressure.  Not a realized-yield forecast.",2026-08-10T13:36:52.969697+00:00
airline_yield_pressure_index,China Southern Airlines,2020-03,-72.32822703371211,-60.436984276836206,-11.891242756875904,-24.990799589851598,-15.756519244752035,,-1.5589340523266626,downward,validation_limited_positive_2025_only_weak_history,-0.9984235307329217,-3.589947663275399,-1.3032867145004068,-0.3325763603370881,2020,11.375827873451485,False,"Synthetic yield-pressure index from operating data; economic-prior weights (gap 0.5 / LF 0.25 / mix 0.15 / industry -0.10), z-scored per company.  Positive = upward fare pressure.  Not a realized-yield forecast.",2026-08-10T13:36:52.969697+00:00
airline_yield_pressure_index,China Southern Airlines,2020-04,-73.17536033920973,-64.86336398388264,-8.311996355327096,-19.631096311516288,-26.153129702701882,,-1.4301478225146418,downward,validation_limited_positive_2025_only_weak_history,-0.931683169747932,-2.5887935641759587,-2.3357698842026333,-0.3325763603370881,2020,11.375827873451485,False,"Synthetic yield-pressure index from operating data; economic-prior weights (gap 0.5 / LF 0.25 / mix 0.15 / industry -0.10), z-scored per company.  Positive = upward fare pressure.  Not a realized-yield forecast.",2026-08-10T13:36:52.969697+00:00
airline_yield_pressure_index,China Southern Airlines,2020-05,-61.384730657408035,-52.942433512285255,-8.44229714512278,-14.604438446129024,-25.725709896950146,,-1.3494660366116442,downward,validation_limited_positive_2025_only_weak_history,-0.8857383561754928,-2.116782479728927,-2.737725830835833,-0.3325763603370881,2020,11.375827873451485,False,"Synthetic yield-pressure index from operating data; economic-prior weights (gap 0.5 / LF 0.25 / mix 0.15 / industry -0.10), z-scored per company.  Positive = upward fare pressure.  Not a realized-yield forecast.",2026-08-10T13:36:52.969697+00:00
airline_yield_pressure_index,China Southern Airlines,2020-06,-53.3289871142218,-43.915454293911196,-9.413532820310607,-13.910168609785245,-27.37347446845463,,-1.24957969238192,downward,validation_limited_positive_2025_only_weak_history,-0.8700990356223149,-1.7306224769625633,-2.7675479424255376,-0.3325763603370881,2020,11.375827873451485,False,"Synthetic yield-pressure index from operating data; economic-prior weights (gap 0.5 / LF 0.25 / mix 0.15 / industry -0.10), z-scored per company.  Positive = upward fare pressure.  Not a realized-yield forecast.",2026-08-10T13:36:52.969697+00:00
airline_yield_pressure_index,China Southern Airlines,2020-07,-48.74158623752089,-41.27298649048873,-7.468599747032165,-10.565850534654345,-27.015020509183703,,-1.2480151726247126,downward,validation_limited_positive_2025_only_weak_history,-0.8950730224806273,-1.6537900868184272,-2.80192517142334,-0.3325763603370881,2020,11.375827873451485,False,"Synthetic yield-pressure index from operating data; economic-prior weights (gap 0.5 / LF 0.25 / mix 0.15 / industry -0.10), z-scored per company.  Positive = upward fare pressure.  Not a realized-yield forecast.",2026-08-10T13:36:52.969697+00:00
airline_yield_pressure_index,China Southern Airlines,2020-08,-44.027603670553304,-34.23851043283281,-9.789093237720493,-12.800770289689368,-26.719248450932206,,-1.0865259243671042,downward,validation_limited_positive_2025_only_weak_history,-0.7921283889952241,-1.2374027911513095,-2.7624577874358245,-0.3325763603370881,2020,11.375827873451485,False,"Synthetic yield-pressure index from operating data; economic-prior weights (gap 0.5 / LF 0.25 / mix 0.15 / industry -0.10), z-scored per company.  Positive = upward fare pressure.  Not a realized-yield forecast.",2026-08-10T13:36:52.969697+00:00
airline_yield_pressure_index,China Southern Airlines,2020-09,-27.53195008110445,-23.67001104190045,-3.8619390392039996,-4.135326195903602,-26.232825010672045,,-1.0287598940353833,downward,validation_limited_positive_2025_only_weak_history,-0.7744678597078208,-1.0724934800577144,-2.7110682013383536,-0.3325763603370881,2020,11.375827873451485,False,"Synthetic yield-pressure index from operating data; economic-prior weights (gap 0.5 / LF 0.25 / mix 0.15 / industry -0.10), z-scored per company.  Positive = upward fare pressure.  Not a realized-yield forecast.",2026-08-10T13:36:52.969697+00:00
airline_yield_pressure_index,China Southern Airlines,2020-10,-25.58523133385353,-19.069027853081323,-6.516203480772209,-6.694544792871184,-25.52980670488663,,-0.9586188223944884,downward,validation_limited_positive_2025_only_weak_history,-0.7408041846617004,-0.8816469706052568,-2.673750822973552,-0.3325763603370881,2020,11.375827873451485,False,"Synthetic yield-pressure index from operating data; economic-prior weights (gap 0.5 / LF 0.25 / mix 0.15 / industry -0.10), z-scored per company.  Positive = upward fare pressure.  Not a realized-yield forecast.",2026-08-10T13:36:52.969697+00:00
airline_yield_pressure_index,China Southern Airlines,2020-11,-29.331467518184297,-21.35778750510494,-7.973680013079356,-8.320579432405083,-25.64073644691535,,-1.1014841730536797,downward,validation_limited_positive_2025_only_weak_history,-0.8584939282032317,-1.1706238316961046,-2.7522592470783107,-0.3325763603370881,2020,11.375827873451485,False,"Synthetic yield-pressure index from operating data; economic-prior weights (gap 0.5 / LF 0.25 / mix 0.15 / industry -0.10), z-scored per company.  Positive = upward fare pressure.  Not a realized-yield forecast.",2026-08-10T13:36:52.969697+00:00
airline_yield_pressure_index,China Southern Airlines,2020-12,-34.095962070836194,-23.887255587578515,-10.208706483257679,-10.919162561265296,-28.501802134030033,,-1.1389941711509386,downward,validation_limited_positive_2025_only_weak_history,-0.8887450816391996,-1.4284241301674192,-2.83386043228254,-0.8756346705289699,2020,11.375827873451485,False,"Synthetic yield-pressure index from operating data; economic-prior weights (gap 0.5 / LF 0.25 / mix 0.15 / industry -0.10), z-scored per company.  Positive = upward fare pressure.  Not a realized-yield forecast.",2026-08-10T13:36:52.969697+00:00
airline_yield_pressure_index,China Southern Airlines,2021-01,-59.12089270265021,-50.97330631632582,-8.147586386324392,-12.746500071120934,-27.88816791998673,-40.35611240662425,-0.38501778188867186,neutral,validation_limited_positive_2025_only_weak_history,0.4067312559957289,-0.32174804538962315,-2.949538184891867,0.6551567080535049,2021,10.548885719459108,True,"Synthetic yield-pressure index from operating data; economic-prior weights (gap 0.5 / LF 0.25 / mix 0.15 / industry -0.10), z-scored per company.  Positive = upward fare pressure.  Not a realized-yield forecast.",2026-08-10T13:36:52.969697+00:00
airline_yield_pressure_index,China Southern Airlines,2021-02,126.98099449048566,65.09228210790327,61.88871238258238,17.659042050961773,-28.983946775552162,187.15827338129495,0.6028932127497704,upward,validation_limited_positive_2025_only_weak_history,1.7363614364170916,0.8591153547336161,-2.3380250279140227,1.2936258995507606,2021,10.548885719459108,True,"Synthetic yield-pressure index from operating data; economic-prior weights (gap 0.5 / LF 0.25 / mix 0.15 / industry -0.10), z-scored per company.  Positive = upward fare pressure.  Not a realized-yield forecast.",2026-08-10T13:36:52.969697+00:00
airline_yield_pressure_index,China Southern Airlines,2021-03,174.344539906081,112.84900702415088,61.49553288193012,16.802032990659093,-10.828420205439677,215.74012940710418,1.4929366189386664,upward,validation_limited_positive_2025_only_weak_history,2.9030360810122606,1.988381447898876,-1.4396789365560814,2.397249430587706,2021,10.548885719459108,True,"Synthetic yield-pressure index from operating data; economic-prior weights (gap 0.5 / LF 0.25 / mix 0.15 / industry -0.10), z-scored per company.  Positive = upward fare pressure.  Not a realized-yield forecast.",2026-08-10T13:36:52.969697+00:00
airline_yield_pressure_index,China Southern Airlines,2021-04,206.87271666412502,152.1039228349847,54.76879382914032,13.763430032161779,-1.92500850884677,205.68351779838468,1.3164525580767852,upward,validation_limited_positive_2025_only_weak_history,2.3143006038355987,1.722859995465761,-0.47909956489722577,1.9954780797287062,2021,10.548885719459108,True,"Synthetic yield-pressure index from operating data; economic-prior weights (gap 0.5 / LF 0.25 / mix 0.15 / industry -0.10), z-scored per company.  Positive = upward fare pressure.  Not a realized-yield forecast.",2026-08-10T13:36:52.969697+00:00
airline_yield_pressure_index,China Southern Airlines,2021-05,106.34930937496443,76.20989856500091,30.139410809963522,11.425829889960596,-1.2221792414688721,97.58816925399714,0.8752892301295457,upward,validation_limited_positive_2025_only_weak_history,1.37212621399576,1.2842684410100311,-0.09126028379654093,1.1815194455136089,2021,10.548885719459108,True,"Synthetic yield-pressure index from operating data; economic-prior weights (gap 0.5 / LF 0.25 / mix 0.15 / industry -0.10), z-scored per company.  Positive = upward fare pressure.  Not a realized-yield forecast.",2026-08-10T13:36:52.969697+00:00
airline_yield_pressure_index,China Southern Airlines,2021-06,23.960443383510178,13.274450603487399,10.68599278002278,6.5059375682580765,0.3805483401883012,34.277813923227065,0.41662766108386234,neutral,validation_limited_positive_2025_only_weak_history,0.4851421461803166,0.86901621810443,-0.038762861765240596,0.373830372676174,2021,10.548885719459108,True,"Synthetic yield-pressure index from operating data; economic-prior weights (gap 0.5 / LF 0.25 / mix 0.15 / industry -0.10), z-scored per company.  Positive = upward fare pressure.  Not a realized-yield forecast.",2026-08-10T13:36:52.969697+00:00
airline_yield_pressure_index,China Southern Airlines,2021-07,32.19221230812075,25.256657260903516,6.935555047217235,4.0152338620238055,-0.40777706543699255,25.618925831202045,-0.1390191038376934,neutral,validation_limited_positive_2025_only_weak_history,-0.26659738562312485,-0.16575737098401894,0.041627935888464015,-0.29474741336604177,2021,10.548885719459108,True,"Synthetic yield-pressure index from operating data; economic-prior weights (gap 0.5 / LF 0.25 / mix 0.15 / industry -0.10), z-scored per company.  Positive = upward fare pressure.  Not a realized-yield forecast.",2026-08-10T13:36:52.969697+00:00
airline_yield_pressure_index,China Southern Airlines,2021-08,-51.2336394638081,-40.833273031631855,-10.400366432176249,-12.865854492918793,1.101200483506405,-51.46322971948446,-0.4663114782859246,neutral,validation_limited_positive_2025_only_weak_history,-0.6395068092567718,-0.8147733531138567,0.008151526918717436,-0.5591253558311785,2021,10.548885719459108,True,"Synthetic yield-pressure index from operating data; economic-prior weights (gap 0.5 / LF 0.25 / mix 0.15 / industry -0.10), z-scored per company.  Positive = upward fare pressure.  Not a realized-yield forecast.",2026-08-10T13:36:52.969697+00:00
airline_yield_pressure_index,China Southern Airlines,2021-09,-25.654710313048103,-16.230459682916386,-9.424250630131716,-8.729947424932362,-0.5869555549755687,-24.662077596996244,-0.6918576252600388,downward,validation_limited_positive_2025_only_weak_history,-0.900628612769607,-1.2788346226899547,0.0036307975869730425,-0.7762071715920749,2021,10.548885719459108,True,"Synthetic yield-pressure index from operating data; economic-prior weights (gap 0.5 / LF 0.25 / mix 0.15 / industry -0.10), z-scored per company.  Positive = upward fare pressure.  Not a realized-yield forecast.",2026-08-10T13:36:52.969697+00:00
airline_yield_pressure_index,China Southern Airlines,2021-10,-27.72245618689627,-20.57624580921894,-7.146210377677331,-6.878772337720164,-0.5384309608830957,-22.776861474872334,-0.6409964394777538,downward,validation_limited_positive_2025_only_weak_history,-0.8521610530229407,-1.1789612370316727,0.014467984399132897,-0.7765419863176485,2021,10.548885719459108,True,"Synthetic yield-pressure index from operating data; economic-prior weights (gap 0.5 / LF 0.25 / mix 0.15 / industry -0.10), z-scored per company.  Positive = upward fare pressure.  Not a realized-yield forecast.",2026-08-10T13:36:52.969697+00:00
airline_yield_pressure_index,China Southern Airlines,2021-11,-53.2107932533541,-45.42418330527042,-7.7866099480836795,-10.521290630598173,1.4144067316096214,-51.53787264703234,-0.5587356239487866,downward,validation_limited_positive_2025_only_weak_history,-0.7771218612015242,-1.0444542085431545,0.05471834449787021,-0.8273110711308357,2021,10.548885719459108,True,"Synthetic yield-pressure index from operating data; economic-prior weights (gap 0.5 / LF 0.25 / mix 0.15 / industry -0.10), z-scored per company.  Positive = upward fare pressure.  Not a realized-yield forecast.",2026-08-10T13:36:52.969697+00:00
airline_yield_pressure_index,China Southern Airlines,2021-12,-37.351339342470744,-31.973799031766315,-5.377540310704429,-5.572346266788813,0.5763227468419858,-35.980436169458685,-0.4657324440835678,neutral,validation_limited_positive_2025_only_weak_history,-0.6778747616114861,-0.7924759508067686,-0.01455530865788306,-0.7350722072254984,2021,10.548885719459108,True,"Synthetic yield-pressure index from operating data; economic-prior weights (gap 0.5 / LF 0.25 / mix 0.15 / industry -0.10), z-scored per company.  Positive = upward fare pressure.  Not a realized-yield forecast.",2026-08-10T13:36:52.969697+00:00
airline_yield_pressure_index,China Southern Airlines,2022-01,17.28686071170966,19.080877757667114,-1.7940170459574531,-0.9634915721256263,-2.5405133622837965,-2.2133130114972865,-0.2299430259169231,neutral,validation_limited_positive_2025_only_weak_history,-0.39076420442202425,-0.1959183422278031,-0.14809391611011125,-0.3663274926755652,2022,27.89034636822494,False,"Synthetic yield-pressure index from operating data; economic-prior weights (gap 0.5 / LF 0.25 / mix 0.15 / industry -0.10), z-scored per company.  Positive = upward fare pressure.  Not a realized-yield forecast.",2026-08-10T13:36:52.969697+00:00
airline_yield_pressure_index,China Southern Airlines,2022-02,50.810163052485315,43.113487181604256,7.696675870881059,3.4831150641502404,-2.445001336368938,30.669339012067297,-0.27359787147192416,neutral,validation_limited_positive_2025_only_weak_history,-0.40889426877661506,-0.4198403979424018,-0.10082081367479893,-0.5093248445320367,2022,27.89034636822494,False,"Synthetic yield-pressure index from operating data; economic-prior weights (gap 0.5 / LF 0.25 / mix 0.15 / industry -0.10), z-scored per company.  Positive = upward fare pressure.  Not a realized-yield forecast.",2026-08-10T13:36:52.969697+00:00
airline_yield_pressure_index,China Southern Airlines,2022-03,-62.36469752961966,-56.00943988568212,-6.3552576439375414,-10.828997539243758,1.9425657863501606,-67.85998076199239,-0.44727689412651916,neutral,validation_limited_positive_2025_only_weak_history,-0.5047281133742451,-1.2286795890927762,0.16253053922797514,-0.8787747894960117,2022,27.89034636822494,False,"Synthetic yield-pressure index from operating data; economic-prior weights (gap 0.5 / LF 0.25 / mix 0.15 / industry -0.10), z-scored per company.  Positive = upward fare pressure.  Not a realized-yield forecast.",2026-08-10T13:36:52.969697+00:00
airline_yield_pressure_index,China Southern Airlines,2022-04,-80.05152016351629,-73.08937965473474,-6.962140508781545,-19.95128422079256,5.070621391159194,-84.57774733339856,-0.7497733267141111,downward,validation_limited_positive_2025_only_weak_history,-0.8138131348070148,-2.1185621890282054,0.3392948649136582,-1.358795582093989,2022,27.89034636822494,False,"Synthetic yield-pressure index from operating data; economic-prior weights (gap 0.5 / LF 0.25 / mix 0.15 / industry -0.10), z-scored per company.  Positive = upward fare pressure.  Not a realized-yield forecast.",2026-08-10T13:36:52.969697+00:00
airline_yield_pressure_index,China Southern Airlines,2022-05,-68.65361873454519,-59.68197082084872,-8.971647913696472,-17.407200927090088,2.663676054371156,-76.34553968533866,-0.7707101838399888,downward,validation_limited_positive_2025_only_weak_history,-0.8683455658975049,-2.0163705829797043,0.27446446234648236,-1.2638557550171732,2022,27.89034636822494,False,"Synthetic yield-pressure index from operating data; economic-prior weights (gap 0.5 / LF 0.25 / mix 0.15 / industry -0.10), z-scored per company.  Positive = upward fare pressure.  Not a realized-yield forecast.",2026-08-10T13:36:52.969697+00:00
airline_yield_pressure_index,China Southern Airlines,2022-06,-26.071852176963617,-16.775771927120008,-9.296080249843609,-8.430012614535215,0.06889806214864302,-46.694284952879315,-0.683925083829116,downward,validation_limited_positive_2025_only_weak_history,-0.8786489496594723,-1.4457024380053274,0.0971209214889163,-1.0225686227861457,2022,27.89034636822494,False,"Synthetic yield-pressure index from operating data; economic-prior weights (gap 0.5 / LF 0.25 / mix 0.15 / industry -0.10), z-scored per company.  Positive = upward fare pressure.  Not a realized-yield forecast.",2026-08-10T13:36:52.969697+00:00
airline_yield_pressure_index,China Southern Airlines,2022-07,-19.741714644900345,-12.223933698335276,-7.517780946565068,-6.554643050918344,-0.05479593532016391,-30.785675020868542,-0.20361904880941178,neutral,validation_limited_positive_2025_only_weak_history,-0.3243988510918869,-0.33848188949654007,-0.03333658882287095,-0.48201337434097324,2022,27.89034636822494,False,"Synthetic yield-pressure index from operating data; economic-prior weights (gap 0.5 / LF 0.25 / mix 0.15 / industry -0.10), z-scored per company.  Positive = upward fare pressure.  Not a realized-yield forecast.",2026-08-10T13:36:52.969697+00:00
airline_yield_pressure_index,China Southern Airlines,2022-08,67.90477529152903,46.98684765176242,20.917927639766617,8.585202039347685,-1.1066850227115501,44.16476993796583,-0.027300444632557666,neutral,validation_limited_positive_2025_only_weak_history,-0.1628511303176957,-0.005257109570668071,0.05526309621390785,-0.47149933486871015,2022,27.89034636822494,False,"Synthetic yield-pressure index from operating data; economic-prior weights (gap 0.5 / LF 0.25 / mix 0.15 / industry -0.10), z-scored per company.  Positive = upward fare pressure.  Not a realized-yield forecast.",2026-08-10T13:36:52.969697+00:00
airline_yield_pressure_index,China Southern Airlines,2022-09,-34.35748554094188,-33.77334385105352,-0.5841416898883622,-0.6074403457122344,2.629523380737719,-44.350305950106595,0.10529315146460293,neutral,validation_limited_positive_2025_only_weak_history,-0.05968354850968109,0.1614613855200654,0.23302376070864597,-0.5981601523313023,2022,27.89034636822494,False,"Synthetic yield-pressure index from operating data; economic-prior weights (gap 0.5 / LF 0.25 / mix 0.15 / industry -0.10), z-scored per company.  Positive = upward fare pressure.  Not a realized-yield forecast.",2026-08-10T13:36:52.969697+00:00
airline_yield_pressure_index,China Southern Airlines,2022-10,-50.47243057094531,-48.518266553070276,-1.954164017875037,-2.6408660602431837,5.082676708803735,-59.02318519852808,-0.056467386650634624,neutral,validation_limited_positive_2025_only_weak_history,-0.40410857182401133,-0.1021103189080317,0.4855433259848841,-0.9828298009064635,2022,27.89034636822494,False,"Synthetic yield-pressure index from operating data; economic-prior weights (gap 0.5 / LF 0.25 / mix 0.15 / industry -0.10), z-scored per company.  Positive = upward fare pressure.  Not a realized-yield forecast.",2026-08-10T13:36:52.969697+00:00
airline_yield_pressure_index,China Southern Airlines,2022-11,-35.85755105803037,-38.20134080686503,2.3437897488346664,2.3977609181792587,6.191399524846686,-41.5927147702458,-0.005398360071711572,neutral,validation_limited_positive_2025_only_weak_history,-0.35866382508045125,-0.007369745226502928,0.5567460100699729,-0.9226408726464383,2022,27.89034636822494,False,"Synthetic yield-pressure index from operating data; economic-prior weights (gap 0.5 / LF 0.25 / mix 0.15 / industry -0.10), z-scored per company.  Positive = upward fare pressure.  Not a realized-yield forecast.",2026-08-10T13:36:52.969697+00:00
airline_yield_pressure_index,China Southern Airlines,2022-12,-23.177246144795394,-25.043846808963643,1.8666006641682493,1.6166288984129267,4.687356831771925,-30.93190625576674,0.265620045860929,neutral,validation_limited_positive_2025_only_weak_history,0.03469085929076287,0.5173728195935599,0.4582616364787062,-0.5019216584535167,2022,27.89034636822494,False,"Synthetic yield-pressure index from operating data; economic-prior weights (gap 0.5 / LF 0.25 / mix 0.15 / industry -0.10), z-scored per company.  Positive = upward fare pressure.  Not a realized-yield forecast.",2026-08-10T13:36:52.969697+00:00
airline_yield_pressure_index,China Southern Airlines,2023-01,44.60924891571831,25.35059837892286,19.25865053679545,9.677655499724885,2.236373356839228,34.77111781248941,0.4116020373643392,neutral,validation_limited_positive_2025_only_weak_history,0.28035124498651387,0.7707260555430863,0.42849952536281977,-0.14469972180887755,2023,-24.068049808298227,False,"Synthetic yield-pressure index from operating data; economic-prior weights (gap 0.5 / LF 0.25 / mix 0.15 / industry -0.10), z-scored per company.  Positive = upward fare pressure.  Not a realized-yield forecast.",2026-08-10T13:36:52.969697+00:00
airline_yield_pressure_index,China Southern Airlines,2023-02,43.102614605611286,27.51086210905207,15.591752496559216,8.34531979479165,5.331242796000923,38.04563175049529,0.7075355780139255,upward,validation_limited_positive_2025_only_weak_history,0.9029762418535641,1.1252511171517254,0.41777031978219453,0.8793087016811697,2023,-24.068049808298227,False,"Synthetic yield-pressure index from operating data; economic-prior weights (gap 0.5 / LF 0.25 / mix 0.15 / industry -0.10), z-scored per company.  Positive = upward fare pressure.  Not a realized-yield forecast.",2026-08-10T13:36:52.969697+00:00
airline_yield_pressure_index,China Southern Airlines,2023-03,164.1266474078941,128.68315260617234,35.443494801721755,9.93923298613845,4.3772713563360774,197.35849056603772,1.5816831169165138,upward,validation_limited_positive_2025_only_weak_history,2.8946350810029116,1.512979625435086,0.465205883618747,3.1366021248652554,2023,-24.068049808298227,False,"Synthetic yield-pressure index from operating data; economic-prior weights (gap 0.5 / LF 0.25 / mix 0.15 / industry -0.10), z-scored per company.  Positive = upward fare pressure.  Not a realized-yield forecast.",2026-08-10T13:36:52.969697+00:00
airline_yield_pressure_index,China Southern Airlines,2023-04,412.23582420141406,285.5710811743745,126.66474302703955,18.779722511080507,3.6073117039789846,538.0076142131979,1.9989451245402057,upward,validation_limited_positive_2025_only_weak_history,3.842476224757598,1.772318114983051,0.5229546482196313,4.438157138173008,2023,-24.068049808298227,False,"Synthetic yield-pressure index from operating data; economic-prior weights (gap 0.5 / LF 0.25 / mix 0.15 / industry -0.10), z-scored per company.  Positive = upward fare pressure.  Not a realized-yield forecast.",2026-08-10T13:36:52.969697+00:00
airline_yield_pressure_index,China Southern Airlines,2023-05,247.7976903034998,181.09080124286118,66.70688906063862,14.43338466508024,7.00024363604772,328.21171208481735,2.064014763905246,upward,validation_limited_positive_2025_only_weak_history,3.797682028747826,1.8771200867830802,0.7640701036265298,4.187167877084167,2023,-24.068049808298227,False,"Synthetic yield-pressure index from operating data; economic-prior weights (gap 0.5 / LF 0.25 / mix 0.15 / industry -0.10), z-scored per company.  Positive = upward fare pressure.  Not a realized-yield forecast.",2026-08-10T13:36:52.969697+00:00
airline_yield_pressure_index,China Southern Airlines,2023-06,111.60018858253923,78.57235326279314,33.02783531974609,12.399497191289257,11.345764975266507,141.4034449847748,1.2786064757677145,upward,validation_limited_positive_2025_only_weak_history,1.8885739393398304,1.5431867893839661,1.0895178023178762,2.149048615958734,2023,-24.068049808298227,False,"Synthetic yield-pressure index from operating data; economic-prior weights (gap 0.5 / LF 0.25 / mix 0.15 / industry -0.10), z-scored per company.  Positive = upward fare pressure.  Not a realized-yield forecast.",2026-08-10T13:36:52.969697+00:00
airline_yield_pressure_index,China Southern Airlines,2023-07,75.36346726559961,51.653023435909915,23.710443829689694,10.940517538232953,13.013097027027001,83.63336863160373,1.040380292066398,upward,validation_limited_positive_2025_only_weak_history,1.20394109146677,1.438605734834734,1.2693743573365073,1.1164784097614646,2023,-24.068049808298227,False,"Synthetic yield-pressure index from operating data; economic-prior weights (gap 0.5 / LF 0.25 / mix 0.15 / industry -0.10), z-scored per company.  Positive = upward fare pressure.  Not a realized-yield forecast.",2026-08-10T13:36:52.969697+00:00
airline_yield_pressure_index,China Southern Airlines,2023-08,101.14713349443059,71.36109530196575,29.786038192464844,11.978306572319326,12.198289749910737,98.01256849209051,1.0274266884850425,upward,validation_limited_positive_2025_only_weak_history,1.2335114007571877,1.3553265534817909,1.2971973401038537,1.2274025127957733,2023,-24.068049808298227,False,"Synthetic yield-pressure index from operating data; economic-prior weights (gap 0.5 / LF 0.25 / mix 0.15 / industry -0.10), z-scored per company.  Positive = upward fare pressure.  Not a realized-yield forecast.",2026-08-10T13:36:52.969697+00:00
airline_yield_pressure_index,China Southern Airlines,2023-09,160.90028631774328,126.27778462633677,34.62250169140651,10.444488278786608,12.149878828302901,166.1326434150953,1.3330126113260459,upward,validation_limited_positive_2025_only_weak_history,1.9551083555896442,1.4947834142870147,1.200154703295973,1.9826062553492605,2023,-24.068049808298227,False,"Synthetic yield-pressure index from operating data; economic-prior weights (gap 0.5 / LF 0.25 / mix 0.15 / industry -0.10), z-scored per company.  Positive = upward fare pressure.  Not a realized-yield forecast.",2026-08-10T13:36:52.969697+00:00
airline_yield_pressure_index,China Southern Airlines,2023-10,257.5092104534803,194.88451698025435,62.62469347322596,14.214317800850665,10.208461404566803,251.99698568198943,1.6324487178088003,upward,validation_limited_positive_2025_only_weak_history,2.7319969264796815,1.55149533118213,1.085506057946751,2.842494869185856,2023,-24.068049808298227,False,"Synthetic yield-pressure index from operating data; economic-prior weights (gap 0.5 / LF 0.25 / mix 0.15 / industry -0.10), z-scored per company.  Positive = upward fare pressure.  Not a realized-yield forecast.",2026-08-10T13:36:52.969697+00:00
airline_yield_pressure_index,China Southern Airlines,2023-11,325.09048134226475,253.40842960600048,71.68205173626427,13.309639339690989,8.884821717814546,289.71442208257105,1.7927696074404342,upward,validation_limited_positive_2025_only_weak_history,2.983982460813011,1.6537871366947399,1.1564645559677798,2.861380905349234,2023,-24.068049808298227,False,"Synthetic yield-pressure index from operating data; economic-prior weights (gap 0.5 / LF 0.25 / mix 0.15 / industry -0.10), z-scored per company.  Positive = upward fare pressure.  Not a realized-yield forecast.",2026-08-10T13:36:52.969697+00:00
airline_yield_pressure_index,China Southern Airlines,2023-12,197.92276750872185,149.71120072503842,48.21156678368342,12.845825422167067,14.200655041855745,170.34305867265144,1.4284452925335902,upward,validation_limited_positive_2025_only_weak_history,2.121632521432523,1.4037223345156984,1.3972385065856647,1.928873277994456,2023,-24.068049808298227,False,"Synthetic yield-pressure index from operating data; economic-prior weights (gap 0.5 / LF 0.25 / mix 0.15 / industry -0.10), z-scored per company.  Positive = upward fare pressure.  Not a realized-yield forecast.",2026-08-10T13:36:52.969697+00:00
airline_yield_pressure_index,China Southern Airlines,2024-01,56.50835588094858,40.38843296753218,16.119922913416396,8.34395609674921,17.16708517115178,44.10559396605909,1.0056227042444161,upward,validation_limited_positive_2025_only_weak_history,1.0958026764301398,1.2204350880431811,1.5704391076247644,0.8295327212516356,2024,-12.084007740083678,False,"Synthetic yield-pressure index from operating data; economic-prior weights (gap 0.5 / LF 0.25 / mix 0.15 / industry -0.10), z-scored per company.  Positive = upward fare pressure.  Not a realized-yield forecast.",2026-08-10T13:36:52.969697+00:00
airline_yield_pressure_index,China Southern Airlines,2024-02,55.49528283775218,39.134139002882115,16.361143834870063,9.006904915787132,13.890503668393272,44.62962962962962,0.6904347767437373,upward,validation_limited_positive_2025_only_weak_history,0.4549852939421078,1.0250824737621624,1.4981655382143535,0.1805331940001016,2024,-12.084007740083678,False,"Synthetic yield-pressure index from operating data; economic-prior weights (gap 0.5 / LF 0.25 / mix 0.15 / industry -0.10), z-scored per company.  Positive = upward fare pressure.  Not a realized-yield forecast.",2026-08-10T13:36:52.969697+00:00
airline_yield_pressure_index,China Southern Airlines,2024-03,36.08794422357526,22.434349769260532,13.653594454314732,8.259852123732543,12.111871863673114,25.656397689480137,0.610792938254906,upward,validation_limited_positive_2025_only_weak_history,0.3467786923420828,0.973493148364699,1.3157538987962136,0.033327798267422284,2024,-12.084007740083678,False,"Synthetic yield-pressure index from operating data; economic-prior weights (gap 0.5 / LF 0.25 / mix 0.15 / industry -0.10), z-scored per company.  Positive = upward fare pressure.  Not a realized-yield forecast.",2026-08-10T13:36:52.969697+00:00
airline_yield_pressure_index,China Southern Airlines,2024-04,19.787147552006523,9.502585610588298,10.284561941418225,7.132878018128352,11.895194395179645,11.287916459472891,0.5515766570162807,upward,validation_limited_positive_2025_only_weak_history,0.25821540268883614,0.9225693311503473,1.2090944625001536,-0.10462453509252718,2024,-12.084007740083678,False,"Synthetic yield-pressure index from operating data; economic-prior weights (gap 0.5 / LF 0.25 / mix 0.15 / industry -0.10), z-scored per company.  Positive = upward fare pressure.  Not a realized-yield forecast.",2026-08-10T13:36:52.969697+00:00
airline_yield_pressure_index,China Southern Airlines,2024-05,23.192399386524798,11.60729283914501,11.585106547379787,7.811449882544366,10.807932292064375,13.874811404696509,0.4183109069813651,neutral,validation_limited_positive_2025_only_weak_history,0.10803261177034197,0.737845676345512,1.083656334291415,-0.17284731866103842,2024,-12.084007740083678,False,"Synthetic yield-pressure index from operating data; economic-prior weights (gap 0.5 / LF 0.25 / mix 0.15 / industry -0.10), z-scored per company.  Positive = upward fare pressure.  Not a realized-yield forecast.",2026-08-10T13:36:52.969697+00:00
airline_yield_pressure_index,China Southern Airlines,2024-06,18.021790257245417,12.46724691287091,5.5545433443745065,3.923397494537838,8.486576278543389,10.446946306197757,0.291613606990463,neutral,validation_limited_positive_2025_only_weak_history,-0.009344175800664108,0.5555400079177515,0.9324834206149425,-0.17528179819115786,2024,-12.084007740083678,False,"Synthetic yield-pressure index from operating data; economic-prior weights (gap 0.5 / LF 0.25 / mix 0.15 / industry -0.10), z-scored per company.  Positive = upward fare pressure.  Not a realized-yield forecast.",2026-08-10T13:36:52.969697+00:00
airline_yield_pressure_index,China Southern Airlines,2024-07,16.109395195300902,12.154723621775076,3.9546715735258253,2.853186493958148,7.526136084372247,10.745178445569303,0.22924364178599724,neutral,validation_limited_positive_2025_only_weak_history,-0.06241078109404315,0.49117673060000905,0.8012564133606734,-0.17466387678915524,2024,-12.084007740083678,False,"Synthetic yield-pressure index from operating data; economic-prior weights (gap 0.5 / LF 0.25 / mix 0.15 / industry -0.10), z-scored per company.  Positive = upward fare pressure.  Not a realized-yield forecast.",2026-08-10T13:36:52.969697+00:00
airline_yield_pressure_index,China Southern Airlines,2024-08,20.719730727258103,11.996397795041403,8.7233329322167,6.300498661004539,7.015331933288081,14.012569570383349,0.28805986416671436,neutral,validation_limited_positive_2025_only_weak_history,0.010537175251525734,0.6137173265800147,0.7506716066936694,-0.16761203891897367,2024,-12.084007740083678,False,"Synthetic yield-pressure index from operating data; economic-prior weights (gap 0.5 / LF 0.25 / mix 0.15 / industry -0.10), z-scored per company.  Positive = upward fare pressure.  Not a realized-yield forecast.",2026-08-10T13:36:52.969697+00:00
airline_yield_pressure_index,China Southern Airlines,2024-09,19.309540879661302,9.821063272944519,9.488477606716783,6.8000823201125655,7.024621457443345,12.019068984856984,0.34191669389492046,neutral,validation_limited_positive_2025_only_weak_history,0.07572459081853779,0.7296431109175976,0.7099773854823782,-0.15147012933895473,2024,-12.084007740083678,False,"Synthetic yield-pressure index from operating data; economic-prior weights (gap 0.5 / LF 0.25 / mix 0.15 / industry -0.10), z-scored per company.  Positive = upward fare pressure.  Not a realized-yield forecast.",2026-08-10T13:36:52.969697+00:00
airline_yield_pressure_index,China Southern Airlines,2024-10,16.20805366240956,8.737957936933661,7.4700957254759,5.57458622300129,6.350029723377386,14.343823592378513,0.32464058869790646,neutral,validation_limited_positive_2025_only_weak_history,0.06201477938604914,0.7117365459154079,0.6738756817502417,-0.1461771026349368,2024,-12.084007740083678,False,"Synthetic yield-pressure index from operating data; economic-prior weights (gap 0.5 / LF 0.25 / mix 0.15 / industry -0.10), z-scored per company.  Positive = upward fare pressure.  Not a realized-yield forecast.",2026-08-10T13:36:52.969697+00:00
airline_yield_pressure_index,China Southern Airlines,2024-11,15.15317614242222,7.169185333362815,7.983990809059405,5.880135569018506,5.971954221704383,15.192586393419184,0.26463503256286364,neutral,validation_limited_positive_2025_only_weak_history,0.01097041137015254,0.6424826699548581,0.5612083774294454,-0.14347902774656004,2024,-12.084007740083678,False,"Synthetic yield-pressure index from operating data; economic-prior weights (gap 0.5 / LF 0.25 / mix 0.15 / industry -0.10), z-scored per company.  Positive = upward fare pressure.  Not a realized-yield forecast.",2026-08-10T13:36:52.969697+00:00
airline_yield_pressure_index,China Southern Airlines,2024-12,10.070776209699982,3.335017092944592,6.73575911675539,5.174322526023971,3.7684162925914393,12.620572422517395,0.2144102560663164,neutral,validation_limited_positive_2025_only_weak_history,-0.031140977629490803,0.5645834879255144,0.49322207849195715,-0.14851561125889606,2024,-12.084007740083678,False,"Synthetic yield-pressure index from operating data; economic-prior weights (gap 0.5 / LF 0.25 / mix 0.15 / industry -0.10), z-scored per company.  Positive = upward fare pressure.  Not a realized-yield forecast.",2026-08-10T13:36:52.969697+00:00
airline_yield_pressure_index,China Southern Airlines,2025-01,17.639600464538297,12.440485919614463,5.199114544923834,3.7458747410932034,4.385153230822905,13.220977703339276,0.10003392973549481,neutral,validation_limited_positive_2025_only_weak_history,-0.15473332140381957,0.3626231095983388,0.42924788908835965,-0.22357629674565946,2025,-3.347840859892031,True,"Synthetic yield-pressure index from operating data; economic-prior weights (gap 0.5 / LF 0.25 / mix 0.15 / industry -0.10), z-scored per company.  Positive = upward fare pressure.  Not a realized-yield forecast.",2026-08-10T13:36:52.969697+00:00
airline_yield_pressure_index,China Southern Airlines,2025-02,0.4371810559434586,-0.8817271367672186,1.3189081927106772,1.1390426189245488,4.123031970399946,-1.5412932138284319,0.044963455657092685,neutral,validation_limited_positive_2025_only_weak_history,-0.2237403908797756,0.24476805726191372,0.46131716159028563,-0.2644406254295921,2025,-3.347840859892031,True,"Synthetic yield-pressure index from operating data; economic-prior weights (gap 0.5 / LF 0.25 / mix 0.15 / industry -0.10), z-scored per company.  Positive = upward fare pressure.  Not a realized-yield forecast.",2026-08-10T13:36:52.969697+00:00
airline_yield_pressure_index,China Southern Airlines,2025-03,6.088135894319602,3.0737870617576935,3.0143488325619083,2.407632532702678,4.695252444244531,3.510360438795068,0.013321621343507617,neutral,validation_limited_positive_2025_only_weak_history,-0.25924734326633914,0.19178904215492956,0.44410755792005874,-0.2838189874993599,2025,-3.347840859892031,True,"Synthetic yield-pressure index from operating data; economic-prior weights (gap 0.5 / LF 0.25 / mix 0.15 / industry -0.10), z-scored per company.  Positive = upward fare pressure.  Not a realized-yield forecast.",2026-08-10T13:36:52.969697+00:00
airline_yield_pressure_index,China Southern Airlines,2025-04,12.331441497617224,9.047144358724024,3.2842971388931996,2.5021731937543734,3.8877773444123243,8.90080428954423,0.04005631357215608,neutral,validation_limited_positive_2025_only_weak_history,-0.2172056354005041,0.26428896299337046,0.390357371920681,-0.24033284735963373,2025,-3.347840859892031,True,"Synthetic yield-pressure index from operating data; economic-prior weights (gap 0.5 / LF 0.25 / mix 0.15 / industry -0.10), z-scored per company.  Positive = upward fare pressure.  Not a realized-yield forecast.",2026-08-10T13:36:52.969697+00:00
airline_yield_pressure_index,China Southern Airlines,2025-05,8.436469985939832,4.850338373873697,3.5861316120661346,2.8410044909342247,2.569594313237335,8.153420189906747,0.013892590624404452,neutral,validation_limited_positive_2025_only_weak_history,-0.23100405380826994,0.23893917527177166,0.3066983220021828,-0.23655075410269089,2025,-3.347840859892031,True,"Synthetic yield-pressure index from operating data; economic-prior weights (gap 0.5 / LF 0.25 / mix 0.15 / industry -0.10), z-scored per company.  Positive = upward fare pressure.  Not a realized-yield forecast.",2026-08-10T13:36:52.969697+00:00
airline_yield_pressure_index,China Southern Airlines,2025-06,6.684239814655246,4.414011498414583,2.2702283162406633,1.8125370944353278,2.277416745827672,4.353532770817337,-0.043596955716623746,neutral,validation_limited_positive_2025_only_weak_history,-0.27746398236861997,0.15844743804244218,0.19744653985416938,-0.2590619497895028,2025,-3.347840859892031,True,"Synthetic yield-pressure index from operating data; economic-prior weights (gap 0.5 / LF 0.25 / mix 0.15 / industry -0.10), z-scored per company.  Positive = upward fare pressure.  Not a realized-yield forecast.",2026-08-10T13:36:52.969697+00:00
airline_yield_pressure_index,China Southern Airlines,2025-07,7.276497715119512,6.497689611775392,0.7788081033441197,0.6126005405453014,0.7302844102889985,3.882203193705158,-0.11716092630280288,neutral,validation_limited_positive_2025_only_weak_history,-0.34857063868744215,0.028737395835848698,0.14583684053011012,-0.28064518002439515,2025,-3.347840859892031,True,"Synthetic yield-pressure index from operating data; economic-prior weights (gap 0.5 / LF 0.25 / mix 0.15 / industry -0.10), z-scored per company.  Positive = upward fare pressure.  Not a realized-yield forecast.",2026-08-10T13:36:52.969697+00:00
airline_yield_pressure_index,China Southern Airlines,2025-08,5.971511350376568,6.220016451751453,-0.24850510137488513,-0.203985678701045,1.0780190021163385,3.341697862245807,-0.146971846386597,neutral,validation_limited_positive_2025_only_weak_history,-0.3727141630852038,-0.014644901247985308,0.10057535121678823,-0.27960157785483003,2025,-3.347840859892031,True,"Synthetic yield-pressure index from operating data; economic-prior weights (gap 0.5 / LF 0.25 / mix 0.15 / industry -0.10), z-scored per company.  Positive = upward fare pressure.  Not a realized-yield forecast.",2026-08-10T13:36:52.969697+00:00
airline_yield_pressure_index,China Southern Airlines,2025-09,5.218793188174309,4.250575820562785,0.9682173676115235,0.7941219747634563,0.9693114693288862,4.586191358333758,-0.13020682367123018,neutral,validation_limited_positive_2025_only_weak_history,-0.3602697696665028,0.009142307487689091,0.1370701697300741,-0.2708195883058784,2025,-3.347840859892031,True,"Synthetic yield-pressure index from operating data; economic-prior weights (gap 0.5 / LF 0.25 / mix 0.15 / industry -0.10), z-scored per company.  Positive = upward fare pressure.  Not a realized-yield forecast.",2026-08-10T13:36:52.969697+00:00
airline_yield_pressure_index,China Southern Airlines,2025-10,8.824456863688512,7.374548045582996,1.4499088181055164,1.1710138717801044,1.785023557991849,5.840042438993942,-0.0885283540665413,neutral,validation_limited_positive_2025_only_weak_history,-0.32048158316657677,0.0809866394643749,0.1723730861600581,-0.25609814726644636,2025,-3.347840859892031,True,"Synthetic yield-pressure index from operating data; economic-prior weights (gap 0.5 / LF 0.25 / mix 0.15 / industry -0.10), z-scored per company.  Positive = upward fare pressure.  Not a realized-yield forecast.",2026-08-10T13:36:52.969697+00:00
airline_yield_pressure_index,China Southern Airlines,2025-11,10.42331124450242,8.526120730128483,1.8971905143739374,1.482586007588182,2.0983109093971173,6.623666583974197,-0.10627474402107324,neutral,validation_limited_positive_2025_only_weak_history,-0.35070527395316764,0.025831364798792555,0.25204588166196845,-0.2481316950651717,2025,-3.347840859892031,True,"Synthetic yield-pressure index from operating data; economic-prior weights (gap 0.5 / LF 0.25 / mix 0.15 / industry -0.10), z-scored per company.  Positive = upward fare pressure.  Not a realized-yield forecast.",2026-08-10T13:36:52.969697+00:00
airline_yield_pressure_index,China Southern Airlines,2025-12,11.086398004869835,11.748082538232275,-0.6616845333624397,-0.5006680530798491,3.271940166939647,6.362216332906256,-0.15344923552114803,neutral,validation_limited_positive_2025_only_weak_history,-0.41008974604232523,-0.0880136123680674,0.2990017495379359,-0.2874877816134105,2025,-3.347840859892031,True,"Synthetic yield-pressure index from operating data; economic-prior weights (gap 0.5 / LF 0.25 / mix 0.15 / industry -0.10), z-scored per company.  Positive = upward fare pressure.  Not a realized-yield forecast.",2026-08-10T13:36:52.969697+00:00
airline_yield_pressure_index,China Southern Airlines,2026-01,-2.8249663986744222,-1.0723919519168734,-1.7525744467575488,-1.5015381560984196,3.1420981806568626,-2.9339250493096714,-0.19974465246494824,neutral,validation_limited_positive_2025_only_weak_history,-0.4557042863446191,-0.16934418615608807,0.291154621525743,-0.26770344017521863,,,,"Synthetic yield-pressure index from operating data; economic-prior weights (gap 0.5 / LF 0.25 / mix 0.15 / industry -0.10), z-scored per company.  Positive = upward fare pressure.  Not a realized-yield forecast.",2026-08-10T13:36:52.969697+00:00
airline_yield_pressure_index,China Southern Airlines,2026-02,13.831086527219828,14.393794986658426,-0.562708459438598,-0.42667863732556555,1.871520547130146,11.034348228944847,-0.17936187429710643,neutral,validation_limited_positive_2025_only_weak_history,-0.41763598531329527,-0.10332497513376629,0.2072364967371854,-0.24201887632404973,,,,"Synthetic yield-pressure index from operating data; economic-prior weights (gap 0.5 / LF 0.25 / mix 0.15 / industry -0.10), z-scored per company.  Positive = upward fare pressure.  Not a realized-yield forecast.",2026-08-10T13:36:52.969697+00:00
airline_yield_pressure_index,China Southern Airlines,2026-03,13.756446566956559,12.365185394385158,1.3912611725714008,1.0491568112884977,0.8466169286809802,12.088281801971522,-0.16803556613928575,neutral,validation_limited_positive_2025_only_weak_history,-0.4008766759341963,-0.0692102452729268,0.1801167037206033,-0.22687827587953616,,,,"Synthetic yield-pressure index from operating data; economic-prior weights (gap 0.5 / LF 0.25 / mix 0.15 / industry -0.10), z-scored per company.  Positive = upward fare pressure.  Not a realized-yield forecast.",2026-08-10T13:36:52.969697+00:00
airline_yield_pressure_index,China Southern Airlines,2026-04,2.8204000015713993,3.6691791306464605,-0.8487791290750613,-0.7006825299737471,2.3583072608095925,0.4414902346955518,-0.165912538688368,neutral,validation_limited_positive_2025_only_weak_history,-0.41610251144271043,-0.10301638542523021,0.247023794241947,-0.30839244253002707,,,,"Synthetic yield-pressure index from operating data; economic-prior weights (gap 0.5 / LF 0.25 / mix 0.15 / industry -0.10), z-scored per company.  Positive = upward fare pressure.  Not a realized-yield forecast.",2026-08-10T13:36:52.969697+00:00
airline_yield_pressure_index,China Southern Airlines,2026-05,-3.9671031068656437,-2.58329644289359,-1.3838066639720537,-1.2202900083952102,3.805206766341481,-7.138257605503295,-0.1988309926067882,neutral,validation_limited_positive_2025_only_weak_history,-0.4667101774422123,-0.19670647178869408,0.2969716859464442,-0.39154961169524877,,,,"Synthetic yield-pressure index from operating data; economic-prior weights (gap 0.5 / LF 0.25 / mix 0.15 / industry -0.10), z-scored per company.  Positive = upward fare pressure.  Not a realized-yield forecast.",2026-08-10T13:36:52.969697+00:00
airline_yield_pressure_index,China Southern Airlines,2026-06,-2.2659885060174356,-0.9280816362450706,-1.337906869772365,-1.1502518629808662,2.290164228601842,-6.450611738185852,-0.20191572527190962,neutral,validation_limited_positive_2025_only_weak_history,-0.4762057649829475,-0.21734889723388212,0.3208247245757444,-0.4240067284167297,,,,"Synthetic yield-pressure index from operating data; economic-prior weights (gap 0.5 / LF 0.25 / mix 0.15 / industry -0.10), z-scored per company.  Positive = upward fare pressure.  Not a realized-yield forecast.",2026-08-10T13:36:52.969697+00:00
airline_yield_pressure_index,China Eastern Airlines,2017-01,16.61380658933862,12.46463899139545,4.149167597943169,2.9086108267878217,2.1633483564293243,,-0.029078251696935647,neutral,validation_limited_positive_2025_only_weak_history,-0.25986378409607563,0.21842185050945875,0.08877002160120268,-0.32932674483557084,2017,-5.578748699222288,True,"Synthetic yield-pressure index from operating data; economic-prior weights (gap 0.5 / LF 0.25 / mix 0.15 / industry -0.10), z-scored per company.  Positive = upward fare pressure.  Not a realized-yield forecast.",2026-08-10T13:36:52.969697+00:00
airline_yield_pressure_index,China Eastern Airlines,2017-02,4.6154973639054075,2.361175318807418,2.2543220450979895,1.7792286777799404,-0.25394615025388845,,-0.09075527257441363,neutral,validation_limited_positive_2025_only_weak_history,-0.3212109078049011,0.09054772871611198,0.09520383110301223,-0.32932674483557084,2017,-5.578748699222288,True,"Synthetic yield-pressure index from operating data; economic-prior weights (gap 0.5 / LF 0.25 / mix 0.15 / industry -0.10), z-scored per company.  Positive = upward fare pressure.  Not a realized-yield forecast.",2026-08-10T13:36:52.969697+00:00
airline_yield_pressure_index,China Eastern Airlines,2017-03,11.411650923966077,12.390984111163238,-0.9793331871971613,-0.709269566667885,1.1859429710453,,-0.17188316549001942,neutral,validation_limited_positive_2025_only_weak_history,-0.39808803089472666,-0.06532668288484253,0.07039897463331643,-0.32932674483557084,2017,-5.578748699222288,True,"Synthetic yield-pressure index from operating data; economic-prior weights (gap 0.5 / LF 0.25 / mix 0.15 / industry -0.10), z-scored per company.  Positive = upward fare pressure.  Not a realized-yield forecast.",2026-08-10T13:36:52.969697+00:00
airline_yield_pressure_index,China Eastern Airlines,2017-04,9.062036007490004,10.152384613272547,-1.090348605782543,-0.8131280358026487,1.271820352241619,,-0.19685078985009322,neutral,validation_limited_positive_2025_only_weak_history,-0.4210008758258996,-0.11889941264609595,0.06961217827215674,-0.32932674483557084,2017,-5.578748699222288,True,"Synthetic yield-pressure index from operating data; economic-prior weights (gap 0.5 / LF 0.25 / mix 0.15 / industry -0.10), z-scored per company.  Positive = upward fare pressure.  Not a realized-yield forecast.",2026-08-10T13:36:52.969697+00:00
airline_yield_pressure_index,China Eastern Airlines,2017-05,11.109897492447729,10.417187243749337,0.6927102486983916,0.5000982016505731,-0.28222492664688303,,-0.20264462040234107,neutral,validation_limited_positive_2025_only_weak_history,-0.42149922805496653,-0.12105772483456333,0.03624500233483971,-0.32932674483557084,2017,-5.578748699222288,True,"Synthetic yield-pressure index from operating data; economic-prior weights (gap 0.5 / LF 0.25 / mix 0.15 / industry -0.10), z-scored per company.  Positive = upward fare pressure.  Not a realized-yield forecast.",2026-08-10T13:36:52.969697+00:00
airline_yield_pressure_index,China Eastern Airlines,2017-06,8.446244471606112,9.459542568966572,-1.01329809736046,-0.7608025557385076,-0.013329107191445644,,-0.21967066351483583,neutral,validation_limited_positive_2025_only_weak_history,-0.4327590703483654,-0.14575074406713556,0.0014258879504915412,-0.32932674483557084,2017,-5.578748699222288,True,"Synthetic yield-pressure index from operating data; economic-prior weights (gap 0.5 / LF 0.25 / mix 0.15 / industry -0.10), z-scored per company.  Positive = upward fare pressure.  Not a realized-yield forecast.",2026-08-10T13:36:52.969697+00:00
airline_yield_pressure_index,China Eastern Airlines,2017-07,7.571878899323559,9.42963559448955,-1.8577566951659916,-1.402711459846799,0.020363179224482053,,-0.26748825248138314,neutral,validation_limited_positive_2025_only_weak_history,-0.4825863354724636,-0.2556408966811648,0.031883099610551975,-0.32932674483557084,2017,-5.578748699222288,True,"Synthetic yield-pressure index from operating data; economic-prior weights (gap 0.5 / LF 0.25 / mix 0.15 / industry -0.10), z-scored per company.  Positive = upward fare pressure.  Not a realized-yield forecast.",2026-08-10T13:36:52.969697+00:00
airline_yield_pressure_index,China Eastern Airlines,2017-08,5.929245030773589,8.632483440299655,-2.703238409526066,-2.123696476379351,0.8124581713016852,,-0.27306008557283157,neutral,validation_limited_positive_2025_only_weak_history,-0.4917353381499294,-0.2745486650471684,0.05674716853578769,-0.32932674483557084,2017,-5.578748699222288,True,"Synthetic yield-pressure index from operating data; economic-prior weights (gap 0.5 / LF 0.25 / mix 0.15 / industry -0.10), z-scored per company.  Positive = upward fare pressure.  Not a realized-yield forecast.",2026-08-10T13:36:52.969697+00:00
airline_yield_pressure_index,China Eastern Airlines,2017-09,8.24420320123087,9.881046325380405,-1.636843124149534,-1.2122543085301345,0.8803270916252046,,-0.2682870087060888,neutral,validation_limited_positive_2025_only_weak_history,-0.4918990268783579,-0.27371256728681176,0.08771981380824015,-0.32932674483557084,2017,-5.578748699222288,True,"Synthetic yield-pressure index from operating data; economic-prior weights (gap 0.5 / LF 0.25 / mix 0.15 / industry -0.10), z-scored per company.  Positive = upward fare pressure.  Not a realized-yield forecast.",2026-08-10T13:36:52.969697+00:00
airline_yield_pressure_index,China Eastern Airlines,2017-10,8.205133142075983,10.074045948585608,-1.8689128065096252,-1.3827483530373854,1.1335718227777392,,-0.2056076751051602,neutral,validation_limited_positive_2025_only_weak_history,-0.42554772578111916,-0.1301848155777578,0.04519811464187825,-0.32932674483557084,2017,-5.578748699222288,True,"Synthetic yield-pressure index from operating data; economic-prior weights (gap 0.5 / LF 0.25 / mix 0.15 / industry -0.10), z-scored per company.  Positive = upward fare pressure.  Not a realized-yield forecast.",2026-08-10T13:36:52.969697+00:00
airline_yield_pressure_index,China Eastern Airlines,2017-11,12.219150992157113,10.400254554999822,1.8188964371572904,1.3032470861299856,-0.7158427740704667,,-0.1762948116535146,neutral,validation_limited_positive_2025_only_weak_history,-0.3895305728122365,-0.054566360386794334,-0.0054707308950322315,-0.32932674483557084,2017,-5.578748699222288,True,"Synthetic yield-pressure index from operating data; economic-prior weights (gap 0.5 / LF 0.25 / mix 0.15 / industry -0.10), z-scored per company.  Positive = upward fare pressure.  Not a realized-yield forecast.",2026-08-10T13:36:52.969697+00:00
airline_yield_pressure_index,China Eastern Airlines,2017-12,9.507205735863856,8.689320469982054,0.8178852658818023,0.5932514221586445,-0.9407959127027823,,-0.21070909909843982,neutral,validation_limited_positive_2025_only_weak_history,-0.4161951067086101,-0.11787076538772752,-0.04051019253839982,-0.32932674483557084,2017,-5.578748699222288,True,"Synthetic yield-pressure index from operating data; economic-prior weights (gap 0.5 / LF 0.25 / mix 0.15 / industry -0.10), z-scored per company.  Positive = upward fare pressure.  Not a realized-yield forecast.",2026-08-10T13:36:52.969697+00:00
airline_yield_pressure_index,China Eastern Airlines,2018-01,0.4307634732987564,4.116982284503723,-3.6862188112049665,-2.8942373899185156,-0.12580499905098463,,-0.22526918605357732,neutral,validation_limited_positive_2025_only_weak_history,-0.43854919276865684,-0.16356360101184314,0.013090907334365598,-0.32932674483557084,2018,2.9450826727069312,False,"Synthetic yield-pressure index from operating data; economic-prior weights (gap 0.5 / LF 0.25 / mix 0.15 / industry -0.10), z-scored per company.  Positive = upward fare pressure.  Not a realized-yield forecast.",2026-08-10T13:36:52.969697+00:00
airline_yield_pressure_index,China Eastern Airlines,2018-02,15.190795995785479,14.895429464842834,0.2953665309426441,0.21226107798656813,1.2106703525107676,,-0.1787565471537866,neutral,validation_limited_positive_2025_only_weak_history,-0.3974628917500598,-0.07612931569934318,0.04049702108348007,-0.32932674483557084,2018,2.9450826727069312,False,"Synthetic yield-pressure index from operating data; economic-prior weights (gap 0.5 / LF 0.25 / mix 0.15 / industry -0.10), z-scored per company.  Positive = upward fare pressure.  Not a realized-yield forecast.",2026-08-10T13:36:52.969697+00:00
airline_yield_pressure_index,China Eastern Airlines,2018-03,12.51481601206832,8.896717480055827,3.6180985320124925,2.6808780840857622,0.044225626250266714,,-0.05702266064200532,neutral,validation_limited_positive_2025_only_weak_history,-0.2776126747027453,0.1838023252875995,0.01933613935940249,-0.32932674483557084,2018,2.9450826727069312,False,"Synthetic yield-pressure index from operating data; economic-prior weights (gap 0.5 / LF 0.25 / mix 0.15 / industry -0.10), z-scored per company.  Positive = upward fare pressure.  Not a realized-yield forecast.",2026-08-10T13:36:52.969697+00:00
airline_yield_pressure_index,China Eastern Airlines,2018-04,14.548645541619898,10.066541593065459,4.482103948554439,3.3120262292481755,-0.8863624597791713,,-0.04283569563867629,neutral,validation_limited_positive_2025_only_weak_history,-0.2581561962059817,0.22491842881284263,-0.01946586148302128,-0.32932674483557084,2018,2.9450826727069312,False,"Synthetic yield-pressure index from operating data; economic-prior weights (gap 0.5 / LF 0.25 / mix 0.15 / industry -0.10), z-scored per company.  Positive = upward fare pressure.  Not a realized-yield forecast.",2026-08-10T13:36:52.969697+00:00
airline_yield_pressure_index,China Eastern Airlines,2018-05,10.553560294804809,8.932148638160452,1.6214116566443568,1.1939706401688284,-0.1839384174209684,,-0.05891094356578514,neutral,validation_limited_positive_2025_only_weak_history,-0.2695620339105718,0.19964070457265193,-0.046485181581461976,-0.32932674483557084,2018,2.9450826727069312,False,"Synthetic yield-pressure index from operating data; economic-prior weights (gap 0.5 / LF 0.25 / mix 0.15 / industry -0.10), z-scored per company.  Positive = upward fare pressure.  Not a realized-yield forecast.",2026-08-10T13:36:52.969697+00:00
airline_yield_pressure_index,China Eastern Airlines,2018-06,14.186697818750083,11.345957609582724,2.8407402091673593,2.077333937895787,-0.9268939023509404,,-0.08079580344802634,neutral,validation_limited_positive_2025_only_weak_history,-0.294184184474955,0.1514265414379817,-0.029953473690675737,-0.32932674483557084,2018,2.9450826727069312,False,"Synthetic yield-pressure index from operating data; economic-prior weights (gap 0.5 / LF 0.25 / mix 0.15 / industry -0.10), z-scored per company.  Positive = upward fare pressure.  Not a realized-yield forecast.",2026-08-10T13:36:52.969697+00:00
airline_yield_pressure_index,China Eastern Airlines,2018-07,8.20215177439274,5.398156366683704,2.8039954077090368,2.1608396886057335,-0.29218524453533945,,-0.048082378884412504,neutral,validation_limited_positive_2025_only_weak_history,-0.26182905063244033,0.22924030867365305,-0.04940403480108462,-0.32932674483557084,2018,2.9450826727069312,False,"Synthetic yield-pressure index from operating data; economic-prior weights (gap 0.5 / LF 0.25 / mix 0.15 / industry -0.10), z-scored per company.  Positive = upward fare pressure.  Not a realized-yield forecast.",2026-08-10T13:36:52.969697+00:00
airline_yield_pressure_index,China Eastern Airlines,2018-08,8.169460045833631,4.342902811050364,3.826557234783267,3.0518927878203783,-0.8830240963999643,,-0.06876369726559997,neutral,validation_limited_positive_2025_only_weak_history,-0.28285287244917484,0.18749380300024238,-0.04762257516420154,-0.32932674483557084,2018,2.9450826727069312,False,"Synthetic yield-pressure index from operating data; economic-prior weights (gap 0.5 / LF 0.25 / mix 0.15 / industry -0.10), z-scored per company.  Positive = upward fare pressure.  Not a realized-yield forecast.",2026-08-10T13:36:52.969697+00:00
airline_yield_pressure_index,China Eastern Airlines,2018-09,5.856103713530092,4.448230014524857,1.4078736990052354,1.0805725647729219,-0.862865265194678,,-0.07979900716168453,neutral,validation_limited_positive_2025_only_weak_history,-0.2893248124193186,0.17082805363449935,-0.07184192562804763,-0.32932674483557084,2018,2.9450826727069312,False,"Synthetic yield-pressure index from operating data; economic-prior weights (gap 0.5 / LF 0.25 / mix 0.15 / industry -0.10), z-scored per company.  Positive = upward fare pressure.  Not a realized-yield forecast.",2026-08-10T13:36:52.969697+00:00
airline_yield_pressure_index,China Eastern Airlines,2018-10,9.666818763591811,7.303914710244297,2.3629040533475143,1.7629195524420993,-1.1626691841676688,,-0.14780829671962464,neutral,validation_limited_positive_2025_only_weak_history,-0.35498964248450526,0.02304460783391186,-0.0600486794627136,-0.32932674483557084,2018,2.9450826727069312,False,"Synthetic yield-pressure index from operating data; economic-prior weights (gap 0.5 / LF 0.25 / mix 0.15 / industry -0.10), z-scored per company.  Positive = upward fare pressure.  Not a realized-yield forecast.",2026-08-10T13:36:52.969697+00:00
airline_yield_pressure_index,China Eastern Airlines,2018-11,8.792317160761831,9.441108733444214,-0.6487915726823825,-0.47666194951285945,-0.4591551161654053,,-0.1622545588195942,neutral,validation_limited_positive_2025_only_weak_history,-0.3694225196971555,-0.009356341332381174,-0.054245920809854825,-0.32932674483557084,2018,2.9450826727069312,False,"Synthetic yield-pressure index from operating data; economic-prior weights (gap 0.5 / LF 0.25 / mix 0.15 / industry -0.10), z-scored per company.  Positive = upward fare pressure.  Not a realized-yield forecast.",2026-08-10T13:36:52.969697+00:00
airline_yield_pressure_index,China Eastern Airlines,2018-12,10.198530934712746,9.774321698979715,0.4242092357330307,0.3069505798783041,-0.6543044195842072,,-0.1629507473697862,neutral,validation_limited_positive_2025_only_weak_history,-0.3641126089899754,-0.006122962690101333,-0.08197584457220164,-0.32932674483557084,2018,2.9450826727069312,False,"Synthetic yield-pressure index from operating data; economic-prior weights (gap 0.5 / LF 0.25 / mix 0.15 / industry -0.10), z-scored per company.  Positive = upward fare pressure.  Not a realized-yield forecast.",2026-08-10T13:36:52.969697+00:00
airline_yield_pressure_index,China Eastern Airlines,2019-01,19.488440965112797,16.76364299492217,2.724797970190629,1.8401213896573694,-2.1593289962623388,,-0.12448695062368659,neutral,validation_limited_positive_2025_only_weak_history,-0.32260389829444963,0.0830403571412285,-0.11251843496883981,-0.32932674483557084,2019,-4.630984637633503,True,"Synthetic yield-pressure index from operating data; economic-prior weights (gap 0.5 / LF 0.25 / mix 0.15 / industry -0.10), z-scored per company.  Positive = upward fare pressure.  Not a realized-yield forecast.",2026-08-10T13:36:52.969697+00:00
airline_yield_pressure_index,China Eastern Airlines,2019-02,11.412264595436184,9.232053812881457,2.1802107825547274,1.6522480436383944,-1.5569068686217804,,-0.14607993831181293,neutral,validation_limited_positive_2025_only_weak_history,-0.34127002251719835,0.04271234660809662,-0.12703792125863336,-0.32932674483557084,2019,-4.630984637633503,True,"Synthetic yield-pressure index from operating data; economic-prior weights (gap 0.5 / LF 0.25 / mix 0.15 / industry -0.10), z-scored per company.  Positive = upward fare pressure.  Not a realized-yield forecast.",2026-08-10T13:36:52.969697+00:00
airline_yield_pressure_index,China Eastern Airlines,2019-03,6.927833076955325,7.775802824969835,-0.8479697480145099,-0.6559420624134447,-1.1761590269505007,,-0.19945616839691496,neutral,validation_limited_positive_2025_only_weak_history,-0.40220771030170704,-0.08164243966768502,-0.0724958520846484,-0.32932674483557084,2019,-4.630984637633503,True,"Synthetic yield-pressure index from operating data; economic-prior weights (gap 0.5 / LF 0.25 / mix 0.15 / industry -0.10), z-scored per company.  Positive = upward fare pressure.  Not a realized-yield forecast.",2026-08-10T13:36:52.969697+00:00
airline_yield_pressure_index,China Eastern Airlines,2019-04,5.658282990251262,7.086658158335468,-1.428375168084206,-1.1290384363732073,-0.1989958601139037,,-0.21622435173339524,neutral,validation_limited_positive_2025_only_weak_history,-0.42209048819361994,-0.12544503189898845,-0.045003494302634936,-0.32932674483557084,2019,-4.630984637633503,True,"Synthetic yield-pressure index from operating data; economic-prior weights (gap 0.5 / LF 0.25 / mix 0.15 / industry -0.10), z-scored per company.  Positive = upward fare pressure.  Not a realized-yield forecast.",2026-08-10T13:36:52.969697+00:00
airline_yield_pressure_index,China Eastern Airlines,2019-05,11.597233980094114,10.772122513860506,0.8251114662336079,0.6063944739916423,-0.5687855749647497,,-0.2172291500478708,neutral,validation_limited_positive_2025_only_weak_history,-0.4244788891258461,-0.129428059659038,-0.03710243369163556,-0.32932674483557084,2019,-4.630984637633503,True,"Synthetic yield-pressure index from operating data; economic-prior weights (gap 0.5 / LF 0.25 / mix 0.15 / industry -0.10), z-scored per company.  Positive = upward fare pressure.  Not a realized-yield forecast.",2026-08-10T13:36:52.969697+00:00
airline_yield_pressure_index,China Eastern Airlines,2019-06,11.364130249002557,12.3748800918285,-1.010749842825943,-0.751042913496704,-0.8921817015385969,,-0.22992050031419792,neutral,validation_limited_positive_2025_only_weak_history,-0.4320100556048671,-0.1423431137920872,-0.07508245698199756,-0.32932674483557084,2019,-4.630984637633503,True,"Synthetic yield-pressure index from operating data; economic-prior weights (gap 0.5 / LF 0.25 / mix 0.15 / industry -0.10), z-scored per company.  Positive = upward fare pressure.  Not a realized-yield forecast.",2026-08-10T13:36:52.969697+00:00
airline_yield_pressure_index,China Eastern Airlines,2019-07,10.693667383606375,12.635324880865163,-1.9416574972587881,-1.437405014221028,-1.5640613828443506,,-0.26210348046670706,neutral,validation_limited_positive_2025_only_weak_history,-0.4618753503362105,-0.20704918448893142,-0.08224122439950679,-0.32932674483557084,2019,-4.630984637633503,True,"Synthetic yield-pressure index from operating data; economic-prior weights (gap 0.5 / LF 0.25 / mix 0.15 / industry -0.10), z-scored per company.  Positive = upward fare pressure.  Not a realized-yield forecast.",2026-08-10T13:36:52.969697+00:00
airline_yield_pressure_index,China Eastern Airlines,2019-08,10.042366649789457,11.25270720601359,-1.210340556224132,-0.9385614651170755,-0.8260836422191673,,-0.2718897907714561,neutral,validation_limited_positive_2025_only_weak_history,-0.47621069422780926,-0.2357931106893133,-0.05179226979186801,-0.32932674483557084,2019,-4.630984637633503,True,"Synthetic yield-pressure index from operating data; economic-prior weights (gap 0.5 / LF 0.25 / mix 0.15 / industry -0.10), z-scored per company.  Positive = upward fare pressure.  Not a realized-yield forecast.",2026-08-10T13:36:52.969697+00:00
airline_yield_pressure_index,China Eastern Airlines,2019-09,10.37171187282173,12.359478851398853,-1.9877669785771221,-1.4373479080410334,0.20220462414382467,,-0.2548128491682617,neutral,validation_limited_positive_2025_only_weak_history,-0.4674443112717157,-0.2176510203791891,0.002595913858908829,-0.32932674483557084,2019,-4.630984637633503,True,"Synthetic yield-pressure index from operating data; economic-prior weights (gap 0.5 / LF 0.25 / mix 0.15 / industry -0.10), z-scored per company.  Positive = upward fare pressure.  Not a realized-yield forecast.",2026-08-10T13:36:52.969697+00:00
airline_yield_pressure_index,China Eastern Airlines,2019-10,8.174153706007692,9.518343403998685,-1.344189697990993,-1.0042349905954069,0.39074085037196227,,-0.21986386522470797,neutral,validation_limited_positive_2025_only_weak_history,-0.4461940490167323,-0.17115426103104225,0.0872603337190781,-0.32932674483557084,2019,-4.630984637633503,True,"Synthetic yield-pressure index from operating data; economic-prior weights (gap 0.5 / LF 0.25 / mix 0.15 / industry -0.10), z-scored per company.  Positive = upward fare pressure.  Not a realized-yield forecast.",2026-08-10T13:36:52.969697+00:00
airline_yield_pressure_index,China Eastern Airlines,2019-11,11.063259559862537,10.825300687811868,0.2379588720506689,0.1716194457403617,2.2168971287383954,,-0.1801235513419242,neutral,validation_limited_positive_2025_only_weak_history,-0.4095794356262868,-0.09509183012569128,0.10337633012723285,-0.32932674483557084,2019,-4.630984637633503,True,"Synthetic yield-pressure index from operating data; economic-prior weights (gap 0.5 / LF 0.25 / mix 0.15 / industry -0.10), z-scored per company.  Positive = upward fare pressure.  Not a realized-yield forecast.",2026-08-10T13:36:52.969697+00:00
airline_yield_pressure_index,China Eastern Airlines,2019-12,7.386770380329932,6.879089396731919,0.5076809835980134,0.37875841868728344,0.7814404738175256,,-0.2559355508385219,neutral,validation_limited_positive_2025_only_weak_history,-0.4921493978262873,-0.2755184251838197,0.17390719924679734,-0.32932674483557084,2019,-4.630984637633503,True,"Synthetic yield-pressure index from operating data; economic-prior weights (gap 0.5 / LF 0.25 / mix 0.15 / industry -0.10), z-scored per company.  Positive = upward fare pressure.  Not a realized-yield forecast.",2026-08-10T13:36:52.969697+00:00
airline_yield_pressure_index,China Eastern Airlines,2020-01,-1.0700653750135625,5.9016327090863685,-6.9716980840999305,-5.3121946086998975,2.9257381827133386,,-0.6510293492496216,downward,validation_limited_positive_2025_only_weak_history,-0.6579821907959877,-1.7130531625957721,0.48861574875838854,-0.32932674483557084,2020,0.1807432983635806,False,"Synthetic yield-pressure index from operating data; economic-prior weights (gap 0.5 / LF 0.25 / mix 0.15 / industry -0.10), z-scored per company.  Positive = upward fare pressure.  Not a realized-yield forecast.",2026-08-10T13:36:52.969697+00:00
airline_yield_pressure_index,China Eastern Airlines,2020-02,-83.71030420120992,-72.64602424131826,-11.064279959891664,-34.15171075066429,13.528048450643922,,-1.0557533308583498,downward,validation_limited_positive_2025_only_weak_history,-0.8136371478597402,-2.8569564976013644,0.21581128658869442,-0.32932674483557084,2020,0.1807432983635806,False,"Synthetic yield-pressure index from operating data; economic-prior weights (gap 0.5 / LF 0.25 / mix 0.15 / industry -0.10), z-scored per company.  Positive = upward fare pressure.  Not a realized-yield forecast.",2026-08-10T13:36:52.969697+00:00
airline_yield_pressure_index,China Eastern Airlines,2020-03,-79.08101747931937,-68.98012419599485,-10.100893283324524,-26.933675053947482,-9.023607904058874,,-1.3307080731937775,downward,validation_limited_positive_2025_only_weak_history,-0.8038217321282226,-3.442968352465649,-0.6732519566454072,-0.32932674483557084,2020,0.1807432983635806,False,"Synthetic yield-pressure index from operating data; economic-prior weights (gap 0.5 / LF 0.25 / mix 0.15 / industry -0.10), z-scored per company.  Positive = upward fare pressure.  Not a realized-yield forecast.",2026-08-10T13:36:52.969697+00:00
airline_yield_pressure_index,China Eastern Airlines,2020-04,-79.03500533726027,-72.73227127918796,-6.302734058072318,-19.30411972191571,-29.02868089669154,,-1.315810999609281,downward,validation_limited_positive_2025_only_weak_history,-0.7626451528403115,-2.7417834343699172,-1.8798349272013544,-0.32932674483557084,2020,0.1807432983635806,False,"Synthetic yield-pressure index from operating data; economic-prior weights (gap 0.5 / LF 0.25 / mix 0.15 / industry -0.10), z-scored per company.  Positive = upward fare pressure.  Not a realized-yield forecast.",2026-08-10T13:36:52.969697+00:00
airline_yield_pressure_index,China Eastern Airlines,2020-05,-69.35597245931986,-61.09805862919249,-8.257913830127372,-17.409853426320623,-29.838560380203628,,-1.2919403326777414,downward,validation_limited_positive_2025_only_weak_history,-0.7532148424115646,-2.2969203107321405,-2.4935700551498745,-0.32932674483557084,2020,0.1807432983635806,False,"Synthetic yield-pressure index from operating data; economic-prior weights (gap 0.5 / LF 0.25 / mix 0.15 / industry -0.10), z-scored per company.  Positive = upward fare pressure.  Not a realized-yield forecast.",2026-08-10T13:36:52.969697+00:00
airline_yield_pressure_index,China Eastern Airlines,2020-06,-61.47715531535284,-52.018979427160936,-9.458175888191903,-16.311890767667833,-31.082274294178923,,-1.1935404885548255,downward,validation_limited_positive_2025_only_weak_history,-0.752478375820034,-1.8708454489844888,-2.5501507525482903,-0.32932674483557084,2020,0.1807432983635806,False,"Synthetic yield-pressure index from operating data; economic-prior weights (gap 0.5 / LF 0.25 / mix 0.15 / industry -0.10), z-scored per company.  Positive = upward fare pressure.  Not a realized-yield forecast.",2026-08-10T13:36:52.969697+00:00
airline_yield_pressure_index,China Eastern Airlines,2020-07,-50.13861725276355,-43.88607665257231,-6.252540600191246,-9.130933789392941,-31.062285738903977,,-1.1491498202476824,downward,validation_limited_positive_2025_only_weak_history,-0.7660146997088633,-1.6446202086580366,-2.586133951415325,-0.32932674483557084,2020,0.1807432983635806,False,"Synthetic yield-pressure index from operating data; economic-prior weights (gap 0.5 / LF 0.25 / mix 0.15 / industry -0.10), z-scored per company.  Positive = upward fare pressure.  Not a realized-yield forecast.",2026-08-10T13:36:52.969697+00:00
airline_yield_pressure_index,China Eastern Airlines,2020-08,-43.943216607751545,-34.7627423915971,-9.180474216154444,-12.008381433744574,-31.131856695359055,,-0.9635817476065357,downward,validation_limited_positive_2025_only_weak_history,-0.6652431852496172,-1.0843094728614147,-2.618769741666204,-0.32932674483557084,2020,0.1807432983635806,False,"Synthetic yield-pressure index from operating data; economic-prior weights (gap 0.5 / LF 0.25 / mix 0.15 / industry -0.10), z-scored per company.  Positive = upward fare pressure.  Not a realized-yield forecast.",2026-08-10T13:36:52.969697+00:00
airline_yield_pressure_index,China Eastern Airlines,2020-09,-32.12480205330771,-29.53465089942169,-2.5901511538860227,-2.933618996676401,-32.25525914829413,,-0.9093902335400232,downward,validation_limited_positive_2025_only_weak_history,-0.6365853758632917,-0.9059301738200126,-2.650317844246209,-0.32932674483557084,2020,0.1807432983635806,False,"Synthetic yield-pressure index from operating data; economic-prior weights (gap 0.5 / LF 0.25 / mix 0.15 / industry -0.10), z-scored per company.  Positive = upward fare pressure.  Not a realized-yield forecast.",2026-08-10T13:36:52.969697+00:00
airline_yield_pressure_index,China Eastern Airlines,2020-10,-32.97959533515827,-28.6802112867216,-4.299384048436671,-4.871856480260263,-32.19617727999888,,-0.8712913894360662,downward,validation_limited_positive_2025_only_weak_history,-0.6119449942319407,-0.7872700995657943,-2.676226946081362,-0.32932674483557084,2020,0.1807432983635806,False,"Synthetic yield-pressure index from operating data; economic-prior weights (gap 0.5 / LF 0.25 / mix 0.15 / industry -0.10), z-scored per company.  Positive = upward fare pressure.  Not a realized-yield forecast.",2026-08-10T13:36:52.969697+00:00
airline_yield_pressure_index,China Eastern Airlines,2020-11,-42.01546970116329,-34.51434655376047,-7.501123147402822,-9.175191526215897,-32.063073123787476,,-1.0148584964850462,downward,validation_limited_positive_2025_only_weak_history,-0.710403339175796,-1.162137577242669,-2.680367380466921,-0.32932674483557084,2020,0.1807432983635806,False,"Synthetic yield-pressure index from operating data; economic-prior weights (gap 0.5 / LF 0.25 / mix 0.15 / industry -0.10), z-scored per company.  Positive = upward fare pressure.  Not a realized-yield forecast.",2026-08-10T13:36:52.969697+00:00
airline_yield_pressure_index,China Eastern Airlines,2020-12,-46.60140853107196,-37.30088538365306,-9.3005231474189,-11.884150682165355,-32.40407328107242,,-1.1256710893005624,downward,validation_limited_positive_2025_only_weak_history,-0.802160451042337,-1.6251016095223578,-2.7065574282406675,-0.8766815283729577,2020,0.1807432983635806,False,"Synthetic yield-pressure index from operating data; economic-prior weights (gap 0.5 / LF 0.25 / mix 0.15 / industry -0.10), z-scored per company.  Positive = upward fare pressure.  Not a realized-yield forecast.",2026-08-10T13:36:52.969697+00:00
airline_yield_pressure_index,China Eastern Airlines,2021-01,-60.60268053963496,-50.04964319215279,-10.553037347482167,-15.92582751514663,-33.13749137507676,-40.35611240662425,-0.8132035110597404,downward,validation_limited_positive_2025_only_weak_history,-0.19945827430893023,-0.7700455404843393,-3.028939327533718,0.6662208965413274,2021,12.911475092121492,False,"Synthetic yield-pressure index from operating data; economic-prior weights (gap 0.5 / LF 0.25 / mix 0.15 / industry -0.10), z-scored per company.  Positive = upward fare pressure.  Not a realized-yield forecast.",2026-08-10T13:36:52.969697+00:00
airline_yield_pressure_index,China Eastern Airlines,2021-02,83.76494799300032,50.18925018125131,33.57569781174901,11.240573762954547,-43.650017463260205,187.15827338129495,0.08954193141950059,neutral,validation_limited_positive_2025_only_weak_history,1.0386221427031102,0.4452537460880666,-2.73405623207046,1.3097414164350216,2021,12.911475092121492,False,"Synthetic yield-pressure index from operating data; economic-prior weights (gap 0.5 / LF 0.25 / mix 0.15 / industry -0.10), z-scored per company.  Positive = upward fare pressure.  Not a realized-yield forecast.",2026-08-10T13:36:52.969697+00:00
airline_yield_pressure_index,China Eastern Airlines,2021-03,219.51817996938786,144.43804284066024,75.08013712872761,17.132969819268496,-21.805481916988825,215.74012940710418,0.7963540219777052,upward,validation_limited_positive_2025_only_weak_history,1.8778711639479877,1.5386539691186678,-1.900236080330746,2.4220964022634366,2021,12.911475092121492,False,"Synthetic yield-pressure index from operating data; economic-prior weights (gap 0.5 / LF 0.25 / mix 0.15 / industry -0.10), z-scored per company.  Positive = upward fare pressure.  Not a realized-yield forecast.",2026-08-10T13:36:52.969697+00:00
airline_yield_pressure_index,China Eastern Airlines,2021-04,240.8470777695766,194.20157972655528,46.64549804302132,10.180767278845565,-3.1686013458125246,205.68351779838468,1.0032958708034398,upward,validation_limited_positive_2025_only_weak_history,1.8675425410112116,1.5280324133648846,-0.7384590953522755,2.017146387405458,2021,12.911475092121492,False,"Synthetic yield-pressure index from operating data; economic-prior weights (gap 0.5 / LF 0.25 / mix 0.15 / industry -0.10), z-scored per company.  Positive = upward fare pressure.  Not a realized-yield forecast.",2026-08-10T13:36:52.969697+00:00
airline_yield_pressure_index,China Eastern Airlines,2021-05,126.16455092038525,93.29279447720411,32.87175644318114,10.986967950274874,-1.8938106497092448,97.58816925399714,0.6289393221656253,upward,validation_limited_positive_2025_only_weak_history,0.9883119800313674,1.111251485995081,-0.15569825016064173,1.1967480182473245,2021,12.911475092121492,False,"Synthetic yield-pressure index from operating data; economic-prior weights (gap 0.5 / LF 0.25 / mix 0.15 / industry -0.10), z-scored per company.  Positive = upward fare pressure.  Not a realized-yield forecast.",2026-08-10T13:36:52.969697+00:00
airline_yield_pressure_index,China Eastern Airlines,2021-06,55.3711200119521,40.214437168605066,15.156682843347035,7.181690718053943,-0.8600830243497568,34.277813923227065,0.31775476181752427,neutral,validation_limited_positive_2025_only_weak_history,0.3529177388740262,0.7686359887761313,-0.08397482350263967,0.3826688128812564,2021,12.911475092121492,False,"Synthetic yield-pressure index from operating data; economic-prior weights (gap 0.5 / LF 0.25 / mix 0.15 / industry -0.10), z-scored per company.  Positive = upward fare pressure.  Not a realized-yield forecast.",2026-08-10T13:36:52.969697+00:00
airline_yield_pressure_index,China Eastern Airlines,2021-07,24.94461874079321,21.604050545471875,3.3405681953213353,2.000300723565786,-0.5907415021149078,25.618925831202045,-0.24315267302343357,neutral,validation_limited_positive_2025_only_weak_history,-0.3326838021538355,-0.42419956489542,0.000795122217678697,-0.2911985094468734,2021,12.911475092121492,False,"Synthetic yield-pressure index from operating data; economic-prior weights (gap 0.5 / LF 0.25 / mix 0.15 / industry -0.10), z-scored per company.  Positive = upward fare pressure.  Not a realized-yield forecast.",2026-08-10T13:36:52.969697+00:00
airline_yield_pressure_index,China Eastern Airlines,2021-08,-55.78249784904804,-41.927474736267655,-13.855023112780387,-17.493796731898577,1.1529628970542918,-51.46322971948446,-0.6215710822313826,downward,validation_limited_positive_2025_only_weak_history,-0.743620595172168,-1.2312271551249705,0.015194620321730003,-0.5576681108768451,2021,12.911475092121492,False,"Synthetic yield-pressure index from operating data; economic-prior weights (gap 0.5 / LF 0.25 / mix 0.15 / industry -0.10), z-scored per company.  Positive = upward fare pressure.  Not a realized-yield forecast.",2026-08-10T13:36:52.969697+00:00
airline_yield_pressure_index,China Eastern Airlines,2021-09,-31.120961472453356,-18.270483027898486,-12.85047844455487,-12.087321526427004,-0.34254099294581764,-24.662077596996244,-0.860844352870187,downward,validation_limited_positive_2025_only_weak_history,-0.9898985297388058,-1.7850171555396783,0.0180830749506981,-0.7764673964153073,2021,12.911475092121492,False,"Synthetic yield-pressure index from operating data; economic-prior weights (gap 0.5 / LF 0.25 / mix 0.15 / industry -0.10), z-scored per company.  Positive = upward fare pressure.  Not a realized-yield forecast.",2026-08-10T13:36:52.969697+00:00
airline_yield_pressure_index,China Eastern Airlines,2021-10,-22.462572636660838,-9.018209542679333,-13.444363093981504,-11.222278563750606,-0.4869256145407659,-22.776861474872334,-0.7999645817452229,downward,validation_limited_positive_2025_only_weak_history,-0.9649712827993611,-1.579283009964578,-0.002257825742128407,-0.7768048600692133,2021,12.911475092121492,False,"Synthetic yield-pressure index from operating data; economic-prior weights (gap 0.5 / LF 0.25 / mix 0.15 / industry -0.10), z-scored per company.  Positive = upward fare pressure.  Not a realized-yield forecast.",2026-08-10T13:36:52.969697+00:00
airline_yield_pressure_index,China Eastern Airlines,2021-11,-43.62926821832165,-31.473147314731477,-12.156120903590171,-12.581580819841804,0.4218769252321648,-51.53787264703234,-0.7479320318193912,downward,validation_limited_positive_2025_only_weak_history,-0.9340496718570093,-1.4599548884045885,0.00855976752868437,-0.8279756108095796,2021,12.911475092121492,False,"Synthetic yield-pressure index from operating data; economic-prior weights (gap 0.5 / LF 0.25 / mix 0.15 / industry -0.10), z-scored per company.  Positive = upward fare pressure.  Not a realized-yield forecast.",2026-08-10T13:36:52.969697+00:00
airline_yield_pressure_index,China Eastern Airlines,2021-12,-31.395935461398793,-20.65290166443372,-10.743033796965072,-9.238180972513192,0.04626139140276386,-35.980436169458685,-0.6226694712620255,downward,validation_limited_positive_2025_only_weak_history,-0.8241692058544676,-1.1293774902086287,-0.011607963659817958,-0.7350069876633812,2021,12.911475092121492,False,"Synthetic yield-pressure index from operating data; economic-prior weights (gap 0.5 / LF 0.25 / mix 0.15 / industry -0.10), z-scored per company.  Positive = upward fare pressure.  Not a realized-yield forecast.",2026-08-10T13:36:52.969697+00:00
airline_yield_pressure_index,China Eastern Airlines,2022-01,0.40146148767359335,6.356984482623829,-5.955522994950235,-3.329239948088464,-1.211787584915236,-2.2133130114972865,-0.37755627680621423,neutral,validation_limited_positive_2025_only_weak_history,-0.5568748560364298,-0.49276522241270604,-0.08174689020161514,-0.3633449034541939,2022,22.475727027916506,False,"Synthetic yield-pressure index from operating data; economic-prior weights (gap 0.5 / LF 0.25 / mix 0.15 / industry -0.10), z-scored per company.  Positive = upward fare pressure.  Not a realized-yield forecast.",2026-08-10T13:36:52.969697+00:00
airline_yield_pressure_index,China Eastern Airlines,2022-02,48.467445300110334,42.40627319444521,6.061172105665122,2.6185061804765226,-2.099033335710916,30.669339012067297,-0.3741357563878975,neutral,validation_limited_positive_2025_only_weak_history,-0.501427497589313,-0.6706048436076079,-0.043454375702468837,-0.5074735966403139,2022,22.475727027916506,False,"Synthetic yield-pressure index from operating data; economic-prior weights (gap 0.5 / LF 0.25 / mix 0.15 / industry -0.10), z-scored per company.  Positive = upward fare pressure.  Not a realized-yield forecast.",2026-08-10T13:36:52.969697+00:00
airline_yield_pressure_index,China Eastern Airlines,2022-03,-69.3080359946904,-62.34398509095882,-6.964050903731582,-13.484372651516011,1.4225583705229714,-67.85998076199239,-0.43050808105840166,neutral,validation_limited_positive_2025_only_weak_history,-0.4602431163346603,-1.263610487831195,0.18354299992374654,-0.8798464907816528,2022,22.475727027916506,False,"Synthetic yield-pressure index from operating data; economic-prior weights (gap 0.5 / LF 0.25 / mix 0.15 / industry -0.10), z-scored per company.  Positive = upward fare pressure.  Not a realized-yield forecast.",2026-08-10T13:36:52.969697+00:00
airline_yield_pressure_index,China Eastern Airlines,2022-04,-89.7547150942074,-86.60608996758711,-3.1486251266202885,-17.48815242881348,6.946877533551724,-84.57774733339856,-0.614268520065409,downward,validation_limited_positive_2025_only_weak_history,-0.6121920914255264,-1.9930725271070056,0.35819436444967634,-1.3636650275665418,2022,22.475727027916506,False,"Synthetic yield-pressure index from operating data; economic-prior weights (gap 0.5 / LF 0.25 / mix 0.15 / industry -0.10), z-scored per company.  Positive = upward fare pressure.  Not a realized-yield forecast.",2026-08-10T13:36:52.969697+00:00
airline_yield_pressure_index,China Eastern Airlines,2022-05,-82.3563318405919,-78.0615087538007,-4.294823086791212,-14.798510457940445,4.17822864460689,-76.34553968533866,-0.5676773329359079,downward,validation_limited_positive_2025_only_weak_history,-0.5936594074206155,-1.7985918066180682,0.3466861013641838,-1.2679740722428934,2022,22.475727027916506,False,"Synthetic yield-pressure index from operating data; economic-prior weights (gap 0.5 / LF 0.25 / mix 0.15 / industry -0.10), z-scored per company.  Positive = upward fare pressure.  Not a realized-yield forecast.",2026-08-10T13:36:52.969697+00:00
airline_yield_pressure_index,China Eastern Airlines,2022-06,-58.22789562949422,-52.52692916804597,-5.700966461448253,-8.840849394336061,1.0089321585426343,-46.694284952879315,-0.5470596744343312,downward,validation_limited_positive_2025_only_weak_history,-0.6507442162499067,-1.3943664726877911,0.1628417011749109,-1.024777966863333,2022,22.475727027916506,False,"Synthetic yield-pressure index from operating data; economic-prior weights (gap 0.5 / LF 0.25 / mix 0.15 / industry -0.10), z-scored per company.  Positive = upward fare pressure.  Not a realized-yield forecast.",2026-08-10T13:36:52.969697+00:00
airline_yield_pressure_index,China Eastern Airlines,2022-07,-39.83670857905863,-32.79750106815502,-7.0392075109036085,-7.8366572341864895,0.3392024848342059,-30.785675020868542,-0.12192289410729457,neutral,validation_limited_positive_2025_only_weak_history,-0.19095127458672081,-0.3065332825395664,0.014609726568450991,-0.47994604835689786,2022,22.475727027916506,False,"Synthetic yield-pressure index from operating data; economic-prior weights (gap 0.5 / LF 0.25 / mix 0.15 / industry -0.10), z-scored per company.  Positive = upward fare pressure.  Not a realized-yield forecast.",2026-08-10T13:36:52.969697+00:00
airline_yield_pressure_index,China Eastern Airlines,2022-08,62.1427988770908,35.100697904066244,27.042100973024553,11.17516295136226,-1.1494763005578452,44.16476993796583,0.08150814548681662,neutral,validation_limited_positive_2025_only_weak_history,-0.05039047589959494,0.2216839781898634,0.028983375424972504,-0.4693488257540236,2022,22.475727027916506,False,"Synthetic yield-pressure index from operating data; economic-prior weights (gap 0.5 / LF 0.25 / mix 0.15 / industry -0.10), z-scored per company.  Positive = upward fare pressure.  Not a realized-yield forecast.",2026-08-10T13:36:52.969697+00:00
airline_yield_pressure_index,China Eastern Airlines,2022-09,-29.481787886500456,-33.360661990486854,3.878874103986398,3.7711418039406652,1.5255451247819294,-44.350305950106595,0.25964236022518045,neutral,validation_limited_positive_2025_only_weak_history,0.06384955244504245,0.5960722259910063,0.12665569268398078,-0.5970117360231058,2022,22.475727027916506,False,"Synthetic yield-pressure index from operating data; economic-prior weights (gap 0.5 / LF 0.25 / mix 0.15 / industry -0.10), z-scored per company.  Positive = upward fare pressure.  Not a realized-yield forecast.",2026-08-10T13:36:52.969697+00:00
airline_yield_pressure_index,China Eastern Airlines,2022-10,-55.41238043302342,-56.15913649058521,0.7467560575617895,1.102432108493872,3.8497088317141044,-59.02318519852808,0.12477361790600652,neutral,validation_limited_positive_2025_only_weak_history,-0.23714484354167661,0.408982559743829,0.284186167370461,-0.9847247463531842,2022,22.475727027916506,False,"Synthetic yield-pressure index from operating data; economic-prior weights (gap 0.5 / LF 0.25 / mix 0.15 / industry -0.10), z-scored per company.  Positive = upward fare pressure.  Not a realized-yield forecast.",2026-08-10T13:36:52.969697+00:00
airline_yield_pressure_index,China Eastern Airlines,2022-11,-36.69483031668472,-43.22283097458228,6.528000657897557,6.708112365511411,4.512432280431492,-41.5927147702458,0.1427620495482246,neutral,validation_limited_positive_2025_only_weak_history,-0.22312372443907705,0.4306778969112081,0.36165649966422236,-0.9240596259032774,2022,22.475727027916506,False,"Synthetic yield-pressure index from operating data; economic-prior weights (gap 0.5 / LF 0.25 / mix 0.15 / industry -0.10), z-scored per company.  Positive = upward fare pressure.  Not a realized-yield forecast.",2026-08-10T13:36:52.969697+00:00
airline_yield_pressure_index,China Eastern Airlines,2022-12,-28.6707693874525,-33.50524481703222,4.834475429579722,4.289151005345367,4.309958363294107,-30.93190625576674,0.3918593883387139,neutral,validation_limited_positive_2025_only_weak_history,0.13995573246621426,0.8956787129142944,0.31973773295714564,-0.5000118393346139,2022,22.475727027916506,False,"Synthetic yield-pressure index from operating data; economic-prior weights (gap 0.5 / LF 0.25 / mix 0.15 / industry -0.10), z-scored per company.  Positive = upward fare pressure.  Not a realized-yield forecast.",2026-08-10T13:36:52.969697+00:00
airline_yield_pressure_index,China Eastern Airlines,2023-01,42.72094494244578,17.228716874017657,25.492228068428126,12.205034455346095,2.3430782867630615,34.77111781248941,0.45861696816986885,neutral,validation_limited_positive_2025_only_weak_history,0.29904357618775695,0.9847351755055487,0.32610011005010675,-0.1399636969208723,2023,-17.4050096109943,False,"Synthetic yield-pressure index from operating data; economic-prior weights (gap 0.5 / LF 0.25 / mix 0.15 / industry -0.10), z-scored per company.  Positive = upward fare pressure.  Not a realized-yield forecast.",2026-08-10T13:36:52.969697+00:00
airline_yield_pressure_index,China Eastern Airlines,2023-02,43.483881372859166,26.1133400280414,17.370541344817767,8.834470979388456,4.741106748211903,38.04563175049529,0.7703076968776761,upward,validation_limited_positive_2025_only_weak_history,0.9862611925756858,1.2648882287144543,0.3344644871000404,0.892146296537864,2023,-17.4050096109943,False,"Synthetic yield-pressure index from operating data; economic-prior weights (gap 0.5 / LF 0.25 / mix 0.15 / industry -0.10), z-scored per company.  Positive = upward fare pressure.  Not a realized-yield forecast.",2026-08-10T13:36:52.969697+00:00
airline_yield_pressure_index,China Eastern Airlines,2023-03,231.38353316124665,179.71213548701996,51.67139767422668,10.978231624107906,4.610588055979939,197.35849056603772,2.0194717227180656,upward,validation_limited_positive_2025_only_weak_history,3.8850412383524895,1.3888332753518293,0.30981761623484216,3.1672985773136277,2023,-17.4050096109943,False,"Synthetic yield-pressure index from operating data; economic-prior weights (gap 0.5 / LF 0.25 / mix 0.15 / industry -0.10), z-scored per company.  Positive = upward fare pressure.  Not a realized-yield forecast.",2026-08-10T13:36:52.969697+00:00
airline_yield_pressure_index,China Eastern Airlines,2023-04,960.0794736599388,737.0225552071169,223.05691845282195,15.164411123768318,1.4572285492825294,538.0076142131979,2.40312060729629,upward,validation_limited_positive_2025_only_weak_history,4.889996406213745,1.4054655170892554,0.36447416941125127,4.4791510049458365,2023,-17.4050096109943,False,"Synthetic yield-pressure index from operating data; economic-prior weights (gap 0.5 / LF 0.25 / mix 0.15 / industry -0.10), z-scored per company.  Positive = upward fare pressure.  Not a realized-yield forecast.",2026-08-10T13:36:52.969697+00:00
airline_yield_pressure_index,China Eastern Airlines,2023-05,551.3065638375263,465.4438797797899,85.86268405773637,9.23159106991779,6.7055546307737,328.21171208481735,2.450873991071335,upward,validation_limited_positive_2025_only_weak_history,4.868669279312269,1.4127804706295184,0.5730788991252239,4.226176011109632,2023,-17.4050096109943,False,"Synthetic yield-pressure index from operating data; economic-prior weights (gap 0.5 / LF 0.25 / mix 0.15 / industry -0.10), z-scored per company.  Positive = upward fare pressure.  Not a realized-yield forecast.",2026-08-10T13:36:52.969697+00:00
airline_yield_pressure_index,China Eastern Airlines,2023-06,241.89523669631444,191.677377116231,50.21785958008343,11.15288727534164,12.108190736052796,141.4034449847748,1.3090354976512144,upward,validation_limited_positive_2025_only_weak_history,2.134793621299881,1.2564596237691006,0.9647798177453153,2.171931916027986,2023,-17.4050096109943,False,"Synthetic yield-pressure index from operating data; economic-prior weights (gap 0.5 / LF 0.25 / mix 0.15 / industry -0.10), z-scored per company.  Positive = upward fare pressure.  Not a realized-yield forecast.",2026-08-10T13:36:52.969697+00:00
airline_yield_pressure_index,China Eastern Airlines,2023-07,151.93551238551137,115.20432040908717,36.7311919764242,11.432012939755495,15.535614313880483,83.63336863160373,1.066709390058086,upward,validation_limited_positive_2025_only_weak_history,1.3356342024143368,1.3123283057257908,1.2261963509655038,1.1311924022535587,2023,-17.4050096109943,False,"Synthetic yield-pressure index from operating data; economic-prior weights (gap 0.5 / LF 0.25 / mix 0.15 / industry -0.10), z-scored per company.  Positive = upward fare pressure.  Not a realized-yield forecast.",2026-08-10T13:36:52.969697+00:00
airline_yield_pressure_index,China Eastern Airlines,2023-08,130.50945621111038,99.1130237028547,31.39643250825567,10.565540899811793,16.101301806662192,98.01256849209051,0.7829543463133899,upward,validation_limited_positive_2025_only_weak_history,0.8741342192308246,1.0568497224635132,1.3731614372949548,1.2429940951214389,2023,-17.4050096109943,False,"Synthetic yield-pressure index from operating data; economic-prior weights (gap 0.5 / LF 0.25 / mix 0.15 / industry -0.10), z-scored per company.  Positive = upward fare pressure.  Not a realized-yield forecast.",2026-08-10T13:36:52.969697+00:00
airline_yield_pressure_index,China Eastern Airlines,2023-09,173.3672104660439,154.60261738090782,18.764593085136084,5.0529471881839925,17.39036159886917,166.1326434150953,0.8691809259748777,upward,validation_limited_positive_2025_only_weak_history,1.1968208194723946,1.049254312709644,1.392494737733089,2.0041727259869386,2023,-17.4050096109943,False,"Synthetic yield-pressure index from operating data; economic-prior weights (gap 0.5 / LF 0.25 / mix 0.15 / industry -0.10), z-scored per company.  Positive = upward fare pressure.  Not a realized-yield forecast.",2026-08-10T13:36:52.969697+00:00
airline_yield_pressure_index,China Eastern Airlines,2023-10,302.2997355084526,243.57602348526007,58.72371202319255,11.250660969487015,16.23048544829033,251.99698568198943,1.0231014439171526,upward,validation_limited_positive_2025_only_weak_history,1.6675097659572458,1.0728370629263342,1.3881582717205248,2.870864455511326,2023,-17.4050096109943,False,"Synthetic yield-pressure index from operating data; economic-prior weights (gap 0.5 / LF 0.25 / mix 0.15 / industry -0.10), z-scored per company.  Positive = upward fare pressure.  Not a realized-yield forecast.",2026-08-10T13:36:52.969697+00:00
airline_yield_pressure_index,China Eastern Airlines,2023-11,334.52177534761535,271.04580782423693,63.475967523378415,11.12861496095347,15.94544196953182,289.71442208257105,1.4181455723259937,upward,validation_limited_positive_2025_only_weak_history,2.280494599549362,1.396340226306778,1.4520213804295334,2.8898999108981194,2023,-17.4050096109943,False,"Synthetic yield-pressure index from operating data; economic-prior weights (gap 0.5 / LF 0.25 / mix 0.15 / industry -0.10), z-scored per company.  Positive = upward fare pressure.  Not a realized-yield forecast.",2026-08-10T13:36:52.969697+00:00
airline_yield_pressure_index,China Eastern Airlines,2023-12,260.4007088624605,199.858486241275,60.54222262118549,12.777077678608755,19.685708476530937,170.34305867265144,1.2437676046193675,upward,validation_limited_positive_2025_only_weak_history,1.7426729502636942,1.3057480850701988,1.6066371438001907,1.9500146335005786,2023,-17.4050096109943,False,"Synthetic yield-pressure index from operating data; economic-prior weights (gap 0.5 / LF 0.25 / mix 0.15 / industry -0.10), z-scored per company.  Positive = upward fare pressure.  Not a realized-yield forecast.",2026-08-10T13:36:52.969697+00:00
airline_yield_pressure_index,China Eastern Airlines,2024-01,88.00702075672278,65.93823457999035,22.06878617673243,9.087635690208927,21.787634432490492,44.10559396605909,1.065072016608117,upward,validation_limited_positive_2025_only_weak_history,1.1414334515069677,1.2754275938316564,1.7313069541447699,0.8419765072499658,2024,-13.920957205587811,False,"Synthetic yield-pressure index from operating data; economic-prior weights (gap 0.5 / LF 0.25 / mix 0.15 / industry -0.10), z-scored per company.  Positive = upward fare pressure.  Not a realized-yield forecast.",2026-08-10T13:36:52.969697+00:00
airline_yield_pressure_index,China Eastern Airlines,2024-02,80.29707088008477,57.79823633780137,22.498834542283404,10.404667076138324,20.42628334568535,44.62962962962962,0.8153324065297574,upward,validation_limited_positive_2025_only_weak_history,0.5579120382008492,1.1936737731077145,1.7116145207102413,0.1878423395413207,2024,-13.920957205587811,False,"Synthetic yield-pressure index from operating data; economic-prior weights (gap 0.5 / LF 0.25 / mix 0.15 / industry -0.10), z-scored per company.  Positive = upward fare pressure.  Not a realized-yield forecast.",2026-08-10T13:36:52.969697+00:00
airline_yield_pressure_index,China Eastern Airlines,2024-03,55.87845142824677,35.10579584283617,20.772655585410597,10.825080756031852,18.977929501920332,25.656397689480137,0.7618980683856734,upward,validation_limited_positive_2025_only_weak_history,0.45245271021348993,1.1872175764567505,1.6187636677760282,0.03947231001663387,2024,-13.920957205587811,False,"Synthetic yield-pressure index from operating data; economic-prior weights (gap 0.5 / LF 0.25 / mix 0.15 / industry -0.10), z-scored per company.  Positive = upward fare pressure.  Not a realized-yield forecast.",2026-08-10T13:36:52.969697+00:00
airline_yield_pressure_index,China Eastern Airlines,2024-04,34.932683307388835,20.051417105593174,14.881266201795661,8.933484166981799,18.450419572783616,11.287916459472891,0.7291027889665653,upward,validation_limited_positive_2025_only_weak_history,0.38529603202580276,1.203919845380054,1.503451110469786,-0.09957145038182609,2024,-13.920957205587811,False,"Synthetic yield-pressure index from operating data; economic-prior weights (gap 0.5 / LF 0.25 / mix 0.15 / industry -0.10), z-scored per company.  Positive = upward fare pressure.  Not a realized-yield forecast.",2026-08-10T13:36:52.969697+00:00
airline_yield_pressure_index,China Eastern Airlines,2024-05,34.08715268165261,16.165342999439037,17.921809682213574,10.80345917233197,16.28175728488709,13.874811404696509,0.6152877487017079,upward,validation_limited_positive_2025_only_weak_history,0.24909393867829657,1.0648426964027196,1.3846447104222448,-0.1683339869854298,2024,-13.920957205587811,False,"Synthetic yield-pressure index from operating data; economic-prior weights (gap 0.5 / LF 0.25 / mix 0.15 / industry -0.10), z-scored per company.  Positive = upward fare pressure.  Not a realized-yield forecast.",2026-08-10T13:36:52.969697+00:00
airline_yield_pressure_index,China Eastern Airlines,2024-06,27.747536545437402,16.25765646453925,11.489880080898153,7.50440210883778,14.70782889285159,10.446946306197757,0.4893096287688242,neutral,validation_limited_positive_2025_only_weak_history,0.13521689553010333,0.8903057713119834,1.2136397697031398,-0.17078772720305746,2024,-13.920957205587811,False,"Synthetic yield-pressure index from operating data; economic-prior weights (gap 0.5 / LF 0.25 / mix 0.15 / industry -0.10), z-scored per company.  Positive = upward fare pressure.  Not a realized-yield forecast.",2026-08-10T13:36:52.969697+00:00
airline_yield_pressure_index,China Eastern Airlines,2024-07,24.256465342740086,17.13642366166659,7.120041681073495,4.766149385117856,12.304216159278841,10.745178445569303,0.4159603290852952,neutral,validation_limited_positive_2025_only_weak_history,0.07205446115331951,0.8220191841325424,1.0494120718106321,-0.17016491703904993,2024,-13.920957205587811,False,"Synthetic yield-pressure index from operating data; economic-prior weights (gap 0.5 / LF 0.25 / mix 0.15 / industry -0.10), z-scored per company.  Positive = upward fare pressure.  Not a realized-yield forecast.",2026-08-10T13:36:52.969697+00:00
airline_yield_pressure_index,China Eastern Airlines,2024-08,28.76859919428334,15.151588977539344,13.617010216743996,9.17301295162693,10.379139307100242,14.012569570383349,0.44631826622405024,neutral,validation_limited_positive_2025_only_weak_history,0.12118777998020269,0.9223529236256074,0.9255361103991631,-0.16305728767672573,2024,-13.920957205587811,False,"Synthetic yield-pressure index from operating data; economic-prior weights (gap 0.5 / LF 0.25 / mix 0.15 / industry -0.10), z-scored per company.  Positive = upward fare pressure.  Not a realized-yield forecast.",2026-08-10T13:36:52.969697+00:00
airline_yield_pressure_index,China Eastern Airlines,2024-09,25.171883213191926,10.333349985694085,14.838533227497841,9.900022875999554,10.255519774315708,12.019068984856984,0.4869677691067039,neutral,validation_limited_positive_2025_only_weak_history,0.1766669835812495,1.0359734892460262,0.8330809204491757,-0.14678766937196303,2024,-13.920957205587811,False,"Synthetic yield-pressure index from operating data; economic-prior weights (gap 0.5 / LF 0.25 / mix 0.15 / industry -0.10), z-scored per company.  Positive = upward fare pressure.  Not a realized-yield forecast.",2026-08-10T13:36:52.969697+00:00
airline_yield_pressure_index,China Eastern Airlines,2024-10,23.24369461035518,12.342499647858318,10.901194962496863,7.479013352435203,8.981222088597242,14.343823592378513,0.44986439633277825,neutral,validation_limited_positive_2025_only_weak_history,0.14824515978999606,0.99313818795445,0.7554132855084275,-0.14145276622903594,2024,-13.920957205587811,False,"Synthetic yield-pressure index from operating data; economic-prior weights (gap 0.5 / LF 0.25 / mix 0.15 / industry -0.10), z-scored per company.  Positive = upward fare pressure.  Not a realized-yield forecast.",2026-08-10T13:36:52.969697+00:00
airline_yield_pressure_index,China Eastern Airlines,2024-11,20.852283549717065,9.172346421929722,11.679937127787342,8.15025492566076,7.587634681653249,15.192586393419184,0.37931431527666354,neutral,validation_limited_positive_2025_only_weak_history,0.08415939479678064,0.8906360956989244,0.6713483962331482,-0.13873334518569844,2024,-13.920957205587811,False,"Synthetic yield-pressure index from operating data; economic-prior weights (gap 0.5 / LF 0.25 / mix 0.15 / industry -0.10), z-scored per company.  Positive = upward fare pressure.  Not a realized-yield forecast.",2026-08-10T13:36:52.969697+00:00
airline_yield_pressure_index,China Eastern Airlines,2024-12,17.33429268889499,6.86348799512202,10.47080469377297,7.452629385778437,7.234087134727073,12.620572422517395,0.32508482321086324,neutral,validation_limited_positive_2025_only_weak_history,0.0392611320390506,0.8046673235404097,0.5993763245384057,-0.1438097762547462,2024,-13.920957205587811,False,"Synthetic yield-pressure index from operating data; economic-prior weights (gap 0.5 / LF 0.25 / mix 0.15 / industry -0.10), z-scored per company.  Positive = upward fare pressure.  Not a realized-yield forecast.",2026-08-10T13:36:52.969697+00:00
airline_yield_pressure_index,China Eastern Airlines,2025-01,19.712273622001252,11.871093990247106,7.841179631754146,5.4263780479913635,6.394425526655471,13.220977703339276,0.18329215996428794,neutral,validation_limited_positive_2025_only_weak_history,-0.10117657095574012,0.536237316079193,0.5191645670238252,-0.21946431368786,2025,-4.282187344402075,False,"Synthetic yield-pressure index from operating data; economic-prior weights (gap 0.5 / LF 0.25 / mix 0.15 / industry -0.10), z-scored per company.  Positive = upward fare pressure.  Not a realized-yield forecast.",2026-08-10T13:36:52.969697+00:00
airline_yield_pressure_index,China Eastern Airlines,2025-02,3.082328094293141,0.9738420156750527,2.108486078618088,1.7410798699664838,4.704690038263454,-1.5412932138284319,0.08452115111118892,neutral,validation_limited_positive_2025_only_weak_history,-0.19836663564265938,0.34680038529372365,0.4729278536677262,-0.2606519455892877,2025,-4.282187344402075,False,"Synthetic yield-pressure index from operating data; economic-prior weights (gap 0.5 / LF 0.25 / mix 0.15 / industry -0.10), z-scored per company.  Positive = upward fare pressure.  Not a realized-yield forecast.",2026-08-10T13:36:52.969697+00:00
airline_yield_pressure_index,China Eastern Airlines,2025-03,10.514911390572923,6.668039777298618,3.8468716132743053,2.9295342858651594,5.572262369527479,3.510360438795068,0.0490493464626008,neutral,validation_limited_positive_2025_only_weak_history,-0.22668762307318907,0.3024204384496319,0.39179790792518526,-0.28018362198009567,2025,-4.282187344402075,False,"Synthetic yield-pressure index from operating data; economic-prior weights (gap 0.5 / LF 0.25 / mix 0.15 / industry -0.10), z-scored per company.  Positive = upward fare pressure.  Not a realized-yield forecast.",2026-08-10T13:36:52.969697+00:00
airline_yield_pressure_index,China Eastern Airlines,2025-04,15.558873912697724,9.647894925605982,5.910978987091742,4.366739258064769,3.4784796635512123,8.90080428954423,0.09661635918746028,neutral,validation_limited_positive_2025_only_weak_history,-0.16711898023693236,0.42060942001553364,0.3425876714565915,-0.23635343583554325,2025,-4.282187344402075,False,"Synthetic yield-pressure index from operating data; economic-prior weights (gap 0.5 / LF 0.25 / mix 0.15 / industry -0.10), z-scored per company.  Positive = upward fare pressure.  Not a realized-yield forecast.",2026-08-10T13:36:52.969697+00:00
airline_yield_pressure_index,China Eastern Airlines,2025-05,15.434293114250774,9.265940370098956,6.168352744151818,4.563021722423244,2.935991881995168,8.153420189906747,0.08122661332478712,neutral,validation_limited_positive_2025_only_weak_history,-0.17289691974162516,0.4111794678446902,0.27750709484449504,-0.2325414200775288,2025,-4.282187344402075,False,"Synthetic yield-pressure index from operating data; economic-prior weights (gap 0.5 / LF 0.25 / mix 0.15 / industry -0.10), z-scored per company.  Positive = upward fare pressure.  Not a realized-yield forecast.",2026-08-10T13:36:52.969697+00:00
airline_yield_pressure_index,China Eastern Airlines,2025-06,9.988008346471954,6.534928884129365,3.453079462342589,2.704379822691024,3.2331576603648955,4.353532770817337,0.019078971693180964,neutral,validation_limited_positive_2025_only_weak_history,-0.22969557677739877,0.29446621582631666,0.23191423024328664,-0.2552307158880819,2025,-4.282187344402075,False,"Synthetic yield-pressure index from operating data; economic-prior weights (gap 0.5 / LF 0.25 / mix 0.15 / industry -0.10), z-scored per company.  Positive = upward fare pressure.  Not a realized-yield forecast.",2026-08-10T13:36:52.969697+00:00
airline_yield_pressure_index,China Eastern Airlines,2025-07,9.425666547057299,7.385767432986734,2.0398991140705647,1.5800326950394066,1.839795898830598,3.882203193705158,-0.04267674373643035,neutral,validation_limited_positive_2025_only_weak_history,-0.2913817090588374,0.1701991921077833,0.21843894875184466,-0.2769847045326583,2025,-4.282187344402075,False,"Synthetic yield-pressure index from operating data; economic-prior weights (gap 0.5 / LF 0.25 / mix 0.15 / industry -0.10), z-scored per company.  Positive = upward fare pressure.  Not a realized-yield forecast.",2026-08-10T13:36:52.969697+00:00
airline_yield_pressure_index,China Eastern Airlines,2025-08,8.72156281727776,6.757393016550117,1.9641698007276434,1.5959573610467856,2.451667740526748,3.341697862245807,-0.02429474946613951,neutral,validation_limited_positive_2025_only_weak_history,-0.2681596995828695,0.22689481659857655,0.1697874106544966,-0.2759328457747661,2025,-4.282187344402075,False,"Synthetic yield-pressure index from operating data; economic-prior weights (gap 0.5 / LF 0.25 / mix 0.15 / industry -0.10), z-scored per company.  Positive = upward fare pressure.  Not a realized-yield forecast.",2026-08-10T13:36:52.969697+00:00
airline_yield_pressure_index,China Eastern Airlines,2025-09,8.668564930939437,3.632802740079022,5.0357621908604155,4.058074164430749,1.4845400574538985,4.586191358333758,0.005445683132616362,neutral,validation_limited_positive_2025_only_weak_history,-0.2431562161578538,0.28481488536405714,0.19407954818783552,-0.26708137642353647,2025,-4.282187344402075,False,"Synthetic yield-pressure index from operating data; economic-prior weights (gap 0.5 / LF 0.25 / mix 0.15 / industry -0.10), z-scored per company.  Positive = upward fare pressure.  Not a realized-yield forecast.",2026-08-10T13:36:52.969697+00:00
airline_yield_pressure_index,China Eastern Airlines,2025-10,10.586552751137424,6.8425555739553445,3.743997177182079,2.962962507793108,2.712895927408045,5.840042438993942,0.03490433600984028,neutral,validation_limited_positive_2025_only_weak_history,-0.21567414591137332,0.34523803337877834,0.208050360890321,-0.25224346487284205,2025,-4.282187344402075,False,"Synthetic yield-pressure index from operating data; economic-prior weights (gap 0.5 / LF 0.25 / mix 0.15 / industry -0.10), z-scored per company.  Positive = upward fare pressure.  Not a realized-yield forecast.",2026-08-10T13:36:52.969697+00:00
airline_yield_pressure_index,China Eastern Airlines,2025-11,10.329541716512857,6.492347190339687,3.83719452617317,3.038652001281548,2.9538021020274456,6.623666583974197,-0.0034246168674902135,neutral,validation_limited_positive_2025_only_weak_history,-0.25017713032146927,0.2647568257357238,0.207022288999143,-0.24421398509442022,2025,-4.282187344402075,False,"Synthetic yield-pressure index from operating data; economic-prior weights (gap 0.5 / LF 0.25 / mix 0.15 / industry -0.10), z-scored per company.  Positive = upward fare pressure.  Not a realized-yield forecast.",2026-08-10T13:36:52.969697+00:00
airline_yield_pressure_index,China Eastern Airlines,2025-12,7.609233743851052,4.925002653892596,2.6842310899584554,2.1364628164426023,1.447589435206872,6.362216332906256,-0.018316509089799062,neutral,validation_limited_positive_2025_only_weak_history,-0.268207019868355,0.23113092208770503,0.1974408406730404,-0.2838814422149612,2025,-4.282187344402075,False,"Synthetic yield-pressure index from operating data; economic-prior weights (gap 0.5 / LF 0.25 / mix 0.15 / industry -0.10), z-scored per company.  Positive = upward fare pressure.  Not a realized-yield forecast.",2026-08-10T13:36:52.969697+00:00
airline_yield_pressure_index,China Eastern Airlines,2026-01,-1.0210919550948439,-3.5362723577221145,2.5151804026272706,2.1600928699147914,2.3685226586558628,-2.9339250493096714,-0.055393145531282995,neutral,validation_limited_positive_2025_only_weak_history,-0.29685135494056136,0.16344221281726826,0.17185280856488686,-0.263940574499476,,,,"Synthetic yield-pressure index from operating data; economic-prior weights (gap 0.5 / LF 0.25 / mix 0.15 / industry -0.10), z-scored per company.  Positive = upward fare pressure.  Not a realized-yield forecast.",2026-08-10T13:36:52.969697+00:00
airline_yield_pressure_index,China Eastern Airlines,2026-02,14.679211506218138,12.794255197653781,1.884956308564357,1.4224810257958609,2.034125456272889,11.034348228944847,-0.016522808391170665,neutral,validation_limited_positive_2025_only_weak_history,-0.24935137615570793,0.2626255854819529,0.12460801942279792,-0.2380528040277538,,,,"Synthetic yield-pressure index from operating data; economic-prior weights (gap 0.5 / LF 0.25 / mix 0.15 / industry -0.10), z-scored per company.  Positive = upward fare pressure.  Not a realized-yield forecast.",2026-08-10T13:36:52.969697+00:00
airline_yield_pressure_index,China Eastern Airlines,2026-03,16.55602232930029,10.634457445918377,5.9215648833819134,4.504616824388123,-0.2504672587947141,12.088281801971522,-0.01594281547704017,neutral,validation_limited_positive_2025_only_weak_history,-0.24286347711149028,0.277019156797453,0.09303261463546099,-0.2227924168402258,,,,"Synthetic yield-pressure index from operating data; economic-prior weights (gap 0.5 / LF 0.25 / mix 0.15 / industry -0.10), z-scored per company.  Positive = upward fare pressure.  Not a realized-yield forecast.",2026-08-10T13:36:52.969697+00:00
airline_yield_pressure_index,China Eastern Airlines,2026-04,3.7925994951136355,0.8352400565903917,2.957359438523244,2.50376129622137,1.2336498305923413,0.4414902346955518,-0.01008133923585056,neutral,validation_limited_positive_2025_only_weak_history,-0.2454449293655701,0.28201159838433426,0.07762051036852192,-0.3049514929557264,,,,"Synthetic yield-pressure index from operating data; economic-prior weights (gap 0.5 / LF 0.25 / mix 0.15 / industry -0.10), z-scored per company.  Positive = upward fare pressure.  Not a realized-yield forecast.",2026-08-10T13:36:52.969697+00:00
airline_yield_pressure_index,China Eastern Airlines,2026-05,-3.6302356273013037,-5.339254539007143,1.7090189117058396,1.541683168612451,1.4801886667484823,-7.138257605503295,-0.0772343504171416,neutral,validation_limited_positive_2025_only_weak_history,-0.3245602112229044,0.11322593656461459,0.11908409341794939,-0.3887665704046456,,,,"Synthetic yield-pressure index from operating data; economic-prior weights (gap 0.5 / LF 0.25 / mix 0.15 / industry -0.10), z-scored per company.  Positive = upward fare pressure.  Not a realized-yield forecast.",2026-08-10T13:36:52.969697+00:00
airline_yield_pressure_index,China Eastern Airlines,2026-06,-3.3647285827595907,-3.894236836115361,0.5295082533557705,0.474602208194014,1.2398032246361694,-6.450611738185852,-0.10258037987823665,neutral,validation_limited_positive_2025_only_weak_history,-0.3515297854884727,0.050586219195829445,0.12259940335306943,-0.4214804756408194,,,,"Synthetic yield-pressure index from operating data; economic-prior weights (gap 0.5 / LF 0.25 / mix 0.15 / industry -0.10), z-scored per company.  Positive = upward fare pressure.  Not a realized-yield forecast.",2026-08-10T13:36:52.969697+00:00
airline_yield_pressure_index,Hainan Airlines Holdings,2017-06,53.102090762549906,55.52171525266856,-2.4196244901186503,-1.3628242226506302,3.3402437279894563,,-0.18525008700562628,neutral,validation_limited_positive_2025_only_weak_history,-0.4392393702667519,-0.1886409652214949,0.31844136482351926,-0.33763634709595536,2017,1.6698936108085007,False,"Synthetic yield-pressure index from operating data; economic-prior weights (gap 0.5 / LF 0.25 / mix 0.15 / industry -0.10), z-scored per company.  Positive = upward fare pressure.  Not a realized-yield forecast.",2026-08-10T13:36:52.969697+00:00
airline_yield_pressure_index,Hainan Airlines Holdings,2017-07,43.49185245415288,47.76688884315183,-4.275036388998956,-2.5652571936117425,2.4174399438373655,,-0.19668680938104646,neutral,validation_limited_positive_2025_only_weak_history,-0.4432900562556352,-0.20211669512901267,0.27815838546285865,-0.33763634709595536,2017,1.6698936108085007,False,"Synthetic yield-pressure index from operating data; economic-prior weights (gap 0.5 / LF 0.25 / mix 0.15 / industry -0.10), z-scored per company.  Positive = upward fare pressure.  Not a realized-yield forecast.",2026-08-10T13:36:52.969697+00:00
airline_yield_pressure_index,Hainan Airlines Holdings,2017-08,41.61243203343488,45.3639623989577,-3.751530365522825,-2.3184311652747596,1.7845557677266228,,-0.2251953767804346,neutral,validation_limited_positive_2025_only_weak_history,-0.4473733012897255,-0.2151693853711779,0.12346656998418029,-0.33763634709595536,2017,1.6698936108085007,False,"Synthetic yield-pressure index from operating data; economic-prior weights (gap 0.5 / LF 0.25 / mix 0.15 / industry -0.10), z-scored per company.  Positive = upward fare pressure.  Not a realized-yield forecast.",2026-08-10T13:36:52.969697+00:00
airline_yield_pressure_index,Hainan Airlines Holdings,2017-09,42.252628387967995,45.07970172625748,-2.8270733382894875,-1.7060894033584901,-0.8619553453529463,,-0.22934006854482153,neutral,validation_limited_positive_2025_only_weak_history,-0.4386500684899122,-0.1965176795788522,0.03567167256834726,-0.33763634709595536,2017,1.6698936108085007,False,"Synthetic yield-pressure index from operating data; economic-prior weights (gap 0.5 / LF 0.25 / mix 0.15 / industry -0.10), z-scored per company.  Positive = upward fare pressure.  Not a realized-yield forecast.",2026-08-10T13:36:52.969697+00:00
airline_yield_pressure_index,Hainan Airlines Holdings,2017-10,40.27405136067459,43.67863517410289,-3.404583813428296,-2.074746728678619,0.032493879151378025,,-0.23660281904070407,neutral,validation_limited_positive_2025_only_weak_history,-0.4363977647286711,-0.18636524275620117,-0.0371750713127583,-0.33763634709595536,2017,1.6698936108085007,False,"Synthetic yield-pressure index from operating data; economic-prior weights (gap 0.5 / LF 0.25 / mix 0.15 / industry -0.10), z-scored per company.  Positive = upward fare pressure.  Not a realized-yield forecast.",2026-08-10T13:36:52.969697+00:00
airline_yield_pressure_index,Hainan Airlines Holdings,2017-11,43.215928621262755,46.74271161904575,-3.5267829977829948,-2.051438078340496,-0.19432410181234516,,-0.23911195354726433,neutral,validation_limited_positive_2025_only_weak_history,-0.43626659873558943,-0.18468452579692385,-0.05714104959889457,-0.33763634709595536,2017,1.6698936108085007,False,"Synthetic yield-pressure index from operating data; economic-prior weights (gap 0.5 / LF 0.25 / mix 0.15 / industry -0.10), z-scored per company.  Positive = upward fare pressure.  Not a realized-yield forecast.",2026-08-10T13:36:52.969697+00:00
airline_yield_pressure_index,Hainan Airlines Holdings,2017-12,43.34503168321935,46.15901655085519,-2.8139848676358454,-1.6618891963481843,-1.404330617068215,,-0.2665181525952634,neutral,validation_limited_positive_2025_only_weak_history,-0.4555355958573254,-0.2626669043491775,-0.045648421926012664,-0.33763634709595536,2017,1.6698936108085007,False,"Synthetic yield-pressure index from operating data; economic-prior weights (gap 0.5 / LF 0.25 / mix 0.15 / industry -0.10), z-scored per company.  Positive = upward fare pressure.  Not a realized-yield forecast.",2026-08-10T13:36:52.969697+00:00
airline_yield_pressure_index,Hainan Airlines Holdings,2018-01,7.377396749604581,12.704748023009138,-5.327351273404557,-4.125560374688163,0.3446908057167022,,-0.222512868594279,neutral,validation_limited_positive_2025_only_weak_history,-0.4136474847498181,-0.16649316792812424,-0.05219645964622948,-0.33763634709595536,2018,-1.1649662172096384,True,"Synthetic yield-pressure index from operating data; economic-prior weights (gap 0.5 / LF 0.25 / mix 0.15 / industry -0.10), z-scored per company.  Positive = upward fare pressure.  Not a realized-yield forecast.",2026-08-10T13:36:52.969697+00:00
airline_yield_pressure_index,Hainan Airlines Holdings,2018-02,20.515979895234658,19.86293472196392,0.653045173270737,0.4777796077789418,-0.37220137317903124,,-0.1783379414850575,neutral,validation_limited_positive_2025_only_weak_history,-0.3806353063679142,-0.09032851433527525,0.005321370487485841,-0.33763634709595536,2018,-1.1649662172096384,True,"Synthetic yield-pressure index from operating data; economic-prior weights (gap 0.5 / LF 0.25 / mix 0.15 / industry -0.10), z-scored per company.  Positive = upward fare pressure.  Not a realized-yield forecast.",2026-08-10T13:36:52.969697+00:00
airline_yield_pressure_index,Hainan Airlines Holdings,2018-03,21.94954021740816,21.469386735515926,0.48015348189223417,0.34112114818933037,0.1581397162241025,,-0.12628652857763364,neutral,validation_limited_positive_2025_only_weak_history,-0.3464731520287893,0.01343260923625086,0.0655217361206851,-0.33763634709595536,2018,-1.1649662172096384,True,"Synthetic yield-pressure index from operating data; economic-prior weights (gap 0.5 / LF 0.25 / mix 0.15 / industry -0.10), z-scored per company.  Positive = upward fare pressure.  Not a realized-yield forecast.",2026-08-10T13:36:52.969697+00:00
airline_yield_pressure_index,Hainan Airlines Holdings,2018-04,17.651614072521006,19.570076013960236,-1.9184619414392294,-1.3968063651758627,1.9800321448554357,,-0.1465981073697112,neutral,validation_limited_positive_2025_only_weak_history,-0.37824458029107116,-0.07407565613858831,0.18186308067250623,-0.33763634709595536,2018,-1.1649662172096384,True,"Synthetic yield-pressure index from operating data; economic-prior weights (gap 0.5 / LF 0.25 / mix 0.15 / industry -0.10), z-scored per company.  Positive = upward fare pressure.  Not a realized-yield forecast.",2026-08-10T13:36:52.969697+00:00
airline_yield_pressure_index,Hainan Airlines Holdings,2018-05,15.844018988567331,18.361303232740724,-2.5172842441733927,-1.8235498476837648,2.788208172434306,,-0.16240368393260357,neutral,validation_limited_positive_2025_only_weak_history,-0.40364330851669,-0.14397414197257746,0.27765247406193505,-0.33763634709595536,2018,-1.1649662172096384,True,"Synthetic yield-pressure index from operating data; economic-prior weights (gap 0.5 / LF 0.25 / mix 0.15 / industry -0.10), z-scored per company.  Positive = upward fare pressure.  Not a realized-yield forecast.",2026-08-10T13:36:52.969697+00:00
airline_yield_pressure_index,Hainan Airlines Holdings,2018-06,16.27183541705426,18.326107979676422,-2.054272562622163,-1.4970988605488742,2.760256052447268,,-0.1516874336450186,neutral,validation_limited_positive_2025_only_weak_history,-0.39398384584180496,-0.1176398148840342,0.2730053885819793,-0.33763634709595536,2018,-1.1649662172096384,True,"Synthetic yield-pressure index from operating data; economic-prior weights (gap 0.5 / LF 0.25 / mix 0.15 / industry -0.10), z-scored per company.  Positive = upward fare pressure.  Not a realized-yield forecast.",2026-08-10T13:36:52.969697+00:00
airline_yield_pressure_index,Hainan Airlines Holdings,2018-07,15.75430448616093,16.708891639784994,-0.9545871536240647,-0.7042550689176323,1.8537941907840754,,-0.13410372202019097,neutral,validation_limited_positive_2025_only_weak_history,-0.37563366563208156,-0.06790514399630915,0.2461717472355438,-0.33763634709595536,2018,-1.1649662172096384,True,"Synthetic yield-pressure index from operating data; economic-prior weights (gap 0.5 / LF 0.25 / mix 0.15 / industry -0.10), z-scored per company.  Positive = upward fare pressure.  Not a realized-yield forecast.",2026-08-10T13:36:52.969697+00:00
airline_yield_pressure_index,Hainan Airlines Holdings,2018-08,15.785508331635612,16.471709765995502,-0.6862014343598908,-0.5156063913554192,2.059273015448344,,-0.14515771777475053,neutral,validation_limited_positive_2025_only_weak_history,-0.3872502601833359,-0.10237318913889487,0.2686471659469708,-0.33763634709595536,2018,-1.1649662172096384,True,"Synthetic yield-pressure index from operating data; economic-prior weights (gap 0.5 / LF 0.25 / mix 0.15 / industry -0.10), z-scored per company.  Positive = upward fare pressure.  Not a realized-yield forecast.",2026-08-10T13:36:52.969697+00:00
airline_yield_pressure_index,Hainan Airlines Holdings,2018-09,11.560002712205897,14.773443541748076,-3.2134408295421792,-2.4035541218784857,3.3708002068996983,,-0.16155466172624675,neutral,validation_limited_positive_2025_only_weak_history,-0.4027176463973985,-0.14550051416735307,0.28277103536463494,-0.33763634709595536,2018,-1.1649662172096384,True,"Synthetic yield-pressure index from operating data; economic-prior weights (gap 0.5 / LF 0.25 / mix 0.15 / industry -0.10), z-scored per company.  Positive = upward fare pressure.  Not a realized-yield forecast.",2026-08-10T13:36:52.969697+00:00
airline_yield_pressure_index,Hainan Airlines Holdings,2018-10,13.653245646130108,16.151254427532468,-2.49800878140236,-1.838435743145027,2.2374687297069045,,-0.1965378208343528,neutral,validation_limited_positive_2025_only_weak_history,-0.4275503069444475,-0.21391916674635544,0.24635659743242835,-0.33763634709595536,2018,-1.1649662172096384,True,"Synthetic yield-pressure index from operating data; economic-prior weights (gap 0.5 / LF 0.25 / mix 0.15 / industry -0.10), z-scored per company.  Positive = upward fare pressure.  Not a realized-yield forecast.",2026-08-10T13:36:52.969697+00:00
airline_yield_pressure_index,Hainan Airlines Holdings,2018-11,10.701587103558285,13.865729208252375,-3.16414210469409,-2.31490911788849,1.0700757727791341,,-0.21020554993347165,neutral,validation_limited_positive_2025_only_weak_history,-0.4341784769675511,-0.23448754951199324,0.2116129414580442,-0.33763634709595536,2018,-1.1649662172096384,True,"Synthetic yield-pressure index from operating data; economic-prior weights (gap 0.5 / LF 0.25 / mix 0.15 / industry -0.10), z-scored per company.  Positive = upward fare pressure.  Not a realized-yield forecast.",2026-08-10T13:36:52.969697+00:00
airline_yield_pressure_index,Hainan Airlines Holdings,2018-12,7.531313437214626,11.406149852582992,-3.8748364153683656,-2.9444701702887386,2.4269897118951462,,-0.17290994054760672,neutral,validation_limited_positive_2025_only_weak_history,-0.40225301997661034,-0.1459491924530056,0.20626821896236225,-0.33763634709595536,2018,-1.1649662172096384,True,"Synthetic yield-pressure index from operating data; economic-prior weights (gap 0.5 / LF 0.25 / mix 0.15 / industry -0.10), z-scored per company.  Positive = upward fare pressure.  Not a realized-yield forecast.",2026-08-10T13:36:52.969697+00:00
airline_yield_pressure_index,Hainan Airlines Holdings,2019-01,17.394457535031105,16.706767057710326,0.6876904773207784,0.4899835000583437,2.092279484567282,,-0.14439350236184773,neutral,validation_limited_positive_2025_only_weak_history,-0.3814625617268174,-0.08991526606005436,0.2336864020465271,-0.33763634709595536,2019,1.9426773199735263,False,"Synthetic yield-pressure index from operating data; economic-prior weights (gap 0.5 / LF 0.25 / mix 0.15 / industry -0.10), z-scored per company.  Positive = upward fare pressure.  Not a realized-yield forecast.",2026-08-10T13:36:52.969697+00:00
airline_yield_pressure_index,Hainan Airlines Holdings,2019-02,13.099518009956569,14.189072820452363,-1.0895548104957946,-0.8413051701817977,1.814889990599795,,-0.15499714120766558,neutral,validation_limited_positive_2025_only_weak_history,-0.38997265124162345,-0.12263799894978258,0.24590032960664157,-0.33763634709595536,2019,1.9426773199735263,False,"Synthetic yield-pressure index from operating data; economic-prior weights (gap 0.5 / LF 0.25 / mix 0.15 / industry -0.10), z-scored per company.  Positive = upward fare pressure.  Not a realized-yield forecast.",2026-08-10T13:36:52.969697+00:00
airline_yield_pressure_index,Hainan Airlines Holdings,2019-03,2.8389554637748837,7.562975834965036,-4.724020371190152,-3.8050264701970917,2.7587807308069294,,-0.2181283027356022,neutral,validation_limited_positive_2025_only_weak_history,-0.4419471241688406,-0.2732535997382271,0.24930016382519574,-0.33763634709595536,2019,1.9426773199735263,False,"Synthetic yield-pressure index from operating data; economic-prior weights (gap 0.5 / LF 0.25 / mix 0.15 / industry -0.10), z-scored per company.  Positive = upward fare pressure.  Not a realized-yield forecast.",2026-08-10T13:36:52.969697+00:00
airline_yield_pressure_index,Hainan Airlines Holdings,2019-04,6.523261350586784,11.021872197746507,-4.498610847159723,-3.4709694117830594,2.184635891132924,,-0.22960536439867874,neutral,validation_limited_positive_2025_only_weak_history,-0.4483030890780606,-0.290378307176392,0.22251414816569343,-0.33763634709595536,2019,1.9426773199735263,False,"Synthetic yield-pressure index from operating data; economic-prior weights (gap 0.5 / LF 0.25 / mix 0.15 / industry -0.10), z-scored per company.  Positive = upward fare pressure.  Not a realized-yield forecast.",2026-08-10T13:36:52.969697+00:00
airline_yield_pressure_index,Hainan Airlines Holdings,2019-05,10.270373462527505,11.994161722070507,-1.7237882595430012,-1.2916579851395653,1.0872485841388944,,-0.19371444543505192,neutral,validation_limited_positive_2025_only_weak_history,-0.4149650757150982,-0.18563257421619633,0.1760840084463383,-0.33763634709595536,2019,1.9426773199735263,False,"Synthetic yield-pressure index from operating data; economic-prior weights (gap 0.5 / LF 0.25 / mix 0.15 / industry -0.10), z-scored per company.  Positive = upward fare pressure.  Not a realized-yield forecast.",2026-08-10T13:36:52.969697+00:00
airline_yield_pressure_index,Hainan Airlines Holdings,2019-06,11.330661777654228,12.728030176788717,-1.3973683991344892,-1.0503787856294764,1.4975072141694277,,-0.15788035386238933,neutral,validation_limited_positive_2025_only_weak_history,-0.37587494361195894,-0.07068739147452599,0.09310220735084064,-0.33763634709595536,2019,1.9426773199735263,False,"Synthetic yield-pressure index from operating data; economic-prior weights (gap 0.5 / LF 0.25 / mix 0.15 / industry -0.10), z-scored per company.  Positive = upward fare pressure.  Not a realized-yield forecast.",2026-08-10T13:36:52.969697+00:00
airline_yield_pressure_index,Hainan Airlines Holdings,2019-07,13.36692816499947,13.964908712655655,-0.597980547656185,-0.4480922735623807,-0.06956253939650026,,-0.14081830086418967,neutral,validation_limited_positive_2025_only_weak_history,-0.35812803868892806,-0.020159598252247456,0.06347988889160461,-0.33763634709595536,2019,1.9426773199735263,False,"Synthetic yield-pressure index from operating data; economic-prior weights (gap 0.5 / LF 0.25 / mix 0.15 / industry -0.10), z-scored per company.  Positive = upward fare pressure.  Not a realized-yield forecast.",2026-08-10T13:36:52.969697+00:00
airline_yield_pressure_index,Hainan Airlines Holdings,2019-08,10.360326444044121,10.313230049564082,0.04709639448003955,0.03714333852822449,0.28255908718995926,,-0.1391649133525291,neutral,validation_limited_positive_2025_only_weak_history,-0.35338886061251057,-0.007092780018724772,0.03692718165874568,-0.33763634709595536,2019,1.9426773199735263,False,"Synthetic yield-pressure index from operating data; economic-prior weights (gap 0.5 / LF 0.25 / mix 0.15 / industry -0.10), z-scored per company.  Positive = upward fare pressure.  Not a realized-yield forecast.",2026-08-10T13:36:52.969697+00:00
airline_yield_pressure_index,Hainan Airlines Holdings,2019-09,8.225233391681241,9.149700303789743,-0.9244669121085014,-0.706742061016385,0.7762036249434594,,-0.14616304722189777,neutral,validation_limited_positive_2025_only_weak_history,-0.3619699399870275,-0.034864293165347976,0.06516240902238297,-0.33763634709595536,2019,1.9426773199735263,False,"Synthetic yield-pressure index from operating data; economic-prior weights (gap 0.5 / LF 0.25 / mix 0.15 / industry -0.10), z-scored per company.  Positive = upward fare pressure.  Not a realized-yield forecast.",2026-08-10T13:36:52.969697+00:00
airline_yield_pressure_index,Hainan Airlines Holdings,2019-10,1.7666596407564183,3.2209079063719726,-1.4542482656155542,-1.178439297964374,0.6974466646518067,,-0.1546548107593483,neutral,validation_limited_positive_2025_only_weak_history,-0.37628214204418153,-0.08758414960697106,0.14412441969926457,-0.33763634709595536,2019,1.9426773199735263,False,"Synthetic yield-pressure index from operating data; economic-prior weights (gap 0.5 / LF 0.25 / mix 0.15 / industry -0.10), z-scored per company.  Positive = upward fare pressure.  Not a realized-yield forecast.",2026-08-10T13:36:52.969697+00:00
airline_yield_pressure_index,Hainan Airlines Holdings,2019-11,-18.485305455826918,-17.104250908031972,-1.381054547794946,-1.3493057928444188,2.4275600173870693,,-0.16853736076105136,neutral,validation_limited_positive_2025_only_weak_history,-0.39179904267020393,-0.15350833832433602,0.21317073630359396,-0.33763634709595536,2019,1.9426773199735263,False,"Synthetic yield-pressure index from operating data; economic-prior weights (gap 0.5 / LF 0.25 / mix 0.15 / industry -0.10), z-scored per company.  Positive = upward fare pressure.  Not a realized-yield forecast.",2026-08-10T13:36:52.969697+00:00
airline_yield_pressure_index,Hainan Airlines Holdings,2019-12,-19.675947317236307,-17.203117954559687,-2.4728293626766202,-2.440444319573274,2.651844988092442,,-0.26334183265602534,neutral,validation_limited_positive_2025_only_weak_history,-0.46421906739153895,-0.4592389291300266,0.33209199075103507,-0.33763634709595536,2019,1.9426773199735263,False,"Synthetic yield-pressure index from operating data; economic-prior weights (gap 0.5 / LF 0.25 / mix 0.15 / industry -0.10), z-scored per company.  Positive = upward fare pressure.  Not a realized-yield forecast.",2026-08-10T13:36:52.969697+00:00
airline_yield_pressure_index,Hainan Airlines Holdings,2020-01,-29.91750517934194,-21.236784975143486,-8.680720204198455,-9.218671966768369,3.9279393942987255,,-0.6894145256736982,downward,validation_limited_positive_2025_only_weak_history,-0.5189567820164317,-2.0513058554416617,0.3275112965689169,-0.33763634709595536,2020,3.2751393072470307,False,"Synthetic yield-pressure index from operating data; economic-prior weights (gap 0.5 / LF 0.25 / mix 0.15 / industry -0.10), z-scored per company.  Positive = upward fare pressure.  Not a realized-yield forecast.",2026-08-10T13:36:52.969697+00:00
airline_yield_pressure_index,Hainan Airlines Holdings,2020-02,-93.01535141459712,-86.17226395199687,-6.843087462600252,-43.218156659615175,2.303125581164327,,-1.0220262988948075,downward,validation_limited_positive_2025_only_weak_history,-0.5544520503757638,-2.8377742082765187,-0.46080237564927645,-0.33763634709595536,2020,3.2751393072470307,False,"Synthetic yield-pressure index from operating data; economic-prior weights (gap 0.5 / LF 0.25 / mix 0.15 / industry -0.10), z-scored per company.  Positive = upward fare pressure.  Not a realized-yield forecast.",2026-08-10T13:36:52.969697+00:00
airline_yield_pressure_index,Hainan Airlines Holdings,2020-03,-84.46855321804317,-78.4538090087728,-6.014744209270376,-23.123322427319323,-18.762675053887616,,-1.2164818957086174,downward,validation_limited_positive_2025_only_weak_history,-0.5071668112798231,-3.06325543463779,-1.5389884407923604,-0.33763634709595536,2020,3.2751393072470307,False,"Synthetic yield-pressure index from operating data; economic-prior weights (gap 0.5 / LF 0.25 / mix 0.15 / industry -0.10), z-scored per company.  Positive = upward fare pressure.  Not a realized-yield forecast.",2026-08-10T13:36:52.969697+00:00
airline_yield_pressure_index,Hainan Airlines Holdings,2020-04,-82.46427350652083,-78.50193685370677,-3.9623366528140593,-15.148472833650217,-25.360956529606483,,-1.058402058799278,downward,validation_limited_positive_2025_only_weak_history,-0.48415728325097734,-1.8524860792029212,-2.5797702138843635,-0.33763634709595536,2020,3.2751393072470307,False,"Synthetic yield-pressure index from operating data; economic-prior weights (gap 0.5 / LF 0.25 / mix 0.15 / industry -0.10), z-scored per company.  Positive = upward fare pressure.  Not a realized-yield forecast.",2026-08-10T13:36:52.969697+00:00
airline_yield_pressure_index,Hainan Airlines Holdings,2020-05,-71.52283854929158,-66.97576947746529,-4.547069071826286,-11.376830934571004,-25.96968373913033,,-0.9857282901842206,downward,validation_limited_positive_2025_only_weak_history,-0.47671695438312695,-1.3909151101984107,-2.889364467684332,-0.33763634709595536,2020,3.2751393072470307,False,"Synthetic yield-pressure index from operating data; economic-prior weights (gap 0.5 / LF 0.25 / mix 0.15 / industry -0.10), z-scored per company.  Positive = upward fare pressure.  Not a realized-yield forecast.",2026-08-10T13:36:52.969697+00:00
airline_yield_pressure_index,Hainan Airlines Holdings,2020-06,-65.10608572770593,-59.83377882060772,-5.272306907098212,-10.984733435679217,-27.172794764517555,,-0.9151575976175848,downward,validation_limited_positive_2025_only_weak_history,-0.4728282030918132,-1.1069117530076542,-2.9051946168624014,-0.33763634709595536,2020,3.2751393072470307,False,"Synthetic yield-pressure index from operating data; economic-prior weights (gap 0.5 / LF 0.25 / mix 0.15 / industry -0.10), z-scored per company.  Positive = upward fare pressure.  Not a realized-yield forecast.",2026-08-10T13:36:52.969697+00:00
airline_yield_pressure_index,Hainan Airlines Holdings,2020-07,-64.0361031422484,-60.46180767266978,-3.5742954695786153,-7.679632164100084,-25.79098211306162,,-0.9035074568747883,downward,validation_limited_positive_2025_only_weak_history,-0.48079302855740247,-1.0494958657131526,-2.89667073918263,-0.33763634709595536,2020,3.2751393072470307,False,"Synthetic yield-pressure index from operating data; economic-prior weights (gap 0.5 / LF 0.25 / mix 0.15 / industry -0.10), z-scored per company.  Positive = upward fare pressure.  Not a realized-yield forecast.",2026-08-10T13:36:52.969697+00:00
airline_yield_pressure_index,Hainan Airlines Holdings,2020-08,-58.22052734957107,-52.878683794523226,-5.341843555047845,-9.866883593295569,-25.738132827555738,,-0.7818140770116412,downward,validation_limited_positive_2025_only_weak_history,-0.43716561828590406,-0.6932455310308819,-2.824556798803761,-0.33763634709595536,2020,3.2751393072470307,False,"Synthetic yield-pressure index from operating data; economic-prior weights (gap 0.5 / LF 0.25 / mix 0.15 / industry -0.10), z-scored per company.  Positive = upward fare pressure.  Not a realized-yield forecast.",2026-08-10T13:36:52.969697+00:00
airline_yield_pressure_index,Hainan Airlines Holdings,2020-09,-53.86896953972224,-52.95004772594818,-0.9189218137740554,-1.6159111283125327,-25.21382148272215,,-0.7102066433363522,downward,validation_limited_positive_2025_only_weak_history,-0.4167914834222709,-0.4911453228140179,-2.7519213708753854,-0.33763634709595536,2020,3.2751393072470307,False,"Synthetic yield-pressure index from operating data; economic-prior weights (gap 0.5 / LF 0.25 / mix 0.15 / industry -0.10), z-scored per company.  Positive = upward fare pressure.  Not a realized-yield forecast.",2026-08-10T13:36:52.969697+00:00
airline_yield_pressure_index,Hainan Airlines Holdings,2020-10,-47.79245134946428,-46.251200116358746,-1.541251233105534,-2.3647152230274173,-23.817842635785798,,-0.6206635221469805,downward,validation_limited_positive_2025_only_weak_history,-0.39015209825299524,-0.2314304634262841,-2.676623279156716,-0.33763634709595536,2020,3.2751393072470307,False,"Synthetic yield-pressure index from operating data; economic-prior weights (gap 0.5 / LF 0.25 / mix 0.15 / industry -0.10), z-scored per company.  Positive = upward fare pressure.  Not a realized-yield forecast.",2026-08-10T13:36:52.969697+00:00
airline_yield_pressure_index,Hainan Airlines Holdings,2020-11,-32.30494578444131,-29.62132790837696,-2.68361787606435,-3.0367921342755437,-23.692662158887696,,-0.6811557469270355,downward,validation_limited_positive_2025_only_weak_history,-0.4293162663082311,-0.36317155359156167,-2.729789067230834,-0.33763634709595536,2020,3.2751393072470307,False,"Synthetic yield-pressure index from operating data; economic-prior weights (gap 0.5 / LF 0.25 / mix 0.15 / industry -0.10), z-scored per company.  Positive = upward fare pressure.  Not a realized-yield forecast.",2026-08-10T13:36:52.969697+00:00
airline_yield_pressure_index,Hainan Airlines Holdings,2020-12,-29.511104780479258,-24.684164949062502,-4.826939831416755,-5.080494159337775,-26.658068708648425,,-0.7495729511853803,downward,validation_limited_positive_2025_only_weak_history,-0.5014623763382926,-0.6436294750491683,-2.835688965624809,-0.8741895058977943,2020,3.2751393072470307,False,"Synthetic yield-pressure index from operating data; economic-prior weights (gap 0.5 / LF 0.25 / mix 0.15 / industry -0.10), z-scored per company.  Positive = upward fare pressure.  Not a realized-yield forecast.",2026-08-10T13:36:52.969697+00:00
airline_yield_pressure_index,Hainan Airlines Holdings,2021-01,-41.95523819164752,-33.2148477478568,-8.740390443790716,-9.740316520842796,-26.694610572868747,-40.35611240662425,0.16181380843521903,neutral,validation_limited_positive_2025_only_weak_history,1.0925874542297167,0.41234314377436293,-2.824928078170538,0.638264928976494,2021,5.611709435371452,True,"Synthetic yield-pressure index from operating data; economic-prior weights (gap 0.5 / LF 0.25 / mix 0.15 / industry -0.10), z-scored per company.  Positive = upward fare pressure.  Not a realized-yield forecast.",2026-08-10T13:36:52.969697+00:00
airline_yield_pressure_index,Hainan Airlines Holdings,2021-02,335.2810140117173,178.90149412128866,156.3795198904286,24.733623396774533,-23.400342935994413,187.15827338129495,0.9365902057589683,upward,validation_limited_positive_2025_only_weak_history,2.044194605464902,1.3797913925095844,-2.02364225570246,1.2690860674550961,2021,5.611709435371452,True,"Synthetic yield-pressure index from operating data; economic-prior weights (gap 0.5 / LF 0.25 / mix 0.15 / industry -0.10), z-scored per company.  Positive = upward fare pressure.  Not a realized-yield forecast.",2026-08-10T13:36:52.969697+00:00
airline_yield_pressure_index,Hainan Airlines Holdings,2021-03,254.42854564947402,164.29884328949456,90.12970235997946,20.361869963792557,-4.891160548456391,215.74012940710418,1.5586171233506931,upward,validation_limited_positive_2025_only_weak_history,2.748835861109657,2.3223879733225035,-1.0696589468484519,2.359489585074933,2021,5.611709435371452,True,"Synthetic yield-pressure index from operating data; economic-prior weights (gap 0.5 / LF 0.25 / mix 0.15 / industry -0.10), z-scored per company.  Positive = upward fare pressure.  Not a realized-yield forecast.",2026-08-10T13:36:52.969697+00:00
airline_yield_pressure_index,Hainan Airlines Holdings,2021-04,235.87908946929446,174.30646524237198,61.57262422692247,15.048487905246432,-0.7796792363561134,205.68351779838468,0.9473043505445833,upward,validation_limited_positive_2025_only_weak_history,1.448439030849008,1.804702060142433,-0.21225056836185754,1.9625309466125012,2021,5.611709435371452,True,"Synthetic yield-pressure index from operating data; economic-prior weights (gap 0.5 / LF 0.25 / mix 0.15 / industry -0.10), z-scored per company.  Positive = upward fare pressure.  Not a realized-yield forecast.",2026-08-10T13:36:52.969697+00:00
airline_yield_pressure_index,Hainan Airlines Holdings,2021-05,97.18608957782939,70.5673815493205,26.61870802850889,11.119299817439213,-0.10886702692156924,97.58816925399714,0.5255873703848835,upward,validation_limited_positive_2025_only_weak_history,0.653356675180216,1.2910827154716005,-0.05352930256621959,1.1583225068819167,2021,5.611709435371452,True,"Synthetic yield-pressure index from operating data; economic-prior weights (gap 0.5 / LF 0.25 / mix 0.15 / industry -0.10), z-scored per company.  Positive = upward fare pressure.  Not a realized-yield forecast.",2026-08-10T13:36:52.969697+00:00
airline_yield_pressure_index,Hainan Airlines Holdings,2021-06,25.254724014468866,14.462751159713383,10.791972854755484,6.85449072683312,-0.5795015638988353,34.277813923227065,0.2520245928823325,neutral,validation_limited_positive_2025_only_weak_history,0.13207332858411988,0.9273216155482925,-0.06541081723402835,0.36030852711696315,2021,5.611709435371452,True,"Synthetic yield-pressure index from operating data; economic-prior weights (gap 0.5 / LF 0.25 / mix 0.15 / industry -0.10), z-scored per company.  Positive = upward fare pressure.  Not a realized-yield forecast.",2026-08-10T13:36:52.969697+00:00
airline_yield_pressure_index,Hainan Airlines Holdings,2021-07,44.249377853406635,34.69329864593782,9.556079207468812,5.482144309939386,-1.1024402678461858,25.618925831202045,-0.1334686259145424,neutral,validation_limited_positive_2025_only_weak_history,-0.26726014208538584,-0.06266196250781257,-0.09466079032748312,-0.300260543042261,2021,5.611709435371452,True,"Synthetic yield-pressure index from operating data; economic-prior weights (gap 0.5 / LF 0.25 / mix 0.15 / industry -0.10), z-scored per company.  Positive = upward fare pressure.  Not a realized-yield forecast.",2026-08-10T13:36:52.969697+00:00
airline_yield_pressure_index,Hainan Airlines Holdings,2021-08,-44.78506305092205,-31.5560614019728,-13.229001648949247,-14.91570794835225,-0.9034417718636991,-51.46322971948446,-0.3732756891047128,neutral,validation_limited_positive_2025_only_weak_history,-0.4864994911443698,-0.666256431831795,-0.13072661869106852,-0.5614715722908113,2021,5.611709435371452,True,"Synthetic yield-pressure index from operating data; economic-prior weights (gap 0.5 / LF 0.25 / mix 0.15 / industry -0.10), z-scored per company.  Positive = upward fare pressure.  Not a realized-yield forecast.",2026-08-10T13:36:52.969697+00:00
airline_yield_pressure_index,Hainan Airlines Holdings,2021-09,-11.383189825338224,-0.29824383196767057,-11.084945993370553,-9.019092476531966,-1.5592288368628928,-24.662077596996244,-0.5152282327276849,downward,validation_limited_positive_2025_only_weak_history,-0.626623236779881,-1.0383463910474007,-0.13283545889679926,-0.7759530225862551,2021,5.611709435371452,True,"Synthetic yield-pressure index from operating data; economic-prior weights (gap 0.5 / LF 0.25 / mix 0.15 / industry -0.10), z-scored per company.  Positive = upward fare pressure.  Not a realized-yield forecast.",2026-08-10T13:36:52.969697+00:00
airline_yield_pressure_index,Hainan Airlines Holdings,2021-10,-22.035363944892993,-17.609118240701893,-4.4262457041911,-4.303235157438323,-1.1597268562214467,-22.776861474872334,-0.47077795668545885,neutral,validation_limited_positive_2025_only_weak_history,-0.5895913504957709,-0.9486234333703433,-0.10969870506996929,-0.7762838266550786,2021,5.611709435371452,True,"Synthetic yield-pressure index from operating data; economic-prior weights (gap 0.5 / LF 0.25 / mix 0.15 / industry -0.10), z-scored per company.  Positive = upward fare pressure.  Not a realized-yield forecast.",2026-08-10T13:36:52.969697+00:00
airline_yield_pressure_index,Hainan Airlines Holdings,2021-11,-51.369080326186854,-41.83532578733803,-9.533754538848825,-12.556135575971354,-0.27493246650450853,-51.53787264703234,-0.4097576621755539,neutral,validation_limited_positive_2025_only_weak_history,-0.5383264434627169,-0.8633255277871534,-0.049383564698407816,-0.8264447620735405,2021,5.611709435371452,True,"Synthetic yield-pressure index from operating data; economic-prior weights (gap 0.5 / LF 0.25 / mix 0.15 / industry -0.10), z-scored per company.  Positive = upward fare pressure.  Not a realized-yield forecast.",2026-08-10T13:36:52.969697+00:00
airline_yield_pressure_index,Hainan Airlines Holdings,2021-12,-40.60786748967483,-34.63841839835501,-5.969449091319824,-6.775891999788058,0.07923035500577602,-35.980436169458685,-0.2765027389916788,neutral,validation_limited_positive_2025_only_weak_history,-0.43533993351767664,-0.5092727671561549,-0.03363773832008915,-0.7353108030421158,2021,5.611709435371452,True,"Synthetic yield-pressure index from operating data; economic-prior weights (gap 0.5 / LF 0.25 / mix 0.15 / industry -0.10), z-scored per company.  Positive = upward fare pressure.  Not a realized-yield forecast.",2026-08-10T13:36:52.969697+00:00
airline_yield_pressure_index,Hainan Airlines Holdings,2022-01,-18.581601420279746,-24.431921169278425,5.850319748998679,5.007794416029569,-0.7319918993898031,-2.2133130114972865,-0.07689069172001184,neutral,validation_limited_positive_2025_only_weak_history,-0.2735915932549322,0.1262755401641655,-0.058413989941555236,-0.37098318357646176,2022,25.6000080103547,False,"Synthetic yield-pressure index from operating data; economic-prior weights (gap 0.5 / LF 0.25 / mix 0.15 / industry -0.10), z-scored per company.  Positive = upward fare pressure.  Not a realized-yield forecast.",2026-08-10T13:36:52.969697+00:00
airline_yield_pressure_index,Hainan Airlines Holdings,2022-02,15.997021524856446,9.390629101331616,6.606392423524831,4.157783203479781,-0.9479786860633804,30.669339012067297,-0.16618161187376557,neutral,validation_limited_positive_2025_only_weak_history,-0.29515973609628526,-0.2423250322019334,-0.06164831056846,-0.5122676081012939,2022,25.6000080103547,False,"Synthetic yield-pressure index from operating data; economic-prior weights (gap 0.5 / LF 0.25 / mix 0.15 / industry -0.10), z-scored per company.  Positive = upward fare pressure.  Not a realized-yield forecast.",2026-08-10T13:36:52.969697+00:00
airline_yield_pressure_index,Hainan Airlines Holdings,2022-03,-68.63578983307701,-60.51415176349979,-8.121638069577223,-16.469506092730825,-0.008629879223259085,-67.85998076199239,-0.4855595663395923,neutral,validation_limited_positive_2025_only_weak_history,-0.4234614765097752,-1.468396898197102,0.03694130295513722,-0.8772920102130023,2022,25.6000080103547,False,"Synthetic yield-pressure index from operating data; economic-prior weights (gap 0.5 / LF 0.25 / mix 0.15 / industry -0.10), z-scored per company.  Positive = upward fare pressure.  Not a realized-yield forecast.",2026-08-10T13:36:52.969697+00:00
airline_yield_pressure_index,Hainan Airlines Holdings,2022-04,-85.99788229287137,-79.04554241372044,-6.9523398791509265,-27.235963218093133,1.9461923426662942,-84.57774733339856,-0.7886163568178225,downward,validation_limited_positive_2025_only_weak_history,-0.5882014704396367,-2.575582265491996,0.09482445775573276,-1.35156276111635,2022,25.6000080103547,False,"Synthetic yield-pressure index from operating data; economic-prior weights (gap 0.5 / LF 0.25 / mix 0.15 / industry -0.10), z-scored per company.  Positive = upward fare pressure.  Not a realized-yield forecast.",2026-08-10T13:36:52.969697+00:00
airline_yield_pressure_index,Hainan Airlines Holdings,2022-05,-77.38442652996854,-67.55214818698448,-9.832278342984054,-24.95944689471446,0.6244156821359077,-76.34553968533866,-0.7462895325718021,downward,validation_limited_positive_2025_only_weak_history,-0.6021593571823188,-2.368282544875151,0.1405650862312722,-1.257760193034542,2022,25.6000080103547,False,"Synthetic yield-pressure index from operating data; economic-prior weights (gap 0.5 / LF 0.25 / mix 0.15 / industry -0.10), z-scored per company.  Positive = upward fare pressure.  Not a realized-yield forecast.",2026-08-10T13:36:52.969697+00:00
airline_yield_pressure_index,Hainan Airlines Holdings,2022-06,-40.81478188344828,-31.30034841983421,-9.514433463614072,-11.017850170616015,1.2339130827248739,-46.694284952879315,-0.6230817918524226,downward,validation_limited_positive_2025_only_weak_history,-0.6294618423344823,-1.7097956610346436,0.11441138026868902,-1.01936337533176,2022,25.6000080103547,False,"Synthetic yield-pressure index from operating data; economic-prior weights (gap 0.5 / LF 0.25 / mix 0.15 / industry -0.10), z-scored per company.  Positive = upward fare pressure.  Not a realized-yield forecast.",2026-08-10T13:36:52.969697+00:00
airline_yield_pressure_index,Hainan Airlines Holdings,2022-07,-28.943102233757912,-19.266368879668537,-9.676733354089375,-9.918796030206863,1.2357276123872385,-30.785675020868542,-0.239690032763912,neutral,validation_limited_positive_2025_only_weak_history,-0.3942067965352383,-0.45044844713186183,0.14331431873502623,-0.48528329476418725,2022,25.6000080103547,False,"Synthetic yield-pressure index from operating data; economic-prior weights (gap 0.5 / LF 0.25 / mix 0.15 / industry -0.10), z-scored per company.  Positive = upward fare pressure.  Not a realized-yield forecast.",2026-08-10T13:36:52.969697+00:00
airline_yield_pressure_index,Hainan Airlines Holdings,2022-08,17.734905701494963,4.092130101595859,13.642775599899103,8.15939994329706,1.4095632406171474,44.16476993796583,-0.14934585372233514,neutral,validation_limited_positive_2025_only_weak_history,-0.3392316446884902,-0.29542088773457376,0.31090447024987466,-0.4748952001807222,2022,25.6000080103547,False,"Synthetic yield-pressure index from operating data; economic-prior weights (gap 0.5 / LF 0.25 / mix 0.15 / industry -0.10), z-scored per company.  Positive = upward fare pressure.  Not a realized-yield forecast.",2026-08-10T13:36:52.969697+00:00
airline_yield_pressure_index,Hainan Airlines Holdings,2022-09,-62.17853610286844,-58.14982835763873,-4.02870774522971,-6.9408697011567995,5.786495113117278,-44.350305950106595,-0.13745863205671432,neutral,validation_limited_positive_2025_only_weak_history,-0.3129172380370433,-0.47616708781644423,0.5202525385580806,-0.6000387813220626,2022,25.6000080103547,False,"Synthetic yield-pressure index from operating data; economic-prior weights (gap 0.5 / LF 0.25 / mix 0.15 / industry -0.10), z-scored per company.  Positive = upward fare pressure.  Not a realized-yield forecast.",2026-08-10T13:36:52.969697+00:00
airline_yield_pressure_index,Hainan Airlines Holdings,2022-10,-70.62500745381615,-63.57407161883641,-7.0509358349797395,-14.672136213898384,6.922662347289359,-59.02318519852808,-0.21873203827135196,neutral,validation_limited_positive_2025_only_weak_history,-0.45443867816270067,-0.8083441728293216,0.7504219106127589,-0.9801005742541495,2022,25.6000080103547,False,"Synthetic yield-pressure index from operating data; economic-prior weights (gap 0.5 / LF 0.25 / mix 0.15 / industry -0.10), z-scored per company.  Positive = upward fare pressure.  Not a realized-yield forecast.",2026-08-10T13:36:52.969697+00:00
airline_yield_pressure_index,Hainan Airlines Holdings,2022-11,-47.24574788269056,-46.76672885864205,-0.4790190240485117,-0.5763338401961775,7.662108140727175,-41.5927147702458,-0.14115400206500242,neutral,validation_limited_positive_2025_only_weak_history,-0.41151780237599667,-0.5363543062635311,0.7108680824633123,-0.9206326331938185,2022,25.6000080103547,False,"Synthetic yield-pressure index from operating data; economic-prior weights (gap 0.5 / LF 0.25 / mix 0.15 / industry -0.10), z-scored per company.  Positive = upward fare pressure.  Not a realized-yield forecast.",2026-08-10T13:36:52.969697+00:00
airline_yield_pressure_index,Hainan Airlines Holdings,2022-12,-18.931764410292917,-19.18593982680622,0.2541754165133021,0.21203509971013546,4.712016418285111,-30.93190625576674,0.16979283318136873,neutral,validation_limited_positive_2025_only_weak_history,-0.1266036200604485,0.3948258259756578,0.5592858429016739,-0.5049531028242745,2022,25.6000080103547,False,"Synthetic yield-pressure index from operating data; economic-prior weights (gap 0.5 / LF 0.25 / mix 0.15 / industry -0.10), z-scored per company.  Positive = upward fare pressure.  Not a realized-yield forecast.",2026-08-10T13:36:52.969697+00:00
airline_yield_pressure_index,Hainan Airlines Holdings,2023-01,73.16508462175327,51.78570230467307,21.379382317080193,9.816433608442722,2.8049348214340597,34.77111781248941,0.3095884309233523,neutral,validation_limited_positive_2025_only_weak_history,0.07326464758367388,0.7891898853655366,0.4030507499574682,-0.15201023296510935,2023,-15.897856588076266,False,"Synthetic yield-pressure index from operating data; economic-prior weights (gap 0.5 / LF 0.25 / mix 0.15 / industry -0.10), z-scored per company.  Positive = upward fare pressure.  Not a realized-yield forecast.",2026-08-10T13:36:52.969697+00:00
airline_yield_pressure_index,Hainan Airlines Holdings,2023-02,64.5427853551898,45.077839528340924,19.464945826848883,9.794819355016386,3.4179859758787203,38.04563175049529,0.7053232014178616,upward,validation_limited_positive_2025_only_weak_history,0.7861486182318878,1.3665158540584048,0.3772874354849146,0.8597318653542059,2023,-15.897856588076266,False,"Synthetic yield-pressure index from operating data; economic-prior weights (gap 0.5 / LF 0.25 / mix 0.15 / industry -0.10), z-scored per company.  Positive = upward fare pressure.  Not a realized-yield forecast.",2026-08-10T13:36:52.969697+00:00
airline_yield_pressure_index,Hainan Airlines Holdings,2023-03,266.32911271532794,194.9394187847317,71.38969393059622,15.394798138896704,4.012156662500448,197.35849056603772,1.8507609369600546,upward,validation_limited_positive_2025_only_weak_history,3.2105054850361188,1.9474985671833698,0.45088086405755534,3.089985769624803,2023,-15.897856588076266,False,"Synthetic yield-pressure index from operating data; economic-prior weights (gap 0.5 / LF 0.25 / mix 0.15 / industry -0.10), z-scored per company.  Positive = upward fare pressure.  Not a realized-yield forecast.",2026-08-10T13:36:52.969697+00:00
airline_yield_pressure_index,Hainan Airlines Holdings,2023-04,738.807799220875,475.51263553690103,263.295163683974,25.09536326271001,4.804098360856527,538.0076142131979,2.490977895094333,upward,validation_limited_positive_2025_only_weak_history,4.47676391068647,2.4047720019926713,0.5933194622282475,4.375949800813075,2023,-15.897856588076266,False,"Synthetic yield-pressure index from operating data; economic-prior weights (gap 0.5 / LF 0.25 / mix 0.15 / industry -0.10), z-scored per company.  Positive = upward fare pressure.  Not a realized-yield forecast.",2026-08-10T13:36:52.969697+00:00
airline_yield_pressure_index,Hainan Airlines Holdings,2023-05,429.47410744014525,283.6548692036081,145.81923823653716,21.82038997077018,7.287326725348263,328.21171208481735,2.40761786638728,upward,validation_limited_positive_2025_only_weak_history,4.233785277578376,2.3603299332151866,0.7562630109482852,4.127967073479479,2023,-15.897856588076266,False,"Synthetic yield-pressure index from operating data; economic-prior weights (gap 0.5 / LF 0.25 / mix 0.15 / industry -0.10), z-scored per company.  Positive = upward fare pressure.  Not a realized-yield forecast.",2026-08-10T13:36:52.969697+00:00
airline_yield_pressure_index,Hainan Airlines Holdings,2023-06,174.2710370301394,127.12709944369398,47.14393758644543,14.22604177626937,8.438513850950681,141.4034449847748,1.3572165334779562,upward,validation_limited_positive_2025_only_weak_history,1.9150873573929836,1.8919065294836703,0.920816084164322,2.114261902141014,2023,-15.897856588076266,False,"Synthetic yield-pressure index from operating data; economic-prior weights (gap 0.5 / LF 0.25 / mix 0.15 / industry -0.10), z-scored per company.  Positive = upward fare pressure.  Not a realized-yield forecast.",2026-08-10T13:36:52.969697+00:00
airline_yield_pressure_index,Hainan Airlines Holdings,2023-07,113.90141539021674,81.9787970587981,31.922618331418647,12.776566038037913,9.27417823964225,83.63336863160373,0.9539330069116598,upward,validation_limited_positive_2025_only_weak_history,1.0064300248558566,1.6771643223341732,0.9388864796262838,1.0940605804375434,2023,-15.897856588076266,False,"Synthetic yield-pressure index from operating data; economic-prior weights (gap 0.5 / LF 0.25 / mix 0.15 / industry -0.10), z-scored per company.  Positive = upward fare pressure.  Not a realized-yield forecast.",2026-08-10T13:36:52.969697+00:00
airline_yield_pressure_index,Hainan Airlines Holdings,2023-08,195.2541243478652,140.10575705667682,55.14836729118838,16.17300838312984,7.778208539814096,98.01256849209051,1.2631580200450458,upward,validation_limited_positive_2025_only_weak_history,1.605716219024308,1.833832992535222,0.8147150513784364,1.20365595307679,2023,-15.897856588076266,False,"Synthetic yield-pressure index from operating data; economic-prior weights (gap 0.5 / LF 0.25 / mix 0.15 / industry -0.10), z-scored per company.  Positive = upward fare pressure.  Not a realized-yield forecast.",2026-08-10T13:36:52.969697+00:00
airline_yield_pressure_index,Hainan Airlines Holdings,2023-09,386.7811350321975,279.83709544354133,106.94403958865615,18.346180873273013,5.0654002889689345,166.1326434150953,1.9125623479310256,upward,validation_limited_positive_2025_only_weak_history,2.932326006189218,2.2043165603951347,0.6020102385186115,1.9498133104015871,2023,-15.897856588076266,False,"Synthetic yield-pressure index from operating data; economic-prior weights (gap 0.5 / LF 0.25 / mix 0.15 / industry -0.10), z-scored per company.  Positive = upward fare pressure.  Not a realized-yield forecast.",2026-08-10T13:36:52.969697+00:00
airline_yield_pressure_index,Hainan Airlines Holdings,2023-10,510.26017525459287,345.9610707608822,164.29910449371067,22.519699944633203,3.4960576278363558,251.99698568198943,1.848894701324768,upward,validation_limited_positive_2025_only_weak_history,3.0873283550213584,2.070546383076239,0.45022721811080324,2.799401546715915,2023,-15.897856588076266,False,"Synthetic yield-pressure index from operating data; economic-prior weights (gap 0.5 / LF 0.25 / mix 0.15 / industry -0.10), z-scored per company.  Positive = upward fare pressure.  Not a realized-yield forecast.",2026-08-10T13:36:52.969697+00:00
airline_yield_pressure_index,Hainan Airlines Holdings,2023-11,324.78692418986964,254.17156239598663,70.61536179388301,12.655063558057826,3.6550268075865393,289.71442208257105,1.3372876596458674,upward,validation_limited_positive_2025_only_weak_history,2.225497249990595,1.6309686968389565,0.6573533043147062,2.8180613520637525,2023,-15.897856588076266,False,"Synthetic yield-pressure index from operating data; economic-prior weights (gap 0.5 / LF 0.25 / mix 0.15 / industry -0.10), z-scored per company.  Positive = upward fare pressure.  Not a realized-yield forecast.",2026-08-10T13:36:52.969697+00:00
airline_yield_pressure_index,Hainan Airlines Holdings,2023-12,129.68697538676102,108.74122591561597,20.94574947114505,6.785980554265592,10.691974938815534,170.34305867265144,0.4161012723000555,neutral,validation_limited_positive_2025_only_weak_history,0.5629253159889909,0.738087244800128,0.9319280114526914,1.8967239861237555,2023,-15.897856588076266,False,"Synthetic yield-pressure index from operating data; economic-prior weights (gap 0.5 / LF 0.25 / mix 0.15 / industry -0.10), z-scored per company.  Positive = upward fare pressure.  Not a realized-yield forecast.",2026-08-10T13:36:52.969697+00:00
airline_yield_pressure_index,Hainan Airlines Holdings,2024-01,30.811514758983407,32.413063753983806,-1.6015489950003996,-0.9616749519154695,10.954872280234937,44.10559396605909,0.1332849948128806,neutral,validation_limited_positive_2025_only_weak_history,-0.09535195245171484,0.3715306781252465,1.1275567688398551,0.8105521381855186,2024,-8.17937031615351,False,"Synthetic yield-pressure index from operating data; economic-prior weights (gap 0.5 / LF 0.25 / mix 0.15 / industry -0.10), z-scored per company.  Positive = upward fare pressure.  Not a realized-yield forecast.",2026-08-10T13:36:52.969697+00:00
airline_yield_pressure_index,Hainan Airlines Holdings,2024-02,40.275262197566185,35.34645914897916,4.928803048587028,3.0152035931872234,8.96927682441935,44.62962962962962,0.07190231800118312,neutral,validation_limited_positive_2025_only_weak_history,-0.2564476481843595,0.23774362114849296,1.0508194480751136,0.16932680405027406,2024,-8.17937031615351,False,"Synthetic yield-pressure index from operating data; economic-prior weights (gap 0.5 / LF 0.25 / mix 0.15 / industry -0.10), z-scored per company.  Positive = upward fare pressure.  Not a realized-yield forecast.",2026-08-10T13:36:52.969697+00:00
airline_yield_pressure_index,Hainan Airlines Holdings,2024-03,22.624790001941975,17.754063000314034,4.870727001627941,3.267591820796355,8.607407651202166,25.656397689480137,0.1367178974418518,neutral,validation_limited_positive_2025_only_weak_history,-0.20251041823061539,0.38112044060824196,0.9672098044941044,0.02388474269016682,2024,-8.17937031615351,False,"Synthetic yield-pressure index from operating data; economic-prior weights (gap 0.5 / LF 0.25 / mix 0.15 / industry -0.10), z-scored per company.  Positive = upward fare pressure.  Not a realized-yield forecast.",2026-08-10T13:36:52.969697+00:00
airline_yield_pressure_index,Hainan Airlines Holdings,2024-04,11.386703693893473,7.606096576610799,3.780607117282674,2.8089094201997398,8.68361852520333,11.287916459472891,0.1422027163862634,neutral,validation_limited_positive_2025_only_weak_history,-0.21296677465939975,0.3782469468143007,0.9525523825652872,-0.11241509627595032,2024,-8.17937031615351,False,"Synthetic yield-pressure index from operating data; economic-prior weights (gap 0.5 / LF 0.25 / mix 0.15 / industry -0.10), z-scored per company.  Positive = upward fare pressure.  Not a realized-yield forecast.",2026-08-10T13:36:52.969697+00:00
airline_yield_pressure_index,Hainan Airlines Holdings,2024-05,8.60689534065573,4.721485560756311,3.885409779899418,2.9396352353897015,8.571108345652263,13.874811404696509,0.10063554254495,neutral,validation_limited_positive_2025_only_weak_history,-0.25266003918044355,0.28022034228901976,0.9261894056035007,-0.1798206572239174,2024,-8.17937031615351,False,"Synthetic yield-pressure index from operating data; economic-prior weights (gap 0.5 / LF 0.25 / mix 0.15 / industry -0.10), z-scored per company.  Positive = upward fare pressure.  Not a realized-yield forecast.",2026-08-10T13:36:52.969697+00:00
airline_yield_pressure_index,Hainan Airlines Holdings,2024-06,10.107071034009007,9.197158231434589,0.9099128025744179,0.6896466238860057,7.891258079768406,10.446946306197757,0.03416830693237161,neutral,validation_limited_positive_2025_only_weak_history,-0.2948636829575736,0.16135488119310734,0.8202588709060324,-0.18222597476976707,2024,-8.17937031615351,False,"Synthetic yield-pressure index from operating data; economic-prior weights (gap 0.5 / LF 0.25 / mix 0.15 / industry -0.10), z-scored per company.  Positive = upward fare pressure.  Not a realized-yield forecast.",2026-08-10T13:36:52.969697+00:00
airline_yield_pressure_index,Hainan Airlines Holdings,2024-07,15.86475485661425,16.295461511108435,-0.43070665449418577,-0.31706485989188593,5.806018353746801,10.745178445569303,-0.001169916918355305,neutral,validation_limited_positive_2025_only_weak_history,-0.3156001143550392,0.10087080462008487,0.7550059571714436,-0.18161545528426537,2024,-8.17937031615351,False,"Synthetic yield-pressure index from operating data; economic-prior weights (gap 0.5 / LF 0.25 / mix 0.15 / industry -0.10), z-scored per company.  Positive = upward fare pressure.  Not a realized-yield forecast.",2026-08-10T13:36:52.969697+00:00
airline_yield_pressure_index,Hainan Airlines Holdings,2024-08,18.392255025322513,16.57604144049134,1.8162135848311713,1.3489993519365697,6.798514671062049,14.012569570383349,0.003475454585162876,neutral,validation_limited_positive_2025_only_weak_history,-0.31608019802497644,0.09949561881631803,0.7945122662847227,-0.17464808950863173,2024,-8.17937031615351,False,"Synthetic yield-pressure index from operating data; economic-prior weights (gap 0.5 / LF 0.25 / mix 0.15 / industry -0.10), z-scored per company.  Positive = upward fare pressure.  Not a realized-yield forecast.",2026-08-10T13:36:52.969697+00:00
airline_yield_pressure_index,Hainan Airlines Holdings,2024-09,11.016085533679432,10.154078143762945,0.8620073899164868,0.6534814047105755,8.964445921240749,12.019068984856984,0.05969916750429151,neutral,validation_limited_positive_2025_only_weak_history,-0.2783167120750992,0.2022451506987784,0.8828418793943092,-0.15869953958000144,2024,-8.17937031615351,False,"Synthetic yield-pressure index from operating data; economic-prior weights (gap 0.5 / LF 0.25 / mix 0.15 / industry -0.10), z-scored per company.  Positive = upward fare pressure.  Not a realized-yield forecast.",2026-08-10T13:36:52.969697+00:00
airline_yield_pressure_index,Hainan Airlines Holdings,2024-10,20.385907993697572,17.048364463661493,3.337543530036079,2.3850858825921364,8.205489956101601,14.343823592378513,0.15416983627276917,neutral,validation_limited_positive_2025_only_weak_history,-0.1952471728433118,0.3776972273503462,0.9468141612867262,-0.1534699166382959,2024,-8.17937031615351,False,"Synthetic yield-pressure index from operating data; economic-prior weights (gap 0.5 / LF 0.25 / mix 0.15 / industry -0.10), z-scored per company.  Positive = upward fare pressure.  Not a realized-yield forecast.",2026-08-10T13:36:52.969697+00:00
airline_yield_pressure_index,Hainan Airlines Holdings,2024-11,39.11280007139246,29.00744689403263,10.105353177359834,5.963112433607236,8.536320015553375,15.192586393419184,0.223105496425489,neutral,validation_limited_positive_2025_only_weak_history,-0.11352905587954752,0.5481262555813843,0.8517202956174199,-0.15080416127303697,2024,-8.17937031615351,False,"Synthetic yield-pressure index from operating data; economic-prior weights (gap 0.5 / LF 0.25 / mix 0.15 / industry -0.10), z-scored per company.  Positive = upward fare pressure.  Not a realized-yield forecast.",2026-08-10T13:36:52.969697+00:00
airline_yield_pressure_index,Hainan Airlines Holdings,2024-12,39.6630871728558,30.646792603601945,9.016294569253859,5.135496229869531,6.38122357712659,12.620572422517395,0.22403644618729063,neutral,validation_limited_positive_2025_only_weak_history,-0.10333762100148572,0.5669500697917113,0.7892646530087025,-0.15578041288800312,2024,-8.17937031615351,False,"Synthetic yield-pressure index from operating data; economic-prior weights (gap 0.5 / LF 0.25 / mix 0.15 / industry -0.10), z-scored per company.  Positive = upward fare pressure.  Not a realized-yield forecast.",2026-08-10T13:36:52.969697+00:00
airline_yield_pressure_index,Hainan Airlines Holdings,2025-01,23.11213252286224,18.757631066567516,4.354501456294724,2.88012252765445,6.508884077611988,13.220977703339276,0.10492356786886962,neutral,validation_limited_positive_2025_only_weak_history,-0.20911268348278117,0.3264005129350346,0.6992372316155625,-0.22994196634167183,2025,-3.341139917396589,True,"Synthetic yield-pressure index from operating data; economic-prior weights (gap 0.5 / LF 0.25 / mix 0.15 / industry -0.10), z-scored per company.  Positive = upward fare pressure.  Not a realized-yield forecast.",2026-08-10T13:36:52.969697+00:00
airline_yield_pressure_index,Hainan Airlines Holdings,2025-02,5.8168462319952985,6.266315754077967,-0.4494695220826683,-0.3629617757432868,6.090727496110725,-1.5412932138284319,0.030571773392322265,neutral,validation_limited_positive_2025_only_weak_history,-0.2962823469839213,0.14006991146801565,0.7777585987310649,-0.2703167920761928,2025,-3.341139917396589,True,"Synthetic yield-pressure index from operating data; economic-prior weights (gap 0.5 / LF 0.25 / mix 0.15 / industry -0.10), z-scored per company.  Positive = upward fare pressure.  Not a realized-yield forecast.",2026-08-10T13:36:52.969697+00:00
airline_yield_pressure_index,Hainan Airlines Holdings,2025-03,11.505619315053629,11.187597490259705,0.3180218247939237,0.23529509145882344,8.514254436641084,3.510360438795068,-0.00948268008048675,neutral,validation_limited_positive_2025_only_weak_history,-0.3398689880370641,0.030700870485719355,0.8255352915180812,-0.28946302588903294,2025,-3.341139917396589,True,"Synthetic yield-pressure index from operating data; economic-prior weights (gap 0.5 / LF 0.25 / mix 0.15 / industry -0.10), z-scored per company.  Positive = upward fare pressure.  Not a realized-yield forecast.",2026-08-10T13:36:52.969697+00:00
airline_yield_pressure_index,Hainan Airlines Holdings,2025-04,10.328567406863964,10.323382865050057,0.005184541813907373,0.003889129013288084,7.806736672694093,8.90080428954423,-0.007258737669049328,neutral,validation_limited_positive_2025_only_weak_history,-0.33690401508130063,0.04032930662049648,0.8430744249882359,-0.24649779468241487,2025,-3.341139917396589,True,"Synthetic yield-pressure index from operating data; economic-prior weights (gap 0.5 / LF 0.25 / mix 0.15 / industry -0.10), z-scored per company.  Positive = upward fare pressure.  Not a realized-yield forecast.",2026-08-10T13:36:52.969697+00:00
airline_yield_pressure_index,Hainan Airlines Holdings,2025-05,14.854152555334622,15.007760622717047,-0.15360806738242516,-0.1097490810099373,6.567177592629708,8.153420189906747,-0.04717212830979655,neutral,validation_limited_positive_2025_only_weak_history,-0.35365919721279937,-0.008040544937793059,0.7159433727956972,-0.2427610061169682,2025,-3.341139917396589,True,"Synthetic yield-pressure index from operating data; economic-prior weights (gap 0.5 / LF 0.25 / mix 0.15 / industry -0.10), z-scored per company.  Positive = upward fare pressure.  Not a realized-yield forecast.",2026-08-10T13:36:52.969697+00:00
airline_yield_pressure_index,Hainan Airlines Holdings,2025-06,7.627704853498751,8.981608079338654,-1.353903225839903,-1.0367557676301544,5.0607427685324,4.353532770817337,-0.07761166778997117,neutral,validation_limited_positive_2025_only_weak_history,-0.3630965225892443,-0.03736934208673712,0.5785244960660398,-0.265002546164293,2025,-3.341139917396589,True,"Synthetic yield-pressure index from operating data; economic-prior weights (gap 0.5 / LF 0.25 / mix 0.15 / industry -0.10), z-scored per company.  Positive = upward fare pressure.  Not a realized-yield forecast.",2026-08-10T13:36:52.969697+00:00
airline_yield_pressure_index,Hainan Airlines Holdings,2025-07,3.1532984483807702,4.089822602063409,-0.9365241536826385,-0.7674120101767272,4.073756523316291,3.882203193705158,-0.09481962459493222,neutral,validation_limited_positive_2025_only_weak_history,-0.3648963748156955,-0.04397368041054385,0.46659506169594406,-0.28632723661159876,2025,-3.341139917396589,True,"Synthetic yield-pressure index from operating data; economic-prior weights (gap 0.5 / LF 0.25 / mix 0.15 / industry -0.10), z-scored per company.  Positive = upward fare pressure.  Not a realized-yield forecast.",2026-08-10T13:36:52.969697+00:00
airline_yield_pressure_index,Hainan Airlines Holdings,2025-08,3.0458515449006907,3.3790588551457557,-0.333207310245065,-0.28343276966853637,3.526617470335548,3.341697862245807,-0.07588228927286532,neutral,validation_limited_positive_2025_only_weak_history,-0.33927944831033124,0.0318012431945574,0.381850070240747,-0.28529613547548915,2025,-3.341139917396589,True,"Synthetic yield-pressure index from operating data; economic-prior weights (gap 0.5 / LF 0.25 / mix 0.15 / industry -0.10), z-scored per company.  Positive = upward fare pressure.  Not a realized-yield forecast.",2026-08-10T13:36:52.969697+00:00
airline_yield_pressure_index,Hainan Airlines Holdings,2025-09,7.044580984451532,5.842285130602098,1.2022958538494333,0.9560052924924634,2.758647318547048,4.586191358333758,-0.06134200755142382,neutral,validation_limited_positive_2025_only_weak_history,-0.3245929753041309,0.07718393939453286,0.3599770729807716,-0.2766193430489267,2025,-3.341139917396589,True,"Synthetic yield-pressure index from operating data; economic-prior weights (gap 0.5 / LF 0.25 / mix 0.15 / industry -0.10), z-scored per company.  Positive = upward fare pressure.  Not a realized-yield forecast.",2026-08-10T13:36:52.969697+00:00
airline_yield_pressure_index,Hainan Airlines Holdings,2025-10,7.334617878511018,6.805644257725274,0.5289736207857443,0.42608137111646727,3.4795771316486146,5.840042438993942,-0.04537762804959354,neutral,validation_limited_positive_2025_only_weak_history,-0.30850841063354034,0.12510919214749916,0.3426123640385617,-0.26207424624517583,2025,-3.341139917396589,True,"Synthetic yield-pressure index from operating data; economic-prior weights (gap 0.5 / LF 0.25 / mix 0.15 / industry -0.10), z-scored per company.  Positive = upward fare pressure.  Not a realized-yield forecast.",2026-08-10T13:36:52.969697+00:00
airline_yield_pressure_index,Hainan Airlines Holdings,2025-11,8.139324780741376,6.867524971980288,1.271799808761088,0.9769258415833804,3.0549056115017983,6.623666583974197,-0.02893445376352205,neutral,validation_limited_positive_2025_only_weak_history,-0.30020460747750527,0.14776860151566393,0.3920358492682199,-0.2542032220608162,2025,-3.341139917396589,True,"Synthetic yield-pressure index from operating data; economic-prior weights (gap 0.5 / LF 0.25 / mix 0.15 / industry -0.10), z-scored per company.  Positive = upward fare pressure.  Not a realized-yield forecast.",2026-08-10T13:36:52.969697+00:00
airline_yield_pressure_index,Hainan Airlines Holdings,2025-12,6.132258236576971,4.10136282450444,2.030895412072531,1.551912044831525,4.101234986748846,6.362216332906256,-0.013981189769122607,neutral,validation_limited_positive_2025_only_weak_history,-0.28432933831671847,0.20158321097236645,0.32319259597966377,-0.2930878724919546,2025,-3.341139917396589,True,"Synthetic yield-pressure index from operating data; economic-prior weights (gap 0.5 / LF 0.25 / mix 0.15 / industry -0.10), z-scored per company.  Positive = upward fare pressure.  Not a realized-yield forecast.",2026-08-10T13:36:52.969697+00:00
airline_yield_pressure_index,Hainan Airlines Holdings,2026-01,-4.440376695422832,-6.553472767827662,2.11309607240483,1.84132078131897,1.6094519780982566,-2.9339250493096714,-0.02191858579518778,neutral,validation_limited_positive_2025_only_weak_history,-0.27063166756661095,0.24513673761240798,0.16506007561356284,-0.27354052242981275,,,,"Synthetic yield-pressure index from operating data; economic-prior weights (gap 0.5 / LF 0.25 / mix 0.15 / industry -0.10), z-scored per company.  Positive = upward fare pressure.  Not a realized-yield forecast.",2026-08-10T13:36:52.969697+00:00
airline_yield_pressure_index,Hainan Airlines Holdings,2026-02,8.877641155144666,6.239011748071688,2.638629407072978,2.122314946448739,-1.2407601190443565,11.034348228944847,-0.0427327158042452,neutral,validation_limited_positive_2025_only_weak_history,-0.258360809414954,0.282518529380799,-0.059988707715304054,-0.24816362715327636,,,,"Synthetic yield-pressure index from operating data; economic-prior weights (gap 0.5 / LF 0.25 / mix 0.15 / industry -0.10), z-scored per company.  Positive = upward fare pressure.  Not a realized-yield forecast.",2026-08-10T13:36:52.969697+00:00
airline_yield_pressure_index,Hainan Airlines Holdings,2026-03,9.198619025196496,5.943269293528064,3.2553497316684323,2.5349942499932183,-2.012209256148079,12.088281801971522,-0.05946124458927428,neutral,validation_limited_positive_2025_only_weak_history,-0.26621431131154655,0.2548625830975861,-0.08926782601513544,-0.23320439194372788,,,,"Synthetic yield-pressure index from operating data; economic-prior weights (gap 0.5 / LF 0.25 / mix 0.15 / industry -0.10), z-scored per company.  Positive = upward fare pressure.  Not a realized-yield forecast.",2026-08-10T13:36:52.969697+00:00
airline_yield_pressure_index,Hainan Airlines Holdings,2026-04,0.09491352430732736,-1.2345165483451659,1.3294300726524932,1.114012983276936,0.8140855043962745,0.4414902346955518,-0.05815113332634029,neutral,validation_limited_positive_2025_only_weak_history,-0.27582333711047696,0.23060274910272094,-0.061762428327067534,-0.3137421220227809,,,,"Synthetic yield-pressure index from operating data; economic-prior weights (gap 0.5 / LF 0.25 / mix 0.15 / industry -0.10), z-scored per company.  Positive = upward fare pressure.  Not a realized-yield forecast.",2026-08-10T13:36:52.969697+00:00
airline_yield_pressure_index,Hainan Airlines Holdings,2026-05,-5.453407476034567,-7.133194966658529,1.679787490623962,1.4843195488954564,-0.4935767188169251,-7.138257605503295,-0.09007400065358964,neutral,validation_limited_positive_2025_only_weak_history,-0.3160317432759777,0.10871914884437586,0.007811776138412731,-0.3959031735254333,,,,"Synthetic yield-pressure index from operating data; economic-prior weights (gap 0.5 / LF 0.25 / mix 0.15 / industry -0.10), z-scored per company.  Positive = upward fare pressure.  Not a realized-yield forecast.",2026-08-10T13:36:52.969697+00:00
airline_yield_pressure_index,Hainan Airlines Holdings,2026-06,-7.703943793517376,-6.947075634233702,-0.7568681592836741,-0.670352333108184,-0.12222783322222597,-6.450611738185852,-0.10413297240814118,neutral,validation_limited_positive_2025_only_weak_history,-0.3247301010452013,0.0818342914581444,-0.03349096170626776,-0.42797149505863524,,,,"Synthetic yield-pressure index from operating data; economic-prior weights (gap 0.5 / LF 0.25 / mix 0.15 / industry -0.10), z-scored per company.  Positive = upward fare pressure.  Not a realized-yield forecast.",2026-08-10T13:36:52.969697+00:00
airline_yield_pressure_index,Juneyao Airlines,2017-01,22.523339519043994,19.02207008500687,3.5012694340371233,2.462037611634301,-3.7548752659955067,,-0.14646207275680956,neutral,validation_limited_positive_2025_only_weak_history,-0.21016821060741456,0.19004616609400515,-0.8121478897344042,-0.32932674483557084,2017,0.7721783984216444,False,"Synthetic yield-pressure index from operating data; economic-prior weights (gap 0.5 / LF 0.25 / mix 0.15 / industry -0.10), z-scored per company.  Positive = upward fare pressure.  Not a realized-yield forecast.",2026-08-10T13:36:52.969697+00:00
airline_yield_pressure_index,Juneyao Airlines,2017-02,21.601481564595094,20.127318940476858,1.474162624118236,1.0840766021899668,-5.6771626005584555,,-0.16308337176825735,neutral,validation_limited_positive_2025_only_weak_history,-0.22422568803368056,0.14187453691681634,-0.7958122430945216,-0.32932674483557084,2017,0.7721783984216444,False,"Synthetic yield-pressure index from operating data; economic-prior weights (gap 0.5 / LF 0.25 / mix 0.15 / industry -0.10), z-scored per company.  Positive = upward fare pressure.  Not a realized-yield forecast.",2026-08-10T13:36:52.969697+00:00
airline_yield_pressure_index,Juneyao Airlines,2017-03,23.821668611685908,23.130213074618243,0.6914555370676645,0.4919027445026387,-4.353520878435921,,-0.2008514525053604,neutral,validation_limited_positive_2025_only_weak_history,-0.25833762193395343,0.02637338375230261,-0.7413910797334429,-0.32932674483557084,2017,0.7721783984216444,False,"Synthetic yield-pressure index from operating data; economic-prior weights (gap 0.5 / LF 0.25 / mix 0.15 / industry -0.10), z-scored per company.  Positive = upward fare pressure.  Not a realized-yield forecast.",2026-08-10T13:36:52.969697+00:00
airline_yield_pressure_index,Juneyao Airlines,2017-04,21.494118685925677,22.351662523509287,-0.8575438375836093,-0.6097872107264095,-2.547236150417749,,-0.17621809870154742,neutral,validation_limited_positive_2025_only_weak_history,-0.25568180712608546,0.029588312073202803,-0.5913796509357498,-0.32932674483557084,2017,0.7721783984216444,False,"Synthetic yield-pressure index from operating data; economic-prior weights (gap 0.5 / LF 0.25 / mix 0.15 / industry -0.10), z-scored per company.  Positive = upward fare pressure.  Not a realized-yield forecast.",2026-08-10T13:36:52.969697+00:00
airline_yield_pressure_index,Juneyao Airlines,2017-05,32.00736364507968,30.193841755510675,1.813521889569003,1.1695796153433093,-2.3483166514590827,,-0.1382719095999203,neutral,validation_limited_positive_2025_only_weak_history,-0.24387921204502086,0.06741780018411467,-0.44079618737997067,-0.32932674483557084,2017,0.7721783984216444,False,"Synthetic yield-pressure index from operating data; economic-prior weights (gap 0.5 / LF 0.25 / mix 0.15 / industry -0.10), z-scored per company.  Positive = upward fare pressure.  Not a realized-yield forecast.",2026-08-10T13:36:52.969697+00:00
airline_yield_pressure_index,Juneyao Airlines,2017-06,28.449589413017563,26.250001612639593,2.1995878003779694,1.4980014492556677,-1.011981125921297,,-0.0684041815159111,neutral,validation_limited_positive_2025_only_weak_history,-0.21858923787065768,0.1519214443429449,-0.20015065433250384,-0.32932674483557084,2017,0.7721783984216444,False,"Synthetic yield-pressure index from operating data; economic-prior weights (gap 0.5 / LF 0.25 / mix 0.15 / industry -0.10), z-scored per company.  Positive = upward fare pressure.  Not a realized-yield forecast.",2026-08-10T13:36:52.969697+00:00
airline_yield_pressure_index,Juneyao Airlines,2017-07,26.186608136881162,23.812606222985757,2.3740019138954054,1.6376396295692786,2.7928363645521106,,-0.04752818655583673,neutral,validation_limited_positive_2025_only_weak_history,-0.21553808565741098,0.17049157379305363,-0.10209807772634495,-0.32932674483557084,2017,0.7721783984216444,False,"Synthetic yield-pressure index from operating data; economic-prior weights (gap 0.5 / LF 0.25 / mix 0.15 / industry -0.10), z-scored per company.  Positive = upward fare pressure.  Not a realized-yield forecast.",2026-08-10T13:36:52.969697+00:00
airline_yield_pressure_index,Juneyao Airlines,2017-08,18.143363120261192,15.939965863329085,2.2033972569321065,1.6634637285005596,-0.17246961733505728,,-0.03643552021596474,neutral,validation_limited_positive_2025_only_weak_history,-0.2024846388509361,0.21391265924300837,-0.14402693389870574,-0.32932674483557084,2017,0.7721783984216444,False,"Synthetic yield-pressure index from operating data; economic-prior weights (gap 0.5 / LF 0.25 / mix 0.15 / industry -0.10), z-scored per company.  Positive = upward fare pressure.  Not a realized-yield forecast.",2026-08-10T13:36:52.969697+00:00
airline_yield_pressure_index,Juneyao Airlines,2017-09,26.597099676120894,22.729546132528267,3.867553543592628,2.6528121541239926,-1.9424082549633468,,-0.05338250896584237,neutral,validation_limited_positive_2025_only_weak_history,-0.19311844782606058,0.24593403638644087,-0.34159645755319584,-0.32932674483557084,2017,0.7721783984216444,False,"Synthetic yield-pressure index from operating data; economic-prior weights (gap 0.5 / LF 0.25 / mix 0.15 / industry -0.10), z-scored per company.  Positive = upward fare pressure.  Not a realized-yield forecast.",2026-08-10T13:36:52.969697+00:00
airline_yield_pressure_index,Juneyao Airlines,2017-10,23.97692200109043,20.406110845505097,3.570811155585332,2.489268019939246,-1.5913529852453223,,-0.07187068199412297,neutral,validation_limited_positive_2025_only_weak_history,-0.20852755587366664,0.18940125892329732,-0.3192659551444738,-0.32932674483557084,2017,0.7721783984216444,False,"Synthetic yield-pressure index from operating data; economic-prior weights (gap 0.5 / LF 0.25 / mix 0.15 / industry -0.10), z-scored per company.  Positive = upward fare pressure.  Not a realized-yield forecast.",2026-08-10T13:36:52.969697+00:00
airline_yield_pressure_index,Juneyao Airlines,2017-11,24.631886354660047,24.397460568477825,0.23442578618222143,0.15993944038433483,0.32305797733159203,,-0.09939559257986788,neutral,validation_limited_positive_2025_only_weak_history,-0.23552154484551155,0.10084168087095043,-0.26518609905604523,-0.32932674483557084,2017,0.7721783984216444,False,"Synthetic yield-pressure index from operating data; economic-prior weights (gap 0.5 / LF 0.25 / mix 0.15 / industry -0.10), z-scored per company.  Positive = upward fare pressure.  Not a realized-yield forecast.",2026-08-10T13:36:52.969697+00:00
airline_yield_pressure_index,Juneyao Airlines,2017-12,21.0039788990227,20.585709636070646,0.41826926295205524,0.2975152357329591,-0.7423429578677236,,-0.17526365246376402,neutral,validation_limited_positive_2025_only_weak_history,-0.28810275673440705,-0.08547534628819506,-0.28517408005379197,-0.32932674483557084,2017,0.7721783984216444,False,"Synthetic yield-pressure index from operating data; economic-prior weights (gap 0.5 / LF 0.25 / mix 0.15 / industry -0.10), z-scored per company.  Positive = upward fare pressure.  Not a realized-yield forecast.",2026-08-10T13:36:52.969697+00:00
airline_yield_pressure_index,Juneyao Airlines,2018-01,6.838350625507061,9.98635186236092,-3.148001236853858,-2.4659489036590543,-2.0348985877924246,,-0.21507289837300175,neutral,validation_limited_positive_2025_only_weak_history,-0.3239406695296984,-0.21517424262823379,-0.21494451623100777,-0.32932674483557084,2018,5.684308277566458,False,"Synthetic yield-pressure index from operating data; economic-prior weights (gap 0.5 / LF 0.25 / mix 0.15 / industry -0.10), z-scored per company.  Positive = upward fare pressure.  Not a realized-yield forecast.",2026-08-10T13:36:52.969697+00:00
airline_yield_pressure_index,Juneyao Airlines,2018-02,13.771090158398348,18.116022739173232,-4.344932580774884,-3.2894831696448676,1.8814952304943073,,-0.22822577146912482,neutral,validation_limited_positive_2025_only_weak_history,-0.34204162484775036,-0.2794132292141811,-0.1352288415017429,-0.32932674483557084,2018,5.684308277566458,False,"Synthetic yield-pressure index from operating data; economic-prior weights (gap 0.5 / LF 0.25 / mix 0.15 / industry -0.10), z-scored per company.  Positive = upward fare pressure.  Not a realized-yield forecast.",2026-08-10T13:36:52.969697+00:00
airline_yield_pressure_index,Juneyao Airlines,2018-03,16.390255573586778,18.28492126471857,-1.8946656911317916,-1.410960464738551,1.026596935772682,,-0.17917340851208344,neutral,validation_limited_positive_2025_only_weak_history,-0.3196483938023742,-0.1945316624790396,-0.0243264698312901,-0.32932674483557084,2018,5.684308277566458,False,"Synthetic yield-pressure index from operating data; economic-prior weights (gap 0.5 / LF 0.25 / mix 0.15 / industry -0.10), z-scored per company.  Positive = upward fare pressure.  Not a realized-yield forecast.",2026-08-10T13:36:52.969697+00:00
airline_yield_pressure_index,Juneyao Airlines,2018-04,18.48389861222728,18.770499115824137,-0.2866005035968584,-0.20847097799290282,0.4260933088888308,,-0.16213741298941325,neutral,validation_limited_positive_2025_only_weak_history,-0.28928252819821554,-0.08455852873133844,-0.19526127460685302,-0.32932674483557084,2018,5.684308277566458,False,"Synthetic yield-pressure index from operating data; economic-prior weights (gap 0.5 / LF 0.25 / mix 0.15 / industry -0.10), z-scored per company.  Positive = upward fare pressure.  Not a realized-yield forecast.",2026-08-10T13:36:52.969697+00:00
airline_yield_pressure_index,Juneyao Airlines,2018-05,8.040627998293504,8.505418855453017,-0.46479085715951385,-0.36467945311562744,-1.9116533115718095,,-0.16030728906836053,neutral,validation_limited_positive_2025_only_weak_history,-0.27683314879397025,-0.04078332285471633,-0.2975170562750227,-0.32932674483557084,2018,5.684308277566458,False,"Synthetic yield-pressure index from operating data; economic-prior weights (gap 0.5 / LF 0.25 / mix 0.15 / industry -0.10), z-scored per company.  Positive = upward fare pressure.  Not a realized-yield forecast.",2026-08-10T13:36:52.969697+00:00
airline_yield_pressure_index,Juneyao Airlines,2018-06,7.4397262507457596,7.743613760572732,-0.3038875098269722,-0.2467317074357851,-1.2425218060875451,,-0.18111868622650962,neutral,validation_limited_positive_2025_only_weak_history,-0.27093925622524706,-0.01860900894107908,-0.49286320241448933,-0.32932674483557084,2018,5.684308277566458,False,"Synthetic yield-pressure index from operating data; economic-prior weights (gap 0.5 / LF 0.25 / mix 0.15 / industry -0.10), z-scored per company.  Positive = upward fare pressure.  Not a realized-yield forecast.",2026-08-10T13:36:52.969697+00:00
airline_yield_pressure_index,Juneyao Airlines,2018-07,6.976220674188194,6.509701251334565,0.46651942285362846,0.38126865691540957,-3.9087579251828615,,-0.16968562206218513,neutral,validation_limited_positive_2025_only_weak_history,-0.24779055338067021,0.07280060238516103,-0.6461544696779823,-0.32932674483557084,2018,5.684308277566458,False,"Synthetic yield-pressure index from operating data; economic-prior weights (gap 0.5 / LF 0.25 / mix 0.15 / industry -0.10), z-scored per company.  Positive = upward fare pressure.  Not a realized-yield forecast.",2026-08-10T13:36:52.969697+00:00
airline_yield_pressure_index,Juneyao Airlines,2018-08,10.10483823774948,7.611694388693491,2.493143849055989,2.0664158682820783,-5.313280895231188,,-0.2001368316469888,neutral,validation_limited_positive_2025_only_weak_history,-0.252832945642198,0.052170288638069634,-0.7979707031264287,-0.32932674483557084,2018,5.684308277566458,False,"Synthetic yield-pressure index from operating data; economic-prior weights (gap 0.5 / LF 0.25 / mix 0.15 / industry -0.10), z-scored per company.  Positive = upward fare pressure.  Not a realized-yield forecast.",2026-08-10T13:36:52.969697+00:00
airline_yield_pressure_index,Juneyao Airlines,2018-09,2.567310146685564,3.5155131143965956,-0.9482029677110315,-0.7954077000567423,-4.611417481389301,,-0.19217493936873134,neutral,validation_limited_positive_2025_only_weak_history,-0.25975468159561765,0.025260179102878165,-0.6769687855346609,-0.32932674483557084,2018,5.684308277566458,False,"Synthetic yield-pressure index from operating data; economic-prior weights (gap 0.5 / LF 0.25 / mix 0.15 / industry -0.10), z-scored per company.  Positive = upward fare pressure.  Not a realized-yield forecast.",2026-08-10T13:36:52.969697+00:00
airline_yield_pressure_index,Juneyao Airlines,2018-10,7.591615061595358,8.009553102356204,-0.41793804076084573,-0.33442240051417116,-1.2236508874262402,,-0.1941182259089292,neutral,validation_limited_positive_2025_only_weak_history,-0.2820105228358564,-0.06279926645770467,-0.46897214906754586,-0.32932674483557084,2018,5.684308277566458,False,"Synthetic yield-pressure index from operating data; economic-prior weights (gap 0.5 / LF 0.25 / mix 0.15 / industry -0.10), z-scored per company.  Positive = upward fare pressure.  Not a realized-yield forecast.",2026-08-10T13:36:52.969697+00:00
airline_yield_pressure_index,Juneyao Airlines,2018-11,7.859805070892523,8.210506324627985,-0.3507012537354628,-0.27557971622113087,-0.6977074933964964,,-0.17748749028137967,neutral,validation_limited_positive_2025_only_weak_history,-0.2929101643341264,-0.10090740906627878,-0.258254868875359,-0.32932674483557084,2018,5.684308277566458,False,"Synthetic yield-pressure index from operating data; economic-prior weights (gap 0.5 / LF 0.25 / mix 0.15 / industry -0.10), z-scored per company.  Positive = upward fare pressure.  Not a realized-yield forecast.",2026-08-10T13:36:52.969697+00:00
airline_yield_pressure_index,Juneyao Airlines,2018-12,9.044231704522954,11.385187781965689,-2.340956077442735,-1.8089173940451957,0.06452867947938223,,-0.17840589187138153,neutral,validation_limited_positive_2025_only_weak_history,-0.3022379392030236,-0.12982525292181601,-0.18508855681981864,-0.32932674483557084,2018,5.684308277566458,False,"Synthetic yield-pressure index from operating data; economic-prior weights (gap 0.5 / LF 0.25 / mix 0.15 / industry -0.10), z-scored per company.  Positive = upward fare pressure.  Not a realized-yield forecast.",2026-08-10T13:36:52.969697+00:00
airline_yield_pressure_index,Juneyao Airlines,2019-01,20.480761383955116,22.09059986085378,-1.6098384768986627,-1.1035103977401803,0.3999546168256565,,-0.15332881942509718,neutral,validation_limited_positive_2025_only_weak_history,-0.2909941573708356,-0.08794137379745483,-0.12519381182581832,-0.32932674483557084,2019,0.6653501917843414,False,"Synthetic yield-pressure index from operating data; economic-prior weights (gap 0.5 / LF 0.25 / mix 0.15 / industry -0.10), z-scored per company.  Positive = upward fare pressure.  Not a realized-yield forecast.",2026-08-10T13:36:52.969697+00:00
airline_yield_pressure_index,Juneyao Airlines,2019-02,12.667584621859751,11.581558611270948,1.086026010588803,0.8383480327746895,0.6313937680447523,,-0.13214461440082662,neutral,validation_limited_positive_2025_only_weak_history,-0.2773421833020854,-0.037544039226066854,-0.11346791617882863,-0.32932674483557084,2019,0.6653501917843414,False,"Synthetic yield-pressure index from operating data; economic-prior weights (gap 0.5 / LF 0.25 / mix 0.15 / industry -0.10), z-scored per company.  Positive = upward fare pressure.  Not a realized-yield forecast.",2026-08-10T13:36:52.969697+00:00
airline_yield_pressure_index,Juneyao Airlines,2019-03,9.74617219367595,10.342682883511545,-0.5965106898355952,-0.4685690159064819,0.32473352211630413,,-0.14772570249436975,neutral,validation_limited_positive_2025_only_weak_history,-0.27574326565673735,-0.035784140876684245,-0.2256047262025806,-0.32932674483557084,2019,0.6653501917843414,False,"Synthetic yield-pressure index from operating data; economic-prior weights (gap 0.5 / LF 0.25 / mix 0.15 / industry -0.10), z-scored per company.  Positive = upward fare pressure.  Not a realized-yield forecast.",2026-08-10T13:36:52.969697+00:00
airline_yield_pressure_index,Juneyao Airlines,2019-04,13.22866665310487,14.634195885234625,-1.405529232129755,-1.056704809342591,-2.0884302268112247,,-0.14489703545596083,neutral,validation_limited_positive_2025_only_weak_history,-0.27458793422540095,-0.03442232402663779,-0.21286774546771994,-0.32932674483557084,2019,0.6653501917843414,False,"Synthetic yield-pressure index from operating data; economic-prior weights (gap 0.5 / LF 0.25 / mix 0.15 / industry -0.10), z-scored per company.  Positive = upward fare pressure.  Not a realized-yield forecast.",2026-08-10T13:36:52.969697+00:00
airline_yield_pressure_index,Juneyao Airlines,2019-05,20.808926588576824,19.575272654260445,1.2336539343163793,0.8745663967378903,0.9140352111855812,,-0.14925897774501676,neutral,validation_limited_positive_2025_only_weak_history,-0.2845683058958608,-0.06842739874187892,-0.15200433063449145,-0.32932674483557084,2019,0.6653501917843414,False,"Synthetic yield-pressure index from operating data; economic-prior weights (gap 0.5 / LF 0.25 / mix 0.15 / industry -0.10), z-scored per company.  Positive = upward fare pressure.  Not a realized-yield forecast.",2026-08-10T13:36:52.969697+00:00
airline_yield_pressure_index,Juneyao Airlines,2019-06,17.055091868846816,18.926891629659416,-1.8717997608125998,-1.3729550738337508,1.6753301635840838,,-0.0883994194131873,neutral,validation_limited_positive_2025_only_weak_history,-0.28881509783629367,-0.08156089855123981,0.2897711977280828,-0.32932674483557084,2019,0.6653501917843414,False,"Synthetic yield-pressure index from operating data; economic-prior weights (gap 0.5 / LF 0.25 / mix 0.15 / industry -0.10), z-scored per company.  Positive = upward fare pressure.  Not a realized-yield forecast.",2026-08-10T13:36:52.969697+00:00
airline_yield_pressure_index,Juneyao Airlines,2019-07,19.193492638737773,21.141675744608257,-1.9481831058704842,-1.4059983844586839,7.714840695861339,,-0.07005812366922376,neutral,validation_limited_positive_2025_only_weak_history,-0.31990670797945947,-0.1936710050969467,0.702535380741237,-0.32932674483557084,2019,0.6653501917843414,False,"Synthetic yield-pressure index from operating data; economic-prior weights (gap 0.5 / LF 0.25 / mix 0.15 / industry -0.10), z-scored per company.  Positive = upward fare pressure.  Not a realized-yield forecast.",2026-08-10T13:36:52.969697+00:00
airline_yield_pressure_index,Juneyao Airlines,2019-08,15.899088819446172,18.63831204079891,-2.739223221352736,-2.10707143707738,10.073526521742185,,-0.005838074095113409,neutral,validation_limited_positive_2025_only_weak_history,-0.3093020005943295,-0.15561152204526618,1.0318875481987386,-0.32932674483557084,2019,0.6653501917843414,False,"Synthetic yield-pressure index from operating data; economic-prior weights (gap 0.5 / LF 0.25 / mix 0.15 / industry -0.10), z-scored per company.  Positive = upward fare pressure.  Not a realized-yield forecast.",2026-08-10T13:36:52.969697+00:00
airline_yield_pressure_index,Juneyao Airlines,2019-09,22.728502920251792,23.245236168942984,-0.5167332486911924,-0.36073951094802226,8.983857502168194,,-0.002283274837996223,neutral,validation_limited_positive_2025_only_weak_history,-0.29541339357371194,-0.10745004843721984,0.9290217304973841,-0.32932674483557084,2019,0.6653501917843414,False,"Synthetic yield-pressure index from operating data; economic-prior weights (gap 0.5 / LF 0.25 / mix 0.15 / industry -0.10), z-scored per company.  Positive = upward fare pressure.  Not a realized-yield forecast.",2026-08-10T13:36:52.969697+00:00
airline_yield_pressure_index,Juneyao Airlines,2019-10,19.213521832266856,19.38702265882779,-0.17350082656093235,-0.12511411571078668,5.432184878898578,,-0.023609092295520488,neutral,validation_limited_positive_2025_only_weak_history,-0.29900798221904107,-0.11713618394874033,0.8149751354508538,-0.32932674483557084,2019,0.6653501917843414,False,"Synthetic yield-pressure index from operating data; economic-prior weights (gap 0.5 / LF 0.25 / mix 0.15 / industry -0.10), z-scored per company.  Positive = upward fare pressure.  Not a realized-yield forecast.",2026-08-10T13:36:52.969697+00:00
airline_yield_pressure_index,Juneyao Airlines,2019-11,11.444782208004934,14.643320950403304,-3.1985387423983695,-2.3646802200360924,7.54276237282383,,-0.08216082168233285,neutral,validation_limited_positive_2025_only_weak_history,-0.330500142932089,-0.2309316766720961,0.719263296454524,-0.32932674483557084,2019,0.6653501917843414,False,"Synthetic yield-pressure index from operating data; economic-prior weights (gap 0.5 / LF 0.25 / mix 0.15 / industry -0.10), z-scored per company.  Positive = upward fare pressure.  Not a realized-yield forecast.",2026-08-10T13:36:52.969697+00:00
airline_yield_pressure_index,Juneyao Airlines,2019-12,8.417686772539001,12.958479415498324,-4.540792642959323,-3.3872012357281847,6.859952876518214,,-0.16090764373798716,neutral,validation_limited_positive_2025_only_weak_history,-0.39728495194490926,-0.4834089416540145,0.8376959544294268,-0.32932674483557084,2019,0.6653501917843414,False,"Synthetic yield-pressure index from operating data; economic-prior weights (gap 0.5 / LF 0.25 / mix 0.15 / industry -0.10), z-scored per company.  Positive = upward fare pressure.  Not a realized-yield forecast.",2026-08-10T13:36:52.969697+00:00
airline_yield_pressure_index,Juneyao Airlines,2020-01,-3.5733859915074495,5.133858853166995,-8.707244844674445,-6.83990360831892,8.06027846417139,,-0.607329713507196,downward,validation_limited_positive_2025_only_weak_history,-0.5091762127423842,-1.7953859584089131,0.4211480532177822,-0.32932674483557084,2020,-10.5176075807598,True,"Synthetic yield-pressure index from operating data; economic-prior weights (gap 0.5 / LF 0.25 / mix 0.15 / industry -0.10), z-scored per company.  Positive = upward fare pressure.  Not a realized-yield forecast.",2026-08-10T13:36:52.969697+00:00
airline_yield_pressure_index,Juneyao Airlines,2020-02,-76.65395228416418,-59.15797986450046,-17.495972419663715,-37.2575228974949,-1.7006919737396125,,-0.9332586534235465,downward,validation_limited_positive_2025_only_weak_history,-0.5855929620751463,-2.6041870759102377,-0.14898718594647373,-0.32932674483557084,2020,-10.5176075807598,True,"Synthetic yield-pressure index from operating data; economic-prior weights (gap 0.5 / LF 0.25 / mix 0.15 / industry -0.10), z-scored per company.  Positive = upward fare pressure.  Not a realized-yield forecast.",2026-08-10T13:36:52.969697+00:00
airline_yield_pressure_index,Juneyao Airlines,2020-03,-64.77381708396675,-50.4685138113977,-14.305303272569049,-24.897768715127,-5.791699044551427,,-1.1319353456643677,downward,validation_limited_positive_2025_only_weak_history,-0.5708966587018396,-2.9142991657005695,-1.0056326624790854,-0.32932674483557084,2020,-10.5176075807598,True,"Synthetic yield-pressure index from operating data; economic-prior weights (gap 0.5 / LF 0.25 / mix 0.15 / industry -0.10), z-scored per company.  Positive = upward fare pressure.  Not a realized-yield forecast.",2026-08-10T13:36:52.969697+00:00
airline_yield_pressure_index,Juneyao Airlines,2020-04,-68.29644208902113,-61.46708673529759,-6.829355353723535,-15.087527021872603,-10.949211994156538,,-0.9899926111094149,downward,validation_limited_positive_2025_only_weak_history,-0.5219683874199978,-2.1681248609800883,-1.4660658442530072,-0.32932674483557084,2020,-10.5176075807598,True,"Synthetic yield-pressure index from operating data; economic-prior weights (gap 0.5 / LF 0.25 / mix 0.15 / industry -0.10), z-scored per company.  Positive = upward fare pressure.  Not a realized-yield forecast.",2026-08-10T13:36:52.969697+00:00
airline_yield_pressure_index,Juneyao Airlines,2020-05,-55.94023283639371,-44.69630109094827,-11.243931745445444,-17.41255435606962,-11.917987710893643,,-0.9541558901533919,downward,validation_limited_positive_2025_only_weak_history,-0.5155671706978712,-1.8452815169853383,-1.7865640002778584,-0.32932674483557084,2020,-10.5176075807598,True,"Synthetic yield-pressure index from operating data; economic-prior weights (gap 0.5 / LF 0.25 / mix 0.15 / industry -0.10), z-scored per company.  Positive = upward fare pressure.  Not a realized-yield forecast.",2026-08-10T13:36:52.969697+00:00
airline_yield_pressure_index,Juneyao Airlines,2020-06,-42.493806835573054,-29.006449226375018,-13.487357609198035,-16.311549697863512,-12.903750419090102,,-0.9843592003260114,downward,validation_limited_positive_2025_only_weak_history,-0.547710394803395,-1.7072440003853042,-2.110837848743634,-0.32932674483557084,2020,-10.5176075807598,True,"Synthetic yield-pressure index from operating data; economic-prior weights (gap 0.5 / LF 0.25 / mix 0.15 / industry -0.10), z-scored per company.  Positive = upward fare pressure.  Not a realized-yield forecast.",2026-08-10T13:36:52.969697+00:00
airline_yield_pressure_index,Juneyao Airlines,2020-07,-28.52970949735156,-17.593102053100363,-10.936607444251198,-11.416333632962875,-18.145048308201186,,-0.9674043107845299,downward,validation_limited_positive_2025_only_weak_history,-0.545742328532497,-1.4472770280089753,-2.4376437599972984,-0.32932674483557084,2020,-10.5176075807598,True,"Synthetic yield-pressure index from operating data; economic-prior weights (gap 0.5 / LF 0.25 / mix 0.15 / industry -0.10), z-scored per company.  Positive = upward fare pressure.  Not a realized-yield forecast.",2026-08-10T13:36:52.969697+00:00
airline_yield_pressure_index,Juneyao Airlines,2020-08,-17.64633557715325,-6.653882783505094,-10.992452793648155,-10.498571448884931,-19.170012056889455,,-0.8127888645402624,downward,validation_limited_positive_2025_only_weak_history,-0.4590113943541696,-0.9156181286146122,-2.5820753979538784,-0.32932674483557084,2020,-10.5176075807598,True,"Synthetic yield-pressure index from operating data; economic-prior weights (gap 0.5 / LF 0.25 / mix 0.15 / industry -0.10), z-scored per company.  Positive = upward fare pressure.  Not a realized-yield forecast.",2026-08-10T13:36:52.969697+00:00
airline_yield_pressure_index,Juneyao Airlines,2020-09,-7.528054499360759,-5.123151143908045,-2.4049033554527144,-2.171751440937115,-16.108777374615922,,-0.6617402723375281,downward,validation_limited_positive_2025_only_weak_history,-0.3901575906174736,-0.5589327193160233,-2.399073144555617,-0.32932674483557084,2020,-10.5176075807598,True,"Synthetic yield-pressure index from operating data; economic-prior weights (gap 0.5 / LF 0.25 / mix 0.15 / industry -0.10), z-scored per company.  Positive = upward fare pressure.  Not a realized-yield forecast.",2026-08-10T13:36:52.969697+00:00
airline_yield_pressure_index,Juneyao Airlines,2020-10,-6.888400090249391,-4.749912225101838,-2.138487865147553,-1.9300638941952144,-14.084115652713887,,-0.5439702534090196,downward,validation_limited_positive_2025_only_weak_history,-0.3339599257258717,-0.29131944998841686,-2.247287350216911,-0.32932674483557084,2020,-10.5176075807598,True,"Synthetic yield-pressure index from operating data; economic-prior weights (gap 0.5 / LF 0.25 / mix 0.15 / industry -0.10), z-scored per company.  Positive = upward fare pressure.  Not a realized-yield forecast.",2026-08-10T13:36:52.969697+00:00
airline_yield_pressure_index,Juneyao Airlines,2020-11,-10.935162938159571,-7.123631879401671,-3.8115310587579003,-3.3812305307146744,-15.801791844170562,,-0.5512765543764512,downward,validation_limited_positive_2025_only_weak_history,-0.3372517175358581,-0.3015241319351442,-2.2680155807219546,-0.32932674483557084,2020,-10.5176075807598,True,"Synthetic yield-pressure index from operating data; economic-prior weights (gap 0.5 / LF 0.25 / mix 0.15 / industry -0.10), z-scored per company.  Positive = upward fare pressure.  Not a realized-yield forecast.",2026-08-10T13:36:52.969697+00:00
airline_yield_pressure_index,Juneyao Airlines,2020-12,-9.293864575090371,-6.468336992622881,-2.8255275824674904,-2.44315128803305,-16.568749569412944,,-0.6271236434275511,downward,validation_limited_positive_2025_only_weak_history,-0.3959619838528045,-0.54760405857941,-2.5327319312906145,-0.8766815283729577,2020,-10.5176075807598,True,"Synthetic yield-pressure index from operating data; economic-prior weights (gap 0.5 / LF 0.25 / mix 0.15 / industry -0.10), z-scored per company.  Positive = upward fare pressure.  Not a realized-yield forecast.",2026-08-10T13:36:52.969697+00:00
airline_yield_pressure_index,Juneyao Airlines,2021-01,-23.47379113362724,-13.833322033676499,-9.640469099950742,-8.474712204968995,-19.95833442599981,-40.35611240662425,-0.258739369106233,neutral,validation_limited_positive_2025_only_weak_history,0.1954667903984964,0.3299349562293236,-2.482229424724529,0.6662208965413274,2021,0.462319132589613,False,"Synthetic yield-pressure index from operating data; economic-prior weights (gap 0.5 / LF 0.25 / mix 0.15 / industry -0.10), z-scored per company.  Positive = upward fare pressure.  Not a realized-yield forecast.",2026-08-10T13:36:52.969697+00:00
airline_yield_pressure_index,Juneyao Airlines,2021-02,150.52208700561147,78.76101646512865,71.76107054048282,19.957463970801648,-14.681110135121587,187.15827338129495,0.22208444962760174,neutral,validation_limited_positive_2025_only_weak_history,0.7572283185145637,1.1675635537872397,-2.116309709553253,1.3097414164350216,2021,0.462319132589613,False,"Synthetic yield-pressure index from operating data; economic-prior weights (gap 0.5 / LF 0.25 / mix 0.15 / industry -0.10), z-scored per company.  Positive = upward fare pressure.  Not a realized-yield forecast.",2026-08-10T13:36:52.969697+00:00
airline_yield_pressure_index,Juneyao Airlines,2021-03,182.10837140481922,113.15216971339548,68.95620169142374,19.83410090729943,-8.44876583679862,215.74012940710418,0.665929554211778,upward,validation_limited_positive_2025_only_weak_history,1.2166603880489069,1.962686678576139,-1.2724177948691107,2.4220964022634366,2021,0.462319132589613,False,"Synthetic yield-pressure index from operating data; economic-prior weights (gap 0.5 / LF 0.25 / mix 0.15 / industry -0.10), z-scored per company.  Positive = upward fare pressure.  Not a realized-yield forecast.",2026-08-10T13:36:52.969697+00:00
airline_yield_pressure_index,Juneyao Airlines,2021-04,220.2569695811143,171.19133870007107,49.065630881043234,12.672080572767314,-1.2318533559306963,205.68351779838468,0.636905729064239,upward,validation_limited_positive_2025_only_weak_history,0.976800612921188,1.7811488628613705,-0.6337810291410121,2.017146387405458,2021,0.462319132589613,False,"Synthetic yield-pressure index from operating data; economic-prior weights (gap 0.5 / LF 0.25 / mix 0.15 / industry -0.10), z-scored per company.  Positive = upward fare pressure.  Not a realized-yield forecast.",2026-08-10T13:36:52.969697+00:00
airline_yield_pressure_index,Juneyao Airlines,2021-05,126.52187964446489,85.41002337049729,41.111856273967604,15.129353140466648,-0.5093671714108188,97.58816925399714,0.5017522957917124,upward,validation_limited_positive_2025_only_weak_history,0.5979801881291517,1.4450304214490046,-0.25880401206921366,1.1967480182473245,2021,0.462319132589613,False,"Synthetic yield-pressure index from operating data; economic-prior weights (gap 0.5 / LF 0.25 / mix 0.15 / industry -0.10), z-scored per company.  Positive = upward fare pressure.  Not a realized-yield forecast.",2026-08-10T13:36:52.969697+00:00
airline_yield_pressure_index,Juneyao Airlines,2021-06,51.736805998998214,31.186171109265672,20.550634889732542,10.894822438684784,-0.12779499951519946,34.277813923227065,0.41175771134151395,neutral,validation_limited_positive_2025_only_weak_history,0.312078982177087,1.2949799709504088,-0.19839927464337379,0.3826688128812564,2021,0.462319132589613,False,"Synthetic yield-pressure index from operating data; economic-prior weights (gap 0.5 / LF 0.25 / mix 0.15 / industry -0.10), z-scored per company.  Positive = upward fare pressure.  Not a realized-yield forecast.",2026-08-10T13:36:52.969697+00:00
airline_yield_pressure_index,Juneyao Airlines,2021-07,20.24025263643152,7.706997038463759,12.533255597967763,8.68139575430952,0.10856495151435852,25.618925831202045,0.045977979923965656,neutral,validation_limited_positive_2025_only_weak_history,-0.07783823329584778,0.3158677779437833,-0.15459799239162417,-0.2911985094468734,2021,0.462319132589613,False,"Synthetic yield-pressure index from operating data; economic-prior weights (gap 0.5 / LF 0.25 / mix 0.15 / industry -0.10), z-scored per company.  Positive = upward fare pressure.  Not a realized-yield forecast.",2026-08-10T13:36:52.969697+00:00
airline_yield_pressure_index,Juneyao Airlines,2021-08,-45.9108977642108,-37.199242459925856,-8.711655304284946,-10.910743048614947,0.4626102449614553,-51.46322971948446,-0.2681375516549119,neutral,validation_limited_positive_2025_only_weak_history,-0.3402556466876772,-0.5052066840386458,-0.1831657892606419,-0.5576681108768451,2021,0.462319132589613,False,"Synthetic yield-pressure index from operating data; economic-prior weights (gap 0.5 / LF 0.25 / mix 0.15 / industry -0.10), z-scored per company.  Positive = upward fare pressure.  Not a realized-yield forecast.",2026-08-10T13:36:52.969697+00:00
airline_yield_pressure_index,Juneyao Airlines,2021-09,-13.914427824837116,-0.9334398068592931,-12.980988017977822,-10.94216225125686,-0.7617319978113315,-24.662077596996244,-0.5042615228296259,downward,validation_limited_positive_2025_only_weak_history,-0.5224197845478793,-1.156686738071878,-0.21017790452831678,-0.7764673964153073,2021,0.462319132589613,False,"Synthetic yield-pressure index from operating data; economic-prior weights (gap 0.5 / LF 0.25 / mix 0.15 / industry -0.10), z-scored per company.  Positive = upward fare pressure.  Not a realized-yield forecast.",2026-08-10T13:36:52.969697+00:00
airline_yield_pressure_index,Juneyao Airlines,2021-10,-6.308033543831659,4.435592903051355,-10.743626446883013,-8.645120444206086,-0.4908505144010462,-22.776861474872334,-0.5589648207420236,downward,validation_limited_positive_2025_only_weak_history,-0.6124323821570066,-1.4155701309110227,0.15642278038209376,-0.7768048600692133,2021,0.462319132589613,False,"Synthetic yield-pressure index from operating data; economic-prior weights (gap 0.5 / LF 0.25 / mix 0.15 / industry -0.10), z-scored per company.  Positive = upward fare pressure.  Not a realized-yield forecast.",2026-08-10T13:36:52.969697+00:00
airline_yield_pressure_index,Juneyao Airlines,2021-11,-30.470213417431392,-10.256773833815902,-20.21343958361549,-17.79590748578329,8.597705115278712,-51.53787264703234,-0.5605025013972874,downward,validation_limited_positive_2025_only_weak_history,-0.6043001637840675,-1.4569279792513536,0.1538800948441791,-0.8279756108095796,2021,0.462319132589613,False,"Synthetic yield-pressure index from operating data; economic-prior weights (gap 0.5 / LF 0.25 / mix 0.15 / industry -0.10), z-scored per company.  Positive = upward fare pressure.  Not a realized-yield forecast.",2026-08-10T13:36:52.969697+00:00
airline_yield_pressure_index,Juneyao Airlines,2021-12,-34.16380404515127,-22.221948592196426,-11.94185545295484,-12.042099885215407,-0.8181557551247531,-35.980436169458685,-0.5237280916882138,downward,validation_limited_positive_2025_only_weak_history,-0.5738045665001411,-1.3114092921568967,0.11683877223161887,-0.7350069876633812,2021,0.462319132589613,False,"Synthetic yield-pressure index from operating data; economic-prior weights (gap 0.5 / LF 0.25 / mix 0.15 / industry -0.10), z-scored per company.  Positive = upward fare pressure.  Not a realized-yield forecast.",2026-08-10T13:36:52.969697+00:00
airline_yield_pressure_index,Juneyao Airlines,2022-01,-10.383708610842923,-3.536800964945752,-6.846907645897171,-4.774960684871047,-1.3128202650818046,-2.2133130114972865,-0.3554415120164683,neutral,validation_limited_positive_2025_only_weak_history,-0.3942200314498408,-0.5867142259583707,-0.3199162009824975,-0.3633449034541939,2022,21.418778725474155,False,"Synthetic yield-pressure index from operating data; economic-prior weights (gap 0.5 / LF 0.25 / mix 0.15 / industry -0.10), z-scored per company.  Positive = upward fare pressure.  Not a realized-yield forecast.",2026-08-10T13:36:52.969697+00:00
airline_yield_pressure_index,Juneyao Airlines,2022-02,31.622507466849626,28.88868592350724,2.733821543342387,1.4778073819824016,-1.0941565980947874,30.669339012067297,-0.3739961423859733,neutral,validation_limited_positive_2025_only_weak_history,-0.38492286315764423,-0.7756165640952692,-0.2558528629824347,-0.5074735966403139,2022,21.418778725474155,False,"Synthetic yield-pressure index from operating data; economic-prior weights (gap 0.5 / LF 0.25 / mix 0.15 / industry -0.10), z-scored per company.  Positive = upward fare pressure.  Not a realized-yield forecast.",2026-08-10T13:36:52.969697+00:00
airline_yield_pressure_index,Juneyao Airlines,2022-03,-59.62264836358035,-48.86878244704385,-10.753865916536505,-17.066074758127613,0.6034491512247071,-67.85998076199239,-0.45703281551889563,neutral,validation_limited_positive_2025_only_weak_history,-0.3523391131389014,-1.535406528054961,0.10002482657420048,-0.8798464907816528,2022,21.418778725474155,False,"Synthetic yield-pressure index from operating data; economic-prior weights (gap 0.5 / LF 0.25 / mix 0.15 / industry -0.10), z-scored per company.  Positive = upward fare pressure.  Not a realized-yield forecast.",2026-08-10T13:36:52.969697+00:00
airline_yield_pressure_index,Juneyao Airlines,2022-04,-93.7991122686469,-91.11574698994845,-2.683365278698446,-24.982046130568605,6.584324737470608,-84.57774733339856,-0.6205499721727179,downward,validation_limited_positive_2025_only_weak_history,-0.40322248498442886,-2.403173518157525,0.3032543140148238,-1.3636650275665418,2022,21.418778725474155,False,"Synthetic yield-pressure index from operating data; economic-prior weights (gap 0.5 / LF 0.25 / mix 0.15 / industry -0.10), z-scored per company.  Positive = upward fare pressure.  Not a realized-yield forecast.",2026-08-10T13:36:52.969697+00:00
airline_yield_pressure_index,Juneyao Airlines,2022-05,-89.22667048051616,-85.45862915224563,-3.7680413282705274,-21.60099406016007,3.4156308322790805,-76.34553968533866,-0.550594917091262,downward,validation_limited_positive_2025_only_weak_history,-0.3645956492571992,-2.1645576876322106,0.3069661481406729,-1.2679740722428934,2022,21.418778725474155,False,"Synthetic yield-pressure index from operating data; economic-prior weights (gap 0.5 / LF 0.25 / mix 0.15 / industry -0.10), z-scored per company.  Positive = upward fare pressure.  Not a realized-yield forecast.",2026-08-10T13:36:52.969697+00:00
airline_yield_pressure_index,Juneyao Airlines,2022-06,-62.15874624658282,-56.34060648092327,-5.818139765659552,-10.719938714170965,0.6858170354092199,-46.694284952879315,-0.5433456484895351,downward,validation_limited_positive_2025_only_weak_history,-0.44317364058161524,-1.696634561612939,-0.0005198965455068856,-1.024777966863333,2022,21.418778725474155,False,"Synthetic yield-pressure index from operating data; economic-prior weights (gap 0.5 / LF 0.25 / mix 0.15 / industry -0.10), z-scored per company.  Positive = upward fare pressure.  Not a realized-yield forecast.",2026-08-10T13:36:52.969697+00:00
airline_yield_pressure_index,Juneyao Airlines,2022-07,-28.197106308538945,-15.473067509438776,-12.72403879910017,-12.537340306590451,-0.23897987646370789,-30.785675020868542,-0.36361259250659544,neutral,validation_limited_positive_2025_only_weak_history,-0.3712233997940091,-0.7923385296886692,-0.18607243348742217,-0.47994604835689786,2022,21.418778725474155,False,"Synthetic yield-pressure index from operating data; economic-prior weights (gap 0.5 / LF 0.25 / mix 0.15 / industry -0.10), z-scored per company.  Positive = upward fare pressure.  Not a realized-yield forecast.",2026-08-10T13:36:52.969697+00:00
airline_yield_pressure_index,Juneyao Airlines,2022-08,55.48986909707185,50.06412899511932,5.425740101952535,2.4493199109104893,-0.7018941849461742,44.16476993796583,-0.24406415103655726,neutral,validation_limited_positive_2025_only_weak_history,-0.33175318093329786,-0.42344145722991244,-0.12841385891888377,-0.4693488257540236,2022,21.418778725474155,False,"Synthetic yield-pressure index from operating data; economic-prior weights (gap 0.5 / LF 0.25 / mix 0.15 / industry -0.10), z-scored per company.  Positive = upward fare pressure.  Not a realized-yield forecast.",2026-08-10T13:36:52.969697+00:00
airline_yield_pressure_index,Juneyao Airlines,2022-09,-38.92789828879019,-38.15325193241128,-0.7746463563789092,-0.908892217856291,1.9652962985670337,-44.350305950106595,-0.16521101508057856,neutral,validation_limited_positive_2025_only_weak_history,-0.28026657690826373,-0.30880862595743835,-0.05051162492931799,-0.5970117360231058,2022,21.418778725474155,False,"Synthetic yield-pressure index from operating data; economic-prior weights (gap 0.5 / LF 0.25 / mix 0.15 / industry -0.10), z-scored per company.  Positive = upward fare pressure.  Not a realized-yield forecast.",2026-08-10T13:36:52.969697+00:00
airline_yield_pressure_index,Juneyao Airlines,2022-10,-57.319386180693655,-51.174291090592796,-6.14509509010086,-9.488609043633147,1.4897186508444018,-59.02318519852808,-0.17802315950323122,neutral,validation_limited_positive_2025_only_weak_history,-0.3027629426297872,-0.2926437354308355,-0.34635485977298114,-0.9847247463531842,2022,21.418778725474155,False,"Synthetic yield-pressure index from operating data; economic-prior weights (gap 0.5 / LF 0.25 / mix 0.15 / industry -0.10), z-scored per company.  Positive = upward fare pressure.  Not a realized-yield forecast.",2026-08-10T13:36:52.969697+00:00
airline_yield_pressure_index,Juneyao Airlines,2022-11,-43.20985926260106,-45.76102011153076,2.5511608489297046,2.8792352027486174,-7.266837681390807,-41.5927147702458,-0.21899529609947554,neutral,validation_limited_positive_2025_only_weak_history,-0.33126624506439684,-0.38582559530938704,-0.32874491553505397,-0.9240596259032774,2022,21.418778725474155,False,"Synthetic yield-pressure index from operating data; economic-prior weights (gap 0.5 / LF 0.25 / mix 0.15 / industry -0.10), z-scored per company.  Positive = upward fare pressure.  Not a realized-yield forecast.",2026-08-10T13:36:52.969697+00:00
airline_yield_pressure_index,Juneyao Airlines,2022-12,-17.84604901853325,-13.429258733867645,-4.4167902846656055,-3.387121588960227,2.3560718015411863,-30.93190625576674,0.060967579759831934,neutral,validation_limited_positive_2025_only_weak_history,-0.12294387352251593,0.4079581332359688,-0.19700800480909134,-0.5000118393346139,2022,21.418778725474155,False,"Synthetic yield-pressure index from operating data; economic-prior weights (gap 0.5 / LF 0.25 / mix 0.15 / industry -0.10), z-scored per company.  Positive = upward fare pressure.  Not a realized-yield forecast.",2026-08-10T13:36:52.969697+00:00
airline_yield_pressure_index,Juneyao Airlines,2023-01,30.569646950743333,10.095368290093788,20.474278660649546,11.622561660079072,4.413041794498974,34.77111781248941,0.2715100698442659,neutral,validation_limited_positive_2025_only_weak_history,0.006426799740409819,0.7529607694477578,0.4404007194668955,-0.1399636969208723,2023,-3.3217679336624713,False,"Synthetic yield-pressure index from operating data; economic-prior weights (gap 0.5 / LF 0.25 / mix 0.15 / industry -0.10), z-scored per company.  Positive = upward fare pressure.  Not a realized-yield forecast.",2026-08-10T13:36:52.969697+00:00
airline_yield_pressure_index,Juneyao Airlines,2023-02,31.70959608282424,12.627487172564011,19.08210891026023,12.054794343580312,6.877654286539492,38.04563175049529,0.6534498412533967,upward,validation_limited_positive_2025_only_weak_history,0.5133746990067795,1.5458888295789666,0.6633660933936775,0.892146296537864,2023,-3.3217679336624713,False,"Synthetic yield-pressure index from operating data; economic-prior weights (gap 0.5 / LF 0.25 / mix 0.15 / industry -0.10), z-scored per company.  Positive = upward fare pressure.  Not a realized-yield forecast.",2026-08-10T13:36:52.969697+00:00
airline_yield_pressure_index,Juneyao Airlines,2023-03,178.86385270869846,118.50298372014332,60.36086898855514,17.701292082443032,7.303810702065605,197.35849056603772,2.3919328439694576,upward,validation_limited_positive_2025_only_weak_history,4.247246744039867,1.9758462345937042,0.6071851402164093,3.1672985773136277,2023,-3.3217679336624713,False,"Synthetic yield-pressure index from operating data; economic-prior weights (gap 0.5 / LF 0.25 / mix 0.15 / industry -0.10), z-scored per company.  Positive = upward fare pressure.  Not a realized-yield forecast.",2026-08-10T13:36:52.969697+00:00
airline_yield_pressure_index,Juneyao Airlines,2023-04,1643.4162070746988,1145.8288139244105,497.58739315028834,23.057545580982932,3.1663518596080475,538.0076142131979,3.161602838425505,upward,validation_limited_positive_2025_only_weak_history,5.961924505228278,2.200856333406062,0.5222773530295611,4.4791510049458365,2023,-3.3217679336624713,False,"Synthetic yield-pressure index from operating data; economic-prior weights (gap 0.5 / LF 0.25 / mix 0.15 / industry -0.10), z-scored per company.  Positive = upward fare pressure.  Not a realized-yield forecast.",2026-08-10T13:36:52.969697+00:00
airline_yield_pressure_index,Juneyao Airlines,2023-05,953.6470315527664,715.4638829925321,238.18314856023426,18.039077511984182,4.993498221303231,328.21171208481735,3.155468775672805,upward,validation_limited_positive_2025_only_weak_history,5.973709481762447,2.053689276126214,0.5187287791399392,4.226176011109632,2023,-3.3217679336624713,False,"Synthetic yield-pressure index from operating data; economic-prior weights (gap 0.5 / LF 0.25 / mix 0.15 / industry -0.10), z-scored per company.  Positive = upward fare pressure.  Not a realized-yield forecast.",2026-08-10T13:36:52.969697+00:00
airline_yield_pressure_index,Juneyao Airlines,2023-06,274.7281394188674,212.86138945994418,61.86674995892321,13.787292895420975,7.225065663022756,141.4034449847748,1.5499425439120442,upward,validation_limited_positive_2025_only_weak_history,2.384407084148458,1.807601479577623,0.8202121569747212,2.171931916027986,2023,-3.3217679336624713,False,"Synthetic yield-pressure index from operating data; economic-prior weights (gap 0.5 / LF 0.25 / mix 0.15 / industry -0.10), z-scored per company.  Positive = upward fare pressure.  Not a realized-yield forecast.",2026-08-10T13:36:52.969697+00:00
airline_yield_pressure_index,Juneyao Airlines,2023-07,105.81896879889734,66.87162145541782,38.94734734347952,16.512687965221332,9.856453600986455,83.63336863160373,0.8952957204327227,upward,validation_limited_positive_2025_only_weak_history,0.8077616135016066,1.7875121557333153,1.051040766492976,1.1311924022535587,2023,-3.3217679336624713,False,"Synthetic yield-pressure index from operating data; economic-prior weights (gap 0.5 / LF 0.25 / mix 0.15 / industry -0.10), z-scored per company.  Positive = upward fare pressure.  Not a realized-yield forecast.",2026-08-10T13:36:52.969697+00:00
airline_yield_pressure_index,Juneyao Airlines,2023-08,83.96209252065752,47.24225654151517,36.71983597914235,17.504789481444007,10.115727160055265,98.01256849209051,0.771150122537184,upward,validation_limited_positive_2025_only_weak_history,0.5809781018671616,1.712415287131641,1.1790443955522463,1.2429940951214389,2023,-3.3217679336624713,False,"Synthetic yield-pressure index from operating data; economic-prior weights (gap 0.5 / LF 0.25 / mix 0.15 / industry -0.10), z-scored per company.  Positive = upward fare pressure.  Not a realized-yield forecast.",2026-08-10T13:36:52.969697+00:00
airline_yield_pressure_index,Juneyao Airlines,2023-09,132.772987770172,99.88457082475956,32.88841694541243,11.790045086789931,10.065544988358825,166.1326434150953,0.812240559622933,upward,validation_limited_positive_2025_only_weak_history,0.7909416943887879,1.7683582127655444,1.1673162122389784,2.0041727259869386,2023,-3.3217679336624713,False,"Synthetic yield-pressure index from operating data; economic-prior weights (gap 0.5 / LF 0.25 / mix 0.15 / industry -0.10), z-scored per company.  Positive = upward fare pressure.  Not a realized-yield forecast.",2026-08-10T13:36:52.969697+00:00
airline_yield_pressure_index,Juneyao Airlines,2023-10,206.59489464591695,140.81845879880638,65.77643584711058,18.000524778009975,9.596197993626575,251.99698568198943,0.8524337426033439,upward,validation_limited_positive_2025_only_weak_history,1.0568728987493219,1.8023061409834853,1.0700480235596286,2.870864455511326,2023,-3.3217679336624713,False,"Synthetic yield-pressure index from operating data; economic-prior weights (gap 0.5 / LF 0.25 / mix 0.15 / industry -0.10), z-scored per company.  Positive = upward fare pressure.  Not a realized-yield forecast.",2026-08-10T13:36:52.969697+00:00
airline_yield_pressure_index,Juneyao Airlines,2023-11,216.87091356114695,146.17046345752925,70.7004501036177,18.407655692823354,7.957286176880877,289.71442208257105,1.019695693684932,upward,validation_limited_positive_2025_only_weak_history,1.2591042183785948,2.0954237480330433,1.0351842571812382,2.8898999108981194,2023,-3.3217679336624713,False,"Synthetic yield-pressure index from operating data; economic-prior weights (gap 0.5 / LF 0.25 / mix 0.15 / industry -0.10), z-scored per company.  Positive = upward fare pressure.  Not a realized-yield forecast.",2026-08-10T13:36:52.969697+00:00
airline_yield_pressure_index,Juneyao Airlines,2023-12,147.64590894175788,88.91643113727763,58.729477804480254,19.585689688911913,9.291896550974986,170.34305867265144,0.8445615651298386,upward,validation_limited_positive_2025_only_weak_history,0.8812330324988422,1.7715788674617454,1.040345302433594,1.9500146335005786,2023,-3.3217679336624713,False,"Synthetic yield-pressure index from operating data; economic-prior weights (gap 0.5 / LF 0.25 / mix 0.15 / industry -0.10), z-scored per company.  Positive = upward fare pressure.  Not a realized-yield forecast.",2026-08-10T13:36:52.969697+00:00
airline_yield_pressure_index,Juneyao Airlines,2024-01,55.600914772176594,38.10875224685959,17.492162525317006,9.387669274165617,9.710724764814081,44.10559396605909,0.5973156242789348,upward,validation_limited_positive_2025_only_weak_history,0.3813308289325907,1.2372782434796528,1.2101886644514852,0.8419765072499658,2024,-8.296021212353196,False,"Synthetic yield-pressure index from operating data; economic-prior weights (gap 0.5 / LF 0.25 / mix 0.15 / industry -0.10), z-scored per company.  Positive = upward fare pressure.  Not a realized-yield forecast.",2026-08-10T13:36:52.969697+00:00
airline_yield_pressure_index,Juneyao Airlines,2024-02,42.071088594096494,35.2480007586907,6.8230878354057936,4.1975991316281664,11.726214932283607,44.62962962962962,0.30442662894735195,neutral,validation_limited_positive_2025_only_weak_history,-0.03849757874792653,0.6370852712360952,1.22125556310949,0.1878423395413207,2024,-8.296021212353196,False,"Synthetic yield-pressure index from operating data; economic-prior weights (gap 0.5 / LF 0.25 / mix 0.15 / industry -0.10), z-scored per company.  Positive = upward fare pressure.  Not a realized-yield forecast.",2026-08-10T13:36:52.969697+00:00
airline_yield_pressure_index,Juneyao Airlines,2024-03,19.833235383526727,14.749312842818885,5.083922540707842,3.6231852477816773,9.537477844760772,25.656397689480137,0.18734662740324298,neutral,validation_limited_positive_2025_only_weak_history,-0.1468513778862705,0.3789480706393579,1.1332168645880143,0.03947231001663387,2024,-8.296021212353196,False,"Synthetic yield-pressure index from operating data; economic-prior weights (gap 0.5 / LF 0.25 / mix 0.15 / industry -0.10), z-scored per company.  Positive = upward fare pressure.  Not a realized-yield forecast.",2026-08-10T13:36:52.969697+00:00
airline_yield_pressure_index,Juneyao Airlines,2024-04,20.4472573588526,16.800512659904076,3.646744698948524,2.5223502826026163,7.757091849735138,11.287916459472891,0.16120421799216728,neutral,validation_limited_positive_2025_only_weak_history,-0.17025083966074053,0.32048997004887625,1.0416666684809057,-0.09957145038182609,2024,-8.296021212353196,False,"Synthetic yield-pressure index from operating data; economic-prior weights (gap 0.5 / LF 0.25 / mix 0.15 / industry -0.10), z-scored per company.  Positive = upward fare pressure.  Not a realized-yield forecast.",2026-08-10T13:36:52.969697+00:00
airline_yield_pressure_index,Juneyao Airlines,2024-05,19.570615524312764,15.737504300304138,3.8331112240086256,2.6428696805193397,9.69465972417077,13.874811404696509,0.14141655558041547,neutral,validation_limited_positive_2025_only_weak_history,-0.19506871236456108,0.23974432909734,1.081209538598787,-0.1683339869854298,2024,-8.296021212353196,False,"Synthetic yield-pressure index from operating data; economic-prior weights (gap 0.5 / LF 0.25 / mix 0.15 / industry -0.10), z-scored per company.  Positive = upward fare pressure.  Not a realized-yield forecast.",2026-08-10T13:36:52.969697+00:00
airline_yield_pressure_index,Juneyao Airlines,2024-06,10.152199714537113,8.239497932847616,1.9127017816894973,1.475704834152694,10.414958474487937,10.446946306197757,0.09362821252905805,neutral,validation_limited_positive_2025_only_weak_history,-0.24689625730463466,0.05839459994803081,1.2359927898270795,-0.17078772720305746,2024,-8.296021212353196,False,"Synthetic yield-pressure index from operating data; economic-prior weights (gap 0.5 / LF 0.25 / mix 0.15 / industry -0.10), z-scored per company.  Positive = upward fare pressure.  Not a realized-yield forecast.",2026-08-10T13:36:52.969697+00:00
airline_yield_pressure_index,Juneyao Airlines,2024-07,9.887558570565623,12.863322914369025,-2.9757643438034016,-2.300758268839914,11.19182747600934,10.745178445569303,0.07563349331717052,neutral,validation_limited_positive_2025_only_weak_history,-0.271080766406985,-0.019305903963039286,1.326559072050119,-0.17016491703904993,2024,-8.296021212353196,False,"Synthetic yield-pressure index from operating data; economic-prior weights (gap 0.5 / LF 0.25 / mix 0.15 / industry -0.10), z-scored per company.  Positive = upward fare pressure.  Not a realized-yield forecast.",2026-08-10T13:36:52.969697+00:00
airline_yield_pressure_index,Juneyao Airlines,2024-08,13.76472977047336,13.021908283515193,0.7428214869581673,0.5763765756064032,11.704381277518124,14.012569570383349,0.0659638078249948,neutral,validation_limited_positive_2025_only_weak_history,-0.28381392263363203,-0.06696904946501422,1.388715351602612,-0.16305728767672573,2024,-8.296021212353196,False,"Synthetic yield-pressure index from operating data; economic-prior weights (gap 0.5 / LF 0.25 / mix 0.15 / industry -0.10), z-scored per company.  Positive = upward fare pressure.  Not a realized-yield forecast.",2026-08-10T13:36:52.969697+00:00
airline_yield_pressure_index,Juneyao Airlines,2024-09,14.847758884933882,14.562096206702702,0.28566267823117997,0.208073910535731,11.794244579938233,12.019068984856984,0.12557396723073627,neutral,validation_limited_positive_2025_only_weak_history,-0.2466648816323504,0.06709761387970607,1.4496882509319244,-0.14678766937196303,2024,-8.296021212353196,False,"Synthetic yield-pressure index from operating data; economic-prior weights (gap 0.5 / LF 0.25 / mix 0.15 / industry -0.10), z-scored per company.  Positive = upward fare pressure.  Not a realized-yield forecast.",2026-08-10T13:36:52.969697+00:00
airline_yield_pressure_index,Juneyao Airlines,2024-10,19.26052951337873,17.489399898670044,1.7711296147086877,1.2648278143293226,12.544853645841712,14.343823592378513,0.1384901667981843,neutral,validation_limited_positive_2025_only_weak_history,-0.24559453876507806,0.06955795015231754,1.5316844801316023,-0.14145276622903594,2024,-8.296021212353196,False,"Synthetic yield-pressure index from operating data; economic-prior weights (gap 0.5 / LF 0.25 / mix 0.15 / industry -0.10), z-scored per company.  Positive = upward fare pressure.  Not a realized-yield forecast.",2026-08-10T13:36:52.969697+00:00
airline_yield_pressure_index,Juneyao Airlines,2024-11,13.945524932775232,13.06593533678253,0.8795895959927016,0.6418107451059711,13.523928078721378,15.192586393419184,0.1621196896082632,neutral,validation_limited_positive_2025_only_weak_history,-0.24940746718212525,0.05630890081402722,1.725819089848328,-0.13873334518569844,2024,-8.296021212353196,False,"Synthetic yield-pressure index from operating data; economic-prior weights (gap 0.5 / LF 0.25 / mix 0.15 / industry -0.10), z-scored per company.  Positive = upward fare pressure.  Not a realized-yield forecast.",2026-08-10T13:36:52.969697+00:00
airline_yield_pressure_index,Juneyao Airlines,2024-12,15.158892652828658,15.360444889956826,-0.20155223712816728,-0.1442927759862016,16.10221107499136,12.620572422517395,0.1514476205632435,neutral,validation_limited_positive_2025_only_weak_history,-0.27538976002428256,-0.03221660838022267,1.8854378336331057,-0.1438097762547462,2024,-8.296021212353196,False,"Synthetic yield-pressure index from operating data; economic-prior weights (gap 0.5 / LF 0.25 / mix 0.15 / industry -0.10), z-scored per company.  Positive = upward fare pressure.  Not a realized-yield forecast.",2026-08-10T13:36:52.969697+00:00
airline_yield_pressure_index,Juneyao Airlines,2025-01,17.162391303510518,18.711271723959232,-1.5488804204487145,-1.0895630216451764,16.086891828578217,13.220977703339276,0.09795104528080568,neutral,validation_limited_positive_2025_only_weak_history,-0.29860103307113195,-0.12684497652743418,1.713442497196295,-0.21946431368786,2025,-1.4213899748212668,False,"Synthetic yield-pressure index from operating data; economic-prior weights (gap 0.5 / LF 0.25 / mix 0.15 / industry -0.10), z-scored per company.  Positive = upward fare pressure.  Not a realized-yield forecast.",2026-08-10T13:36:52.969697+00:00
airline_yield_pressure_index,Juneyao Airlines,2025-02,-4.826130764839897,-2.7397904518569494,-2.086340312982948,-1.8748894107795735,9.707245686249788,-1.5412932138284319,0.05627391439426413,neutral,validation_limited_positive_2025_only_weak_history,-0.3055953027230089,-0.15508774206143724,1.478522044747994,-0.2606519455892877,2025,-1.4213899748212668,False,"Synthetic yield-pressure index from operating data; economic-prior weights (gap 0.5 / LF 0.25 / mix 0.15 / industry -0.10), z-scored per company.  Positive = upward fare pressure.  Not a realized-yield forecast.",2026-08-10T13:36:52.969697+00:00
airline_yield_pressure_index,Juneyao Airlines,2025-03,3.3679072263164356,4.4631852625454105,-1.095278036228975,-0.8954266464497493,10.889181622763758,3.510360438795068,0.07755569907224702,neutral,validation_limited_positive_2025_only_weak_history,-0.2659437665000049,-0.006953630624483627,1.2283175185357387,-0.28018362198009567,2025,-1.4213899748212668,False,"Synthetic yield-pressure index from operating data; economic-prior weights (gap 0.5 / LF 0.25 / mix 0.15 / industry -0.10), z-scored per company.  Positive = upward fare pressure.  Not a realized-yield forecast.",2026-08-10T13:36:52.969697+00:00
airline_yield_pressure_index,Juneyao Airlines,2025-04,6.342438410840923,2.824656740706799,3.5177816701341236,2.850155570620686,10.534699370953927,8.90080428954423,0.15146615567611932,neutral,validation_limited_positive_2025_only_weak_history,-0.21430548810499972,0.20276327087599944,1.2286182561737666,-0.23635343583554325,2025,-1.4213899748212668,False,"Synthetic yield-pressure index from operating data; economic-prior weights (gap 0.5 / LF 0.25 / mix 0.15 / industry -0.10), z-scored per company.  Positive = upward fare pressure.  Not a realized-yield forecast.",2026-08-10T13:36:52.969697+00:00
airline_yield_pressure_index,Juneyao Airlines,2025-05,4.9741046748937645,0.4621203707551258,4.511984304138639,3.702661687607957,9.713919239565794,8.153420189906747,0.17393211066234232,neutral,validation_limited_positive_2025_only_weak_history,-0.18950668920168193,0.3014405698542134,1.1338078052791805,-0.2325414200775288,2025,-1.4213899748212668,False,"Synthetic yield-pressure index from operating data; economic-prior weights (gap 0.5 / LF 0.25 / mix 0.15 / industry -0.10), z-scored per company.  Positive = upward fare pressure.  Not a realized-yield forecast.",2026-08-10T13:36:52.969697+00:00
airline_yield_pressure_index,Juneyao Airlines,2025-06,3.99512643636466,1.9216209584120847,2.0735054779525752,1.7289573367390574,8.78527935396821,4.353532770817337,0.0943156806350774,neutral,validation_limited_positive_2025_only_weak_history,-0.21840524906032177,0.18851614001974162,0.8724413238099646,-0.2552307158880819,2025,-1.4213899748212668,False,"Synthetic yield-pressure index from operating data; economic-prior weights (gap 0.5 / LF 0.25 / mix 0.15 / industry -0.10), z-scored per company.  Positive = upward fare pressure.  Not a realized-yield forecast.",2026-08-10T13:36:52.969697+00:00
airline_yield_pressure_index,Juneyao Airlines,2025-07,-3.158750781588482,-2.9838826415176767,-0.1748681400708052,-0.15313969624455126,4.734816255098057,3.882203193705158,0.013969345532925795,neutral,validation_limited_positive_2025_only_weak_history,-0.24783009830621594,0.07493975491878808,0.6096732366871395,-0.2769847045326583,2025,-1.4213899748212668,False,"Synthetic yield-pressure index from operating data; economic-prior weights (gap 0.5 / LF 0.25 / mix 0.15 / industry -0.10), z-scored per company.  Positive = upward fare pressure.  Not a realized-yield forecast.",2026-08-10T13:36:52.969697+00:00
airline_yield_pressure_index,Juneyao Airlines,2025-08,-1.9071134748066543,-2.6591988595991545,0.7520853847925002,0.6820272659743267,3.8829336314555185,3.341697862245807,0.003223521619661312,neutral,validation_limited_positive_2025_only_weak_history,-0.2410435912799757,0.10069258550229081,0.47319257537733234,-0.2759328457747661,2025,-1.4213899748212668,False,"Synthetic yield-pressure index from operating data; economic-prior weights (gap 0.5 / LF 0.25 / mix 0.15 / industry -0.10), z-scored per company.  Positive = upward fare pressure.  Not a realized-yield forecast.",2026-08-10T13:36:52.969697+00:00
airline_yield_pressure_index,Juneyao Airlines,2025-09,4.851686392042631,1.911002964566455,2.940683427476176,2.413869842502322,5.756689464698777,4.586191358333758,0.03315608410129557,neutral,validation_limited_positive_2025_only_weak_history,-0.2215188424687557,0.18135048846130172,0.47913163718662893,-0.26708137642353647,2025,-1.4213899748212668,False,"Synthetic yield-pressure index from operating data; economic-prior weights (gap 0.5 / LF 0.25 / mix 0.15 / industry -0.10), z-scored per company.  Positive = upward fare pressure.  Not a realized-yield forecast.",2026-08-10T13:36:52.969697+00:00
airline_yield_pressure_index,Juneyao Airlines,2025-10,1.5115372254595139,-0.8084615186578659,2.3199987441173797,1.992007271042823,4.866607692615727,5.840042438993942,0.061538812247423295,neutral,validation_limited_positive_2025_only_weak_history,-0.2049923564560466,0.24012537538892811,0.5251953342728691,-0.25224346487284205,2025,-1.4213899748212668,False,"Synthetic yield-pressure index from operating data; economic-prior weights (gap 0.5 / LF 0.25 / mix 0.15 / industry -0.10), z-scored per company.  Positive = upward fare pressure.  Not a realized-yield forecast.",2026-08-10T13:36:52.969697+00:00
airline_yield_pressure_index,Juneyao Airlines,2025-11,8.916273497387772,6.052438401305094,2.8638350960826786,2.2451818462456288,4.905115425703112,6.623666583974197,0.02013249638068754,neutral,validation_limited_positive_2025_only_weak_history,-0.21382225858554674,0.20542782968731707,0.3417684649479308,-0.24421398509442022,2025,-1.4213899748212668,False,"Synthetic yield-pressure index from operating data; economic-prior weights (gap 0.5 / LF 0.25 / mix 0.15 / industry -0.10), z-scored per company.  Positive = upward fare pressure.  Not a realized-yield forecast.",2026-08-10T13:36:52.969697+00:00
airline_yield_pressure_index,Juneyao Airlines,2025-12,2.02251624376637,0.210115214517681,1.8124010292486892,1.4910670891013211,1.6863343204133265,6.362216332906256,-0.03328816999278575,neutral,validation_limited_positive_2025_only_weak_history,-0.21784863498462415,0.19124258561040003,-0.0037509541637987197,-0.2838814422149612,2025,-1.4213899748212668,False,"Synthetic yield-pressure index from operating data; economic-prior weights (gap 0.5 / LF 0.25 / mix 0.15 / industry -0.10), z-scored per company.  Positive = upward fare pressure.  Not a realized-yield forecast.",2026-08-10T13:36:52.969697+00:00
airline_yield_pressure_index,Juneyao Airlines,2026-01,-6.039394446983016,-7.844903952930915,1.8055095059478994,1.6147419046559293,-2.800680912417125,-2.9339250493096714,-0.07853225168458128,neutral,validation_limited_positive_2025_only_weak_history,-0.22044890313626217,0.18295042356358993,-0.2695964230486352,-0.263940574499476,,,,"Synthetic yield-pressure index from operating data; economic-prior weights (gap 0.5 / LF 0.25 / mix 0.15 / industry -0.10), z-scored per company.  Positive = upward fare pressure.  Not a realized-yield forecast.",2026-08-10T13:36:52.969697+00:00
airline_yield_pressure_index,Juneyao Airlines,2026-02,9.47387961276771,6.942306046103686,2.531573566664025,2.0246466523662434,-0.9941591780817447,11.034348228944847,-0.07605272082508473,neutral,validation_limited_positive_2025_only_weak_history,-0.19746374093482022,0.27176037239844414,-0.46044149240040694,-0.2380528040277538,,,,"Synthetic yield-pressure index from operating data; economic-prior weights (gap 0.5 / LF 0.25 / mix 0.15 / industry -0.10), z-scored per company.  Positive = upward fare pressure.  Not a realized-yield forecast.",2026-08-10T13:36:52.969697+00:00
airline_yield_pressure_index,Juneyao Airlines,2026-03,8.916894308636492,4.167455750325311,4.749438558311181,3.8530227737767433,-2.548635248965269,12.088281801971522,-0.075871420332718,neutral,validation_limited_positive_2025_only_weak_history,-0.19789056646872777,0.26710013666637056,-0.4398694196597956,-0.2227924168402258,,,,"Synthetic yield-pressure index from operating data; economic-prior weights (gap 0.5 / LF 0.25 / mix 0.15 / industry -0.10), z-scored per company.  Positive = upward fare pressure.  Not a realized-yield forecast.",2026-08-10T13:36:52.969697+00:00
airline_yield_pressure_index,Juneyao Airlines,2026-04,2.9474884782705546,1.1965186183978904,1.7509698598726642,1.490800044270813,-2.3441739545404943,0.4414902346955518,-0.08911978797651691,neutral,validation_limited_positive_2025_only_weak_history,-0.20615768720330566,0.2389139756310764,-0.5084305838547054,-0.3049514929557264,,,,"Synthetic yield-pressure index from operating data; economic-prior weights (gap 0.5 / LF 0.25 / mix 0.15 / industry -0.10), z-scored per company.  Positive = upward fare pressure.  Not a realized-yield forecast.",2026-08-10T13:36:52.969697+00:00
airline_yield_pressure_index,Juneyao Airlines,2026-05,1.1451194238516038,-0.3300837921510369,1.4752032160026407,1.2750182136618378,-2.5155736164680036,-7.138257605503295,-0.1325210048122138,neutral,validation_limited_positive_2025_only_weak_history,-0.23990741598510654,0.10817532876177172,-0.5232519070037867,-0.3887665704046456,,,,"Synthetic yield-pressure index from operating data; economic-prior weights (gap 0.5 / LF 0.25 / mix 0.15 / industry -0.10), z-scored per company.  Positive = upward fare pressure.  Not a realized-yield forecast.",2026-08-10T13:36:52.969697+00:00
airline_yield_pressure_index,Juneyao Airlines,2026-06,1.2123698003371208,0.7754620459900385,0.4369077543470823,0.37594735338717555,-2.8775295333577553,-6.450611738185852,-0.14099604982900218,neutral,validation_limited_positive_2025_only_weak_history,-0.24612839057528108,0.08315928283458301,-0.5391314854272622,-0.4214804756408194,,,,"Synthetic yield-pressure index from operating data; economic-prior weights (gap 0.5 / LF 0.25 / mix 0.15 / industry -0.10), z-scored per company.  Positive = upward fare pressure.  Not a realized-yield forecast.",2026-08-10T13:36:52.969697+00:00
airline_yield_pressure_index,Spring Airlines,2017-01,22.426374222699884,20.932259309688163,1.494114913011721,1.131318000072909,-3.3593783528952983,,-0.09489161885281716,neutral,validation_limited_positive_2025_only_weak_history,-0.2267106522294546,0.06299800810855458,-0.2014564616585706,-0.32932674483557084,2017,6.529503380105638,False,"Synthetic yield-pressure index from operating data; economic-prior weights (gap 0.5 / LF 0.25 / mix 0.15 / industry -0.10), z-scored per company.  Positive = upward fare pressure.  Not a realized-yield forecast.",2026-08-10T13:36:52.969697+00:00
airline_yield_pressure_index,Spring Airlines,2017-02,20.36485344722607,20.2471845240086,0.11766892321747235,0.0924469233711136,-3.964087100694492,,-0.16096016042962263,neutral,validation_limited_positive_2025_only_weak_history,-0.2903315058124012,-0.027517677347855516,-0.27898441780010175,-0.32932674483557084,2017,6.529503380105638,False,"Synthetic yield-pressure index from operating data; economic-prior weights (gap 0.5 / LF 0.25 / mix 0.15 / industry -0.10), z-scored per company.  Positive = upward fare pressure.  Not a realized-yield forecast.",2026-08-10T13:36:52.969697+00:00
airline_yield_pressure_index,Spring Airlines,2017-03,37.266739201122576,39.76486857107997,-2.4981293699573968,-1.6787453708475368,-6.213065027811478,,-0.237474600933251,neutral,validation_limited_positive_2025_only_weak_history,-0.3546828299598515,-0.12372674127619342,-0.4142278341188933,-0.32932674483557084,2017,6.529503380105638,False,"Synthetic yield-pressure index from operating data; economic-prior weights (gap 0.5 / LF 0.25 / mix 0.15 / industry -0.10), z-scored per company.  Positive = upward fare pressure.  Not a realized-yield forecast.",2026-08-10T13:36:52.969697+00:00
airline_yield_pressure_index,Spring Airlines,2017-04,30.503410509407946,32.35125240654171,-1.8478418971337653,-1.3033888517670675,-7.8100425226569605,,-0.3046683009789395,neutral,validation_limited_positive_2025_only_weak_history,-0.42145476162577844,-0.21442122574278766,-0.4884552547594025,-0.32932674483557084,2017,6.529503380105638,False,"Synthetic yield-pressure index from operating data; economic-prior weights (gap 0.5 / LF 0.25 / mix 0.15 / industry -0.10), z-scored per company.  Positive = upward fare pressure.  Not a realized-yield forecast.",2026-08-10T13:36:52.969697+00:00
airline_yield_pressure_index,Spring Airlines,2017-05,35.987434029168064,39.337431307289435,-3.3499972781213714,-2.2027056718083458,-6.406803577774781,,-0.32500628559693184,neutral,validation_limited_positive_2025_only_weak_history,-0.4498313757662352,-0.25728083761140114,-0.45802041863014037,-0.32932674483557084,2017,6.529503380105638,False,"Synthetic yield-pressure index from operating data; economic-prior weights (gap 0.5 / LF 0.25 / mix 0.15 / industry -0.10), z-scored per company.  Positive = upward fare pressure.  Not a realized-yield forecast.",2026-08-10T13:36:52.969697+00:00
airline_yield_pressure_index,Spring Airlines,2017-06,29.61497343158832,33.58678528021974,-3.971811848631422,-2.7633686529266726,-5.211498826956394,,-0.3594434999355307,neutral,validation_limited_positive_2025_only_weak_history,-0.5011872335306738,-0.3417011850336265,-0.3757150759689617,-0.32932674483557084,2017,6.529503380105638,False,"Synthetic yield-pressure index from operating data; economic-prior weights (gap 0.5 / LF 0.25 / mix 0.15 / industry -0.10), z-scored per company.  Positive = upward fare pressure.  Not a realized-yield forecast.",2026-08-10T13:36:52.969697+00:00
airline_yield_pressure_index,Spring Airlines,2017-07,18.67771170692094,23.192616960878087,-4.514905253957146,-3.439765508094382,-5.101493378212094,,-0.3421218944114542,neutral,validation_limited_positive_2025_only_weak_history,-0.48506419928548217,-0.3341914950133998,-0.3264973033261351,-0.32932674483557084,2017,6.529503380105638,False,"Synthetic yield-pressure index from operating data; economic-prior weights (gap 0.5 / LF 0.25 / mix 0.15 / industry -0.10), z-scored per company.  Positive = upward fare pressure.  Not a realized-yield forecast.",2026-08-10T13:36:52.969697+00:00
airline_yield_pressure_index,Spring Airlines,2017-08,15.609903436779927,18.122583304424023,-2.5126798676440956,-2.012662312057344,-4.787118249059315,,-0.2667597096281324,neutral,validation_limited_positive_2025_only_weak_history,-0.39836573261760594,-0.20795405924811894,-0.32347335327237847,-0.32932674483557084,2017,6.529503380105638,False,"Synthetic yield-pressure index from operating data; economic-prior weights (gap 0.5 / LF 0.25 / mix 0.15 / industry -0.10), z-scored per company.  Positive = upward fare pressure.  Not a realized-yield forecast.",2026-08-10T13:36:52.969697+00:00
airline_yield_pressure_index,Spring Airlines,2017-09,10.257667947808514,9.726969009777896,0.5306989380306177,0.4312487486662917,-5.111985027898857,,-0.15511337419208648,neutral,validation_limited_positive_2025_only_weak_history,-0.2822108094486951,-0.027823173252795947,-0.26656567092064687,-0.32932674483557084,2017,6.529503380105638,False,"Synthetic yield-pressure index from operating data; economic-prior weights (gap 0.5 / LF 0.25 / mix 0.15 / industry -0.10), z-scored per company.  Positive = upward fare pressure.  Not a realized-yield forecast.",2026-08-10T13:36:52.969697+00:00
airline_yield_pressure_index,Spring Airlines,2017-10,19.910338313156007,18.392970856969583,1.5173674561864239,1.1187021087144444,-3.2287443030925083,,-0.13234894040413847,neutral,validation_limited_positive_2025_only_weak_history,-0.2943520472741668,-0.03577064221125083,-0.06108620465199629,-0.32932674483557084,2017,6.529503380105638,False,"Synthetic yield-pressure index from operating data; economic-prior weights (gap 0.5 / LF 0.25 / mix 0.15 / industry -0.10), z-scored per company.  Positive = upward fare pressure.  Not a realized-yield forecast.",2026-08-10T13:36:52.969697+00:00
airline_yield_pressure_index,Spring Airlines,2017-11,22.95113507579709,26.09434575181211,-3.14321067601502,-2.2137842889050603,1.9749121923187332,,-0.14873821318251118,neutral,validation_limited_positive_2025_only_weak_history,-0.33024708406920167,-0.09482374111866566,0.04772393098799324,-0.32932674483557084,2017,6.529503380105638,False,"Synthetic yield-pressure index from operating data; economic-prior weights (gap 0.5 / LF 0.25 / mix 0.15 / industry -0.10), z-scored per company.  Positive = upward fare pressure.  Not a realized-yield forecast.",2026-08-10T13:36:52.969697+00:00
airline_yield_pressure_index,Spring Airlines,2017-12,10.8069809511115,12.140418676263165,-1.333437725151665,-1.06317369618111,-1.531201687892981,,-0.30484014730164555,neutral,validation_limited_positive_2025_only_weak_history,-0.5040178592436887,-0.3780722241277018,0.05836109245711449,-0.32932674483557084,2017,6.529503380105638,False,"Synthetic yield-pressure index from operating data; economic-prior weights (gap 0.5 / LF 0.25 / mix 0.15 / industry -0.10), z-scored per company.  Positive = upward fare pressure.  Not a realized-yield forecast.",2026-08-10T13:36:52.969697+00:00
airline_yield_pressure_index,Spring Airlines,2018-01,7.5307858108238035,15.037854653228244,-7.507068842404441,-6.049302590604256,-2.8786907869420943,,-0.3371436161929802,neutral,validation_limited_positive_2025_only_weak_history,-0.5197606201337761,-0.4174184719582703,-0.03894241746721106,-0.32932674483557084,2018,4.253232828281696,False,"Synthetic yield-pressure index from operating data; economic-prior weights (gap 0.5 / LF 0.25 / mix 0.15 / industry -0.10), z-scored per company.  Positive = upward fare pressure.  Not a realized-yield forecast.",2026-08-10T13:36:52.969697+00:00
airline_yield_pressure_index,Spring Airlines,2018-02,12.740082169234412,16.700861522570953,-3.960779353336541,-3.20949690968925,-1.227204827495644,,-0.36731120091980834,neutral,validation_limited_positive_2025_only_weak_history,-0.5604221785651423,-0.480330280321709,0.00033189306421994885,-0.32932674483557084,2018,4.253232828281696,False,"Synthetic yield-pressure index from operating data; economic-prior weights (gap 0.5 / LF 0.25 / mix 0.15 / industry -0.10), z-scored per company.  Positive = upward fare pressure.  Not a realized-yield forecast.",2026-08-10T13:36:52.969697+00:00
airline_yield_pressure_index,Spring Airlines,2018-03,16.23831579329762,19.683429912232043,-3.4451141189344234,-2.655246258057389,-0.23874123819310356,,-0.2834136111227055,neutral,validation_limited_positive_2025_only_weak_history,-0.4812544919277094,-0.3421967632655546,0.06553434115987142,-0.32932674483557084,2018,4.253232828281696,False,"Synthetic yield-pressure index from operating data; economic-prior weights (gap 0.5 / LF 0.25 / mix 0.15 / industry -0.10), z-scored per company.  Positive = upward fare pressure.  Not a realized-yield forecast.",2026-08-10T13:36:52.969697+00:00
airline_yield_pressure_index,Spring Airlines,2018-04,19.008218083430872,22.403872079185017,-3.395653995754145,-2.5536379753048095,,,-0.21833005820306456,neutral,validation_limited_positive_2025_only_weak_history,-0.44248823886750493,-0.27414970151750606,0.2567920808433826,-0.32932674483557084,2018,4.253232828281696,False,"Synthetic yield-pressure index from operating data; economic-prior weights (gap 0.5 / LF 0.25 / mix 0.15 / industry -0.10), z-scored per company.  Positive = upward fare pressure.  Not a realized-yield forecast.",2026-08-10T13:36:52.969697+00:00
airline_yield_pressure_index,Spring Airlines,2018-05,15.122921184819171,17.07045302328687,-1.9475318384676985,-1.48746947567372,2.9688045722892475,,-0.12748643891444292,neutral,validation_limited_positive_2025_only_weak_history,-0.35695071221565333,-0.13935638402553566,0.35263559144140383,-0.32932674483557084,2018,4.253232828281696,False,"Synthetic yield-pressure index from operating data; economic-prior weights (gap 0.5 / LF 0.25 / mix 0.15 / industry -0.10), z-scored per company.  Positive = upward fare pressure.  Not a realized-yield forecast.",2026-08-10T13:36:52.969697+00:00
airline_yield_pressure_index,Spring Airlines,2018-06,19.953545044641153,18.956439465622665,0.9971055790184877,0.7558898686218072,1.863972471815,,-0.0891055434542187,neutral,validation_limited_positive_2025_only_weak_history,-0.3126037453429507,-0.07424683844020633,0.3521690956250076,-0.32932674483557084,2018,4.253232828281696,False,"Synthetic yield-pressure index from operating data; economic-prior weights (gap 0.5 / LF 0.25 / mix 0.15 / industry -0.10), z-scored per company.  Positive = upward fare pressure.  Not a realized-yield forecast.",2026-08-10T13:36:52.969697+00:00
airline_yield_pressure_index,Spring Airlines,2018-07,7.951068483479684,9.043651797891883,-1.0925833144121988,-0.9059485551596822,2.4010368230793304,,-0.07491834932138478,neutral,validation_limited_positive_2025_only_weak_history,-0.2927655323065825,-0.04566903695444583,0.3329933439130722,-0.32932674483557084,2018,4.253232828281696,False,"Synthetic yield-pressure index from operating data; economic-prior weights (gap 0.5 / LF 0.25 / mix 0.15 / industry -0.10), z-scored per company.  Positive = upward fare pressure.  Not a realized-yield forecast.",2026-08-10T13:36:52.969697+00:00
airline_yield_pressure_index,Spring Airlines,2018-08,10.225805552554345,11.143079629641782,-0.9172740770874377,-0.7642676665413717,2.3377584674542113,,-0.15047370875355254,neutral,validation_limited_positive_2025_only_weak_history,-0.377507478502847,-0.17431455762234258,0.3261733027993302,-0.32932674483557084,2018,4.253232828281696,False,"Synthetic yield-pressure index from operating data; economic-prior weights (gap 0.5 / LF 0.25 / mix 0.15 / industry -0.10), z-scored per company.  Positive = upward fare pressure.  Not a realized-yield forecast.",2026-08-10T13:36:52.969697+00:00
airline_yield_pressure_index,Spring Airlines,2018-09,18.599021334905718,22.002818580305792,-3.4037972454000744,-2.499667537715183,1.6395348359770807,,-0.14952880957312428,neutral,validation_limited_positive_2025_only_weak_history,-0.3725718819660988,-0.16303321291221032,0.2972184010294707,-0.32932674483557084,2018,4.253232828281696,False,"Synthetic yield-pressure index from operating data; economic-prior weights (gap 0.5 / LF 0.25 / mix 0.15 / industry -0.10), z-scored per company.  Positive = upward fare pressure.  Not a realized-yield forecast.",2026-08-10T13:36:52.969697+00:00
airline_yield_pressure_index,Spring Airlines,2018-10,18.318316062398576,19.15457908073852,-0.8362630183399453,-0.6204581227386115,1.4481731099776347,,-0.13573171431293912,neutral,validation_limited_positive_2025_only_weak_history,-0.34535411503245494,-0.11786889832195295,0.22319928866812996,-0.32932674483557084,2018,4.253232828281696,False,"Synthetic yield-pressure index from operating data; economic-prior weights (gap 0.5 / LF 0.25 / mix 0.15 / industry -0.10), z-scored per company.  Positive = upward fare pressure.  Not a realized-yield forecast.",2026-08-10T13:36:52.969697+00:00
airline_yield_pressure_index,Spring Airlines,2018-11,13.971751072472284,13.475525073750516,0.4962259987217674,0.3786793875268586,-0.09810288706562531,,-0.06657970594982374,neutral,validation_limited_positive_2025_only_weak_history,-0.2656426418989344,0.0028227715479050594,0.2173549841940673,-0.32932674483557084,2018,4.253232828281696,False,"Synthetic yield-pressure index from operating data; economic-prior weights (gap 0.5 / LF 0.25 / mix 0.15 / industry -0.10), z-scored per company.  Positive = upward fare pressure.  Not a realized-yield forecast.",2026-08-10T13:36:52.969697+00:00
airline_yield_pressure_index,Spring Airlines,2018-12,17.95749725135942,17.221639190290517,0.7358580610689032,0.554606390269683,1.4472072741046702,,0.022526986254403403,neutral,validation_limited_positive_2025_only_weak_history,-0.16108895861325537,0.1685151742201746,0.18673331681620237,-0.32932674483557084,2018,4.253232828281696,False,"Synthetic yield-pressure index from operating data; economic-prior weights (gap 0.5 / LF 0.25 / mix 0.15 / industry -0.10), z-scored per company.  Positive = upward fare pressure.  Not a realized-yield forecast.",2026-08-10T13:36:52.969697+00:00
airline_yield_pressure_index,Spring Airlines,2019-01,16.004086796511018,11.41056420419677,4.5935225923142475,3.572623190104096,0.44045856440765263,,0.07431333890841402,neutral,validation_limited_positive_2025_only_weak_history,-0.10752393665806723,0.26036450252911025,0.20034338081075326,-0.32932674483557084,2019,-1.3611094121917091,False,"Synthetic yield-pressure index from operating data; economic-prior weights (gap 0.5 / LF 0.25 / mix 0.15 / industry -0.10), z-scored per company.  Positive = upward fare pressure.  Not a realized-yield forecast.",2026-08-10T13:36:52.969697+00:00
airline_yield_pressure_index,Spring Airlines,2019-02,14.065522426463328,10.787504564398432,3.278017862064896,2.7030569444817303,0.34978452821474804,,0.1234021135830102,neutral,validation_limited_positive_2025_only_weak_history,-0.0590498449196975,0.34795598673252476,0.22003576584113796,-0.32932674483557084,2019,-1.3611094121917091,False,"Synthetic yield-pressure index from operating data; economic-prior weights (gap 0.5 / LF 0.25 / mix 0.15 / industry -0.10), z-scored per company.  Positive = upward fare pressure.  Not a realized-yield forecast.",2026-08-10T13:36:52.969697+00:00
airline_yield_pressure_index,Spring Airlines,2019-03,8.42439903558665,5.171136350030614,3.2532626855560354,2.7712331616488797,2.095255030198704,,0.07632174602634018,neutral,validation_limited_positive_2025_only_weak_history,-0.1038365328279043,0.28111468211111407,0.1668577828597115,-0.32932674483557084,2019,-1.3611094121917091,False,"Synthetic yield-pressure index from operating data; economic-prior weights (gap 0.5 / LF 0.25 / mix 0.15 / industry -0.10), z-scored per company.  Positive = upward fare pressure.  Not a realized-yield forecast.",2026-08-10T13:36:52.969697+00:00
airline_yield_pressure_index,Spring Airlines,2019-04,10.154423819418955,7.886807937520435,2.2676158818985206,1.8811091507523656,-1.3095515278968897,,0.07399870231598149,neutral,validation_limited_positive_2025_only_weak_history,-0.09863708764012512,0.28534878083446275,0.12698250962580848,-0.32932674483557084,2019,-1.3611094121917091,False,"Synthetic yield-pressure index from operating data; economic-prior weights (gap 0.5 / LF 0.25 / mix 0.15 / industry -0.10), z-scored per company.  Positive = upward fare pressure.  Not a realized-yield forecast.",2026-08-10T13:36:52.969697+00:00
airline_yield_pressure_index,Spring Airlines,2019-05,14.561489581302833,11.013448973249652,3.5480406080531814,2.8102068194746153,-0.9624527301465626,,0.02003853532436234,neutral,validation_limited_positive_2025_only_weak_history,-0.1447619776520475,0.20397561832211308,0.05661963390867159,-0.32932674483557084,2019,-1.3611094121917091,False,"Synthetic yield-pressure index from operating data; economic-prior weights (gap 0.5 / LF 0.25 / mix 0.15 / industry -0.10), z-scored per company.  Positive = upward fare pressure.  Not a realized-yield forecast.",2026-08-10T13:36:52.969697+00:00
airline_yield_pressure_index,Spring Airlines,2019-06,10.426140121690587,9.56828098586342,0.8578591358271659,0.711969842422775,-0.22028489299784937,,0.019715799873469327,neutral,validation_limited_positive_2025_only_weak_history,-0.14300576825001943,0.20258696743025978,0.050928451049046745,-0.32932674483557084,2019,-1.3611094121917091,False,"Synthetic yield-pressure index from operating data; economic-prior weights (gap 0.5 / LF 0.25 / mix 0.15 / industry -0.10), z-scored per company.  Positive = upward fare pressure.  Not a realized-yield forecast.",2026-08-10T13:36:52.969697+00:00
airline_yield_pressure_index,Spring Airlines,2019-07,16.737980481767913,14.379159390825036,2.358821090942877,1.8459673698934722,-1.4968400800966357,,0.0042113342434304535,neutral,validation_limited_positive_2025_only_weak_history,-0.1626849495465368,0.17303790754629172,0.06241105097712561,-0.32932674483557084,2019,-1.3611094121917091,False,"Synthetic yield-pressure index from operating data; economic-prior weights (gap 0.5 / LF 0.25 / mix 0.15 / industry -0.10), z-scored per company.  Positive = upward fare pressure.  Not a realized-yield forecast.",2026-08-10T13:36:52.969697+00:00
airline_yield_pressure_index,Spring Airlines,2019-08,15.010319959999707,12.484278119233583,2.5260418407661245,2.0624259386782455,-0.5845770636879095,,0.07169844999372588,neutral,validation_limited_positive_2025_only_weak_history,-0.0936356692404784,0.2800934265716929,0.10373502324989847,-0.32932674483557084,2019,-1.3611094121917091,False,"Synthetic yield-pressure index from operating data; economic-prior weights (gap 0.5 / LF 0.25 / mix 0.15 / industry -0.10), z-scored per company.  Positive = upward fare pressure.  Not a realized-yield forecast.",2026-08-10T13:36:52.969697+00:00
airline_yield_pressure_index,Spring Airlines,2019-09,17.57439308094333,13.130598214784817,4.443794866158514,3.4211616280592665,1.139626944138282,,0.09290826986112141,neutral,validation_limited_positive_2025_only_weak_history,-0.08514699185334564,0.29270174047781,0.19582437456523102,-0.32932674483557084,2019,-1.3611094121917091,False,"Synthetic yield-pressure index from operating data; economic-prior weights (gap 0.5 / LF 0.25 / mix 0.15 / industry -0.10), z-scored per company.  Positive = upward fare pressure.  Not a realized-yield forecast.",2026-08-10T13:36:52.969697+00:00
airline_yield_pressure_index,Spring Airlines,2019-10,16.316883681775927,13.517220174940348,2.7996635068355786,2.165038640353373,1.5336865619517894,,0.04577460638896795,neutral,validation_limited_positive_2025_only_weak_history,-0.14670713468686544,0.1922587722525555,0.2542053745713648,-0.32932674483557084,2019,-1.3611094121917091,False,"Synthetic yield-pressure index from operating data; economic-prior weights (gap 0.5 / LF 0.25 / mix 0.15 / industry -0.10), z-scored per company.  Positive = upward fare pressure.  Not a realized-yield forecast.",2026-08-10T13:36:52.969697+00:00
airline_yield_pressure_index,Spring Airlines,2019-11,21.0498706998306,21.720831272015783,-0.6709605721851837,-0.4794258679179251,,,-0.004308776427199228,neutral,validation_limited_positive_2025_only_weak_history,-0.26042160044638385,0.01236373280447245,0.5991894407421167,-0.32932674483557084,2019,-1.3611094121917091,False,"Synthetic yield-pressure index from operating data; economic-prior weights (gap 0.5 / LF 0.25 / mix 0.15 / industry -0.10), z-scored per company.  Positive = upward fare pressure.  Not a realized-yield forecast.",2026-08-10T13:36:52.969697+00:00
airline_yield_pressure_index,Spring Airlines,2019-12,13.404812368791141,14.866549957354236,-1.4617375885630945,-1.1313375572826914,8.708242921843919,,-0.18785095281340314,neutral,validation_limited_positive_2025_only_weak_history,-0.5109586692423982,-0.38342776708589194,0.8703509939714124,-0.32932674483557084,2019,-1.3611094121917091,False,"Synthetic yield-pressure index from operating data; economic-prior weights (gap 0.5 / LF 0.25 / mix 0.15 / industry -0.10), z-scored per company.  Positive = upward fare pressure.  Not a realized-yield forecast.",2026-08-10T13:36:52.969697+00:00
airline_yield_pressure_index,Spring Airlines,2020-01,7.136799938354654,17.348276052177567,-10.211476113822913,-7.851026762807223,7.482708170662605,,-0.706603167294717,downward,validation_limited_positive_2025_only_weak_history,-0.8107078234644101,-1.564454885155178,0.37954527495150353,-0.32932674483557084,2020,-16.643161001207545,True,"Synthetic yield-pressure index from operating data; economic-prior weights (gap 0.5 / LF 0.25 / mix 0.15 / industry -0.10), z-scored per company.  Positive = upward fare pressure.  Not a realized-yield forecast.",2026-08-10T13:36:52.969697+00:00
airline_yield_pressure_index,Spring Airlines,2020-02,-65.94286631958103,-49.70503528188277,-16.237831037698257,-30.366992581111575,-8.056226972167238,,-1.3034232402834036,downward,validation_limited_positive_2025_only_weak_history,-1.204283963701918,-2.7620063215275734,-0.2914156835607238,-0.32932674483557084,2020,-16.643161001207545,True,"Synthetic yield-pressure index from operating data; economic-prior weights (gap 0.5 / LF 0.25 / mix 0.15 / industry -0.10), z-scored per company.  Positive = upward fare pressure.  Not a realized-yield forecast.",2026-08-10T13:36:52.969697+00:00
airline_yield_pressure_index,Spring Airlines,2020-03,-57.55715562982991,-35.65583144995299,-21.901324179876916,-31.437075587729055,-13.372106559422374,,-1.6434735189570873,downward,validation_limited_positive_2025_only_weak_history,-1.2704391051651205,-3.2696248198740543,-1.4918695725971387,-0.32932674483557084,2020,-16.643161001207545,True,"Synthetic yield-pressure index from operating data; economic-prior weights (gap 0.5 / LF 0.25 / mix 0.15 / industry -0.10), z-scored per company.  Positive = upward fare pressure.  Not a realized-yield forecast.",2026-08-10T13:36:52.969697+00:00
airline_yield_pressure_index,Spring Airlines,2020-04,-53.39405625782132,-39.74694570340008,-13.64711055442124,-20.697033007764233,-32.02248370345784,,-1.5557461215621664,downward,validation_limited_positive_2025_only_weak_history,-1.2017080132408144,-2.670445024198503,-2.134756889171271,-0.32932674483557084,2020,-16.643161001207545,True,"Synthetic yield-pressure index from operating data; economic-prior weights (gap 0.5 / LF 0.25 / mix 0.15 / industry -0.10), z-scored per company.  Positive = upward fare pressure.  Not a realized-yield forecast.",2026-08-10T13:36:52.969697+00:00
airline_yield_pressure_index,Spring Airlines,2020-05,-37.06249023434254,-24.394070452252002,-12.668419782090538,-15.203897811766765,-29.21271371993027,,-1.3704296216645793,downward,validation_limited_positive_2025_only_weak_history,-1.0272391994744032,-1.9656372943301739,-2.6555558188559427,-0.32932674483557084,2020,-16.643161001207545,True,"Synthetic yield-pressure index from operating data; economic-prior weights (gap 0.5 / LF 0.25 / mix 0.15 / industry -0.10), z-scored per company.  Positive = upward fare pressure.  Not a realized-yield forecast.",2026-08-10T13:36:52.969697+00:00
airline_yield_pressure_index,Spring Airlines,2020-06,-26.316772841089186,-13.476136192500066,-12.84063664858912,-13.600916092212316,-30.51084202684142,,-1.2102803526876724,downward,validation_limited_positive_2025_only_weak_history,-0.9439216491208666,-1.5150556538468833,-2.6165885943271703,-0.32932674483557084,2020,-16.643161001207545,True,"Synthetic yield-pressure index from operating data; economic-prior weights (gap 0.5 / LF 0.25 / mix 0.15 / industry -0.10), z-scored per company.  Positive = upward fare pressure.  Not a realized-yield forecast.",2026-08-10T13:36:52.969697+00:00
airline_yield_pressure_index,Spring Airlines,2020-07,-17.710158424332988,-8.389977556247874,-9.320180868085114,-9.294425367645232,-30.740129007562984,,-1.137907926673599,downward,validation_limited_positive_2025_only_weak_history,-0.8988270879969841,-1.3017295221140017,-2.639964510867758,-0.32932674483557084,2020,-16.643161001207545,True,"Synthetic yield-pressure index from operating data; economic-prior weights (gap 0.5 / LF 0.25 / mix 0.15 / industry -0.10), z-scored per company.  Positive = upward fare pressure.  Not a realized-yield forecast.",2026-08-10T13:36:52.969697+00:00
airline_yield_pressure_index,Spring Airlines,2020-08,-11.433765906531235,-1.1072416121414186,-10.326524294389817,-9.80537740839361,-29.98198114169738,,-0.9147862986328562,downward,validation_limited_positive_2025_only_weak_history,-0.6848441903981937,-0.827525182614084,-2.656103881758636,-0.32932674483557084,2020,-16.643161001207545,True,"Synthetic yield-pressure index from operating data; economic-prior weights (gap 0.5 / LF 0.25 / mix 0.15 / industry -0.10), z-scored per company.  Positive = upward fare pressure.  Not a realized-yield forecast.",2026-08-10T13:36:52.969697+00:00
airline_yield_pressure_index,Spring Airlines,2020-09,-4.007370852197312,-2.279506339366588,-1.7278645128307235,-1.6005025406089572,-31.041965254142994,,-0.7806512877559028,downward,validation_limited_positive_2025_only_weak_history,-0.5477290330541129,-0.5395412290531975,-2.6988942563273604,-0.32932674483557084,2020,-16.643161001207545,True,"Synthetic yield-pressure index from operating data; economic-prior weights (gap 0.5 / LF 0.25 / mix 0.15 / industry -0.10), z-scored per company.  Positive = upward fare pressure.  Not a realized-yield forecast.",2026-08-10T13:36:52.969697+00:00
airline_yield_pressure_index,Spring Airlines,2020-10,-3.6064352627505625,-1.4070547811540934,-2.199380481596469,-2.006582867931087,-32.14829801192166,,-0.7152506731851702,downward,validation_limited_positive_2025_only_weak_history,-0.470953015154041,-0.3879158129864732,-2.7715192456339235,-0.32932674483557084,2020,-16.643161001207545,True,"Synthetic yield-pressure index from operating data; economic-prior weights (gap 0.5 / LF 0.25 / mix 0.15 / industry -0.10), z-scored per company.  Positive = upward fare pressure.  Not a realized-yield forecast.",2026-08-10T13:36:52.969697+00:00
airline_yield_pressure_index,Spring Airlines,2020-11,-14.467581068838442,-8.128265107397336,-6.339315961441105,-5.968281148048376,-32.3719639337184,,-0.8871617446248663,downward,validation_limited_positive_2025_only_weak_history,-0.6203123523950667,-0.65864927161406,-2.9685061667158337,-0.32932674483557084,2020,-16.643161001207545,True,"Synthetic yield-pressure index from operating data; economic-prior weights (gap 0.5 / LF 0.25 / mix 0.15 / industry -0.10), z-scored per company.  Positive = upward fare pressure.  Not a realized-yield forecast.",2026-08-10T13:36:52.969697+00:00
airline_yield_pressure_index,Spring Airlines,2020-12,-10.987864055750174,-1.5033222582727879,-9.484541797477387,-8.451796793236738,-37.524518382676376,,-1.0549461385818697,downward,validation_limited_positive_2025_only_weak_history,-0.803039434334695,-1.0615937124370984,-3.171307640950289,-0.8766815283729577,2020,-16.643161001207545,True,"Synthetic yield-pressure index from operating data; economic-prior weights (gap 0.5 / LF 0.25 / mix 0.15 / industry -0.10), z-scored per company.  Positive = upward fare pressure.  Not a realized-yield forecast.",2026-08-10T13:36:52.969697+00:00
airline_yield_pressure_index,Spring Airlines,2021-01,-32.791729279072946,-21.102784690187647,-11.688944588885299,-12.203663589072121,-38.822199629598536,-40.35611240662425,-0.7007379008786585,downward,validation_limited_positive_2025_only_weak_history,-0.17922970102487398,-0.45120079061201124,-2.878005087060573,0.6662208965413274,2021,1.5995252717925297,True,"Synthetic yield-pressure index from operating data; economic-prior weights (gap 0.5 / LF 0.25 / mix 0.15 / industry -0.10), z-scored per company.  Positive = upward fare pressure.  Not a realized-yield forecast.",2026-08-10T13:36:52.969697+00:00
airline_yield_pressure_index,Spring Airlines,2021-02,101.14763066893472,75.09064066326083,26.056990005673896,9.478577686261843,-22.71980338477517,187.15827338129495,0.4746459026379808,neutral,validation_limited_positive_2025_only_weak_history,1.4308424150932084,0.908989550883134,-2.246990339906031,1.3097414164350216,2021,1.5995252717925297,True,"Synthetic yield-pressure index from operating data; economic-prior weights (gap 0.5 / LF 0.25 / mix 0.15 / industry -0.10), z-scored per company.  Positive = upward fare pressure.  Not a realized-yield forecast.",2026-08-10T13:36:52.969697+00:00
airline_yield_pressure_index,Spring Airlines,2021-03,148.03558225477352,73.90426152614351,74.13132072863,25.969749462649375,-16.758740630271927,215.74012940710418,1.4037380124612309,upward,validation_limited_positive_2025_only_weak_history,2.570874527443359,2.0849760531360255,-1.0715574954540763,2.4220964022634366,2021,1.5995252717925297,True,"Synthetic yield-pressure index from operating data; economic-prior weights (gap 0.5 / LF 0.25 / mix 0.15 / industry -0.10), z-scored per company.  Positive = upward fare pressure.  Not a realized-yield forecast.",2026-08-10T13:36:52.969697+00:00
airline_yield_pressure_index,Spring Airlines,2021-04,138.81747269784967,91.30113857446958,47.51633412338009,17.55634318990566,-0.1404139489416737,205.68351779838468,1.5717084519870475,upward,validation_limited_positive_2025_only_weak_history,2.5510423886630647,2.220277458083005,-0.3811164541646017,2.017146387405458,2021,1.5995252717925297,True,"Synthetic yield-pressure index from operating data; economic-prior weights (gap 0.5 / LF 0.25 / mix 0.15 / industry -0.10), z-scored per company.  Positive = upward fare pressure.  Not a realized-yield forecast.",2026-08-10T13:36:52.969697+00:00
airline_yield_pressure_index,Spring Airlines,2021-05,71.53978829172712,46.512740593140634,25.027047698586486,12.902571686799646,0.0016072941491415138,97.58816925399714,0.9970043834277111,upward,validation_limited_positive_2025_only_weak_history,1.4070043168443838,1.5764826350080825,0.1270424538548736,1.1967480182473245,2021,1.5995252717925297,True,"Synthetic yield-pressure index from operating data; economic-prior weights (gap 0.5 / LF 0.25 / mix 0.15 / industry -0.10), z-scored per company.  Positive = upward fare pressure.  Not a realized-yield forecast.",2026-08-10T13:36:52.969697+00:00
airline_yield_pressure_index,Spring Airlines,2021-06,33.41261814659631,18.69461759176161,14.718000554834699,9.677608130860207,-0.035969895640288296,34.277813923227065,0.6450019470574349,upward,validation_limited_positive_2025_only_weak_history,0.7143522503373826,1.2269082337061186,0.1291042983355967,0.3826688128812564,2021,1.5995252717925297,True,"Synthetic yield-pressure index from operating data; economic-prior weights (gap 0.5 / LF 0.25 / mix 0.15 / industry -0.10), z-scored per company.  Positive = upward fare pressure.  Not a realized-yield forecast.",2026-08-10T13:36:52.969697+00:00
airline_yield_pressure_index,Spring Airlines,2021-07,20.317767119001886,8.772927310492594,11.544839808509291,8.709867033441796,-0.0725616452676493,25.618925831202045,0.23836682340383397,neutral,validation_limited_positive_2025_only_weak_history,0.12936424104785332,0.5005158229258704,0.12957264135834917,-0.2911985094468734,2021,1.5995252717925297,True,"Synthetic yield-pressure index from operating data; economic-prior weights (gap 0.5 / LF 0.25 / mix 0.15 / industry -0.10), z-scored per company.  Positive = upward fare pressure.  Not a realized-yield forecast.",2026-08-10T13:36:52.969697+00:00
airline_yield_pressure_index,Spring Airlines,2021-08,-23.200794574140847,-17.847664593414514,-5.353129980726333,-5.479818780781969,0.01701978199704479,-51.46322971948446,-0.06100492483349597,neutral,validation_limited_positive_2025_only_weak_history,-0.24559211103407014,-0.04947490456738931,0.12262030491801285,-0.5576681108768451,2021,1.5995252717925297,True,"Synthetic yield-pressure index from operating data; economic-prior weights (gap 0.5 / LF 0.25 / mix 0.15 / industry -0.10), z-scored per company.  Positive = upward fare pressure.  Not a realized-yield forecast.",2026-08-10T13:36:52.969697+00:00
airline_yield_pressure_index,Spring Airlines,2021-09,-5.062051566803993,-0.30744684196719607,-4.754604724836797,-4.240687484963544,-0.26476117830203727,-24.662077596996244,-0.2954898031165845,neutral,validation_limited_positive_2025_only_weak_history,-0.5279586064372502,-0.506113478562405,0.11580753400740755,-0.7764673964153073,2021,1.5995252717925297,True,"Synthetic yield-pressure index from operating data; economic-prior weights (gap 0.5 / LF 0.25 / mix 0.15 / industry -0.10), z-scored per company.  Positive = upward fare pressure.  Not a realized-yield forecast.",2026-08-10T13:36:52.969697+00:00
airline_yield_pressure_index,Spring Airlines,2021-10,-6.731158557182049,-3.611861383718129,-3.1192971734639197,-2.8460199019951773,-0.29676002929214723,-22.776861474872334,-0.25925093282005357,neutral,validation_limited_positive_2025_only_weak_history,-0.4913449844045681,-0.431798022858611,0.11127052726641286,-0.7768048600692133,2021,1.5995252717925297,True,"Synthetic yield-pressure index from operating data; economic-prior weights (gap 0.5 / LF 0.25 / mix 0.15 / industry -0.10), z-scored per company.  Positive = upward fare pressure.  Not a realized-yield forecast.",2026-08-10T13:36:52.969697+00:00
airline_yield_pressure_index,Spring Airlines,2021-11,-26.225186584125048,-22.77351154806846,-3.4516750360565887,-3.599160744919473,-0.13228651245883177,-51.53787264703234,-0.2554352769717079,neutral,validation_limited_positive_2025_only_weak_history,-0.4870204463032882,-0.445390078353313,0.11083269791537652,-0.8279756108095796,2021,1.5995252717925297,True,"Synthetic yield-pressure index from operating data; economic-prior weights (gap 0.5 / LF 0.25 / mix 0.15 / industry -0.10), z-scored per company.  Positive = upward fare pressure.  Not a realized-yield forecast.",2026-08-10T13:36:52.969697+00:00
airline_yield_pressure_index,Spring Airlines,2021-12,-26.15541583793228,-21.625397316251004,-4.530018521681278,-4.584653731929521,-0.2791695055845587,-35.980436169458685,-0.18961170566924146,neutral,validation_limited_positive_2025_only_weak_history,-0.40458739490094964,-0.3073651853843818,0.10681726240660427,-0.7350069876633812,2021,1.5995252717925297,True,"Synthetic yield-pressure index from operating data; economic-prior weights (gap 0.5 / LF 0.25 / mix 0.15 / industry -0.10), z-scored per company.  Positive = upward fare pressure.  Not a realized-yield forecast.",2026-08-10T13:36:52.969697+00:00
airline_yield_pressure_index,Spring Airlines,2022-01,27.169222237569677,26.007524401764105,1.1616978358055725,0.6468958266751059,-0.4289021729271135,-2.2133130114972865,-0.0756380166266247,neutral,validation_limited_positive_2025_only_weak_history,-0.2314521727996871,-0.04618391510945883,0.10199705470109442,-0.3633449034541939,2022,16.92634744598176,False,"Synthetic yield-pressure index from operating data; economic-prior weights (gap 0.5 / LF 0.25 / mix 0.15 / industry -0.10), z-scored per company.  Positive = upward fare pressure.  Not a realized-yield forecast.",2026-08-10T13:36:52.969697+00:00
airline_yield_pressure_index,Spring Airlines,2022-02,40.187766790879984,34.64801170109213,5.539755089787853,3.010401830019191,-0.2909125388463431,30.669339012067297,-0.2735671401902108,neutral,validation_limited_positive_2025_only_weak_history,-0.36690962143115113,-0.6299276444272043,0.11081481312089686,-0.5074735966403139,2022,16.92634744598176,False,"Synthetic yield-pressure index from operating data; economic-prior weights (gap 0.5 / LF 0.25 / mix 0.15 / industry -0.10), z-scored per company.  Positive = upward fare pressure.  Not a realized-yield forecast.",2026-08-10T13:36:52.969697+00:00
airline_yield_pressure_index,Spring Airlines,2022-03,-59.65188759931684,-48.087158464663815,-11.564729134653021,-19.3571169433704,0.01101010185838025,-67.85998076199239,-0.5209898689206557,downward,validation_limited_positive_2025_only_weak_history,-0.5024034770736849,-1.5079385231342541,0.12807900881056672,-0.8798464907816528,2022,16.92634744598176,False,"Synthetic yield-pressure index from operating data; economic-prior weights (gap 0.5 / LF 0.25 / mix 0.15 / industry -0.10), z-scored per company.  Positive = upward fare pressure.  Not a realized-yield forecast.",2026-08-10T13:36:52.969697+00:00
airline_yield_pressure_index,Spring Airlines,2022-04,-81.84460298290985,-75.96969948072451,-5.874903502185333,-21.572415068713866,0.1392374028630251,-84.57774733339856,-0.8234301595275703,downward,validation_limited_positive_2025_only_weak_history,-0.7641159458970181,-2.393881589039852,0.13821138616165066,-1.3636650275665418,2022,16.92634744598176,False,"Synthetic yield-pressure index from operating data; economic-prior weights (gap 0.5 / LF 0.25 / mix 0.15 / industry -0.10), z-scored per company.  Positive = upward fare pressure.  Not a realized-yield forecast.",2026-08-10T13:36:52.969697+00:00
airline_yield_pressure_index,Spring Airlines,2022-05,-71.36539979860387,-63.313643306127254,-8.05175649247662,-19.409644315603245,0.0425292660003741,-76.34553968533866,-0.6858977156497422,downward,validation_limited_positive_2025_only_weak_history,-0.6721305928903362,-1.9868776251018594,0.13393053231067595,-1.2679740722428934,2022,16.92634744598176,False,"Synthetic yield-pressure index from operating data; economic-prior weights (gap 0.5 / LF 0.25 / mix 0.15 / industry -0.10), z-scored per company.  Positive = upward fare pressure.  Not a realized-yield forecast.",2026-08-10T13:36:52.969697+00:00
airline_yield_pressure_index,Spring Airlines,2022-06,-41.04656485216185,-34.25891033076677,-6.787654521395083,-9.057304230672486,-0.129866573466125,-46.694284952879315,-0.6826067046747654,downward,validation_limited_positive_2025_only_weak_history,-0.7991991395959352,-1.6187629757494606,0.1280387491615609,-1.024777966863333,2022,16.92634744598176,False,"Synthetic yield-pressure index from operating data; economic-prior weights (gap 0.5 / LF 0.25 / mix 0.15 / industry -0.10), z-scored per company.  Positive = upward fare pressure.  Not a realized-yield forecast.",2026-08-10T13:36:52.969697+00:00
airline_yield_pressure_index,Spring Airlines,2022-07,-20.093070817666238,-7.619117480157622,-12.473953337508615,-12.256751632797517,-0.05465261316527015,-30.785675020868542,-0.4946409274553069,neutral,validation_limited_positive_2025_only_weak_history,-0.6741042898855061,-0.8952793271129869,0.12157629620002056,-0.47994604835689786,2022,16.92634744598176,False,"Synthetic yield-pressure index from operating data; economic-prior weights (gap 0.5 / LF 0.25 / mix 0.15 / industry -0.10), z-scored per company.  Positive = upward fare pressure.  Not a realized-yield forecast.",2026-08-10T13:36:52.969697+00:00
airline_yield_pressure_index,Spring Airlines,2022-08,9.507816157714476,11.063022805373969,-1.5552066476594923,-1.1008642006501077,-0.17014066372766762,44.16476993796583,-0.4658684102643632,neutral,validation_limited_positive_2025_only_weak_history,-0.6567139418716819,-0.8155104372735722,0.1295419160964564,-0.4693488257540236,2022,16.92634744598176,False,"Synthetic yield-pressure index from operating data; economic-prior weights (gap 0.5 / LF 0.25 / mix 0.15 / industry -0.10), z-scored per company.  Positive = upward fare pressure.  Not a realized-yield forecast.",2026-08-10T13:36:52.969697+00:00
airline_yield_pressure_index,Spring Airlines,2022-09,-35.092526484000174,-29.208004769047935,-5.884521714952239,-7.038639307372193,0.13227039429162893,-44.350305950106595,-0.3593735728261736,neutral,validation_limited_positive_2025_only_weak_history,-0.5358851431508349,-0.692463018634589,0.14655719870387018,-0.5970117360231058,2022,16.92634744598176,False,"Synthetic yield-pressure index from operating data; economic-prior weights (gap 0.5 / LF 0.25 / mix 0.15 / industry -0.10), z-scored per company.  Positive = upward fare pressure.  Not a realized-yield forecast.",2026-08-10T13:36:52.969697+00:00
airline_yield_pressure_index,Spring Airlines,2022-10,-48.50186552456759,-42.30291323943176,-6.198952285135832,-9.14286214017443,0.5052955950393986,-59.02318519852808,-0.36935295932928747,neutral,validation_limited_positive_2025_only_weak_history,-0.5761999401866832,-0.8382766479353727,0.19895798741719248,-0.9847247463531842,2022,16.92634744598176,False,"Synthetic yield-pressure index from operating data; economic-prior weights (gap 0.5 / LF 0.25 / mix 0.15 / industry -0.10), z-scored per company.  Positive = upward fare pressure.  Not a realized-yield forecast.",2026-08-10T13:36:52.969697+00:00
airline_yield_pressure_index,Spring Airlines,2022-11,-45.05898662780561,-41.410111943185846,-3.648874684619763,-4.790884951862353,1.5542930953538074,-41.5927147702458,-0.24572828481887715,neutral,validation_limited_positive_2025_only_weak_history,-0.4645223325338924,-0.5633046700821835,0.23302057585524788,-0.9240596259032774,2022,16.92634744598176,False,"Synthetic yield-pressure index from operating data; economic-prior weights (gap 0.5 / LF 0.25 / mix 0.15 / industry -0.10), z-scored per company.  Positive = upward fare pressure.  Not a realized-yield forecast.",2026-08-10T13:36:52.969697+00:00
airline_yield_pressure_index,Spring Airlines,2022-12,-20.97642930196052,-20.891659905714643,-0.08476939624587487,-0.08008331267075164,1.2532206484115156,-30.93190625576674,0.16335091672035873,neutral,validation_limited_positive_2025_only_weak_history,-0.04371662599755003,0.359571476634576,0.3021011775135224,-0.5000118393346139,2022,16.92634744598176,False,"Synthetic yield-pressure index from operating data; economic-prior weights (gap 0.5 / LF 0.25 / mix 0.15 / industry -0.10), z-scored per company.  Positive = upward fare pressure.  Not a realized-yield forecast.",2026-08-10T13:36:52.969697+00:00
airline_yield_pressure_index,Spring Airlines,2023-01,-6.3408172491757675,-21.995564407502478,15.65474715832671,14.211828011312917,2.77863774354989,34.77111781248941,0.47457668134784986,neutral,validation_limited_positive_2025_only_weak_history,0.27055427893902456,0.9804460652451588,0.5346110391664047,-0.1399636969208723,2023,14.462611135962376,True,"Synthetic yield-pressure index from operating data; economic-prior weights (gap 0.5 / LF 0.25 / mix 0.15 / industry -0.10), z-scored per company.  Positive = upward fare pressure.  Not a realized-yield forecast.",2026-08-10T13:36:52.969697+00:00
airline_yield_pressure_index,Spring Airlines,2023-02,1.0661986711788307,-11.605955075206642,12.672153746385472,10.92122733050509,9.205854543161893,38.04563175049529,1.18113465865923,upward,validation_limited_positive_2025_only_weak_history,1.393676192965555,1.8013166598069164,0.821213512523398,0.892146296537864,2023,14.462611135962376,True,"Synthetic yield-pressure index from operating data; economic-prior weights (gap 0.5 / LF 0.25 / mix 0.15 / industry -0.10), z-scored per company.  Positive = upward fare pressure.  Not a realized-yield forecast.",2026-08-10T13:36:52.969697+00:00
airline_yield_pressure_index,Spring Airlines,2023-03,148.3235005326142,90.0811884129576,58.24231211965659,20.693211629083635,10.68489128980011,197.35849056603772,2.207418381724917,upward,validation_limited_positive_2025_only_weak_history,3.6590820015779144,2.1117369638929513,1.1111533179605644,3.1672985773136277,2023,14.462611135962376,True,"Synthetic yield-pressure index from operating data; economic-prior weights (gap 0.5 / LF 0.25 / mix 0.15 / industry -0.10), z-scored per company.  Positive = upward fare pressure.  Not a realized-yield forecast.",2026-08-10T13:36:52.969697+00:00
airline_yield_pressure_index,Spring Airlines,2023-04,436.0163436708172,302.71229449521127,133.30404917560594,22.067454190894807,12.320135130787685,538.0076142131979,2.7498733408537253,upward,validation_limited_positive_2025_only_weak_history,4.816593134315082,2.4237480974564445,1.2236989988443792,4.4791510049458365,2023,14.462611135962376,True,"Synthetic yield-pressure index from operating data; economic-prior weights (gap 0.5 / LF 0.25 / mix 0.15 / industry -0.10), z-scored per company.  Positive = upward fare pressure.  Not a realized-yield forecast.",2026-08-10T13:36:52.969697+00:00
airline_yield_pressure_index,Spring Airlines,2023-05,239.7831701409928,166.9979998542404,72.78517028675242,18.817111706879757,12.909569245179702,328.21171208481735,2.363321677703598,upward,validation_limited_positive_2025_only_weak_history,4.1501794191444255,2.0592676472193086,1.3068843829168093,4.226176011109632,2023,14.462611135962376,True,"Synthetic yield-pressure index from operating data; economic-prior weights (gap 0.5 / LF 0.25 / mix 0.15 / industry -0.10), z-scored per company.  Positive = upward fare pressure.  Not a realized-yield forecast.",2026-08-10T13:36:52.969697+00:00
airline_yield_pressure_index,Spring Airlines,2023-06,85.72875221529956,62.09529831720564,23.633453898093926,11.469516757516615,13.42240131739608,141.4034449847748,1.440382126509382,upward,validation_limited_positive_2025_only_weak_history,2.0392504240359237,1.731912156690668,1.3664804461436786,2.171931916027986,2023,14.462611135962376,True,"Synthetic yield-pressure index from operating data; economic-prior weights (gap 0.5 / LF 0.25 / mix 0.15 / industry -0.10), z-scored per company.  Positive = upward fare pressure.  Not a realized-yield forecast.",2026-08-10T13:36:52.969697+00:00
airline_yield_pressure_index,Spring Airlines,2023-07,58.55296631838045,34.87577602095258,23.67719029742787,13.78325909290298,14.281354911257127,83.63336863160373,1.0733308172209608,upward,validation_limited_positive_2025_only_weak_history,1.1588206419897933,1.580852034541611,1.4121781854401145,1.1311924022535587,2023,14.462611135962376,True,"Synthetic yield-pressure index from operating data; economic-prior weights (gap 0.5 / LF 0.25 / mix 0.15 / industry -0.10), z-scored per company.  Positive = upward fare pressure.  Not a realized-yield forecast.",2026-08-10T13:36:52.969697+00:00
airline_yield_pressure_index,Spring Airlines,2023-08,66.96284910594908,39.90103175630249,27.06181734964659,14.99432101108792,14.413415395045828,98.01256849209051,1.0786920524529402,upward,validation_limited_positive_2025_only_weak_history,1.1854771966658126,1.6277587849818822,1.355421115911382,1.2429940951214389,2023,14.462611135962376,True,"Synthetic yield-pressure index from operating data; economic-prior weights (gap 0.5 / LF 0.25 / mix 0.15 / industry -0.10), z-scored per company.  Positive = upward fare pressure.  Not a realized-yield forecast.",2026-08-10T13:36:52.969697+00:00
airline_yield_pressure_index,Spring Airlines,2023-09,78.48158284026658,53.46377429811879,25.01780854214779,12.656558622714911,11.554608691271017,166.1326434150953,1.1029079866480438,upward,validation_limited_positive_2025_only_weak_history,1.4137398010499278,1.6460647063593061,1.2329278808796489,2.0041727259869386,2023,14.462611135962376,True,"Synthetic yield-pressure index from operating data; economic-prior weights (gap 0.5 / LF 0.25 / mix 0.15 / industry -0.10), z-scored per company.  Positive = upward fare pressure.  Not a realized-yield forecast.",2026-08-10T13:36:52.969697+00:00
airline_yield_pressure_index,Spring Airlines,2023-10,124.96682397287185,89.4352736396643,35.53155033320755,14.246516403462152,10.250280667252111,251.99698568198943,1.27219311476431,upward,validation_limited_positive_2025_only_weak_history,1.9480013145492578,1.7013008981338322,1.066357856715705,2.870864455511326,2023,14.462611135962376,True,"Synthetic yield-pressure index from operating data; economic-prior weights (gap 0.5 / LF 0.25 / mix 0.15 / industry -0.10), z-scored per company.  Positive = upward fare pressure.  Not a realized-yield forecast.",2026-08-10T13:36:52.969697+00:00
airline_yield_pressure_index,Spring Airlines,2023-11,195.99713001376742,141.18951369117983,54.80761632258759,16.39215120599718,8.93183811400969,289.71442208257105,1.3697155277260187,upward,validation_limited_positive_2025_only_weak_history,2.111499643692755,1.7757924710452206,1.0600505280543209,2.8898999108981194,2023,14.462611135962376,True,"Synthetic yield-pressure index from operating data; economic-prior weights (gap 0.5 / LF 0.25 / mix 0.15 / industry -0.10), z-scored per company.  Positive = upward fare pressure.  Not a realized-yield forecast.",2026-08-10T13:36:52.969697+00:00
airline_yield_pressure_index,Spring Airlines,2023-12,105.53854544890724,72.02977946699451,33.50876598191273,14.541673554368188,11.347043676690475,170.34305867265144,1.1397090841038344,upward,validation_limited_positive_2025_only_weak_history,1.6133298603250685,1.4428024265301749,1.115633404392095,1.9500146335005786,2023,14.462611135962376,True,"Synthetic yield-pressure index from operating data; economic-prior weights (gap 0.5 / LF 0.25 / mix 0.15 / industry -0.10), z-scored per company.  Positive = upward fare pressure.  Not a realized-yield forecast.",2026-08-10T13:36:52.969697+00:00
airline_yield_pressure_index,Spring Airlines,2024-01,50.79457279489388,41.13446989794403,9.660102896949851,5.8197309232587315,12.079432302890371,44.10559396605909,0.6979570357687916,upward,validation_limited_positive_2025_only_weak_history,0.7335452629630892,1.0269440022005278,1.0576403630807445,0.8419765072499658,2024,-6.140091192225086,False,"Synthetic yield-pressure index from operating data; economic-prior weights (gap 0.5 / LF 0.25 / mix 0.15 / industry -0.10), z-scored per company.  Positive = upward fare pressure.  Not a realized-yield forecast.",2026-08-10T13:36:52.969697+00:00
airline_yield_pressure_index,Spring Airlines,2024-02,44.45146385662886,35.33369410002629,9.11776975660257,5.868263811510815,7.02337145378031,44.62962962962962,0.29817242670961613,neutral,validation_limited_positive_2025_only_weak_history,0.12567380650497412,0.508865692201738,0.8460222290721777,0.1878423395413207,2024,-6.140091192225086,False,"Synthetic yield-pressure index from operating data; economic-prior weights (gap 0.5 / LF 0.25 / mix 0.15 / industry -0.10), z-scored per company.  Positive = upward fare pressure.  Not a realized-yield forecast.",2026-08-10T13:36:52.969697+00:00
airline_yield_pressure_index,Spring Airlines,2024-03,21.564667060336795,19.624484639322603,1.9401824210141925,1.4309669365045181,4.3829986064027615,25.656397689480137,0.17795568574293413,neutral,validation_limited_positive_2025_only_weak_history,-0.011928658463805959,0.35664670384991104,0.6580371334268181,0.03947231001663387,2024,-6.140091192225086,False,"Synthetic yield-pressure index from operating data; economic-prior weights (gap 0.5 / LF 0.25 / mix 0.15 / industry -0.10), z-scored per company.  Positive = upward fare pressure.  Not a realized-yield forecast.",2026-08-10T13:36:52.969697+00:00
airline_yield_pressure_index,Spring Airlines,2024-04,15.887500552039935,13.373505384614415,2.51399516742552,1.967613474154419,5.893116159664032,11.287916459472891,0.10557568506474833,neutral,validation_limited_positive_2025_only_weak_history,-0.11061233481502264,0.2468387454068721,0.5947668072157268,-0.09957145038182609,2024,-6.140091192225086,False,"Synthetic yield-pressure index from operating data; economic-prior weights (gap 0.5 / LF 0.25 / mix 0.15 / industry -0.10), z-scored per company.  Positive = upward fare pressure.  Not a realized-yield forecast.",2026-08-10T13:36:52.969697+00:00
airline_yield_pressure_index,Spring Airlines,2024-05,17.5242981636605,13.531466993814401,3.9928311698460988,3.0894176416014574,4.941237021350201,13.874811404696509,0.13543072945583,neutral,validation_limited_positive_2025_only_weak_history,-0.08665962612728352,0.292326062221762,0.5923041884365887,-0.1683339869854298,2024,-6.140091192225086,False,"Synthetic yield-pressure index from operating data; economic-prior weights (gap 0.5 / LF 0.25 / mix 0.15 / industry -0.10), z-scored per company.  Positive = upward fare pressure.  Not a realized-yield forecast.",2026-08-10T13:36:52.969697+00:00
airline_yield_pressure_index,Spring Airlines,2024-06,14.33558829193544,11.151470039282385,3.1841182526530556,2.5820880201013807,4.301957403345181,10.446946306197757,0.10451828394207763,neutral,validation_limited_positive_2025_only_weak_history,-0.11002400935763154,0.25779894589166086,0.5200118628511495,-0.17078772720305746,2024,-6.140091192225086,False,"Synthetic yield-pressure index from operating data; economic-prior weights (gap 0.5 / LF 0.25 / mix 0.15 / industry -0.10), z-scored per company.  Positive = upward fare pressure.  Not a realized-yield forecast.",2026-08-10T13:36:52.969697+00:00
airline_yield_pressure_index,Spring Airlines,2024-07,11.045446356966071,9.744833519834128,1.3006128371319434,1.0938558127578943,3.5140808469694598,10.745178445569303,0.055238671857466684,neutral,validation_limited_positive_2025_only_weak_history,-0.1600514934173558,0.18275292800341822,0.4837312990759003,-0.17016491703904993,2024,-6.140091192225086,False,"Synthetic yield-pressure index from operating data; economic-prior weights (gap 0.5 / LF 0.25 / mix 0.15 / industry -0.10), z-scored per company.  Positive = upward fare pressure.  Not a realized-yield forecast.",2026-08-10T13:36:52.969697+00:00
airline_yield_pressure_index,Spring Airlines,2024-08,9.797747926738843,8.402993692570915,1.3947542341679284,1.1902716932331572,3.7472964241041478,14.012569570383349,0.0211055369419894,neutral,validation_limited_positive_2025_only_weak_history,-0.21603788398241794,0.0896091603845633,0.6027764004625665,-0.16305728767672573,2024,-6.140091192225086,False,"Synthetic yield-pressure index from operating data; economic-prior weights (gap 0.5 / LF 0.25 / mix 0.15 / industry -0.10), z-scored per company.  Positive = upward fare pressure.  Not a realized-yield forecast.",2026-08-10T13:36:52.969697+00:00
airline_yield_pressure_index,Spring Airlines,2024-09,11.292456495063274,11.015879022700247,0.27657747236302654,0.22495284002381766,8.219558583120033,12.019068984856984,0.029342325095160493,neutral,validation_limited_positive_2025_only_weak_history,-0.23581359129370047,0.054745861258189504,0.7925592566017803,-0.14678766937196303,2024,-6.140091192225086,False,"Synthetic yield-pressure index from operating data; economic-prior weights (gap 0.5 / LF 0.25 / mix 0.15 / industry -0.10), z-scored per company.  Positive = upward fare pressure.  Not a realized-yield forecast.",2026-08-10T13:36:52.969697+00:00
airline_yield_pressure_index,Spring Airlines,2024-10,16.910152614831,16.63655142975071,0.2736011850802882,0.2115905687684716,9.759558673873988,14.343823592378513,0.07450612748565366,neutral,validation_limited_positive_2025_only_weak_history,-0.21700228113934997,0.08288923040004827,0.9875978922160867,-0.14145276622903594,2024,-6.140091192225086,False,"Synthetic yield-pressure index from operating data; economic-prior weights (gap 0.5 / LF 0.25 / mix 0.15 / industry -0.10), z-scored per company.  Positive = upward fare pressure.  Not a realized-yield forecast.",2026-08-10T13:36:52.969697+00:00
airline_yield_pressure_index,Spring Airlines,2024-11,12.733530219263667,10.361848362999847,2.3716818562638196,1.902479575585943,10.165734310955882,15.192586393419184,0.11386870645719525,neutral,validation_limited_positive_2025_only_weak_history,-0.18289115870381484,0.13785009818914856,1.0465228449549713,-0.13873334518569844,2024,-6.140091192225086,False,"Synthetic yield-pressure index from operating data; economic-prior weights (gap 0.5 / LF 0.25 / mix 0.15 / industry -0.10), z-scored per company.  Positive = upward fare pressure.  Not a realized-yield forecast.",2026-08-10T13:36:52.969697+00:00
airline_yield_pressure_index,Spring Airlines,2024-12,15.106322766102554,13.058252640939783,2.0480701251627718,1.6158155708873636,10.158693093310706,12.620572422517395,0.11094025387153146,neutral,validation_limited_positive_2025_only_weak_history,-0.1941314221670501,0.11998834168150242,1.0908526793947086,-0.1438097762547462,2024,-6.140091192225086,False,"Synthetic yield-pressure index from operating data; economic-prior weights (gap 0.5 / LF 0.25 / mix 0.15 / industry -0.10), z-scored per company.  Positive = upward fare pressure.  Not a realized-yield forecast.",2026-08-10T13:36:52.969697+00:00
airline_yield_pressure_index,Spring Airlines,2025-01,16.87737356394976,17.187512892782063,-0.3101393288323031,-0.24042651963658557,11.218389064015437,13.220977703339276,0.037972367857142766,neutral,validation_limited_positive_2025_only_weak_history,-0.2725583889769222,-0.016367518782470586,1.0426467378162367,-0.21946431368786,2025,-4.310240522796306,True,"Synthetic yield-pressure index from operating data; economic-prior weights (gap 0.5 / LF 0.25 / mix 0.15 / industry -0.10), z-scored per company.  Positive = upward fare pressure.  Not a realized-yield forecast.",2026-08-10T13:36:52.969697+00:00
airline_yield_pressure_index,Spring Airlines,2025-02,0.46045877651341716,2.161723969928775,-1.7012651934153578,-1.548198917736201,8.57934687123607,-1.5412932138284319,-0.009899118055351545,neutral,validation_limited_positive_2025_only_weak_history,-0.31033136339713385,-0.07720703592004473,0.9233541870953187,-0.2606519455892877,2025,-4.310240522796306,True,"Synthetic yield-pressure index from operating data; economic-prior weights (gap 0.5 / LF 0.25 / mix 0.15 / industry -0.10), z-scored per company.  Positive = upward fare pressure.  Not a realized-yield forecast.",2026-08-10T13:36:52.969697+00:00
airline_yield_pressure_index,Spring Airlines,2025-03,1.7744673449080706,1.6880608028260413,0.08640654208202925,0.07618527838373268,6.2329487157687264,3.510360438795068,-0.10376541412512535,neutral,validation_limited_positive_2025_only_weak_history,-0.3652511553312439,-0.16849408416141542,0.619768815885606,-0.28018362198009567,2025,-4.310240522796306,True,"Synthetic yield-pressure index from operating data; economic-prior weights (gap 0.5 / LF 0.25 / mix 0.15 / industry -0.10), z-scored per company.  Positive = upward fare pressure.  Not a realized-yield forecast.",2026-08-10T13:36:52.969697+00:00
airline_yield_pressure_index,Spring Airlines,2025-04,9.291830187024953,12.454118637846134,-3.1622884508211815,-2.550574781790573,1.2278359496075772,8.90080428954423,-0.10995083902406036,neutral,validation_limited_positive_2025_only_weak_history,-0.32917184643512903,-0.101758113765291,0.3762617936751505,-0.23635343583554325,2025,-4.310240522796306,True,"Synthetic yield-pressure index from operating data; economic-prior weights (gap 0.5 / LF 0.25 / mix 0.15 / industry -0.10), z-scored per company.  Positive = upward fare pressure.  Not a realized-yield forecast.",2026-08-10T13:36:52.969697+00:00
airline_yield_pressure_index,Spring Airlines,2025-05,11.659997735472615,11.487556464131554,0.1724412713410608,0.1406494896099133,0.5658848607615106,8.153420189906747,-0.1461142596354934,neutral,validation_limited_positive_2025_only_weak_history,-0.34488331038748904,-0.1285559263768369,0.23474823429804967,-0.2325414200775288,2025,-4.310240522796306,True,"Synthetic yield-pressure index from operating data; economic-prior weights (gap 0.5 / LF 0.25 / mix 0.15 / industry -0.10), z-scored per company.  Positive = upward fare pressure.  Not a realized-yield forecast.",2026-08-10T13:36:52.969697+00:00
airline_yield_pressure_index,Spring Airlines,2025-06,11.636389214518083,12.365926006137062,-0.7295367916189797,-0.6019713870657171,1.5759432555510706,4.353532770817337,-0.10879037483121033,neutral,validation_limited_positive_2025_only_weak_history,-0.3189304677909586,-0.08841655865015415,0.315039514253329,-0.2552307158880819,2025,-4.310240522796306,True,"Synthetic yield-pressure index from operating data; economic-prior weights (gap 0.5 / LF 0.25 / mix 0.15 / industry -0.10), z-scored per company.  Positive = upward fare pressure.  Not a realized-yield forecast.",2026-08-10T13:36:52.969697+00:00
airline_yield_pressure_index,Spring Airlines,2025-07,8.597354238850752,10.411833919500024,-1.8144796806492725,-1.53479113685799,3.8701052191070353,3.882203193705158,-0.09731691976824698,neutral,validation_limited_positive_2025_only_weak_history,-0.31840818314579933,-0.08737865951560157,0.3735557748685815,-0.2769847045326583,2025,-4.310240522796306,True,"Synthetic yield-pressure index from operating data; economic-prior weights (gap 0.5 / LF 0.25 / mix 0.15 / industry -0.10), z-scored per company.  Positive = upward fare pressure.  Not a realized-yield forecast.",2026-08-10T13:36:52.969697+00:00
airline_yield_pressure_index,Spring Airlines,2025-08,12.228710876531279,12.029145800826457,0.19956507570482174,0.16691499964851175,2.491569907454263,3.341697862245807,-0.0619047056210793,neutral,validation_limited_positive_2025_only_weak_history,-0.2703932434025695,-0.01149180651947357,0.3238105542173148,-0.2759328457747661,2025,-4.310240522796306,True,"Synthetic yield-pressure index from operating data; economic-prior weights (gap 0.5 / LF 0.25 / mix 0.15 / industry -0.10), z-scored per company.  Positive = upward fare pressure.  Not a realized-yield forecast.",2026-08-10T13:36:52.969697+00:00
airline_yield_pressure_index,Spring Airlines,2025-09,22.873991663898895,21.109968967978254,1.7640226959206409,1.3184530865770938,-0.061099620145036226,4.586191358333758,0.014112089870234726,neutral,validation_limited_positive_2025_only_weak_history,-0.16691250223663603,0.15832147282157158,0.20853223427204134,-0.26708137642353647,2025,-4.310240522796306,True,"Synthetic yield-pressure index from operating data; economic-prior weights (gap 0.5 / LF 0.25 / mix 0.15 / industry -0.10), z-scored per company.  Positive = upward fare pressure.  Not a realized-yield forecast.",2026-08-10T13:36:52.969697+00:00
airline_yield_pressure_index,Spring Airlines,2025-10,20.05688489873927,16.497300063389055,3.559584835350215,2.7625748062616395,0.07646333918462389,5.840042438993942,0.037113471202510226,neutral,validation_limited_positive_2025_only_weak_history,-0.12449240950354663,0.2259820110026186,0.1175988447756312,-0.25224346487284205,2025,-4.310240522796306,True,"Synthetic yield-pressure index from operating data; economic-prior weights (gap 0.5 / LF 0.25 / mix 0.15 / industry -0.10), z-scored per company.  Positive = upward fare pressure.  Not a realized-yield forecast.",2026-08-10T13:36:52.969697+00:00
airline_yield_pressure_index,Spring Airlines,2025-11,18.021323619662354,15.618756202132866,2.4025674175294878,1.8791609064507924,-0.5009157120503112,6.623666583974197,0.009194619156304675,neutral,validation_limited_positive_2025_only_weak_history,-0.14287158110452958,0.19956925690342342,0.0421113131551439,-0.24421398509442022,2025,-4.310240522796306,True,"Synthetic yield-pressure index from operating data; economic-prior weights (gap 0.5 / LF 0.25 / mix 0.15 / industry -0.10), z-scored per company.  Positive = upward fare pressure.  Not a realized-yield forecast.",2026-08-10T13:36:52.969697+00:00
airline_yield_pressure_index,Spring Airlines,2025-12,13.904264449893722,13.094727127980278,0.8095373219134441,0.6500408730545217,-2.5452845172132683,6.362216332906256,-0.04957905080336153,neutral,validation_limited_positive_2025_only_weak_history,-0.18159070136105787,0.1434862546621181,-0.15362272006572159,-0.2838814422149612,2025,-4.310240522796306,True,"Synthetic yield-pressure index from operating data; economic-prior weights (gap 0.5 / LF 0.25 / mix 0.15 / industry -0.10), z-scored per company.  Positive = upward fare pressure.  Not a realized-yield forecast.",2026-08-10T13:36:52.969697+00:00
airline_yield_pressure_index,Spring Airlines,2026-01,6.01342242890559,4.464637360902102,1.5487850680034887,1.3433148711439884,-6.364859071701577,-2.9339250493096714,-0.046472129920821836,neutral,validation_limited_positive_2025_only_weak_history,-0.17328865184853998,0.1526278305746021,-0.16252546060099987,-0.263940574499476,,,,"Synthetic yield-pressure index from operating data; economic-prior weights (gap 0.5 / LF 0.25 / mix 0.15 / industry -0.10), z-scored per company.  Positive = upward fare pressure.  Not a realized-yield forecast.",2026-08-10T13:36:52.969697+00:00
airline_yield_pressure_index,Spring Airlines,2026-02,25.58352682629583,22.74980913681621,2.83371768947962,2.110501453816667,-0.7938919573386549,11.034348228944847,0.009652575374205786,neutral,validation_limited_positive_2025_only_weak_history,-0.11781435196598343,0.2334112522907009,-0.09065561412168735,-0.2380528040277538,,,,"Synthetic yield-pressure index from operating data; economic-prior weights (gap 0.5 / LF 0.25 / mix 0.15 / industry -0.10), z-scored per company.  Positive = upward fare pressure.  Not a realized-yield forecast.",2026-08-10T13:36:52.969697+00:00
airline_yield_pressure_index,Spring Airlines,2026-03,26.600626338389777,22.910142637567855,3.690483700821922,2.69437996478257,-0.18015237756246805,12.088281801971522,0.10801868878388013,neutral,validation_limited_positive_2025_only_weak_history,-0.035249385335523103,0.3608588879020057,0.08766278528078449,-0.2227924168402258,,,,"Synthetic yield-pressure index from operating data; economic-prior weights (gap 0.5 / LF 0.25 / mix 0.15 / industry -0.10), z-scored per company.  Positive = upward fare pressure.  Not a realized-yield forecast.",2026-08-10T13:36:52.969697+00:00
airline_yield_pressure_index,Spring Airlines,2026-04,18.45451167316736,12.617880843391237,5.836630829776123,4.568558096717581,-0.4966598452113331,0.4414902346955518,0.10894013743483942,neutral,validation_limited_positive_2025_only_weak_history,-0.04293560992365815,0.35366900358811226,0.0766369480271186,-0.3049514929557264,,,,"Synthetic yield-pressure index from operating data; economic-prior weights (gap 0.5 / LF 0.25 / mix 0.15 / industry -0.10), z-scored per company.  Positive = upward fare pressure.  Not a realized-yield forecast.",2026-08-10T13:36:52.969697+00:00
airline_yield_pressure_index,Spring Airlines,2026-05,17.4038544642382,14.969305415760715,2.4345490484774857,1.9285512311639224,-1.1567362283739442,-7.138257605503295,0.032483166158142826,neutral,validation_limited_positive_2025_only_weak_history,-0.12015597535436713,0.23715089710835394,-0.037354849881510985,-0.3887665704046456,,,,"Synthetic yield-pressure index from operating data; economic-prior weights (gap 0.5 / LF 0.25 / mix 0.15 / industry -0.10), z-scored per company.  Positive = upward fare pressure.  Not a realized-yield forecast.",2026-08-10T13:36:52.969697+00:00
airline_yield_pressure_index,Spring Airlines,2026-06,15.533588927719011,15.853389856654875,-0.3198009289358641,-0.2542760206970769,-3.931456688027133,-6.450611738185852,-0.05645391434621713,neutral,validation_limited_positive_2025_only_weak_history,-0.21218334705972425,0.08970132947872095,-0.09957080500078122,-0.4214804756408194,,,,"Synthetic yield-pressure index from operating data; economic-prior weights (gap 0.5 / LF 0.25 / mix 0.15 / industry -0.10), z-scored per company.  Positive = upward fare pressure.  Not a realized-yield forecast.",2026-08-10T13:36:52.969697+00:00
