month,airline_code,airline_name,announcement_date,announcement_time,announcement_id,announcement_title,source_pdf_url,source_quality,retrieved_at
2016-01,600029,China Southern,2016-02-23,2016-02-23T00:00:00+08:00,1201991131,2016年1月主要运营数据公告,http://static.cninfo.com.cn/finalpage/2016-02-23/1201991131.PDF,issuer_cninfo_operating_release,2026-08-06T21:36:36.493291+00:00
2016-01,600115,China Eastern,2016-02-26,2016-02-26T00:00:00+08:00,1202000346,2016年1月运营数据公告,http://static.cninfo.com.cn/finalpage/2016-02-26/1202000346.PDF,issuer_cninfo_operating_release,2026-08-06T21:36:36.493291+00:00
2016-01,601021,Spring Airlines,2016-02-19,2016-02-19T00:00:00+08:00,1201986469,2016年1月份主要运营数据公告,http://static.cninfo.com.cn/finalpage/2016-02-19/1201986469.PDF,issuer_cninfo_operating_release,2026-08-06T21:36:36.493291+00:00
2016-01,601111,Air China,2016-02-19,2016-02-19T00:00:00+08:00,1201985937,2016年1月主要运营数据公告,http://static.cninfo.com.cn/finalpage/2016-02-19/1201985937.PDF,issuer_cninfo_operating_release,2026-08-06T21:36:36.493291+00:00
2016-01,603885,Juneyao Airlines,2016-02-26,2016-02-26T00:00:00+08:00,1202000584,2016年1月主要运营数据公告,http://static.cninfo.com.cn/finalpage/2016-02-26/1202000584.PDF,issuer_cninfo_operating_release,2026-08-06T21:36:36.493291+00:00
2016-02,600029,China Southern,2016-03-16,2016-03-16T00:00:00+08:00,1202046724,2016年2月主要运营数据公告,http://static.cninfo.com.cn/finalpage/2016-03-16/1202046724.PDF,issuer_cninfo_operating_release,2026-08-06T21:36:36.493291+00:00
2016-02,600115,China Eastern,2016-03-16,2016-03-16T00:00:00+08:00,1202046211,2016年2月运营数据公告,http://static.cninfo.com.cn/finalpage/2016-03-16/1202046211.PDF,issuer_cninfo_operating_release,2026-08-06T21:36:36.493291+00:00
2016-02,601021,Spring Airlines,2016-03-11,2016-03-11T00:00:00+08:00,1202036915,2016年2月主要运营数据公告,http://static.cninfo.com.cn/finalpage/2016-03-11/1202036915.PDF,issuer_cninfo_operating_release,2026-08-06T21:36:36.493291+00:00
2016-02,601111,Air China,2016-03-16,2016-03-16T00:00:00+08:00,1202046329,2016年2月主要运营数据公告,http://static.cninfo.com.cn/finalpage/2016-03-16/1202046329.PDF,issuer_cninfo_operating_release,2026-08-06T21:36:36.493291+00:00
2016-02,603885,Juneyao Airlines,2016-03-05,2016-03-05T00:00:00+08:00,1202023023,2016年2月主要运营数据公告,http://static.cninfo.com.cn/finalpage/2016-03-05/1202023023.PDF,issuer_cninfo_operating_release,2026-08-06T21:36:36.493291+00:00
2016-03,600029,China Southern,2016-04-16,2016-04-16T00:00:00+08:00,1202187631,2016年3月主要运营数据公告,http://static.cninfo.com.cn/finalpage/2016-04-16/1202187631.PDF,issuer_cninfo_operating_release,2026-08-06T21:36:36.493291+00:00
2016-03,600115,China Eastern,2016-04-14,2016-04-14T00:00:00+08:00,1202174755,2016年3月运营数据公告,http://static.cninfo.com.cn/finalpage/2016-04-14/1202174755.PDF,issuer_cninfo_operating_release,2026-08-06T21:36:36.493291+00:00
2016-03,601021,Spring Airlines,2016-04-13,2016-04-13T00:00:00+08:00,1202170255,2016年3月份主要运营数据公告,http://static.cninfo.com.cn/finalpage/2016-04-13/1202170255.PDF,issuer_cninfo_operating_release,2026-08-06T21:36:36.493291+00:00
2016-03,601111,Air China,2016-04-19,2016-04-19T00:00:00+08:00,1202195803,2016年3月主要运营数据公告,http://static.cninfo.com.cn/finalpage/2016-04-19/1202195803.PDF,issuer_cninfo_operating_release,2026-08-06T21:36:36.493291+00:00
2016-03,603885,Juneyao Airlines,2016-04-09,2016-04-09T00:00:00+08:00,1202155254,2016年3月主要运营数据公告,http://static.cninfo.com.cn/finalpage/2016-04-09/1202155254.PDF,issuer_cninfo_operating_release,2026-08-06T21:36:36.493291+00:00
2016-04,600029,China Southern,2016-05-17,2016-05-17T00:00:00+08:00,1202323597,2016年4月主要运营数据公告,http://static.cninfo.com.cn/finalpage/2016-05-17/1202323597.PDF,issuer_cninfo_operating_release,2026-08-06T21:36:36.493291+00:00
2016-04,600115,China Eastern,2016-05-18,2016-05-18T00:00:00+08:00,1202326196,2016年4月运营数据公告,http://static.cninfo.com.cn/finalpage/2016-05-18/1202326196.PDF,issuer_cninfo_operating_release,2026-08-06T21:36:36.493291+00:00
2016-04,601021,Spring Airlines,2016-05-10,2016-05-10T00:00:00+08:00,1202311889,2016年4月份主要运营数据公告,http://static.cninfo.com.cn/finalpage/2016-05-10/1202311889.PDF,issuer_cninfo_operating_release,2026-08-06T21:36:36.493291+00:00
2016-04,601111,Air China,2016-05-17,2016-05-17T00:00:00+08:00,1202323613,2016年4月主要运营数据公告,http://static.cninfo.com.cn/finalpage/2016-05-17/1202323613.PDF,issuer_cninfo_operating_release,2026-08-06T21:36:36.493291+00:00
2016-04,603885,Juneyao Airlines,2016-05-11,2016-05-11T00:00:00+08:00,1202314958,2016年4月主要运营数据公告,http://static.cninfo.com.cn/finalpage/2016-05-11/1202314958.PDF,issuer_cninfo_operating_release,2026-08-06T21:36:36.493291+00:00
2016-05,600029,China Southern,2016-06-16,2016-06-16T00:00:00+08:00,1202370052,2016年5月主要运营数据公告,http://static.cninfo.com.cn/finalpage/2016-06-16/1202370052.PDF,issuer_cninfo_operating_release,2026-08-06T21:36:36.493291+00:00
2016-05,600115,China Eastern,2016-06-16,2016-06-16T00:00:00+08:00,1202370791,2016年5月运营数据公告,http://static.cninfo.com.cn/finalpage/2016-06-16/1202370791.PDF,issuer_cninfo_operating_release,2026-08-06T21:36:36.493291+00:00
2016-05,601021,Spring Airlines,2016-06-09,2016-06-09T00:00:00+08:00,1202363502,2016年5月份主要运营数据公告,http://static.cninfo.com.cn/finalpage/2016-06-09/1202363502.PDF,issuer_cninfo_operating_release,2026-08-06T21:36:36.493291+00:00
2016-05,601111,Air China,2016-06-17,2016-06-17T00:00:00+08:00,1202371684,2016年5月主要运营数据公告,http://static.cninfo.com.cn/finalpage/2016-06-17/1202371684.PDF,issuer_cninfo_operating_release,2026-08-06T21:36:36.493291+00:00
2016-05,603885,Juneyao Airlines,2016-06-14,2016-06-14T00:00:00+08:00,1202366028,2016年5月主要运营数据公告,http://static.cninfo.com.cn/finalpage/2016-06-14/1202366028.PDF,issuer_cninfo_operating_release,2026-08-06T21:36:36.493291+00:00
2016-06,600029,China Southern,2016-07-15,2016-07-15T00:00:00+08:00,1202474209,2016年6月主要运营数据公告,http://static.cninfo.com.cn/finalpage/2016-07-15/1202474209.PDF,issuer_cninfo_operating_release,2026-08-06T21:36:36.493291+00:00
2016-06,600115,China Eastern,2016-07-15,2016-07-15T00:00:00+08:00,1202474213,2016年6月运营数据公告,http://static.cninfo.com.cn/finalpage/2016-07-15/1202474213.PDF,issuer_cninfo_operating_release,2026-08-06T21:36:36.493291+00:00
2016-06,600221,Hainan Airlines Holdings,2016-07-22,2016-07-22T00:00:00+08:00,1202496421,2016年6月主要运营数据公告,http://static.cninfo.com.cn/finalpage/2016-07-22/1202496421.PDF,issuer_cninfo_operating_release,2026-08-06T21:36:36.493291+00:00
2016-06,601021,Spring Airlines,2016-07-07,2016-07-07T00:00:00+08:00,1202455701,2016年6月份主要运营数据公告,http://static.cninfo.com.cn/finalpage/2016-07-07/1202455701.PDF,issuer_cninfo_operating_release,2026-08-06T21:36:36.493291+00:00
2016-06,601111,Air China,2016-07-15,2016-07-15T00:00:00+08:00,1202474343,2016年6月主要运营数据公告,http://static.cninfo.com.cn/finalpage/2016-07-15/1202474343.PDF,issuer_cninfo_operating_release,2026-08-06T21:36:36.493291+00:00
2016-06,603885,Juneyao Airlines,2016-07-08,2016-07-08T00:00:00+08:00,1202458445,2016年6月主要运营数据公告,http://static.cninfo.com.cn/finalpage/2016-07-08/1202458445.PDF,issuer_cninfo_operating_release,2026-08-06T21:36:36.493291+00:00
2016-07,600029,China Southern,2016-08-16,2016-08-16T00:00:00+08:00,1202565791,2016年7月主要运营数据公告,http://static.cninfo.com.cn/finalpage/2016-08-16/1202565791.PDF,issuer_cninfo_operating_release,2026-08-06T21:36:36.493291+00:00
2016-07,600115,China Eastern,2016-08-17,2016-08-17T00:00:00+08:00,1202571694,2016年7月运营数据公告,http://static.cninfo.com.cn/finalpage/2016-08-17/1202571694.PDF,issuer_cninfo_operating_release,2026-08-06T21:36:36.493291+00:00
2016-07,600221,Hainan Airlines Holdings,2016-08-13,2016-08-13T00:00:00+08:00,1202562427,2016年7月主要运营数据公告,http://static.cninfo.com.cn/finalpage/2016-08-13/1202562427.PDF,issuer_cninfo_operating_release,2026-08-06T21:36:36.493291+00:00
2016-07,601021,Spring Airlines,2016-08-09,2016-08-09T00:00:00+08:00,1202546066,2016年7月份主要运营数据公告,http://static.cninfo.com.cn/finalpage/2016-08-09/1202546066.PDF,issuer_cninfo_operating_release,2026-08-06T21:36:36.493291+00:00
2016-07,601111,Air China,2016-08-16,2016-08-16T00:00:00+08:00,1202564776,2016年7月主要运营数据公告,http://static.cninfo.com.cn/finalpage/2016-08-16/1202564776.PDF,issuer_cninfo_operating_release,2026-08-06T21:36:36.493291+00:00
2016-07,603885,Juneyao Airlines,2016-08-12,2016-08-12T00:00:00+08:00,1202558839,2016年7月主要运营数据公告,http://static.cninfo.com.cn/finalpage/2016-08-12/1202558839.PDF,issuer_cninfo_operating_release,2026-08-06T21:36:36.493291+00:00
2016-08,600029,China Southern,2016-09-15,2016-09-15T00:00:00+08:00,1202704140,2016年8月主要运营数据公告,http://static.cninfo.com.cn/finalpage/2016-09-15/1202704140.PDF,issuer_cninfo_operating_release,2026-08-06T21:36:36.493291+00:00
2016-08,600115,China Eastern,2016-09-14,2016-09-14T00:00:00+08:00,1202698479,2016年8月运营数据公告,http://static.cninfo.com.cn/finalpage/2016-09-14/1202698479.PDF,issuer_cninfo_operating_release,2026-08-06T21:36:36.493291+00:00
2016-08,600221,Hainan Airlines Holdings,2016-09-14,2016-09-14T00:00:00+08:00,1202699218,2016年8月主要运营数据公告,http://static.cninfo.com.cn/finalpage/2016-09-14/1202699218.PDF,issuer_cninfo_operating_release,2026-08-06T21:36:36.493291+00:00
2016-08,601021,Spring Airlines,2016-09-10,2016-09-10T00:00:00+08:00,1202692597,2016年8月份主要运营数据公告,http://static.cninfo.com.cn/finalpage/2016-09-10/1202692597.PDF,issuer_cninfo_operating_release,2026-08-06T21:36:36.493291+00:00
2016-08,601111,Air China,2016-09-14,2016-09-14T00:00:00+08:00,1202698505,2016年8月主要运营数据公告,http://static.cninfo.com.cn/finalpage/2016-09-14/1202698505.PDF,issuer_cninfo_operating_release,2026-08-06T21:36:36.493291+00:00
2016-08,603885,Juneyao Airlines,2016-09-10,2016-09-10T00:00:00+08:00,1202691081,2016年8月主要运营数据公告,http://static.cninfo.com.cn/finalpage/2016-09-10/1202691081.PDF,issuer_cninfo_operating_release,2026-08-06T21:36:36.493291+00:00
2016-09,600029,China Southern,2016-10-15,2016-10-15T00:00:00+08:00,1202760165,2016年9月主要运营数据公告,http://static.cninfo.com.cn/finalpage/2016-10-15/1202760165.PDF,issuer_cninfo_operating_release,2026-08-06T21:36:36.493291+00:00
2016-09,600115,China Eastern,2016-10-14,2016-10-14T00:00:00+08:00,1202756578,2016年9月运营数据公告,http://static.cninfo.com.cn/finalpage/2016-10-14/1202756578.PDF,issuer_cninfo_operating_release,2026-08-06T21:36:36.493291+00:00
2016-09,600221,Hainan Airlines Holdings,2016-10-15,2016-10-15T00:00:00+08:00,1202760060,2016年9月主要运营数据公告,http://static.cninfo.com.cn/finalpage/2016-10-15/1202760060.PDF,issuer_cninfo_operating_release,2026-08-06T21:36:36.493291+00:00
2016-09,601021,Spring Airlines,2016-10-18,2016-10-18T00:00:00+08:00,1202763952,2016年9月份主要运营数据公告,http://static.cninfo.com.cn/finalpage/2016-10-18/1202763952.PDF,issuer_cninfo_operating_release,2026-08-06T21:36:36.493291+00:00
2016-09,601111,Air China,2016-10-15,2016-10-15T00:00:00+08:00,1202760620,2016年9月主要运营数据公告,http://static.cninfo.com.cn/finalpage/2016-10-15/1202760620.PDF,issuer_cninfo_operating_release,2026-08-06T21:36:36.493291+00:00
2016-09,603885,Juneyao Airlines,2016-10-15,2016-10-15T00:00:00+08:00,1202760093,2016年9月主要运营数据公告,http://static.cninfo.com.cn/finalpage/2016-10-15/1202760093.PDF,issuer_cninfo_operating_release,2026-08-06T21:36:36.493291+00:00
2016-10,600029,China Southern,2016-11-16,2016-11-16T00:00:00+08:00,1202829984,2016年10月主要运营数据公告,http://static.cninfo.com.cn/finalpage/2016-11-16/1202829984.PDF,issuer_cninfo_operating_release,2026-08-06T21:36:36.493291+00:00
2016-10,600115,China Eastern,2016-11-16,2016-11-16T00:00:00+08:00,1202830090,2016年10月运营数据公告,http://static.cninfo.com.cn/finalpage/2016-11-16/1202830090.PDF,issuer_cninfo_operating_release,2026-08-06T21:36:36.493291+00:00
2016-10,600221,Hainan Airlines Holdings,2016-11-15,2016-11-15T00:00:00+08:00,1202827583,2016年10月主要运营数据公告,http://static.cninfo.com.cn/finalpage/2016-11-15/1202827583.PDF,issuer_cninfo_operating_release,2026-08-06T21:36:36.493291+00:00
2016-10,601021,Spring Airlines,2016-11-12,2016-11-12T00:00:00+08:00,1202824966,2016年10月份主要运营数据公告,http://static.cninfo.com.cn/finalpage/2016-11-12/1202824966.PDF,issuer_cninfo_operating_release,2026-08-06T21:36:36.493291+00:00
2016-10,601111,Air China,2016-11-16,2016-11-16T00:00:00+08:00,1202830109,2016年10月主要运营数据公告,http://static.cninfo.com.cn/finalpage/2016-11-16/1202830109.PDF,issuer_cninfo_operating_release,2026-08-06T21:36:36.493291+00:00
2016-10,603885,Juneyao Airlines,2016-11-09,2016-11-09T00:00:00+08:00,1202819803,2016年10月主要运营数据公告,http://static.cninfo.com.cn/finalpage/2016-11-09/1202819803.PDF,issuer_cninfo_operating_release,2026-08-06T21:36:36.493291+00:00
2016-11,600029,China Southern,2016-12-15,2016-12-15T00:00:00+08:00,1202875580,2016年11月主要运营数据公告,http://static.cninfo.com.cn/finalpage/2016-12-15/1202875580.PDF,issuer_cninfo_operating_release,2026-08-06T21:36:36.493291+00:00
2016-11,600115,China Eastern,2016-12-15,2016-12-15T00:00:00+08:00,1202874749,2016年11月运营数据公告,http://static.cninfo.com.cn/finalpage/2016-12-15/1202874749.PDF,issuer_cninfo_operating_release,2026-08-06T21:36:36.493291+00:00
2016-11,600221,Hainan Airlines Holdings,2016-12-16,2016-12-16T00:00:00+08:00,1202876861,2016年11月主要运营数据公告,http://static.cninfo.com.cn/finalpage/2016-12-16/1202876861.PDF,issuer_cninfo_operating_release,2026-08-06T21:36:36.493291+00:00
2016-11,601021,Spring Airlines,2016-12-10,2016-12-10T00:00:00+08:00,1202867863,2016年11月份主要运营数据公告,http://static.cninfo.com.cn/finalpage/2016-12-10/1202867863.PDF,issuer_cninfo_operating_release,2026-08-06T21:36:36.493291+00:00
2016-11,601111,Air China,2016-12-14,2016-12-14T00:00:00+08:00,1202873742,2016年11月主要运营数据公告,http://static.cninfo.com.cn/finalpage/2016-12-14/1202873742.PDF,issuer_cninfo_operating_release,2026-08-06T21:36:36.493291+00:00
2016-11,603885,Juneyao Airlines,2016-12-13,2016-12-13T00:00:00+08:00,1202870181,2016年11月主要运营数据公告,http://static.cninfo.com.cn/finalpage/2016-12-13/1202870181.PDF,issuer_cninfo_operating_release,2026-08-06T21:36:36.493291+00:00
2016-12,600029,China Southern,2017-01-17,2017-01-17T00:00:00+08:00,1203018974,2016年12月主要运营数据公告,http://static.cninfo.com.cn/finalpage/2017-01-17/1203018974.PDF,issuer_cninfo_operating_release,2026-08-06T21:36:36.493291+00:00
2016-12,600115,China Eastern,2017-01-18,2017-01-18T00:00:00+08:00,1203023171,2016年12月经营数据公告,http://static.cninfo.com.cn/finalpage/2017-01-18/1203023171.PDF,issuer_cninfo_operating_release,2026-08-06T21:36:36.493291+00:00
2016-12,600221,Hainan Airlines Holdings,2017-01-14,2017-01-14T00:00:00+08:00,1203014803,2016年12月主要运营数据公告,http://static.cninfo.com.cn/finalpage/2017-01-14/1203014803.PDF,issuer_cninfo_operating_release,2026-08-06T21:36:36.493291+00:00
2016-12,601021,Spring Airlines,2017-01-18,2017-01-18T00:00:00+08:00,1203022783,2016年12月份主要运营数据公告,http://static.cninfo.com.cn/finalpage/2017-01-18/1203022783.PDF,issuer_cninfo_operating_release,2026-08-06T21:36:36.493291+00:00
2016-12,601111,Air China,2017-01-17,2017-01-17T00:00:00+08:00,1203019079,2016年12月主要运营数据公告,http://static.cninfo.com.cn/finalpage/2017-01-17/1203019079.PDF,issuer_cninfo_operating_release,2026-08-06T21:36:36.493291+00:00
2016-12,603885,Juneyao Airlines,2017-01-19,2017-01-19T00:00:00+08:00,1203025921,2016年12月主要运营数据公告,http://static.cninfo.com.cn/finalpage/2017-01-19/1203025921.PDF,issuer_cninfo_operating_release,2026-08-06T21:36:36.493291+00:00
2017-01,600029,China Southern,2017-02-15,2017-02-15T00:00:00+08:00,1203082909,2017年1月主要运营数据公告,http://static.cninfo.com.cn/finalpage/2017-02-15/1203082909.PDF,issuer_cninfo_operating_release,2026-08-06T21:36:36.493291+00:00
2017-01,600115,China Eastern,2017-02-14,2017-02-14T00:00:00+08:00,1203079406,2017年1月经营数据公告,http://static.cninfo.com.cn/finalpage/2017-02-14/1203079406.PDF,issuer_cninfo_operating_release,2026-08-06T21:36:36.493291+00:00
2017-01,600221,Hainan Airlines Holdings,2017-02-15,2017-02-15T00:00:00+08:00,1203082361,2017年1月主要运营数据公告,http://static.cninfo.com.cn/finalpage/2017-02-15/1203082361.PDF,issuer_cninfo_operating_release,2026-08-06T21:36:36.493291+00:00
2017-01,601021,Spring Airlines,2017-02-15,2017-02-15T00:00:00+08:00,1203082196,2017年1月份主要运营数据公告,http://static.cninfo.com.cn/finalpage/2017-02-15/1203082196.PDF,issuer_cninfo_operating_release,2026-08-06T21:36:36.493291+00:00
2017-01,601111,Air China,2017-02-16,2017-02-16T00:00:00+08:00,1203085492,2017年1月主要运营数据公告,http://static.cninfo.com.cn/finalpage/2017-02-16/1203085492.PDF,issuer_cninfo_operating_release,2026-08-06T21:36:36.493291+00:00
2017-01,603885,Juneyao Airlines,2017-02-15,2017-02-15T00:00:00+08:00,1203082473,2017年1月主要运营数据公告,http://static.cninfo.com.cn/finalpage/2017-02-15/1203082473.PDF,issuer_cninfo_operating_release,2026-08-06T21:36:36.493291+00:00
2017-02,600029,China Southern,2017-03-15,2017-03-15T00:00:00+08:00,1203158357,2017年2月主要运营数据公告,http://static.cninfo.com.cn/finalpage/2017-03-15/1203158357.PDF,issuer_cninfo_operating_release,2026-08-06T21:36:36.493291+00:00
2017-02,600115,China Eastern,2017-03-16,2017-03-16T00:00:00+08:00,1203162539,2017年2月经营数据公告,http://static.cninfo.com.cn/finalpage/2017-03-16/1203162539.PDF,issuer_cninfo_operating_release,2026-08-06T21:36:36.493291+00:00
2017-02,600221,Hainan Airlines Holdings,2017-03-15,2017-03-15T00:00:00+08:00,1203158171,2017年2月主要运营数据公告,http://static.cninfo.com.cn/finalpage/2017-03-15/1203158171.PDF,issuer_cninfo_operating_release,2026-08-06T21:36:36.493291+00:00
2017-02,601021,Spring Airlines,2017-03-15,2017-03-15T00:00:00+08:00,1203158378,2017年2月份主要运营数据公告,http://static.cninfo.com.cn/finalpage/2017-03-15/1203158378.PDF,issuer_cninfo_operating_release,2026-08-06T21:36:36.493291+00:00
2017-02,601111,Air China,2017-03-15,2017-03-15T00:00:00+08:00,1203159144,2017年2月主要运营数据公告,http://static.cninfo.com.cn/finalpage/2017-03-15/1203159144.PDF,issuer_cninfo_operating_release,2026-08-06T21:36:36.493291+00:00
2017-02,603885,Juneyao Airlines,2017-03-15,2017-03-15T00:00:00+08:00,1203158385,2017年2月主要运营数据公告,http://static.cninfo.com.cn/finalpage/2017-03-15/1203158385.PDF,issuer_cninfo_operating_release,2026-08-06T21:36:36.493291+00:00
2017-03,600029,China Southern,2017-04-14,2017-04-14T00:00:00+08:00,1203296270,2017年3月主要运营数据公告,http://static.cninfo.com.cn/finalpage/2017-04-14/1203296270.PDF,issuer_cninfo_operating_release,2026-08-06T21:36:36.493291+00:00
2017-03,600115,China Eastern,2017-04-19,2017-04-19T00:00:00+08:00,1203322727,2017年3月经营数据公告,http://static.cninfo.com.cn/finalpage/2017-04-19/1203322727.PDF,issuer_cninfo_operating_release,2026-08-06T21:36:36.493291+00:00
2017-03,600221,Hainan Airlines Holdings,2017-04-15,2017-04-15T00:00:00+08:00,1203300270,2017年3月主要运营数据公告,http://static.cninfo.com.cn/finalpage/2017-04-15/1203300270.PDF,issuer_cninfo_operating_release,2026-08-06T21:36:36.493291+00:00
2017-03,601021,Spring Airlines,2017-04-14,2017-04-14T00:00:00+08:00,1203295981,2017年3月份主要运营数据公告,http://static.cninfo.com.cn/finalpage/2017-04-14/1203295981.PDF,issuer_cninfo_operating_release,2026-08-06T21:36:36.493291+00:00
2017-03,601111,Air China,2017-04-14,2017-04-14T00:00:00+08:00,1203296293,2017年3月主要运营数据公告,http://static.cninfo.com.cn/finalpage/2017-04-14/1203296293.PDF,issuer_cninfo_operating_release,2026-08-06T21:36:36.493291+00:00
2017-03,603885,Juneyao Airlines,2017-04-15,2017-04-15T00:00:00+08:00,1203299725,2017年3月主要运营数据公告,http://static.cninfo.com.cn/finalpage/2017-04-15/1203299725.PDF,issuer_cninfo_operating_release,2026-08-06T21:36:36.493291+00:00
2017-04,600029,China Southern,2017-05-16,2017-05-16T00:00:00+08:00,1203520551,2017年4月主要运营数据公告,http://static.cninfo.com.cn/finalpage/2017-05-16/1203520551.PDF,issuer_cninfo_operating_release,2026-08-06T21:36:36.493291+00:00
2017-04,600115,China Eastern,2017-05-13,2017-05-13T00:00:00+08:00,1203514233,2017年4月经营数据公告,http://static.cninfo.com.cn/finalpage/2017-05-13/1203514233.PDF,issuer_cninfo_operating_release,2026-08-06T21:36:36.493291+00:00
2017-04,600221,Hainan Airlines Holdings,2017-05-13,2017-05-13T00:00:00+08:00,1203514142,2017年4月主要运营数据公告,http://static.cninfo.com.cn/finalpage/2017-05-13/1203514142.PDF,issuer_cninfo_operating_release,2026-08-06T21:36:36.493291+00:00
2017-04,601021,Spring Airlines,2017-05-13,2017-05-13T00:00:00+08:00,1203514118,2017年4月份主要运营数据公告,http://static.cninfo.com.cn/finalpage/2017-05-13/1203514118.PDF,issuer_cninfo_operating_release,2026-08-06T21:36:36.493291+00:00
2017-04,601111,Air China,2017-05-16,2017-05-16T00:00:00+08:00,1203520648,2017年4月主要运营数据公告,http://static.cninfo.com.cn/finalpage/2017-05-16/1203520648.PDF,issuer_cninfo_operating_release,2026-08-06T21:36:36.493291+00:00
2017-04,603885,Juneyao Airlines,2017-05-16,2017-05-16T00:00:00+08:00,1203519532,2017年4月主要运营数据公告,http://static.cninfo.com.cn/finalpage/2017-05-16/1203519532.PDF,issuer_cninfo_operating_release,2026-08-06T21:36:36.493291+00:00
2017-05,600029,China Southern,2017-06-15,2017-06-15T00:00:00+08:00,1203615202,2017年5月主要运营数据公告,http://static.cninfo.com.cn/finalpage/2017-06-15/1203615202.PDF,issuer_cninfo_operating_release,2026-08-06T21:36:36.493291+00:00
2017-05,600115,China Eastern,2017-06-14,2017-06-14T00:00:00+08:00,1203613523,2017年5月经营数据公告,http://static.cninfo.com.cn/finalpage/2017-06-14/1203613523.PDF,issuer_cninfo_operating_release,2026-08-06T21:36:36.493291+00:00
2017-05,600221,Hainan Airlines Holdings,2017-06-15,2017-06-15T00:00:00+08:00,1203615218,2017年5月主要运营数据公告,http://static.cninfo.com.cn/finalpage/2017-06-15/1203615218.PDF,issuer_cninfo_operating_release,2026-08-06T21:36:36.493291+00:00
2017-05,601021,Spring Airlines,2017-06-15,2017-06-15T00:00:00+08:00,1203615281,2017年5月份主要运营数据公告,http://static.cninfo.com.cn/finalpage/2017-06-15/1203615281.PDF,issuer_cninfo_operating_release,2026-08-06T21:36:36.493291+00:00
2017-05,601111,Air China,2017-06-15,2017-06-15T00:00:00+08:00,1203615533,2017年5月主要运营数据公告,http://static.cninfo.com.cn/finalpage/2017-06-15/1203615533.PDF,issuer_cninfo_operating_release,2026-08-06T21:36:36.493291+00:00
2017-05,603885,Juneyao Airlines,2017-06-14,2017-06-14T00:00:00+08:00,1203613371,2017年5月主要运营数据公告,http://static.cninfo.com.cn/finalpage/2017-06-14/1203613371.PDF,issuer_cninfo_operating_release,2026-08-06T21:36:36.493291+00:00
2017-06,600029,China Southern,2017-07-15,2017-07-15T00:00:00+08:00,1203708076,2017年6月主要运营数据公告,http://static.cninfo.com.cn/finalpage/2017-07-15/1203708076.PDF,issuer_cninfo_operating_release,2026-08-06T21:36:36.493291+00:00
2017-06,600115,China Eastern,2017-07-13,2017-07-13T00:00:00+08:00,1203699952,2017年6月经营数据公告,http://static.cninfo.com.cn/finalpage/2017-07-13/1203699952.PDF,issuer_cninfo_operating_release,2026-08-06T21:36:36.493291+00:00
2017-06,600221,Hainan Airlines Holdings,2017-07-15,2017-07-15T00:00:00+08:00,1203707294,2017年6月主要运营数据公告,http://static.cninfo.com.cn/finalpage/2017-07-15/1203707294.PDF,issuer_cninfo_operating_release,2026-08-06T21:36:36.493291+00:00
2017-06,601021,Spring Airlines,2017-07-14,2017-07-14T00:00:00+08:00,1203703300,2017年6月份主要运营数据公告,http://static.cninfo.com.cn/finalpage/2017-07-14/1203703300.PDF,issuer_cninfo_operating_release,2026-08-06T21:36:36.493291+00:00
2017-06,601111,Air China,2017-07-14,2017-07-14T00:00:00+08:00,1203704122,2017年6月主要运营数据公告,http://static.cninfo.com.cn/finalpage/2017-07-14/1203704122.PDF,issuer_cninfo_operating_release,2026-08-06T21:36:36.493291+00:00
2017-06,603885,Juneyao Airlines,2017-07-13,2017-07-13T00:00:00+08:00,1203699811,2017年6月主要运营数据公告,http://static.cninfo.com.cn/finalpage/2017-07-13/1203699811.PDF,issuer_cninfo_operating_release,2026-08-06T21:36:36.493291+00:00
2017-07,600029,China Southern,2017-08-15,2017-08-15T00:00:00+08:00,1203797121,2017年7月主要运营数据公告,http://static.cninfo.com.cn/finalpage/2017-08-15/1203797121.PDF,issuer_cninfo_operating_release,2026-08-06T21:36:36.493291+00:00
2017-07,600115,China Eastern,2017-08-16,2017-08-16T00:00:00+08:00,1203801122,2017年7月经营数据公告,http://static.cninfo.com.cn/finalpage/2017-08-16/1203801122.PDF,issuer_cninfo_operating_release,2026-08-06T21:36:36.493291+00:00
2017-07,600221,Hainan Airlines Holdings,2017-08-15,2017-08-15T00:00:00+08:00,1203796368,2017年7月主要运营数据公告,http://static.cninfo.com.cn/finalpage/2017-08-15/1203796368.PDF,issuer_cninfo_operating_release,2026-08-06T21:36:36.493291+00:00
2017-07,601021,Spring Airlines,2017-08-17,2017-08-17T00:00:00+08:00,1203805737,2017年7月份主要运营数据公告,http://static.cninfo.com.cn/finalpage/2017-08-17/1203805737.PDF,issuer_cninfo_operating_release,2026-08-06T21:36:36.493291+00:00
2017-07,601111,Air China,2017-08-16,2017-08-16T00:00:00+08:00,1203801141,2017年7月主要运营数据公告,http://static.cninfo.com.cn/finalpage/2017-08-16/1203801141.PDF,issuer_cninfo_operating_release,2026-08-06T21:36:36.493291+00:00
2017-07,603885,Juneyao Airlines,2017-08-16,2017-08-16T00:00:00+08:00,1203800779,2017年7月主要运营数据公告,http://static.cninfo.com.cn/finalpage/2017-08-16/1203800779.PDF,issuer_cninfo_operating_release,2026-08-06T21:36:36.493291+00:00
2017-08,600029,China Southern,2017-09-15,2017-09-15T00:00:00+08:00,1203975400,2017年8月主要运营数据公告,http://static.cninfo.com.cn/finalpage/2017-09-15/1203975400.PDF,issuer_cninfo_operating_release,2026-08-06T21:36:36.493291+00:00
2017-08,600115,China Eastern,2017-09-15,2017-09-15T00:00:00+08:00,1203975849,2017年8月经营数据公告,http://static.cninfo.com.cn/finalpage/2017-09-15/1203975849.PDF,issuer_cninfo_operating_release,2026-08-06T21:36:36.493291+00:00
2017-08,600221,Hainan Airlines Holdings,2017-09-15,2017-09-15T00:00:00+08:00,1203975092,2017年8月主要运营数据公告,http://static.cninfo.com.cn/finalpage/2017-09-15/1203975092.PDF,issuer_cninfo_operating_release,2026-08-06T21:36:36.493291+00:00
2017-08,601021,Spring Airlines,2017-09-15,2017-09-15T00:00:00+08:00,1203975782,2017年8月份主要运营数据公告,http://static.cninfo.com.cn/finalpage/2017-09-15/1203975782.PDF,issuer_cninfo_operating_release,2026-08-06T21:36:36.493291+00:00
2017-08,601111,Air China,2017-09-15,2017-09-15T00:00:00+08:00,1203975207,2017年8月主要运营数据公告,http://static.cninfo.com.cn/finalpage/2017-09-15/1203975207.PDF,issuer_cninfo_operating_release,2026-08-06T21:36:36.493291+00:00
2017-08,603885,Juneyao Airlines,2017-09-14,2017-09-14T00:00:00+08:00,1203971561,2017年8月主要运营数据公告,http://static.cninfo.com.cn/finalpage/2017-09-14/1203971561.PDF,issuer_cninfo_operating_release,2026-08-06T21:36:36.493291+00:00
2017-09,600029,China Southern,2017-10-14,2017-10-14T00:00:00+08:00,1204040338,2017年9月主要运营数据公告,http://static.cninfo.com.cn/finalpage/2017-10-14/1204040338.PDF,issuer_cninfo_operating_release,2026-08-06T21:36:36.493291+00:00
2017-09,600115,China Eastern,2017-10-17,2017-10-17T00:00:00+08:00,1204045342,2017年9月经营数据公告,http://static.cninfo.com.cn/finalpage/2017-10-17/1204045342.PDF,issuer_cninfo_operating_release,2026-08-06T21:36:36.493291+00:00
2017-09,600221,Hainan Airlines Holdings,2017-10-14,2017-10-14T00:00:00+08:00,1204040525,2017年9月主要运营数据公告,http://static.cninfo.com.cn/finalpage/2017-10-14/1204040525.PDF,issuer_cninfo_operating_release,2026-08-06T21:36:36.493291+00:00
2017-09,601021,Spring Airlines,2017-10-14,2017-10-14T00:00:00+08:00,1204039199,2017年9月份主要运营数据公告,http://static.cninfo.com.cn/finalpage/2017-10-14/1204039199.PDF,issuer_cninfo_operating_release,2026-08-06T21:36:36.493291+00:00
2017-09,601111,Air China,2017-10-14,2017-10-14T00:00:00+08:00,1204039638,2017年9月主要运营数据公告,http://static.cninfo.com.cn/finalpage/2017-10-14/1204039638.PDF,issuer_cninfo_operating_release,2026-08-06T21:36:36.493291+00:00
2017-09,603885,Juneyao Airlines,2017-10-17,2017-10-17T00:00:00+08:00,1204045118,2017年9月主要运营数据公告,http://static.cninfo.com.cn/finalpage/2017-10-17/1204045118.PDF,issuer_cninfo_operating_release,2026-08-06T21:36:36.493291+00:00
2017-10,600029,China Southern,2017-11-16,2017-11-16T00:00:00+08:00,1204143005,2017年10月主要运营数据公告,http://static.cninfo.com.cn/finalpage/2017-11-16/1204143005.PDF,issuer_cninfo_operating_release,2026-08-06T21:36:36.493291+00:00
2017-10,600115,China Eastern,2017-11-17,2017-11-17T00:00:00+08:00,1204144690,2017年10月经营数据公告,http://static.cninfo.com.cn/finalpage/2017-11-17/1204144690.PDF,issuer_cninfo_operating_release,2026-08-06T21:36:36.493291+00:00
2017-10,600221,Hainan Airlines Holdings,2017-11-15,2017-11-15T00:00:00+08:00,1204138541,2017年10月主要运营数据公告,http://static.cninfo.com.cn/finalpage/2017-11-15/1204138541.PDF,issuer_cninfo_operating_release,2026-08-06T21:36:36.493291+00:00
2017-10,601021,Spring Airlines,2017-11-15,2017-11-15T00:00:00+08:00,1204138477,2017年10月份主要运营数据公告,http://static.cninfo.com.cn/finalpage/2017-11-15/1204138477.PDF,issuer_cninfo_operating_release,2026-08-06T21:36:36.493291+00:00
2017-10,601111,Air China,2017-11-16,2017-11-16T00:00:00+08:00,1204143045,2017年10月主要运营数据公告,http://static.cninfo.com.cn/finalpage/2017-11-16/1204143045.PDF,issuer_cninfo_operating_release,2026-08-06T21:36:36.493291+00:00
2017-10,603885,Juneyao Airlines,2017-11-16,2017-11-16T00:00:00+08:00,1204142136,2017年10月主要运营数据公告,http://static.cninfo.com.cn/finalpage/2017-11-16/1204142136.PDF,issuer_cninfo_operating_release,2026-08-06T21:36:36.493291+00:00
2017-11,600029,China Southern,2017-12-14,2017-12-14T00:00:00+08:00,1204220177,2017年11月主要运营数据公告,http://static.cninfo.com.cn/finalpage/2017-12-14/1204220177.PDF,issuer_cninfo_operating_release,2026-08-06T21:36:36.493291+00:00
2017-11,600115,China Eastern,2017-12-16,2017-12-16T00:00:00+08:00,1204231913,2017年11月经营数据公告,http://static.cninfo.com.cn/finalpage/2017-12-16/1204231913.PDF,issuer_cninfo_operating_release,2026-08-06T21:36:36.493291+00:00
2017-11,600221,Hainan Airlines Holdings,2017-12-15,2017-12-15T00:00:00+08:00,1204221953,2017年11月主要运营数据公告,http://static.cninfo.com.cn/finalpage/2017-12-15/1204221953.PDF,issuer_cninfo_operating_release,2026-08-06T21:36:36.493291+00:00
2017-11,601021,Spring Airlines,2017-12-15,2017-12-15T00:00:00+08:00,1204222065,2017年11月份主要运营数据公告,http://static.cninfo.com.cn/finalpage/2017-12-15/1204222065.PDF,issuer_cninfo_operating_release,2026-08-06T21:36:36.493291+00:00
2017-11,601111,Air China,2017-12-16,2017-12-16T00:00:00+08:00,1204233060,2017年11月主要运营数据公告,http://static.cninfo.com.cn/finalpage/2017-12-16/1204233060.PDF,issuer_cninfo_operating_release,2026-08-06T21:36:36.493291+00:00
2017-11,603885,Juneyao Airlines,2017-12-14,2017-12-14T00:00:00+08:00,1204219854,2017年11月主要运营数据公告,http://static.cninfo.com.cn/finalpage/2017-12-14/1204219854.PDF,issuer_cninfo_operating_release,2026-08-06T21:36:36.493291+00:00
2017-12,600029,China Southern,2018-01-16,2018-01-16T00:00:00+08:00,1204332515,2017年12月主要运营数据公告,http://static.cninfo.com.cn/finalpage/2018-01-16/1204332515.PDF,issuer_cninfo_operating_release,2026-08-06T21:36:36.493291+00:00
2017-12,600115,China Eastern,2018-01-16,2018-01-16T00:00:00+08:00,1204331971,2017年12月经营数据公告,http://static.cninfo.com.cn/finalpage/2018-01-16/1204331971.PDF,issuer_cninfo_operating_release,2026-08-06T21:36:36.493291+00:00
2017-12,600221,Hainan Airlines Holdings,2018-01-13,2018-01-13T00:00:00+08:00,1204326997,2017年12月主要运营数据公告,http://static.cninfo.com.cn/finalpage/2018-01-13/1204326997.PDF,issuer_cninfo_operating_release,2026-08-06T21:36:36.493291+00:00
2017-12,601021,Spring Airlines,2018-01-16,2018-01-16T00:00:00+08:00,1204332735,2017年12月份主要运营数据公告,http://static.cninfo.com.cn/finalpage/2018-01-16/1204332735.PDF,issuer_cninfo_operating_release,2026-08-06T21:36:36.493291+00:00
2017-12,601111,Air China,2018-01-16,2018-01-16T00:00:00+08:00,1204331832,2017年12月主要运营数据公告,http://static.cninfo.com.cn/finalpage/2018-01-16/1204331832.PDF,issuer_cninfo_operating_release,2026-08-06T21:36:36.493291+00:00
2017-12,603885,Juneyao Airlines,2018-01-16,2018-01-16T00:00:00+08:00,1204331593,2017年12月主要运营数据公告,http://static.cninfo.com.cn/finalpage/2018-01-16/1204331593.PDF,issuer_cninfo_operating_release,2026-08-06T21:36:36.493291+00:00
2018-01,600029,China Southern,2018-02-14,2018-02-14T00:00:00+08:00,1204420719,2018年1月主要运营数据公告,http://static.cninfo.com.cn/finalpage/2018-02-14/1204420719.PDF,issuer_cninfo_operating_release,2026-08-06T21:36:36.493291+00:00
2018-01,600115,China Eastern,2018-02-14,2018-02-14T00:00:00+08:00,1204420934,2018年1月经营数据公告,http://static.cninfo.com.cn/finalpage/2018-02-14/1204420934.PDF,issuer_cninfo_operating_release,2026-08-06T21:36:36.493291+00:00
2018-01,600221,Hainan Airlines Holdings,2018-02-14,2018-02-14T00:00:00+08:00,1204420857,2018年1月主要运营数据公告,http://static.cninfo.com.cn/finalpage/2018-02-14/1204420857.PDF,issuer_cninfo_operating_release,2026-08-06T21:36:36.493291+00:00
2018-01,601021,Spring Airlines,2018-02-14,2018-02-14T00:00:00+08:00,1204420662,2018年1月份主要运营数据公告,http://static.cninfo.com.cn/finalpage/2018-02-14/1204420662.PDF,issuer_cninfo_operating_release,2026-08-06T21:36:36.493291+00:00
2018-01,601111,Air China,2018-02-14,2018-02-14T00:00:00+08:00,1204420762,2018年1月主要运营数据公告,http://static.cninfo.com.cn/finalpage/2018-02-14/1204420762.PDF,issuer_cninfo_operating_release,2026-08-06T21:36:36.493291+00:00
2018-01,603885,Juneyao Airlines,2018-02-13,2018-02-13T00:00:00+08:00,1204417591,2018年1月主要运营数据公告,http://static.cninfo.com.cn/finalpage/2018-02-13/1204417591.PDF,issuer_cninfo_operating_release,2026-08-06T21:36:36.493291+00:00
2018-02,600029,China Southern,2018-03-15,2018-03-15T00:00:00+08:00,1204476619,2018年2月主要运营数据公告,http://static.cninfo.com.cn/finalpage/2018-03-15/1204476619.PDF,issuer_cninfo_operating_release,2026-08-06T21:36:36.493291+00:00
2018-02,600115,China Eastern,2018-03-16,2018-03-16T00:00:00+08:00,1204479796,2018年2月经营数据公告,http://static.cninfo.com.cn/finalpage/2018-03-16/1204479796.PDF,issuer_cninfo_operating_release,2026-08-06T21:36:36.493291+00:00
2018-02,600221,Hainan Airlines Holdings,2018-03-15,2018-03-15T00:00:00+08:00,1204476846,2018年2月主要运营数据公告,http://static.cninfo.com.cn/finalpage/2018-03-15/1204476846.PDF,issuer_cninfo_operating_release,2026-08-06T21:36:36.493291+00:00
2018-02,601021,Spring Airlines,2018-03-15,2018-03-15T00:00:00+08:00,1204476840,2018年2月份主要运营数据公告,http://static.cninfo.com.cn/finalpage/2018-03-15/1204476840.PDF,issuer_cninfo_operating_release,2026-08-06T21:36:36.493291+00:00
2018-02,601111,Air China,2018-03-14,2018-03-14T00:00:00+08:00,1204472532,2018年2月主要运营数据公告,http://static.cninfo.com.cn/finalpage/2018-03-14/1204472532.PDF,issuer_cninfo_operating_release,2026-08-06T21:36:36.493291+00:00
2018-02,603885,Juneyao Airlines,2018-03-15,2018-03-15T00:00:00+08:00,1204476624,2018年2月主要运营数据公告,http://static.cninfo.com.cn/finalpage/2018-03-15/1204476624.PDF,issuer_cninfo_operating_release,2026-08-06T21:36:36.493291+00:00
2018-03,600029,China Southern,2018-04-14,2018-04-14T00:00:00+08:00,1204625800,2018年3月主要运营数据公告,http://static.cninfo.com.cn/finalpage/2018-04-14/1204625800.PDF,issuer_cninfo_operating_release,2026-08-06T21:36:36.493291+00:00
2018-03,600115,China Eastern,2018-04-17,2018-04-17T00:00:00+08:00,1204642209,2018年3月经营数据公告,http://static.cninfo.com.cn/finalpage/2018-04-17/1204642209.PDF,issuer_cninfo_operating_release,2026-08-06T21:36:36.493291+00:00
2018-03,600221,Hainan Airlines Holdings,2018-04-14,2018-04-14T00:00:00+08:00,1204628324,2018年3月主要运营数据公告,http://static.cninfo.com.cn/finalpage/2018-04-14/1204628324.PDF,issuer_cninfo_operating_release,2026-08-06T21:36:36.493291+00:00
2018-03,601021,Spring Airlines,2018-04-14,2018-04-14T00:00:00+08:00,1204627668,2018年3月份主要运营数据公告,http://static.cninfo.com.cn/finalpage/2018-04-14/1204627668.PDF,issuer_cninfo_operating_release,2026-08-06T21:36:36.493291+00:00
2018-03,601111,Air China,2018-04-17,2018-04-17T00:00:00+08:00,1204640833,2018年3月主要运营数据公告,http://static.cninfo.com.cn/finalpage/2018-04-17/1204640833.PDF,issuer_cninfo_operating_release,2026-08-06T21:36:36.493291+00:00
2018-03,603885,Juneyao Airlines,2018-04-18,2018-04-18T00:00:00+08:00,1204646057,2018年3月主要运营数据公告,http://static.cninfo.com.cn/finalpage/2018-04-18/1204646057.PDF,issuer_cninfo_operating_release,2026-08-06T21:36:36.493291+00:00
2018-04,600029,China Southern,2018-05-15,2018-05-15T00:00:00+08:00,1204942771,2018年4月主要运营数据公告,http://static.cninfo.com.cn/finalpage/2018-05-15/1204942771.PDF,issuer_cninfo_operating_release,2026-08-06T21:36:36.493291+00:00
2018-04,600115,China Eastern,2018-05-16,2018-05-16T00:00:00+08:00,1204945543,2018年4月经营数据公告,http://static.cninfo.com.cn/finalpage/2018-05-16/1204945543.PDF,issuer_cninfo_operating_release,2026-08-06T21:36:36.493291+00:00
2018-04,600221,Hainan Airlines Holdings,2018-05-15,2018-05-15T00:00:00+08:00,1204942942,2018年4月主要运营数据公告,http://static.cninfo.com.cn/finalpage/2018-05-15/1204942942.PDF,issuer_cninfo_operating_release,2026-08-06T21:36:36.493291+00:00
2018-04,601021,Spring Airlines,2018-05-15,2018-05-15T00:00:00+08:00,1204941805,2018年4月份主要运营数据公告,http://static.cninfo.com.cn/finalpage/2018-05-15/1204941805.PDF,issuer_cninfo_operating_release,2026-08-06T21:36:36.493291+00:00
2018-04,601111,Air China,2018-05-15,2018-05-15T00:00:00+08:00,1204941707,2018年4月主要运营数据公告,http://static.cninfo.com.cn/finalpage/2018-05-15/1204941707.PDF,issuer_cninfo_operating_release,2026-08-06T21:36:36.493291+00:00
2018-04,603885,Juneyao Airlines,2018-05-15,2018-05-15T00:00:00+08:00,1204941728,2018年4月主要运营数据公告,http://static.cninfo.com.cn/finalpage/2018-05-15/1204941728.PDF,issuer_cninfo_operating_release,2026-08-06T21:36:36.493291+00:00
2018-05,600029,China Southern,2018-06-15,2018-06-15T00:00:00+08:00,1205060798,2018年5月主要运营数据公告,http://static.cninfo.com.cn/finalpage/2018-06-15/1205060798.PDF,issuer_cninfo_operating_release,2026-08-06T21:36:36.493291+00:00
2018-05,600115,China Eastern,2018-06-16,2018-06-16T00:00:00+08:00,1205063124,2018年5月经营数据公告,http://static.cninfo.com.cn/finalpage/2018-06-16/1205063124.PDF,issuer_cninfo_operating_release,2026-08-06T21:36:36.493291+00:00
2018-05,600221,Hainan Airlines Holdings,2018-06-15,2018-06-15T00:00:00+08:00,1205060662,2018年5月主要运营数据公告,http://static.cninfo.com.cn/finalpage/2018-06-15/1205060662.PDF,issuer_cninfo_operating_release,2026-08-06T21:36:36.493291+00:00
2018-05,601021,Spring Airlines,2018-06-15,2018-06-15T00:00:00+08:00,1205060480,2018年5月份主要运营数据公告,http://static.cninfo.com.cn/finalpage/2018-06-15/1205060480.PDF,issuer_cninfo_operating_release,2026-08-06T21:36:36.493291+00:00
2018-05,601111,Air China,2018-06-15,2018-06-15T00:00:00+08:00,1205060642,2018年5月主要运营数据公告,http://static.cninfo.com.cn/finalpage/2018-06-15/1205060642.PDF,issuer_cninfo_operating_release,2026-08-06T21:36:36.493291+00:00
2018-05,603885,Juneyao Airlines,2018-06-14,2018-06-14T00:00:00+08:00,1205057831,2018年5月主要运营数据公告,http://static.cninfo.com.cn/finalpage/2018-06-14/1205057831.PDF,issuer_cninfo_operating_release,2026-08-06T21:36:36.493291+00:00
2018-06,600029,China Southern,2018-07-14,2018-07-14T00:00:00+08:00,1205152966,2018年6月主要运营数据公告,http://static.cninfo.com.cn/finalpage/2018-07-14/1205152966.PDF,issuer_cninfo_operating_release,2026-08-06T21:36:36.493291+00:00
2018-06,600115,China Eastern,2018-07-12,2018-07-12T00:00:00+08:00,1205141381,2018年6月经营数据公告,http://static.cninfo.com.cn/finalpage/2018-07-12/1205141381.PDF,issuer_cninfo_operating_release,2026-08-06T21:36:36.493291+00:00
2018-06,600221,Hainan Airlines Holdings,2018-07-14,2018-07-14T00:00:00+08:00,1205152961,2018年6月主要运营数据公告,http://static.cninfo.com.cn/finalpage/2018-07-14/1205152961.PDF,issuer_cninfo_operating_release,2026-08-06T21:36:36.493291+00:00
2018-06,601021,Spring Airlines,2018-07-10,2018-07-10T00:00:00+08:00,1205134887,2018年6月份主要运营数据公告,http://static.cninfo.com.cn/finalpage/2018-07-10/1205134887.PDF,issuer_cninfo_operating_release,2026-08-06T21:36:36.493291+00:00
2018-06,601111,Air China,2018-07-14,2018-07-14T00:00:00+08:00,1205155876,2018年6月主要运营数据公告,http://static.cninfo.com.cn/finalpage/2018-07-14/1205155876.PDF,issuer_cninfo_operating_release,2026-08-06T21:36:36.493291+00:00
2018-06,603885,Juneyao Airlines,2018-07-14,2018-07-14T00:00:00+08:00,1205152616,2018年6月主要运营数据公告,http://static.cninfo.com.cn/finalpage/2018-07-14/1205152616.PDF,issuer_cninfo_operating_release,2026-08-06T21:36:36.493291+00:00
2018-07,600029,China Southern,2018-08-15,2018-08-15T00:00:00+08:00,1205286776,2018年7月主要运营数据公告,http://static.cninfo.com.cn/finalpage/2018-08-15/1205286776.PDF,issuer_cninfo_operating_release,2026-08-06T21:36:36.493291+00:00
2018-07,600115,China Eastern,2018-08-16,2018-08-16T00:00:00+08:00,1205289924,2018年7月经营数据公告,http://static.cninfo.com.cn/finalpage/2018-08-16/1205289924.PDF,issuer_cninfo_operating_release,2026-08-06T21:36:36.493291+00:00
2018-07,600221,Hainan Airlines Holdings,2018-08-15,2018-08-15T00:00:00+08:00,1205286935,2018年7月主要运营数据公告,http://static.cninfo.com.cn/finalpage/2018-08-15/1205286935.PDF,issuer_cninfo_operating_release,2026-08-06T21:36:36.493291+00:00
2018-07,601021,Spring Airlines,2018-08-15,2018-08-15T00:00:00+08:00,1205286830,2018年7月份主要运营数据公告,http://static.cninfo.com.cn/finalpage/2018-08-15/1205286830.PDF,issuer_cninfo_operating_release,2026-08-06T21:36:36.493291+00:00
2018-07,601111,Air China,2018-08-15,2018-08-15T00:00:00+08:00,1205287519,2018年7月主要运营数据公告,http://static.cninfo.com.cn/finalpage/2018-08-15/1205287519.PDF,issuer_cninfo_operating_release,2026-08-06T21:36:36.493291+00:00
2018-07,603885,Juneyao Airlines,2018-08-11,2018-08-11T00:00:00+08:00,1205275112,2018年7月主要运营数据公告,http://static.cninfo.com.cn/finalpage/2018-08-11/1205275112.PDF,issuer_cninfo_operating_release,2026-08-06T21:36:36.493291+00:00
2018-08,600029,China Southern,2018-09-11,2018-09-11T00:00:00+08:00,1205428397,2018年8月主要运营数据公告,http://static.cninfo.com.cn/finalpage/2018-09-11/1205428397.PDF,issuer_cninfo_operating_release,2026-08-06T21:36:36.493291+00:00
2018-08,600115,China Eastern,2018-09-15,2018-09-15T00:00:00+08:00,1205436445,2018年8月经营数据公告,http://static.cninfo.com.cn/finalpage/2018-09-15/1205436445.PDF,issuer_cninfo_operating_release,2026-08-06T21:36:36.493291+00:00
2018-08,600221,Hainan Airlines Holdings,2018-09-15,2018-09-15T00:00:00+08:00,1205436202,2018年8月主要运营数据公告,http://static.cninfo.com.cn/finalpage/2018-09-15/1205436202.PDF,issuer_cninfo_operating_release,2026-08-06T21:36:36.493291+00:00
2018-08,601021,Spring Airlines,2018-09-14,2018-09-14T00:00:00+08:00,1205434102,2018年8月份主要运营数据公告,http://static.cninfo.com.cn/finalpage/2018-09-14/1205434102.PDF,issuer_cninfo_operating_release,2026-08-06T21:36:36.493291+00:00
2018-08,601111,Air China,2018-09-15,2018-09-15T00:00:00+08:00,1205436427,2018年8月主要运营数据公告,http://static.cninfo.com.cn/finalpage/2018-09-15/1205436427.PDF,issuer_cninfo_operating_release,2026-08-06T21:36:36.493291+00:00
2018-08,603885,Juneyao Airlines,2018-09-14,2018-09-14T00:00:00+08:00,1205433961,2018年8月主要运营数据公告,http://static.cninfo.com.cn/finalpage/2018-09-14/1205433961.PDF,issuer_cninfo_operating_release,2026-08-06T21:36:36.493291+00:00
2018-09,600029,China Southern,2018-10-16,2018-10-16T00:00:00+08:00,1205505332,2018年9月主要运营数据公告,http://static.cninfo.com.cn/finalpage/2018-10-16/1205505332.PDF,issuer_cninfo_operating_release,2026-08-06T21:36:36.493291+00:00
2018-09,600115,China Eastern,2018-10-16,2018-10-16T00:00:00+08:00,1205505184,2018年9月经营数据公告,http://static.cninfo.com.cn/finalpage/2018-10-16/1205505184.PDF,issuer_cninfo_operating_release,2026-08-06T21:36:36.493291+00:00
2018-09,600221,Hainan Airlines Holdings,2018-10-16,2018-10-16T00:00:00+08:00,1205505051,2018年9月主要运营数据公告,http://static.cninfo.com.cn/finalpage/2018-10-16/1205505051.PDF,issuer_cninfo_operating_release,2026-08-06T21:36:36.493291+00:00
2018-09,601021,Spring Airlines,2018-10-17,2018-10-17T00:00:00+08:00,1205507744,2018年9月份主要运营数据公告,http://static.cninfo.com.cn/finalpage/2018-10-17/1205507744.PDF,issuer_cninfo_operating_release,2026-08-06T21:36:36.493291+00:00
2018-09,601111,Air China,2018-10-13,2018-10-13T00:00:00+08:00,1205500344,2018年9月主要运营数据公告,http://static.cninfo.com.cn/finalpage/2018-10-13/1205500344.PDF,issuer_cninfo_operating_release,2026-08-06T21:36:36.493291+00:00
2018-09,603885,Juneyao Airlines,2018-10-16,2018-10-16T00:00:00+08:00,1205504964,2018年9月主要运营数据公告,http://static.cninfo.com.cn/finalpage/2018-10-16/1205504964.PDF,issuer_cninfo_operating_release,2026-08-06T21:36:36.493291+00:00
2018-10,600029,China Southern,2018-11-15,2018-11-15T00:00:00+08:00,1205603645,2018年10月主要运营数据公告,http://static.cninfo.com.cn/finalpage/2018-11-15/1205603645.PDF,issuer_cninfo_operating_release,2026-08-06T21:36:36.493291+00:00
2018-10,600115,China Eastern,2018-11-16,2018-11-16T00:00:00+08:00,1205605537,2018年10月经营数据公告,http://static.cninfo.com.cn/finalpage/2018-11-16/1205605537.PDF,issuer_cninfo_operating_release,2026-08-06T21:36:36.493291+00:00
2018-10,600221,Hainan Airlines Holdings,2018-11-15,2018-11-15T00:00:00+08:00,1205603615,2018年10月主要运营数据公告,http://static.cninfo.com.cn/finalpage/2018-11-15/1205603615.PDF,issuer_cninfo_operating_release,2026-08-06T21:36:36.493291+00:00
2018-10,601021,Spring Airlines,2018-11-17,2018-11-17T00:00:00+08:00,1205612848,2018年10月份主要运营数据公告,http://static.cninfo.com.cn/finalpage/2018-11-17/1205612848.PDF,issuer_cninfo_operating_release,2026-08-06T21:36:36.493291+00:00
2018-10,601111,Air China,2018-11-17,2018-11-17T00:00:00+08:00,1205612103,2018年10月主要运营数据公告,http://static.cninfo.com.cn/finalpage/2018-11-17/1205612103.PDF,issuer_cninfo_operating_release,2026-08-06T21:36:36.493291+00:00
2018-10,603885,Juneyao Airlines,2018-11-16,2018-11-16T00:00:00+08:00,1205605420,2018年10月主要运营数据公告,http://static.cninfo.com.cn/finalpage/2018-11-16/1205605420.PDF,issuer_cninfo_operating_release,2026-08-06T21:36:36.493291+00:00
2018-11,600029,China Southern,2018-12-15,2018-12-15T00:00:00+08:00,1205670930,2018年11月主要运营数据公告,http://static.cninfo.com.cn/finalpage/2018-12-15/1205670930.PDF,issuer_cninfo_operating_release,2026-08-06T21:36:36.493291+00:00
2018-11,600115,China Eastern,2018-12-15,2018-12-15T00:00:00+08:00,1205671942,2018年11月经营数据公告,http://static.cninfo.com.cn/finalpage/2018-12-15/1205671942.PDF,issuer_cninfo_operating_release,2026-08-06T21:36:36.493291+00:00
2018-11,600221,Hainan Airlines Holdings,2018-12-15,2018-12-15T00:00:00+08:00,1205670867,2018年11月主要运营数据公告,http://static.cninfo.com.cn/finalpage/2018-12-15/1205670867.PDF,issuer_cninfo_operating_release,2026-08-06T21:36:36.493291+00:00
2018-11,601021,Spring Airlines,2018-12-18,2018-12-18T00:00:00+08:00,1205673794,2018年11月份主要运营数据公告,http://static.cninfo.com.cn/finalpage/2018-12-18/1205673794.PDF,issuer_cninfo_operating_release,2026-08-06T21:36:36.493291+00:00
2018-11,601111,Air China,2018-12-15,2018-12-15T00:00:00+08:00,1205671242,2018年11月主要运营数据公告,http://static.cninfo.com.cn/finalpage/2018-12-15/1205671242.PDF,issuer_cninfo_operating_release,2026-08-06T21:36:36.493291+00:00
2018-11,603885,Juneyao Airlines,2018-12-15,2018-12-15T00:00:00+08:00,1205670904,2018年11月主要运营数据公告,http://static.cninfo.com.cn/finalpage/2018-12-15/1205670904.PDF,issuer_cninfo_operating_release,2026-08-06T21:36:36.493291+00:00
2018-12,600029,China Southern,2019-01-15,2019-01-15T00:00:00+08:00,1205769162,2018年12月主要运营数据公告,http://static.cninfo.com.cn/finalpage/2019-01-15/1205769162.PDF,issuer_cninfo_operating_release,2026-08-06T21:36:36.493291+00:00
2018-12,600115,China Eastern,2019-01-16,2019-01-16T00:00:00+08:00,1205772552,2018年12月经营数据公告,http://static.cninfo.com.cn/finalpage/2019-01-16/1205772552.PDF,issuer_cninfo_operating_release,2026-08-06T21:36:36.493291+00:00
2018-12,600221,Hainan Airlines Holdings,2019-01-16,2019-01-16T00:00:00+08:00,1205772358,2018年12月主要运营数据公告,http://static.cninfo.com.cn/finalpage/2019-01-16/1205772358.PDF,issuer_cninfo_operating_release,2026-08-06T21:36:36.493291+00:00
2018-12,601021,Spring Airlines,2019-01-15,2019-01-15T00:00:00+08:00,1205768652,2018年12月份主要运营数据公告,http://static.cninfo.com.cn/finalpage/2019-01-15/1205768652.PDF,issuer_cninfo_operating_release,2026-08-06T21:36:36.493291+00:00
2018-12,601111,Air China,2019-01-16,2019-01-16T00:00:00+08:00,1205773167,2018年12月主要运营数据公告,http://static.cninfo.com.cn/finalpage/2019-01-16/1205773167.PDF,issuer_cninfo_operating_release,2026-08-06T21:36:36.493291+00:00
2018-12,603885,Juneyao Airlines,2019-01-15,2019-01-15T00:00:00+08:00,1205768701,2018年12月主要运营数据公告,http://static.cninfo.com.cn/finalpage/2019-01-15/1205768701.PDF,issuer_cninfo_operating_release,2026-08-06T21:36:36.493291+00:00
2019-01,600029,China Southern,2019-02-16,2019-02-16T00:00:00+08:00,1205835863,2019年1月主要运营数据公告,http://static.cninfo.com.cn/finalpage/2019-02-16/1205835863.PDF,issuer_cninfo_operating_release,2026-08-06T21:36:36.493291+00:00
2019-01,600115,China Eastern,2019-02-16,2019-02-16T00:00:00+08:00,1205835859,2019年1月经营数据公告,http://static.cninfo.com.cn/finalpage/2019-02-16/1205835859.PDF,issuer_cninfo_operating_release,2026-08-06T21:36:36.493291+00:00
2019-01,600221,Hainan Airlines Holdings,2019-02-16,2019-02-16T00:00:00+08:00,1205835505,2019年1月主要运营数据公告,http://static.cninfo.com.cn/finalpage/2019-02-16/1205835505.PDF,issuer_cninfo_operating_release,2026-08-06T21:36:36.493291+00:00
2019-01,601021,Spring Airlines,2019-02-16,2019-02-16T00:00:00+08:00,1205835479,2019年1月份主要运营数据公告,http://static.cninfo.com.cn/finalpage/2019-02-16/1205835479.PDF,issuer_cninfo_operating_release,2026-08-06T21:36:36.493291+00:00
2019-01,601111,Air China,2019-02-16,2019-02-16T00:00:00+08:00,1205835841,2019年1月主要运营数据公告,http://static.cninfo.com.cn/finalpage/2019-02-16/1205835841.PDF,issuer_cninfo_operating_release,2026-08-06T21:36:36.493291+00:00
2019-01,603885,Juneyao Airlines,2019-02-16,2019-02-16T00:00:00+08:00,1205835547,2019年1月主要运营数据公告,http://static.cninfo.com.cn/finalpage/2019-02-16/1205835547.PDF,issuer_cninfo_operating_release,2026-08-06T21:36:36.493291+00:00
2019-02,600029,China Southern,2019-03-14,2019-03-14T00:00:00+08:00,1205897383,2019年2月主要运营数据公告,http://static.cninfo.com.cn/finalpage/2019-03-14/1205897383.PDF,issuer_cninfo_operating_release,2026-08-06T21:36:36.493291+00:00
2019-02,600115,China Eastern,2019-03-16,2019-03-16T00:00:00+08:00,1205902611,2019年2月经营数据公告,http://static.cninfo.com.cn/finalpage/2019-03-16/1205902611.PDF,issuer_cninfo_operating_release,2026-08-06T21:36:36.493291+00:00
2019-02,600221,Hainan Airlines Holdings,2019-03-16,2019-03-16T00:00:00+08:00,1205902302,2019年2月主要运营数据公告,http://static.cninfo.com.cn/finalpage/2019-03-16/1205902302.PDF,issuer_cninfo_operating_release,2026-08-06T21:36:36.493291+00:00
2019-02,601021,Spring Airlines,2019-03-15,2019-03-15T00:00:00+08:00,1205898901,2019年2月份主要运营数据公告,http://static.cninfo.com.cn/finalpage/2019-03-15/1205898901.PDF,issuer_cninfo_operating_release,2026-08-06T21:36:36.493291+00:00
2019-02,601111,Air China,2019-03-15,2019-03-15T00:00:00+08:00,1205898899,2019年2月主要运营数据公告,http://static.cninfo.com.cn/finalpage/2019-03-15/1205898899.PDF,issuer_cninfo_operating_release,2026-08-06T21:36:36.493291+00:00
2019-02,603885,Juneyao Airlines,2019-03-15,2019-03-15T00:00:00+08:00,1205898871,2019年2月主要运营数据公告,http://static.cninfo.com.cn/finalpage/2019-03-15/1205898871.PDF,issuer_cninfo_operating_release,2026-08-06T21:36:36.493291+00:00
2019-03,600029,China Southern,2019-04-16,2019-04-16T00:00:00+08:00,1206020952,2019年3月主要运营数据公告,http://static.cninfo.com.cn/finalpage/2019-04-16/1206020952.PDF,issuer_cninfo_operating_release,2026-08-06T21:36:36.493291+00:00
2019-03,600115,China Eastern,2019-04-17,2019-04-17T00:00:00+08:00,1206041281,2019年3月经营数据公告,http://static.cninfo.com.cn/finalpage/2019-04-17/1206041281.PDF,issuer_cninfo_operating_release,2026-08-06T21:36:36.493291+00:00
2019-03,600221,Hainan Airlines Holdings,2019-04-16,2019-04-16T00:00:00+08:00,1206019678,2019年3月主要运营数据公告,http://static.cninfo.com.cn/finalpage/2019-04-16/1206019678.PDF,issuer_cninfo_operating_release,2026-08-06T21:36:36.493291+00:00
2019-03,601021,Spring Airlines,2019-04-16,2019-04-16T00:00:00+08:00,1206019372,2019年3月份主要运营数据公告,http://static.cninfo.com.cn/finalpage/2019-04-16/1206019372.PDF,issuer_cninfo_operating_release,2026-08-06T21:36:36.493291+00:00
2019-03,601111,Air China,2019-04-16,2019-04-16T00:00:00+08:00,1206019890,2019年3月主要运营数据公告,http://static.cninfo.com.cn/finalpage/2019-04-16/1206019890.PDF,issuer_cninfo_operating_release,2026-08-06T21:36:36.493291+00:00
2019-03,603885,Juneyao Airlines,2019-04-16,2019-04-16T00:00:00+08:00,1206019331,2019年3月主要运营数据公告,http://static.cninfo.com.cn/finalpage/2019-04-16/1206019331.PDF,issuer_cninfo_operating_release,2026-08-06T21:36:36.493291+00:00
2019-04,600029,China Southern,2019-05-15,2019-05-15T00:00:00+08:00,1206266145,2019年4月主要运营数据公告,http://static.cninfo.com.cn/finalpage/2019-05-15/1206266145.PDF,issuer_cninfo_operating_release,2026-08-06T21:36:36.493291+00:00
2019-04,600115,China Eastern,2019-05-16,2019-05-16T00:00:00+08:00,1206272592,2019年4月运营数据公告,http://static.cninfo.com.cn/finalpage/2019-05-16/1206272592.PDF,issuer_cninfo_operating_release,2026-08-06T21:36:36.493291+00:00
2019-04,600221,Hainan Airlines Holdings,2019-05-16,2019-05-16T00:00:00+08:00,1206271861,2019年4月主要运营数据公告,http://static.cninfo.com.cn/finalpage/2019-05-16/1206271861.PDF,issuer_cninfo_operating_release,2026-08-06T21:36:36.493291+00:00
2019-04,601021,Spring Airlines,2019-05-14,2019-05-14T00:00:00+08:00,1206263699,2019年4月份主要运营数据公告,http://static.cninfo.com.cn/finalpage/2019-05-14/1206263699.PDF,issuer_cninfo_operating_release,2026-08-06T21:36:36.493291+00:00
2019-04,601111,Air China,2019-05-16,2019-05-16T00:00:00+08:00,1206272578,2019年4月主要运营数据公告,http://static.cninfo.com.cn/finalpage/2019-05-16/1206272578.PDF,issuer_cninfo_operating_release,2026-08-06T21:36:36.493291+00:00
2019-04,603885,Juneyao Airlines,2019-05-15,2019-05-15T00:00:00+08:00,1206266216,2019年4月主要运营数据公告,http://static.cninfo.com.cn/finalpage/2019-05-15/1206266216.PDF,issuer_cninfo_operating_release,2026-08-06T21:36:36.493291+00:00
2019-05,600029,China Southern,2019-06-15,2019-06-15T00:00:00+08:00,1206353954,2019年5月主要运营数据公告,http://static.cninfo.com.cn/finalpage/2019-06-15/1206353954.PDF,issuer_cninfo_operating_release,2026-08-06T21:36:36.493291+00:00
2019-05,600115,China Eastern,2019-06-15,2019-06-15T00:00:00+08:00,1206354211,2019年5月运营数据公告,http://static.cninfo.com.cn/finalpage/2019-06-15/1206354211.PDF,issuer_cninfo_operating_release,2026-08-06T21:36:36.493291+00:00
2019-05,600221,Hainan Airlines Holdings,2019-06-15,2019-06-15T00:00:00+08:00,1206353933,2019年5月主要运营数据公告,http://static.cninfo.com.cn/finalpage/2019-06-15/1206353933.PDF,issuer_cninfo_operating_release,2026-08-06T21:36:36.493291+00:00
2019-05,601021,Spring Airlines,2019-06-14,2019-06-14T00:00:00+08:00,1206351644,2019年5月份主要运营数据公告,http://static.cninfo.com.cn/finalpage/2019-06-14/1206351644.PDF,issuer_cninfo_operating_release,2026-08-06T21:36:36.493291+00:00
2019-05,601111,Air China,2019-06-14,2019-06-14T00:00:00+08:00,1206351832,2019年5月主要运营数据公告,http://static.cninfo.com.cn/finalpage/2019-06-14/1206351832.PDF,issuer_cninfo_operating_release,2026-08-06T21:36:36.493291+00:00
2019-05,603885,Juneyao Airlines,2019-06-15,2019-06-15T00:00:00+08:00,1206353999,2019年5月主要运营数据公告,http://static.cninfo.com.cn/finalpage/2019-06-15/1206353999.PDF,issuer_cninfo_operating_release,2026-08-06T21:36:36.493291+00:00
2019-06,600029,China Southern,2019-07-16,2019-07-16T00:00:00+08:00,1206446698,2019年6月主要运营数据公告,http://static.cninfo.com.cn/finalpage/2019-07-16/1206446698.PDF,issuer_cninfo_operating_release,2026-08-06T21:36:36.493291+00:00
2019-06,600115,China Eastern,2019-07-16,2019-07-16T00:00:00+08:00,1206446694,2019年6月运营数据公告,http://static.cninfo.com.cn/finalpage/2019-07-16/1206446694.PDF,issuer_cninfo_operating_release,2026-08-06T21:36:36.493291+00:00
2019-06,600221,Hainan Airlines Holdings,2019-07-16,2019-07-16T00:00:00+08:00,1206447345,2019年6月主要运营数据公告,http://static.cninfo.com.cn/finalpage/2019-07-16/1206447345.PDF,issuer_cninfo_operating_release,2026-08-06T21:36:36.493291+00:00
2019-06,601021,Spring Airlines,2019-07-13,2019-07-13T00:00:00+08:00,1206442974,2019年6月份主要运营数据公告,http://static.cninfo.com.cn/finalpage/2019-07-13/1206442974.PDF,issuer_cninfo_operating_release,2026-08-06T21:36:36.493291+00:00
2019-06,601111,Air China,2019-07-16,2019-07-16T00:00:00+08:00,1206446588,2019年6月主要运营数据公告,http://static.cninfo.com.cn/finalpage/2019-07-16/1206446588.PDF,issuer_cninfo_operating_release,2026-08-06T21:36:36.493291+00:00
2019-06,603885,Juneyao Airlines,2019-07-13,2019-07-13T00:00:00+08:00,1206443309,2019年6月主要运营数据公告,http://static.cninfo.com.cn/finalpage/2019-07-13/1206443309.PDF,issuer_cninfo_operating_release,2026-08-06T21:36:36.493291+00:00
2019-07,600029,China Southern,2019-08-16,2019-08-16T00:00:00+08:00,1206532874,2019年7月主要运营数据公告,http://static.cninfo.com.cn/finalpage/2019-08-16/1206532874.PDF,issuer_cninfo_operating_release,2026-08-06T21:36:36.493291+00:00
2019-07,600115,China Eastern,2019-08-17,2019-08-17T00:00:00+08:00,1206540143,2019年7月运营数据公告,http://static.cninfo.com.cn/finalpage/2019-08-17/1206540143.PDF,issuer_cninfo_operating_release,2026-08-06T21:36:36.493291+00:00
2019-07,600221,Hainan Airlines Holdings,2019-08-16,2019-08-16T00:00:00+08:00,1206533258,2019年7月主要运营数据公告,http://static.cninfo.com.cn/finalpage/2019-08-16/1206533258.PDF,issuer_cninfo_operating_release,2026-08-06T21:36:36.493291+00:00
2019-07,601021,Spring Airlines,2019-08-15,2019-08-15T00:00:00+08:00,1206529064,2019年7月份主要运营数据公告,http://static.cninfo.com.cn/finalpage/2019-08-15/1206529064.PDF,issuer_cninfo_operating_release,2026-08-06T21:36:36.493291+00:00
2019-07,601111,Air China,2019-08-16,2019-08-16T00:00:00+08:00,1206533366,2019年7月主要运营数据公告,http://static.cninfo.com.cn/finalpage/2019-08-16/1206533366.PDF,issuer_cninfo_operating_release,2026-08-06T21:36:36.493291+00:00
2019-07,603885,Juneyao Airlines,2019-08-13,2019-08-13T00:00:00+08:00,1206514833,2019年7月主要运营数据公告,http://static.cninfo.com.cn/finalpage/2019-08-13/1206514833.PDF,issuer_cninfo_operating_release,2026-08-06T21:36:36.493291+00:00
2019-08,600029,China Southern,2019-09-13,2019-09-13T00:00:00+08:00,1206921122,2019年8月主要运营数据公告,http://static.cninfo.com.cn/finalpage/2019-09-13/1206921122.PDF,issuer_cninfo_operating_release,2026-08-06T21:36:36.493291+00:00
2019-08,600115,China Eastern,2019-09-17,2019-09-17T00:00:00+08:00,1206925818,2019年8月运营数据公告,http://static.cninfo.com.cn/finalpage/2019-09-17/1206925818.PDF,issuer_cninfo_operating_release,2026-08-06T21:36:36.493291+00:00
2019-08,600221,Hainan Airlines Holdings,2019-09-17,2019-09-17T00:00:00+08:00,1206925671,2019年8月主要运营数据公告,http://static.cninfo.com.cn/finalpage/2019-09-17/1206925671.PDF,issuer_cninfo_operating_release,2026-08-06T21:36:36.493291+00:00
2019-08,601021,Spring Airlines,2019-09-13,2019-09-13T00:00:00+08:00,1206920335,2019年8月份主要运营数据公告,http://static.cninfo.com.cn/finalpage/2019-09-13/1206920335.PDF,issuer_cninfo_operating_release,2026-08-06T21:36:36.493291+00:00
2019-08,601111,Air China,2019-09-17,2019-09-17T00:00:00+08:00,1206926675,2019年8月主要运营数据补充公告,http://static.cninfo.com.cn/finalpage/2019-09-17/1206926675.PDF,issuer_cninfo_operating_release,2026-08-06T21:36:36.493291+00:00
2019-08,603885,Juneyao Airlines,2019-09-13,2019-09-13T00:00:00+08:00,1206920977,2019年8月主要运营数据公告,http://static.cninfo.com.cn/finalpage/2019-09-13/1206920977.PDF,issuer_cninfo_operating_release,2026-08-06T21:36:36.493291+00:00
2019-09,600029,China Southern,2019-10-16,2019-10-16T00:00:00+08:00,1206985350,2019年9月主要运营数据公告,http://static.cninfo.com.cn/finalpage/2019-10-16/1206985350.PDF,issuer_cninfo_operating_release,2026-08-06T21:36:36.493291+00:00
2019-09,600115,China Eastern,2019-10-17,2019-10-17T00:00:00+08:00,1206988258,2019年9月运营数据公告,http://static.cninfo.com.cn/finalpage/2019-10-17/1206988258.PDF,issuer_cninfo_operating_release,2026-08-06T21:36:36.493291+00:00
2019-09,600221,Hainan Airlines Holdings,2019-10-16,2019-10-16T00:00:00+08:00,1206985097,2019年9月主要运营数据公告,http://static.cninfo.com.cn/finalpage/2019-10-16/1206985097.PDF,issuer_cninfo_operating_release,2026-08-06T21:36:36.493291+00:00
2019-09,601021,Spring Airlines,2019-10-15,2019-10-15T00:00:00+08:00,1206980338,2019年9月份主要运营数据公告,http://static.cninfo.com.cn/finalpage/2019-10-15/1206980338.PDF,issuer_cninfo_operating_release,2026-08-06T21:36:36.493291+00:00
2019-09,601111,Air China,2019-10-15,2019-10-15T00:00:00+08:00,1206981739,2019年9月主要运营数据公告,http://static.cninfo.com.cn/finalpage/2019-10-15/1206981739.PDF,issuer_cninfo_operating_release,2026-08-06T21:36:36.493291+00:00
2019-09,603885,Juneyao Airlines,2019-10-15,2019-10-15T00:00:00+08:00,1206980318,2019年9月主要运营数据公告,http://static.cninfo.com.cn/finalpage/2019-10-15/1206980318.PDF,issuer_cninfo_operating_release,2026-08-06T21:36:36.493291+00:00
2019-10,600029,China Southern,2019-11-15,2019-11-15T00:00:00+08:00,1207090916,2019年10月主要运营数据公告,http://static.cninfo.com.cn/finalpage/2019-11-15/1207090916.PDF,issuer_cninfo_operating_release,2026-08-06T21:36:36.493291+00:00
2019-10,600115,China Eastern,2019-11-16,2019-11-16T00:00:00+08:00,1207094210,2019年10月运营数据公告,http://static.cninfo.com.cn/finalpage/2019-11-16/1207094210.PDF,issuer_cninfo_operating_release,2026-08-06T21:36:36.493291+00:00
2019-10,600221,Hainan Airlines Holdings,2019-11-16,2019-11-16T00:00:00+08:00,1207095450,2019年10月主要运营数据公告,http://static.cninfo.com.cn/finalpage/2019-11-16/1207095450.PDF,issuer_cninfo_operating_release,2026-08-06T21:36:36.493291+00:00
2019-10,601021,Spring Airlines,2019-11-15,2019-11-15T00:00:00+08:00,1207090733,2019年10月份主要运营数据公告,http://static.cninfo.com.cn/finalpage/2019-11-15/1207090733.PDF,issuer_cninfo_operating_release,2026-08-06T21:36:36.493291+00:00
2019-10,601111,Air China,2019-11-16,2019-11-16T00:00:00+08:00,1207094622,2019年10月主要运营数据公告,http://static.cninfo.com.cn/finalpage/2019-11-16/1207094622.PDF,issuer_cninfo_operating_release,2026-08-06T21:36:36.493291+00:00
2019-10,603885,Juneyao Airlines,2019-11-16,2019-11-16T00:00:00+08:00,1207094080,2019年10月主要运营数据公告,http://static.cninfo.com.cn/finalpage/2019-11-16/1207094080.PDF,issuer_cninfo_operating_release,2026-08-06T21:36:36.493291+00:00
2019-11,600029,China Southern,2019-12-17,2019-12-17T00:00:00+08:00,1207169258,2019年11月主要运营数据公告,http://static.cninfo.com.cn/finalpage/2019-12-17/1207169258.PDF,issuer_cninfo_operating_release,2026-08-06T21:36:36.493291+00:00
2019-11,600115,China Eastern,2019-12-17,2019-12-17T00:00:00+08:00,1207168585,2019年11月运营数据公告,http://static.cninfo.com.cn/finalpage/2019-12-17/1207168585.PDF,issuer_cninfo_operating_release,2026-08-06T21:36:36.493291+00:00
2019-11,600221,Hainan Airlines Holdings,2019-12-17,2019-12-17T00:00:00+08:00,1207168516,2019年11月主要运营数据公告,http://static.cninfo.com.cn/finalpage/2019-12-17/1207168516.PDF,issuer_cninfo_operating_release,2026-08-06T21:36:36.493291+00:00
2019-11,601021,Spring Airlines,2019-12-14,2019-12-14T00:00:00+08:00,1207163500,2019年11月份主要运营数据公告,http://static.cninfo.com.cn/finalpage/2019-12-14/1207163500.PDF,issuer_cninfo_operating_release,2026-08-06T21:36:36.493291+00:00
2019-11,601111,Air China,2019-12-14,2019-12-14T00:00:00+08:00,1207163887,2019年11月主要运营数据公告,http://static.cninfo.com.cn/finalpage/2019-12-14/1207163887.PDF,issuer_cninfo_operating_release,2026-08-06T21:36:36.493291+00:00
2019-11,603885,Juneyao Airlines,2019-12-17,2019-12-17T00:00:00+08:00,1207168442,2019年11月主要运营数据公告,http://static.cninfo.com.cn/finalpage/2019-12-17/1207168442.PDF,issuer_cninfo_operating_release,2026-08-06T21:36:36.493291+00:00
2019-12,600029,China Southern,2020-01-16,2020-01-16T00:00:00+08:00,1207252648,2019年12月主要运营数据公告,http://static.cninfo.com.cn/finalpage/2020-01-16/1207252648.PDF,issuer_cninfo_operating_release,2026-08-06T21:36:36.493291+00:00
2019-12,600115,China Eastern,2020-01-16,2020-01-16T00:00:00+08:00,1207253407,2019年12月运营数据公告,http://static.cninfo.com.cn/finalpage/2020-01-16/1207253407.PDF,issuer_cninfo_operating_release,2026-08-06T21:36:36.493291+00:00
2019-12,600221,Hainan Airlines Holdings,2020-01-16,2020-01-16T00:00:00+08:00,1207252697,2019年12月主要运营数据公告,http://static.cninfo.com.cn/finalpage/2020-01-16/1207252697.PDF,issuer_cninfo_operating_release,2026-08-06T21:36:36.493291+00:00
2019-12,601021,Spring Airlines,2020-01-16,2020-01-16T00:00:00+08:00,1207252584,2019年12月份主要运营数据公告,http://static.cninfo.com.cn/finalpage/2020-01-16/1207252584.PDF,issuer_cninfo_operating_release,2026-08-06T21:36:36.493291+00:00
2019-12,601111,Air China,2020-01-16,2020-01-16T00:00:00+08:00,1207252933,2019年12月主要运营数据公告,http://static.cninfo.com.cn/finalpage/2020-01-16/1207252933.PDF,issuer_cninfo_operating_release,2026-08-06T21:36:36.493291+00:00
2019-12,603885,Juneyao Airlines,2020-01-15,2020-01-15T00:00:00+08:00,1207249027,2019年12月主要运营数据公告,http://static.cninfo.com.cn/finalpage/2020-01-15/1207249027.PDF,issuer_cninfo_operating_release,2026-08-06T21:36:36.493291+00:00
2020-01,600029,China Southern,2020-02-15,2020-02-15T00:00:00+08:00,1207307040,2020年1月主要运营数据公告,http://static.cninfo.com.cn/finalpage/2020-02-15/1207307040.PDF,issuer_cninfo_operating_release,2026-08-06T21:36:36.493291+00:00
2020-01,600115,China Eastern,2020-02-15,2020-02-15T00:00:00+08:00,1207307599,2020年1月运营数据公告,http://static.cninfo.com.cn/finalpage/2020-02-15/1207307599.PDF,issuer_cninfo_operating_release,2026-08-06T21:36:36.493291+00:00
2020-01,600221,Hainan Airlines Holdings,2020-02-18,2020-02-18T00:00:00+08:00,1207309229,2020年1月主要运营数据公告,http://static.cninfo.com.cn/finalpage/2020-02-18/1207309229.PDF,issuer_cninfo_operating_release,2026-08-06T21:36:36.493291+00:00
2020-01,601021,Spring Airlines,2020-02-15,2020-02-15T00:00:00+08:00,1207307028,2020年1月份主要运营数据公告,http://static.cninfo.com.cn/finalpage/2020-02-15/1207307028.PDF,issuer_cninfo_operating_release,2026-08-06T21:36:36.493291+00:00
2020-01,601111,Air China,2020-02-15,2020-02-15T00:00:00+08:00,1207307026,2020年1月主要运营数据公告,http://static.cninfo.com.cn/finalpage/2020-02-15/1207307026.PDF,issuer_cninfo_operating_release,2026-08-06T21:36:36.493291+00:00
2020-01,603885,Juneyao Airlines,2020-02-15,2020-02-15T00:00:00+08:00,1207307085,2020年1月主要运营数据公告,http://static.cninfo.com.cn/finalpage/2020-02-15/1207307085.PDF,issuer_cninfo_operating_release,2026-08-06T21:36:36.493291+00:00
2020-02,600029,China Southern,2020-03-19,2020-03-19T00:00:00+08:00,1207383661,2020年2月主要运营数据公告,http://static.cninfo.com.cn/finalpage/2020-03-19/1207383661.PDF,issuer_cninfo_operating_release,2026-08-06T21:36:36.493291+00:00
2020-02,600115,China Eastern,2020-03-19,2020-03-19T00:00:00+08:00,1207383658,2020年2月运营数据公告,http://static.cninfo.com.cn/finalpage/2020-03-19/1207383658.PDF,issuer_cninfo_operating_release,2026-08-06T21:36:36.493291+00:00
2020-02,600221,Hainan Airlines Holdings,2020-03-17,2020-03-17T00:00:00+08:00,1207376996,2020年2月主要运营数据公告,http://static.cninfo.com.cn/finalpage/2020-03-17/1207376996.PDF,issuer_cninfo_operating_release,2026-08-06T21:36:36.493291+00:00
2020-02,601021,Spring Airlines,2020-03-19,2020-03-19T12:06:00+08:00,1207385267,2020年2月份主要运营数据公告,http://static.cninfo.com.cn/finalpage/2020-03-19/1207385267.PDF,issuer_cninfo_operating_release,2026-08-06T21:36:36.493291+00:00
2020-02,601111,Air China,2020-03-19,2020-03-19T00:00:00+08:00,1207383617,2020年2月主要运营数据公告,http://static.cninfo.com.cn/finalpage/2020-03-19/1207383617.PDF,issuer_cninfo_operating_release,2026-08-06T21:36:36.493291+00:00
2020-02,603885,Juneyao Airlines,2020-03-19,2020-03-19T00:00:00+08:00,1207383601,2020年2月主要运营数据公告,http://static.cninfo.com.cn/finalpage/2020-03-19/1207383601.PDF,issuer_cninfo_operating_release,2026-08-06T21:36:36.493291+00:00
2020-03,600029,China Southern,2020-04-18,2020-04-18T00:00:00+08:00,1207527812,2020年3月主要运营数据公告,http://static.cninfo.com.cn/finalpage/2020-04-18/1207527812.PDF,issuer_cninfo_operating_release,2026-08-06T21:36:36.493291+00:00
2020-03,600115,China Eastern,2020-04-18,2020-04-18T00:00:00+08:00,1207527923,2020年3月运营数据和新冠肺炎疫情对公司业务影响的公告,http://static.cninfo.com.cn/finalpage/2020-04-18/1207527923.PDF,issuer_cninfo_operating_release,2026-08-06T21:36:36.493291+00:00
2020-03,600221,Hainan Airlines Holdings,2020-04-21,2020-04-21T00:00:00+08:00,1207542060,2020年3月主要运营数据公告,http://static.cninfo.com.cn/finalpage/2020-04-21/1207542060.PDF,issuer_cninfo_operating_release,2026-08-06T21:36:36.493291+00:00
2020-03,601021,Spring Airlines,2020-04-16,2020-04-16T00:00:00+08:00,1207505635,2020年3月份主要运营数据公告,http://static.cninfo.com.cn/finalpage/2020-04-16/1207505635.PDF,issuer_cninfo_operating_release,2026-08-06T21:36:36.493291+00:00
2020-03,601111,Air China,2020-04-18,2020-04-18T00:00:00+08:00,1207528489,2020年3月主要运营数据公告,http://static.cninfo.com.cn/finalpage/2020-04-18/1207528489.PDF,issuer_cninfo_operating_release,2026-08-06T21:36:36.493291+00:00
2020-03,603885,Juneyao Airlines,2020-04-18,2020-04-18T00:00:00+08:00,1207528924,2020年3月主要运营数据公告,http://static.cninfo.com.cn/finalpage/2020-04-18/1207528924.PDF,issuer_cninfo_operating_release,2026-08-06T21:36:36.493291+00:00
2020-04,600029,China Southern,2020-05-16,2020-05-16T00:00:00+08:00,1207815917,2020年4月主要运营数据公告,http://static.cninfo.com.cn/finalpage/2020-05-16/1207815917.PDF,issuer_cninfo_operating_release,2026-08-06T21:36:36.493291+00:00
2020-04,600115,China Eastern,2020-05-16,2020-05-16T00:00:00+08:00,1207816729,2020年4月运营数据公告,http://static.cninfo.com.cn/finalpage/2020-05-16/1207816729.PDF,issuer_cninfo_operating_release,2026-08-06T21:36:36.493291+00:00
2020-04,600221,Hainan Airlines Holdings,2020-05-16,2020-05-16T00:00:00+08:00,1207817824,2020年4月主要运营数据公告,http://static.cninfo.com.cn/finalpage/2020-05-16/1207817824.PDF,issuer_cninfo_operating_release,2026-08-06T21:36:36.493291+00:00
2020-04,601021,Spring Airlines,2020-05-16,2020-05-16T00:00:00+08:00,1207815592,2020年4月份主要运营数据公告,http://static.cninfo.com.cn/finalpage/2020-05-16/1207815592.PDF,issuer_cninfo_operating_release,2026-08-06T21:36:36.493291+00:00
2020-04,601111,Air China,2020-05-16,2020-05-16T00:00:00+08:00,1207818374,2020年4月主要运营数据公告,http://static.cninfo.com.cn/finalpage/2020-05-16/1207818374.PDF,issuer_cninfo_operating_release,2026-08-06T21:36:36.493291+00:00
2020-04,603885,Juneyao Airlines,2020-05-19,2020-05-19T00:00:00+08:00,1207823079,2020年4月主要运营数据公告,http://static.cninfo.com.cn/finalpage/2020-05-19/1207823079.PDF,issuer_cninfo_operating_release,2026-08-06T21:36:36.493291+00:00
2020-05,600029,China Southern,2020-06-16,2020-06-16T00:00:00+08:00,1207926599,2020年5月主要运营数据公告,http://static.cninfo.com.cn/finalpage/2020-06-16/1207926599.PDF,issuer_cninfo_operating_release,2026-08-06T21:36:36.493291+00:00
2020-05,600115,China Eastern,2020-06-16,2020-06-16T00:00:00+08:00,1207926844,2020年5月运营数据公告,http://static.cninfo.com.cn/finalpage/2020-06-16/1207926844.PDF,issuer_cninfo_operating_release,2026-08-06T21:36:36.493291+00:00
2020-05,600221,Hainan Airlines Holdings,2020-06-17,2020-06-17T00:00:00+08:00,1207930591,2020年5月主要运营数据公告,http://static.cninfo.com.cn/finalpage/2020-06-17/1207930591.PDF,issuer_cninfo_operating_release,2026-08-06T21:36:36.493291+00:00
2020-05,601021,Spring Airlines,2020-06-16,2020-06-16T00:00:00+08:00,1207926160,2020年5月份主要运营数据公告,http://static.cninfo.com.cn/finalpage/2020-06-16/1207926160.PDF,issuer_cninfo_operating_release,2026-08-06T21:36:36.493291+00:00
2020-05,601111,Air China,2020-06-16,2020-06-16T00:00:00+08:00,1207926477,2020年5月主要运营数据公告,http://static.cninfo.com.cn/finalpage/2020-06-16/1207926477.PDF,issuer_cninfo_operating_release,2026-08-06T21:36:36.493291+00:00
2020-05,603885,Juneyao Airlines,2020-06-16,2020-06-16T00:00:00+08:00,1207926135,2020年5月主要运营数据公告,http://static.cninfo.com.cn/finalpage/2020-06-16/1207926135.PDF,issuer_cninfo_operating_release,2026-08-06T21:36:36.493291+00:00
2020-06,600029,China Southern,2020-07-18,2020-07-18T00:00:00+08:00,1208044620,2020年6月主要运营数据公告,http://static.cninfo.com.cn/finalpage/2020-07-18/1208044620.PDF,issuer_cninfo_operating_release,2026-08-06T21:36:36.493291+00:00
2020-06,600115,China Eastern,2020-07-18,2020-07-18T00:00:00+08:00,1208044925,2020年6月运营数据及相关提示的公告,http://static.cninfo.com.cn/finalpage/2020-07-18/1208044925.PDF,issuer_cninfo_operating_release,2026-08-06T21:36:36.493291+00:00
2020-06,600221,Hainan Airlines Holdings,2020-07-18,2020-07-18T00:00:00+08:00,1208044989,2020年6月主要运营数据公告,http://static.cninfo.com.cn/finalpage/2020-07-18/1208044989.PDF,issuer_cninfo_operating_release,2026-08-06T21:36:36.493291+00:00
2020-06,601021,Spring Airlines,2020-07-16,2020-07-16T00:00:00+08:00,1208035133,2020年6月份主要运营数据公告,http://static.cninfo.com.cn/finalpage/2020-07-16/1208035133.PDF,issuer_cninfo_operating_release,2026-08-06T21:36:36.493291+00:00
2020-06,601111,Air China,2020-07-18,2020-07-18T00:00:00+08:00,1208044135,2020年6月主要运营数据公告,http://static.cninfo.com.cn/finalpage/2020-07-18/1208044135.PDF,issuer_cninfo_operating_release,2026-08-06T21:36:36.493291+00:00
2020-06,603885,Juneyao Airlines,2020-07-15,2020-07-15T00:00:00+08:00,1208030885,2020年6月主要运营数据公告,http://static.cninfo.com.cn/finalpage/2020-07-15/1208030885.PDF,issuer_cninfo_operating_release,2026-08-06T21:36:36.493291+00:00
2020-07,600029,China Southern,2020-08-14,2020-08-14T00:00:00+08:00,1208169058,2020年7月主要运营数据公告,http://static.cninfo.com.cn/finalpage/2020-08-14/1208169058.PDF,issuer_cninfo_operating_release,2026-08-06T21:36:36.493291+00:00
2020-07,600115,China Eastern,2020-08-15,2020-08-15T00:00:00+08:00,1208177166,2020年7月运营数据公告,http://static.cninfo.com.cn/finalpage/2020-08-15/1208177166.PDF,issuer_cninfo_operating_release,2026-08-06T21:36:36.493291+00:00
2020-07,600221,Hainan Airlines Holdings,2020-08-18,2020-08-18T00:00:00+08:00,1208187019,2020年7月主要运营数据公告,http://static.cninfo.com.cn/finalpage/2020-08-18/1208187019.PDF,issuer_cninfo_operating_release,2026-08-06T21:36:36.493291+00:00
2020-07,601021,Spring Airlines,2020-08-15,2020-08-15T00:00:00+08:00,1208176730,2020年7月份主要运营数据公告,http://static.cninfo.com.cn/finalpage/2020-08-15/1208176730.PDF,issuer_cninfo_operating_release,2026-08-06T21:36:36.493291+00:00
2020-07,601111,Air China,2020-08-15,2020-08-15T00:00:00+08:00,1208177455,2020年7月主要运营数据公告,http://static.cninfo.com.cn/finalpage/2020-08-15/1208177455.PDF,issuer_cninfo_operating_release,2026-08-06T21:36:36.493291+00:00
2020-07,603885,Juneyao Airlines,2020-08-15,2020-08-15T00:00:00+08:00,1208176781,2020年7月主要运营数据公告,http://static.cninfo.com.cn/finalpage/2020-08-15/1208176781.PDF,issuer_cninfo_operating_release,2026-08-06T21:36:36.493291+00:00
2020-08,600029,China Southern,2020-09-15,2020-09-15T00:00:00+08:00,1208435399,2020年8月主要运营数据公告,http://static.cninfo.com.cn/finalpage/2020-09-15/1208435399.PDF,issuer_cninfo_operating_release,2026-08-06T21:36:36.493291+00:00
2020-08,600115,China Eastern,2020-09-16,2020-09-16T00:00:00+08:00,1208444020,2020年8月运营数据公告,http://static.cninfo.com.cn/finalpage/2020-09-16/1208444020.PDF,issuer_cninfo_operating_release,2026-08-06T21:36:36.493291+00:00
2020-08,600221,Hainan Airlines Holdings,2020-09-17,2020-09-17T00:00:00+08:00,1208449202,2020年8月主要运营数据公告,http://static.cninfo.com.cn/finalpage/2020-09-17/1208449202.PDF,issuer_cninfo_operating_release,2026-08-06T21:36:36.493291+00:00
2020-08,601021,Spring Airlines,2020-09-16,2020-09-16T00:00:00+08:00,1208443738,2020年8月份主要运营数据公告,http://static.cninfo.com.cn/finalpage/2020-09-16/1208443738.PDF,issuer_cninfo_operating_release,2026-08-06T21:36:36.493291+00:00
2020-08,601111,Air China,2020-09-16,2020-09-16T00:00:00+08:00,1208443989,2020年8月主要运营数据公告,http://static.cninfo.com.cn/finalpage/2020-09-16/1208443989.PDF,issuer_cninfo_operating_release,2026-08-06T21:36:36.493291+00:00
2020-08,603885,Juneyao Airlines,2020-09-15,2020-09-15T00:00:00+08:00,1208435354,2020年8月主要运营数据公告,http://static.cninfo.com.cn/finalpage/2020-09-15/1208435354.PDF,issuer_cninfo_operating_release,2026-08-06T21:36:36.493291+00:00
2020-09,600029,China Southern,2020-10-14,2020-10-14T00:00:00+08:00,1208551381,2020年9月主要运营数据公告,http://static.cninfo.com.cn/finalpage/2020-10-14/1208551381.PDF,issuer_cninfo_operating_release,2026-08-06T21:36:36.493291+00:00
2020-09,600115,China Eastern,2020-10-17,2020-10-17T00:00:00+08:00,1208577465,2020年9月运营数据及相关提示的公告,http://static.cninfo.com.cn/finalpage/2020-10-17/1208577465.PDF,issuer_cninfo_operating_release,2026-08-06T21:36:36.493291+00:00
2020-09,600221,Hainan Airlines Holdings,2020-10-17,2020-10-17T00:00:00+08:00,1208577494,2020年9月主要运营数据公告,http://static.cninfo.com.cn/finalpage/2020-10-17/1208577494.PDF,issuer_cninfo_operating_release,2026-08-06T21:36:36.493291+00:00
2020-09,601021,Spring Airlines,2020-10-16,2020-10-16T00:00:00+08:00,1208569283,2020年9月份主要运营数据公告,http://static.cninfo.com.cn/finalpage/2020-10-16/1208569283.PDF,issuer_cninfo_operating_release,2026-08-06T21:36:36.493291+00:00
2020-09,601111,Air China,2020-10-16,2020-10-16T00:00:00+08:00,1208569346,中国国际航空股份有限公司2020年9月主要运营数据公告,http://static.cninfo.com.cn/finalpage/2020-10-16/1208569346.PDF,issuer_cninfo_operating_release,2026-08-06T21:36:36.493291+00:00
2020-09,603885,Juneyao Airlines,2020-10-15,2020-10-15T00:00:00+08:00,1208561560,2020年9月主要运营数据公告,http://static.cninfo.com.cn/finalpage/2020-10-15/1208561560.PDF,issuer_cninfo_operating_release,2026-08-06T21:36:36.493291+00:00
2020-10,600029,China Southern,2020-11-14,2020-11-14T00:00:00+08:00,1208744348,2020年10月主要运营数据公告,http://static.cninfo.com.cn/finalpage/2020-11-14/1208744348.PDF,issuer_cninfo_operating_release,2026-08-06T21:36:36.493291+00:00
2020-10,600115,China Eastern,2020-11-17,2020-11-17T00:00:00+08:00,1208750050,2020年10月运营数据公告,http://static.cninfo.com.cn/finalpage/2020-11-17/1208750050.PDF,issuer_cninfo_operating_release,2026-08-06T21:36:36.493291+00:00
2020-10,600221,Hainan Airlines Holdings,2020-11-17,2020-11-17T00:00:00+08:00,1208749859,2020年10月主要运营数据公告,http://static.cninfo.com.cn/finalpage/2020-11-17/1208749859.PDF,issuer_cninfo_operating_release,2026-08-06T21:36:36.493291+00:00
2020-10,601021,Spring Airlines,2020-11-14,2020-11-14T00:00:00+08:00,1208743380,2020年10月份主要运营数据公告,http://static.cninfo.com.cn/finalpage/2020-11-14/1208743380.PDF,issuer_cninfo_operating_release,2026-08-06T21:36:36.493291+00:00
2020-10,601111,Air China,2020-11-17,2020-11-17T00:00:00+08:00,1208750229,中国国际航空股份有限公司2020年10月主要运营数据公告,http://static.cninfo.com.cn/finalpage/2020-11-17/1208750229.PDF,issuer_cninfo_operating_release,2026-08-06T21:36:36.493291+00:00
2020-10,603885,Juneyao Airlines,2020-11-17,2020-11-17T00:00:00+08:00,1208749786,上海吉祥航空股份有限公司2020年10月主要运营数据公告,http://static.cninfo.com.cn/finalpage/2020-11-17/1208749786.PDF,issuer_cninfo_operating_release,2026-08-06T21:36:36.493291+00:00
2020-11,600029,China Southern,2020-12-16,2020-12-16T00:00:00+08:00,1208911022,2020年11月主要运营数据公告,http://static.cninfo.com.cn/finalpage/2020-12-16/1208911022.PDF,issuer_cninfo_operating_release,2026-08-06T21:36:36.493291+00:00
2020-11,600115,China Eastern,2020-12-16,2020-12-16T00:00:00+08:00,1208910824,2020年11月运营数据公告,http://static.cninfo.com.cn/finalpage/2020-12-16/1208910824.PDF,issuer_cninfo_operating_release,2026-08-06T21:36:36.493291+00:00
2020-11,600221,Hainan Airlines Holdings,2020-12-17,2020-12-17T00:00:00+08:00,1208918838,2020年11月主要运营数据公告,http://static.cninfo.com.cn/finalpage/2020-12-17/1208918838.PDF,issuer_cninfo_operating_release,2026-08-06T21:36:36.493291+00:00
2020-11,601021,Spring Airlines,2020-12-16,2020-12-16T00:00:00+08:00,1208909703,2020年11月份主要运营数据公告,http://static.cninfo.com.cn/finalpage/2020-12-16/1208909703.PDF,issuer_cninfo_operating_release,2026-08-06T21:36:36.493291+00:00
2020-11,601111,Air China,2020-12-16,2020-12-16T00:00:00+08:00,1208910644,中国国际航空股份有限公司2020年11月主要运营数据公告,http://static.cninfo.com.cn/finalpage/2020-12-16/1208910644.PDF,issuer_cninfo_operating_release,2026-08-06T21:36:36.493291+00:00
2020-11,603885,Juneyao Airlines,2020-12-15,2020-12-15T00:00:00+08:00,1208899573,上海吉祥航空股份有限公司2020年11月主要运营数据公告,http://static.cninfo.com.cn/finalpage/2020-12-15/1208899573.PDF,issuer_cninfo_operating_release,2026-08-06T21:36:36.493291+00:00
2020-12,600029,China Southern,2021-01-16,2021-01-16T00:00:00+08:00,1209113668,2020年12月主要运营数据公告,http://static.cninfo.com.cn/finalpage/2021-01-16/1209113668.PDF,issuer_cninfo_operating_release,2026-08-06T21:36:36.493291+00:00
2020-12,600115,China Eastern,2021-01-16,2021-01-16T00:00:00+08:00,1209114371,2020年12月运营数据公告,http://static.cninfo.com.cn/finalpage/2021-01-16/1209114371.PDF,issuer_cninfo_operating_release,2026-08-06T21:36:36.493291+00:00
2020-12,600221,Hainan Airlines Holdings,2021-01-19,2021-01-19T00:00:00+08:00,1209134420,2020年12月主要运营数据公告,http://static.cninfo.com.cn/finalpage/2021-01-19/1209134420.PDF,issuer_cninfo_operating_release,2026-08-06T21:36:36.493291+00:00
2020-12,601021,Spring Airlines,2021-01-16,2021-01-16T00:00:00+08:00,1209114648,2020年12月份主要运营数据公告,http://static.cninfo.com.cn/finalpage/2021-01-16/1209114648.PDF,issuer_cninfo_operating_release,2026-08-06T21:36:36.493291+00:00
2020-12,601111,Air China,2021-01-16,2021-01-16T00:00:00+08:00,1209113690,中国国际航空股份有限公司2020年12月主要运营数据公告,http://static.cninfo.com.cn/finalpage/2021-01-16/1209113690.PDF,issuer_cninfo_operating_release,2026-08-06T21:36:36.493291+00:00
2020-12,603885,Juneyao Airlines,2021-01-15,2021-01-15T00:00:00+08:00,1209105257,上海吉祥航空股份有限公司2020年12月主要运营数据公告,http://static.cninfo.com.cn/finalpage/2021-01-15/1209105257.PDF,issuer_cninfo_operating_release,2026-08-06T21:36:36.493291+00:00
2021-01,600029,China Southern,2021-02-19,2021-02-19T00:00:00+08:00,1209279911,南方航空2021年1月主要运营数据公告,http://static.cninfo.com.cn/finalpage/2021-02-19/1209279911.PDF,issuer_cninfo_operating_release,2026-08-06T21:36:36.493291+00:00
2021-01,600115,China Eastern,2021-02-19,2021-02-19T00:00:00+08:00,1209279862,东方航空2021年1月运营数据公告,http://static.cninfo.com.cn/finalpage/2021-02-19/1209279862.PDF,issuer_cninfo_operating_release,2026-08-06T21:36:36.493291+00:00
2021-01,600221,Hainan Airlines Holdings,2021-02-20,2021-02-20T00:00:00+08:00,1209285365,*ST海航：2021年1月主要运营数据公告,http://static.cninfo.com.cn/finalpage/2021-02-20/1209285365.PDF,issuer_cninfo_operating_release,2026-08-06T21:36:36.493291+00:00
2021-01,601021,Spring Airlines,2021-02-10,2021-02-10T00:00:00+08:00,1209263695,春秋航空2021年1月份主要运营数据公告,http://static.cninfo.com.cn/finalpage/2021-02-10/1209263695.PDF,issuer_cninfo_operating_release,2026-08-06T21:36:36.493291+00:00
2021-01,601111,Air China,2021-02-20,2021-02-20T00:00:00+08:00,1209285008,中国国际航空股份有限公司2021年1月主要运营数据公告,http://static.cninfo.com.cn/finalpage/2021-02-20/1209285008.PDF,issuer_cninfo_operating_release,2026-08-06T21:36:36.493291+00:00
2021-01,603885,Juneyao Airlines,2021-02-19,2021-02-19T00:00:00+08:00,1209279791,上海吉祥航空股份有限公司2021年1月主要运营数据公告,http://static.cninfo.com.cn/finalpage/2021-02-19/1209279791.PDF,issuer_cninfo_operating_release,2026-08-06T21:36:36.493291+00:00
2021-02,600029,China Southern,2021-03-16,2021-03-16T00:00:00+08:00,1209383823,南方航空2021年2月主要运营数据公告,http://static.cninfo.com.cn/finalpage/2021-03-16/1209383823.PDF,issuer_cninfo_operating_release,2026-08-06T21:36:36.493291+00:00
2021-02,600115,China Eastern,2021-03-16,2021-03-16T00:00:00+08:00,1209385097,东方航空2021年2月运营数据公告,http://static.cninfo.com.cn/finalpage/2021-03-16/1209385097.PDF,issuer_cninfo_operating_release,2026-08-06T21:36:36.493291+00:00
2021-02,600221,Hainan Airlines Holdings,2021-03-17,2021-03-17T00:00:00+08:00,1209393267,*ST海航：2021年2月主要运营数据公告,http://static.cninfo.com.cn/finalpage/2021-03-17/1209393267.PDF,issuer_cninfo_operating_release,2026-08-06T21:36:36.493291+00:00
2021-02,601021,Spring Airlines,2021-03-16,2021-03-16T00:00:00+08:00,1209383641,春秋航空2021年2月份主要运营数据公告,http://static.cninfo.com.cn/finalpage/2021-03-16/1209383641.PDF,issuer_cninfo_operating_release,2026-08-06T21:36:36.493291+00:00
2021-02,601111,Air China,2021-03-16,2021-03-16T00:00:00+08:00,1209384313,中国国际航空股份有限公司2021年2月主要运营数据公告,http://static.cninfo.com.cn/finalpage/2021-03-16/1209384313.PDF,issuer_cninfo_operating_release,2026-08-06T21:36:36.493291+00:00
2021-02,603885,Juneyao Airlines,2021-03-16,2021-03-16T00:00:00+08:00,1209383844,上海吉祥航空股份有限公司2021年2月主要运营数据公告,http://static.cninfo.com.cn/finalpage/2021-03-16/1209383844.PDF,issuer_cninfo_operating_release,2026-08-06T21:36:36.493291+00:00
2021-03,600029,China Southern,2021-04-16,2021-04-16T00:00:00+08:00,1209697679,南方航空2021年3月主要运营数据公告,http://static.cninfo.com.cn/finalpage/2021-04-16/1209697679.PDF,issuer_cninfo_operating_release,2026-08-06T21:36:36.493291+00:00
2021-03,600115,China Eastern,2021-04-20,2021-04-20T00:00:00+08:00,1209726589,东方航空2021年3月运营数据公告（修订版）,http://static.cninfo.com.cn/finalpage/2021-04-20/1209726589.PDF,issuer_cninfo_operating_release,2026-08-06T21:36:36.493291+00:00
2021-03,600221,Hainan Airlines Holdings,2021-04-17,2021-04-17T00:00:00+08:00,1209712584,*ST海航：2021年3月主要运营数据公告,http://static.cninfo.com.cn/finalpage/2021-04-17/1209712584.PDF,issuer_cninfo_operating_release,2026-08-06T21:36:36.493291+00:00
2021-03,601021,Spring Airlines,2021-04-16,2021-04-16T00:00:00+08:00,1209697136,春秋航空2021年3月份主要运营数据公告,http://static.cninfo.com.cn/finalpage/2021-04-16/1209697136.PDF,issuer_cninfo_operating_release,2026-08-06T21:36:36.493291+00:00
2021-03,601111,Air China,2021-04-16,2021-04-16T00:00:00+08:00,1209697813,中国国际航空股份有限公司2021年3月主要运营数据公告,http://static.cninfo.com.cn/finalpage/2021-04-16/1209697813.PDF,issuer_cninfo_operating_release,2026-08-06T21:36:36.493291+00:00
2021-03,603885,Juneyao Airlines,2021-04-15,2021-04-15T00:00:00+08:00,1209688631,上海吉祥航空股份有限公司2021年3月主要运营数据公告,http://static.cninfo.com.cn/finalpage/2021-04-15/1209688631.PDF,issuer_cninfo_operating_release,2026-08-06T21:36:36.493291+00:00
2021-04,600029,China Southern,2021-05-15,2021-05-15T00:00:00+08:00,1209980855,南方航空2021年4月主要运营数据公告,http://static.cninfo.com.cn/finalpage/2021-05-15/1209980855.PDF,issuer_cninfo_operating_release,2026-08-06T21:36:36.493291+00:00
2021-04,600115,China Eastern,2021-05-15,2021-05-15T00:00:00+08:00,1209981013,东方航空2021年4月运营数据公告,http://static.cninfo.com.cn/finalpage/2021-05-15/1209981013.PDF,issuer_cninfo_operating_release,2026-08-06T21:36:36.493291+00:00
2021-04,600221,Hainan Airlines Holdings,2021-05-18,2021-05-18T00:00:00+08:00,1209994864,*ST海航：2021年4月主要运营数据公告,http://static.cninfo.com.cn/finalpage/2021-05-18/1209994864.PDF,issuer_cninfo_operating_release,2026-08-06T21:36:36.493291+00:00
2021-04,601021,Spring Airlines,2021-05-15,2021-05-15T00:00:00+08:00,1209980782,春秋航空2021年4月份主要运营数据公告,http://static.cninfo.com.cn/finalpage/2021-05-15/1209980782.PDF,issuer_cninfo_operating_release,2026-08-06T21:36:36.493291+00:00
2021-04,601111,Air China,2021-05-15,2021-05-15T00:00:00+08:00,1209981167,中国国际航空股份有限公司2021年4月主要运营数据公告,http://static.cninfo.com.cn/finalpage/2021-05-15/1209981167.PDF,issuer_cninfo_operating_release,2026-08-06T21:36:36.493291+00:00
2021-04,603885,Juneyao Airlines,2021-05-15,2021-05-15T00:00:00+08:00,1209981000,上海吉祥航空股份有限公司2021年4月主要运营数据公告,http://static.cninfo.com.cn/finalpage/2021-05-15/1209981000.PDF,issuer_cninfo_operating_release,2026-08-06T21:36:36.493291+00:00
2021-05,600029,China Southern,2021-06-17,2021-06-17T00:00:00+08:00,1210252314,南方航空2021年5月主要运营数据公告,http://static.cninfo.com.cn/finalpage/2021-06-17/1210252314.PDF,issuer_cninfo_operating_release,2026-08-06T21:36:36.493291+00:00
2021-05,600115,China Eastern,2021-06-16,2021-06-16T00:00:00+08:00,1210237888,中国东航2021年5月运营数据公告,http://static.cninfo.com.cn/finalpage/2021-06-16/1210237888.PDF,issuer_cninfo_operating_release,2026-08-06T21:36:36.493291+00:00
2021-05,600221,Hainan Airlines Holdings,2021-06-17,2021-06-17T00:00:00+08:00,1210252840,*ST海航：2021年5月主要运营数据公告,http://static.cninfo.com.cn/finalpage/2021-06-17/1210252840.PDF,issuer_cninfo_operating_release,2026-08-06T21:36:36.493291+00:00
2021-05,601021,Spring Airlines,2021-06-16,2021-06-16T00:00:00+08:00,1210237710,春秋航空2021年5月份主要运营数据公告,http://static.cninfo.com.cn/finalpage/2021-06-16/1210237710.PDF,issuer_cninfo_operating_release,2026-08-06T21:36:36.493291+00:00
2021-05,601111,Air China,2021-06-16,2021-06-16T00:00:00+08:00,1210237894,中国国际航空股份有限公司2021年5月主要运营数据公告,http://static.cninfo.com.cn/finalpage/2021-06-16/1210237894.PDF,issuer_cninfo_operating_release,2026-08-06T21:36:36.493291+00:00
2021-05,603885,Juneyao Airlines,2021-06-16,2021-06-16T00:00:00+08:00,1210237758,上海吉祥航空股份有限公司2021年5月主要运营数据公告,http://static.cninfo.com.cn/finalpage/2021-06-16/1210237758.PDF,issuer_cninfo_operating_release,2026-08-06T21:36:36.493291+00:00
2021-06,600029,China Southern,2021-07-16,2021-07-16T00:00:00+08:00,1210495878,南方航空2021年6月主要运营数据公告,http://static.cninfo.com.cn/finalpage/2021-07-16/1210495878.PDF,issuer_cninfo_operating_release,2026-08-06T21:36:36.493291+00:00
2021-06,600115,China Eastern,2021-07-16,2021-07-16T00:00:00+08:00,1210495961,中国东航2021年6月运营数据公告,http://static.cninfo.com.cn/finalpage/2021-07-16/1210495961.PDF,issuer_cninfo_operating_release,2026-08-06T21:36:36.493291+00:00
2021-06,600221,Hainan Airlines Holdings,2021-07-17,2021-07-17T00:00:00+08:00,1210501199,*ST海航：2021年6月主要运营数据公告,http://static.cninfo.com.cn/finalpage/2021-07-17/1210501199.PDF,issuer_cninfo_operating_release,2026-08-06T21:36:36.493291+00:00
2021-06,601021,Spring Airlines,2021-07-16,2021-07-16T00:00:00+08:00,1210495432,春秋航空2021年6月份主要运营数据公告,http://static.cninfo.com.cn/finalpage/2021-07-16/1210495432.PDF,issuer_cninfo_operating_release,2026-08-06T21:36:36.493291+00:00
2021-06,601111,Air China,2021-07-16,2021-07-16T00:00:00+08:00,1210495883,中国国际航空股份有限公司2021年6月主要运营数据公告,http://static.cninfo.com.cn/finalpage/2021-07-16/1210495883.PDF,issuer_cninfo_operating_release,2026-08-06T21:36:36.493291+00:00
2021-06,603885,Juneyao Airlines,2021-07-15,2021-07-15T00:00:00+08:00,1210482825,上海吉祥航空股份有限公司2021年6月主要运营数据公告,http://static.cninfo.com.cn/finalpage/2021-07-15/1210482825.PDF,issuer_cninfo_operating_release,2026-08-06T21:36:36.493291+00:00
2021-07,600029,China Southern,2021-08-17,2021-08-17T00:00:00+08:00,1210758511,南方航空2021年7月主要运营数据公告,http://static.cninfo.com.cn/finalpage/2021-08-17/1210758511.PDF,issuer_cninfo_operating_release,2026-08-06T21:36:36.493291+00:00
2021-07,600115,China Eastern,2021-08-17,2021-08-17T00:00:00+08:00,1210758788,中国东航2021年7月运营数据公告,http://static.cninfo.com.cn/finalpage/2021-08-17/1210758788.PDF,issuer_cninfo_operating_release,2026-08-06T21:36:36.493291+00:00
2021-07,600221,Hainan Airlines Holdings,2021-08-18,2021-08-18T00:00:00+08:00,1210767454,*ST海航：2021年7月主要运营数据公告,http://static.cninfo.com.cn/finalpage/2021-08-18/1210767454.PDF,issuer_cninfo_operating_release,2026-08-06T21:36:36.493291+00:00
2021-07,601021,Spring Airlines,2021-08-14,2021-08-14T00:00:00+08:00,1210746773,春秋航空2021年7月份主要运营数据公告,http://static.cninfo.com.cn/finalpage/2021-08-14/1210746773.PDF,issuer_cninfo_operating_release,2026-08-06T21:36:36.493291+00:00
2021-07,601111,Air China,2021-08-17,2021-08-17T00:00:00+08:00,1210759612,中国国际航空股份有限公司2021年7月主要运营数据公告,http://static.cninfo.com.cn/finalpage/2021-08-17/1210759612.PDF,issuer_cninfo_operating_release,2026-08-06T21:36:36.493291+00:00
2021-07,603885,Juneyao Airlines,2021-08-17,2021-08-17T00:00:00+08:00,1210758597,上海吉祥航空股份有限公司2021年7月主要运营数据公告,http://static.cninfo.com.cn/finalpage/2021-08-17/1210758597.PDF,issuer_cninfo_operating_release,2026-08-06T21:36:36.493291+00:00
2021-08,600029,China Southern,2021-09-16,2021-09-16T00:00:00+08:00,1211064129,南方航空2021年8月主要运营数据公告,http://static.cninfo.com.cn/finalpage/2021-09-16/1211064129.PDF,issuer_cninfo_operating_release,2026-08-06T21:36:36.493291+00:00
2021-08,600115,China Eastern,2021-09-17,2021-09-17T00:00:00+08:00,1211072804,中国东航2021年8月运营数据公告,http://static.cninfo.com.cn/finalpage/2021-09-17/1211072804.PDF,issuer_cninfo_operating_release,2026-08-06T21:36:36.493291+00:00
2021-08,600221,Hainan Airlines Holdings,2021-09-17,2021-09-17T00:00:00+08:00,1211073236,*ST海航：2021年8月主要运营数据公告,http://static.cninfo.com.cn/finalpage/2021-09-17/1211073236.PDF,issuer_cninfo_operating_release,2026-08-06T21:36:36.493291+00:00
2021-08,601021,Spring Airlines,2021-09-16,2021-09-16T00:00:00+08:00,1211063858,春秋航空2021年8月份主要运营数据公告,http://static.cninfo.com.cn/finalpage/2021-09-16/1211063858.PDF,issuer_cninfo_operating_release,2026-08-06T21:36:36.493291+00:00
2021-08,601111,Air China,2021-09-16,2021-09-16T00:00:00+08:00,1211064763,中国国际航空股份有限公司2021年8月主要运营数据公告,http://static.cninfo.com.cn/finalpage/2021-09-16/1211064763.PDF,issuer_cninfo_operating_release,2026-08-06T21:36:36.493291+00:00
2021-08,603885,Juneyao Airlines,2021-09-16,2021-09-16T00:00:00+08:00,1211065140,上海吉祥航空股份有限公司2021年8月主要运营数据公告,http://static.cninfo.com.cn/finalpage/2021-09-16/1211065140.PDF,issuer_cninfo_operating_release,2026-08-06T21:36:36.493291+00:00
2021-09,600029,China Southern,2021-10-16,2021-10-16T00:00:00+08:00,1211286964,南方航空2021年9月主要运营数据公告,http://static.cninfo.com.cn/finalpage/2021-10-16/1211286964.PDF,issuer_cninfo_operating_release,2026-08-06T21:36:36.493291+00:00
2021-09,600115,China Eastern,2021-10-16,2021-10-16T00:00:00+08:00,1211287987,中国东航2021年9月运营数据公告,http://static.cninfo.com.cn/finalpage/2021-10-16/1211287987.PDF,issuer_cninfo_operating_release,2026-08-06T21:36:36.493291+00:00
2021-09,600221,Hainan Airlines Holdings,2021-10-20,2021-10-20T00:00:00+08:00,1211322420,*ST海航：2021年9月主要运营数据公告,http://static.cninfo.com.cn/finalpage/2021-10-20/1211322420.PDF,issuer_cninfo_operating_release,2026-08-06T21:36:36.493291+00:00
2021-09,601021,Spring Airlines,2021-10-16,2021-10-16T00:00:00+08:00,1211287191,春秋航空2021年9月份主要运营数据公告,http://static.cninfo.com.cn/finalpage/2021-10-16/1211287191.PDF,issuer_cninfo_operating_release,2026-08-06T21:36:36.493291+00:00
2021-09,601111,Air China,2021-10-16,2021-10-16T00:00:00+08:00,1211287993,中国国际航空股份有限公司2021年9月主要运营数据公告,http://static.cninfo.com.cn/finalpage/2021-10-16/1211287993.PDF,issuer_cninfo_operating_release,2026-08-06T21:36:36.493291+00:00
2021-09,603885,Juneyao Airlines,2021-10-16,2021-10-16T00:00:00+08:00,1211287896,上海吉祥航空股份有限公司2021年9月主要运营数据公告,http://static.cninfo.com.cn/finalpage/2021-10-16/1211287896.PDF,issuer_cninfo_operating_release,2026-08-06T21:36:36.493291+00:00
2021-10,600029,China Southern,2021-11-17,2021-11-17T00:00:00+08:00,1211601306,南方航空2021年10月主要运营数据公告,http://static.cninfo.com.cn/finalpage/2021-11-17/1211601306.PDF,issuer_cninfo_operating_release,2026-08-06T21:36:36.493291+00:00
2021-10,600115,China Eastern,2021-11-16,2021-11-16T00:00:00+08:00,1211586940,中国东航2021年10月运营数据公告,http://static.cninfo.com.cn/finalpage/2021-11-16/1211586940.PDF,issuer_cninfo_operating_release,2026-08-06T21:36:36.493291+00:00
2021-10,600221,Hainan Airlines Holdings,2021-11-17,2021-11-17T00:00:00+08:00,1211603331,*ST海航：2021年10月主要运营数据公告,http://static.cninfo.com.cn/finalpage/2021-11-17/1211603331.PDF,issuer_cninfo_operating_release,2026-08-06T21:36:36.493291+00:00
2021-10,601021,Spring Airlines,2021-11-16,2021-11-16T00:00:00+08:00,1211586086,春秋航空2021年10月份主要运营数据公告,http://static.cninfo.com.cn/finalpage/2021-11-16/1211586086.PDF,issuer_cninfo_operating_release,2026-08-06T21:36:36.493291+00:00
2021-10,601111,Air China,2021-11-16,2021-11-16T00:00:00+08:00,1211587136,中国国际航空股份有限公司2021年10月主要运营数据公告,http://static.cninfo.com.cn/finalpage/2021-11-16/1211587136.PDF,issuer_cninfo_operating_release,2026-08-06T21:36:36.493291+00:00
2021-10,603885,Juneyao Airlines,2021-11-16,2021-11-16T00:00:00+08:00,1211586522,上海吉祥航空股份有限公司2021年10月主要运营数据公告,http://static.cninfo.com.cn/finalpage/2021-11-16/1211586522.PDF,issuer_cninfo_operating_release,2026-08-06T21:36:36.493291+00:00
2021-11,600029,China Southern,2021-12-16,2021-12-16T00:00:00+08:00,1211920866,南方航空2021年11月主要运营数据公告,http://static.cninfo.com.cn/finalpage/2021-12-16/1211920866.PDF,issuer_cninfo_operating_release,2026-08-06T21:36:36.493291+00:00
2021-11,600115,China Eastern,2021-12-16,2021-12-16T00:00:00+08:00,1211921091,中国东航2021年11月运营数据公告,http://static.cninfo.com.cn/finalpage/2021-12-16/1211921091.PDF,issuer_cninfo_operating_release,2026-08-06T21:36:36.493291+00:00
2021-11,600221,Hainan Airlines Holdings,2021-12-17,2021-12-17T00:00:00+08:00,1211932964,*ST海航：2021年11月主要运营数据公告,http://static.cninfo.com.cn/finalpage/2021-12-17/1211932964.PDF,issuer_cninfo_operating_release,2026-08-06T21:36:36.493291+00:00
2021-11,601021,Spring Airlines,2021-12-16,2021-12-16T00:00:00+08:00,1211920930,春秋航空2021年11月份主要运营数据公告,http://static.cninfo.com.cn/finalpage/2021-12-16/1211920930.PDF,issuer_cninfo_operating_release,2026-08-06T21:36:36.493291+00:00
2021-11,601111,Air China,2021-12-16,2021-12-16T00:00:00+08:00,1211921660,中国国际航空股份有限公司2021年11月主要运营数据公告,http://static.cninfo.com.cn/finalpage/2021-12-16/1211921660.PDF,issuer_cninfo_operating_release,2026-08-06T21:36:36.493291+00:00
2021-11,603885,Juneyao Airlines,2021-12-16,2021-12-16T00:00:00+08:00,1211921128,上海吉祥航空股份有限公司2021年11月主要运营数据公告,http://static.cninfo.com.cn/finalpage/2021-12-16/1211921128.PDF,issuer_cninfo_operating_release,2026-08-06T21:36:36.493291+00:00
2021-12,600029,China Southern,2022-01-15,2022-01-15T00:00:00+08:00,1212189767,南方航空2021年12月主要运营数据公告,http://static.cninfo.com.cn/finalpage/2022-01-15/1212189767.PDF,issuer_cninfo_operating_release,2026-08-06T21:36:36.493291+00:00
2021-12,600115,China Eastern,2022-01-15,2022-01-15T00:00:00+08:00,1212191408,中国东方航空股份有限公司2021年12月运营数据公告,http://static.cninfo.com.cn/finalpage/2022-01-15/1212191408.PDF,issuer_cninfo_operating_release,2026-08-06T21:36:36.493291+00:00
2021-12,600221,Hainan Airlines Holdings,2022-01-18,2022-01-18T00:00:00+08:00,1212201639,*ST海航：2021年12月主要运营数据公告,http://static.cninfo.com.cn/finalpage/2022-01-18/1212201639.PDF,issuer_cninfo_operating_release,2026-08-06T21:36:36.493291+00:00
2021-12,601021,Spring Airlines,2022-01-15,2022-01-15T00:00:00+08:00,1212188662, 春秋航空2021年12月份主要运营数据公告,http://static.cninfo.com.cn/finalpage/2022-01-15/1212188662.PDF,issuer_cninfo_operating_release,2026-08-06T21:36:36.493291+00:00
2021-12,601111,Air China,2022-01-15,2022-01-15T00:00:00+08:00,1212189305,中国国际航空股份有限公司2021年12月主要运营数据公告,http://static.cninfo.com.cn/finalpage/2022-01-15/1212189305.PDF,issuer_cninfo_operating_release,2026-08-06T21:36:36.493291+00:00
2021-12,603885,Juneyao Airlines,2022-01-18,2022-01-18T00:00:00+08:00,1212199922,上海吉祥航空股份有限公司2021年12月主要运营数据公告,http://static.cninfo.com.cn/finalpage/2022-01-18/1212199922.PDF,issuer_cninfo_operating_release,2026-08-06T21:36:36.493291+00:00
2022-01,600029,China Southern,2022-02-15,2022-02-15T00:00:00+08:00,1212361401,南方航空2022年1月主要运营数据公告,http://static.cninfo.com.cn/finalpage/2022-02-15/1212361401.PDF,issuer_cninfo_operating_release,2026-08-06T21:36:36.493291+00:00
2022-01,600115,China Eastern,2022-02-16,2022-02-16T00:00:00+08:00,1212366379,中国东方航空股份有限公司2022年1月运营数据公告,http://static.cninfo.com.cn/finalpage/2022-02-16/1212366379.PDF,issuer_cninfo_operating_release,2026-08-06T21:36:36.493291+00:00
2022-01,600221,Hainan Airlines Holdings,2022-02-17,2022-02-17T00:00:00+08:00,1212384829,*ST海航：2022年1月主要运营数据公告,http://static.cninfo.com.cn/finalpage/2022-02-17/1212384829.PDF,issuer_cninfo_operating_release,2026-08-06T21:36:36.493291+00:00
2022-01,601021,Spring Airlines,2022-02-16,2022-02-16T00:00:00+08:00,1212365686, 春秋航空2022年1月份主要运营数据公告,http://static.cninfo.com.cn/finalpage/2022-02-16/1212365686.PDF,issuer_cninfo_operating_release,2026-08-06T21:36:36.493291+00:00
2022-01,601111,Air China,2022-02-16,2022-02-16T00:00:00+08:00,1212366536,中国国际航空股份有限公司2022年1月主要运营数据公告,http://static.cninfo.com.cn/finalpage/2022-02-16/1212366536.PDF,issuer_cninfo_operating_release,2026-08-06T21:36:36.493291+00:00
2022-01,603885,Juneyao Airlines,2022-02-16,2022-02-16T00:00:00+08:00,1212366284, 上海吉祥航空股份有限公司2022年1月主要运营数据公告,http://static.cninfo.com.cn/finalpage/2022-02-16/1212366284.PDF,issuer_cninfo_operating_release,2026-08-06T21:36:36.493291+00:00
2022-02,600029,China Southern,2022-03-16,2022-03-16T00:00:00+08:00,1212578585,南方航空2022年2月主要运营数据公告,http://static.cninfo.com.cn/finalpage/2022-03-16/1212578585.PDF,issuer_cninfo_operating_release,2026-08-06T21:36:36.493291+00:00
2022-02,600115,China Eastern,2022-03-16,2022-03-16T00:00:00+08:00,1212578385,中国东方航空股份有限公司2022年2月运营数据公告,http://static.cninfo.com.cn/finalpage/2022-03-16/1212578385.PDF,issuer_cninfo_operating_release,2026-08-06T21:36:36.493291+00:00
2022-02,600221,Hainan Airlines Holdings,2022-03-17,2022-03-17T00:00:00+08:00,1212593339,*ST海航：2022年2月主要运营数据公告,http://static.cninfo.com.cn/finalpage/2022-03-17/1212593339.PDF,issuer_cninfo_operating_release,2026-08-06T21:36:36.493291+00:00
2022-02,601021,Spring Airlines,2022-03-16,2022-03-16T00:00:00+08:00,1212578012,春秋航空2022年2月份主要运营数据公告,http://static.cninfo.com.cn/finalpage/2022-03-16/1212578012.PDF,issuer_cninfo_operating_release,2026-08-06T21:36:36.493291+00:00
2022-02,601111,Air China,2022-03-16,2022-03-16T00:00:00+08:00,1212578670,中国国际航空股份有限公司2022年2月主要运营数据公告,http://static.cninfo.com.cn/finalpage/2022-03-16/1212578670.PDF,issuer_cninfo_operating_release,2026-08-06T21:36:36.493291+00:00
2022-02,603885,Juneyao Airlines,2022-03-16,2022-03-16T00:00:00+08:00,1212578856,上海吉祥航空股份有限公司2022年2月主要运营数据公告,http://static.cninfo.com.cn/finalpage/2022-03-16/1212578856.PDF,issuer_cninfo_operating_release,2026-08-06T21:36:36.493291+00:00
2022-03,600029,China Southern,2022-04-15,2022-04-15T00:00:00+08:00,1212920544,南方航空2022年3月主要运营数据公告,http://static.cninfo.com.cn/finalpage/2022-04-15/1212920544.PDF,issuer_cninfo_operating_release,2026-08-06T21:36:36.493291+00:00
2022-03,600115,China Eastern,2022-04-15,2022-04-15T00:00:00+08:00,1212925161,中国东方航空股份有限公司2022年3月运营数据公告（修订版）,http://static.cninfo.com.cn/finalpage/2022-04-15/1212925161.PDF,issuer_cninfo_operating_release,2026-08-06T21:36:36.493291+00:00
2022-03,600221,Hainan Airlines Holdings,2022-04-16,2022-04-16T00:00:00+08:00,1212942650,*ST海航：2022年3月主要运营数据公告,http://static.cninfo.com.cn/finalpage/2022-04-16/1212942650.PDF,issuer_cninfo_operating_release,2026-08-06T21:36:36.493291+00:00
2022-03,601021,Spring Airlines,2022-04-16,2022-04-16T00:00:00+08:00,1212943438,春秋航空2022年3月份主要运营数据公告,http://static.cninfo.com.cn/finalpage/2022-04-16/1212943438.PDF,issuer_cninfo_operating_release,2026-08-06T21:36:36.493291+00:00
2022-03,601111,Air China,2022-04-15,2022-04-15T00:00:00+08:00,1212921278,中国国际航空股份有限公司2022年3月主要运营数据公告,http://static.cninfo.com.cn/finalpage/2022-04-15/1212921278.PDF,issuer_cninfo_operating_release,2026-08-06T21:36:36.493291+00:00
2022-03,603885,Juneyao Airlines,2022-04-15,2022-04-15T00:00:00+08:00,1212921911,上海吉祥航空股份有限公司2022年3月主要运营数据公告,http://static.cninfo.com.cn/finalpage/2022-04-15/1212921911.PDF,issuer_cninfo_operating_release,2026-08-06T21:36:36.493291+00:00
2022-04,600029,China Southern,2022-05-14,2022-05-14T00:00:00+08:00,1213354957,南方航空2022年4月主要运营数据公告,http://static.cninfo.com.cn/finalpage/2022-05-14/1213354957.PDF,issuer_cninfo_operating_release,2026-08-06T21:36:36.493291+00:00
2022-04,600115,China Eastern,2022-05-17,2022-05-17T00:00:00+08:00,1213367784,中国东方航空股份有限公司2022年4月运营数据公告,http://static.cninfo.com.cn/finalpage/2022-05-17/1213367784.PDF,issuer_cninfo_operating_release,2026-08-06T21:36:36.493291+00:00
2022-04,600221,Hainan Airlines Holdings,2022-05-17,2022-05-17T00:00:00+08:00,1213370247,*ST海航：2022年4月主要运营数据公告,http://static.cninfo.com.cn/finalpage/2022-05-17/1213370247.PDF,issuer_cninfo_operating_release,2026-08-06T21:36:36.493291+00:00
2022-04,601021,Spring Airlines,2022-05-17,2022-05-17T00:00:00+08:00,1213365941,春秋航空2022年4月份主要运营数据公告,http://static.cninfo.com.cn/finalpage/2022-05-17/1213365941.PDF,issuer_cninfo_operating_release,2026-08-06T21:36:36.493291+00:00
2022-04,601111,Air China,2022-05-14,2022-05-14T00:00:00+08:00,1213354819,中国国际航空股份有限公司2022年4月主要运营数据公告,http://static.cninfo.com.cn/finalpage/2022-05-14/1213354819.PDF,issuer_cninfo_operating_release,2026-08-06T21:36:36.493291+00:00
2022-04,603885,Juneyao Airlines,2022-05-14,2022-05-14T00:00:00+08:00,1213355288,上海吉祥航空股份有限公司2022年4月主要运营数据公告,http://static.cninfo.com.cn/finalpage/2022-05-14/1213355288.PDF,issuer_cninfo_operating_release,2026-08-06T21:36:36.493291+00:00
2022-05,600029,China Southern,2022-06-15,2022-06-15T00:00:00+08:00,1213704417,南方航空2022年5月主要运营数据公告,http://static.cninfo.com.cn/finalpage/2022-06-15/1213704417.PDF,issuer_cninfo_operating_release,2026-08-06T21:36:36.493291+00:00
2022-05,600115,China Eastern,2022-06-16,2022-06-16T00:00:00+08:00,1213721023,中国东航2022年5月运营数据公告,http://static.cninfo.com.cn/finalpage/2022-06-16/1213721023.PDF,issuer_cninfo_operating_release,2026-08-06T21:36:36.493291+00:00
2022-05,600221,Hainan Airlines Holdings,2022-06-17,2022-06-17T00:00:00+08:00,1213732239,ST海航：2022年5月主要运营数据公告,http://static.cninfo.com.cn/finalpage/2022-06-17/1213732239.PDF,issuer_cninfo_operating_release,2026-08-06T21:36:36.493291+00:00
2022-05,601021,Spring Airlines,2022-06-16,2022-06-16T00:00:00+08:00,1213719830,春秋航空2022年5月份主要运营数据公告,http://static.cninfo.com.cn/finalpage/2022-06-16/1213719830.PDF,issuer_cninfo_operating_release,2026-08-06T21:36:36.493291+00:00
2022-05,601111,Air China,2022-06-16,2022-06-16T00:00:00+08:00,1213720437,中国国际航空股份有限公司2022年5月主要运营数据公告,http://static.cninfo.com.cn/finalpage/2022-06-16/1213720437.PDF,issuer_cninfo_operating_release,2026-08-06T21:36:36.493291+00:00
2022-05,603885,Juneyao Airlines,2022-06-16,2022-06-16T00:00:00+08:00,1213720358,上海吉祥航空股份有限公司2022年5月主要运营数据公告,http://static.cninfo.com.cn/finalpage/2022-06-16/1213720358.PDF,issuer_cninfo_operating_release,2026-08-06T21:36:36.493291+00:00
2022-06,600029,China Southern,2022-07-16,2022-07-16T00:00:00+08:00,1214055998,南方航空2022年6月主要运营数据公告,http://static.cninfo.com.cn/finalpage/2022-07-16/1214055998.PDF,issuer_cninfo_operating_release,2026-08-06T21:36:36.493291+00:00
2022-06,600115,China Eastern,2022-07-16,2022-07-16T00:00:00+08:00,1214056848,中国东方航空股份有限公司2022年6月运营数据公告,http://static.cninfo.com.cn/finalpage/2022-07-16/1214056848.PDF,issuer_cninfo_operating_release,2026-08-06T21:36:36.493291+00:00
2022-06,600221,Hainan Airlines Holdings,2022-07-19,2022-07-19T00:00:00+08:00,1214066664,ST海航：2022年6月主要运营数据公告,http://static.cninfo.com.cn/finalpage/2022-07-19/1214066664.PDF,issuer_cninfo_operating_release,2026-08-06T21:36:36.493291+00:00
2022-06,601021,Spring Airlines,2022-07-16,2022-07-16T00:00:00+08:00,1214054934,春秋航空2022年6月份主要运营数据公告,http://static.cninfo.com.cn/finalpage/2022-07-16/1214054934.PDF,issuer_cninfo_operating_release,2026-08-06T21:36:36.493291+00:00
2022-06,601111,Air China,2022-07-16,2022-07-16T00:00:00+08:00,1214056908,中国国际航空股份有限公司2022年6月主要运营数据公告,http://static.cninfo.com.cn/finalpage/2022-07-16/1214056908.PDF,issuer_cninfo_operating_release,2026-08-06T21:36:36.493291+00:00
2022-06,603885,Juneyao Airlines,2022-07-16,2022-07-16T00:00:00+08:00,1214056164,上海吉祥航空股份有限公司2022年6月主要运营数据公告,http://static.cninfo.com.cn/finalpage/2022-07-16/1214056164.PDF,issuer_cninfo_operating_release,2026-08-06T21:36:36.493291+00:00
2022-07,600029,China Southern,2022-08-16,2022-08-16T00:00:00+08:00,1214297457,南方航空2022年7月主要运营数据公告,http://static.cninfo.com.cn/finalpage/2022-08-16/1214297457.PDF,issuer_cninfo_operating_release,2026-08-06T21:36:36.493291+00:00
2022-07,600115,China Eastern,2022-08-16,2022-08-16T00:00:00+08:00,1214296763,中国东方航空股份有限公司2022年7月运营数据公告,http://static.cninfo.com.cn/finalpage/2022-08-16/1214296763.PDF,issuer_cninfo_operating_release,2026-08-06T21:36:36.493291+00:00
2022-07,600221,Hainan Airlines Holdings,2022-08-16,2022-08-16T00:00:00+08:00,1214300158,ST海航：2022年7月主要运营数据公告,http://static.cninfo.com.cn/finalpage/2022-08-16/1214300158.PDF,issuer_cninfo_operating_release,2026-08-06T21:36:36.493291+00:00
2022-07,601021,Spring Airlines,2022-08-16,2022-08-16T00:00:00+08:00,1214295095,春秋航空2022年7月份主要运营数据公告,http://static.cninfo.com.cn/finalpage/2022-08-16/1214295095.PDF,issuer_cninfo_operating_release,2026-08-06T21:36:36.493291+00:00
2022-07,601111,Air China,2022-08-16,2022-08-16T00:00:00+08:00,1214298133,中国国际航空股份有限公司2022年7月主要运营数据公告,http://static.cninfo.com.cn/finalpage/2022-08-16/1214298133.PDF,issuer_cninfo_operating_release,2026-08-06T21:36:36.493291+00:00
2022-07,603885,Juneyao Airlines,2022-08-16,2022-08-16T00:00:00+08:00,1214298771,上海吉祥航空股份有限公司2022年7月主要运营数据公告,http://static.cninfo.com.cn/finalpage/2022-08-16/1214298771.PDF,issuer_cninfo_operating_release,2026-08-06T21:36:36.493291+00:00
2022-08,600029,China Southern,2022-09-15,2022-09-15T00:00:00+08:00,1214594181,南方航空2022年8月主要运营数据公告,http://static.cninfo.com.cn/finalpage/2022-09-15/1214594181.PDF,issuer_cninfo_operating_release,2026-08-06T21:36:36.493291+00:00
2022-08,600115,China Eastern,2022-09-16,2022-09-16T00:00:00+08:00,1214600776,中国东方航空股份有限公司2022年8月运营数据公告,http://static.cninfo.com.cn/finalpage/2022-09-16/1214600776.PDF,issuer_cninfo_operating_release,2026-08-06T21:36:36.493291+00:00
2022-08,600221,Hainan Airlines Holdings,2022-09-17,2022-09-17T00:00:00+08:00,1214610864,ST海航：2022年8月主要运营数据公告,http://static.cninfo.com.cn/finalpage/2022-09-17/1214610864.PDF,issuer_cninfo_operating_release,2026-08-06T21:36:36.493291+00:00
2022-08,601021,Spring Airlines,2022-09-16,2022-09-16T00:00:00+08:00,1214600020,春秋航空2022年8月份主要运营数据公告,http://static.cninfo.com.cn/finalpage/2022-09-16/1214600020.PDF,issuer_cninfo_operating_release,2026-08-06T21:36:36.493291+00:00
2022-08,601111,Air China,2022-09-16,2022-09-16T00:00:00+08:00,1214600872,中国国际航空股份有限公司2022年8月主要运营数据公告,http://static.cninfo.com.cn/finalpage/2022-09-16/1214600872.PDF,issuer_cninfo_operating_release,2026-08-06T21:36:36.493291+00:00
2022-08,603885,Juneyao Airlines,2022-09-16,2022-09-16T00:00:00+08:00,1214600080,上海吉祥航空股份有限公司2022年8月主要运营数据公告,http://static.cninfo.com.cn/finalpage/2022-09-16/1214600080.PDF,issuer_cninfo_operating_release,2026-08-06T21:36:36.493291+00:00
2022-09,600029,China Southern,2022-10-15,2022-10-15T00:00:00+08:00,1214791760,南方航空2022年9月主要运营数据公告,http://static.cninfo.com.cn/finalpage/2022-10-15/1214791760.PDF,issuer_cninfo_operating_release,2026-08-06T21:36:36.493291+00:00
2022-09,600115,China Eastern,2022-10-15,2022-10-15T00:00:00+08:00,1214794672,中国东方航空股份有限公司2022年9月运营数据公告,http://static.cninfo.com.cn/finalpage/2022-10-15/1214794672.PDF,issuer_cninfo_operating_release,2026-08-06T21:36:36.493291+00:00
2022-09,600221,Hainan Airlines Holdings,2022-10-18,2022-10-18T00:00:00+08:00,1214816727,海航控股：2022年9月主要运营数据公告,http://static.cninfo.com.cn/finalpage/2022-10-18/1214816727.PDF,issuer_cninfo_operating_release,2026-08-06T21:36:36.493291+00:00
2022-09,601021,Spring Airlines,2022-10-15,2022-10-15T00:00:00+08:00,1214791509,春秋航空2022年9月份主要运营数据公告,http://static.cninfo.com.cn/finalpage/2022-10-15/1214791509.PDF,issuer_cninfo_operating_release,2026-08-06T21:36:36.493291+00:00
2022-09,601111,Air China,2022-10-25,2022-10-25T00:00:00+08:00,1214883253,中国国际航空股份有限公司2022年9月主要运营数据公告,http://static.cninfo.com.cn/finalpage/2022-10-25/1214883253.PDF,issuer_cninfo_operating_release,2026-08-06T21:36:36.493291+00:00
2022-09,603885,Juneyao Airlines,2022-10-15,2022-10-15T00:00:00+08:00,1214791628,上海吉祥航空股份有限公司2022年9月主要运营数据公告,http://static.cninfo.com.cn/finalpage/2022-10-15/1214791628.PDF,issuer_cninfo_operating_release,2026-08-06T21:36:36.493291+00:00
2022-10,600029,China Southern,2022-11-16,2022-11-16T00:00:00+08:00,1215115682,南方航空2022年10月主要运营数据公告,http://static.cninfo.com.cn/finalpage/2022-11-16/1215115682.PDF,issuer_cninfo_operating_release,2026-08-06T21:36:36.493291+00:00
2022-10,600115,China Eastern,2022-11-16,2022-11-16T00:00:00+08:00,1215116078,中国东方航空股份有限公司2022年10月运营数据公告,http://static.cninfo.com.cn/finalpage/2022-11-16/1215116078.PDF,issuer_cninfo_operating_release,2026-08-06T21:36:36.493291+00:00
2022-10,600221,Hainan Airlines Holdings,2022-11-17,2022-11-17T00:00:00+08:00,1215128675,海航控股：2022年10月主要运营数据公告,http://static.cninfo.com.cn/finalpage/2022-11-17/1215128675.PDF,issuer_cninfo_operating_release,2026-08-06T21:36:36.493291+00:00
2022-10,601021,Spring Airlines,2022-11-16,2022-11-16T00:00:00+08:00,1215115623,春秋航空2022年10月份主要运营数据公告,http://static.cninfo.com.cn/finalpage/2022-11-16/1215115623.PDF,issuer_cninfo_operating_release,2026-08-06T21:36:36.493291+00:00
2022-10,601111,Air China,2022-11-16,2022-11-16T00:00:00+08:00,1215115810,中国国际航空股份有限公司2022年10月主要运营数据公告,http://static.cninfo.com.cn/finalpage/2022-11-16/1215115810.PDF,issuer_cninfo_operating_release,2026-08-06T21:36:36.493291+00:00
2022-10,603885,Juneyao Airlines,2022-11-15,2022-11-15T00:00:00+08:00,1215107787,上海吉祥航空股份有限公司2022年10月主要运营数据公告,http://static.cninfo.com.cn/finalpage/2022-11-15/1215107787.PDF,issuer_cninfo_operating_release,2026-08-06T21:36:36.493291+00:00
2022-11,600029,China Southern,2022-12-16,2022-12-16T00:00:00+08:00,1215365535,南方航空2022年11月主要运营数据公告,http://static.cninfo.com.cn/finalpage/2022-12-16/1215365535.PDF,issuer_cninfo_operating_release,2026-08-06T21:36:36.493291+00:00
2022-11,600115,China Eastern,2022-12-16,2022-12-16T00:00:00+08:00,1215366336,中国东方航空股份有限公司2022年11月运营数据公告,http://static.cninfo.com.cn/finalpage/2022-12-16/1215366336.PDF,issuer_cninfo_operating_release,2026-08-06T21:36:36.493291+00:00
2022-11,600221,Hainan Airlines Holdings,2022-12-17,2022-12-17T00:00:00+08:00,1215377498,海航控股：2022年11月主要运营数据公告,http://static.cninfo.com.cn/finalpage/2022-12-17/1215377498.PDF,issuer_cninfo_operating_release,2026-08-06T21:36:36.493291+00:00
2022-11,601021,Spring Airlines,2022-12-16,2022-12-16T00:00:00+08:00,1215365393, 春秋航空2022年11月份主要运营数据公告,http://static.cninfo.com.cn/finalpage/2022-12-16/1215365393.PDF,issuer_cninfo_operating_release,2026-08-06T21:36:36.493291+00:00
2022-11,601111,Air China,2022-12-16,2022-12-16T00:00:00+08:00,1215366222,中国国际航空股份有限公司2022年11月主要运营数据公告,http://static.cninfo.com.cn/finalpage/2022-12-16/1215366222.PDF,issuer_cninfo_operating_release,2026-08-06T21:36:36.493291+00:00
2022-11,603885,Juneyao Airlines,2022-12-16,2022-12-16T00:00:00+08:00,1215365627,上海吉祥航空股份有限公司2022年11月主要运营数据公告,http://static.cninfo.com.cn/finalpage/2022-12-16/1215365627.PDF,issuer_cninfo_operating_release,2026-08-06T21:36:36.493291+00:00
2022-12,600029,China Southern,2023-01-17,2023-01-17T00:00:00+08:00,1215627293,南方航空2022年12月主要运营数据公告,http://static.cninfo.com.cn/finalpage/2023-01-17/1215627293.PDF,issuer_cninfo_operating_release,2026-08-06T21:36:36.493291+00:00
2022-12,600115,China Eastern,2023-01-17,2023-01-17T00:00:00+08:00,1215627903,中国东方航空股份有限公司2022年12月运营数据公告,http://static.cninfo.com.cn/finalpage/2023-01-17/1215627903.PDF,issuer_cninfo_operating_release,2026-08-06T21:36:36.493291+00:00
2022-12,600221,Hainan Airlines Holdings,2023-01-18,2023-01-18T00:00:00+08:00,1215639389,海航控股：2022年12月主要运营数据公告,http://static.cninfo.com.cn/finalpage/2023-01-18/1215639389.PDF,issuer_cninfo_operating_release,2026-08-06T21:36:36.493291+00:00
2022-12,601021,Spring Airlines,2023-01-17,2023-01-17T00:00:00+08:00,1215625971,春秋航空2022年12月份主要运营数据公告,http://static.cninfo.com.cn/finalpage/2023-01-17/1215625971.PDF,issuer_cninfo_operating_release,2026-08-06T21:36:36.493291+00:00
2022-12,601111,Air China,2023-01-14,2023-01-14T00:00:00+08:00,1215606910,中国国际航空股份有限公司2022年12月主要运营数据公告,http://static.cninfo.com.cn/finalpage/2023-01-14/1215606910.PDF,issuer_cninfo_operating_release,2026-08-06T21:36:36.493291+00:00
2022-12,603885,Juneyao Airlines,2023-01-17,2023-01-17T00:00:00+08:00,1215626440,上海吉祥航空股份有限公司2022年12月主要运营数据公告,http://static.cninfo.com.cn/finalpage/2023-01-17/1215626440.PDF,issuer_cninfo_operating_release,2026-08-06T21:36:36.493291+00:00
2023-01,600029,China Southern,2023-02-16,2023-02-16T00:00:00+08:00,1215871547,南方航空2023年1月主要运营数据公告,http://static.cninfo.com.cn/finalpage/2023-02-16/1215871547.PDF,issuer_cninfo_operating_release,2026-08-06T21:36:36.493291+00:00
2023-01,600115,China Eastern,2023-02-16,2023-02-16T00:00:00+08:00,1215871255,中国东方航空股份有限公司2023年1月运营数据公告,http://static.cninfo.com.cn/finalpage/2023-02-16/1215871255.PDF,issuer_cninfo_operating_release,2026-08-06T21:36:36.493291+00:00
2023-01,600221,Hainan Airlines Holdings,2023-02-16,2023-02-16T00:00:00+08:00,1215872580,海航控股：2023年1月主要运营数据公告,http://static.cninfo.com.cn/finalpage/2023-02-16/1215872580.PDF,issuer_cninfo_operating_release,2026-08-06T21:36:36.493291+00:00
2023-01,601021,Spring Airlines,2023-02-16,2023-02-16T00:00:00+08:00,1215870674,春秋航空2023年1月份主要运营数据公告,http://static.cninfo.com.cn/finalpage/2023-02-16/1215870674.PDF,issuer_cninfo_operating_release,2026-08-06T21:36:36.493291+00:00
2023-01,601111,Air China,2023-02-16,2023-02-16T00:00:00+08:00,1215872391,中国国际航空股份有限公司2023年1月主要运营数据公告,http://static.cninfo.com.cn/finalpage/2023-02-16/1215872391.PDF,issuer_cninfo_operating_release,2026-08-06T21:36:36.493291+00:00
2023-01,603885,Juneyao Airlines,2023-02-15,2023-02-15T00:00:00+08:00,1215862717,上海吉祥航空股份有限公司2023年1月主要运营数据公告,http://static.cninfo.com.cn/finalpage/2023-02-15/1215862717.PDF,issuer_cninfo_operating_release,2026-08-06T21:36:36.493291+00:00
2023-02,600029,China Southern,2023-03-16,2023-03-16T00:00:00+08:00,1216126968,南方航空2023年2月主要运营数据公告,http://static.cninfo.com.cn/finalpage/2023-03-16/1216126968.PDF,issuer_cninfo_operating_release,2026-08-06T21:36:36.493291+00:00
2023-02,600115,China Eastern,2023-03-16,2023-03-16T00:00:00+08:00,1216126304,中国东方航空股份有限公司2023年2月运营数据公告,http://static.cninfo.com.cn/finalpage/2023-03-16/1216126304.PDF,issuer_cninfo_operating_release,2026-08-06T21:36:36.493291+00:00
2023-02,600221,Hainan Airlines Holdings,2023-03-17,2023-03-17T00:00:00+08:00,1216135939,海航控股：2023年2月主要运营数据公告,http://static.cninfo.com.cn/finalpage/2023-03-17/1216135939.PDF,issuer_cninfo_operating_release,2026-08-06T21:36:36.493291+00:00
2023-02,601021,Spring Airlines,2023-03-15,2023-03-15T00:00:00+08:00,1216115903,春秋航空2023年2月份主要运营数据公告,http://static.cninfo.com.cn/finalpage/2023-03-15/1216115903.PDF,issuer_cninfo_operating_release,2026-08-06T21:36:36.493291+00:00
2023-02,601111,Air China,2023-03-16,2023-03-16T00:00:00+08:00,1216126773,中国国际航空股份有限公司2023年2月主要运营数据公告,http://static.cninfo.com.cn/finalpage/2023-03-16/1216126773.PDF,issuer_cninfo_operating_release,2026-08-06T21:36:36.493291+00:00
2023-02,603885,Juneyao Airlines,2023-03-15,2023-03-15T00:00:00+08:00,1216114573,上海吉祥航空股份有限公司2023年2月主要运营数据公告,http://static.cninfo.com.cn/finalpage/2023-03-15/1216114573.PDF,issuer_cninfo_operating_release,2026-08-06T21:36:36.493291+00:00
2023-03,600029,China Southern,2023-04-14,2023-04-14T00:00:00+08:00,1216402193,南方航空2023年3月主要运营数据公告,http://static.cninfo.com.cn/finalpage/2023-04-14/1216402193.PDF,issuer_cninfo_operating_release,2026-08-06T21:36:36.493291+00:00
2023-03,600115,China Eastern,2023-04-14,2023-04-14T00:00:00+08:00,1216402197,中国东方航空股份有限公司2023年3月运营数据公告,http://static.cninfo.com.cn/finalpage/2023-04-14/1216402197.PDF,issuer_cninfo_operating_release,2026-08-06T21:36:36.493291+00:00
2023-03,600221,Hainan Airlines Holdings,2023-04-15,2023-04-15T00:00:00+08:00,1216417265,海航控股：2023年3月主要运营数据公告,http://static.cninfo.com.cn/finalpage/2023-04-15/1216417265.PDF,issuer_cninfo_operating_release,2026-08-06T21:36:36.493291+00:00
2023-03,601021,Spring Airlines,2023-04-15,2023-04-15T00:00:00+08:00,1216411853,春秋航空2023年3月份主要运营数据公告,http://static.cninfo.com.cn/finalpage/2023-04-15/1216411853.PDF,issuer_cninfo_operating_release,2026-08-06T21:36:36.493291+00:00
2023-03,601111,Air China,2023-04-14,2023-04-14T00:00:00+08:00,1216402699,中国国际航空股份有限公司2023年3月主要运营数据公告,http://static.cninfo.com.cn/finalpage/2023-04-14/1216402699.PDF,issuer_cninfo_operating_release,2026-08-06T21:36:36.493291+00:00
2023-03,603885,Juneyao Airlines,2023-04-15,2023-04-15T00:00:00+08:00,1216411860,上海吉祥航空股份有限公司2023年3月主要运营数据公告,http://static.cninfo.com.cn/finalpage/2023-04-15/1216411860.PDF,issuer_cninfo_operating_release,2026-08-06T21:36:36.493291+00:00
2023-04,600029,China Southern,2023-05-17,2023-05-17T00:00:00+08:00,1216828650,南方航空2023年4月主要运营数据公告,http://static.cninfo.com.cn/finalpage/2023-05-17/1216828650.PDF,issuer_cninfo_operating_release,2026-08-06T21:36:36.493291+00:00
2023-04,600115,China Eastern,2023-05-16,2023-05-16T00:00:00+08:00,1216818113,中国东方航空股份有限公司2023年4月运营数据公告,http://static.cninfo.com.cn/finalpage/2023-05-16/1216818113.PDF,issuer_cninfo_operating_release,2026-08-06T21:36:36.493291+00:00
2023-04,600221,Hainan Airlines Holdings,2023-05-18,2023-05-18T00:00:00+08:00,1216842664,海航控股：2023年4月主要运营数据公告,http://static.cninfo.com.cn/finalpage/2023-05-18/1216842664.PDF,issuer_cninfo_operating_release,2026-08-06T21:36:36.493291+00:00
2023-04,601021,Spring Airlines,2023-05-16,2023-05-16T00:00:00+08:00,1216817273,春秋航空2023年4月份主要运营数据公告,http://static.cninfo.com.cn/finalpage/2023-05-16/1216817273.PDF,issuer_cninfo_operating_release,2026-08-06T21:36:36.493291+00:00
2023-04,601111,Air China,2023-05-16,2023-05-16T00:00:00+08:00,1216819348,中国国际航空股份有限公司2023年4月主要运营数据公告,http://static.cninfo.com.cn/finalpage/2023-05-16/1216819348.PDF,issuer_cninfo_operating_release,2026-08-06T21:36:36.493291+00:00
2023-04,603885,Juneyao Airlines,2023-05-16,2023-05-16T00:00:00+08:00,1216817425,上海吉祥航空股份有限公司2023年4月主要运营数据公告,http://static.cninfo.com.cn/finalpage/2023-05-16/1216817425.PDF,issuer_cninfo_operating_release,2026-08-06T21:36:36.493291+00:00
2023-05,600029,China Southern,2023-06-16,2023-06-16T00:00:00+08:00,1217074475,南方航空2023年5月主要运营数据公告,http://static.cninfo.com.cn/finalpage/2023-06-16/1217074475.PDF,issuer_cninfo_operating_release,2026-08-06T21:36:36.493291+00:00
2023-05,600115,China Eastern,2023-06-16,2023-06-16T00:00:00+08:00,1217073430,中国东方航空股份有限公司2023年5月运营数据公告,http://static.cninfo.com.cn/finalpage/2023-06-16/1217073430.PDF,issuer_cninfo_operating_release,2026-08-06T21:36:36.493291+00:00
2023-05,600221,Hainan Airlines Holdings,2023-06-17,2023-06-17T00:00:00+08:00,1217086161,海航控股：2023年5月主要运营数据公告,http://static.cninfo.com.cn/finalpage/2023-06-17/1217086161.PDF,issuer_cninfo_operating_release,2026-08-06T21:36:36.493291+00:00
2023-05,601021,Spring Airlines,2023-06-16,2023-06-16T00:00:00+08:00,1217072805,春秋航空2023年5月份主要运营数据公告,http://static.cninfo.com.cn/finalpage/2023-06-16/1217072805.PDF,issuer_cninfo_operating_release,2026-08-06T21:36:36.493291+00:00
2023-05,601111,Air China,2023-06-16,2023-06-16T00:00:00+08:00,1217073816,中国国际航空股份有限公司2023年5月主要运营数据公告,http://static.cninfo.com.cn/finalpage/2023-06-16/1217073816.PDF,issuer_cninfo_operating_release,2026-08-06T21:36:36.493291+00:00
2023-05,603885,Juneyao Airlines,2023-06-15,2023-06-15T00:00:00+08:00,1217065425,上海吉祥航空股份有限公司2023年5月主要运营数据公告,http://static.cninfo.com.cn/finalpage/2023-06-15/1217065425.PDF,issuer_cninfo_operating_release,2026-08-06T21:36:36.493291+00:00
2023-06,600029,China Southern,2023-07-15,2023-07-15T00:00:00+08:00,1217302289,南方航空2023年6月主要运营数据公告,http://static.cninfo.com.cn/finalpage/2023-07-15/1217302289.PDF,issuer_cninfo_operating_release,2026-08-06T21:36:36.493291+00:00
2023-06,600115,China Eastern,2023-07-15,2023-07-15T00:00:00+08:00,1217302910,中国东方航空股份有限公司2023年6月运营数据公告,http://static.cninfo.com.cn/finalpage/2023-07-15/1217302910.PDF,issuer_cninfo_operating_release,2026-08-06T21:36:36.493291+00:00
2023-06,600221,Hainan Airlines Holdings,2023-07-18,2023-07-18T00:00:00+08:00,1217314431,海航控股：2023年6月主要运营数据公告,http://static.cninfo.com.cn/finalpage/2023-07-18/1217314431.PDF,issuer_cninfo_operating_release,2026-08-06T21:36:36.493291+00:00
2023-06,601021,Spring Airlines,2023-07-15,2023-07-15T00:00:00+08:00,1217299942,春秋航空2023年6月份主要运营数据公告,http://static.cninfo.com.cn/finalpage/2023-07-15/1217299942.PDF,issuer_cninfo_operating_release,2026-08-06T21:36:36.493291+00:00
2023-06,601111,Air China,2023-07-15,2023-07-15T00:00:00+08:00,1217302508,中国国际航空股份有限公司2023年6月主要运营数据公告,http://static.cninfo.com.cn/finalpage/2023-07-15/1217302508.PDF,issuer_cninfo_operating_release,2026-08-06T21:36:36.493291+00:00
2023-06,603885,Juneyao Airlines,2023-07-15,2023-07-15T00:00:00+08:00,1217300211,上海吉祥航空股份有限公司2023年6月主要运营数据公告,http://static.cninfo.com.cn/finalpage/2023-07-15/1217300211.PDF,issuer_cninfo_operating_release,2026-08-06T21:36:36.493291+00:00
2023-07,600029,China Southern,2023-08-17,2023-08-17T00:00:00+08:00,1217554763,南方航空2023年7月主要运营数据公告,http://static.cninfo.com.cn/finalpage/2023-08-17/1217554763.PDF,issuer_cninfo_operating_release,2026-08-06T21:36:36.493291+00:00
2023-07,600115,China Eastern,2023-08-16,2023-08-16T00:00:00+08:00,1217542236,中国东方航空股份有限公司2023年7月运营数据公告,http://static.cninfo.com.cn/finalpage/2023-08-16/1217542236.PDF,issuer_cninfo_operating_release,2026-08-06T21:36:36.493291+00:00
2023-07,600221,Hainan Airlines Holdings,2023-08-18,2023-08-18T00:00:00+08:00,1217560387,海航控股：2023年7月主要运营数据公告,http://static.cninfo.com.cn/finalpage/2023-08-18/1217560387.PDF,issuer_cninfo_operating_release,2026-08-06T21:36:36.493291+00:00
2023-07,601021,Spring Airlines,2023-08-16,2023-08-16T00:00:00+08:00,1217540876,春秋航空2023年7月份主要运营数据公告,http://static.cninfo.com.cn/finalpage/2023-08-16/1217540876.PDF,issuer_cninfo_operating_release,2026-08-06T21:36:36.493291+00:00
2023-07,601111,Air China,2023-08-16,2023-08-16T00:00:00+08:00,1217543934,中国国际航空股份有限公司2023年7月主要运营数据公告,http://static.cninfo.com.cn/finalpage/2023-08-16/1217543934.PDF,issuer_cninfo_operating_release,2026-08-06T21:36:36.493291+00:00
2023-07,603885,Juneyao Airlines,2023-08-15,2023-08-15T00:00:00+08:00,1217530839,上海吉祥航空股份有限公司2023年7月主要运营数据公告,http://static.cninfo.com.cn/finalpage/2023-08-15/1217530839.PDF,issuer_cninfo_operating_release,2026-08-06T21:36:36.493291+00:00
2023-08,600029,China Southern,2023-09-16,2023-09-16T00:00:00+08:00,1217871026,南方航空2023年8月主要运营数据公告,http://static.cninfo.com.cn/finalpage/2023-09-16/1217871026.PDF,issuer_cninfo_operating_release,2026-08-06T21:36:36.493291+00:00
2023-08,600115,China Eastern,2023-09-16,2023-09-16T00:00:00+08:00,1217870747,中国东方航空股份有限公司2023年8月运营数据公告,http://static.cninfo.com.cn/finalpage/2023-09-16/1217870747.PDF,issuer_cninfo_operating_release,2026-08-06T21:36:36.493291+00:00
2023-08,600221,Hainan Airlines Holdings,2023-09-19,2023-09-19T00:00:00+08:00,1217885800,海航控股：2023年8月主要运营数据公告,http://static.cninfo.com.cn/finalpage/2023-09-19/1217885800.PDF,issuer_cninfo_operating_release,2026-08-06T21:36:36.493291+00:00
2023-08,601021,Spring Airlines,2023-09-16,2023-09-16T00:00:00+08:00,1217869629,春秋航空2023年8月份主要运营数据公告,http://static.cninfo.com.cn/finalpage/2023-09-16/1217869629.PDF,issuer_cninfo_operating_release,2026-08-06T21:36:36.493291+00:00
2023-08,601111,Air China,2023-09-16,2023-09-16T00:00:00+08:00,1217872439,中国国际航空股份有限公司2023年8月主要运营数据公告,http://static.cninfo.com.cn/finalpage/2023-09-16/1217872439.PDF,issuer_cninfo_operating_release,2026-08-06T21:36:36.493291+00:00
2023-08,603885,Juneyao Airlines,2023-09-15,2023-09-15T00:00:00+08:00,1217857868,上海吉祥航空股份有限公司2023年8月主要运营数据公告,http://static.cninfo.com.cn/finalpage/2023-09-15/1217857868.PDF,issuer_cninfo_operating_release,2026-08-06T21:36:36.493291+00:00
2023-09,600029,China Southern,2023-10-17,2023-10-17T00:00:00+08:00,1218047396,南方航空2023年9月主要运营数据公告,http://static.cninfo.com.cn/finalpage/2023-10-17/1218047396.PDF,issuer_cninfo_operating_release,2026-08-06T21:36:36.493291+00:00
2023-09,600115,China Eastern,2023-10-17,2023-10-17T00:00:00+08:00,1218047192,中国东方航空股份有限公司2023年9月运营数据公告,http://static.cninfo.com.cn/finalpage/2023-10-17/1218047192.PDF,issuer_cninfo_operating_release,2026-08-06T21:36:36.493291+00:00
2023-09,600221,Hainan Airlines Holdings,2023-10-18,2023-10-18T00:00:00+08:00,1218058581,海航控股：2023年9月主要运营数据公告,http://static.cninfo.com.cn/finalpage/2023-10-18/1218058581.PDF,issuer_cninfo_operating_release,2026-08-06T21:36:36.493291+00:00
2023-09,601021,Spring Airlines,2023-10-14,2023-10-14T00:00:00+08:00,1218030554,春秋航空2023年9月份主要运营数据公告,http://static.cninfo.com.cn/finalpage/2023-10-14/1218030554.PDF,issuer_cninfo_operating_release,2026-08-06T21:36:36.493291+00:00
2023-09,601111,Air China,2023-10-17,2023-10-17T00:00:00+08:00,1218047694,中国国际航空股份有限公司2023年9月主要运营数据公告,http://static.cninfo.com.cn/finalpage/2023-10-17/1218047694.PDF,issuer_cninfo_operating_release,2026-08-06T21:36:36.493291+00:00
2023-09,603885,Juneyao Airlines,2023-10-17,2023-10-17T00:00:00+08:00,1218047221,上海吉祥航空股份有限公司2023年9月主要运营数据公告,http://static.cninfo.com.cn/finalpage/2023-10-17/1218047221.PDF,issuer_cninfo_operating_release,2026-08-06T21:36:36.493291+00:00
2023-10,600029,China Southern,2023-11-16,2023-11-16T00:00:00+08:00,1218352230,南方航空2023年10月主要运营数据公告,http://static.cninfo.com.cn/finalpage/2023-11-16/1218352230.PDF,issuer_cninfo_operating_release,2026-08-06T21:36:36.493291+00:00
2023-10,600115,China Eastern,2023-11-16,2023-11-16T00:00:00+08:00,1218351113,中国东方航空股份有限公司2023年10月运营数据公告,http://static.cninfo.com.cn/finalpage/2023-11-16/1218351113.PDF,issuer_cninfo_operating_release,2026-08-06T21:36:36.493291+00:00
2023-10,600221,Hainan Airlines Holdings,2023-11-18,2023-11-18T00:00:00+08:00,1218368211,海航控股：2023年10月主要运营数据公告,http://static.cninfo.com.cn/finalpage/2023-11-18/1218368211.PDF,issuer_cninfo_operating_release,2026-08-06T21:36:36.493291+00:00
2023-10,601021,Spring Airlines,2023-11-16,2023-11-16T00:00:00+08:00,1218350973,春秋航空2023年10月份主要运营数据公告,http://static.cninfo.com.cn/finalpage/2023-11-16/1218350973.PDF,issuer_cninfo_operating_release,2026-08-06T21:36:36.493291+00:00
2023-10,601111,Air China,2023-11-16,2023-11-16T00:00:00+08:00,1218351573,中国国际航空股份有限公司2023年10月主要运营数据公告,http://static.cninfo.com.cn/finalpage/2023-11-16/1218351573.PDF,issuer_cninfo_operating_release,2026-08-06T21:36:36.493291+00:00
2023-10,603885,Juneyao Airlines,2023-11-16,2023-11-16T00:00:00+08:00,1218352272,上海吉祥航空股份有限公司2023年10月主要运营数据公告,http://static.cninfo.com.cn/finalpage/2023-11-16/1218352272.PDF,issuer_cninfo_operating_release,2026-08-06T21:36:36.493291+00:00
2023-11,600029,China Southern,2023-12-16,2023-12-16T00:00:00+08:00,1218634161,南方航空2023年11月主要运营数据公告,http://static.cninfo.com.cn/finalpage/2023-12-16/1218634161.PDF,issuer_cninfo_operating_release,2026-08-06T21:36:36.493291+00:00
2023-11,600115,China Eastern,2023-12-16,2023-12-16T00:00:00+08:00,1218634506,中国东方航空股份有限公司2023年11月运营数据公告,http://static.cninfo.com.cn/finalpage/2023-12-16/1218634506.PDF,issuer_cninfo_operating_release,2026-08-06T21:36:36.493291+00:00
2023-11,600221,Hainan Airlines Holdings,2023-12-16,2023-12-16T00:00:00+08:00,1218635691,海航控股：2023年11月主要运营数据公告,http://static.cninfo.com.cn/finalpage/2023-12-16/1218635691.PDF,issuer_cninfo_operating_release,2026-08-06T21:36:36.493291+00:00
2023-11,601021,Spring Airlines,2023-12-16,2023-12-16T00:00:00+08:00,1218633499,春秋航空2023年11月份主要运营数据公告,http://static.cninfo.com.cn/finalpage/2023-12-16/1218633499.PDF,issuer_cninfo_operating_release,2026-08-06T21:36:36.493291+00:00
2023-11,601111,Air China,2023-12-16,2023-12-16T00:00:00+08:00,1218634716,中国国际航空股份有限公司2023年11月主要运营数据公告,http://static.cninfo.com.cn/finalpage/2023-12-16/1218634716.PDF,issuer_cninfo_operating_release,2026-08-06T21:36:36.493291+00:00
2023-11,603885,Juneyao Airlines,2023-12-16,2023-12-16T00:00:00+08:00,1218634391,上海吉祥航空股份有限公司2023年11月主要运营数据公告,http://static.cninfo.com.cn/finalpage/2023-12-16/1218634391.PDF,issuer_cninfo_operating_release,2026-08-06T21:36:36.493291+00:00
2023-12,600029,China Southern,2024-01-16,2024-01-16T00:00:00+08:00,1218888770,南方航空2023年12月主要运营数据公告,http://static.cninfo.com.cn/finalpage/2024-01-16/1218888770.PDF,issuer_cninfo_operating_release,2026-08-06T21:36:36.493291+00:00
2023-12,600115,China Eastern,2024-01-16,2024-01-16T00:00:00+08:00,1218889084,中国东方航空股份有限公司2023年12月运营数据公告,http://static.cninfo.com.cn/finalpage/2024-01-16/1218889084.PDF,issuer_cninfo_operating_release,2026-08-06T21:36:36.493291+00:00
2023-12,600221,Hainan Airlines Holdings,2024-01-18,2024-01-18T00:00:00+08:00,1218932731,海航控股：2023年12月主要运营数据公告,http://static.cninfo.com.cn/finalpage/2024-01-18/1218932731.PDF,issuer_cninfo_operating_release,2026-08-06T21:36:36.493291+00:00
2023-12,601021,Spring Airlines,2024-01-02,2024-01-02T08:23:00+08:00,1218785533,春秋航空2023年12月份主要运营数据公告,http://static.cninfo.com.cn/finalpage/2024-01-02/1218785533.PDF,issuer_cninfo_operating_release,2026-08-06T21:36:36.493291+00:00
2023-12,601111,Air China,2024-01-16,2024-01-16T00:00:00+08:00,1218889442,中国国际航空股份有限公司2023年12月主要运营数据公告,http://static.cninfo.com.cn/finalpage/2024-01-16/1218889442.PDF,issuer_cninfo_operating_release,2026-08-06T21:36:36.493291+00:00
2023-12,603885,Juneyao Airlines,2024-01-16,2024-01-16T00:00:00+08:00,1218888802,上海吉祥航空股份有限公司2023年12月主要运营数据公告,http://static.cninfo.com.cn/finalpage/2024-01-16/1218888802.PDF,issuer_cninfo_operating_release,2026-08-06T21:36:36.493291+00:00
2024-01,600029,China Southern,2024-02-20,2024-02-20T00:00:00+08:00,1219139172,南方航空2024年1月主要运营数据公告,http://static.cninfo.com.cn/finalpage/2024-02-20/1219139172.PDF,issuer_cninfo_operating_release,2026-08-06T21:36:36.493291+00:00
2024-01,600115,China Eastern,2024-02-20,2024-02-20T00:00:00+08:00,1219139275,中国东方航空股份有限公司2024年1月运营数据公告,http://static.cninfo.com.cn/finalpage/2024-02-20/1219139275.PDF,issuer_cninfo_operating_release,2026-08-06T21:36:36.493291+00:00
2024-01,600221,Hainan Airlines Holdings,2024-02-20,2024-02-20T00:00:00+08:00,1219138977,海航控股：2024年1月主要运营数据公告,http://static.cninfo.com.cn/finalpage/2024-02-20/1219138977.PDF,issuer_cninfo_operating_release,2026-08-06T21:36:36.493291+00:00
2024-01,601021,Spring Airlines,2024-02-19,2024-02-19T00:00:00+08:00,1219137675,春秋航空2024年1月份主要运营数据公告,http://static.cninfo.com.cn/finalpage/2024-02-19/1219137675.PDF,issuer_cninfo_operating_release,2026-08-06T21:36:36.493291+00:00
2024-01,601111,Air China,2024-02-20,2024-02-20T00:00:00+08:00,1219139393,中国国际航空股份有限公司2024年1月主要运营数据公告,http://static.cninfo.com.cn/finalpage/2024-02-20/1219139393.PDF,issuer_cninfo_operating_release,2026-08-06T21:36:36.493291+00:00
2024-01,603885,Juneyao Airlines,2024-02-19,2024-02-19T00:00:00+08:00,1219137676,上海吉祥航空股份有限公司2024年1月主要运营数据公告,http://static.cninfo.com.cn/finalpage/2024-02-19/1219137676.PDF,issuer_cninfo_operating_release,2026-08-06T21:36:36.493291+00:00
2024-02,600029,China Southern,2024-03-16,2024-03-16T00:00:00+08:00,1219310468,南方航空2024年2月主要运营数据公告,http://static.cninfo.com.cn/finalpage/2024-03-16/1219310468.PDF,issuer_cninfo_operating_release,2026-08-06T21:36:36.493291+00:00
2024-02,600115,China Eastern,2024-03-16,2024-03-16T00:00:00+08:00,1219311902,中国东方航空股份有限公司2024年2月运营数据公告,http://static.cninfo.com.cn/finalpage/2024-03-16/1219311902.PDF,issuer_cninfo_operating_release,2026-08-06T21:36:36.493291+00:00
2024-02,600221,Hainan Airlines Holdings,2024-03-16,2024-03-16T00:00:00+08:00,1219311909,海航控股：2024年2月主要运营数据公告,http://static.cninfo.com.cn/finalpage/2024-03-16/1219311909.PDF,issuer_cninfo_operating_release,2026-08-06T21:36:36.493291+00:00
2024-02,601021,Spring Airlines,2024-03-16,2024-03-16T00:00:00+08:00,1219309186,春秋航空2024年2月份主要运营数据公告,http://static.cninfo.com.cn/finalpage/2024-03-16/1219309186.PDF,issuer_cninfo_operating_release,2026-08-06T21:36:36.493291+00:00
2024-02,601111,Air China,2024-03-16,2024-03-16T00:00:00+08:00,1219310759,中国国际航空股份有限公司2024年2月主要运营数据公告,http://static.cninfo.com.cn/finalpage/2024-03-16/1219310759.PDF,issuer_cninfo_operating_release,2026-08-06T21:36:36.493291+00:00
2024-02,603885,Juneyao Airlines,2024-03-15,2024-03-15T00:00:00+08:00,1219305383,上海吉祥航空股份有限公司2024年2月主要运营数据公告,http://static.cninfo.com.cn/finalpage/2024-03-15/1219305383.PDF,issuer_cninfo_operating_release,2026-08-06T21:36:36.493291+00:00
2024-03,600029,China Southern,2024-04-16,2024-04-16T00:00:00+08:00,1219618204,南方航空2024年3月主要运营数据公告,http://static.cninfo.com.cn/finalpage/2024-04-16/1219618204.PDF,issuer_cninfo_operating_release,2026-08-06T21:36:36.493291+00:00
2024-03,600115,China Eastern,2024-04-16,2024-04-16T00:00:00+08:00,1219618211,中国东方航空股份有限公司2024年3月运营数据公告,http://static.cninfo.com.cn/finalpage/2024-04-16/1219618211.PDF,issuer_cninfo_operating_release,2026-08-06T21:36:36.493291+00:00
2024-03,600221,Hainan Airlines Holdings,2024-04-16,2024-04-16T00:00:00+08:00,1219620131,海航控股：2024年3月主要运营数据公告,http://static.cninfo.com.cn/finalpage/2024-04-16/1219620131.PDF,issuer_cninfo_operating_release,2026-08-06T21:36:36.493291+00:00
2024-03,601021,Spring Airlines,2024-04-16,2024-04-16T00:00:00+08:00,1219616962,春秋航空2024年3月份主要运营数据公告,http://static.cninfo.com.cn/finalpage/2024-04-16/1219616962.PDF,issuer_cninfo_operating_release,2026-08-06T21:36:36.493291+00:00
2024-03,601111,Air China,2024-04-16,2024-04-16T00:00:00+08:00,1219618313,中国国际航空股份有限公司2024年3月主要运营数据公告,http://static.cninfo.com.cn/finalpage/2024-04-16/1219618313.PDF,issuer_cninfo_operating_release,2026-08-06T21:36:36.493291+00:00
2024-03,603885,Juneyao Airlines,2024-04-16,2024-04-16T00:00:00+08:00,1219618434,上海吉祥航空股份有限公司2024年3月主要运营数据公告,http://static.cninfo.com.cn/finalpage/2024-04-16/1219618434.PDF,issuer_cninfo_operating_release,2026-08-06T21:36:36.493291+00:00
2024-04,600029,China Southern,2024-05-17,2024-05-17T00:00:00+08:00,1220072452,南方航空2024年4月主要运营数据公告,http://static.cninfo.com.cn/finalpage/2024-05-17/1220072452.PDF,issuer_cninfo_operating_release,2026-08-06T21:36:36.493291+00:00
2024-04,600115,China Eastern,2024-05-17,2024-05-17T00:00:00+08:00,1220073816,中国东方航空股份有限公司2024年4月运营数据公告,http://static.cninfo.com.cn/finalpage/2024-05-17/1220073816.PDF,issuer_cninfo_operating_release,2026-08-06T21:36:36.493291+00:00
2024-04,600221,Hainan Airlines Holdings,2024-05-16,2024-05-16T00:00:00+08:00,1220063158,海航控股：2024年4月主要运营数据公告,http://static.cninfo.com.cn/finalpage/2024-05-16/1220063158.PDF,issuer_cninfo_operating_release,2026-08-06T21:36:36.493291+00:00
2024-04,601021,Spring Airlines,2024-05-16,2024-05-16T00:00:00+08:00,1220060754,春秋航空2024年4月份主要运营数据公告,http://static.cninfo.com.cn/finalpage/2024-05-16/1220060754.PDF,issuer_cninfo_operating_release,2026-08-06T21:36:36.493291+00:00
2024-04,601111,Air China,2024-05-17,2024-05-17T00:00:00+08:00,1220072769,中国国际航空股份有限公司2024年4月主要运营数据公告,http://static.cninfo.com.cn/finalpage/2024-05-17/1220072769.PDF,issuer_cninfo_operating_release,2026-08-06T21:36:36.493291+00:00
2024-04,603885,Juneyao Airlines,2024-05-15,2024-05-15T00:00:00+08:00,1220051128,上海吉祥航空股份有限公司2024年4月主要运营数据公告,http://static.cninfo.com.cn/finalpage/2024-05-15/1220051128.PDF,issuer_cninfo_operating_release,2026-08-06T21:36:36.493291+00:00
2024-05,600029,China Southern,2024-06-18,2024-06-18T00:00:00+08:00,1220375648,南方航空2024年5月主要运营数据公告,http://static.cninfo.com.cn/finalpage/2024-06-18/1220375648.PDF,issuer_cninfo_operating_release,2026-08-06T21:36:36.493291+00:00
2024-05,600115,China Eastern,2024-06-18,2024-06-18T00:00:00+08:00,1220375578,中国东方航空股份有限公司2024年5月运营数据公告,http://static.cninfo.com.cn/finalpage/2024-06-18/1220375578.PDF,issuer_cninfo_operating_release,2026-08-06T21:36:36.493291+00:00
2024-05,600221,Hainan Airlines Holdings,2024-06-15,2024-06-15T00:00:00+08:00,1220360275,海航控股：2024年5月主要运营数据公告,http://static.cninfo.com.cn/finalpage/2024-06-15/1220360275.PDF,issuer_cninfo_operating_release,2026-08-06T21:36:36.493291+00:00
2024-05,601021,Spring Airlines,2024-06-15,2024-06-15T00:00:00+08:00,1220358030,春秋航空2024年5月份主要运营数据公告,http://static.cninfo.com.cn/finalpage/2024-06-15/1220358030.PDF,issuer_cninfo_operating_release,2026-08-06T21:36:36.493291+00:00
2024-05,601111,Air China,2024-06-18,2024-06-18T00:00:00+08:00,1220375478,中国国际航空股份有限公司2024年5月主要运营数据公告,http://static.cninfo.com.cn/finalpage/2024-06-18/1220375478.PDF,issuer_cninfo_operating_release,2026-08-06T21:36:36.493291+00:00
2024-05,603885,Juneyao Airlines,2024-06-18,2024-06-18T00:00:00+08:00,1220375356,上海吉祥航空股份有限公司2024年5月主要运营数据公告,http://static.cninfo.com.cn/finalpage/2024-06-18/1220375356.PDF,issuer_cninfo_operating_release,2026-08-06T21:36:36.493291+00:00
2024-06,600029,China Southern,2024-07-16,2024-07-16T00:00:00+08:00,1220647678,南方航空2024年6月主要运营数据公告,http://static.cninfo.com.cn/finalpage/2024-07-16/1220647678.PDF,issuer_cninfo_operating_release,2026-08-06T21:36:36.493291+00:00
2024-06,600115,China Eastern,2024-07-16,2024-07-16T00:00:00+08:00,1220648363,中国东方航空股份有限公司2024年6月运营数据公告,http://static.cninfo.com.cn/finalpage/2024-07-16/1220648363.PDF,issuer_cninfo_operating_release,2026-08-06T21:36:36.493291+00:00
2024-06,600221,Hainan Airlines Holdings,2024-07-16,2024-07-16T00:00:00+08:00,1220648299,海航控股：2024年6月主要运营数据公告,http://static.cninfo.com.cn/finalpage/2024-07-16/1220648299.PDF,issuer_cninfo_operating_release,2026-08-06T21:36:36.493291+00:00
2024-06,601021,Spring Airlines,2024-07-16,2024-07-16T00:00:00+08:00,1220646501,春秋航空2024年6月份主要运营数据公告,http://static.cninfo.com.cn/finalpage/2024-07-16/1220646501.PDF,issuer_cninfo_operating_release,2026-08-06T21:36:36.493291+00:00
2024-06,601111,Air China,2024-07-16,2024-07-16T00:00:00+08:00,1220647093,中国国际航空股份有限公司2024年6月主要运营数据公告,http://static.cninfo.com.cn/finalpage/2024-07-16/1220647093.PDF,issuer_cninfo_operating_release,2026-08-06T21:36:36.493291+00:00
2024-06,603885,Juneyao Airlines,2024-07-16,2024-07-16T00:00:00+08:00,1220646600,上海吉祥航空股份有限公司2024年6月主要运营数据公告,http://static.cninfo.com.cn/finalpage/2024-07-16/1220646600.PDF,issuer_cninfo_operating_release,2026-08-06T21:36:36.493291+00:00
2024-07,600029,China Southern,2024-08-16,2024-08-16T00:00:00+08:00,1220879791,南方航空2024年7月主要运营数据公告,http://static.cninfo.com.cn/finalpage/2024-08-16/1220879791.PDF,issuer_cninfo_operating_release,2026-08-06T21:36:36.493291+00:00
2024-07,600115,China Eastern,2024-08-16,2024-08-16T00:00:00+08:00,1220878986,中国东方航空股份有限公司2024年7月运营数据公告,http://static.cninfo.com.cn/finalpage/2024-08-16/1220878986.PDF,issuer_cninfo_operating_release,2026-08-06T21:36:36.493291+00:00
2024-07,600221,Hainan Airlines Holdings,2024-08-16,2024-08-16T00:00:00+08:00,1220879394,海航控股：2024年7月主要运营数据公告,http://static.cninfo.com.cn/finalpage/2024-08-16/1220879394.PDF,issuer_cninfo_operating_release,2026-08-06T21:36:36.493291+00:00
2024-07,601021,Spring Airlines,2024-08-14,2024-08-14T00:00:00+08:00,1220860825,春秋航空2024年7月份主要运营数据公告,http://static.cninfo.com.cn/finalpage/2024-08-14/1220860825.PDF,issuer_cninfo_operating_release,2026-08-06T21:36:36.493291+00:00
2024-07,601111,Air China,2024-08-16,2024-08-16T00:00:00+08:00,1220880900,中国国际航空股份有限公司2024年7月主要运营数据公告,http://static.cninfo.com.cn/finalpage/2024-08-16/1220880900.PDF,issuer_cninfo_operating_release,2026-08-06T21:36:36.493291+00:00
2024-07,603885,Juneyao Airlines,2024-08-15,2024-08-15T00:00:00+08:00,1220872705,上海吉祥航空股份有限公司2024年7月主要运营数据公告,http://static.cninfo.com.cn/finalpage/2024-08-15/1220872705.PDF,issuer_cninfo_operating_release,2026-08-06T21:36:36.493291+00:00
2024-08,600029,China Southern,2024-09-14,2024-09-14T00:00:00+08:00,1221222792,南方航空2024年8月主要运营数据公告,http://static.cninfo.com.cn/finalpage/2024-09-14/1221222792.PDF,issuer_cninfo_operating_release,2026-08-06T21:36:36.493291+00:00
2024-08,600115,China Eastern,2024-09-14,2024-09-14T00:00:00+08:00,1221221533,中国东方航空股份有限公司2024年8月运营数据公告,http://static.cninfo.com.cn/finalpage/2024-09-14/1221221533.PDF,issuer_cninfo_operating_release,2026-08-06T21:36:36.493291+00:00
2024-08,600221,Hainan Airlines Holdings,2024-09-19,2024-09-19T00:00:00+08:00,1221234822,海航控股：2024年8月主要运营数据公告,http://static.cninfo.com.cn/finalpage/2024-09-19/1221234822.PDF,issuer_cninfo_operating_release,2026-08-06T21:36:36.493291+00:00
2024-08,601021,Spring Airlines,2024-09-14,2024-09-14T00:00:00+08:00,1221220374,春秋航空2024年8月份主要运营数据公告,http://static.cninfo.com.cn/finalpage/2024-09-14/1221220374.PDF,issuer_cninfo_operating_release,2026-08-06T21:36:36.493291+00:00
2024-08,601111,Air China,2024-09-14,2024-09-14T00:00:00+08:00,1221222289,中国国际航空股份有限公司2024年8月主要运营数据公告,http://static.cninfo.com.cn/finalpage/2024-09-14/1221222289.PDF,issuer_cninfo_operating_release,2026-08-06T21:36:36.493291+00:00
2024-08,603885,Juneyao Airlines,2024-09-19,2024-09-19T00:00:00+08:00,1221232854,上海吉祥航空股份有限公司2024年8月主要运营数据公告,http://static.cninfo.com.cn/finalpage/2024-09-19/1221232854.PDF,issuer_cninfo_operating_release,2026-08-06T21:36:36.493291+00:00
2024-09,600029,China Southern,2024-10-16,2024-10-16T00:00:00+08:00,1221396276,南方航空2024年9月主要运营数据公告,http://static.cninfo.com.cn/finalpage/2024-10-16/1221396276.PDF,issuer_cninfo_operating_release,2026-08-06T21:36:36.493291+00:00
2024-09,600115,China Eastern,2024-10-16,2024-10-16T00:00:00+08:00,1221395718,中国东方航空股份有限公司2024年9月运营数据公告,http://static.cninfo.com.cn/finalpage/2024-10-16/1221395718.PDF,issuer_cninfo_operating_release,2026-08-06T21:36:36.493291+00:00
2024-09,600221,Hainan Airlines Holdings,2024-10-16,2024-10-16T00:00:00+08:00,1221396403,海航控股：2024年9月主要运营数据公告,http://static.cninfo.com.cn/finalpage/2024-10-16/1221396403.PDF,issuer_cninfo_operating_release,2026-08-06T21:36:36.493291+00:00
2024-09,601021,Spring Airlines,2024-10-16,2024-10-16T00:00:00+08:00,1221395008,春秋航空2024年9月份主要运营数据公告,http://static.cninfo.com.cn/finalpage/2024-10-16/1221395008.PDF,issuer_cninfo_operating_release,2026-08-06T21:36:36.493291+00:00
2024-09,601111,Air China,2024-10-16,2024-10-16T00:00:00+08:00,1221395583,中国国际航空股份有限公司2024年9月主要运营数据公告,http://static.cninfo.com.cn/finalpage/2024-10-16/1221395583.PDF,issuer_cninfo_operating_release,2026-08-06T21:36:36.493291+00:00
2024-09,603885,Juneyao Airlines,2024-10-15,2024-10-15T00:00:00+08:00,1221383981,上海吉祥航空股份有限公司2024年9月主要运营数据公告,http://static.cninfo.com.cn/finalpage/2024-10-15/1221383981.PDF,issuer_cninfo_operating_release,2026-08-06T21:36:36.493291+00:00
2024-10,600029,China Southern,2024-11-16,2024-11-16T00:00:00+08:00,1221741761,南方航空2024年10月主要运营数据公告,http://static.cninfo.com.cn/finalpage/2024-11-16/1221741761.PDF,issuer_cninfo_operating_release,2026-08-06T21:36:36.493291+00:00
2024-10,600115,China Eastern,2024-11-16,2024-11-16T00:00:00+08:00,1221740283,中国东方航空股份有限公司2024年10月运营数据公告,http://static.cninfo.com.cn/finalpage/2024-11-16/1221740283.PDF,issuer_cninfo_operating_release,2026-08-06T21:36:36.493291+00:00
2024-10,600221,Hainan Airlines Holdings,2024-11-16,2024-11-16T00:00:00+08:00,1221742270,海航控股：2024年10月主要运营数据公告,http://static.cninfo.com.cn/finalpage/2024-11-16/1221742270.PDF,issuer_cninfo_operating_release,2026-08-06T21:36:36.493291+00:00
2024-10,601021,Spring Airlines,2024-11-16,2024-11-16T00:00:00+08:00,1221739768,春秋航空2024年10月份主要运营数据公告,http://static.cninfo.com.cn/finalpage/2024-11-16/1221739768.PDF,issuer_cninfo_operating_release,2026-08-06T21:36:36.493291+00:00
2024-10,601111,Air China,2024-11-16,2024-11-16T00:00:00+08:00,1221740450,中国国际航空股份有限公司2024年10月主要运营数据公告,http://static.cninfo.com.cn/finalpage/2024-11-16/1221740450.PDF,issuer_cninfo_operating_release,2026-08-06T21:36:36.493291+00:00
2024-10,603885,Juneyao Airlines,2024-11-16,2024-11-16T00:00:00+08:00,1221740309,上海吉祥航空股份有限公司2024年10月主要运营数据公告,http://static.cninfo.com.cn/finalpage/2024-11-16/1221740309.PDF,issuer_cninfo_operating_release,2026-08-06T21:36:36.493291+00:00
2024-11,600029,China Southern,2024-12-17,2024-12-17T00:00:00+08:00,1222036183,南方航空2024年11月主要运营数据公告,http://static.cninfo.com.cn/finalpage/2024-12-17/1222036183.PDF,issuer_cninfo_operating_release,2026-08-06T21:36:36.493291+00:00
2024-11,600115,China Eastern,2024-12-17,2024-12-17T00:00:00+08:00,1222035556,中国东方航空股份有限公司2024年11月运营数据公告,http://static.cninfo.com.cn/finalpage/2024-12-17/1222035556.PDF,issuer_cninfo_operating_release,2026-08-06T21:36:36.493291+00:00
2024-11,600221,Hainan Airlines Holdings,2024-12-17,2024-12-17T00:00:00+08:00,1222036484,海航控股：2024年11月主要运营数据公告,http://static.cninfo.com.cn/finalpage/2024-12-17/1222036484.PDF,issuer_cninfo_operating_release,2026-08-06T21:36:36.493291+00:00
2024-11,601021,Spring Airlines,2024-12-14,2024-12-14T00:00:00+08:00,1222015493,春秋航空2024年11月份主要运营数据公告,http://static.cninfo.com.cn/finalpage/2024-12-14/1222015493.PDF,issuer_cninfo_operating_release,2026-08-06T21:36:36.493291+00:00
2024-11,601111,Air China,2024-12-14,2024-12-14T00:00:00+08:00,1222014627,中国国际航空股份有限公司2024年11月主要运营数据公告,http://static.cninfo.com.cn/finalpage/2024-12-14/1222014627.PDF,issuer_cninfo_operating_release,2026-08-06T21:36:36.493291+00:00
2024-11,603885,Juneyao Airlines,2024-12-17,2024-12-17T00:00:00+08:00,1222035427,上海吉祥航空股份有限公司2024年11月主要运营数据公告,http://static.cninfo.com.cn/finalpage/2024-12-17/1222035427.PDF,issuer_cninfo_operating_release,2026-08-06T21:36:36.493291+00:00
2024-12,600029,China Southern,2025-01-16,2025-01-16T00:00:00+08:00,1222342774,南方航空2024年12月主要运营数据公告,http://static.cninfo.com.cn/finalpage/2025-01-16/1222342774.PDF,issuer_cninfo_operating_release,2026-08-06T21:36:36.493291+00:00
2024-12,600115,China Eastern,2025-01-16,2025-01-16T00:00:00+08:00,1222342795, 中国东方航空股份有限公司2024年12月运营数据公告,http://static.cninfo.com.cn/finalpage/2025-01-16/1222342795.PDF,issuer_cninfo_operating_release,2026-08-06T21:36:36.493291+00:00
2024-12,600221,Hainan Airlines Holdings,2025-01-16,2025-01-16T00:00:00+08:00,1222342809,海航控股：2024年12月主要运营数据公告,http://static.cninfo.com.cn/finalpage/2025-01-16/1222342809.PDF,issuer_cninfo_operating_release,2026-08-06T21:36:36.493291+00:00
2024-12,601021,Spring Airlines,2025-01-16,2025-01-16T00:00:00+08:00,1222342935,春秋航空2024年12月份主要运营数据公告,http://static.cninfo.com.cn/finalpage/2025-01-16/1222342935.PDF,issuer_cninfo_operating_release,2026-08-06T21:36:36.493291+00:00
2024-12,601111,Air China,2025-01-16,2025-01-16T00:00:00+08:00,1222342942,中国国际航空股份有限公司2024年12月主要运营数据公告,http://static.cninfo.com.cn/finalpage/2025-01-16/1222342942.PDF,issuer_cninfo_operating_release,2026-08-06T21:36:36.493291+00:00
2024-12,603885,Juneyao Airlines,2025-01-16,2025-01-16T00:00:00+08:00,1222343089,上海吉祥航空股份有限公司2024年12月主要运营数据公告,http://static.cninfo.com.cn/finalpage/2025-01-16/1222343089.PDF,issuer_cninfo_operating_release,2026-08-06T21:36:36.493291+00:00
2025-01,600029,China Southern,2025-02-15,2025-02-15T00:00:00+08:00,1222545014,南方航空2025年1月主要运营数据公告,http://static.cninfo.com.cn/finalpage/2025-02-15/1222545014.PDF,issuer_cninfo_operating_release,2026-08-06T21:36:36.493291+00:00
2025-01,600115,China Eastern,2025-02-18,2025-02-18T00:00:00+08:00,1222558807,中国东方航空股份有限公司2025年1月运营数据公告,http://static.cninfo.com.cn/finalpage/2025-02-18/1222558807.PDF,issuer_cninfo_operating_release,2026-08-06T21:36:36.493291+00:00
2025-01,600221,Hainan Airlines Holdings,2025-02-15,2025-02-15T00:00:00+08:00,1222545130,海航控股：2025年1月主要运营数据公告,http://static.cninfo.com.cn/finalpage/2025-02-15/1222545130.PDF,issuer_cninfo_operating_release,2026-08-06T21:36:36.493291+00:00
2025-01,601021,Spring Airlines,2025-02-15,2025-02-15T00:00:00+08:00,1222543996,春秋航空2025年1月份主要运营数据公告,http://static.cninfo.com.cn/finalpage/2025-02-15/1222543996.PDF,issuer_cninfo_operating_release,2026-08-06T21:36:36.493291+00:00
2025-01,601111,Air China,2025-02-18,2025-02-18T00:00:00+08:00,1222558314,中国国际航空股份有限公司2025年1月主要运营数据公告,http://static.cninfo.com.cn/finalpage/2025-02-18/1222558314.PDF,issuer_cninfo_operating_release,2026-08-06T21:36:36.493291+00:00
2025-01,603885,Juneyao Airlines,2025-02-18,2025-02-18T00:00:00+08:00,1222558319,上海吉祥航空股份有限公司2025年1月主要运营数据公告,http://static.cninfo.com.cn/finalpage/2025-02-18/1222558319.PDF,issuer_cninfo_operating_release,2026-08-06T21:36:36.493291+00:00
2025-02,600029,China Southern,2025-03-18,2025-03-18T00:00:00+08:00,1222821062,南方航空2025年2月主要运营数据公告,http://static.cninfo.com.cn/finalpage/2025-03-18/1222821062.PDF,issuer_cninfo_operating_release,2026-08-06T21:36:36.493291+00:00
2025-02,600115,China Eastern,2025-03-18,2025-03-18T00:00:00+08:00,1222820948,中国东方航空股份有限公司2025年2月运营数据公告,http://static.cninfo.com.cn/finalpage/2025-03-18/1222820948.PDF,issuer_cninfo_operating_release,2026-08-06T21:36:36.493291+00:00
2025-02,600221,Hainan Airlines Holdings,2025-03-15,2025-03-15T00:00:00+08:00,1222807310,海航控股：2025年2月主要运营数据公告,http://static.cninfo.com.cn/finalpage/2025-03-15/1222807310.PDF,issuer_cninfo_operating_release,2026-08-06T21:36:36.493291+00:00
2025-02,601021,Spring Airlines,2025-03-15,2025-03-15T00:00:00+08:00,1222804362,春秋航空2025年2月份主要运营数据公告,http://static.cninfo.com.cn/finalpage/2025-03-15/1222804362.PDF,issuer_cninfo_operating_release,2026-08-06T21:36:36.493291+00:00
2025-02,601111,Air China,2025-03-15,2025-03-15T00:00:00+08:00,1222805298,中国国际航空股份有限公司2025年2月主要运营数据公告,http://static.cninfo.com.cn/finalpage/2025-03-15/1222805298.PDF,issuer_cninfo_operating_release,2026-08-06T21:36:36.493291+00:00
2025-02,603885,Juneyao Airlines,2025-03-15,2025-03-15T00:00:00+08:00,1222805305,上海吉祥航空股份有限公司2025年2月主要运营数据公告,http://static.cninfo.com.cn/finalpage/2025-03-15/1222805305.PDF,issuer_cninfo_operating_release,2026-08-06T21:36:36.493291+00:00
2025-03,600029,China Southern,2025-04-16,2025-04-16T00:00:00+08:00,1223099209,南方航空2025年3月主要运营数据公告,http://static.cninfo.com.cn/finalpage/2025-04-16/1223099209.PDF,issuer_cninfo_operating_release,2026-08-06T21:36:36.493291+00:00
2025-03,600115,China Eastern,2025-04-16,2025-04-16T00:00:00+08:00,1223098214,中国东方航空股份有限公司2025年3月运营数据公告,http://static.cninfo.com.cn/finalpage/2025-04-16/1223098214.PDF,issuer_cninfo_operating_release,2026-08-06T21:36:36.493291+00:00
2025-03,600221,Hainan Airlines Holdings,2025-04-16,2025-04-16T00:00:00+08:00,1223100308,海航控股：2025年3月主要运营数据公告,http://static.cninfo.com.cn/finalpage/2025-04-16/1223100308.PDF,issuer_cninfo_operating_release,2026-08-06T21:36:36.493291+00:00
2025-03,601021,Spring Airlines,2025-04-16,2025-04-16T00:00:00+08:00,1223097802,春秋航空2025年3月份主要运营数据公告,http://static.cninfo.com.cn/finalpage/2025-04-16/1223097802.PDF,issuer_cninfo_operating_release,2026-08-06T21:36:36.493291+00:00
2025-03,601111,Air China,2025-04-16,2025-04-16T00:00:00+08:00,1223098813,中国国际航空股份有限公司2025年3月主要运营数据公告,http://static.cninfo.com.cn/finalpage/2025-04-16/1223098813.PDF,issuer_cninfo_operating_release,2026-08-06T21:36:36.493291+00:00
2025-03,603885,Juneyao Airlines,2025-04-15,2025-04-15T00:00:00+08:00,1223091757,上海吉祥航空股份有限公司2025年3月主要运营数据公告,http://static.cninfo.com.cn/finalpage/2025-04-15/1223091757.PDF,issuer_cninfo_operating_release,2026-08-06T21:36:36.493291+00:00
2025-04,600029,China Southern,2025-05-16,2025-05-16T00:00:00+08:00,1223556084,南方航空2025年4月主要运营数据公告,http://static.cninfo.com.cn/finalpage/2025-05-16/1223556084.PDF,issuer_cninfo_operating_release,2026-08-06T21:36:36.493291+00:00
2025-04,600115,China Eastern,2025-05-16,2025-05-16T00:00:00+08:00,1223554802,中国东方航空股份有限公司2025年4月运营数据公告,http://static.cninfo.com.cn/finalpage/2025-05-16/1223554802.PDF,issuer_cninfo_operating_release,2026-08-06T21:36:36.493291+00:00
2025-04,600221,Hainan Airlines Holdings,2025-05-16,2025-05-16T00:00:00+08:00,1223557354,2025年4月主要运营数据公告,http://static.cninfo.com.cn/finalpage/2025-05-16/1223557354.PDF,issuer_cninfo_operating_release,2026-08-06T21:36:36.493291+00:00
2025-04,601021,Spring Airlines,2025-05-16,2025-05-16T00:00:00+08:00,1223554049,春秋航空2025年4月份主要运营数据公告,http://static.cninfo.com.cn/finalpage/2025-05-16/1223554049.PDF,issuer_cninfo_operating_release,2026-08-06T21:36:36.493291+00:00
2025-04,601111,Air China,2025-05-16,2025-05-16T00:00:00+08:00,1223554843,中国国际航空股份有限公司2025年4月主要运营数据公告,http://static.cninfo.com.cn/finalpage/2025-05-16/1223554843.PDF,issuer_cninfo_operating_release,2026-08-06T21:36:36.493291+00:00
2025-04,603885,Juneyao Airlines,2025-05-15,2025-05-15T00:00:00+08:00,1223542930,上海吉祥航空股份有限公司2025年4月主要运营数据公告,http://static.cninfo.com.cn/finalpage/2025-05-15/1223542930.PDF,issuer_cninfo_operating_release,2026-08-06T21:36:36.493291+00:00
2025-05,600029,China Southern,2025-06-17,2025-06-17T00:00:00+08:00,1223886966,南方航空2025年5月主要运营数据公告,http://static.cninfo.com.cn/finalpage/2025-06-17/1223886966.PDF,issuer_cninfo_operating_release,2026-08-06T21:36:36.493291+00:00
2025-05,600115,China Eastern,2025-06-17,2025-06-17T00:00:00+08:00,1223886971,中国东方航空股份有限公司2025年5月运营数据公告,http://static.cninfo.com.cn/finalpage/2025-06-17/1223886971.PDF,issuer_cninfo_operating_release,2026-08-06T21:36:36.493291+00:00
2025-05,600221,Hainan Airlines Holdings,2025-06-17,2025-06-17T00:00:00+08:00,1223888783,海航控股：2025年5月主要运营数据公告,http://static.cninfo.com.cn/finalpage/2025-06-17/1223888783.PDF,issuer_cninfo_operating_release,2026-08-06T21:36:36.493291+00:00
2025-05,601021,Spring Airlines,2025-06-14,2025-06-14T00:00:00+08:00,1223876960,春秋航空2025年5月份主要运营数据公告,http://static.cninfo.com.cn/finalpage/2025-06-14/1223876960.PDF,issuer_cninfo_operating_release,2026-08-06T21:36:36.493291+00:00
2025-05,601111,Air China,2025-06-14,2025-06-14T00:00:00+08:00,1223877298,中国国际航空股份有限公司2025年5月主要运营数据公告,http://static.cninfo.com.cn/finalpage/2025-06-14/1223877298.PDF,issuer_cninfo_operating_release,2026-08-06T21:36:36.493291+00:00
2025-05,603885,Juneyao Airlines,2025-06-14,2025-06-14T00:00:00+08:00,1223877565,上海吉祥航空股份有限公司2025年5月主要运营数据公告,http://static.cninfo.com.cn/finalpage/2025-06-14/1223877565.PDF,issuer_cninfo_operating_release,2026-08-06T21:36:36.493291+00:00
2025-06,600029,China Southern,2025-07-16,2025-07-16T00:00:00+08:00,1224176941,南方航空2025年6月主要运营数据公告,http://static.cninfo.com.cn/finalpage/2025-07-16/1224176941.PDF,issuer_cninfo_operating_release,2026-08-06T21:36:36.493291+00:00
2025-06,600115,China Eastern,2025-07-16,2025-07-16T00:00:00+08:00,1224176539,中国东方航空股份有限公司2025年6月运营数据公告,http://static.cninfo.com.cn/finalpage/2025-07-16/1224176539.PDF,issuer_cninfo_operating_release,2026-08-06T21:36:36.493291+00:00
2025-06,600221,Hainan Airlines Holdings,2025-07-16,2025-07-16T00:00:00+08:00,1224177542,海航控股：2025年6月主要运营数据公告,http://static.cninfo.com.cn/finalpage/2025-07-16/1224177542.PDF,issuer_cninfo_operating_release,2026-08-06T21:36:36.493291+00:00
2025-06,601021,Spring Airlines,2025-07-16,2025-07-16T00:00:00+08:00,1224176266,春秋航空2025年6月份主要运营数据公告,http://static.cninfo.com.cn/finalpage/2025-07-16/1224176266.PDF,issuer_cninfo_operating_release,2026-08-06T21:36:36.493291+00:00
2025-06,601111,Air China,2025-07-16,2025-07-16T00:00:00+08:00,1224176546,中国国际航空股份有限公司2025年6月主要运营数据公告,http://static.cninfo.com.cn/finalpage/2025-07-16/1224176546.PDF,issuer_cninfo_operating_release,2026-08-06T21:36:36.493291+00:00
2025-06,603885,Juneyao Airlines,2025-07-15,2025-07-15T00:00:00+08:00,1224162491,上海吉祥航空股份有限公司2025年6月主要运营数据公告,http://static.cninfo.com.cn/finalpage/2025-07-15/1224162491.PDF,issuer_cninfo_operating_release,2026-08-06T21:36:36.493291+00:00
2025-07,600029,China Southern,2025-08-16,2025-08-16T00:00:00+08:00,1224497808,南方航空2025年7月主要运营数据公告,http://static.cninfo.com.cn/finalpage/2025-08-16/1224497808.PDF,issuer_cninfo_operating_release,2026-08-06T21:36:36.493291+00:00
2025-07,600115,China Eastern,2025-08-16,2025-08-16T00:00:00+08:00,1224497605,中国东方航空股份有限公司2025年7月运营数据公告,http://static.cninfo.com.cn/finalpage/2025-08-16/1224497605.PDF,issuer_cninfo_operating_release,2026-08-06T21:36:36.493291+00:00
2025-07,600221,Hainan Airlines Holdings,2025-08-16,2025-08-16T00:00:00+08:00,1224500170,海航控股：2025年7月主要运营数据公告,http://static.cninfo.com.cn/finalpage/2025-08-16/1224500170.PDF,issuer_cninfo_operating_release,2026-08-06T21:36:36.493291+00:00
2025-07,601021,Spring Airlines,2025-08-16,2025-08-16T00:00:00+08:00,1224496974,春秋航空2025年7月份主要运营数据公告,http://static.cninfo.com.cn/finalpage/2025-08-16/1224496974.PDF,issuer_cninfo_operating_release,2026-08-06T21:36:36.493291+00:00
2025-07,601111,Air China,2025-08-16,2025-08-16T00:00:00+08:00,1224498733,中国国际航空股份有限公司2025年7月主要运营数据公告,http://static.cninfo.com.cn/finalpage/2025-08-16/1224498733.PDF,issuer_cninfo_operating_release,2026-08-06T21:36:36.493291+00:00
2025-07,603885,Juneyao Airlines,2025-08-16,2025-08-16T00:00:00+08:00,1224497488,上海吉祥航空股份有限公司2025年7月主要运营数据公告,http://static.cninfo.com.cn/finalpage/2025-08-16/1224497488.PDF,issuer_cninfo_operating_release,2026-08-06T21:36:36.493291+00:00
2025-08,600029,China Southern,2025-09-16,2025-09-16T00:00:00+08:00,1224659879,南方航空2025年8月主要运营数据公告,http://static.cninfo.com.cn/finalpage/2025-09-16/1224659879.PDF,issuer_cninfo_operating_release,2026-08-06T21:36:36.493291+00:00
2025-08,600115,China Eastern,2025-09-16,2025-09-16T00:00:00+08:00,1224659556,中国东方航空股份有限公司2025年8月运营数据公告,http://static.cninfo.com.cn/finalpage/2025-09-16/1224659556.PDF,issuer_cninfo_operating_release,2026-08-06T21:36:36.493291+00:00
2025-08,600221,Hainan Airlines Holdings,2025-09-16,2025-09-16T00:00:00+08:00,1224661674,海航控股：2025年8月主要运营数据公告,http://static.cninfo.com.cn/finalpage/2025-09-16/1224661674.PDF,issuer_cninfo_operating_release,2026-08-06T21:36:36.493291+00:00
2025-08,601021,Spring Airlines,2025-09-16,2025-09-16T00:00:00+08:00,1224659385,春秋航空2025年8月份主要运营数据公告,http://static.cninfo.com.cn/finalpage/2025-09-16/1224659385.PDF,issuer_cninfo_operating_release,2026-08-06T21:36:36.493291+00:00
2025-08,601111,Air China,2025-09-16,2025-09-16T00:00:00+08:00,1224660129,中国国际航空股份有限公司2025年8月主要运营数据公告,http://static.cninfo.com.cn/finalpage/2025-09-16/1224660129.PDF,issuer_cninfo_operating_release,2026-08-06T21:36:36.493291+00:00
2025-08,603885,Juneyao Airlines,2025-09-16,2025-09-16T00:00:00+08:00,1224659664,上海吉祥航空股份有限公司2025年8月主要运营数据公告,http://static.cninfo.com.cn/finalpage/2025-09-16/1224659664.PDF,issuer_cninfo_operating_release,2026-08-06T21:36:36.493291+00:00
2025-09,600029,China Southern,2025-10-16,2025-10-16T00:00:00+08:00,1224713672,南方航空2025年9月主要运营数据公告,http://static.cninfo.com.cn/finalpage/2025-10-16/1224713672.PDF,issuer_cninfo_operating_release,2026-08-06T21:36:36.493291+00:00
2025-09,600115,China Eastern,2025-10-16,2025-10-16T00:00:00+08:00,1224713276,中国东方航空股份有限公司2025年9月运营数据公告,http://static.cninfo.com.cn/finalpage/2025-10-16/1224713276.PDF,issuer_cninfo_operating_release,2026-08-06T21:36:36.493291+00:00
2025-09,600221,Hainan Airlines Holdings,2025-10-16,2025-10-16T00:00:00+08:00,1224714204,海航控股：2025年9月主要运营数据公告,http://static.cninfo.com.cn/finalpage/2025-10-16/1224714204.PDF,issuer_cninfo_operating_release,2026-08-06T21:36:36.493291+00:00
2025-09,601021,Spring Airlines,2025-10-16,2025-10-16T00:00:00+08:00,1224713210,春秋航空2025年9月份主要运营数据公告,http://static.cninfo.com.cn/finalpage/2025-10-16/1224713210.PDF,issuer_cninfo_operating_release,2026-08-06T21:36:36.493291+00:00
2025-09,601111,Air China,2025-10-16,2025-10-16T00:00:00+08:00,1224714049,中国国际航空股份有限公司2025年9月主要运营数据公告,http://static.cninfo.com.cn/finalpage/2025-10-16/1224714049.PDF,issuer_cninfo_operating_release,2026-08-06T21:36:36.493291+00:00
2025-09,603885,Juneyao Airlines,2025-10-16,2025-10-16T00:00:00+08:00,1224713366,上海吉祥航空股份有限公司2025年9月主要运营数据公告,http://static.cninfo.com.cn/finalpage/2025-10-16/1224713366.PDF,issuer_cninfo_operating_release,2026-08-06T21:36:36.493291+00:00
2025-10,600029,China Southern,2025-11-15,2025-11-15T00:00:00+08:00,1224806055,南方航空2025年10月主要运营数据公告,http://static.cninfo.com.cn/finalpage/2025-11-15/1224806055.PDF,issuer_cninfo_operating_release,2026-08-06T21:36:36.493291+00:00
2025-10,600115,China Eastern,2025-11-18,2025-11-18T00:00:00+08:00,1224809085,中国东方航空股份有限公司2025年10月运营数据公告,http://static.cninfo.com.cn/finalpage/2025-11-18/1224809085.PDF,issuer_cninfo_operating_release,2026-08-06T21:36:36.493291+00:00
2025-10,600221,Hainan Airlines Holdings,2025-11-15,2025-11-15T00:00:00+08:00,1224807245,海航控股：2025年10月主要运营数据公告,http://static.cninfo.com.cn/finalpage/2025-11-15/1224807245.PDF,issuer_cninfo_operating_release,2026-08-06T21:36:36.493291+00:00
2025-10,601021,Spring Airlines,2025-11-15,2025-11-15T00:00:00+08:00,1224805354,春秋航空2025年10月份主要运营数据公告,http://static.cninfo.com.cn/finalpage/2025-11-15/1224805354.PDF,issuer_cninfo_operating_release,2026-08-06T21:36:36.493291+00:00
2025-10,601111,Air China,2025-11-18,2025-11-18T00:00:00+08:00,1224809079,中国国际航空股份有限公司2025年10月主要运营数据公告,http://static.cninfo.com.cn/finalpage/2025-11-18/1224809079.PDF,issuer_cninfo_operating_release,2026-08-06T21:36:36.493291+00:00
2025-10,603885,Juneyao Airlines,2025-11-15,2025-11-15T00:00:00+08:00,1224805625,上海吉祥航空股份有限公司2025年10月主要运营数据公告,http://static.cninfo.com.cn/finalpage/2025-11-15/1224805625.PDF,issuer_cninfo_operating_release,2026-08-06T21:36:36.493291+00:00
2025-11,600029,China Southern,2025-12-16,2025-12-16T00:00:00+08:00,1224877552,南方航空2025年11月主要运营数据公告,http://static.cninfo.com.cn/finalpage/2025-12-16/1224877552.PDF,issuer_cninfo_operating_release,2026-08-06T21:36:36.493291+00:00
2025-11,600115,China Eastern,2025-12-16,2025-12-16T00:00:00+08:00,1224877211,中国东方航空股份有限公司2025年11月运营数据公告,http://static.cninfo.com.cn/finalpage/2025-12-16/1224877211.PDF,issuer_cninfo_operating_release,2026-08-06T21:36:36.493291+00:00
2025-11,600221,Hainan Airlines Holdings,2025-12-16,2025-12-16T00:00:00+08:00,1224877873,海航控股：2025年11月主要运营数据公告,http://static.cninfo.com.cn/finalpage/2025-12-16/1224877873.PDF,issuer_cninfo_operating_release,2026-08-06T21:36:36.493291+00:00
2025-11,601021,Spring Airlines,2025-12-16,2025-12-16T00:00:00+08:00,1224876909,春秋航空2025年11月份主要运营数据公告,http://static.cninfo.com.cn/finalpage/2025-12-16/1224876909.PDF,issuer_cninfo_operating_release,2026-08-06T21:36:36.493291+00:00
2025-11,601111,Air China,2025-12-16,2025-12-16T00:00:00+08:00,1224877440,中国国际航空股份有限公司2025年11月主要运营数据公告,http://static.cninfo.com.cn/finalpage/2025-12-16/1224877440.PDF,issuer_cninfo_operating_release,2026-08-06T21:36:36.493291+00:00
2025-11,603885,Juneyao Airlines,2025-12-16,2025-12-16T00:00:00+08:00,1224878111,上海吉祥航空股份有限公司2025年11月主要运营数据公告,http://static.cninfo.com.cn/finalpage/2025-12-16/1224878111.PDF,issuer_cninfo_operating_release,2026-08-06T21:36:36.493291+00:00
2025-12,600029,China Southern,2026-01-16,2026-01-16T00:00:00+08:00,1224935584,南方航空2025年12月主要运营数据公告,http://static.cninfo.com.cn/finalpage/2026-01-16/1224935584.PDF,issuer_cninfo_operating_release,2026-08-06T21:36:36.493291+00:00
2025-12,600115,China Eastern,2026-01-16,2026-01-16T00:00:00+08:00,1224935260,中国东方航空股份有限公司2025年12月运营数据公告,http://static.cninfo.com.cn/finalpage/2026-01-16/1224935260.PDF,issuer_cninfo_operating_release,2026-08-06T21:36:36.493291+00:00
2025-12,600221,Hainan Airlines Holdings,2026-01-16,2026-01-16T00:00:00+08:00,1224936069,海航控股：2025年12月主要运营数据公告,http://static.cninfo.com.cn/finalpage/2026-01-16/1224936069.PDF,issuer_cninfo_operating_release,2026-08-06T21:36:36.493291+00:00
2025-12,601021,Spring Airlines,2026-01-16,2026-01-16T00:00:00+08:00,1224934994,春秋航空2025年12月份主要运营数据公告,http://static.cninfo.com.cn/finalpage/2026-01-16/1224934994.PDF,issuer_cninfo_operating_release,2026-08-06T21:36:36.493291+00:00
2025-12,601111,Air China,2026-01-16,2026-01-16T00:00:00+08:00,1224935627,中国国际航空股份有限公司2025年12月主要运营数据公告,http://static.cninfo.com.cn/finalpage/2026-01-16/1224935627.PDF,issuer_cninfo_operating_release,2026-08-06T21:36:36.493291+00:00
2025-12,603885,Juneyao Airlines,2026-01-15,2026-01-15T00:00:00+08:00,1224933488,上海吉祥航空股份有限公司2025年12月主要运营数据公告,http://static.cninfo.com.cn/finalpage/2026-01-15/1224933488.PDF,issuer_cninfo_operating_release,2026-08-06T21:36:36.493291+00:00
2026-01,600029,China Southern,2026-02-14,2026-02-14T00:00:00+08:00,1224981150,南方航空2026年1月主要运营数据公告,http://static.cninfo.com.cn/finalpage/2026-02-14/1224981150.PDF,issuer_cninfo_operating_release,2026-08-06T21:36:36.493291+00:00
2026-01,600115,China Eastern,2026-02-14,2026-02-14T00:00:00+08:00,1224981074,中国东方航空股份有限公司2026年1月运营数据公告,http://static.cninfo.com.cn/finalpage/2026-02-14/1224981074.PDF,issuer_cninfo_operating_release,2026-08-06T21:36:36.493291+00:00
2026-01,600221,Hainan Airlines Holdings,2026-02-14,2026-02-14T00:00:00+08:00,1224981783,海航控股：2026年1月主要运营数据公告,http://static.cninfo.com.cn/finalpage/2026-02-14/1224981783.PDF,issuer_cninfo_operating_release,2026-08-06T21:36:36.493291+00:00
2026-01,601021,Spring Airlines,2026-02-14,2026-02-14T00:00:00+08:00,1224980464,春秋航空2026年1月份主要运营数据公告,http://static.cninfo.com.cn/finalpage/2026-02-14/1224980464.PDF,issuer_cninfo_operating_release,2026-08-06T21:36:36.493291+00:00
2026-01,601111,Air China,2026-02-14,2026-02-14T00:00:00+08:00,1224981387,中国国际航空股份有限公司2026年1月主要运营数据公告,http://static.cninfo.com.cn/finalpage/2026-02-14/1224981387.PDF,issuer_cninfo_operating_release,2026-08-06T21:36:36.493291+00:00
2026-01,603885,Juneyao Airlines,2026-02-14,2026-02-14T00:00:00+08:00,1224980753,上海吉祥航空股份有限公司2026年1月主要运营数据公告,http://static.cninfo.com.cn/finalpage/2026-02-14/1224980753.PDF,issuer_cninfo_operating_release,2026-08-06T21:36:36.493291+00:00
2026-02,600029,China Southern,2026-03-17,2026-03-17T00:00:00+08:00,1225011601,南方航空2026年2月主要运营数据公告,http://static.cninfo.com.cn/finalpage/2026-03-17/1225011601.PDF,issuer_cninfo_operating_release,2026-08-06T21:36:36.493291+00:00
2026-02,600115,China Eastern,2026-03-17,2026-03-17T00:00:00+08:00,1225011531,中国东方航空股份有限公司2026年2月运营数据公告,http://static.cninfo.com.cn/finalpage/2026-03-17/1225011531.PDF,issuer_cninfo_operating_release,2026-08-06T21:36:36.493291+00:00
2026-02,600221,Hainan Airlines Holdings,2026-03-17,2026-03-17T00:00:00+08:00,1225011668,海航控股：2026年2月主要运营数据公告,http://static.cninfo.com.cn/finalpage/2026-03-17/1225011668.PDF,issuer_cninfo_operating_release,2026-08-06T21:36:36.493291+00:00
2026-02,601021,Spring Airlines,2026-03-17,2026-03-17T00:00:00+08:00,1225010670,春秋航空2026年2月份主要运营数据公告,http://static.cninfo.com.cn/finalpage/2026-03-17/1225010670.PDF,issuer_cninfo_operating_release,2026-08-06T21:36:36.493291+00:00
2026-02,601111,Air China,2026-03-17,2026-03-17T00:00:00+08:00,1225011405,中国国际航空股份有限公司2026年2月主要运营数据公告,http://static.cninfo.com.cn/finalpage/2026-03-17/1225011405.PDF,issuer_cninfo_operating_release,2026-08-06T21:36:36.493291+00:00
2026-02,603885,Juneyao Airlines,2026-03-17,2026-03-17T00:00:00+08:00,1225012093,上海吉祥航空股份有限公司2026年2月主要运营数据公告,http://static.cninfo.com.cn/finalpage/2026-03-17/1225012093.PDF,issuer_cninfo_operating_release,2026-08-06T21:36:36.493291+00:00
2026-03,600029,China Southern,2026-04-15,2026-04-15T00:00:00+08:00,1225101290,南方航空2026年3月主要运营数据公告,http://static.cninfo.com.cn/finalpage/2026-04-15/1225101290.PDF,issuer_cninfo_operating_release,2026-08-06T21:36:36.493291+00:00
2026-03,600115,China Eastern,2026-04-16,2026-04-16T00:00:00+08:00,1225105400,中国东方航空股份有限公司2026年3月运营数据公告,http://static.cninfo.com.cn/finalpage/2026-04-16/1225105400.PDF,issuer_cninfo_operating_release,2026-08-06T21:36:36.493291+00:00
2026-03,600221,Hainan Airlines Holdings,2026-04-16,2026-04-16T00:00:00+08:00,1225106350,海航控股：2026年3月主要运营数据公告,http://static.cninfo.com.cn/finalpage/2026-04-16/1225106350.PDF,issuer_cninfo_operating_release,2026-08-06T21:36:36.493291+00:00
2026-03,601021,Spring Airlines,2026-04-16,2026-04-16T00:00:00+08:00,1225105497,春秋航空2026年3月份主要运营数据公告,http://static.cninfo.com.cn/finalpage/2026-04-16/1225105497.PDF,issuer_cninfo_operating_release,2026-08-06T21:36:36.493291+00:00
2026-03,601111,Air China,2026-04-16,2026-04-16T00:00:00+08:00,1225105516,中国国际航空股份有限公司2026年3月主要运营数据公告,http://static.cninfo.com.cn/finalpage/2026-04-16/1225105516.PDF,issuer_cninfo_operating_release,2026-08-06T21:36:36.493291+00:00
2026-03,603885,Juneyao Airlines,2026-04-16,2026-04-16T00:00:00+08:00,1225105470,上海吉祥航空股份有限公司2026年3月主要运营数据公告,http://static.cninfo.com.cn/finalpage/2026-04-16/1225105470.PDF,issuer_cninfo_operating_release,2026-08-06T21:36:36.493291+00:00
2026-04,600029,China Southern,2026-05-16,2026-05-16T00:00:00+08:00,1225309001,南方航空2026年4月主要运营数据公告,http://static.cninfo.com.cn/finalpage/2026-05-16/1225309001.PDF,issuer_cninfo_operating_release,2026-08-06T21:36:36.493291+00:00
2026-04,600115,China Eastern,2026-05-16,2026-05-16T00:00:00+08:00,1225308696,中国东方航空股份有限公司2026年4月运营数据公告,http://static.cninfo.com.cn/finalpage/2026-05-16/1225308696.PDF,issuer_cninfo_operating_release,2026-08-06T21:36:36.493291+00:00
2026-04,600221,Hainan Airlines Holdings,2026-05-16,2026-05-16T00:00:00+08:00,1225309777,海航控股：2026年4月主要运营数据公告,http://static.cninfo.com.cn/finalpage/2026-05-16/1225309777.PDF,issuer_cninfo_operating_release,2026-08-06T21:36:36.493291+00:00
2026-04,601021,Spring Airlines,2026-05-16,2026-05-16T00:00:00+08:00,1225308210,春秋航空2026年4月份主要运营数据公告,http://static.cninfo.com.cn/finalpage/2026-05-16/1225308210.PDF,issuer_cninfo_operating_release,2026-08-06T21:36:36.493291+00:00
2026-04,601111,Air China,2026-05-16,2026-05-16T00:00:00+08:00,1225309545,中国国际航空股份有限公司2026年4月主要运营数据公告,http://static.cninfo.com.cn/finalpage/2026-05-16/1225309545.PDF,issuer_cninfo_operating_release,2026-08-06T21:36:36.493291+00:00
2026-04,603885,Juneyao Airlines,2026-05-16,2026-05-16T00:00:00+08:00,1225309466,上海吉祥航空股份有限公司2026年4月主要运营数据公告,http://static.cninfo.com.cn/finalpage/2026-05-16/1225309466.PDF,issuer_cninfo_operating_release,2026-08-06T21:36:36.493291+00:00
2026-05,600029,China Southern,2026-06-16,2026-06-16T00:00:00+08:00,1225371179,南方航空2026年5月主要运营数据公告,http://static.cninfo.com.cn/finalpage/2026-06-16/1225371179.PDF,issuer_cninfo_operating_release,2026-08-06T21:36:36.493291+00:00
2026-05,600115,China Eastern,2026-06-16,2026-06-16T00:00:00+08:00,1225370589,中国东方航空股份有限公司2026年5月运营数据公告,http://static.cninfo.com.cn/finalpage/2026-06-16/1225370589.PDF,issuer_cninfo_operating_release,2026-08-06T21:36:36.493291+00:00
2026-05,600221,Hainan Airlines Holdings,2026-06-16,2026-06-16T00:00:00+08:00,1225371430,海航控股：2026年5月主要运营数据公告,http://static.cninfo.com.cn/finalpage/2026-06-16/1225371430.PDF,issuer_cninfo_operating_release,2026-08-06T21:36:36.493291+00:00
2026-05,601021,Spring Airlines,2026-06-16,2026-06-16T00:00:00+08:00,1225370472,春秋航空2026年5月份主要运营数据公告,http://static.cninfo.com.cn/finalpage/2026-06-16/1225370472.PDF,issuer_cninfo_operating_release,2026-08-06T21:36:36.493291+00:00
2026-05,601111,Air China,2026-06-16,2026-06-16T00:00:00+08:00,1225371308,中国国际航空股份有限公司2026年5月主要运营数据公告,http://static.cninfo.com.cn/finalpage/2026-06-16/1225371308.PDF,issuer_cninfo_operating_release,2026-08-06T21:36:36.493291+00:00
2026-05,603885,Juneyao Airlines,2026-06-16,2026-06-16T00:00:00+08:00,1225370680,上海吉祥航空股份有限公司2026年5月主要运营数据公告,http://static.cninfo.com.cn/finalpage/2026-06-16/1225370680.PDF,issuer_cninfo_operating_release,2026-08-06T21:36:36.493291+00:00
2026-06,600029,China Southern,2026-07-16,2026-07-16T00:00:00+08:00,1225425964,南方航空2026年6月主要运营数据公告,http://static.cninfo.com.cn/finalpage/2026-07-16/1225425964.PDF,issuer_cninfo_operating_release,2026-08-06T21:36:36.493291+00:00
2026-06,600115,China Eastern,2026-07-16,2026-07-16T00:00:00+08:00,1225425929,中国东方航空股份有限公司2026年6月运营数据公告,http://static.cninfo.com.cn/finalpage/2026-07-16/1225425929.PDF,issuer_cninfo_operating_release,2026-08-06T21:36:36.493291+00:00
2026-06,600221,Hainan Airlines Holdings,2026-07-16,2026-07-16T00:00:00+08:00,1225426453,海航控股：2026年6月主要运营数据公告,http://static.cninfo.com.cn/finalpage/2026-07-16/1225426453.PDF,issuer_cninfo_operating_release,2026-08-06T21:36:36.493291+00:00
2026-06,601021,Spring Airlines,2026-07-16,2026-07-16T00:00:00+08:00,1225425623,春秋航空2026年6月份主要运营数据公告,http://static.cninfo.com.cn/finalpage/2026-07-16/1225425623.PDF,issuer_cninfo_operating_release,2026-08-06T21:36:36.493291+00:00
2026-06,601111,Air China,2026-07-15,2026-07-15T00:00:00+08:00,1225425218,中国国际航空股份有限公司2026年6月主要运营数据公告,http://static.cninfo.com.cn/finalpage/2026-07-15/1225425218.PDF,issuer_cninfo_operating_release,2026-08-06T21:36:36.493291+00:00
2026-06,603885,Juneyao Airlines,2026-07-16,2026-07-16T00:00:00+08:00,1225425794,上海吉祥航空股份有限公司2026年6月主要运营数据公告,http://static.cninfo.com.cn/finalpage/2026-07-16/1225425794.PDF,issuer_cninfo_operating_release,2026-08-06T21:36:36.493291+00:00
