dataset_id,company,ticker,statement_period,period_end,information_date,information_date_available,cohort,canonical_metric,metric_definition,analytical_role,value_type,source_metric,value_native,native_unit,native_currency,value_usd,usd_unit,fx_pair,fx_observation_date,metric_scope,calculation_method,reported_or_derived,point_in_time_status,source_quality,source_url,source_page,source_note,retrieved_at
airline_earnings_driver_comparability,Spring Airlines,601021.SH,FY2025,2025-12-31,2026-04-11,True,common_FY2025,total_revenue,Reported group or total revenue,outcome,monetary,total_revenue,21459.531429,RMB million,RMB,3065.2001445472997,USD million,USD_CNY,2025-12-31,group_reported,issuer_reported,issuer_reported,point_in_time_ready,primary_issuer,https://static.cninfo.com.cn/finalpage/2026-04-11/1225093115.PDF,8.0,Primary issuer annual/interim report main financial-data table.,2026-08-07T15:07:52.047000+00:00
airline_earnings_driver_comparability,Spring Airlines,601021.SH,FY2025,2025-12-31,2026-04-11,True,common_FY2025,passenger_revenue,Reported passenger-related revenue,revenue_driver,monetary,passenger_revenue,20937.304189,RMB million,RMB,2990.6071359892776,USD million,USD_CNY,2025-12-31,issuer_disclosed_line,issuer_reported,issuer_reported,point_in_time_ready,primary_issuer,https://static.cninfo.com.cn/finalpage/2026-04-11/1225093115.PDF,26.0,Primary issuer revenue-disaggregation table; wording and scope follow the report.,2026-08-07T15:07:52.047000+00:00
airline_earnings_driver_comparability,Spring Airlines,601021.SH,FY2025,2025-12-31,2026-04-11,True,common_FY2025,cargo_revenue,Reported cargo or cargo-and-mail revenue,revenue_driver,monetary,cargo_revenue,158.308446,RMB million,RMB,22.612193242323308,USD million,USD_CNY,2025-12-31,issuer_disclosed_line,issuer_reported,issuer_reported,point_in_time_ready,primary_issuer,https://static.cninfo.com.cn/finalpage/2026-04-11/1225093115.PDF,26.0,Primary issuer revenue-disaggregation table; wording and scope follow the report.,2026-08-07T15:07:52.047000+00:00
airline_earnings_driver_comparability,Spring Airlines,601021.SH,FY2025,2025-12-31,2026-04-11,True,common_FY2025,operating_cost,Reported operating cost,cost_driver,monetary,operating_cost,18544.164817999997,RMB million,RMB,2648.7799544321797,USD million,USD_CNY,2025-12-31,group_reported,issuer_reported,issuer_reported,point_in_time_ready,primary_issuer,https://static.cninfo.com.cn/finalpage/2026-04-11/1225093115.PDF,24.0,Primary issuer income-statement / financial-indicator table.,2026-08-07T15:07:52.047000+00:00
airline_earnings_driver_comparability,Spring Airlines,601021.SH,FY2025,2025-12-31,2026-04-11,True,common_FY2025,fuel_cost,Reported gross or accounting aviation-fuel cost,cost_driver,monetary,fuel_cost,6228.636517,RMB million,RMB,889.6754160456833,USD million,USD_CNY,2025-12-31,group_reported,issuer_reported,issuer_reported,point_in_time_ready,primary_issuer,https://static.cninfo.com.cn/finalpage/2026-04-11/1225093115.PDF,27.0,Primary issuer cost-analysis table; reported cost category.,2026-08-07T15:07:52.047000+00:00
airline_earnings_driver_comparability,Spring Airlines,601021.SH,FY2025,2025-12-31,2026-04-11,True,common_FY2025,fuel_cost_share_pct,"Fuel cost divided by operating cost, or issuer-reported share",cost_driver,percentage,fuel_cost_share_pct_derived,33.58812099725375,%,,,,,,derived_group,derived,derived,point_in_time_ready,primary_issuer,https://static.cninfo.com.cn/finalpage/2026-04-11/1225093115.PDF,27.0,Derived as reported fuel cost / reported operating cost.,2026-08-07T15:07:52.047000+00:00
airline_earnings_driver_comparability,Spring Airlines,601021.SH,FY2025,2025-12-31,2026-04-11,True,common_FY2025,attributable_profit,Profit attributable to the parent/group shareholders,outcome,monetary,attributable_net_income,2317.401673,RMB million,RMB,331.0090887378133,USD million,USD_CNY,2025-12-31,group_reported,issuer_reported,issuer_reported,point_in_time_ready,primary_issuer,https://static.cninfo.com.cn/finalpage/2026-04-11/1225093115.PDF,8.0,Primary issuer annual/interim report main financial-data table.,2026-08-07T15:07:52.047000+00:00
airline_earnings_driver_comparability,Spring Airlines,601021.SH,FY2025,2025-12-31,2026-04-11,True,common_FY2025,operating_cash_flow,Reported net cash flow from operating activities,cash_flow_driver,monetary,operating_cash_flow,6623.358345,RMB million,RMB,946.056022875082,USD million,USD_CNY,2025-12-31,group_reported,issuer_reported,issuer_reported,point_in_time_ready,primary_issuer,https://static.cninfo.com.cn/finalpage/2026-04-11/1225093115.PDF,8.0,Primary issuer annual/interim report main financial-data table.,2026-08-07T15:07:52.047000+00:00
airline_earnings_driver_comparability,Spring Airlines,601021.SH,FY2025,2025-12-31,2026-04-11,True,common_FY2025,cash_and_cash_equivalents,Reported group cash and cash equivalents at period end,liquidity_driver,monetary,cash_and_cash_equivalents,6648.791807,RMB million,RMB,949.6888445728282,USD million,USD_CNY,2025-12-31,group_reported,issuer_reported,issuer_reported,point_in_time_ready,primary_issuer,https://static.cninfo.com.cn/finalpage/2026-04-11/1225093115.PDF,180.0,Primary issuer table anchor; Spring Airlines consolidated cash-flow note: year-end cash and cash equivalents.,2026-08-07T15:07:52.047000+00:00
airline_earnings_driver_comparability,Spring Airlines,601021.SH,FY2025,2025-12-31,2026-04-11,True,common_FY2025,total_liabilities,Reported group total liabilities at period end,liquidity_driver,monetary,,,,,,,,,,,,no_metric_disclosed,,,,No safe source metric found in the covered report layer; blank is intentional.,2026-08-07T15:07:52.047000+00:00
airline_earnings_driver_comparability,Spring Airlines,601021.SH,FY2025,2025-12-31,2026-04-11,True,common_FY2025,liabilities_to_assets_pct,Total liabilities divided by total assets; derived from the same issuer report,liquidity_driver,percentage,,,,,,,,,,,,no_metric_disclosed,,,,No safe source metric found in the covered report layer; blank is intentional.,2026-08-07T15:07:52.047000+00:00
airline_earnings_driver_comparability,Spring Airlines,601021.SH,FY2025,2025-12-31,2026-04-11,True,common_FY2025,interest_bearing_debt,Reported group interest-bearing debt including stated lease/debt components where the issuer scope is explicit,liquidity_driver,monetary,,,,,,,,,,,,no_metric_disclosed,,,,No safe source metric found in the covered report layer; blank is intentional.,2026-08-07T15:07:52.047000+00:00
airline_earnings_driver_comparability,Spring Airlines,601021.SH,FY2025,2025-12-31,2026-04-11,True,common_FY2025,capex_cash_paid,"Cash paid for property, plant and equipment and other long-term assets",cash_flow_driver,monetary,,,,,,,,,,,,no_metric_disclosed,,,,No safe source metric found in the covered report layer; blank is intentional.,2026-08-07T15:07:52.047000+00:00
airline_earnings_driver_comparability,Spring Airlines,601021.SH,FY2025,2025-12-31,2026-04-11,True,common_FY2025,net_borrowings,Issuer-reported net borrowings; not interchangeable with gross interest-bearing debt,liquidity_driver,monetary,,,,,,,,,,,,no_metric_disclosed,,,,No safe source metric found in the covered report layer; blank is intentional.,2026-08-07T15:07:52.047000+00:00
airline_earnings_driver_comparability,Spring Airlines,601021.SH,FY2025,2025-12-31,2026-04-11,True,common_FY2025,available_unrestricted_liquidity,Issuer-reported available unrestricted liquidity,liquidity_driver,monetary,,,,,,,,,,,,no_metric_disclosed,,,,No safe source metric found in the covered report layer; blank is intentional.,2026-08-07T15:07:52.047000+00:00
airline_earnings_driver_comparability,Spring Airlines,601021.SH,FY2025,2025-12-31,2026-04-11,True,common_FY2025,ask,Available seat kilometres,capacity_driver,physical,ask,61749.0,million seat-km,,,,,,group_reported,issuer_reported,issuer_reported,point_in_time_ready,primary_issuer,https://static.cninfo.com.cn/finalpage/2026-04-11/1225093115.PDF,31.0,Primary issuer operating-information table; ASK normalized to million seat-km.,2026-08-07T15:07:52.047000+00:00
airline_earnings_driver_comparability,Spring Airlines,601021.SH,FY2025,2025-12-31,2026-04-11,True,common_FY2025,rpk,Revenue passenger kilometres,demand_driver,physical,rpk,56519.0999,million passenger-km,,,,,,group_reported,issuer_reported,issuer_reported,point_in_time_ready,primary_issuer,https://static.cninfo.com.cn/finalpage/2026-04-11/1225093115.PDF,31.0,"Primary issuer table anchor; Spring Airlines operating table: RPK, converted from ten-thousand passenger-km.",2026-08-07T15:07:52.047000+00:00
airline_earnings_driver_comparability,Spring Airlines,601021.SH,FY2025,2025-12-31,2026-04-11,True,common_FY2025,passengers,Passengers carried or revenue passengers carried,demand_driver,physical,passengers,32.3345,million passengers,,,,,,group_reported,issuer_reported,issuer_reported,point_in_time_ready,primary_issuer,https://static.cninfo.com.cn/finalpage/2026-04-11/1225093115.PDF,31.0,Primary issuer operating-information table; passenger count normalized to millions.,2026-08-07T15:07:52.047000+00:00
airline_earnings_driver_comparability,Spring Airlines,601021.SH,FY2025,2025-12-31,2026-04-11,True,common_FY2025,passenger_load_factor_pct,Passenger load factor,demand_driver,percentage,passenger_load_factor_pct,91.53,%,,,,,,group_reported,issuer_reported,issuer_reported,point_in_time_ready,primary_issuer,https://static.cninfo.com.cn/finalpage/2026-04-11/1225093115.PDF,31.0,Primary issuer operating-information table.,2026-08-07T15:07:52.047000+00:00
airline_earnings_driver_comparability,Spring Airlines,601021.SH,FY2025,2025-12-31,2026-04-11,True,common_FY2025,passenger_yield,Passenger revenue yield per RPK,revenue_driver,unit_rate,passenger_yield,0.37,RMB/RPK,RMB,,,,,issuer_disclosed_line,issuer_reported,issuer_reported,point_in_time_ready,primary_issuer,https://static.cninfo.com.cn/finalpage/2026-04-11/1225093115.PDF,31.0,Primary issuer disclosed passenger-yield line; scope follows the issuer table.,2026-08-07T15:07:52.047000+00:00
airline_earnings_driver_comparability,Spring Airlines,601021.SH,FY2025,2025-12-31,2026-04-11,True,common_FY2025,cargo_tonnes,Cargo tonnes carried,demand_driver,physical,,,,,,,,,,,,no_metric_disclosed,,,,No safe source metric found in the covered report layer; blank is intentional.,2026-08-07T15:07:52.047000+00:00
airline_earnings_driver_comparability,Spring Airlines,601021.SH,FY2025,2025-12-31,2026-04-11,True,common_FY2025,cargo_load_factor_pct,Cargo/freight load factor,demand_driver,percentage,,,,,,,,,,,,no_metric_disclosed,,,,No safe source metric found in the covered report layer; blank is intentional.,2026-08-07T15:07:52.047000+00:00
airline_earnings_driver_comparability,Spring Airlines,601021.SH,FY2025,2025-12-31,2026-04-11,True,common_FY2025,cargo_yield,Cargo yield per RTK/freight RTK,revenue_driver,unit_rate,,,,,,,,,,,,no_metric_disclosed,,,,No safe source metric found in the covered report layer; blank is intentional.,2026-08-07T15:07:52.047000+00:00
airline_earnings_driver_comparability,Spring Airlines,601021.SH,FY2025,2025-12-31,2026-04-11,True,common_FY2025,cask,"Cost per available seat kilometre; issuer-reported where available, otherwise derived",cost_driver,unit_rate,cask_derived,0.3003152248295518,RMB/ASK,RMB,,,,,derived_group,derived,derived,point_in_time_ready,primary_issuer,https://static.cninfo.com.cn/finalpage/2026-04-11/1225093115.PDF,24.0,Derived as consolidated operating cost / ASK; not issuer-reported CASK.,2026-08-07T15:07:52.047000+00:00
airline_earnings_driver_comparability,Spring Airlines,601021.SH,FY2025,2025-12-31,2026-04-11,True,common_FY2025,rask_proxy,Revenue per ASK proxy; source scope is retained because it may be passenger-only,revenue_driver,unit_rate,rask_derived,0.3390711459132941,RMB/ASK,RMB,,,,,derived_group,derived,derived,point_in_time_ready,primary_issuer,https://static.cninfo.com.cn/finalpage/2026-04-11/1225093115.PDF,26.0,"Derived as passenger revenue / ASK; not issuer-reported RASK. Input source pages: passenger revenue=26, ASK=31.",2026-08-07T15:07:52.047000+00:00
airline_earnings_driver_comparability,Spring Airlines,601021.SH,FY2025,2025-12-31,2026-04-11,True,common_FY2025,fuel_cost_per_ask,"Fuel cost per ASK, derived from fuel cost and ASK",cost_driver,unit_rate,fuel_cost_per_ask_derived,0.1008702410889245,RMB/ASK,RMB,,,,,derived_group,derived,derived,point_in_time_ready,primary_issuer,https://static.cninfo.com.cn/finalpage/2026-04-11/1225093115.PDF,27.0,"Derived as reported fuel cost / ASK; fuel-price, mix and hedging effects remain embedded.",2026-08-07T15:07:52.047000+00:00
airline_earnings_driver_comparability,Spring Airlines,601021.SH,FY2025,2025-12-31,2026-04-11,True,common_FY2025,cost_per_atk_ex_fuel,Cost per ATK excluding fuel,cost_driver,unit_rate,,,,,,,,,,,,no_metric_disclosed,,,,No safe source metric found in the covered report layer; blank is intentional.,2026-08-07T15:07:52.047000+00:00
airline_earnings_driver_comparability,Spring Airlines,601021.SH,FY2025,2025-12-31,2026-04-11,True,common_FY2025,fuel_intensity,Fuel consumption intensity; ATK/RTK denominator is retained,cost_driver,unit_rate,,,,,,,,,,,,no_metric_disclosed,,,,No safe source metric found in the covered report layer; blank is intentional.,2026-08-07T15:07:52.047000+00:00
airline_earnings_driver_comparability,Spring Airlines,601021.SH,FY2025,2025-12-31,2026-04-11,True,common_FY2025,fuel_hedging_loss_gain,Reported fuel-hedging loss/gain; sign convention is source-specific,risk_driver,monetary,,,,,,,,,,,,no_metric_disclosed,,,,No safe source metric found in the covered report layer; blank is intentional.,2026-08-07T15:07:52.047000+00:00
airline_earnings_driver_comparability,Spring Airlines,601021.SH,FY2025,2025-12-31,2026-04-11,True,common_FY2025,fuel_hedge_fair_value_change,Change in fuel-hedge fair value,risk_driver,monetary,,,,,,,,,,,,no_metric_disclosed,,,,No safe source metric found in the covered report layer; blank is intentional.,2026-08-07T15:07:52.047000+00:00
airline_earnings_driver_comparability,Spring Airlines,601021.SH,FY2025,2025-12-31,2026-04-11,True,common_FY2025,fuel_sensitivity_5pct_cost_abs,Absolute operating-cost sensitivity to a 5% fuel-price move,risk_driver,monetary,,,,,,,,,,,,no_metric_disclosed,,,,No safe source metric found in the covered report layer; blank is intentional.,2026-08-07T15:07:52.047000+00:00
airline_earnings_driver_comparability,Spring Airlines,601021.SH,FY2025,2025-12-31,2026-04-11,True,common_FY2025,fuel_sensitivity_5pct_profit_up,Profit sensitivity to a 5% fuel-price increase,risk_driver,monetary,,,,,,,,,,,,no_metric_disclosed,,,,No safe source metric found in the covered report layer; blank is intentional.,2026-08-07T15:07:52.047000+00:00
airline_earnings_driver_comparability,Spring Airlines,601021.SH,FY2025,2025-12-31,2026-04-11,True,common_FY2025,fuel_sensitivity_5pct_profit_down,Profit sensitivity to a 5% fuel-price decrease,risk_driver,monetary,,,,,,,,,,,,no_metric_disclosed,,,,No safe source metric found in the covered report layer; blank is intentional.,2026-08-07T15:07:52.047000+00:00
airline_earnings_driver_comparability,Spring Airlines,601021.SH,FY2025,2025-12-31,2026-04-11,True,common_FY2025,fleet_total,Reported aircraft fleet total,capacity_driver,physical,fleet_total,134.0,aircraft,,,,,,group_reported,issuer_reported,issuer_reported,point_in_time_ready,primary_issuer,https://static.cninfo.com.cn/finalpage/2026-04-11/1225093115.PDF,31.0,Primary issuer fleet table / group fleet total.,2026-08-07T15:07:52.047000+00:00
airline_earnings_driver_comparability,Spring Airlines,601021.SH,FY2025,2025-12-31,2026-04-11,True,common_FY2025,daily_utilization,Aircraft daily utilization,capacity_driver,unit_rate,daily_utilization,9.97,hours/day,,,,,,group_reported,issuer_reported,issuer_reported,point_in_time_ready,primary_issuer,https://static.cninfo.com.cn/finalpage/2026-04-11/1225093115.PDF,31.0,Primary issuer operating-information table.,2026-08-07T15:07:52.047000+00:00
airline_earnings_driver_comparability,Air China,0753.HK / 601111.SH,FY2025,2025-12-31,2026-03-27,True,common_FY2025,total_revenue,Reported group or total revenue,outcome,monetary,total_revenue,171484.646,RMB million,RMB,24494.232944737545,USD million,USD_CNY,2025-12-31,group_reported,issuer_reported,issuer_reported,point_in_time_ready,primary_issuer,https://static.cninfo.com.cn/finalpage/2026-03-27/1225039287.PDF,8.0,Primary issuer annual/interim report main financial-data table.,2026-08-07T15:07:52.047000+00:00
airline_earnings_driver_comparability,Air China,0753.HK / 601111.SH,FY2025,2025-12-31,2026-03-27,True,common_FY2025,passenger_revenue,Reported passenger-related revenue,revenue_driver,monetary,passenger_revenue,154855.779,RMB million,RMB,22119.02705076463,USD million,USD_CNY,2025-12-31,group_reported,issuer_reported,issuer_reported,point_in_time_ready,primary_issuer,https://static.cninfo.com.cn/finalpage/2026-03-27/1225039287.PDF,16.0,Primary issuer table anchor; Air China product-revenue table: aviation passenger revenue.,2026-08-07T15:07:52.047000+00:00
airline_earnings_driver_comparability,Air China,0753.HK / 601111.SH,FY2025,2025-12-31,2026-03-27,True,common_FY2025,cargo_revenue,Reported cargo or cargo-and-mail revenue,revenue_driver,monetary,cargo_revenue,7778.38,RMB million,RMB,1111.0350465585568,USD million,USD_CNY,2025-12-31,group_reported,issuer_reported,issuer_reported,point_in_time_ready,primary_issuer,https://static.cninfo.com.cn/finalpage/2026-03-27/1225039287.PDF,16.0,Primary issuer table anchor; Air China product-revenue table: aviation cargo and mail revenue.,2026-08-07T15:07:52.047000+00:00
airline_earnings_driver_comparability,Air China,0753.HK / 601111.SH,FY2025,2025-12-31,2026-03-27,True,common_FY2025,operating_cost,Reported operating cost,cost_driver,monetary,operating_cost,162647.28,RMB million,RMB,23231.936252461644,USD million,USD_CNY,2025-12-31,group_reported,issuer_reported,issuer_reported,point_in_time_ready,primary_issuer,https://static.cninfo.com.cn/finalpage/2026-03-27/1225039287.PDF,16.0,Primary issuer income-statement / financial-indicator table.,2026-08-07T15:07:52.047000+00:00
airline_earnings_driver_comparability,Air China,0753.HK / 601111.SH,FY2025,2025-12-31,2026-03-27,True,common_FY2025,fuel_cost,Reported gross or accounting aviation-fuel cost,cost_driver,monetary,fuel_cost,50041.444,RMB million,RMB,7147.73488366439,USD million,USD_CNY,2025-12-31,group_reported,issuer_reported,issuer_reported,point_in_time_ready,primary_issuer,https://static.cninfo.com.cn/finalpage/2026-03-27/1225039287.PDF,18.0,Primary issuer cost-analysis table; reported cost category.,2026-08-07T15:07:52.047000+00:00
airline_earnings_driver_comparability,Air China,0753.HK / 601111.SH,FY2025,2025-12-31,2026-03-27,True,common_FY2025,fuel_cost_share_pct,"Fuel cost divided by operating cost, or issuer-reported share",cost_driver,percentage,fuel_cost_share_pct_derived,30.76684959010689,%,,,,,,derived_group,derived,derived,point_in_time_ready,primary_issuer,https://static.cninfo.com.cn/finalpage/2026-03-27/1225039287.PDF,18.0,Derived as reported fuel cost / reported operating cost.,2026-08-07T15:07:52.047000+00:00
airline_earnings_driver_comparability,Air China,0753.HK / 601111.SH,FY2025,2025-12-31,2026-03-27,True,common_FY2025,attributable_profit,Profit attributable to the parent/group shareholders,outcome,monetary,attributable_net_income,-1770.393,RMB million,RMB,-252.87639189419173,USD million,USD_CNY,2025-12-31,group_reported,issuer_reported,issuer_reported,point_in_time_ready,primary_issuer,https://static.cninfo.com.cn/finalpage/2026-03-27/1225039287.PDF,8.0,Primary issuer annual/interim report main financial-data table.,2026-08-07T15:07:52.047000+00:00
airline_earnings_driver_comparability,Air China,0753.HK / 601111.SH,FY2025,2025-12-31,2026-03-27,True,common_FY2025,operating_cash_flow,Reported net cash flow from operating activities,cash_flow_driver,monetary,operating_cash_flow,42045.213,RMB million,RMB,6005.582805548127,USD million,USD_CNY,2025-12-31,group_reported,issuer_reported,issuer_reported,point_in_time_ready,primary_issuer,https://static.cninfo.com.cn/finalpage/2026-03-27/1225039287.PDF,8.0,Primary issuer annual/interim report main financial-data table.,2026-08-07T15:07:52.047000+00:00
airline_earnings_driver_comparability,Air China,0753.HK / 601111.SH,FY2025,2025-12-31,2026-03-27,True,common_FY2025,cash_and_cash_equivalents,Reported group cash and cash equivalents at period end,liquidity_driver,monetary,cash_and_cash_equivalents,14295.268,RMB million,RMB,2041.8832389195495,USD million,USD_CNY,2025-12-31,group_reported,issuer_reported,issuer_reported,point_in_time_ready,primary_issuer,https://static.cninfo.com.cn/finalpage/2026-03-27/1225039287.PDF,85.0,Primary issuer table anchor; Air China consolidated cash-flow statement: year-end cash and cash equivalents; source narrative also states RMB14.295bn.,2026-08-07T15:07:52.047000+00:00
airline_earnings_driver_comparability,Air China,0753.HK / 601111.SH,FY2025,2025-12-31,2026-03-27,True,common_FY2025,total_liabilities,Reported group total liabilities at period end,liquidity_driver,monetary,total_liabilities,303815.731,RMB million,RMB,43395.915966667475,USD million,USD_CNY,2025-12-31,group_reported,issuer_reported,issuer_reported,point_in_time_ready,primary_issuer,https://static.cninfo.com.cn/finalpage/2026-03-27/1225039287.PDF,78.0,Primary issuer table anchor; Air China consolidated balance sheet: total liabilities.,2026-08-07T15:07:52.047000+00:00
airline_earnings_driver_comparability,Air China,0753.HK / 601111.SH,FY2025,2025-12-31,2026-03-27,True,common_FY2025,liabilities_to_assets_pct,Total liabilities divided by total assets; derived from the same issuer report,liquidity_driver,percentage,liabilities_to_assets_pct_derived,88.56381630047434,%,,,,,,derived_group,derived_from_total_liabilities_divided_by_total_assets,derived,point_in_time_ready,primary_issuer,https://static.cninfo.com.cn/finalpage/2026-03-27/1225039287.PDF,78.0,"Derived as consolidated total liabilities / total assets; not an issuer-reported ratio. Input source pages: liabilities=78, assets=8.",2026-08-07T15:07:52.047000+00:00
airline_earnings_driver_comparability,Air China,0753.HK / 601111.SH,FY2025,2025-12-31,2026-03-27,True,common_FY2025,interest_bearing_debt,Reported group interest-bearing debt including stated lease/debt components where the issuer scope is explicit,liquidity_driver,monetary,interest_bearing_debt,228320.0,RMB million,RMB,32612.384819236097,USD million,USD_CNY,2025-12-31,group_reported,issuer_reported,issuer_reported,point_in_time_ready,primary_issuer,https://static.cninfo.com.cn/finalpage/2026-03-27/1225039287.PDF,20.0,"Primary issuer table anchor; Air China management discussion: current and non-current interest-bearing debt of RMB662.60bn and RMB1,620.60bn, summed to RMB228.320bn.",2026-08-07T15:07:52.047000+00:00
airline_earnings_driver_comparability,Air China,0753.HK / 601111.SH,FY2025,2025-12-31,2026-03-27,True,common_FY2025,capex_cash_paid,"Cash paid for property, plant and equipment and other long-term assets",cash_flow_driver,monetary,capex_cash_paid,17561.276,RMB million,RMB,2508.3877488998564,USD million,USD_CNY,2025-12-31,group_reported,issuer_reported,issuer_reported,point_in_time_ready,primary_issuer,https://static.cninfo.com.cn/finalpage/2026-03-27/1225039287.PDF,84.0,"Primary issuer table anchor; Air China consolidated cash-flow statement: cash paid for property, plant and equipment and other long-term assets.",2026-08-07T15:07:52.047000+00:00
airline_earnings_driver_comparability,Air China,0753.HK / 601111.SH,FY2025,2025-12-31,2026-03-27,True,common_FY2025,net_borrowings,Issuer-reported net borrowings; not interchangeable with gross interest-bearing debt,liquidity_driver,monetary,,,,,,,,,,,,no_metric_disclosed,,,,No safe source metric found in the covered report layer; blank is intentional.,2026-08-07T15:07:52.047000+00:00
airline_earnings_driver_comparability,Air China,0753.HK / 601111.SH,FY2025,2025-12-31,2026-03-27,True,common_FY2025,available_unrestricted_liquidity,Issuer-reported available unrestricted liquidity,liquidity_driver,monetary,,,,,,,,,,,,no_metric_disclosed,,,,No safe source metric found in the covered report layer; blank is intentional.,2026-08-07T15:07:52.047000+00:00
airline_earnings_driver_comparability,Air China,0753.HK / 601111.SH,FY2025,2025-12-31,2026-03-27,True,common_FY2025,ask,Available seat kilometres,capacity_driver,physical,ask,367641.22,million seat-km,,,,,,group_reported,issuer_reported,issuer_reported,point_in_time_ready,primary_issuer,https://static.cninfo.com.cn/finalpage/2026-03-27/1225039287.PDF,17.0,Primary issuer operating-information table; ASK normalized to million seat-km.,2026-08-07T15:07:52.047000+00:00
airline_earnings_driver_comparability,Air China,0753.HK / 601111.SH,FY2025,2025-12-31,2026-03-27,True,common_FY2025,rpk,Revenue passenger kilometres,demand_driver,physical,rpk,301015.56,million passenger-km,,,,,,group_reported,issuer_reported,issuer_reported,point_in_time_ready,primary_issuer,https://static.cninfo.com.cn/finalpage/2026-03-27/1225039287.PDF,17.0,Primary issuer operating-information table; RPK normalized to million passenger-km.,2026-08-07T15:07:52.047000+00:00
airline_earnings_driver_comparability,Air China,0753.HK / 601111.SH,FY2025,2025-12-31,2026-03-27,True,common_FY2025,passengers,Passengers carried or revenue passengers carried,demand_driver,physical,passengers,160.59653,million passengers,,,,,,group_reported,issuer_reported,issuer_reported,point_in_time_ready,primary_issuer,https://static.cninfo.com.cn/finalpage/2026-03-27/1225039287.PDF,17.0,Primary issuer operating-information table; passenger count normalized to millions.,2026-08-07T15:07:52.047000+00:00
airline_earnings_driver_comparability,Air China,0753.HK / 601111.SH,FY2025,2025-12-31,2026-03-27,True,common_FY2025,passenger_load_factor_pct,Passenger load factor,demand_driver,percentage,passenger_load_factor_pct,81.88,%,,,,,,group_reported,issuer_reported,issuer_reported,point_in_time_ready,primary_issuer,https://static.cninfo.com.cn/finalpage/2026-03-27/1225039287.PDF,17.0,Primary issuer operating-information table.,2026-08-07T15:07:52.047000+00:00
airline_earnings_driver_comparability,Air China,0753.HK / 601111.SH,FY2025,2025-12-31,2026-03-27,True,common_FY2025,passenger_yield,Passenger revenue yield per RPK,revenue_driver,unit_rate,passenger_yield,0.5144,RMB/RPK,RMB,,,,,issuer_disclosed_line,issuer_reported,issuer_reported,point_in_time_ready,primary_issuer,https://static.cninfo.com.cn/finalpage/2026-03-27/1225039287.PDF,17.0,Primary issuer disclosed passenger-yield line; scope follows the issuer table.,2026-08-07T15:07:52.047000+00:00
airline_earnings_driver_comparability,Air China,0753.HK / 601111.SH,FY2025,2025-12-31,2026-03-27,True,common_FY2025,cargo_tonnes,Cargo tonnes carried,demand_driver,physical,,,,,,,,,,,,no_metric_disclosed,,,,No safe source metric found in the covered report layer; blank is intentional.,2026-08-07T15:07:52.047000+00:00
airline_earnings_driver_comparability,Air China,0753.HK / 601111.SH,FY2025,2025-12-31,2026-03-27,True,common_FY2025,cargo_load_factor_pct,Cargo/freight load factor,demand_driver,percentage,cargo_load_factor_pct,39.05,%,,,,,,group_reported,issuer_reported,issuer_reported,point_in_time_ready,primary_issuer,https://static.cninfo.com.cn/finalpage/2026-03-27/1225039287.PDF,17.0,Primary issuer operating-information table.,2026-08-07T15:07:52.047000+00:00
airline_earnings_driver_comparability,Air China,0753.HK / 601111.SH,FY2025,2025-12-31,2026-03-27,True,common_FY2025,cargo_yield,Cargo yield per RTK/freight RTK,revenue_driver,unit_rate,cargo_yield,1.5399,RMB/RTK,RMB,,,,,issuer_disclosed_line,issuer_reported,issuer_reported,point_in_time_ready,primary_issuer,https://static.cninfo.com.cn/finalpage/2026-03-27/1225039287.PDF,17.0,Primary issuer disclosed cargo-yield line; scope follows the issuer table.,2026-08-07T15:07:52.047000+00:00
airline_earnings_driver_comparability,Air China,0753.HK / 601111.SH,FY2025,2025-12-31,2026-03-27,True,common_FY2025,cask,"Cost per available seat kilometre; issuer-reported where available, otherwise derived",cost_driver,unit_rate,cask,0.4424,RMB/ASK,RMB,,,,,issuer_disclosed_line,issuer_reported,issuer_reported,point_in_time_ready,primary_issuer,https://static.cninfo.com.cn/finalpage/2026-03-27/1225039287.PDF,17.0,Primary issuer disclosed unit-cost line; scope follows the issuer table.,2026-08-07T15:07:52.047000+00:00
airline_earnings_driver_comparability,Air China,0753.HK / 601111.SH,FY2025,2025-12-31,2026-03-27,True,common_FY2025,rask_proxy,Revenue per ASK proxy; source scope is retained because it may be passenger-only,revenue_driver,unit_rate,rask_derived,0.4212144084387491,RMB/ASK,RMB,,,,,derived_group,derived,derived,point_in_time_ready,primary_issuer,https://static.cninfo.com.cn/finalpage/2026-03-27/1225039287.PDF,16.0,"Derived as passenger revenue / ASK; not issuer-reported RASK. Input source pages: passenger revenue=16, ASK=17.",2026-08-07T15:07:52.047000+00:00
airline_earnings_driver_comparability,Air China,0753.HK / 601111.SH,FY2025,2025-12-31,2026-03-27,True,common_FY2025,fuel_cost_per_ask,"Fuel cost per ASK, derived from fuel cost and ASK",cost_driver,unit_rate,fuel_cost_per_ask_derived,0.1361148894022275,RMB/ASK,RMB,,,,,derived_group,derived,derived,point_in_time_ready,primary_issuer,https://static.cninfo.com.cn/finalpage/2026-03-27/1225039287.PDF,18.0,"Derived as reported fuel cost / ASK; fuel-price, mix and hedging effects remain embedded.",2026-08-07T15:07:52.047000+00:00
airline_earnings_driver_comparability,Air China,0753.HK / 601111.SH,FY2025,2025-12-31,2026-03-27,True,common_FY2025,cost_per_atk_ex_fuel,Cost per ATK excluding fuel,cost_driver,unit_rate,,,,,,,,,,,,no_metric_disclosed,,,,No safe source metric found in the covered report layer; blank is intentional.,2026-08-07T15:07:52.047000+00:00
airline_earnings_driver_comparability,Air China,0753.HK / 601111.SH,FY2025,2025-12-31,2026-03-27,True,common_FY2025,fuel_intensity,Fuel consumption intensity; ATK/RTK denominator is retained,cost_driver,unit_rate,,,,,,,,,,,,no_metric_disclosed,,,,No safe source metric found in the covered report layer; blank is intentional.,2026-08-07T15:07:52.047000+00:00
airline_earnings_driver_comparability,Air China,0753.HK / 601111.SH,FY2025,2025-12-31,2026-03-27,True,common_FY2025,fuel_hedging_loss_gain,Reported fuel-hedging loss/gain; sign convention is source-specific,risk_driver,monetary,,,,,,,,,,,,no_metric_disclosed,,,,No safe source metric found in the covered report layer; blank is intentional.,2026-08-07T15:07:52.047000+00:00
airline_earnings_driver_comparability,Air China,0753.HK / 601111.SH,FY2025,2025-12-31,2026-03-27,True,common_FY2025,fuel_hedge_fair_value_change,Change in fuel-hedge fair value,risk_driver,monetary,,,,,,,,,,,,no_metric_disclosed,,,,No safe source metric found in the covered report layer; blank is intentional.,2026-08-07T15:07:52.047000+00:00
airline_earnings_driver_comparability,Air China,0753.HK / 601111.SH,FY2025,2025-12-31,2026-03-27,True,common_FY2025,fuel_sensitivity_5pct_cost_abs,Absolute operating-cost sensitivity to a 5% fuel-price move,risk_driver,monetary,fuel_cost_sensitivity_5pct_abs,2502.0,RMB million,RMB,357.3764314021054,USD million,USD_CNY,2025-12-31,sensitivity_reported,issuer_reported,issuer_reported,point_in_time_ready,primary_issuer,https://static.cninfo.com.cn/finalpage/2026-03-27/1225039287.PDF,29.0,Primary issuer risk disclosure; absolute fuel-cost change for a 5% average jet-fuel-price move.,2026-08-07T15:07:52.047000+00:00
airline_earnings_driver_comparability,Air China,0753.HK / 601111.SH,FY2025,2025-12-31,2026-03-27,True,common_FY2025,fuel_sensitivity_5pct_profit_up,Profit sensitivity to a 5% fuel-price increase,risk_driver,monetary,,,,,,,,,,,,no_metric_disclosed,,,,No safe source metric found in the covered report layer; blank is intentional.,2026-08-07T15:07:52.047000+00:00
airline_earnings_driver_comparability,Air China,0753.HK / 601111.SH,FY2025,2025-12-31,2026-03-27,True,common_FY2025,fuel_sensitivity_5pct_profit_down,Profit sensitivity to a 5% fuel-price decrease,risk_driver,monetary,,,,,,,,,,,,no_metric_disclosed,,,,No safe source metric found in the covered report layer; blank is intentional.,2026-08-07T15:07:52.047000+00:00
airline_earnings_driver_comparability,Air China,0753.HK / 601111.SH,FY2025,2025-12-31,2026-03-27,True,common_FY2025,fleet_total,Reported aircraft fleet total,capacity_driver,physical,fleet_total,964.0,aircraft,,,,,,group_reported,issuer_reported,issuer_reported,point_in_time_ready,primary_issuer,https://static.cninfo.com.cn/finalpage/2026-03-27/1225039287.PDF,17.0,Primary issuer fleet table / group fleet total.,2026-08-07T15:07:52.047000+00:00
airline_earnings_driver_comparability,Air China,0753.HK / 601111.SH,FY2025,2025-12-31,2026-03-27,True,common_FY2025,daily_utilization,Aircraft daily utilization,capacity_driver,unit_rate,daily_utilization,8.89,hours/day,,,,,,group_reported,issuer_reported,issuer_reported,point_in_time_ready,primary_issuer,https://static.cninfo.com.cn/finalpage/2026-03-27/1225039287.PDF,17.0,Primary issuer operating-information table.,2026-08-07T15:07:52.047000+00:00
airline_earnings_driver_comparability,Air China,0753.HK / 601111.SH,1H2025,2025-06-30,2025-08-29,True,common_1H2025,total_revenue,Reported group or total revenue,outcome,monetary,,,,,,,,,,,,no_metric_disclosed,,,,No safe source metric found in the covered report layer; blank is intentional.,2026-08-07T15:07:52.047000+00:00
airline_earnings_driver_comparability,Air China,0753.HK / 601111.SH,1H2025,2025-06-30,2025-08-29,True,common_1H2025,passenger_revenue,Reported passenger-related revenue,revenue_driver,monetary,passenger_revenue,73196.376,RMB million,RMB,10216.285896391568,USD million,USD_CNY,2025-06-30,group_reported,issuer_reported,issuer_reported,point_in_time_ready,primary_issuer,https://static.cninfo.com.cn/finalpage/2025-08-29/1224611848.PDF,15.0,Primary issuer table anchor; Air China product-revenue table: aviation passenger revenue.,2026-08-07T15:07:52.047000+00:00
airline_earnings_driver_comparability,Air China,0753.HK / 601111.SH,1H2025,2025-06-30,2025-08-29,True,common_1H2025,cargo_revenue,Reported cargo or cargo-and-mail revenue,revenue_driver,monetary,cargo_revenue,3577.468,RMB million,RMB,499.3202924854114,USD million,USD_CNY,2025-06-30,group_reported,issuer_reported,issuer_reported,point_in_time_ready,primary_issuer,https://static.cninfo.com.cn/finalpage/2025-08-29/1224611848.PDF,15.0,Primary issuer table anchor; Air China product-revenue table: aviation cargo and mail revenue.,2026-08-07T15:07:52.047000+00:00
airline_earnings_driver_comparability,Air China,0753.HK / 601111.SH,1H2025,2025-06-30,2025-08-29,True,common_1H2025,operating_cost,Reported operating cost,cost_driver,monetary,,,,,,,,,,,,no_metric_disclosed,,,,No safe source metric found in the covered report layer; blank is intentional.,2026-08-07T15:07:52.047000+00:00
airline_earnings_driver_comparability,Air China,0753.HK / 601111.SH,1H2025,2025-06-30,2025-08-29,True,common_1H2025,fuel_cost,Reported gross or accounting aviation-fuel cost,cost_driver,monetary,fuel_cost,24327.485,RMB million,RMB,3395.4760533523877,USD million,USD_CNY,2025-06-30,group_reported,issuer_reported,issuer_reported,point_in_time_ready,primary_issuer,https://static.cninfo.com.cn/finalpage/2025-08-29/1224611848.PDF,15.0,Primary issuer table anchor; Air China cost-analysis table: aviation fuel cost.,2026-08-07T15:07:52.047000+00:00
airline_earnings_driver_comparability,Air China,0753.HK / 601111.SH,1H2025,2025-06-30,2025-08-29,True,common_1H2025,fuel_cost_share_pct,"Fuel cost divided by operating cost, or issuer-reported share",cost_driver,percentage,,,,,,,,,,,,no_metric_disclosed,,,,No safe source metric found in the covered report layer; blank is intentional.,2026-08-07T15:07:52.047000+00:00
airline_earnings_driver_comparability,Air China,0753.HK / 601111.SH,1H2025,2025-06-30,2025-08-29,True,common_1H2025,attributable_profit,Profit attributable to the parent/group shareholders,outcome,monetary,attributable_net_income,-1805.673,RMB million,RMB,-252.0243844230082,USD million,USD_CNY,2025-06-30,group_reported,issuer_reported,issuer_reported,point_in_time_ready,primary_issuer,https://static.cninfo.com.cn/finalpage/2025-08-29/1224611848.PDF,7.0,Primary issuer annual/interim report main financial-data table.,2026-08-07T15:07:52.047000+00:00
airline_earnings_driver_comparability,Air China,0753.HK / 601111.SH,1H2025,2025-06-30,2025-08-29,True,common_1H2025,operating_cash_flow,Reported net cash flow from operating activities,cash_flow_driver,monetary,operating_cash_flow,17831.15,RMB million,RMB,2488.7588186257,USD million,USD_CNY,2025-06-30,group_reported,issuer_reported,issuer_reported,point_in_time_ready,primary_issuer,https://static.cninfo.com.cn/finalpage/2025-08-29/1224611848.PDF,7.0,Primary issuer annual/interim report main financial-data table.,2026-08-07T15:07:52.047000+00:00
airline_earnings_driver_comparability,Air China,0753.HK / 601111.SH,1H2025,2025-06-30,2025-08-29,True,common_1H2025,cash_and_cash_equivalents,Reported group cash and cash equivalents at period end,liquidity_driver,monetary,cash_and_cash_equivalents,25331.0,RMB million,RMB,3535.540312016196,USD million,USD_CNY,2025-06-30,group_reported,issuer_reported,issuer_reported,point_in_time_ready,primary_issuer,https://static.cninfo.com.cn/finalpage/2025-08-29/1224611848.PDF,16.0,"Primary issuer table anchor; Air China management discussion: group cash and cash equivalents at 2025-06-30, reported as RMB253.31亿元 (RMB25.331bn).",2026-08-07T15:07:52.047000+00:00
airline_earnings_driver_comparability,Air China,0753.HK / 601111.SH,1H2025,2025-06-30,2025-08-29,True,common_1H2025,total_liabilities,Reported group total liabilities at period end,liquidity_driver,monetary,total_liabilities,309309.0,RMB million,RMB,43171.38835298321,USD million,USD_CNY,2025-06-30,group_reported,issuer_reported,issuer_reported,point_in_time_ready,primary_issuer,https://static.cninfo.com.cn/finalpage/2025-08-29/1224611848.PDF,16.0,"Primary issuer table anchor; Air China management discussion: group total liabilities at 2025-06-30, reported as RMB3,093.09亿元 (RMB309.309bn).",2026-08-07T15:07:52.047000+00:00
airline_earnings_driver_comparability,Air China,0753.HK / 601111.SH,1H2025,2025-06-30,2025-08-29,True,common_1H2025,liabilities_to_assets_pct,Total liabilities divided by total assets; derived from the same issuer report,liquidity_driver,percentage,liabilities_to_assets_pct_derived,88.99505632316824,%,,,,,,derived_group,derived_from_total_liabilities_divided_by_total_assets,derived,point_in_time_ready,primary_issuer,https://static.cninfo.com.cn/finalpage/2025-08-29/1224611848.PDF,16.0,"Derived as consolidated total liabilities / total assets; not an issuer-reported ratio. Input source pages: liabilities=16, assets=7.",2026-08-07T15:07:52.047000+00:00
airline_earnings_driver_comparability,Air China,0753.HK / 601111.SH,1H2025,2025-06-30,2025-08-29,True,common_1H2025,interest_bearing_debt,Reported group interest-bearing debt including stated lease/debt components where the issuer scope is explicit,liquidity_driver,monetary,interest_bearing_debt,236179.0,RMB million,RMB,32964.36679766583,USD million,USD_CNY,2025-06-30,group_reported,issuer_reported,issuer_reported,point_in_time_ready,primary_issuer,https://static.cninfo.com.cn/finalpage/2025-08-29/1224611848.PDF,16.0,"Primary issuer table anchor; Air China management discussion: current and non-current interest-bearing debt of RMB766.96bn and RMB1,594.83bn, summed to RMB236.179bn.",2026-08-07T15:07:52.047000+00:00
airline_earnings_driver_comparability,Air China,0753.HK / 601111.SH,1H2025,2025-06-30,2025-08-29,True,common_1H2025,capex_cash_paid,"Cash paid for property, plant and equipment and other long-term assets",cash_flow_driver,monetary,,,,,,,,,,,,no_metric_disclosed,,,,No safe source metric found in the covered report layer; blank is intentional.,2026-08-07T15:07:52.047000+00:00
airline_earnings_driver_comparability,Air China,0753.HK / 601111.SH,1H2025,2025-06-30,2025-08-29,True,common_1H2025,net_borrowings,Issuer-reported net borrowings; not interchangeable with gross interest-bearing debt,liquidity_driver,monetary,,,,,,,,,,,,no_metric_disclosed,,,,No safe source metric found in the covered report layer; blank is intentional.,2026-08-07T15:07:52.047000+00:00
airline_earnings_driver_comparability,Air China,0753.HK / 601111.SH,1H2025,2025-06-30,2025-08-29,True,common_1H2025,available_unrestricted_liquidity,Issuer-reported available unrestricted liquidity,liquidity_driver,monetary,,,,,,,,,,,,no_metric_disclosed,,,,No safe source metric found in the covered report layer; blank is intentional.,2026-08-07T15:07:52.047000+00:00
airline_earnings_driver_comparability,Air China,0753.HK / 601111.SH,1H2025,2025-06-30,2025-08-29,True,common_1H2025,ask,Available seat kilometres,capacity_driver,physical,ask,177576.14,million seat-km,,,,,,group_reported,issuer_reported,issuer_reported,point_in_time_ready,primary_issuer,https://static.cninfo.com.cn/finalpage/2025-08-29/1224611848.PDF,12.0,Primary issuer operating-information table; ASK normalized to million seat-km.,2026-08-07T15:07:52.047000+00:00
airline_earnings_driver_comparability,Air China,0753.HK / 601111.SH,1H2025,2025-06-30,2025-08-29,True,common_1H2025,rpk,Revenue passenger kilometres,demand_driver,physical,rpk,143336.58,million passenger-km,,,,,,group_reported,issuer_reported,issuer_reported,point_in_time_ready,primary_issuer,https://static.cninfo.com.cn/finalpage/2025-08-29/1224611848.PDF,12.0,Primary issuer operating-information table; RPK normalized to million passenger-km.,2026-08-07T15:07:52.047000+00:00
airline_earnings_driver_comparability,Air China,0753.HK / 601111.SH,1H2025,2025-06-30,2025-08-29,True,common_1H2025,passengers,Passengers carried or revenue passengers carried,demand_driver,physical,,,,,,,,,,,,no_metric_disclosed,,,,No safe source metric found in the covered report layer; blank is intentional.,2026-08-07T15:07:52.047000+00:00
airline_earnings_driver_comparability,Air China,0753.HK / 601111.SH,1H2025,2025-06-30,2025-08-29,True,common_1H2025,passenger_load_factor_pct,Passenger load factor,demand_driver,percentage,passenger_load_factor_pct,80.72,%,,,,,,group_reported,issuer_reported,issuer_reported,point_in_time_ready,primary_issuer,https://static.cninfo.com.cn/finalpage/2025-08-29/1224611848.PDF,12.0,Primary issuer table anchor; Air China operating table: group passenger load factor.,2026-08-07T15:07:52.047000+00:00
airline_earnings_driver_comparability,Air China,0753.HK / 601111.SH,1H2025,2025-06-30,2025-08-29,True,common_1H2025,passenger_yield,Passenger revenue yield per RPK,revenue_driver,unit_rate,passenger_yield,0.5107,RMB/RPK,RMB,,,,,issuer_disclosed_line,issuer_reported,issuer_reported,point_in_time_ready,primary_issuer,https://static.cninfo.com.cn/finalpage/2025-08-29/1224611848.PDF,12.0,Primary issuer disclosed passenger-yield line; scope follows the issuer table.,2026-08-07T15:07:52.047000+00:00
airline_earnings_driver_comparability,Air China,0753.HK / 601111.SH,1H2025,2025-06-30,2025-08-29,True,common_1H2025,cargo_tonnes,Cargo tonnes carried,demand_driver,physical,,,,,,,,,,,,no_metric_disclosed,,,,No safe source metric found in the covered report layer; blank is intentional.,2026-08-07T15:07:52.047000+00:00
airline_earnings_driver_comparability,Air China,0753.HK / 601111.SH,1H2025,2025-06-30,2025-08-29,True,common_1H2025,cargo_load_factor_pct,Cargo/freight load factor,demand_driver,percentage,cargo_load_factor_pct,37.48,%,,,,,,group_reported,issuer_reported,issuer_reported,point_in_time_ready,primary_issuer,https://static.cninfo.com.cn/finalpage/2025-08-29/1224611848.PDF,12.0,Primary issuer operating-information table.,2026-08-07T15:07:52.047000+00:00
airline_earnings_driver_comparability,Air China,0753.HK / 601111.SH,1H2025,2025-06-30,2025-08-29,True,common_1H2025,cargo_yield,Cargo yield per RTK/freight RTK,revenue_driver,unit_rate,cargo_yield,1.4853,RMB/RTK,RMB,,,,,issuer_disclosed_line,issuer_reported,issuer_reported,point_in_time_ready,primary_issuer,https://static.cninfo.com.cn/finalpage/2025-08-29/1224611848.PDF,12.0,Primary issuer disclosed cargo-yield line; scope follows the issuer table.,2026-08-07T15:07:52.047000+00:00
airline_earnings_driver_comparability,Air China,0753.HK / 601111.SH,1H2025,2025-06-30,2025-08-29,True,common_1H2025,cask,"Cost per available seat kilometre; issuer-reported where available, otherwise derived",cost_driver,unit_rate,cask,0.4412,RMB/ASK,RMB,,,,,issuer_disclosed_line,issuer_reported,issuer_reported,point_in_time_ready,primary_issuer,https://static.cninfo.com.cn/finalpage/2025-08-29/1224611848.PDF,12.0,Primary issuer disclosed unit-cost line; scope follows the issuer table.,2026-08-07T15:07:52.047000+00:00
airline_earnings_driver_comparability,Air China,0753.HK / 601111.SH,1H2025,2025-06-30,2025-08-29,True,common_1H2025,rask_proxy,Revenue per ASK proxy; source scope is retained because it may be passenger-only,revenue_driver,unit_rate,rask_derived,0.412197134142008,RMB/ASK,RMB,,,,,derived_group,derived,derived,point_in_time_ready,primary_issuer,https://static.cninfo.com.cn/finalpage/2025-08-29/1224611848.PDF,15.0,"Derived as passenger revenue / ASK; not issuer-reported RASK. Input source pages: passenger revenue=15, ASK=12.",2026-08-07T15:07:52.047000+00:00
airline_earnings_driver_comparability,Air China,0753.HK / 601111.SH,1H2025,2025-06-30,2025-08-29,True,common_1H2025,fuel_cost_per_ask,"Fuel cost per ASK, derived from fuel cost and ASK",cost_driver,unit_rate,fuel_cost_per_ask_derived,0.1369974873876636,RMB/ASK,RMB,,,,,derived_group,derived,derived,point_in_time_ready,primary_issuer,https://static.cninfo.com.cn/finalpage/2025-08-29/1224611848.PDF,12.0,"Derived as reported fuel cost / ASK; fuel-price, mix and hedging effects remain embedded.",2026-08-07T15:07:52.047000+00:00
airline_earnings_driver_comparability,Air China,0753.HK / 601111.SH,1H2025,2025-06-30,2025-08-29,True,common_1H2025,cost_per_atk_ex_fuel,Cost per ATK excluding fuel,cost_driver,unit_rate,,,,,,,,,,,,no_metric_disclosed,,,,No safe source metric found in the covered report layer; blank is intentional.,2026-08-07T15:07:52.047000+00:00
airline_earnings_driver_comparability,Air China,0753.HK / 601111.SH,1H2025,2025-06-30,2025-08-29,True,common_1H2025,fuel_intensity,Fuel consumption intensity; ATK/RTK denominator is retained,cost_driver,unit_rate,,,,,,,,,,,,no_metric_disclosed,,,,No safe source metric found in the covered report layer; blank is intentional.,2026-08-07T15:07:52.047000+00:00
airline_earnings_driver_comparability,Air China,0753.HK / 601111.SH,1H2025,2025-06-30,2025-08-29,True,common_1H2025,fuel_hedging_loss_gain,Reported fuel-hedging loss/gain; sign convention is source-specific,risk_driver,monetary,,,,,,,,,,,,no_metric_disclosed,,,,No safe source metric found in the covered report layer; blank is intentional.,2026-08-07T15:07:52.047000+00:00
airline_earnings_driver_comparability,Air China,0753.HK / 601111.SH,1H2025,2025-06-30,2025-08-29,True,common_1H2025,fuel_hedge_fair_value_change,Change in fuel-hedge fair value,risk_driver,monetary,,,,,,,,,,,,no_metric_disclosed,,,,No safe source metric found in the covered report layer; blank is intentional.,2026-08-07T15:07:52.047000+00:00
airline_earnings_driver_comparability,Air China,0753.HK / 601111.SH,1H2025,2025-06-30,2025-08-29,True,common_1H2025,fuel_sensitivity_5pct_cost_abs,Absolute operating-cost sensitivity to a 5% fuel-price move,risk_driver,monetary,,,,,,,,,,,,no_metric_disclosed,,,,No safe source metric found in the covered report layer; blank is intentional.,2026-08-07T15:07:52.047000+00:00
airline_earnings_driver_comparability,Air China,0753.HK / 601111.SH,1H2025,2025-06-30,2025-08-29,True,common_1H2025,fuel_sensitivity_5pct_profit_up,Profit sensitivity to a 5% fuel-price increase,risk_driver,monetary,,,,,,,,,,,,no_metric_disclosed,,,,No safe source metric found in the covered report layer; blank is intentional.,2026-08-07T15:07:52.047000+00:00
airline_earnings_driver_comparability,Air China,0753.HK / 601111.SH,1H2025,2025-06-30,2025-08-29,True,common_1H2025,fuel_sensitivity_5pct_profit_down,Profit sensitivity to a 5% fuel-price decrease,risk_driver,monetary,,,,,,,,,,,,no_metric_disclosed,,,,No safe source metric found in the covered report layer; blank is intentional.,2026-08-07T15:07:52.047000+00:00
airline_earnings_driver_comparability,Air China,0753.HK / 601111.SH,1H2025,2025-06-30,2025-08-29,True,common_1H2025,fleet_total,Reported aircraft fleet total,capacity_driver,physical,,,,,,,,,,,,no_metric_disclosed,,,,No safe source metric found in the covered report layer; blank is intentional.,2026-08-07T15:07:52.047000+00:00
airline_earnings_driver_comparability,Air China,0753.HK / 601111.SH,1H2025,2025-06-30,2025-08-29,True,common_1H2025,daily_utilization,Aircraft daily utilization,capacity_driver,unit_rate,daily_utilization,0.03,hours/day,,,,,,group_reported,issuer_reported,issuer_reported,point_in_time_ready,primary_issuer,https://static.cninfo.com.cn/finalpage/2025-08-29/1224611848.PDF,12.0,Primary issuer operating-information table.,2026-08-07T15:07:52.047000+00:00
airline_earnings_driver_comparability,China Southern Airlines,01055.HK / 600029.SH,FY2025,2025-12-31,2026-03-31,True,common_FY2025,total_revenue,Reported group or total revenue,outcome,monetary,total_revenue,182256.0,RMB million,RMB,26032.773333981662,USD million,USD_CNY,2025-12-31,group_reported,issuer_reported,issuer_reported,point_in_time_ready,primary_issuer,https://static.cninfo.com.cn/finalpage/2026-03-31/1225063223.PDF,8.0,Primary issuer annual/interim report main financial-data table.,2026-08-07T15:07:52.047000+00:00
airline_earnings_driver_comparability,China Southern Airlines,01055.HK / 600029.SH,FY2025,2025-12-31,2026-03-31,True,common_FY2025,passenger_revenue,Reported passenger-related revenue,revenue_driver,monetary,passenger_revenue,156688.0,RMB million,RMB,22380.734725632738,USD million,USD_CNY,2025-12-31,issuer_disclosed_line,issuer_reported,issuer_reported,point_in_time_ready,primary_issuer,https://static.cninfo.com.cn/finalpage/2026-03-31/1225063223.PDF,22.0,Primary issuer revenue-disaggregation table; wording and scope follow the report.,2026-08-07T15:07:52.047000+00:00
airline_earnings_driver_comparability,China Southern Airlines,01055.HK / 600029.SH,FY2025,2025-12-31,2026-03-31,True,common_FY2025,cargo_revenue,Reported cargo or cargo-and-mail revenue,revenue_driver,monetary,cargo_revenue,19670.0,RMB million,RMB,2809.590090199606,USD million,USD_CNY,2025-12-31,issuer_disclosed_line,issuer_reported,issuer_reported,point_in_time_ready,primary_issuer,https://static.cninfo.com.cn/finalpage/2026-03-31/1225063223.PDF,22.0,Primary issuer revenue-disaggregation table; wording and scope follow the report.,2026-08-07T15:07:52.047000+00:00
airline_earnings_driver_comparability,China Southern Airlines,01055.HK / 600029.SH,FY2025,2025-12-31,2026-03-31,True,common_FY2025,operating_cost,Reported operating cost,cost_driver,monetary,operating_cost,163780.0,RMB million,RMB,23393.729790182584,USD million,USD_CNY,2025-12-31,group_reported,issuer_reported,issuer_reported,point_in_time_ready,primary_issuer,https://static.cninfo.com.cn/finalpage/2026-03-31/1225063223.PDF,22.0,Primary issuer income-statement / financial-indicator table.,2026-08-07T15:07:52.047000+00:00
airline_earnings_driver_comparability,China Southern Airlines,01055.HK / 600029.SH,FY2025,2025-12-31,2026-03-31,True,common_FY2025,fuel_cost,Reported gross or accounting aviation-fuel cost,cost_driver,monetary,fuel_cost,52526.0,RMB million,RMB,7502.619678587926,USD million,USD_CNY,2025-12-31,group_reported,issuer_reported,issuer_reported,point_in_time_ready,primary_issuer,https://static.cninfo.com.cn/finalpage/2026-03-31/1225063223.PDF,23.0,Primary issuer cost-analysis table; reported cost category.,2026-08-07T15:07:52.047000+00:00
airline_earnings_driver_comparability,China Southern Airlines,01055.HK / 600029.SH,FY2025,2025-12-31,2026-03-31,True,common_FY2025,fuel_cost_share_pct,"Fuel cost divided by operating cost, or issuer-reported share",cost_driver,percentage,fuel_cost_share_pct_derived,32.0710709488338,%,,,,,,derived_group,derived,derived,point_in_time_ready,primary_issuer,https://static.cninfo.com.cn/finalpage/2026-03-31/1225063223.PDF,23.0,Derived as reported fuel cost / reported operating cost.,2026-08-07T15:07:52.047000+00:00
airline_earnings_driver_comparability,China Southern Airlines,01055.HK / 600029.SH,FY2025,2025-12-31,2026-03-31,True,common_FY2025,attributable_profit,Profit attributable to the parent/group shareholders,outcome,monetary,attributable_net_income,857.0,RMB million,RMB,122.4107121149498,USD million,USD_CNY,2025-12-31,group_reported,issuer_reported,issuer_reported,point_in_time_ready,primary_issuer,https://static.cninfo.com.cn/finalpage/2026-03-31/1225063223.PDF,8.0,Primary issuer annual/interim report main financial-data table.,2026-08-07T15:07:52.047000+00:00
airline_earnings_driver_comparability,China Southern Airlines,01055.HK / 600029.SH,FY2025,2025-12-31,2026-03-31,True,common_FY2025,operating_cash_flow,Reported net cash flow from operating activities,cash_flow_driver,monetary,,,,,,,,,,,,no_metric_disclosed,,,,No safe source metric found in the covered report layer; blank is intentional.,2026-08-07T15:07:52.047000+00:00
airline_earnings_driver_comparability,China Southern Airlines,01055.HK / 600029.SH,FY2025,2025-12-31,2026-03-31,True,common_FY2025,cash_and_cash_equivalents,Reported group cash and cash equivalents at period end,liquidity_driver,monetary,cash_and_cash_equivalents,9402.0,RMB million,RMB,1342.946925676497,USD million,USD_CNY,2025-12-31,group_reported,issuer_reported,issuer_reported,point_in_time_ready,primary_issuer,https://static.cninfo.com.cn/finalpage/2026-03-31/1225063223.PDF,191.0,Primary issuer table anchor; China Southern consolidated cash-flow note: year-end cash and cash equivalents.,2026-08-07T15:07:52.047000+00:00
airline_earnings_driver_comparability,China Southern Airlines,01055.HK / 600029.SH,FY2025,2025-12-31,2026-03-31,True,common_FY2025,total_liabilities,Reported group total liabilities at period end,liquidity_driver,monetary,total_liabilities,294803.0,RMB million,RMB,42108.570786025135,USD million,USD_CNY,2025-12-31,group_reported,issuer_reported,issuer_reported,point_in_time_ready,primary_issuer,https://static.cninfo.com.cn/finalpage/2026-03-31/1225063223.PDF,93.0,Primary issuer table anchor; China Southern consolidated balance sheet: total liabilities.,2026-08-07T15:07:52.047000+00:00
airline_earnings_driver_comparability,China Southern Airlines,01055.HK / 600029.SH,FY2025,2025-12-31,2026-03-31,True,common_FY2025,liabilities_to_assets_pct,Total liabilities divided by total assets; derived from the same issuer report,liquidity_driver,percentage,liabilities_to_assets_pct_derived,84.27421429674055,%,,,,,,derived_group,derived_from_total_liabilities_divided_by_total_assets,derived,point_in_time_ready,primary_issuer,https://static.cninfo.com.cn/finalpage/2026-03-31/1225063223.PDF,93.0,"Derived as consolidated total liabilities / total assets; not an issuer-reported ratio. Input source pages: liabilities=93, assets=8.",2026-08-07T15:07:52.047000+00:00
airline_earnings_driver_comparability,China Southern Airlines,01055.HK / 600029.SH,FY2025,2025-12-31,2026-03-31,True,common_FY2025,interest_bearing_debt,Reported group interest-bearing debt including stated lease/debt components where the issuer scope is explicit,liquidity_driver,monetary,,,,,,,,,,,,no_metric_disclosed,,,,No safe source metric found in the covered report layer; blank is intentional.,2026-08-07T15:07:52.047000+00:00
airline_earnings_driver_comparability,China Southern Airlines,01055.HK / 600029.SH,FY2025,2025-12-31,2026-03-31,True,common_FY2025,capex_cash_paid,"Cash paid for property, plant and equipment and other long-term assets",cash_flow_driver,monetary,capex_cash_paid,17767.0,RMB million,RMB,2537.772604604799,USD million,USD_CNY,2025-12-31,group_reported,issuer_reported,issuer_reported,point_in_time_ready,primary_issuer,https://static.cninfo.com.cn/finalpage/2026-03-31/1225063223.PDF,101.0,"Primary issuer table anchor; China Southern consolidated cash-flow statement: cash paid for property, plant and equipment and other long-term assets.",2026-08-07T15:07:52.047000+00:00
airline_earnings_driver_comparability,China Southern Airlines,01055.HK / 600029.SH,FY2025,2025-12-31,2026-03-31,True,common_FY2025,net_borrowings,Issuer-reported net borrowings; not interchangeable with gross interest-bearing debt,liquidity_driver,monetary,,,,,,,,,,,,no_metric_disclosed,,,,No safe source metric found in the covered report layer; blank is intentional.,2026-08-07T15:07:52.047000+00:00
airline_earnings_driver_comparability,China Southern Airlines,01055.HK / 600029.SH,FY2025,2025-12-31,2026-03-31,True,common_FY2025,available_unrestricted_liquidity,Issuer-reported available unrestricted liquidity,liquidity_driver,monetary,,,,,,,,,,,,no_metric_disclosed,,,,No safe source metric found in the covered report layer; blank is intentional.,2026-08-07T15:07:52.047000+00:00
airline_earnings_driver_comparability,China Southern Airlines,01055.HK / 600029.SH,FY2025,2025-12-31,2026-03-31,True,common_FY2025,ask,Available seat kilometres,capacity_driver,physical,ask,386429.36,million seat-km,,,,,,group_reported,issuer_reported,issuer_reported,point_in_time_ready,primary_issuer,https://static.cninfo.com.cn/finalpage/2026-03-31/1225063223.PDF,16.0,Primary issuer operating-information table; ASK normalized to million seat-km.,2026-08-07T15:07:52.047000+00:00
airline_earnings_driver_comparability,China Southern Airlines,01055.HK / 600029.SH,FY2025,2025-12-31,2026-03-31,True,common_FY2025,rpk,Revenue passenger kilometres,demand_driver,physical,rpk,331305.73,million passenger-km,,,,,,group_reported,issuer_reported,issuer_reported,point_in_time_ready,primary_issuer,https://static.cninfo.com.cn/finalpage/2026-03-31/1225063223.PDF,16.0,Primary issuer operating-information table; RPK normalized to million passenger-km.,2026-08-07T15:07:52.047000+00:00
airline_earnings_driver_comparability,China Southern Airlines,01055.HK / 600029.SH,FY2025,2025-12-31,2026-03-31,True,common_FY2025,passengers,Passengers carried or revenue passengers carried,demand_driver,physical,passengers,173.73117000000002,million passengers,,,,,,group_reported,issuer_reported,issuer_reported,point_in_time_ready,primary_issuer,https://static.cninfo.com.cn/finalpage/2026-03-31/1225063223.PDF,16.0,Primary issuer operating-information table; passenger count normalized to millions.,2026-08-07T15:07:52.047000+00:00
airline_earnings_driver_comparability,China Southern Airlines,01055.HK / 600029.SH,FY2025,2025-12-31,2026-03-31,True,common_FY2025,passenger_load_factor_pct,Passenger load factor,demand_driver,percentage,passenger_load_factor_pct,85.74,%,,,,,,group_reported,issuer_reported,issuer_reported,point_in_time_ready,primary_issuer,https://static.cninfo.com.cn/finalpage/2026-03-31/1225063223.PDF,16.0,Primary issuer operating-information table.,2026-08-07T15:07:52.047000+00:00
airline_earnings_driver_comparability,China Southern Airlines,01055.HK / 600029.SH,FY2025,2025-12-31,2026-03-31,True,common_FY2025,passenger_yield,Passenger revenue yield per RPK,revenue_driver,unit_rate,passenger_yield,0.46,RMB/RPK,RMB,,,,,issuer_disclosed_line,issuer_reported,issuer_reported,point_in_time_ready,primary_issuer,https://static.cninfo.com.cn/finalpage/2026-03-31/1225063223.PDF,16.0,Primary issuer disclosed passenger-yield line; scope follows the issuer table.,2026-08-07T15:07:52.047000+00:00
airline_earnings_driver_comparability,China Southern Airlines,01055.HK / 600029.SH,FY2025,2025-12-31,2026-03-31,True,common_FY2025,cargo_tonnes,Cargo tonnes carried,demand_driver,physical,,,,,,,,,,,,no_metric_disclosed,,,,No safe source metric found in the covered report layer; blank is intentional.,2026-08-07T15:07:52.047000+00:00
airline_earnings_driver_comparability,China Southern Airlines,01055.HK / 600029.SH,FY2025,2025-12-31,2026-03-31,True,common_FY2025,cargo_load_factor_pct,Cargo/freight load factor,demand_driver,percentage,,,,,,,,,,,,no_metric_disclosed,,,,No safe source metric found in the covered report layer; blank is intentional.,2026-08-07T15:07:52.047000+00:00
airline_earnings_driver_comparability,China Southern Airlines,01055.HK / 600029.SH,FY2025,2025-12-31,2026-03-31,True,common_FY2025,cargo_yield,Cargo yield per RTK/freight RTK,revenue_driver,unit_rate,cargo_yield,1.97,RMB/RTK,RMB,,,,,issuer_disclosed_line,issuer_reported,issuer_reported,point_in_time_ready,primary_issuer,https://static.cninfo.com.cn/finalpage/2026-03-31/1225063223.PDF,16.0,Primary issuer disclosed cargo-yield line; scope follows the issuer table.,2026-08-07T15:07:52.047000+00:00
airline_earnings_driver_comparability,China Southern Airlines,01055.HK / 600029.SH,FY2025,2025-12-31,2026-03-31,True,common_FY2025,cask,"Cost per available seat kilometre; issuer-reported where available, otherwise derived",cost_driver,unit_rate,cask_derived,0.423829079653782,RMB/ASK,RMB,,,,,derived_group,derived,derived,point_in_time_ready,primary_issuer,https://static.cninfo.com.cn/finalpage/2026-03-31/1225063223.PDF,22.0,Derived as consolidated operating cost / ASK; not issuer-reported CASK.,2026-08-07T15:07:52.047000+00:00
airline_earnings_driver_comparability,China Southern Airlines,01055.HK / 600029.SH,FY2025,2025-12-31,2026-03-31,True,common_FY2025,rask_proxy,Revenue per ASK proxy; source scope is retained because it may be passenger-only,revenue_driver,unit_rate,rask_derived,0.4054764368835742,RMB/ASK,RMB,,,,,derived_group,derived,derived,point_in_time_ready,primary_issuer,https://static.cninfo.com.cn/finalpage/2026-03-31/1225063223.PDF,22.0,"Derived as passenger revenue / ASK; not issuer-reported RASK. Input source pages: passenger revenue=22, ASK=16.",2026-08-07T15:07:52.047000+00:00
airline_earnings_driver_comparability,China Southern Airlines,01055.HK / 600029.SH,FY2025,2025-12-31,2026-03-31,True,common_FY2025,fuel_cost_per_ask,"Fuel cost per ASK, derived from fuel cost and ASK",cost_driver,unit_rate,fuel_cost_per_ask_derived,0.1359265248375537,RMB/ASK,RMB,,,,,derived_group,derived,derived,point_in_time_ready,primary_issuer,https://static.cninfo.com.cn/finalpage/2026-03-31/1225063223.PDF,23.0,"Derived as reported fuel cost / ASK; fuel-price, mix and hedging effects remain embedded.",2026-08-07T15:07:52.047000+00:00
airline_earnings_driver_comparability,China Southern Airlines,01055.HK / 600029.SH,FY2025,2025-12-31,2026-03-31,True,common_FY2025,cost_per_atk_ex_fuel,Cost per ATK excluding fuel,cost_driver,unit_rate,,,,,,,,,,,,no_metric_disclosed,,,,No safe source metric found in the covered report layer; blank is intentional.,2026-08-07T15:07:52.047000+00:00
airline_earnings_driver_comparability,China Southern Airlines,01055.HK / 600029.SH,FY2025,2025-12-31,2026-03-31,True,common_FY2025,fuel_intensity,Fuel consumption intensity; ATK/RTK denominator is retained,cost_driver,unit_rate,,,,,,,,,,,,no_metric_disclosed,,,,No safe source metric found in the covered report layer; blank is intentional.,2026-08-07T15:07:52.047000+00:00
airline_earnings_driver_comparability,China Southern Airlines,01055.HK / 600029.SH,FY2025,2025-12-31,2026-03-31,True,common_FY2025,fuel_hedging_loss_gain,Reported fuel-hedging loss/gain; sign convention is source-specific,risk_driver,monetary,,,,,,,,,,,,no_metric_disclosed,,,,No safe source metric found in the covered report layer; blank is intentional.,2026-08-07T15:07:52.047000+00:00
airline_earnings_driver_comparability,China Southern Airlines,01055.HK / 600029.SH,FY2025,2025-12-31,2026-03-31,True,common_FY2025,fuel_hedge_fair_value_change,Change in fuel-hedge fair value,risk_driver,monetary,,,,,,,,,,,,no_metric_disclosed,,,,No safe source metric found in the covered report layer; blank is intentional.,2026-08-07T15:07:52.047000+00:00
airline_earnings_driver_comparability,China Southern Airlines,01055.HK / 600029.SH,FY2025,2025-12-31,2026-03-31,True,common_FY2025,fuel_sensitivity_5pct_cost_abs,Absolute operating-cost sensitivity to a 5% fuel-price move,risk_driver,monetary,,,,,,,,,,,,no_metric_disclosed,,,,No safe source metric found in the covered report layer; blank is intentional.,2026-08-07T15:07:52.047000+00:00
airline_earnings_driver_comparability,China Southern Airlines,01055.HK / 600029.SH,FY2025,2025-12-31,2026-03-31,True,common_FY2025,fuel_sensitivity_5pct_profit_up,Profit sensitivity to a 5% fuel-price increase,risk_driver,monetary,,,,,,,,,,,,no_metric_disclosed,,,,No safe source metric found in the covered report layer; blank is intentional.,2026-08-07T15:07:52.047000+00:00
airline_earnings_driver_comparability,China Southern Airlines,01055.HK / 600029.SH,FY2025,2025-12-31,2026-03-31,True,common_FY2025,fuel_sensitivity_5pct_profit_down,Profit sensitivity to a 5% fuel-price decrease,risk_driver,monetary,,,,,,,,,,,,no_metric_disclosed,,,,No safe source metric found in the covered report layer; blank is intentional.,2026-08-07T15:07:52.047000+00:00
airline_earnings_driver_comparability,China Southern Airlines,01055.HK / 600029.SH,FY2025,2025-12-31,2026-03-31,True,common_FY2025,fleet_total,Reported aircraft fleet total,capacity_driver,physical,fleet_total,972.0,aircraft,,,,,,group_reported,issuer_reported,issuer_reported,point_in_time_ready,primary_issuer,https://static.cninfo.com.cn/finalpage/2026-03-31/1225063223.PDF,16.0,Primary issuer fleet table / group fleet total.,2026-08-07T15:07:52.047000+00:00
airline_earnings_driver_comparability,China Southern Airlines,01055.HK / 600029.SH,FY2025,2025-12-31,2026-03-31,True,common_FY2025,daily_utilization,Aircraft daily utilization,capacity_driver,unit_rate,,,,,,,,,,,,no_metric_disclosed,,,,No safe source metric found in the covered report layer; blank is intentional.,2026-08-07T15:07:52.047000+00:00
airline_earnings_driver_comparability,China Southern Airlines,01055.HK / 600029.SH,1H2025,2025-06-30,2025-08-29,True,common_1H2025,total_revenue,Reported group or total revenue,outcome,monetary,total_revenue,86291.0,RMB million,RMB,12043.950458497082,USD million,USD_CNY,2025-06-30,group_reported,issuer_reported,issuer_reported,point_in_time_ready,primary_issuer,https://static.cninfo.com.cn/finalpage/2025-08-29/1224612089.PDF,8.0,Primary issuer annual/interim report main financial-data table.,2026-08-07T15:07:52.047000+00:00
airline_earnings_driver_comparability,China Southern Airlines,01055.HK / 600029.SH,1H2025,2025-06-30,2025-08-29,True,common_1H2025,passenger_revenue,Reported passenger-related revenue,revenue_driver,monetary,passenger_revenue,74570.0,RMB million,RMB,10408.00762176968,USD million,USD_CNY,2025-06-30,group_reported,issuer_reported,issuer_reported,point_in_time_ready,primary_issuer,https://static.cninfo.com.cn/finalpage/2025-08-29/1224612089.PDF,20.0,Primary issuer table anchor; China Southern product-revenue table: passenger and related services revenue.,2026-08-07T15:07:52.047000+00:00
airline_earnings_driver_comparability,China Southern Airlines,01055.HK / 600029.SH,1H2025,2025-06-30,2025-08-29,True,common_1H2025,cargo_revenue,Reported cargo or cargo-and-mail revenue,revenue_driver,monetary,cargo_revenue,9080.0,RMB million,RMB,1267.328807907586,USD million,USD_CNY,2025-06-30,issuer_disclosed_line,issuer_reported,issuer_reported,point_in_time_ready,primary_issuer,https://static.cninfo.com.cn/finalpage/2025-08-29/1224612089.PDF,20.0,Primary issuer revenue-disaggregation table; wording and scope follow the report.,2026-08-07T15:07:52.047000+00:00
airline_earnings_driver_comparability,China Southern Airlines,01055.HK / 600029.SH,1H2025,2025-06-30,2025-08-29,True,common_1H2025,operating_cost,Reported operating cost,cost_driver,monetary,operating_cost,78688.0,RMB million,RMB,10982.771942360368,USD million,USD_CNY,2025-06-30,group_reported,issuer_reported,issuer_reported,point_in_time_ready,primary_issuer,https://static.cninfo.com.cn/finalpage/2025-08-29/1224612089.PDF,18.0,Primary issuer income-statement / financial-indicator table.,2026-08-07T15:07:52.047000+00:00
airline_earnings_driver_comparability,China Southern Airlines,01055.HK / 600029.SH,1H2025,2025-06-30,2025-08-29,True,common_1H2025,fuel_cost,Reported gross or accounting aviation-fuel cost,cost_driver,monetary,fuel_cost,25334.0,RMB million,RMB,3535.9590329879716,USD million,USD_CNY,2025-06-30,group_reported,issuer_reported,issuer_reported,point_in_time_ready,primary_issuer,https://static.cninfo.com.cn/finalpage/2025-08-29/1224612089.PDF,145.0,Primary issuer table anchor; China Southern cost note: fuel cost.,2026-08-07T15:07:52.047000+00:00
airline_earnings_driver_comparability,China Southern Airlines,01055.HK / 600029.SH,1H2025,2025-06-30,2025-08-29,True,common_1H2025,fuel_cost_share_pct,"Fuel cost divided by operating cost, or issuer-reported share",cost_driver,percentage,fuel_cost_share_pct_derived,32.19550630337535,%,,,,,,derived_group,derived,derived,point_in_time_ready,primary_issuer,https://static.cninfo.com.cn/finalpage/2025-08-29/1224612089.PDF,18.0,Derived as reported fuel cost / reported operating cost.,2026-08-07T15:07:52.047000+00:00
airline_earnings_driver_comparability,China Southern Airlines,01055.HK / 600029.SH,1H2025,2025-06-30,2025-08-29,True,common_1H2025,attributable_profit,Profit attributable to the parent/group shareholders,outcome,monetary,profit_total,596.0,RMB million,RMB,83.18589972609264,USD million,USD_CNY,2025-06-30,group_reported,issuer_reported,issuer_reported,point_in_time_ready,primary_issuer,https://static.cninfo.com.cn/finalpage/2025-08-29/1224612089.PDF,8.0,Primary issuer annual/interim report main financial-data table.,2026-08-07T15:07:52.047000+00:00
airline_earnings_driver_comparability,China Southern Airlines,01055.HK / 600029.SH,1H2025,2025-06-30,2025-08-29,True,common_1H2025,operating_cash_flow,Reported net cash flow from operating activities,cash_flow_driver,monetary,operating_cash_flow,14341.0,RMB million,RMB,2001.6258187447895,USD million,USD_CNY,2025-06-30,group_reported,issuer_reported,issuer_reported,point_in_time_ready,primary_issuer,https://static.cninfo.com.cn/finalpage/2025-08-29/1224612089.PDF,8.0,Primary issuer annual/interim report main financial-data table.,2026-08-07T15:07:52.047000+00:00
airline_earnings_driver_comparability,China Southern Airlines,01055.HK / 600029.SH,1H2025,2025-06-30,2025-08-29,True,common_1H2025,cash_and_cash_equivalents,Reported group cash and cash equivalents at period end,liquidity_driver,monetary,cash_and_cash_equivalents,12692.0,RMB million,RMB,1771.4688579254496,USD million,USD_CNY,2025-06-30,group_reported,issuer_reported,issuer_reported,point_in_time_ready,primary_issuer,https://static.cninfo.com.cn/finalpage/2025-08-29/1224612089.PDF,66.0,Primary issuer table anchor; China Southern consolidated cash-flow statement: period-end cash and cash equivalents.,2026-08-07T15:07:52.047000+00:00
airline_earnings_driver_comparability,China Southern Airlines,01055.HK / 600029.SH,1H2025,2025-06-30,2025-08-29,True,common_1H2025,total_liabilities,Reported group total liabilities at period end,liquidity_driver,monetary,total_liabilities,284770.0,RMB million,RMB,39746.39037751578,USD million,USD_CNY,2025-06-30,group_reported,issuer_reported,issuer_reported,point_in_time_ready,primary_issuer,https://static.cninfo.com.cn/finalpage/2025-08-29/1224612089.PDF,57.0,Primary issuer table anchor; China Southern consolidated balance sheet: total liabilities.,2026-08-07T15:07:52.047000+00:00
airline_earnings_driver_comparability,China Southern Airlines,01055.HK / 600029.SH,1H2025,2025-06-30,2025-08-29,True,common_1H2025,liabilities_to_assets_pct,Total liabilities divided by total assets; derived from the same issuer report,liquidity_driver,percentage,liabilities_to_assets_pct_derived,84.61824178762981,%,,,,,,derived_group,derived_from_total_liabilities_divided_by_total_assets,derived,point_in_time_ready,primary_issuer,https://static.cninfo.com.cn/finalpage/2025-08-29/1224612089.PDF,57.0,"Derived as consolidated total liabilities / total assets; not an issuer-reported ratio. Input source pages: liabilities=57, assets=8.",2026-08-07T15:07:52.047000+00:00
airline_earnings_driver_comparability,China Southern Airlines,01055.HK / 600029.SH,1H2025,2025-06-30,2025-08-29,True,common_1H2025,interest_bearing_debt,Reported group interest-bearing debt including stated lease/debt components where the issuer scope is explicit,liquidity_driver,monetary,,,,,,,,,,,,no_metric_disclosed,,,,No safe source metric found in the covered report layer; blank is intentional.,2026-08-07T15:07:52.047000+00:00
airline_earnings_driver_comparability,China Southern Airlines,01055.HK / 600029.SH,1H2025,2025-06-30,2025-08-29,True,common_1H2025,capex_cash_paid,"Cash paid for property, plant and equipment and other long-term assets",cash_flow_driver,monetary,capex_cash_paid,5876.0,RMB million,RMB,820.1348100512088,USD million,USD_CNY,2025-06-30,group_reported,issuer_reported,issuer_reported,point_in_time_ready,primary_issuer,https://static.cninfo.com.cn/finalpage/2025-08-29/1224612089.PDF,65.0,"Primary issuer table anchor; China Southern consolidated cash-flow statement: cash paid for property, plant and equipment and other long-term assets.",2026-08-07T15:07:52.047000+00:00
airline_earnings_driver_comparability,China Southern Airlines,01055.HK / 600029.SH,1H2025,2025-06-30,2025-08-29,True,common_1H2025,net_borrowings,Issuer-reported net borrowings; not interchangeable with gross interest-bearing debt,liquidity_driver,monetary,,,,,,,,,,,,no_metric_disclosed,,,,No safe source metric found in the covered report layer; blank is intentional.,2026-08-07T15:07:52.047000+00:00
airline_earnings_driver_comparability,China Southern Airlines,01055.HK / 600029.SH,1H2025,2025-06-30,2025-08-29,True,common_1H2025,available_unrestricted_liquidity,Issuer-reported available unrestricted liquidity,liquidity_driver,monetary,,,,,,,,,,,,no_metric_disclosed,,,,No safe source metric found in the covered report layer; blank is intentional.,2026-08-07T15:07:52.047000+00:00
airline_earnings_driver_comparability,China Southern Airlines,01055.HK / 600029.SH,1H2025,2025-06-30,2025-08-29,True,common_1H2025,ask,Available seat kilometres,capacity_driver,physical,ask,184837.28,million seat-km,,,,,,group_reported,issuer_reported,issuer_reported,point_in_time_ready,primary_issuer,https://static.cninfo.com.cn/finalpage/2025-08-29/1224612089.PDF,15.0,Primary issuer table anchor; China Southern operating table: group ASK total.,2026-08-07T15:07:52.047000+00:00
airline_earnings_driver_comparability,China Southern Airlines,01055.HK / 600029.SH,1H2025,2025-06-30,2025-08-29,True,common_1H2025,rpk,Revenue passenger kilometres,demand_driver,physical,rpk,157986.19,million passenger-km,,,,,,group_reported,issuer_reported,issuer_reported,point_in_time_ready,primary_issuer,https://static.cninfo.com.cn/finalpage/2025-08-29/1224612089.PDF,14.0,Primary issuer table anchor; China Southern operating table: group RPK total.,2026-08-07T15:07:52.047000+00:00
airline_earnings_driver_comparability,China Southern Airlines,01055.HK / 600029.SH,1H2025,2025-06-30,2025-08-29,True,common_1H2025,passengers,Passengers carried or revenue passengers carried,demand_driver,physical,passengers,83.27982,million passengers,,,,,,group_reported,issuer_reported,issuer_reported,point_in_time_ready,primary_issuer,https://static.cninfo.com.cn/finalpage/2025-08-29/1224612089.PDF,14.0,"Primary issuer table anchor; China Southern operating table: group passengers, converted from thousand.",2026-08-07T15:07:52.047000+00:00
airline_earnings_driver_comparability,China Southern Airlines,01055.HK / 600029.SH,1H2025,2025-06-30,2025-08-29,True,common_1H2025,passenger_load_factor_pct,Passenger load factor,demand_driver,percentage,passenger_load_factor_pct,85.47,%,,,,,,group_reported,issuer_reported,issuer_reported,point_in_time_ready,primary_issuer,https://static.cninfo.com.cn/finalpage/2025-08-29/1224612089.PDF,15.0,Primary issuer table anchor; China Southern operating table: average passenger load factor.,2026-08-07T15:07:52.047000+00:00
airline_earnings_driver_comparability,China Southern Airlines,01055.HK / 600029.SH,1H2025,2025-06-30,2025-08-29,True,common_1H2025,passenger_yield,Passenger revenue yield per RPK,revenue_driver,unit_rate,passenger_yield,0.46,RMB/RPK,RMB,,,,,group_reported,issuer_reported,issuer_reported,point_in_time_ready,primary_issuer,https://static.cninfo.com.cn/finalpage/2025-08-29/1224612089.PDF,16.0,Primary issuer table anchor; China Southern operating table: average passenger yield.,2026-08-07T15:07:52.047000+00:00
airline_earnings_driver_comparability,China Southern Airlines,01055.HK / 600029.SH,1H2025,2025-06-30,2025-08-29,True,common_1H2025,cargo_tonnes,Cargo tonnes carried,demand_driver,physical,,,,,,,,,,,,no_metric_disclosed,,,,No safe source metric found in the covered report layer; blank is intentional.,2026-08-07T15:07:52.047000+00:00
airline_earnings_driver_comparability,China Southern Airlines,01055.HK / 600029.SH,1H2025,2025-06-30,2025-08-29,True,common_1H2025,cargo_load_factor_pct,Cargo/freight load factor,demand_driver,percentage,,,,,,,,,,,,no_metric_disclosed,,,,No safe source metric found in the covered report layer; blank is intentional.,2026-08-07T15:07:52.047000+00:00
airline_earnings_driver_comparability,China Southern Airlines,01055.HK / 600029.SH,1H2025,2025-06-30,2025-08-29,True,common_1H2025,cargo_yield,Cargo yield per RTK/freight RTK,revenue_driver,unit_rate,cargo_yield,1.87,RMB/RTK,RMB,,,,,group_reported,issuer_reported,issuer_reported,point_in_time_ready,primary_issuer,https://static.cninfo.com.cn/finalpage/2025-08-29/1224612089.PDF,16.0,Primary issuer table anchor; China Southern operating table: average cargo yield.,2026-08-07T15:07:52.047000+00:00
airline_earnings_driver_comparability,China Southern Airlines,01055.HK / 600029.SH,1H2025,2025-06-30,2025-08-29,True,common_1H2025,cask,"Cost per available seat kilometre; issuer-reported where available, otherwise derived",cost_driver,unit_rate,cask_derived,0.4257149856349325,RMB/ASK,RMB,,,,,derived_group,derived,derived,point_in_time_ready,primary_issuer,https://static.cninfo.com.cn/finalpage/2025-08-29/1224612089.PDF,18.0,Derived as consolidated operating cost / ASK; not issuer-reported CASK.,2026-08-07T15:07:52.047000+00:00
airline_earnings_driver_comparability,China Southern Airlines,01055.HK / 600029.SH,1H2025,2025-06-30,2025-08-29,True,common_1H2025,rask_proxy,Revenue per ASK proxy; source scope is retained because it may be passenger-only,revenue_driver,unit_rate,rask_derived,0.4034359302409124,RMB/ASK,RMB,,,,,derived_group,derived,derived,point_in_time_ready,primary_issuer,https://static.cninfo.com.cn/finalpage/2025-08-29/1224612089.PDF,20.0,"Derived as passenger revenue / ASK; not issuer-reported RASK. Input source pages: passenger revenue=20, ASK=5.",2026-08-07T15:07:52.047000+00:00
airline_earnings_driver_comparability,China Southern Airlines,01055.HK / 600029.SH,1H2025,2025-06-30,2025-08-29,True,common_1H2025,fuel_cost_per_ask,"Fuel cost per ASK, derived from fuel cost and ASK",cost_driver,unit_rate,fuel_cost_per_ask_derived,0.1370610950345082,RMB/ASK,RMB,,,,,derived_group,derived,derived,point_in_time_ready,primary_issuer,https://static.cninfo.com.cn/finalpage/2025-08-29/1224612089.PDF,5.0,"Derived as reported fuel cost / ASK; fuel-price, mix and hedging effects remain embedded.",2026-08-07T15:07:52.047000+00:00
airline_earnings_driver_comparability,China Southern Airlines,01055.HK / 600029.SH,1H2025,2025-06-30,2025-08-29,True,common_1H2025,cost_per_atk_ex_fuel,Cost per ATK excluding fuel,cost_driver,unit_rate,,,,,,,,,,,,no_metric_disclosed,,,,No safe source metric found in the covered report layer; blank is intentional.,2026-08-07T15:07:52.047000+00:00
airline_earnings_driver_comparability,China Southern Airlines,01055.HK / 600029.SH,1H2025,2025-06-30,2025-08-29,True,common_1H2025,fuel_intensity,Fuel consumption intensity; ATK/RTK denominator is retained,cost_driver,unit_rate,,,,,,,,,,,,no_metric_disclosed,,,,No safe source metric found in the covered report layer; blank is intentional.,2026-08-07T15:07:52.047000+00:00
airline_earnings_driver_comparability,China Southern Airlines,01055.HK / 600029.SH,1H2025,2025-06-30,2025-08-29,True,common_1H2025,fuel_hedging_loss_gain,Reported fuel-hedging loss/gain; sign convention is source-specific,risk_driver,monetary,,,,,,,,,,,,no_metric_disclosed,,,,No safe source metric found in the covered report layer; blank is intentional.,2026-08-07T15:07:52.047000+00:00
airline_earnings_driver_comparability,China Southern Airlines,01055.HK / 600029.SH,1H2025,2025-06-30,2025-08-29,True,common_1H2025,fuel_hedge_fair_value_change,Change in fuel-hedge fair value,risk_driver,monetary,,,,,,,,,,,,no_metric_disclosed,,,,No safe source metric found in the covered report layer; blank is intentional.,2026-08-07T15:07:52.047000+00:00
airline_earnings_driver_comparability,China Southern Airlines,01055.HK / 600029.SH,1H2025,2025-06-30,2025-08-29,True,common_1H2025,fuel_sensitivity_5pct_cost_abs,Absolute operating-cost sensitivity to a 5% fuel-price move,risk_driver,monetary,,,,,,,,,,,,no_metric_disclosed,,,,No safe source metric found in the covered report layer; blank is intentional.,2026-08-07T15:07:52.047000+00:00
airline_earnings_driver_comparability,China Southern Airlines,01055.HK / 600029.SH,1H2025,2025-06-30,2025-08-29,True,common_1H2025,fuel_sensitivity_5pct_profit_up,Profit sensitivity to a 5% fuel-price increase,risk_driver,monetary,,,,,,,,,,,,no_metric_disclosed,,,,No safe source metric found in the covered report layer; blank is intentional.,2026-08-07T15:07:52.047000+00:00
airline_earnings_driver_comparability,China Southern Airlines,01055.HK / 600029.SH,1H2025,2025-06-30,2025-08-29,True,common_1H2025,fuel_sensitivity_5pct_profit_down,Profit sensitivity to a 5% fuel-price decrease,risk_driver,monetary,,,,,,,,,,,,no_metric_disclosed,,,,No safe source metric found in the covered report layer; blank is intentional.,2026-08-07T15:07:52.047000+00:00
airline_earnings_driver_comparability,China Southern Airlines,01055.HK / 600029.SH,1H2025,2025-06-30,2025-08-29,True,common_1H2025,fleet_total,Reported aircraft fleet total,capacity_driver,physical,fleet_total,943.0,aircraft,,,,,,group_reported,issuer_reported,issuer_reported,point_in_time_ready,primary_issuer,https://static.cninfo.com.cn/finalpage/2025-08-29/1224612089.PDF,16.0,Primary issuer table anchor; China Southern fleet table: group fleet total.,2026-08-07T15:07:52.047000+00:00
airline_earnings_driver_comparability,China Southern Airlines,01055.HK / 600029.SH,1H2025,2025-06-30,2025-08-29,True,common_1H2025,daily_utilization,Aircraft daily utilization,capacity_driver,unit_rate,,,,,,,,,,,,no_metric_disclosed,,,,No safe source metric found in the covered report layer; blank is intentional.,2026-08-07T15:07:52.047000+00:00
airline_earnings_driver_comparability,China Eastern Airlines,0670.HK / 600115.SH,FY2025,2025-12-31,2026-03-31,True,common_FY2025,total_revenue,Reported group or total revenue,outcome,monetary,total_revenue,139941.0,RMB million,RMB,19988.655150616323,USD million,USD_CNY,2025-12-31,group_reported,issuer_reported,issuer_reported,point_in_time_ready,primary_issuer,https://static.cninfo.com.cn/finalpage/2026-03-31/1225064857.PDF,11.0,Primary issuer annual/interim report main financial-data table.,2026-08-07T15:07:52.047000+00:00
airline_earnings_driver_comparability,China Eastern Airlines,0670.HK / 600115.SH,FY2025,2025-12-31,2026-03-31,True,common_FY2025,passenger_revenue,Reported passenger-related revenue,revenue_driver,monetary,,,,,,,,,,,,no_metric_disclosed,,,,No safe source metric found in the covered report layer; blank is intentional.,2026-08-07T15:07:52.047000+00:00
airline_earnings_driver_comparability,China Eastern Airlines,0670.HK / 600115.SH,FY2025,2025-12-31,2026-03-31,True,common_FY2025,cargo_revenue,Reported cargo or cargo-and-mail revenue,revenue_driver,monetary,,,,,,,,,,,,no_metric_disclosed,,,,No safe source metric found in the covered report layer; blank is intentional.,2026-08-07T15:07:52.047000+00:00
airline_earnings_driver_comparability,China Eastern Airlines,0670.HK / 600115.SH,FY2025,2025-12-31,2026-03-31,True,common_FY2025,operating_cost,Reported operating cost,cost_driver,monetary,operating_cost,137114.0,RMB million,RMB,19584.85692057086,USD million,USD_CNY,2025-12-31,group_reported,issuer_reported,issuer_reported,point_in_time_ready,primary_issuer,https://static.cninfo.com.cn/finalpage/2026-03-31/1225064857.PDF,24.0,Primary issuer income-statement / financial-indicator table.,2026-08-07T15:07:52.047000+00:00
airline_earnings_driver_comparability,China Eastern Airlines,0670.HK / 600115.SH,FY2025,2025-12-31,2026-03-31,True,common_FY2025,fuel_cost,Reported gross or accounting aviation-fuel cost,cost_driver,monetary,fuel_cost,43690.0,RMB million,RMB,6240.518100702633,USD million,USD_CNY,2025-12-31,group_reported,issuer_reported,issuer_reported,point_in_time_ready,primary_issuer,https://static.cninfo.com.cn/finalpage/2026-03-31/1225064857.PDF,25.0,Primary issuer cost-analysis table; reported cost category.,2026-08-07T15:07:52.047000+00:00
airline_earnings_driver_comparability,China Eastern Airlines,0670.HK / 600115.SH,FY2025,2025-12-31,2026-03-31,True,common_FY2025,fuel_cost_share_pct,"Fuel cost divided by operating cost, or issuer-reported share",cost_driver,percentage,fuel_cost_share_pct_derived,31.863996382572168,%,,,,,,derived_group,derived,derived,point_in_time_ready,primary_issuer,https://static.cninfo.com.cn/finalpage/2026-03-31/1225064857.PDF,25.0,Derived as reported fuel cost / reported operating cost.,2026-08-07T15:07:52.047000+00:00
airline_earnings_driver_comparability,China Eastern Airlines,0670.HK / 600115.SH,FY2025,2025-12-31,2026-03-31,True,common_FY2025,attributable_profit,Profit attributable to the parent/group shareholders,outcome,monetary,attributable_net_income,-1633.0,RMB million,RMB,-233.25168364493933,USD million,USD_CNY,2025-12-31,group_reported,issuer_reported,issuer_reported,point_in_time_ready,primary_issuer,https://static.cninfo.com.cn/finalpage/2026-03-31/1225064857.PDF,11.0,Primary issuer annual/interim report main financial-data table.,2026-08-07T15:07:52.047000+00:00
airline_earnings_driver_comparability,China Eastern Airlines,0670.HK / 600115.SH,FY2025,2025-12-31,2026-03-31,True,common_FY2025,operating_cash_flow,Reported net cash flow from operating activities,cash_flow_driver,monetary,operating_cash_flow,37941.0,RMB million,RMB,5419.3521917774915,USD million,USD_CNY,2025-12-31,group_reported,issuer_reported,issuer_reported,point_in_time_ready,primary_issuer,https://static.cninfo.com.cn/finalpage/2026-03-31/1225064857.PDF,11.0,Primary issuer annual/interim report main financial-data table.,2026-08-07T15:07:52.047000+00:00
airline_earnings_driver_comparability,China Eastern Airlines,0670.HK / 600115.SH,FY2025,2025-12-31,2026-03-31,True,common_FY2025,cash_and_cash_equivalents,Reported group cash and cash equivalents at period end,liquidity_driver,monetary,,,,,,,,,,,,no_metric_disclosed,,,,No safe source metric found in the covered report layer; blank is intentional.,2026-08-07T15:07:52.047000+00:00
airline_earnings_driver_comparability,China Eastern Airlines,0670.HK / 600115.SH,FY2025,2025-12-31,2026-03-31,True,common_FY2025,total_liabilities,Reported group total liabilities at period end,liquidity_driver,monetary,total_liabilities,252916.0,RMB million,RMB,36125.586540565506,USD million,USD_CNY,2025-12-31,group_reported,issuer_reported,issuer_reported,point_in_time_ready,primary_issuer,https://static.cninfo.com.cn/finalpage/2026-03-31/1225064857.PDF,30.0,"Primary issuer table anchor; China Eastern management discussion: group total liabilities at 2025-12-31, reported as RMB2,529.16亿元 (RMB252.916bn).",2026-08-07T15:07:52.047000+00:00
airline_earnings_driver_comparability,China Eastern Airlines,0670.HK / 600115.SH,FY2025,2025-12-31,2026-03-31,True,common_FY2025,liabilities_to_assets_pct,Total liabilities divided by total assets; derived from the same issuer report,liquidity_driver,percentage,liabilities_to_assets_pct_derived,86.6851290769252,%,,,,,,derived_group,derived_from_total_liabilities_divided_by_total_assets,derived,point_in_time_ready,primary_issuer,https://static.cninfo.com.cn/finalpage/2026-03-31/1225064857.PDF,30.0,"Derived as consolidated total liabilities / total assets; not an issuer-reported ratio. Input source pages: liabilities=30, assets=11.",2026-08-07T15:07:52.047000+00:00
airline_earnings_driver_comparability,China Eastern Airlines,0670.HK / 600115.SH,FY2025,2025-12-31,2026-03-31,True,common_FY2025,interest_bearing_debt,Reported group interest-bearing debt including stated lease/debt components where the issuer scope is explicit,liquidity_driver,monetary,interest_bearing_debt,181928.0,RMB million,RMB,25985.92302642775,USD million,USD_CNY,2025-12-31,group_reported,issuer_reported,issuer_reported,point_in_time_ready,primary_issuer,https://static.cninfo.com.cn/finalpage/2026-03-31/1225064857.PDF,40.0,"Primary issuer table anchor; China Eastern management discussion: group interest-bearing debt, reported as RMB1,819.28亿元 (RMB181.928bn).",2026-08-07T15:07:52.047000+00:00
airline_earnings_driver_comparability,China Eastern Airlines,0670.HK / 600115.SH,FY2025,2025-12-31,2026-03-31,True,common_FY2025,capex_cash_paid,"Cash paid for property, plant and equipment and other long-term assets",cash_flow_driver,monetary,,,,,,,,,,,,no_metric_disclosed,,,,No safe source metric found in the covered report layer; blank is intentional.,2026-08-07T15:07:52.047000+00:00
airline_earnings_driver_comparability,China Eastern Airlines,0670.HK / 600115.SH,FY2025,2025-12-31,2026-03-31,True,common_FY2025,net_borrowings,Issuer-reported net borrowings; not interchangeable with gross interest-bearing debt,liquidity_driver,monetary,,,,,,,,,,,,no_metric_disclosed,,,,No safe source metric found in the covered report layer; blank is intentional.,2026-08-07T15:07:52.047000+00:00
airline_earnings_driver_comparability,China Eastern Airlines,0670.HK / 600115.SH,FY2025,2025-12-31,2026-03-31,True,common_FY2025,available_unrestricted_liquidity,Issuer-reported available unrestricted liquidity,liquidity_driver,monetary,,,,,,,,,,,,no_metric_disclosed,,,,No safe source metric found in the covered report layer; blank is intentional.,2026-08-07T15:07:52.047000+00:00
airline_earnings_driver_comparability,China Eastern Airlines,0670.HK / 600115.SH,FY2025,2025-12-31,2026-03-31,True,common_FY2025,ask,Available seat kilometres,capacity_driver,physical,ask,316930.52,million seat-km,,,,,,group_reported,issuer_reported,issuer_reported,point_in_time_ready,primary_issuer,https://static.cninfo.com.cn/finalpage/2026-03-31/1225064857.PDF,32.0,Primary issuer operating-information table; ASK normalized to million seat-km.,2026-08-07T15:07:52.047000+00:00
airline_earnings_driver_comparability,China Eastern Airlines,0670.HK / 600115.SH,FY2025,2025-12-31,2026-03-31,True,common_FY2025,rpk,Revenue passenger kilometres,demand_driver,physical,rpk,272103.81,million passenger-km,,,,,,group_reported,issuer_reported,issuer_reported,point_in_time_ready,primary_issuer,https://static.cninfo.com.cn/finalpage/2026-03-31/1225064857.PDF,32.0,Primary issuer operating-information table; RPK normalized to million passenger-km.,2026-08-07T15:07:52.047000+00:00
airline_earnings_driver_comparability,China Eastern Airlines,0670.HK / 600115.SH,FY2025,2025-12-31,2026-03-31,True,common_FY2025,passengers,Passengers carried or revenue passengers carried,demand_driver,physical,passengers,149.94444,million passengers,,,,,,group_reported,issuer_reported,issuer_reported,point_in_time_ready,primary_issuer,https://static.cninfo.com.cn/finalpage/2026-03-31/1225064857.PDF,32.0,Primary issuer operating-information table; passenger count normalized to millions.,2026-08-07T15:07:52.047000+00:00
airline_earnings_driver_comparability,China Eastern Airlines,0670.HK / 600115.SH,FY2025,2025-12-31,2026-03-31,True,common_FY2025,passenger_load_factor_pct,Passenger load factor,demand_driver,percentage,passenger_load_factor_pct,85.86,%,,,,,,group_reported,issuer_reported,issuer_reported,point_in_time_ready,primary_issuer,https://static.cninfo.com.cn/finalpage/2026-03-31/1225064857.PDF,32.0,Primary issuer operating-information table.,2026-08-07T15:07:52.047000+00:00
airline_earnings_driver_comparability,China Eastern Airlines,0670.HK / 600115.SH,FY2025,2025-12-31,2026-03-31,True,common_FY2025,passenger_yield,Passenger revenue yield per RPK,revenue_driver,unit_rate,passenger_yield,0.493,RMB/RPK,RMB,,,,,issuer_disclosed_line,issuer_reported,issuer_reported,point_in_time_ready,primary_issuer,https://static.cninfo.com.cn/finalpage/2026-03-31/1225064857.PDF,32.0,Primary issuer disclosed passenger-yield line; scope follows the issuer table.,2026-08-07T15:07:52.047000+00:00
airline_earnings_driver_comparability,China Eastern Airlines,0670.HK / 600115.SH,FY2025,2025-12-31,2026-03-31,True,common_FY2025,cargo_tonnes,Cargo tonnes carried,demand_driver,physical,,,,,,,,,,,,no_metric_disclosed,,,,No safe source metric found in the covered report layer; blank is intentional.,2026-08-07T15:07:52.047000+00:00
airline_earnings_driver_comparability,China Eastern Airlines,0670.HK / 600115.SH,FY2025,2025-12-31,2026-03-31,True,common_FY2025,cargo_load_factor_pct,Cargo/freight load factor,demand_driver,percentage,cargo_load_factor_pct,39.64,%,,,,,,group_reported,issuer_reported,issuer_reported,point_in_time_ready,primary_issuer,https://static.cninfo.com.cn/finalpage/2026-03-31/1225064857.PDF,32.0,Primary issuer operating-information table.,2026-08-07T15:07:52.047000+00:00
airline_earnings_driver_comparability,China Eastern Airlines,0670.HK / 600115.SH,FY2025,2025-12-31,2026-03-31,True,common_FY2025,cargo_yield,Cargo yield per RTK/freight RTK,revenue_driver,unit_rate,,,,,,,,,,,,no_metric_disclosed,,,,No safe source metric found in the covered report layer; blank is intentional.,2026-08-07T15:07:52.047000+00:00
airline_earnings_driver_comparability,China Eastern Airlines,0670.HK / 600115.SH,FY2025,2025-12-31,2026-03-31,True,common_FY2025,cask,"Cost per available seat kilometre; issuer-reported where available, otherwise derived",cost_driver,unit_rate,cask_derived,0.4326311016054875,RMB/ASK,RMB,,,,,derived_group,derived,derived,point_in_time_ready,primary_issuer,https://static.cninfo.com.cn/finalpage/2026-03-31/1225064857.PDF,24.0,Derived as consolidated operating cost / ASK; not issuer-reported CASK.,2026-08-07T15:07:52.047000+00:00
airline_earnings_driver_comparability,China Eastern Airlines,0670.HK / 600115.SH,FY2025,2025-12-31,2026-03-31,True,common_FY2025,rask_proxy,Revenue per ASK proxy; source scope is retained because it may be passenger-only,revenue_driver,unit_rate,rask_from_reported_yield_derived,0.4232699909431253,RMB/ASK,RMB,,,,,derived_group,derived_from_reported_yield_load_factor,derived,point_in_time_ready,primary_issuer,https://static.cninfo.com.cn/finalpage/2026-03-31/1225064857.PDF,32.0,Derived as reported passenger yield × RPK / ASK; preserves the issuer yield scope and is not issuer-reported RASK.,2026-08-07T15:07:52.047000+00:00
airline_earnings_driver_comparability,China Eastern Airlines,0670.HK / 600115.SH,FY2025,2025-12-31,2026-03-31,True,common_FY2025,fuel_cost_per_ask,"Fuel cost per ASK, derived from fuel cost and ASK",cost_driver,unit_rate,fuel_cost_per_ask_derived,0.1378535585654546,RMB/ASK,RMB,,,,,derived_group,derived,derived,point_in_time_ready,primary_issuer,https://static.cninfo.com.cn/finalpage/2026-03-31/1225064857.PDF,25.0,"Derived as reported fuel cost / ASK; fuel-price, mix and hedging effects remain embedded.",2026-08-07T15:07:52.047000+00:00
airline_earnings_driver_comparability,China Eastern Airlines,0670.HK / 600115.SH,FY2025,2025-12-31,2026-03-31,True,common_FY2025,cost_per_atk_ex_fuel,Cost per ATK excluding fuel,cost_driver,unit_rate,,,,,,,,,,,,no_metric_disclosed,,,,No safe source metric found in the covered report layer; blank is intentional.,2026-08-07T15:07:52.047000+00:00
airline_earnings_driver_comparability,China Eastern Airlines,0670.HK / 600115.SH,FY2025,2025-12-31,2026-03-31,True,common_FY2025,fuel_intensity,Fuel consumption intensity; ATK/RTK denominator is retained,cost_driver,unit_rate,,,,,,,,,,,,no_metric_disclosed,,,,No safe source metric found in the covered report layer; blank is intentional.,2026-08-07T15:07:52.047000+00:00
airline_earnings_driver_comparability,China Eastern Airlines,0670.HK / 600115.SH,FY2025,2025-12-31,2026-03-31,True,common_FY2025,fuel_hedging_loss_gain,Reported fuel-hedging loss/gain; sign convention is source-specific,risk_driver,monetary,,,,,,,,,,,,no_metric_disclosed,,,,No safe source metric found in the covered report layer; blank is intentional.,2026-08-07T15:07:52.047000+00:00
airline_earnings_driver_comparability,China Eastern Airlines,0670.HK / 600115.SH,FY2025,2025-12-31,2026-03-31,True,common_FY2025,fuel_hedge_fair_value_change,Change in fuel-hedge fair value,risk_driver,monetary,fuel_hedge_fair_value_change,3.75,RMB million,RMB,0.5356361381926041,USD million,USD_CNY,2025-12-31,group_reported,issuer_reported,issuer_reported,point_in_time_ready,primary_issuer,https://static.cninfo.com.cn/finalpage/2026-03-31/1225064857.PDF,36.0,Primary issuer derivative table; current-period fair-value change for fuel hedge.,2026-08-07T15:07:52.047000+00:00
airline_earnings_driver_comparability,China Eastern Airlines,0670.HK / 600115.SH,FY2025,2025-12-31,2026-03-31,True,common_FY2025,fuel_sensitivity_5pct_cost_abs,Absolute operating-cost sensitivity to a 5% fuel-price move,risk_driver,monetary,,,,,,,,,,,,no_metric_disclosed,,,,No safe source metric found in the covered report layer; blank is intentional.,2026-08-07T15:07:52.047000+00:00
airline_earnings_driver_comparability,China Eastern Airlines,0670.HK / 600115.SH,FY2025,2025-12-31,2026-03-31,True,common_FY2025,fuel_sensitivity_5pct_profit_up,Profit sensitivity to a 5% fuel-price increase,risk_driver,monetary,fuel_price_sensitivity_5pct_profit_if_price_up,-2184.0,RMB million,RMB,-311.9544868833726,USD million,USD_CNY,2025-12-31,sensitivity_reported,issuer_reported,issuer_reported,point_in_time_ready,primary_issuer,https://static.cninfo.com.cn/finalpage/2026-03-31/1225064857.PDF,47.0,Primary issuer sensitivity table; 5% average jet-fuel-price scenario (up).,2026-08-07T15:07:52.047000+00:00
airline_earnings_driver_comparability,China Eastern Airlines,0670.HK / 600115.SH,FY2025,2025-12-31,2026-03-31,True,common_FY2025,fuel_sensitivity_5pct_profit_down,Profit sensitivity to a 5% fuel-price decrease,risk_driver,monetary,fuel_price_sensitivity_5pct_profit_if_price_down,2184.0,RMB million,RMB,311.9544868833726,USD million,USD_CNY,2025-12-31,sensitivity_reported,issuer_reported,issuer_reported,point_in_time_ready,primary_issuer,https://static.cninfo.com.cn/finalpage/2026-03-31/1225064857.PDF,47.0,Primary issuer sensitivity table; 5% average jet-fuel-price scenario (down).,2026-08-07T15:07:52.047000+00:00
airline_earnings_driver_comparability,China Eastern Airlines,0670.HK / 600115.SH,FY2025,2025-12-31,2026-03-31,True,common_FY2025,fleet_total,Reported aircraft fleet total,capacity_driver,physical,fleet_total,826.0,aircraft,,,,,,group_reported,issuer_reported,issuer_reported,point_in_time_ready,primary_issuer,https://static.cninfo.com.cn/finalpage/2026-03-31/1225064857.PDF,32.0,Primary issuer fleet table / group fleet total.,2026-08-07T15:07:52.047000+00:00
airline_earnings_driver_comparability,China Eastern Airlines,0670.HK / 600115.SH,FY2025,2025-12-31,2026-03-31,True,common_FY2025,daily_utilization,Aircraft daily utilization,capacity_driver,unit_rate,daily_utilization,9.34,hours/day,,,,,,group_reported,issuer_reported,issuer_reported,point_in_time_ready,primary_issuer,https://static.cninfo.com.cn/finalpage/2026-03-31/1225064857.PDF,32.0,Primary issuer operating-information table.,2026-08-07T15:07:52.047000+00:00
airline_earnings_driver_comparability,China Eastern Airlines,0670.HK / 600115.SH,1H2025,2025-06-30,2025-08-30,True,common_1H2025,total_revenue,Reported group or total revenue,outcome,monetary,total_revenue,66822.0,RMB million,RMB,9326.590925330474,USD million,USD_CNY,2025-06-30,group_reported,issuer_reported,issuer_reported,point_in_time_ready,primary_issuer,https://static.cninfo.com.cn/finalpage/2025-08-30/1224626126.PDF,11.0,Primary issuer annual/interim report main financial-data table.,2026-08-07T15:07:52.047000+00:00
airline_earnings_driver_comparability,China Eastern Airlines,0670.HK / 600115.SH,1H2025,2025-06-30,2025-08-30,True,common_1H2025,passenger_revenue,Reported passenger-related revenue,revenue_driver,monetary,passenger_revenue,61813.0,RMB million,RMB,8627.466476122425,USD million,USD_CNY,2025-06-30,group_reported,issuer_reported,issuer_reported,point_in_time_ready,primary_issuer,https://static.cninfo.com.cn/finalpage/2025-08-30/1224626126.PDF,141.0,Primary issuer table anchor; China Eastern consolidated-report note: passenger-service revenue.,2026-08-07T15:07:52.047000+00:00
airline_earnings_driver_comparability,China Eastern Airlines,0670.HK / 600115.SH,1H2025,2025-06-30,2025-08-30,True,common_1H2025,cargo_revenue,Reported cargo or cargo-and-mail revenue,revenue_driver,monetary,cargo_revenue,2577.0,RMB million,RMB,359.68131475526974,USD million,USD_CNY,2025-06-30,group_reported,issuer_reported,issuer_reported,point_in_time_ready,primary_issuer,https://static.cninfo.com.cn/finalpage/2025-08-30/1224626126.PDF,141.0,Primary issuer table anchor; China Eastern consolidated-report note: cargo-service revenue.,2026-08-07T15:07:52.047000+00:00
airline_earnings_driver_comparability,China Eastern Airlines,0670.HK / 600115.SH,1H2025,2025-06-30,2025-08-30,True,common_1H2025,operating_cost,Reported operating cost,cost_driver,monetary,operating_cost,64501.0,RMB million,RMB,9002.640466833393,USD million,USD_CNY,2025-06-30,group_reported,issuer_reported,issuer_reported,point_in_time_ready,primary_issuer,https://static.cninfo.com.cn/finalpage/2025-08-30/1224626126.PDF,27.0,Primary issuer income-statement / financial-indicator table.,2026-08-07T15:07:52.047000+00:00
airline_earnings_driver_comparability,China Eastern Airlines,0670.HK / 600115.SH,1H2025,2025-06-30,2025-08-30,True,common_1H2025,fuel_cost,Reported gross or accounting aviation-fuel cost,cost_driver,monetary,fuel_cost,21411.0,RMB million,RMB,2988.411575562701,USD million,USD_CNY,2025-06-30,group_reported,issuer_reported,issuer_reported,point_in_time_ready,primary_issuer,https://static.cninfo.com.cn/finalpage/2025-08-30/1224626126.PDF,29.0,Primary issuer table anchor; China Eastern cost-analysis table: aviation fuel cost.,2026-08-07T15:07:52.047000+00:00
airline_earnings_driver_comparability,China Eastern Airlines,0670.HK / 600115.SH,1H2025,2025-06-30,2025-08-30,True,common_1H2025,fuel_cost_share_pct,"Fuel cost divided by operating cost, or issuer-reported share",cost_driver,percentage,fuel_cost_share_pct_derived,33.19483418861723,%,,,,,,derived_group,derived,derived,point_in_time_ready,primary_issuer,https://static.cninfo.com.cn/finalpage/2025-08-30/1224626126.PDF,28.0,Derived as reported fuel cost / reported operating cost.,2026-08-07T15:07:52.047000+00:00
airline_earnings_driver_comparability,China Eastern Airlines,0670.HK / 600115.SH,1H2025,2025-06-30,2025-08-30,True,common_1H2025,attributable_profit,Profit attributable to the parent/group shareholders,outcome,monetary,attributable_net_income,-1431.0,RMB million,RMB,-199.72990353697747,USD million,USD_CNY,2025-06-30,group_reported,issuer_reported,issuer_reported,point_in_time_ready,primary_issuer,https://static.cninfo.com.cn/finalpage/2025-08-30/1224626126.PDF,11.0,Primary issuer annual/interim report main financial-data table.,2026-08-07T15:07:52.047000+00:00
airline_earnings_driver_comparability,China Eastern Airlines,0670.HK / 600115.SH,1H2025,2025-06-30,2025-08-30,True,common_1H2025,operating_cash_flow,Reported net cash flow from operating activities,cash_flow_driver,monetary,operating_cash_flow,12547.0,RMB million,RMB,1751.2306776229605,USD million,USD_CNY,2025-06-30,group_reported,issuer_reported,issuer_reported,point_in_time_ready,primary_issuer,https://static.cninfo.com.cn/finalpage/2025-08-30/1224626126.PDF,11.0,Primary issuer annual/interim report main financial-data table.,2026-08-07T15:07:52.047000+00:00
airline_earnings_driver_comparability,China Eastern Airlines,0670.HK / 600115.SH,1H2025,2025-06-30,2025-08-30,True,common_1H2025,cash_and_cash_equivalents,Reported group cash and cash equivalents at period end,liquidity_driver,monetary,cash_and_cash_equivalents,3599.0,RMB million,RMB,502.3255924735024,USD million,USD_CNY,2025-06-30,group_reported,issuer_reported,issuer_reported,point_in_time_ready,primary_issuer,https://static.cninfo.com.cn/finalpage/2025-08-30/1224626126.PDF,152.0,Primary issuer table anchor; China Eastern consolidated cash-flow note: period-end cash and cash equivalents.,2026-08-07T15:07:52.047000+00:00
airline_earnings_driver_comparability,China Eastern Airlines,0670.HK / 600115.SH,1H2025,2025-06-30,2025-08-30,True,common_1H2025,total_liabilities,Reported group total liabilities at period end,liquidity_driver,monetary,total_liabilities,242709.0,RMB million,RMB,33875.78277956413,USD million,USD_CNY,2025-06-30,group_reported,issuer_reported,issuer_reported,point_in_time_ready,primary_issuer,https://static.cninfo.com.cn/finalpage/2025-08-30/1224626126.PDF,32.0,"Primary issuer table anchor; China Eastern management discussion: group total liabilities at 2025-06-30, reported as RMB2,427.09亿元 (RMB242.709bn).",2026-08-07T15:07:52.047000+00:00
airline_earnings_driver_comparability,China Eastern Airlines,0670.HK / 600115.SH,1H2025,2025-06-30,2025-08-30,True,common_1H2025,liabilities_to_assets_pct,Total liabilities divided by total assets; derived from the same issuer report,liquidity_driver,percentage,liabilities_to_assets_pct_derived,85.91925234968228,%,,,,,,derived_group,derived_from_total_liabilities_divided_by_total_assets,derived,point_in_time_ready,primary_issuer,https://static.cninfo.com.cn/finalpage/2025-08-30/1224626126.PDF,32.0,"Derived as consolidated total liabilities / total assets; not an issuer-reported ratio. Input source pages: liabilities=32, assets=11.",2026-08-07T15:07:52.047000+00:00
airline_earnings_driver_comparability,China Eastern Airlines,0670.HK / 600115.SH,1H2025,2025-06-30,2025-08-30,True,common_1H2025,interest_bearing_debt,Reported group interest-bearing debt including stated lease/debt components where the issuer scope is explicit,liquidity_driver,monetary,interest_bearing_debt,181439.0,RMB million,RMB,25324.104799333098,USD million,USD_CNY,2025-06-30,group_reported,issuer_reported,issuer_reported,point_in_time_ready,primary_issuer,https://static.cninfo.com.cn/finalpage/2025-08-30/1224626126.PDF,38.0,"Primary issuer table anchor; China Eastern management discussion: group interest-bearing debt, reported as RMB1,814.39亿元 (RMB181.439bn).",2026-08-07T15:07:52.047000+00:00
airline_earnings_driver_comparability,China Eastern Airlines,0670.HK / 600115.SH,1H2025,2025-06-30,2025-08-30,True,common_1H2025,capex_cash_paid,"Cash paid for property, plant and equipment and other long-term assets",cash_flow_driver,monetary,,,,,,,,,,,,no_metric_disclosed,,,,No safe source metric found in the covered report layer; blank is intentional.,2026-08-07T15:07:52.047000+00:00
airline_earnings_driver_comparability,China Eastern Airlines,0670.HK / 600115.SH,1H2025,2025-06-30,2025-08-30,True,common_1H2025,net_borrowings,Issuer-reported net borrowings; not interchangeable with gross interest-bearing debt,liquidity_driver,monetary,,,,,,,,,,,,no_metric_disclosed,,,,No safe source metric found in the covered report layer; blank is intentional.,2026-08-07T15:07:52.047000+00:00
airline_earnings_driver_comparability,China Eastern Airlines,0670.HK / 600115.SH,1H2025,2025-06-30,2025-08-30,True,common_1H2025,available_unrestricted_liquidity,Issuer-reported available unrestricted liquidity,liquidity_driver,monetary,,,,,,,,,,,,no_metric_disclosed,,,,No safe source metric found in the covered report layer; blank is intentional.,2026-08-07T15:07:52.047000+00:00
airline_earnings_driver_comparability,China Eastern Airlines,0670.HK / 600115.SH,1H2025,2025-06-30,2025-08-30,True,common_1H2025,ask,Available seat kilometres,capacity_driver,physical,ask,155022.29,million seat-km,,,,,,group_reported,issuer_reported,issuer_reported,point_in_time_ready,primary_issuer,https://static.cninfo.com.cn/finalpage/2025-08-30/1224626126.PDF,14.0,Primary issuer table anchor; China Eastern operating table: group ASK.,2026-08-07T15:07:52.047000+00:00
airline_earnings_driver_comparability,China Eastern Airlines,0670.HK / 600115.SH,1H2025,2025-06-30,2025-08-30,True,common_1H2025,rpk,Revenue passenger kilometres,demand_driver,physical,rpk,131477.9,million passenger-km,,,,,,group_reported,issuer_reported,issuer_reported,point_in_time_ready,primary_issuer,https://static.cninfo.com.cn/finalpage/2025-08-30/1224626126.PDF,14.0,Primary issuer table anchor; China Eastern operating table: group RPK.,2026-08-07T15:07:52.047000+00:00
airline_earnings_driver_comparability,China Eastern Airlines,0670.HK / 600115.SH,1H2025,2025-06-30,2025-08-30,True,common_1H2025,passengers,Passengers carried or revenue passengers carried,demand_driver,physical,passengers,73.16963,million passengers,,,,,,group_reported,issuer_reported,issuer_reported,point_in_time_ready,primary_issuer,https://static.cninfo.com.cn/finalpage/2025-08-30/1224626126.PDF,14.0,"Primary issuer table anchor; China Eastern operating table: passengers, converted from thousand.",2026-08-07T15:07:52.047000+00:00
airline_earnings_driver_comparability,China Eastern Airlines,0670.HK / 600115.SH,1H2025,2025-06-30,2025-08-30,True,common_1H2025,passenger_load_factor_pct,Passenger load factor,demand_driver,percentage,passenger_load_factor_pct,84.81,%,,,,,,group_reported,issuer_reported,issuer_reported,point_in_time_ready,primary_issuer,https://static.cninfo.com.cn/finalpage/2025-08-30/1224626126.PDF,14.0,Primary issuer table anchor; China Eastern operating table: group passenger load factor.,2026-08-07T15:07:52.047000+00:00
airline_earnings_driver_comparability,China Eastern Airlines,0670.HK / 600115.SH,1H2025,2025-06-30,2025-08-30,True,common_1H2025,passenger_yield,Passenger revenue yield per RPK,revenue_driver,unit_rate,passenger_yield,0.488,RMB/RPK,RMB,,,,,group_reported,issuer_reported,issuer_reported,point_in_time_ready,primary_issuer,https://static.cninfo.com.cn/finalpage/2025-08-30/1224626126.PDF,14.0,Primary issuer table anchor; China Eastern operating table: group passenger yield.,2026-08-07T15:07:52.047000+00:00
airline_earnings_driver_comparability,China Eastern Airlines,0670.HK / 600115.SH,1H2025,2025-06-30,2025-08-30,True,common_1H2025,cargo_tonnes,Cargo tonnes carried,demand_driver,physical,,,,,,,,,,,,no_metric_disclosed,,,,No safe source metric found in the covered report layer; blank is intentional.,2026-08-07T15:07:52.047000+00:00
airline_earnings_driver_comparability,China Eastern Airlines,0670.HK / 600115.SH,1H2025,2025-06-30,2025-08-30,True,common_1H2025,cargo_load_factor_pct,Cargo/freight load factor,demand_driver,percentage,cargo_load_factor_pct,36.99,%,,,,,,group_reported,issuer_reported,issuer_reported,point_in_time_ready,primary_issuer,https://static.cninfo.com.cn/finalpage/2025-08-30/1224626126.PDF,15.0,Primary issuer table anchor; China Eastern operating table: group cargo load factor.,2026-08-07T15:07:52.047000+00:00
airline_earnings_driver_comparability,China Eastern Airlines,0670.HK / 600115.SH,1H2025,2025-06-30,2025-08-30,True,common_1H2025,cargo_yield,Cargo yield per RTK/freight RTK,revenue_driver,unit_rate,cargo_yield,1.334,RMB/RTK,RMB,,,,,group_reported,issuer_reported,issuer_reported,point_in_time_ready,primary_issuer,https://static.cninfo.com.cn/finalpage/2025-08-30/1224626126.PDF,15.0,Primary issuer table anchor; China Eastern operating table: group cargo yield.,2026-08-07T15:07:52.047000+00:00
airline_earnings_driver_comparability,China Eastern Airlines,0670.HK / 600115.SH,1H2025,2025-06-30,2025-08-30,True,common_1H2025,cask,"Cost per available seat kilometre; issuer-reported where available, otherwise derived",cost_driver,unit_rate,cask_derived,0.4160756495082094,RMB/ASK,RMB,,,,,derived_group,derived,derived,point_in_time_ready,primary_issuer,https://static.cninfo.com.cn/finalpage/2025-08-30/1224626126.PDF,27.0,Derived as consolidated operating cost / ASK; not issuer-reported CASK.,2026-08-07T15:07:52.047000+00:00
airline_earnings_driver_comparability,China Eastern Airlines,0670.HK / 600115.SH,1H2025,2025-06-30,2025-08-30,True,common_1H2025,rask_proxy,Revenue per ASK proxy; source scope is retained because it may be passenger-only,revenue_driver,unit_rate,rask_derived,0.3987362075479597,RMB/ASK,RMB,,,,,derived_group,derived,derived,point_in_time_ready,primary_issuer,https://static.cninfo.com.cn/finalpage/2025-08-30/1224626126.PDF,141.0,"Derived as passenger revenue / ASK; not issuer-reported RASK. Input source pages: passenger revenue=141, ASK=None.",2026-08-07T15:07:52.047000+00:00
airline_earnings_driver_comparability,China Eastern Airlines,0670.HK / 600115.SH,1H2025,2025-06-30,2025-08-30,True,common_1H2025,fuel_cost_per_ask,"Fuel cost per ASK, derived from fuel cost and ASK",cost_driver,unit_rate,fuel_cost_per_ask_derived,0.1381156219534623,RMB/ASK,RMB,,,,,derived_group,derived,derived,point_in_time_ready,primary_issuer,https://static.cninfo.com.cn/finalpage/2025-08-30/1224626126.PDF,28.0,"Derived as reported fuel cost / ASK; fuel-price, mix and hedging effects remain embedded.",2026-08-07T15:07:52.047000+00:00
airline_earnings_driver_comparability,China Eastern Airlines,0670.HK / 600115.SH,1H2025,2025-06-30,2025-08-30,True,common_1H2025,cost_per_atk_ex_fuel,Cost per ATK excluding fuel,cost_driver,unit_rate,,,,,,,,,,,,no_metric_disclosed,,,,No safe source metric found in the covered report layer; blank is intentional.,2026-08-07T15:07:52.047000+00:00
airline_earnings_driver_comparability,China Eastern Airlines,0670.HK / 600115.SH,1H2025,2025-06-30,2025-08-30,True,common_1H2025,fuel_intensity,Fuel consumption intensity; ATK/RTK denominator is retained,cost_driver,unit_rate,,,,,,,,,,,,no_metric_disclosed,,,,No safe source metric found in the covered report layer; blank is intentional.,2026-08-07T15:07:52.047000+00:00
airline_earnings_driver_comparability,China Eastern Airlines,0670.HK / 600115.SH,1H2025,2025-06-30,2025-08-30,True,common_1H2025,fuel_hedging_loss_gain,Reported fuel-hedging loss/gain; sign convention is source-specific,risk_driver,monetary,,,,,,,,,,,,no_metric_disclosed,,,,No safe source metric found in the covered report layer; blank is intentional.,2026-08-07T15:07:52.047000+00:00
airline_earnings_driver_comparability,China Eastern Airlines,0670.HK / 600115.SH,1H2025,2025-06-30,2025-08-30,True,common_1H2025,fuel_hedge_fair_value_change,Change in fuel-hedge fair value,risk_driver,monetary,,,,,,,,,,,,no_metric_disclosed,,,,No safe source metric found in the covered report layer; blank is intentional.,2026-08-07T15:07:52.047000+00:00
airline_earnings_driver_comparability,China Eastern Airlines,0670.HK / 600115.SH,1H2025,2025-06-30,2025-08-30,True,common_1H2025,fuel_sensitivity_5pct_cost_abs,Absolute operating-cost sensitivity to a 5% fuel-price move,risk_driver,monetary,,,,,,,,,,,,no_metric_disclosed,,,,No safe source metric found in the covered report layer; blank is intentional.,2026-08-07T15:07:52.047000+00:00
airline_earnings_driver_comparability,China Eastern Airlines,0670.HK / 600115.SH,1H2025,2025-06-30,2025-08-30,True,common_1H2025,fuel_sensitivity_5pct_profit_up,Profit sensitivity to a 5% fuel-price increase,risk_driver,monetary,fuel_price_sensitivity_5pct_profit_if_price_up,-214.0,RMB million,RMB,-29.86876265332857,USD million,USD_CNY,2025-06-30,sensitivity_reported,issuer_reported,issuer_reported,point_in_time_ready,primary_issuer,https://static.cninfo.com.cn/finalpage/2025-08-30/1224626126.PDF,41.0,Primary issuer sensitivity table; 5% average jet-fuel-price scenario (up).,2026-08-07T15:07:52.047000+00:00
airline_earnings_driver_comparability,China Eastern Airlines,0670.HK / 600115.SH,1H2025,2025-06-30,2025-08-30,True,common_1H2025,fuel_sensitivity_5pct_profit_down,Profit sensitivity to a 5% fuel-price decrease,risk_driver,monetary,fuel_price_sensitivity_5pct_profit_if_price_down,214.0,RMB million,RMB,29.86876265332857,USD million,USD_CNY,2025-06-30,sensitivity_reported,issuer_reported,issuer_reported,point_in_time_ready,primary_issuer,https://static.cninfo.com.cn/finalpage/2025-08-30/1224626126.PDF,41.0,Primary issuer sensitivity table; 5% average jet-fuel-price scenario (down).,2026-08-07T15:07:52.047000+00:00
airline_earnings_driver_comparability,China Eastern Airlines,0670.HK / 600115.SH,1H2025,2025-06-30,2025-08-30,True,common_1H2025,fleet_total,Reported aircraft fleet total,capacity_driver,physical,fleet_total,816.0,aircraft,,,,,,group_reported,issuer_reported,issuer_reported,point_in_time_ready,primary_issuer,https://static.cninfo.com.cn/finalpage/2025-08-30/1224626126.PDF,16.0,Primary issuer table anchor; China Eastern fleet table: passenger-aircraft total.,2026-08-07T15:07:52.047000+00:00
airline_earnings_driver_comparability,China Eastern Airlines,0670.HK / 600115.SH,1H2025,2025-06-30,2025-08-30,True,common_1H2025,daily_utilization,Aircraft daily utilization,capacity_driver,unit_rate,,,,,,,,,,,,no_metric_disclosed,,,,No safe source metric found in the covered report layer; blank is intentional.,2026-08-07T15:07:52.047000+00:00
airline_earnings_driver_comparability,Spring Airlines,601021.SH,1H2025,2025-06-30,2025-08-29,True,common_1H2025,total_revenue,Reported group or total revenue,outcome,monetary,total_revenue,10304.467333,RMB million,RMB,1438.2321917680122,USD million,USD_CNY,2025-06-30,group_reported,issuer_reported,issuer_reported,point_in_time_ready,primary_issuer,https://static.cninfo.com.cn/finalpage/2025-08-29/1224612122.PDF,8.0,Primary issuer annual/interim report main financial-data table.,2026-08-07T15:07:52.047000+00:00
airline_earnings_driver_comparability,Spring Airlines,601021.SH,1H2025,2025-06-30,2025-08-29,True,common_1H2025,passenger_revenue,Reported passenger-related revenue,revenue_driver,monetary,,,,,,,,,,,,no_metric_disclosed,,,,No safe source metric found in the covered report layer; blank is intentional.,2026-08-07T15:07:52.047000+00:00
airline_earnings_driver_comparability,Spring Airlines,601021.SH,1H2025,2025-06-30,2025-08-29,True,common_1H2025,cargo_revenue,Reported cargo or cargo-and-mail revenue,revenue_driver,monetary,,,,,,,,,,,,no_metric_disclosed,,,,No safe source metric found in the covered report layer; blank is intentional.,2026-08-07T15:07:52.047000+00:00
airline_earnings_driver_comparability,Spring Airlines,601021.SH,1H2025,2025-06-30,2025-08-29,True,common_1H2025,operating_cost,Reported operating cost,cost_driver,monetary,operating_cost,8873.720487999999,RMB million,RMB,1238.537622000238,USD million,USD_CNY,2025-06-30,group_reported,issuer_reported,issuer_reported,point_in_time_ready,primary_issuer,https://static.cninfo.com.cn/finalpage/2025-08-29/1224612122.PDF,25.0,Primary issuer income-statement / financial-indicator table.,2026-08-07T15:07:52.047000+00:00
airline_earnings_driver_comparability,Spring Airlines,601021.SH,1H2025,2025-06-30,2025-08-29,True,common_1H2025,fuel_cost,Reported gross or accounting aviation-fuel cost,cost_driver,monetary,fuel_cost,2980.0,RMB million,RMB,415.9294986304632,USD million,USD_CNY,2025-06-30,group_reported,issuer_reported,issuer_reported,point_in_time_ready,primary_issuer,https://static.cninfo.com.cn/finalpage/2025-08-29/1224612122.PDF,32.0,"Primary issuer table anchor; Spring Airlines risk disclosure: fuel cost, RMB hundred-million converted to RMB million.",2026-08-07T15:07:52.047000+00:00
airline_earnings_driver_comparability,Spring Airlines,601021.SH,1H2025,2025-06-30,2025-08-29,True,common_1H2025,fuel_cost_share_pct,"Fuel cost divided by operating cost, or issuer-reported share",cost_driver,percentage,fuel_cost_share_pct_derived,33.582306362138375,%,,,,,,derived_group,derived,derived,point_in_time_ready,primary_issuer,https://static.cninfo.com.cn/finalpage/2025-08-29/1224612122.PDF,25.0,Derived as reported fuel cost / reported operating cost.,2026-08-07T15:07:52.047000+00:00
airline_earnings_driver_comparability,Spring Airlines,601021.SH,1H2025,2025-06-30,2025-08-29,True,common_1H2025,attributable_profit,Profit attributable to the parent/group shareholders,outcome,monetary,attributable_net_income,1168.631539,RMB million,RMB,163.11017788591164,USD million,USD_CNY,2025-06-30,group_reported,issuer_reported,issuer_reported,point_in_time_ready,primary_issuer,https://static.cninfo.com.cn/finalpage/2025-08-29/1224612122.PDF,8.0,Primary issuer annual/interim report main financial-data table.,2026-08-07T15:07:52.047000+00:00
airline_earnings_driver_comparability,Spring Airlines,601021.SH,1H2025,2025-06-30,2025-08-29,True,common_1H2025,operating_cash_flow,Reported net cash flow from operating activities,cash_flow_driver,monetary,operating_cash_flow,2790.132521,RMB million,RMB,389.4290001919734,USD million,USD_CNY,2025-06-30,group_reported,issuer_reported,issuer_reported,point_in_time_ready,primary_issuer,https://static.cninfo.com.cn/finalpage/2025-08-29/1224612122.PDF,8.0,Primary issuer annual/interim report main financial-data table.,2026-08-07T15:07:52.047000+00:00
airline_earnings_driver_comparability,Spring Airlines,601021.SH,1H2025,2025-06-30,2025-08-29,True,common_1H2025,cash_and_cash_equivalents,Reported group cash and cash equivalents at period end,liquidity_driver,monetary,cash_and_cash_equivalents,7323.963631,RMB million,RMB,1022.2323896072406,USD million,USD_CNY,2025-06-30,group_reported,issuer_reported,issuer_reported,point_in_time_ready,primary_issuer,https://static.cninfo.com.cn/finalpage/2025-08-29/1224612122.PDF,68.0,Primary issuer table anchor; Spring Airlines consolidated cash-flow statement: period-end cash and cash equivalents.,2026-08-07T15:07:52.047000+00:00
airline_earnings_driver_comparability,Spring Airlines,601021.SH,1H2025,2025-06-30,2025-08-29,True,common_1H2025,total_liabilities,Reported group total liabilities at period end,liquidity_driver,monetary,total_liabilities,28706.670898,RMB million,RMB,4006.695044951292,USD million,USD_CNY,2025-06-30,group_reported,issuer_reported,issuer_reported,point_in_time_ready,primary_issuer,https://static.cninfo.com.cn/finalpage/2025-08-29/1224612122.PDF,63.0,Primary issuer table anchor; Spring Airlines consolidated balance sheet: total liabilities.,2026-08-07T15:07:52.047000+00:00
airline_earnings_driver_comparability,Spring Airlines,601021.SH,1H2025,2025-06-30,2025-08-29,True,common_1H2025,liabilities_to_assets_pct,Total liabilities divided by total assets; derived from the same issuer report,liquidity_driver,percentage,liabilities_to_assets_pct_derived,62.08885756724793,%,,,,,,derived_group,derived_from_total_liabilities_divided_by_total_assets,derived,point_in_time_ready,primary_issuer,https://static.cninfo.com.cn/finalpage/2025-08-29/1224612122.PDF,63.0,"Derived as consolidated total liabilities / total assets; not an issuer-reported ratio. Input source pages: liabilities=63, assets=8.",2026-08-07T15:07:52.047000+00:00
airline_earnings_driver_comparability,Spring Airlines,601021.SH,1H2025,2025-06-30,2025-08-29,True,common_1H2025,interest_bearing_debt,Reported group interest-bearing debt including stated lease/debt components where the issuer scope is explicit,liquidity_driver,monetary,,,,,,,,,,,,no_metric_disclosed,,,,No safe source metric found in the covered report layer; blank is intentional.,2026-08-07T15:07:52.047000+00:00
airline_earnings_driver_comparability,Spring Airlines,601021.SH,1H2025,2025-06-30,2025-08-29,True,common_1H2025,capex_cash_paid,"Cash paid for property, plant and equipment and other long-term assets",cash_flow_driver,monetary,capex_cash_paid,2740.08249,RMB million,RMB,382.44333431939975,USD million,USD_CNY,2025-06-30,group_reported,issuer_reported,issuer_reported,point_in_time_ready,primary_issuer,https://static.cninfo.com.cn/finalpage/2025-08-29/1224612122.PDF,67.0,"Primary issuer table anchor; Spring Airlines consolidated cash-flow statement: cash paid for property, plant and equipment and other long-term assets.",2026-08-07T15:07:52.047000+00:00
airline_earnings_driver_comparability,Spring Airlines,601021.SH,1H2025,2025-06-30,2025-08-29,True,common_1H2025,net_borrowings,Issuer-reported net borrowings; not interchangeable with gross interest-bearing debt,liquidity_driver,monetary,,,,,,,,,,,,no_metric_disclosed,,,,No safe source metric found in the covered report layer; blank is intentional.,2026-08-07T15:07:52.047000+00:00
airline_earnings_driver_comparability,Spring Airlines,601021.SH,1H2025,2025-06-30,2025-08-29,True,common_1H2025,available_unrestricted_liquidity,Issuer-reported available unrestricted liquidity,liquidity_driver,monetary,,,,,,,,,,,,no_metric_disclosed,,,,No safe source metric found in the covered report layer; blank is intentional.,2026-08-07T15:07:52.047000+00:00
airline_earnings_driver_comparability,Spring Airlines,601021.SH,1H2025,2025-06-30,2025-08-29,True,common_1H2025,ask,Available seat kilometres,capacity_driver,physical,ask,29307.9501,million seat-km,,,,,,group_reported,issuer_reported,issuer_reported,point_in_time_ready,primary_issuer,https://static.cninfo.com.cn/finalpage/2025-08-29/1224612122.PDF,13.0,"Primary issuer table anchor; Spring Airlines operating table: ASK, converted from ten-thousand seat-km.",2026-08-07T15:07:52.047000+00:00
airline_earnings_driver_comparability,Spring Airlines,601021.SH,1H2025,2025-06-30,2025-08-29,True,common_1H2025,rpk,Revenue passenger kilometres,demand_driver,physical,rpk,26528.9104,million passenger-km,,,,,,group_reported,issuer_reported,issuer_reported,point_in_time_ready,primary_issuer,https://static.cninfo.com.cn/finalpage/2025-08-29/1224612122.PDF,13.0,"Primary issuer table anchor; Spring Airlines operating table: RPK, converted from ten-thousand passenger-km.",2026-08-07T15:07:52.047000+00:00
airline_earnings_driver_comparability,Spring Airlines,601021.SH,1H2025,2025-06-30,2025-08-29,True,common_1H2025,passengers,Passengers carried or revenue passengers carried,demand_driver,physical,passengers,15.2189,million passengers,,,,,,group_reported,issuer_reported,issuer_reported,point_in_time_ready,primary_issuer,https://static.cninfo.com.cn/finalpage/2025-08-29/1224612122.PDF,13.0,"Primary issuer table anchor; Spring Airlines operating table: passengers, converted from ten-thousand passengers.",2026-08-07T15:07:52.047000+00:00
airline_earnings_driver_comparability,Spring Airlines,601021.SH,1H2025,2025-06-30,2025-08-29,True,common_1H2025,passenger_load_factor_pct,Passenger load factor,demand_driver,percentage,passenger_load_factor_pct,90.52,%,,,,,,group_reported,issuer_reported,issuer_reported,point_in_time_ready,primary_issuer,https://static.cninfo.com.cn/finalpage/2025-08-29/1224612122.PDF,14.0,Primary issuer table anchor; Spring Airlines operating table: average passenger load factor.,2026-08-07T15:07:52.047000+00:00
airline_earnings_driver_comparability,Spring Airlines,601021.SH,1H2025,2025-06-30,2025-08-29,True,common_1H2025,passenger_yield,Passenger revenue yield per RPK,revenue_driver,unit_rate,passenger_yield,0.377,RMB/RPK,RMB,,,,,group_reported,issuer_reported,issuer_reported,point_in_time_ready,primary_issuer,https://static.cninfo.com.cn/finalpage/2025-08-29/1224612122.PDF,14.0,Primary issuer table anchor; Spring Airlines operating table: passenger yield.,2026-08-07T15:07:52.047000+00:00
airline_earnings_driver_comparability,Spring Airlines,601021.SH,1H2025,2025-06-30,2025-08-29,True,common_1H2025,cargo_tonnes,Cargo tonnes carried,demand_driver,physical,,,,,,,,,,,,no_metric_disclosed,,,,No safe source metric found in the covered report layer; blank is intentional.,2026-08-07T15:07:52.047000+00:00
airline_earnings_driver_comparability,Spring Airlines,601021.SH,1H2025,2025-06-30,2025-08-29,True,common_1H2025,cargo_load_factor_pct,Cargo/freight load factor,demand_driver,percentage,,,,,,,,,,,,no_metric_disclosed,,,,No safe source metric found in the covered report layer; blank is intentional.,2026-08-07T15:07:52.047000+00:00
airline_earnings_driver_comparability,Spring Airlines,601021.SH,1H2025,2025-06-30,2025-08-29,True,common_1H2025,cargo_yield,Cargo yield per RTK/freight RTK,revenue_driver,unit_rate,,,,,,,,,,,,no_metric_disclosed,,,,No safe source metric found in the covered report layer; blank is intentional.,2026-08-07T15:07:52.047000+00:00
airline_earnings_driver_comparability,Spring Airlines,601021.SH,1H2025,2025-06-30,2025-08-29,True,common_1H2025,cask,"Cost per available seat kilometre; issuer-reported where available, otherwise derived",cost_driver,unit_rate,cask,0.303,RMB/ASK,RMB,,,,,group_reported,issuer_reported,issuer_reported,point_in_time_ready,primary_issuer,https://static.cninfo.com.cn/finalpage/2025-08-29/1224612122.PDF,21.0,Primary issuer table anchor; Spring Airlines operating discussion: reported unit cost.,2026-08-07T15:07:52.047000+00:00
airline_earnings_driver_comparability,Spring Airlines,601021.SH,1H2025,2025-06-30,2025-08-29,True,common_1H2025,rask_proxy,Revenue per ASK proxy; source scope is retained because it may be passenger-only,revenue_driver,unit_rate,rask_from_reported_yield_derived,0.3412520898484811,RMB/ASK,RMB,,,,,derived_group,derived_from_reported_yield_load_factor,derived,point_in_time_ready,primary_issuer,https://static.cninfo.com.cn/finalpage/2025-08-29/1224612122.PDF,14.0,Derived as reported passenger yield × RPK / ASK; preserves the issuer yield scope and is not issuer-reported RASK.,2026-08-07T15:07:52.047000+00:00
airline_earnings_driver_comparability,Spring Airlines,601021.SH,1H2025,2025-06-30,2025-08-29,True,common_1H2025,fuel_cost_per_ask,"Fuel cost per ASK, derived from fuel cost and ASK",cost_driver,unit_rate,fuel_cost_per_ask_derived,0.1016788956522756,RMB/ASK,RMB,,,,,derived_group,derived,derived,point_in_time_ready,primary_issuer,https://static.cninfo.com.cn/finalpage/2025-08-29/1224612122.PDF,6.0,"Derived as reported fuel cost / ASK; fuel-price, mix and hedging effects remain embedded.",2026-08-07T15:07:52.047000+00:00
airline_earnings_driver_comparability,Spring Airlines,601021.SH,1H2025,2025-06-30,2025-08-29,True,common_1H2025,cost_per_atk_ex_fuel,Cost per ATK excluding fuel,cost_driver,unit_rate,,,,,,,,,,,,no_metric_disclosed,,,,No safe source metric found in the covered report layer; blank is intentional.,2026-08-07T15:07:52.047000+00:00
airline_earnings_driver_comparability,Spring Airlines,601021.SH,1H2025,2025-06-30,2025-08-29,True,common_1H2025,fuel_intensity,Fuel consumption intensity; ATK/RTK denominator is retained,cost_driver,unit_rate,,,,,,,,,,,,no_metric_disclosed,,,,No safe source metric found in the covered report layer; blank is intentional.,2026-08-07T15:07:52.047000+00:00
airline_earnings_driver_comparability,Spring Airlines,601021.SH,1H2025,2025-06-30,2025-08-29,True,common_1H2025,fuel_hedging_loss_gain,Reported fuel-hedging loss/gain; sign convention is source-specific,risk_driver,monetary,,,,,,,,,,,,no_metric_disclosed,,,,No safe source metric found in the covered report layer; blank is intentional.,2026-08-07T15:07:52.047000+00:00
airline_earnings_driver_comparability,Spring Airlines,601021.SH,1H2025,2025-06-30,2025-08-29,True,common_1H2025,fuel_hedge_fair_value_change,Change in fuel-hedge fair value,risk_driver,monetary,,,,,,,,,,,,no_metric_disclosed,,,,No safe source metric found in the covered report layer; blank is intentional.,2026-08-07T15:07:52.047000+00:00
airline_earnings_driver_comparability,Spring Airlines,601021.SH,1H2025,2025-06-30,2025-08-29,True,common_1H2025,fuel_sensitivity_5pct_cost_abs,Absolute operating-cost sensitivity to a 5% fuel-price move,risk_driver,monetary,,,,,,,,,,,,no_metric_disclosed,,,,No safe source metric found in the covered report layer; blank is intentional.,2026-08-07T15:07:52.047000+00:00
airline_earnings_driver_comparability,Spring Airlines,601021.SH,1H2025,2025-06-30,2025-08-29,True,common_1H2025,fuel_sensitivity_5pct_profit_up,Profit sensitivity to a 5% fuel-price increase,risk_driver,monetary,,,,,,,,,,,,no_metric_disclosed,,,,No safe source metric found in the covered report layer; blank is intentional.,2026-08-07T15:07:52.047000+00:00
airline_earnings_driver_comparability,Spring Airlines,601021.SH,1H2025,2025-06-30,2025-08-29,True,common_1H2025,fuel_sensitivity_5pct_profit_down,Profit sensitivity to a 5% fuel-price decrease,risk_driver,monetary,,,,,,,,,,,,no_metric_disclosed,,,,No safe source metric found in the covered report layer; blank is intentional.,2026-08-07T15:07:52.047000+00:00
airline_earnings_driver_comparability,Spring Airlines,601021.SH,1H2025,2025-06-30,2025-08-29,True,common_1H2025,fleet_total,Reported aircraft fleet total,capacity_driver,physical,fleet_total,133.0,aircraft,,,,,,group_reported,issuer_reported,issuer_reported,point_in_time_ready,primary_issuer,https://static.cninfo.com.cn/finalpage/2025-08-29/1224612122.PDF,16.0,Primary issuer table anchor; Spring Airlines fleet disclosure: A320 fleet total.,2026-08-07T15:07:52.047000+00:00
airline_earnings_driver_comparability,Spring Airlines,601021.SH,1H2025,2025-06-30,2025-08-29,True,common_1H2025,daily_utilization,Aircraft daily utilization,capacity_driver,unit_rate,daily_utilization,9.74,hours/day,,,,,,group_reported,issuer_reported,issuer_reported,point_in_time_ready,primary_issuer,https://static.cninfo.com.cn/finalpage/2025-08-29/1224612122.PDF,13.0,Primary issuer table anchor; Spring Airlines operating table: aircraft daily utilization.,2026-08-07T15:07:52.047000+00:00
airline_earnings_driver_comparability,Hainan Airlines Holdings,600221.SH,FY2025,2025-12-31,2026-04-18,True,common_FY2025,total_revenue,Reported group or total revenue,outcome,monetary,total_revenue,68470.91500000001,RMB million,RMB,9780.13239709708,USD million,USD_CNY,2025-12-31,group_reported,issuer_reported,issuer_reported,point_in_time_ready,primary_issuer,https://static.cninfo.com.cn/finalpage/2026-04-18/1225119605.PDF,6.0,Primary issuer annual/interim report main financial-data table.,2026-08-07T15:07:52.047000+00:00
airline_earnings_driver_comparability,Hainan Airlines Holdings,600221.SH,FY2025,2025-12-31,2026-04-18,True,common_FY2025,passenger_revenue,Reported passenger-related revenue,revenue_driver,monetary,passenger_revenue,60219.702,RMB million,RMB,8601.559632637183,USD million,USD_CNY,2025-12-31,group_reported,issuer_reported,issuer_reported,point_in_time_ready,primary_issuer,https://static.cninfo.com.cn/finalpage/2026-04-18/1225119605.PDF,167.0,Primary issuer table anchor; Hainan Airlines product-revenue table: passenger and other revenue; scope is not pure ticket revenue.,2026-08-07T15:07:52.047000+00:00
airline_earnings_driver_comparability,Hainan Airlines Holdings,600221.SH,FY2025,2025-12-31,2026-04-18,True,common_FY2025,cargo_revenue,Reported cargo or cargo-and-mail revenue,revenue_driver,monetary,cargo_revenue,3231.747,RMB million,RMB,461.6107953854756,USD million,USD_CNY,2025-12-31,group_reported,issuer_reported,issuer_reported,point_in_time_ready,primary_issuer,https://static.cninfo.com.cn/finalpage/2026-04-18/1225119605.PDF,167.0,Primary issuer table anchor; Hainan Airlines product-revenue table: aviation cargo and excess-baggage revenue.,2026-08-07T15:07:52.047000+00:00
airline_earnings_driver_comparability,Hainan Airlines Holdings,600221.SH,FY2025,2025-12-31,2026-04-18,True,common_FY2025,operating_cost,Reported operating cost,cost_driver,monetary,operating_cost,63212.452000000005,RMB million,RMB,9029.03297999076,USD million,USD_CNY,2025-12-31,group_reported,issuer_reported,issuer_reported,point_in_time_ready,primary_issuer,https://static.cninfo.com.cn/finalpage/2026-04-18/1225119605.PDF,15.0,Primary issuer income-statement / financial-indicator table.,2026-08-07T15:07:52.047000+00:00
airline_earnings_driver_comparability,Hainan Airlines Holdings,600221.SH,FY2025,2025-12-31,2026-04-18,True,common_FY2025,fuel_cost,Reported gross or accounting aviation-fuel cost,cost_driver,monetary,fuel_cost,20087.05,RMB million,RMB,2869.1599705817994,USD million,USD_CNY,2025-12-31,group_reported,issuer_reported,issuer_reported,point_in_time_ready,primary_issuer,https://static.cninfo.com.cn/finalpage/2026-04-18/1225119605.PDF,16.0,Primary issuer cost-analysis table; reported cost category.,2026-08-07T15:07:52.047000+00:00
airline_earnings_driver_comparability,Hainan Airlines Holdings,600221.SH,FY2025,2025-12-31,2026-04-18,True,common_FY2025,fuel_cost_share_pct,"Fuel cost divided by operating cost, or issuer-reported share",cost_driver,percentage,fuel_cost_share_pct_derived,31.77704607946548,%,,,,,,derived_group,derived,derived,point_in_time_ready,primary_issuer,https://static.cninfo.com.cn/finalpage/2026-04-18/1225119605.PDF,16.0,Derived as reported fuel cost / reported operating cost.,2026-08-07T15:07:52.047000+00:00
airline_earnings_driver_comparability,Hainan Airlines Holdings,600221.SH,FY2025,2025-12-31,2026-04-18,True,common_FY2025,attributable_profit,Profit attributable to the parent/group shareholders,outcome,monetary,attributable_net_income,1979.588,RMB million,RMB,282.7570324086455,USD million,USD_CNY,2025-12-31,group_reported,issuer_reported,issuer_reported,point_in_time_ready,primary_issuer,https://static.cninfo.com.cn/finalpage/2026-04-18/1225119605.PDF,6.0,Primary issuer annual/interim report main financial-data table.,2026-08-07T15:07:52.047000+00:00
airline_earnings_driver_comparability,Hainan Airlines Holdings,600221.SH,FY2025,2025-12-31,2026-04-18,True,common_FY2025,operating_cash_flow,Reported net cash flow from operating activities,cash_flow_driver,monetary,operating_cash_flow,16051.07,RMB million,RMB,2292.6755063091096,USD million,USD_CNY,2025-12-31,group_reported,issuer_reported,issuer_reported,point_in_time_ready,primary_issuer,https://static.cninfo.com.cn/finalpage/2026-04-18/1225119605.PDF,6.0,Primary issuer annual/interim report main financial-data table.,2026-08-07T15:07:52.047000+00:00
airline_earnings_driver_comparability,Hainan Airlines Holdings,600221.SH,FY2025,2025-12-31,2026-04-18,True,common_FY2025,cash_and_cash_equivalents,Reported group cash and cash equivalents at period end,liquidity_driver,monetary,cash_and_cash_equivalents,2552.353,RMB million,RMB,364.56866779314873,USD million,USD_CNY,2025-12-31,group_reported,issuer_reported,issuer_reported,point_in_time_ready,primary_issuer,https://static.cninfo.com.cn/finalpage/2026-04-18/1225119605.PDF,174.0,Primary issuer table anchor; Hainan Airlines consolidated cash-flow note: period-end cash and cash equivalents.,2026-08-07T15:07:52.047000+00:00
airline_earnings_driver_comparability,Hainan Airlines Holdings,600221.SH,FY2025,2025-12-31,2026-04-18,True,common_FY2025,total_liabilities,Reported group total liabilities at period end,liquidity_driver,monetary,total_liabilities,146911.165,RMB million,RMB,20984.247754127056,USD million,USD_CNY,2025-12-31,group_reported,issuer_reported,issuer_reported,point_in_time_ready,primary_issuer,https://static.cninfo.com.cn/finalpage/2026-04-18/1225119605.PDF,86.0,Primary issuer table anchor; Hainan Airlines consolidated balance sheet: total liabilities.,2026-08-07T15:07:52.047000+00:00
airline_earnings_driver_comparability,Hainan Airlines Holdings,600221.SH,FY2025,2025-12-31,2026-04-18,True,common_FY2025,liabilities_to_assets_pct,Total liabilities divided by total assets; derived from the same issuer report,liquidity_driver,percentage,liabilities_to_assets_pct_derived,96.47100235735148,%,,,,,,derived_group,derived_from_total_liabilities_divided_by_total_assets,derived,point_in_time_ready,primary_issuer,https://static.cninfo.com.cn/finalpage/2026-04-18/1225119605.PDF,86.0,"Derived as consolidated total liabilities / total assets; not an issuer-reported ratio. Input source pages: liabilities=86, assets=6.",2026-08-07T15:07:52.047000+00:00
airline_earnings_driver_comparability,Hainan Airlines Holdings,600221.SH,FY2025,2025-12-31,2026-04-18,True,common_FY2025,interest_bearing_debt,Reported group interest-bearing debt including stated lease/debt components where the issuer scope is explicit,liquidity_driver,monetary,,,,,,,,,,,,no_metric_disclosed,,,,No safe source metric found in the covered report layer; blank is intentional.,2026-08-07T15:07:52.047000+00:00
airline_earnings_driver_comparability,Hainan Airlines Holdings,600221.SH,FY2025,2025-12-31,2026-04-18,True,common_FY2025,capex_cash_paid,"Cash paid for property, plant and equipment and other long-term assets",cash_flow_driver,monetary,capex_cash_paid,2188.703,RMB million,RMB,312.6262460188179,USD million,USD_CNY,2025-12-31,group_reported,issuer_reported,issuer_reported,point_in_time_ready,primary_issuer,https://static.cninfo.com.cn/finalpage/2026-04-18/1225119605.PDF,93.0,"Primary issuer table anchor; Hainan Airlines consolidated cash-flow statement: cash paid for property, plant and equipment and other long-term assets.",2026-08-07T15:07:52.047000+00:00
airline_earnings_driver_comparability,Hainan Airlines Holdings,600221.SH,FY2025,2025-12-31,2026-04-18,True,common_FY2025,net_borrowings,Issuer-reported net borrowings; not interchangeable with gross interest-bearing debt,liquidity_driver,monetary,,,,,,,,,,,,no_metric_disclosed,,,,No safe source metric found in the covered report layer; blank is intentional.,2026-08-07T15:07:52.047000+00:00
airline_earnings_driver_comparability,Hainan Airlines Holdings,600221.SH,FY2025,2025-12-31,2026-04-18,True,common_FY2025,available_unrestricted_liquidity,Issuer-reported available unrestricted liquidity,liquidity_driver,monetary,,,,,,,,,,,,no_metric_disclosed,,,,No safe source metric found in the covered report layer; blank is intentional.,2026-08-07T15:07:52.047000+00:00
airline_earnings_driver_comparability,Hainan Airlines Holdings,600221.SH,FY2025,2025-12-31,2026-04-18,True,common_FY2025,ask,Available seat kilometres,capacity_driver,physical,ask,160503.74,million seat-km,,,,,,group_reported,issuer_reported,issuer_reported,point_in_time_ready,primary_issuer,https://static.cninfo.com.cn/finalpage/2026-04-18/1225119605.PDF,14.0,Primary issuer operating-information table; ASK normalized to million seat-km.,2026-08-07T15:07:52.047000+00:00
airline_earnings_driver_comparability,Hainan Airlines Holdings,600221.SH,FY2025,2025-12-31,2026-04-18,True,common_FY2025,rpk,Revenue passenger kilometres,demand_driver,physical,rpk,134484.36,million passenger-km,,,,,,group_reported,issuer_reported,issuer_reported,point_in_time_ready,primary_issuer,https://static.cninfo.com.cn/finalpage/2026-04-18/1225119605.PDF,14.0,Primary issuer operating-information table; RPK normalized to million passenger-km.,2026-08-07T15:07:52.047000+00:00
airline_earnings_driver_comparability,Hainan Airlines Holdings,600221.SH,FY2025,2025-12-31,2026-04-18,True,common_FY2025,passengers,Passengers carried or revenue passengers carried,demand_driver,physical,passengers,70.578663,million passengers,,,,,,group_reported,issuer_reported,issuer_reported,point_in_time_ready,primary_issuer,https://static.cninfo.com.cn/finalpage/2026-04-18/1225119605.PDF,14.0,Primary issuer operating-information table; passenger count normalized to millions.,2026-08-07T15:07:52.047000+00:00
airline_earnings_driver_comparability,Hainan Airlines Holdings,600221.SH,FY2025,2025-12-31,2026-04-18,True,common_FY2025,passenger_load_factor_pct,Passenger load factor,demand_driver,percentage,passenger_load_factor_pct,83.79,%,,,,,,group_reported,issuer_reported,issuer_reported,point_in_time_ready,primary_issuer,https://static.cninfo.com.cn/finalpage/2026-04-18/1225119605.PDF,14.0,Primary issuer operating-information table.,2026-08-07T15:07:52.047000+00:00
airline_earnings_driver_comparability,Hainan Airlines Holdings,600221.SH,FY2025,2025-12-31,2026-04-18,True,common_FY2025,passenger_yield,Passenger revenue yield per RPK,revenue_driver,unit_rate,passenger_yield_derived,0.4477821956397012,RMB/RPK,RMB,,,,,derived_group,derived,derived,point_in_time_ready,primary_issuer,https://static.cninfo.com.cn/finalpage/2026-04-18/1225119605.PDF,167.0,"Derived as passenger revenue / RPK; use only when revenue and RPK have matching scope. Input source pages: passenger revenue=167, RPK=14.",2026-08-07T15:07:52.047000+00:00
airline_earnings_driver_comparability,Hainan Airlines Holdings,600221.SH,FY2025,2025-12-31,2026-04-18,True,common_FY2025,cargo_tonnes,Cargo tonnes carried,demand_driver,physical,,,,,,,,,,,,no_metric_disclosed,,,,No safe source metric found in the covered report layer; blank is intentional.,2026-08-07T15:07:52.047000+00:00
airline_earnings_driver_comparability,Hainan Airlines Holdings,600221.SH,FY2025,2025-12-31,2026-04-18,True,common_FY2025,cargo_load_factor_pct,Cargo/freight load factor,demand_driver,percentage,,,,,,,,,,,,no_metric_disclosed,,,,No safe source metric found in the covered report layer; blank is intentional.,2026-08-07T15:07:52.047000+00:00
airline_earnings_driver_comparability,Hainan Airlines Holdings,600221.SH,FY2025,2025-12-31,2026-04-18,True,common_FY2025,cargo_yield,Cargo yield per RTK/freight RTK,revenue_driver,unit_rate,,,,,,,,,,,,no_metric_disclosed,,,,No safe source metric found in the covered report layer; blank is intentional.,2026-08-07T15:07:52.047000+00:00
airline_earnings_driver_comparability,Hainan Airlines Holdings,600221.SH,FY2025,2025-12-31,2026-04-18,True,common_FY2025,cask,"Cost per available seat kilometre; issuer-reported where available, otherwise derived",cost_driver,unit_rate,cask_derived,0.3938378756781618,RMB/ASK,RMB,,,,,derived_group,derived,derived,point_in_time_ready,primary_issuer,https://static.cninfo.com.cn/finalpage/2026-04-18/1225119605.PDF,15.0,Derived as consolidated operating cost / ASK; not issuer-reported CASK.,2026-08-07T15:07:52.047000+00:00
airline_earnings_driver_comparability,Hainan Airlines Holdings,600221.SH,FY2025,2025-12-31,2026-04-18,True,common_FY2025,rask_proxy,Revenue per ASK proxy; source scope is retained because it may be passenger-only,revenue_driver,unit_rate,rask_derived,0.3751918927247427,RMB/ASK,RMB,,,,,derived_group,derived,derived,point_in_time_ready,primary_issuer,https://static.cninfo.com.cn/finalpage/2026-04-18/1225119605.PDF,167.0,"Derived as passenger revenue / ASK; not issuer-reported RASK. Input source pages: passenger revenue=167, ASK=14.",2026-08-07T15:07:52.047000+00:00
airline_earnings_driver_comparability,Hainan Airlines Holdings,600221.SH,FY2025,2025-12-31,2026-04-18,True,common_FY2025,fuel_cost_per_ask,"Fuel cost per ASK, derived from fuel cost and ASK",cost_driver,unit_rate,fuel_cost_per_ask_derived,0.1251500432326374,RMB/ASK,RMB,,,,,derived_group,derived,derived,point_in_time_ready,primary_issuer,https://static.cninfo.com.cn/finalpage/2026-04-18/1225119605.PDF,16.0,"Derived as reported fuel cost / ASK; fuel-price, mix and hedging effects remain embedded.",2026-08-07T15:07:52.047000+00:00
airline_earnings_driver_comparability,Hainan Airlines Holdings,600221.SH,FY2025,2025-12-31,2026-04-18,True,common_FY2025,cost_per_atk_ex_fuel,Cost per ATK excluding fuel,cost_driver,unit_rate,,,,,,,,,,,,no_metric_disclosed,,,,No safe source metric found in the covered report layer; blank is intentional.,2026-08-07T15:07:52.047000+00:00
airline_earnings_driver_comparability,Hainan Airlines Holdings,600221.SH,FY2025,2025-12-31,2026-04-18,True,common_FY2025,fuel_intensity,Fuel consumption intensity; ATK/RTK denominator is retained,cost_driver,unit_rate,,,,,,,,,,,,no_metric_disclosed,,,,No safe source metric found in the covered report layer; blank is intentional.,2026-08-07T15:07:52.047000+00:00
airline_earnings_driver_comparability,Hainan Airlines Holdings,600221.SH,FY2025,2025-12-31,2026-04-18,True,common_FY2025,fuel_hedging_loss_gain,Reported fuel-hedging loss/gain; sign convention is source-specific,risk_driver,monetary,,,,,,,,,,,,no_metric_disclosed,,,,No safe source metric found in the covered report layer; blank is intentional.,2026-08-07T15:07:52.047000+00:00
airline_earnings_driver_comparability,Hainan Airlines Holdings,600221.SH,FY2025,2025-12-31,2026-04-18,True,common_FY2025,fuel_hedge_fair_value_change,Change in fuel-hedge fair value,risk_driver,monetary,,,,,,,,,,,,no_metric_disclosed,,,,No safe source metric found in the covered report layer; blank is intentional.,2026-08-07T15:07:52.047000+00:00
airline_earnings_driver_comparability,Hainan Airlines Holdings,600221.SH,FY2025,2025-12-31,2026-04-18,True,common_FY2025,fuel_sensitivity_5pct_cost_abs,Absolute operating-cost sensitivity to a 5% fuel-price move,risk_driver,monetary,,,,,,,,,,,,no_metric_disclosed,,,,No safe source metric found in the covered report layer; blank is intentional.,2026-08-07T15:07:52.047000+00:00
airline_earnings_driver_comparability,Hainan Airlines Holdings,600221.SH,FY2025,2025-12-31,2026-04-18,True,common_FY2025,fuel_sensitivity_5pct_profit_up,Profit sensitivity to a 5% fuel-price increase,risk_driver,monetary,,,,,,,,,,,,no_metric_disclosed,,,,No safe source metric found in the covered report layer; blank is intentional.,2026-08-07T15:07:52.047000+00:00
airline_earnings_driver_comparability,Hainan Airlines Holdings,600221.SH,FY2025,2025-12-31,2026-04-18,True,common_FY2025,fuel_sensitivity_5pct_profit_down,Profit sensitivity to a 5% fuel-price decrease,risk_driver,monetary,,,,,,,,,,,,no_metric_disclosed,,,,No safe source metric found in the covered report layer; blank is intentional.,2026-08-07T15:07:52.047000+00:00
airline_earnings_driver_comparability,Hainan Airlines Holdings,600221.SH,FY2025,2025-12-31,2026-04-18,True,common_FY2025,fleet_total,Reported aircraft fleet total,capacity_driver,physical,fleet_total,359.0,aircraft,,,,,,group_reported,issuer_reported,issuer_reported,point_in_time_ready,primary_issuer,https://static.cninfo.com.cn/finalpage/2026-04-18/1225119605.PDF,14.0,Primary issuer fleet table / group fleet total.,2026-08-07T15:07:52.047000+00:00
airline_earnings_driver_comparability,Hainan Airlines Holdings,600221.SH,FY2025,2025-12-31,2026-04-18,True,common_FY2025,daily_utilization,Aircraft daily utilization,capacity_driver,unit_rate,daily_utilization,9.58,hours/day,,,,,,group_reported,issuer_reported,issuer_reported,point_in_time_ready,primary_issuer,https://static.cninfo.com.cn/finalpage/2026-04-18/1225119605.PDF,14.0,Primary issuer operating-information table.,2026-08-07T15:07:52.047000+00:00
airline_earnings_driver_comparability,Hainan Airlines Holdings,600221.SH,1H2025,2025-06-30,2025-08-30,True,common_1H2025,total_revenue,Reported group or total revenue,outcome,monetary,total_revenue,33083.352,RMB million,RMB,4617.564433011789,USD million,USD_CNY,2025-06-30,group_reported,issuer_reported,issuer_reported,point_in_time_ready,primary_issuer,https://static.cninfo.com.cn/finalpage/2025-08-30/1224624045.PDF,6.0,Primary issuer annual/interim report main financial-data table.,2026-08-07T15:07:52.047000+00:00
airline_earnings_driver_comparability,Hainan Airlines Holdings,600221.SH,1H2025,2025-06-30,2025-08-30,True,common_1H2025,passenger_revenue,Reported passenger-related revenue,revenue_driver,monetary,passenger_revenue,28953.261,RMB million,RMB,4041.1125273311895,USD million,USD_CNY,2025-06-30,group_reported,issuer_reported,issuer_reported,point_in_time_ready,primary_issuer,https://static.cninfo.com.cn/finalpage/2025-08-30/1224624045.PDF,119.0,Primary issuer table anchor; Hainan Airlines product-revenue table: passenger and other revenue; scope is not pure ticket revenue.,2026-08-07T15:07:52.047000+00:00
airline_earnings_driver_comparability,Hainan Airlines Holdings,600221.SH,1H2025,2025-06-30,2025-08-30,True,common_1H2025,cargo_revenue,Reported cargo or cargo-and-mail revenue,revenue_driver,monetary,cargo_revenue,1443.056,RMB million,RMB,201.4126035488865,USD million,USD_CNY,2025-06-30,group_reported,issuer_reported,issuer_reported,point_in_time_ready,primary_issuer,https://static.cninfo.com.cn/finalpage/2025-08-30/1224624045.PDF,119.0,Primary issuer table anchor; Hainan Airlines product-revenue table: aviation cargo and excess-baggage revenue.,2026-08-07T15:07:52.047000+00:00
airline_earnings_driver_comparability,Hainan Airlines Holdings,600221.SH,1H2025,2025-06-30,2025-08-30,True,common_1H2025,operating_cost,Reported operating cost,cost_driver,monetary,operating_cost,30857.549,RMB million,RMB,4306.900967964749,USD million,USD_CNY,2025-06-30,group_reported,issuer_reported,issuer_reported,point_in_time_ready,primary_issuer,https://static.cninfo.com.cn/finalpage/2025-08-30/1224624045.PDF,12.0,Primary issuer income-statement / financial-indicator table.,2026-08-07T15:07:52.047000+00:00
airline_earnings_driver_comparability,Hainan Airlines Holdings,600221.SH,1H2025,2025-06-30,2025-08-30,True,common_1H2025,fuel_cost,Reported gross or accounting aviation-fuel cost,cost_driver,monetary,,,,,,,,,,,,no_metric_disclosed,,,,No safe source metric found in the covered report layer; blank is intentional.,2026-08-07T15:07:52.047000+00:00
airline_earnings_driver_comparability,Hainan Airlines Holdings,600221.SH,1H2025,2025-06-30,2025-08-30,True,common_1H2025,fuel_cost_share_pct,"Fuel cost divided by operating cost, or issuer-reported share",cost_driver,percentage,fuel_cost_share_pct_reported,31.65,%,,,,,,group_reported,issuer_reported,issuer_reported,point_in_time_ready,primary_issuer,https://static.cninfo.com.cn/finalpage/2025-08-30/1224624045.PDF,19.0,Primary issuer table anchor; Hainan Airlines risk disclosure: fuel cost as a share of operating cost.,2026-08-07T15:07:52.047000+00:00
airline_earnings_driver_comparability,Hainan Airlines Holdings,600221.SH,1H2025,2025-06-30,2025-08-30,True,common_1H2025,attributable_profit,Profit attributable to the parent/group shareholders,outcome,monetary,attributable_net_income,56.945,RMB million,RMB,7.948021912587829,USD million,USD_CNY,2025-06-30,group_reported,issuer_reported,issuer_reported,point_in_time_ready,primary_issuer,https://static.cninfo.com.cn/finalpage/2025-08-30/1224624045.PDF,6.0,Primary issuer annual/interim report main financial-data table.,2026-08-07T15:07:52.047000+00:00
airline_earnings_driver_comparability,Hainan Airlines Holdings,600221.SH,1H2025,2025-06-30,2025-08-30,True,common_1H2025,operating_cash_flow,Reported net cash flow from operating activities,cash_flow_driver,monetary,operating_cash_flow,5627.3550000000005,RMB million,RMB,785.4305180421579,USD million,USD_CNY,2025-06-30,group_reported,issuer_reported,issuer_reported,point_in_time_ready,primary_issuer,https://static.cninfo.com.cn/finalpage/2025-08-30/1224624045.PDF,6.0,Primary issuer annual/interim report main financial-data table.,2026-08-07T15:07:52.047000+00:00
airline_earnings_driver_comparability,Hainan Airlines Holdings,600221.SH,1H2025,2025-06-30,2025-08-30,True,common_1H2025,cash_and_cash_equivalents,Reported group cash and cash equivalents at period end,liquidity_driver,monetary,cash_and_cash_equivalents,2105.7,RMB million,RMB,293.9002500893176,USD million,USD_CNY,2025-06-30,group_reported,issuer_reported,issuer_reported,point_in_time_ready,primary_issuer,https://static.cninfo.com.cn/finalpage/2025-08-30/1224624045.PDF,53.0,Primary issuer table anchor; Hainan Airlines consolidated cash-flow statement: period-end cash and cash equivalents.,2026-08-07T15:07:52.047000+00:00
airline_earnings_driver_comparability,Hainan Airlines Holdings,600221.SH,1H2025,2025-06-30,2025-08-30,True,common_1H2025,total_liabilities,Reported group total liabilities at period end,liquidity_driver,monetary,total_liabilities,140655.005,RMB million,RMB,19631.73345956889,USD million,USD_CNY,2025-06-30,group_reported,issuer_reported,issuer_reported,point_in_time_ready,primary_issuer,https://static.cninfo.com.cn/finalpage/2025-08-30/1224624045.PDF,46.0,Primary issuer table anchor; Hainan Airlines consolidated balance sheet: total liabilities.,2026-08-07T15:07:52.047000+00:00
airline_earnings_driver_comparability,Hainan Airlines Holdings,600221.SH,1H2025,2025-06-30,2025-08-30,True,common_1H2025,liabilities_to_assets_pct,Total liabilities divided by total assets; derived from the same issuer report,liquidity_driver,percentage,liabilities_to_assets_pct_derived,98.74460721112418,%,,,,,,derived_group,derived_from_total_liabilities_divided_by_total_assets,derived,point_in_time_ready,primary_issuer,https://static.cninfo.com.cn/finalpage/2025-08-30/1224624045.PDF,46.0,"Derived as consolidated total liabilities / total assets; not an issuer-reported ratio. Input source pages: liabilities=46, assets=6.",2026-08-07T15:07:52.047000+00:00
airline_earnings_driver_comparability,Hainan Airlines Holdings,600221.SH,1H2025,2025-06-30,2025-08-30,True,common_1H2025,interest_bearing_debt,Reported group interest-bearing debt including stated lease/debt components where the issuer scope is explicit,liquidity_driver,monetary,,,,,,,,,,,,no_metric_disclosed,,,,No safe source metric found in the covered report layer; blank is intentional.,2026-08-07T15:07:52.047000+00:00
airline_earnings_driver_comparability,Hainan Airlines Holdings,600221.SH,1H2025,2025-06-30,2025-08-30,True,common_1H2025,capex_cash_paid,"Cash paid for property, plant and equipment and other long-term assets",cash_flow_driver,monetary,capex_cash_paid,709.392,RMB million,RMB,99.01243586995356,USD million,USD_CNY,2025-06-30,group_reported,issuer_reported,issuer_reported,point_in_time_ready,primary_issuer,https://static.cninfo.com.cn/finalpage/2025-08-30/1224624045.PDF,53.0,"Primary issuer table anchor; Hainan Airlines consolidated cash-flow statement: cash paid for property, plant and equipment and other long-term assets.",2026-08-07T15:07:52.047000+00:00
airline_earnings_driver_comparability,Hainan Airlines Holdings,600221.SH,1H2025,2025-06-30,2025-08-30,True,common_1H2025,net_borrowings,Issuer-reported net borrowings; not interchangeable with gross interest-bearing debt,liquidity_driver,monetary,,,,,,,,,,,,no_metric_disclosed,,,,No safe source metric found in the covered report layer; blank is intentional.,2026-08-07T15:07:52.047000+00:00
airline_earnings_driver_comparability,Hainan Airlines Holdings,600221.SH,1H2025,2025-06-30,2025-08-30,True,common_1H2025,available_unrestricted_liquidity,Issuer-reported available unrestricted liquidity,liquidity_driver,monetary,,,,,,,,,,,,no_metric_disclosed,,,,No safe source metric found in the covered report layer; blank is intentional.,2026-08-07T15:07:52.047000+00:00
airline_earnings_driver_comparability,Hainan Airlines Holdings,600221.SH,1H2025,2025-06-30,2025-08-30,True,common_1H2025,ask,Available seat kilometres,capacity_driver,physical,ask,77921.27,million seat-km,,,,,,group_reported,issuer_reported,issuer_reported,point_in_time_ready,primary_issuer,https://static.cninfo.com.cn/finalpage/2025-08-30/1224624045.PDF,12.0,"Primary issuer table anchor; Hainan Airlines operating table: ASK, converted from ten-thousand seat-km.",2026-08-07T15:07:52.047000+00:00
airline_earnings_driver_comparability,Hainan Airlines Holdings,600221.SH,1H2025,2025-06-30,2025-08-30,True,common_1H2025,rpk,Revenue passenger kilometres,demand_driver,physical,rpk,64480.17,million passenger-km,,,,,,group_reported,issuer_reported,issuer_reported,point_in_time_ready,primary_issuer,https://static.cninfo.com.cn/finalpage/2025-08-30/1224624045.PDF,12.0,"Primary issuer table anchor; Hainan Airlines operating table: RPK, converted from ten-thousand passenger-km.",2026-08-07T15:07:52.047000+00:00
airline_earnings_driver_comparability,Hainan Airlines Holdings,600221.SH,1H2025,2025-06-30,2025-08-30,True,common_1H2025,passengers,Passengers carried or revenue passengers carried,demand_driver,physical,passengers,34.089,million passengers,,,,,,group_reported,issuer_reported,issuer_reported,point_in_time_ready,primary_issuer,https://static.cninfo.com.cn/finalpage/2025-08-30/1224624045.PDF,12.0,"Primary issuer table anchor; Hainan Airlines operating table: passengers, converted from thousand.",2026-08-07T15:07:52.047000+00:00
airline_earnings_driver_comparability,Hainan Airlines Holdings,600221.SH,1H2025,2025-06-30,2025-08-30,True,common_1H2025,passenger_load_factor_pct,Passenger load factor,demand_driver,percentage,passenger_load_factor_pct,82.75,%,,,,,,group_reported,issuer_reported,issuer_reported,point_in_time_ready,primary_issuer,https://static.cninfo.com.cn/finalpage/2025-08-30/1224624045.PDF,12.0,Primary issuer table anchor; Hainan Airlines operating table: passenger load factor.,2026-08-07T15:07:52.047000+00:00
airline_earnings_driver_comparability,Hainan Airlines Holdings,600221.SH,1H2025,2025-06-30,2025-08-30,True,common_1H2025,passenger_yield,Passenger revenue yield per RPK,revenue_driver,unit_rate,passenger_yield_derived,0.4490258167743664,RMB/RPK,RMB,,,,,derived_group,derived,derived,point_in_time_ready,primary_issuer,https://static.cninfo.com.cn/finalpage/2025-08-30/1224624045.PDF,119.0,"Derived as passenger revenue / RPK; use only when revenue and RPK have matching scope. Input source pages: passenger revenue=119, RPK=12.",2026-08-07T15:07:52.047000+00:00
airline_earnings_driver_comparability,Hainan Airlines Holdings,600221.SH,1H2025,2025-06-30,2025-08-30,True,common_1H2025,cargo_tonnes,Cargo tonnes carried,demand_driver,physical,,,,,,,,,,,,no_metric_disclosed,,,,No safe source metric found in the covered report layer; blank is intentional.,2026-08-07T15:07:52.047000+00:00
airline_earnings_driver_comparability,Hainan Airlines Holdings,600221.SH,1H2025,2025-06-30,2025-08-30,True,common_1H2025,cargo_load_factor_pct,Cargo/freight load factor,demand_driver,percentage,,,,,,,,,,,,no_metric_disclosed,,,,No safe source metric found in the covered report layer; blank is intentional.,2026-08-07T15:07:52.047000+00:00
airline_earnings_driver_comparability,Hainan Airlines Holdings,600221.SH,1H2025,2025-06-30,2025-08-30,True,common_1H2025,cargo_yield,Cargo yield per RTK/freight RTK,revenue_driver,unit_rate,,,,,,,,,,,,no_metric_disclosed,,,,No safe source metric found in the covered report layer; blank is intentional.,2026-08-07T15:07:52.047000+00:00
airline_earnings_driver_comparability,Hainan Airlines Holdings,600221.SH,1H2025,2025-06-30,2025-08-30,True,common_1H2025,cask,"Cost per available seat kilometre; issuer-reported where available, otherwise derived",cost_driver,unit_rate,cask_derived,0.39600931812328,RMB/ASK,RMB,,,,,derived_group,derived,derived,point_in_time_ready,primary_issuer,https://static.cninfo.com.cn/finalpage/2025-08-30/1224624045.PDF,12.0,Derived as consolidated operating cost / ASK; not issuer-reported CASK.,2026-08-07T15:07:52.047000+00:00
airline_earnings_driver_comparability,Hainan Airlines Holdings,600221.SH,1H2025,2025-06-30,2025-08-30,True,common_1H2025,rask_proxy,Revenue per ASK proxy; source scope is retained because it may be passenger-only,revenue_driver,unit_rate,rask_derived,0.3715707020688959,RMB/ASK,RMB,,,,,derived_group,derived,derived,point_in_time_ready,primary_issuer,https://static.cninfo.com.cn/finalpage/2025-08-30/1224624045.PDF,119.0,"Derived as passenger revenue / ASK; not issuer-reported RASK. Input source pages: passenger revenue=119, ASK=None.",2026-08-07T15:07:52.047000+00:00
airline_earnings_driver_comparability,Hainan Airlines Holdings,600221.SH,1H2025,2025-06-30,2025-08-30,True,common_1H2025,fuel_cost_per_ask,"Fuel cost per ASK, derived from fuel cost and ASK",cost_driver,unit_rate,,,,,,,,,,,,no_metric_disclosed,,,,No safe source metric found in the covered report layer; blank is intentional.,2026-08-07T15:07:52.047000+00:00
airline_earnings_driver_comparability,Hainan Airlines Holdings,600221.SH,1H2025,2025-06-30,2025-08-30,True,common_1H2025,cost_per_atk_ex_fuel,Cost per ATK excluding fuel,cost_driver,unit_rate,,,,,,,,,,,,no_metric_disclosed,,,,No safe source metric found in the covered report layer; blank is intentional.,2026-08-07T15:07:52.047000+00:00
airline_earnings_driver_comparability,Hainan Airlines Holdings,600221.SH,1H2025,2025-06-30,2025-08-30,True,common_1H2025,fuel_intensity,Fuel consumption intensity; ATK/RTK denominator is retained,cost_driver,unit_rate,,,,,,,,,,,,no_metric_disclosed,,,,No safe source metric found in the covered report layer; blank is intentional.,2026-08-07T15:07:52.047000+00:00
airline_earnings_driver_comparability,Hainan Airlines Holdings,600221.SH,1H2025,2025-06-30,2025-08-30,True,common_1H2025,fuel_hedging_loss_gain,Reported fuel-hedging loss/gain; sign convention is source-specific,risk_driver,monetary,,,,,,,,,,,,no_metric_disclosed,,,,No safe source metric found in the covered report layer; blank is intentional.,2026-08-07T15:07:52.047000+00:00
airline_earnings_driver_comparability,Hainan Airlines Holdings,600221.SH,1H2025,2025-06-30,2025-08-30,True,common_1H2025,fuel_hedge_fair_value_change,Change in fuel-hedge fair value,risk_driver,monetary,,,,,,,,,,,,no_metric_disclosed,,,,No safe source metric found in the covered report layer; blank is intentional.,2026-08-07T15:07:52.047000+00:00
airline_earnings_driver_comparability,Hainan Airlines Holdings,600221.SH,1H2025,2025-06-30,2025-08-30,True,common_1H2025,fuel_sensitivity_5pct_cost_abs,Absolute operating-cost sensitivity to a 5% fuel-price move,risk_driver,monetary,fuel_cost_sensitivity_5pct_cost_abs,488.261,RMB million,RMB,68.1483734667143,USD million,USD_CNY,2025-06-30,group_reported,issuer_reported,issuer_reported,point_in_time_ready,primary_issuer,https://static.cninfo.com.cn/finalpage/2025-08-30/1224624045.PDF,19.0,Primary issuer table anchor; Hainan Airlines risk disclosure: operating-cost change for a 5% fuel-price move.,2026-08-07T15:07:52.047000+00:00
airline_earnings_driver_comparability,Hainan Airlines Holdings,600221.SH,1H2025,2025-06-30,2025-08-30,True,common_1H2025,fuel_sensitivity_5pct_profit_up,Profit sensitivity to a 5% fuel-price increase,risk_driver,monetary,,,,,,,,,,,,no_metric_disclosed,,,,No safe source metric found in the covered report layer; blank is intentional.,2026-08-07T15:07:52.047000+00:00
airline_earnings_driver_comparability,Hainan Airlines Holdings,600221.SH,1H2025,2025-06-30,2025-08-30,True,common_1H2025,fuel_sensitivity_5pct_profit_down,Profit sensitivity to a 5% fuel-price decrease,risk_driver,monetary,,,,,,,,,,,,no_metric_disclosed,,,,No safe source metric found in the covered report layer; blank is intentional.,2026-08-07T15:07:52.047000+00:00
airline_earnings_driver_comparability,Hainan Airlines Holdings,600221.SH,1H2025,2025-06-30,2025-08-30,True,common_1H2025,fleet_total,Reported aircraft fleet total,capacity_driver,physical,fleet_total,348.0,aircraft,,,,,,group_reported,issuer_reported,issuer_reported,point_in_time_ready,primary_issuer,https://static.cninfo.com.cn/finalpage/2025-08-30/1224624045.PDF,11.0,Primary issuer table anchor; Hainan Airlines fleet table: group fleet total.,2026-08-07T15:07:52.047000+00:00
airline_earnings_driver_comparability,Hainan Airlines Holdings,600221.SH,1H2025,2025-06-30,2025-08-30,True,common_1H2025,daily_utilization,Aircraft daily utilization,capacity_driver,unit_rate,daily_utilization,9.6,hours/day,,,,,,group_reported,issuer_reported,issuer_reported,point_in_time_ready,primary_issuer,https://static.cninfo.com.cn/finalpage/2025-08-30/1224624045.PDF,12.0,Primary issuer table anchor; Hainan Airlines operating table: aircraft daily utilization.,2026-08-07T15:07:52.047000+00:00
airline_earnings_driver_comparability,Juneyao Airlines,603885.SH,FY2025,2025-12-31,2026-04-23,True,common_FY2025,total_revenue,Reported group or total revenue,outcome,monetary,total_revenue,22499.43822361,RMB million,RMB,3213.7365870926733,USD million,USD_CNY,2025-12-31,group_reported,issuer_reported,issuer_reported,point_in_time_ready,primary_issuer,https://static.cninfo.com.cn/finalpage/2026-04-23/1225151299.PDF,7.0,Primary issuer annual/interim report main financial-data table.,2026-08-07T15:07:52.047000+00:00
airline_earnings_driver_comparability,Juneyao Airlines,603885.SH,FY2025,2025-12-31,2026-04-23,True,common_FY2025,passenger_revenue,Reported passenger-related revenue,revenue_driver,monetary,passenger_revenue,21417.47734259,RMB million,RMB,3059.1932942966673,USD million,USD_CNY,2025-12-31,issuer_disclosed_line,issuer_reported,issuer_reported,point_in_time_ready,primary_issuer,https://static.cninfo.com.cn/finalpage/2026-04-23/1225151299.PDF,20.0,Primary issuer revenue-disaggregation table; wording and scope follow the report.,2026-08-07T15:07:52.047000+00:00
airline_earnings_driver_comparability,Juneyao Airlines,603885.SH,FY2025,2025-12-31,2026-04-23,True,common_FY2025,cargo_revenue,Reported cargo or cargo-and-mail revenue,revenue_driver,monetary,cargo_revenue,839.05450283,RMB million,RMB,119.84744363439376,USD million,USD_CNY,2025-12-31,issuer_disclosed_line,issuer_reported,issuer_reported,point_in_time_ready,primary_issuer,https://static.cninfo.com.cn/finalpage/2026-04-23/1225151299.PDF,20.0,Primary issuer revenue-disaggregation table; wording and scope follow the report.,2026-08-07T15:07:52.047000+00:00
airline_earnings_driver_comparability,Juneyao Airlines,603885.SH,FY2025,2025-12-31,2026-04-23,True,common_FY2025,operating_cost,Reported operating cost,cost_driver,monetary,operating_cost,19698.7811734,RMB million,RMB,2813.7010866189735,USD million,USD_CNY,2025-12-31,group_reported,issuer_reported,issuer_reported,point_in_time_ready,primary_issuer,https://static.cninfo.com.cn/finalpage/2026-04-23/1225151299.PDF,20.0,Primary issuer income-statement / financial-indicator table.,2026-08-07T15:07:52.047000+00:00
airline_earnings_driver_comparability,Juneyao Airlines,603885.SH,FY2025,2025-12-31,2026-04-23,True,common_FY2025,fuel_cost,Reported gross or accounting aviation-fuel cost,cost_driver,monetary,fuel_cost,6488.0,RMB million,RMB,926.721937224964,USD million,USD_CNY,2025-12-31,group_reported,issuer_reported,issuer_reported,point_in_time_ready,primary_issuer,https://static.cninfo.com.cn/finalpage/2026-04-23/1225151299.PDF,39.0,Primary issuer risk/operating disclosure; fuel cost reported in RMB hundred-million.,2026-08-07T15:07:52.047000+00:00
airline_earnings_driver_comparability,Juneyao Airlines,603885.SH,FY2025,2025-12-31,2026-04-23,True,common_FY2025,fuel_cost_share_pct,"Fuel cost divided by operating cost, or issuer-reported share",cost_driver,percentage,fuel_cost_share_pct_derived,32.936047884835574,%,,,,,,derived_group,derived,derived,point_in_time_ready,primary_issuer,https://static.cninfo.com.cn/finalpage/2026-04-23/1225151299.PDF,21.0,Derived as reported fuel cost / reported operating cost.,2026-08-07T15:07:52.047000+00:00
airline_earnings_driver_comparability,Juneyao Airlines,603885.SH,FY2025,2025-12-31,2026-04-23,True,common_FY2025,attributable_profit,Profit attributable to the parent/group shareholders,outcome,monetary,attributable_net_income,1039.63838235,RMB million,RMB,148.49810353033598,USD million,USD_CNY,2025-12-31,group_reported,issuer_reported,issuer_reported,point_in_time_ready,primary_issuer,https://static.cninfo.com.cn/finalpage/2026-04-23/1225151299.PDF,7.0,Primary issuer table anchor; Juneyao Airlines annual main financial-data table: attributable net income.,2026-08-07T15:07:52.047000+00:00
airline_earnings_driver_comparability,Juneyao Airlines,603885.SH,FY2025,2025-12-31,2026-04-23,True,common_FY2025,operating_cash_flow,Reported net cash flow from operating activities,cash_flow_driver,monetary,,,,,,,,,,,,no_metric_disclosed,,,,No safe source metric found in the covered report layer; blank is intentional.,2026-08-07T15:07:52.047000+00:00
airline_earnings_driver_comparability,Juneyao Airlines,603885.SH,FY2025,2025-12-31,2026-04-23,True,common_FY2025,cash_and_cash_equivalents,Reported group cash and cash equivalents at period end,liquidity_driver,monetary,cash_and_cash_equivalents,2963.2715285,RMB million,RMB,423.262751451156,USD million,USD_CNY,2025-12-31,group_reported,issuer_reported,issuer_reported,point_in_time_ready,primary_issuer,https://static.cninfo.com.cn/finalpage/2026-04-23/1225151299.PDF,168.0,Primary issuer table anchor; Juneyao Airlines consolidated cash-flow note: period-end cash and cash equivalents.,2026-08-07T15:07:52.047000+00:00
airline_earnings_driver_comparability,Juneyao Airlines,603885.SH,FY2025,2025-12-31,2026-04-23,True,common_FY2025,total_liabilities,Reported group total liabilities at period end,liquidity_driver,monetary,total_liabilities,40119.0,RMB million,RMB,5730.449660839756,USD million,USD_CNY,2025-12-31,group_reported,issuer_reported,issuer_reported,point_in_time_ready,primary_issuer,https://static.cninfo.com.cn/finalpage/2026-04-23/1225151299.PDF,39.0,"Primary issuer table anchor; Juneyao Airlines management discussion: group total liabilities at 2025-12-31, reported as RMB401.19亿元 (RMB40.119bn).",2026-08-07T15:07:52.047000+00:00
airline_earnings_driver_comparability,Juneyao Airlines,603885.SH,FY2025,2025-12-31,2026-04-23,True,common_FY2025,liabilities_to_assets_pct,Total liabilities divided by total assets; derived from the same issuer report,liquidity_driver,percentage,liabilities_to_assets_pct_derived,76.78112751703117,%,,,,,,derived_group,derived_from_total_liabilities_divided_by_total_assets,derived,point_in_time_ready,primary_issuer,https://static.cninfo.com.cn/finalpage/2026-04-23/1225151299.PDF,39.0,"Derived as consolidated total liabilities / total assets; not an issuer-reported ratio. Input source pages: liabilities=39, assets=7.",2026-08-07T15:07:52.047000+00:00
airline_earnings_driver_comparability,Juneyao Airlines,603885.SH,FY2025,2025-12-31,2026-04-23,True,common_FY2025,interest_bearing_debt,Reported group interest-bearing debt including stated lease/debt components where the issuer scope is explicit,liquidity_driver,monetary,interest_bearing_debt,35606.0,RMB million,RMB,5085.829423062896,USD million,USD_CNY,2025-12-31,group_reported,issuer_reported,issuer_reported,point_in_time_ready,primary_issuer,https://static.cninfo.com.cn/finalpage/2026-04-23/1225151299.PDF,174.0,"Primary issuer table anchor; Juneyao Airlines management discussion: group interest-bearing debt, reported as RMB356.06亿元 (RMB35.606bn).",2026-08-07T15:07:52.047000+00:00
airline_earnings_driver_comparability,Juneyao Airlines,603885.SH,FY2025,2025-12-31,2026-04-23,True,common_FY2025,capex_cash_paid,"Cash paid for property, plant and equipment and other long-term assets",cash_flow_driver,monetary,,,,,,,,,,,,no_metric_disclosed,,,,No safe source metric found in the covered report layer; blank is intentional.,2026-08-07T15:07:52.047000+00:00
airline_earnings_driver_comparability,Juneyao Airlines,603885.SH,FY2025,2025-12-31,2026-04-23,True,common_FY2025,net_borrowings,Issuer-reported net borrowings; not interchangeable with gross interest-bearing debt,liquidity_driver,monetary,,,,,,,,,,,,no_metric_disclosed,,,,No safe source metric found in the covered report layer; blank is intentional.,2026-08-07T15:07:52.047000+00:00
airline_earnings_driver_comparability,Juneyao Airlines,603885.SH,FY2025,2025-12-31,2026-04-23,True,common_FY2025,available_unrestricted_liquidity,Issuer-reported available unrestricted liquidity,liquidity_driver,monetary,,,,,,,,,,,,no_metric_disclosed,,,,No safe source metric found in the covered report layer; blank is intentional.,2026-08-07T15:07:52.047000+00:00
airline_earnings_driver_comparability,Juneyao Airlines,603885.SH,FY2025,2025-12-31,2026-04-23,True,common_FY2025,ask,Available seat kilometres,capacity_driver,physical,ask,57178.0275,million seat-km,,,,,,group_reported,issuer_reported,issuer_reported,point_in_time_ready,primary_issuer,https://static.cninfo.com.cn/finalpage/2026-04-23/1225151299.PDF,26.0,Primary issuer operating-information table; ASK normalized to million seat-km.,2026-08-07T15:07:52.047000+00:00
airline_earnings_driver_comparability,Juneyao Airlines,603885.SH,FY2025,2025-12-31,2026-04-23,True,common_FY2025,rpk,Revenue passenger kilometres,demand_driver,physical,rpk,48961.2604,million passenger-km,,,,,,group_reported,issuer_reported,issuer_reported,point_in_time_ready,primary_issuer,https://static.cninfo.com.cn/finalpage/2026-04-23/1225151299.PDF,26.0,"Primary issuer table anchor; Juneyao Airlines operating table: RPK, converted from ten-thousand passenger-km.",2026-08-07T15:07:52.047000+00:00
airline_earnings_driver_comparability,Juneyao Airlines,603885.SH,FY2025,2025-12-31,2026-04-23,True,common_FY2025,passengers,Passengers carried or revenue passengers carried,demand_driver,physical,passengers,27.1945,million passengers,,,,,,group_reported,issuer_reported,issuer_reported,point_in_time_ready,primary_issuer,https://static.cninfo.com.cn/finalpage/2026-04-23/1225151299.PDF,26.0,Primary issuer operating-information table; passenger count normalized to millions.,2026-08-07T15:07:52.047000+00:00
airline_earnings_driver_comparability,Juneyao Airlines,603885.SH,FY2025,2025-12-31,2026-04-23,True,common_FY2025,passenger_load_factor_pct,Passenger load factor,demand_driver,percentage,passenger_load_factor_pct,85.63,%,,,,,,group_reported,issuer_reported,issuer_reported,point_in_time_ready,primary_issuer,https://static.cninfo.com.cn/finalpage/2026-04-23/1225151299.PDF,26.0,Primary issuer operating-information table.,2026-08-07T15:07:52.047000+00:00
airline_earnings_driver_comparability,Juneyao Airlines,603885.SH,FY2025,2025-12-31,2026-04-23,True,common_FY2025,passenger_yield,Passenger revenue yield per RPK,revenue_driver,unit_rate,passenger_yield,0.46,RMB/RPK,RMB,,,,,issuer_disclosed_line,issuer_reported,issuer_reported,point_in_time_ready,primary_issuer,https://static.cninfo.com.cn/finalpage/2026-04-23/1225151299.PDF,26.0,Primary issuer disclosed passenger-yield line; scope follows the issuer table.,2026-08-07T15:07:52.047000+00:00
airline_earnings_driver_comparability,Juneyao Airlines,603885.SH,FY2025,2025-12-31,2026-04-23,True,common_FY2025,cargo_tonnes,Cargo tonnes carried,demand_driver,physical,,,,,,,,,,,,no_metric_disclosed,,,,No safe source metric found in the covered report layer; blank is intentional.,2026-08-07T15:07:52.047000+00:00
airline_earnings_driver_comparability,Juneyao Airlines,603885.SH,FY2025,2025-12-31,2026-04-23,True,common_FY2025,cargo_load_factor_pct,Cargo/freight load factor,demand_driver,percentage,,,,,,,,,,,,no_metric_disclosed,,,,No safe source metric found in the covered report layer; blank is intentional.,2026-08-07T15:07:52.047000+00:00
airline_earnings_driver_comparability,Juneyao Airlines,603885.SH,FY2025,2025-12-31,2026-04-23,True,common_FY2025,cargo_yield,Cargo yield per RTK/freight RTK,revenue_driver,unit_rate,,,,,,,,,,,,no_metric_disclosed,,,,No safe source metric found in the covered report layer; blank is intentional.,2026-08-07T15:07:52.047000+00:00
airline_earnings_driver_comparability,Juneyao Airlines,603885.SH,FY2025,2025-12-31,2026-04-23,True,common_FY2025,cask,"Cost per available seat kilometre; issuer-reported where available, otherwise derived",cost_driver,unit_rate,cask_derived,0.344516627010262,RMB/ASK,RMB,,,,,derived_group,derived,derived,point_in_time_ready,primary_issuer,https://static.cninfo.com.cn/finalpage/2026-04-23/1225151299.PDF,20.0,Derived as consolidated operating cost / ASK; not issuer-reported CASK.,2026-08-07T15:07:52.047000+00:00
airline_earnings_driver_comparability,Juneyao Airlines,603885.SH,FY2025,2025-12-31,2026-04-23,True,common_FY2025,rask_proxy,Revenue per ASK proxy; source scope is retained because it may be passenger-only,revenue_driver,unit_rate,rask_derived,0.3745753094156667,RMB/ASK,RMB,,,,,derived_group,derived,derived,point_in_time_ready,primary_issuer,https://static.cninfo.com.cn/finalpage/2026-04-23/1225151299.PDF,20.0,"Derived as passenger revenue / ASK; not issuer-reported RASK. Input source pages: passenger revenue=20, ASK=26.",2026-08-07T15:07:52.047000+00:00
airline_earnings_driver_comparability,Juneyao Airlines,603885.SH,FY2025,2025-12-31,2026-04-23,True,common_FY2025,fuel_cost_per_ask,"Fuel cost per ASK, derived from fuel cost and ASK",cost_driver,unit_rate,fuel_cost_per_ask_derived,0.1134701612433202,RMB/ASK,RMB,,,,,derived_group,derived,derived,point_in_time_ready,primary_issuer,https://static.cninfo.com.cn/finalpage/2026-04-23/1225151299.PDF,21.0,"Derived as reported fuel cost / ASK; fuel-price, mix and hedging effects remain embedded.",2026-08-07T15:07:52.047000+00:00
airline_earnings_driver_comparability,Juneyao Airlines,603885.SH,FY2025,2025-12-31,2026-04-23,True,common_FY2025,cost_per_atk_ex_fuel,Cost per ATK excluding fuel,cost_driver,unit_rate,,,,,,,,,,,,no_metric_disclosed,,,,No safe source metric found in the covered report layer; blank is intentional.,2026-08-07T15:07:52.047000+00:00
airline_earnings_driver_comparability,Juneyao Airlines,603885.SH,FY2025,2025-12-31,2026-04-23,True,common_FY2025,fuel_intensity,Fuel consumption intensity; ATK/RTK denominator is retained,cost_driver,unit_rate,,,,,,,,,,,,no_metric_disclosed,,,,No safe source metric found in the covered report layer; blank is intentional.,2026-08-07T15:07:52.047000+00:00
airline_earnings_driver_comparability,Juneyao Airlines,603885.SH,FY2025,2025-12-31,2026-04-23,True,common_FY2025,fuel_hedging_loss_gain,Reported fuel-hedging loss/gain; sign convention is source-specific,risk_driver,monetary,,,,,,,,,,,,no_metric_disclosed,,,,No safe source metric found in the covered report layer; blank is intentional.,2026-08-07T15:07:52.047000+00:00
airline_earnings_driver_comparability,Juneyao Airlines,603885.SH,FY2025,2025-12-31,2026-04-23,True,common_FY2025,fuel_hedge_fair_value_change,Change in fuel-hedge fair value,risk_driver,monetary,,,,,,,,,,,,no_metric_disclosed,,,,No safe source metric found in the covered report layer; blank is intentional.,2026-08-07T15:07:52.047000+00:00
airline_earnings_driver_comparability,Juneyao Airlines,603885.SH,FY2025,2025-12-31,2026-04-23,True,common_FY2025,fuel_sensitivity_5pct_cost_abs,Absolute operating-cost sensitivity to a 5% fuel-price move,risk_driver,monetary,,,,,,,,,,,,no_metric_disclosed,,,,No safe source metric found in the covered report layer; blank is intentional.,2026-08-07T15:07:52.047000+00:00
airline_earnings_driver_comparability,Juneyao Airlines,603885.SH,FY2025,2025-12-31,2026-04-23,True,common_FY2025,fuel_sensitivity_5pct_profit_up,Profit sensitivity to a 5% fuel-price increase,risk_driver,monetary,,,,,,,,,,,,no_metric_disclosed,,,,No safe source metric found in the covered report layer; blank is intentional.,2026-08-07T15:07:52.047000+00:00
airline_earnings_driver_comparability,Juneyao Airlines,603885.SH,FY2025,2025-12-31,2026-04-23,True,common_FY2025,fuel_sensitivity_5pct_profit_down,Profit sensitivity to a 5% fuel-price decrease,risk_driver,monetary,,,,,,,,,,,,no_metric_disclosed,,,,No safe source metric found in the covered report layer; blank is intentional.,2026-08-07T15:07:52.047000+00:00
airline_earnings_driver_comparability,Juneyao Airlines,603885.SH,FY2025,2025-12-31,2026-04-23,True,common_FY2025,fleet_total,Reported aircraft fleet total,capacity_driver,physical,fleet_total,129.0,aircraft,,,,,,group_reported,issuer_reported,issuer_reported,point_in_time_ready,primary_issuer,https://static.cninfo.com.cn/finalpage/2026-04-23/1225151299.PDF,26.0,Primary issuer fleet table / group fleet total.,2026-08-07T15:07:52.047000+00:00
airline_earnings_driver_comparability,Juneyao Airlines,603885.SH,FY2025,2025-12-31,2026-04-23,True,common_FY2025,daily_utilization,Aircraft daily utilization,capacity_driver,unit_rate,daily_utilization,11.6,hours/day,,,,,,group_reported,issuer_reported,issuer_reported,point_in_time_ready,primary_issuer,https://static.cninfo.com.cn/finalpage/2026-04-23/1225151299.PDF,26.0,Primary issuer operating-information table.,2026-08-07T15:07:52.047000+00:00
airline_earnings_driver_comparability,Juneyao Airlines,603885.SH,1H2025,2025-06-30,2025-08-23,True,common_1H2025,total_revenue,Reported group or total revenue,outcome,monetary,total_revenue,11067.18224521,RMB million,RMB,1544.6871015107918,USD million,USD_CNY,2025-06-30,group_reported,issuer_reported,issuer_reported,point_in_time_ready,primary_issuer,https://static.cninfo.com.cn/finalpage/2025-08-23/1224558764.PDF,6.0,Primary issuer annual/interim report main financial-data table.,2026-08-07T15:07:52.047000+00:00
airline_earnings_driver_comparability,Juneyao Airlines,603885.SH,1H2025,2025-06-30,2025-08-23,True,common_1H2025,passenger_revenue,Reported passenger-related revenue,revenue_driver,monetary,,,,,,,,,,,,no_metric_disclosed,,,,No safe source metric found in the covered report layer; blank is intentional.,2026-08-07T15:07:52.047000+00:00
airline_earnings_driver_comparability,Juneyao Airlines,603885.SH,1H2025,2025-06-30,2025-08-23,True,common_1H2025,cargo_revenue,Reported cargo or cargo-and-mail revenue,revenue_driver,monetary,,,,,,,,,,,,no_metric_disclosed,,,,No safe source metric found in the covered report layer; blank is intentional.,2026-08-07T15:07:52.047000+00:00
airline_earnings_driver_comparability,Juneyao Airlines,603885.SH,1H2025,2025-06-30,2025-08-23,True,common_1H2025,operating_cost,Reported operating cost,cost_driver,monetary,operating_cost,9757.2537306,RMB million,RMB,1361.855587979421,USD million,USD_CNY,2025-06-30,group_reported,issuer_reported,issuer_reported,point_in_time_ready,primary_issuer,https://static.cninfo.com.cn/finalpage/2025-08-23/1224558764.PDF,16.0,Primary issuer income-statement / financial-indicator table.,2026-08-07T15:07:52.047000+00:00
airline_earnings_driver_comparability,Juneyao Airlines,603885.SH,1H2025,2025-06-30,2025-08-23,True,common_1H2025,fuel_cost,Reported gross or accounting aviation-fuel cost,cost_driver,monetary,fuel_cost,3272.9999999999995,RMB million,RMB,456.8245802072168,USD million,USD_CNY,2025-06-30,group_reported,issuer_reported,issuer_reported,point_in_time_ready,primary_issuer,https://static.cninfo.com.cn/finalpage/2025-08-23/1224558764.PDF,24.0,Primary issuer risk/operating disclosure; fuel cost reported in RMB hundred-million.,2026-08-07T15:07:52.047000+00:00
airline_earnings_driver_comparability,Juneyao Airlines,603885.SH,1H2025,2025-06-30,2025-08-23,True,common_1H2025,fuel_cost_share_pct,"Fuel cost divided by operating cost, or issuer-reported share",cost_driver,percentage,fuel_cost_share_pct_derived,33.54427475566666,%,,,,,,derived_group,derived,derived,point_in_time_ready,primary_issuer,https://static.cninfo.com.cn/finalpage/2025-08-23/1224558764.PDF,16.0,Derived as reported fuel cost / reported operating cost.,2026-08-07T15:07:52.047000+00:00
airline_earnings_driver_comparability,Juneyao Airlines,603885.SH,1H2025,2025-06-30,2025-08-23,True,common_1H2025,attributable_profit,Profit attributable to the parent/group shareholders,outcome,monetary,attributable_net_income,505.4922413999999,RMB million,RMB,70.55340084801713,USD million,USD_CNY,2025-06-30,group_reported,issuer_reported,issuer_reported,point_in_time_ready,primary_issuer,https://static.cninfo.com.cn/finalpage/2025-08-23/1224558764.PDF,6.0,Primary issuer annual/interim report main financial-data table.,2026-08-07T15:07:52.047000+00:00
airline_earnings_driver_comparability,Juneyao Airlines,603885.SH,1H2025,2025-06-30,2025-08-23,True,common_1H2025,operating_cash_flow,Reported net cash flow from operating activities,cash_flow_driver,monetary,operating_cash_flow,3107.3139008699995,RMB million,RMB,433.6991653947409,USD million,USD_CNY,2025-06-30,group_reported,issuer_reported,issuer_reported,point_in_time_ready,primary_issuer,https://static.cninfo.com.cn/finalpage/2025-08-23/1224558764.PDF,6.0,Primary issuer annual/interim report main financial-data table.,2026-08-07T15:07:52.047000+00:00
airline_earnings_driver_comparability,Juneyao Airlines,603885.SH,1H2025,2025-06-30,2025-08-23,True,common_1H2025,cash_and_cash_equivalents,Reported group cash and cash equivalents at period end,liquidity_driver,monetary,cash_and_cash_equivalents,2689.08841001,RMB million,RMB,375.3259040766607,USD million,USD_CNY,2025-06-30,group_reported,issuer_reported,issuer_reported,point_in_time_ready,primary_issuer,https://static.cninfo.com.cn/finalpage/2025-08-23/1224558764.PDF,60.0,Primary issuer table anchor; Juneyao Airlines consolidated cash-flow statement: period-end cash and cash equivalents.,2026-08-07T15:07:52.047000+00:00
airline_earnings_driver_comparability,Juneyao Airlines,603885.SH,1H2025,2025-06-30,2025-08-23,True,common_1H2025,total_liabilities,Reported group total liabilities at period end,liquidity_driver,monetary,total_liabilities,40861.90831457,RMB million,RMB,5703.245986027871,USD million,USD_CNY,2025-06-30,group_reported,issuer_reported,issuer_reported,point_in_time_ready,primary_issuer,https://static.cninfo.com.cn/finalpage/2025-08-23/1224558764.PDF,53.0,Primary issuer table anchor; Juneyao Airlines consolidated balance sheet: total liabilities.,2026-08-07T15:07:52.047000+00:00
airline_earnings_driver_comparability,Juneyao Airlines,603885.SH,1H2025,2025-06-30,2025-08-23,True,common_1H2025,liabilities_to_assets_pct,Total liabilities divided by total assets; derived from the same issuer report,liquidity_driver,percentage,liabilities_to_assets_pct_derived,81.71827217407623,%,,,,,,derived_group,derived_from_total_liabilities_divided_by_total_assets,derived,point_in_time_ready,primary_issuer,https://static.cninfo.com.cn/finalpage/2025-08-23/1224558764.PDF,53.0,"Derived as consolidated total liabilities / total assets; not an issuer-reported ratio. Input source pages: liabilities=53, assets=6.",2026-08-07T15:07:52.047000+00:00
airline_earnings_driver_comparability,Juneyao Airlines,603885.SH,1H2025,2025-06-30,2025-08-23,True,common_1H2025,interest_bearing_debt,Reported group interest-bearing debt including stated lease/debt components where the issuer scope is explicit,liquidity_driver,monetary,interest_bearing_debt,36097.0,RMB million,RMB,5038.190306061689,USD million,USD_CNY,2025-06-30,group_reported,issuer_reported,issuer_reported,point_in_time_ready,primary_issuer,https://static.cninfo.com.cn/finalpage/2025-08-23/1224558764.PDF,162.0,"Primary issuer table anchor; Juneyao Airlines management discussion: group interest-bearing debt, reported as RMB360.97亿元 (RMB36.097bn).",2026-08-07T15:07:52.047000+00:00
airline_earnings_driver_comparability,Juneyao Airlines,603885.SH,1H2025,2025-06-30,2025-08-23,True,common_1H2025,capex_cash_paid,"Cash paid for property, plant and equipment and other long-term assets",cash_flow_driver,monetary,capex_cash_paid,433.39876325,RMB million,RMB,60.49105043813267,USD million,USD_CNY,2025-06-30,group_reported,issuer_reported,issuer_reported,point_in_time_ready,primary_issuer,https://static.cninfo.com.cn/finalpage/2025-08-23/1224558764.PDF,59.0,"Primary issuer table anchor; Juneyao Airlines consolidated cash-flow statement: cash paid for property, plant and equipment and other long-term assets.",2026-08-07T15:07:52.047000+00:00
airline_earnings_driver_comparability,Juneyao Airlines,603885.SH,1H2025,2025-06-30,2025-08-23,True,common_1H2025,net_borrowings,Issuer-reported net borrowings; not interchangeable with gross interest-bearing debt,liquidity_driver,monetary,,,,,,,,,,,,no_metric_disclosed,,,,No safe source metric found in the covered report layer; blank is intentional.,2026-08-07T15:07:52.047000+00:00
airline_earnings_driver_comparability,Juneyao Airlines,603885.SH,1H2025,2025-06-30,2025-08-23,True,common_1H2025,available_unrestricted_liquidity,Issuer-reported available unrestricted liquidity,liquidity_driver,monetary,,,,,,,,,,,,no_metric_disclosed,,,,No safe source metric found in the covered report layer; blank is intentional.,2026-08-07T15:07:52.047000+00:00
airline_earnings_driver_comparability,Juneyao Airlines,603885.SH,1H2025,2025-06-30,2025-08-23,True,common_1H2025,ask,Available seat kilometres,capacity_driver,physical,ask,28622.8614,million seat-km,,,,,,group_reported,issuer_reported,issuer_reported,point_in_time_ready,primary_issuer,https://static.cninfo.com.cn/finalpage/2025-08-23/1224558764.PDF,9.0,Primary issuer operating-information table; ASK normalized to million seat-km.,2026-08-07T15:07:52.047000+00:00
airline_earnings_driver_comparability,Juneyao Airlines,603885.SH,1H2025,2025-06-30,2025-08-23,True,common_1H2025,rpk,Revenue passenger kilometres,demand_driver,physical,rpk,24379.0514,million passenger-km,,,,,,group_reported,issuer_reported,issuer_reported,point_in_time_ready,primary_issuer,https://static.cninfo.com.cn/finalpage/2025-08-23/1224558764.PDF,9.0,Primary issuer operating-information table; RPK normalized to million passenger-km.,2026-08-07T15:07:52.047000+00:00
airline_earnings_driver_comparability,Juneyao Airlines,603885.SH,1H2025,2025-06-30,2025-08-23,True,common_1H2025,passengers,Passengers carried or revenue passengers carried,demand_driver,physical,passengers,19.11,million passengers,,,,,,group_reported,issuer_reported,issuer_reported,point_in_time_ready,primary_issuer,https://static.cninfo.com.cn/finalpage/2025-08-23/1224558764.PDF,9.0,Primary issuer operating-information table; passenger count normalized to millions.,2026-08-07T15:07:52.047000+00:00
airline_earnings_driver_comparability,Juneyao Airlines,603885.SH,1H2025,2025-06-30,2025-08-23,True,common_1H2025,passenger_load_factor_pct,Passenger load factor,demand_driver,percentage,passenger_load_factor_pct,85.17,%,,,,,,group_reported,issuer_reported,issuer_reported,point_in_time_ready,primary_issuer,https://static.cninfo.com.cn/finalpage/2025-08-23/1224558764.PDF,9.0,Primary issuer operating-information table.,2026-08-07T15:07:52.047000+00:00
airline_earnings_driver_comparability,Juneyao Airlines,603885.SH,1H2025,2025-06-30,2025-08-23,True,common_1H2025,passenger_yield,Passenger revenue yield per RPK,revenue_driver,unit_rate,passenger_yield,0.5,RMB/RPK,RMB,,,,,issuer_disclosed_line,issuer_reported,issuer_reported,point_in_time_ready,primary_issuer,https://static.cninfo.com.cn/finalpage/2025-08-23/1224558764.PDF,9.0,Primary issuer disclosed passenger-yield line; scope follows the issuer table.,2026-08-07T15:07:52.047000+00:00
airline_earnings_driver_comparability,Juneyao Airlines,603885.SH,1H2025,2025-06-30,2025-08-23,True,common_1H2025,cargo_tonnes,Cargo tonnes carried,demand_driver,physical,,,,,,,,,,,,no_metric_disclosed,,,,No safe source metric found in the covered report layer; blank is intentional.,2026-08-07T15:07:52.047000+00:00
airline_earnings_driver_comparability,Juneyao Airlines,603885.SH,1H2025,2025-06-30,2025-08-23,True,common_1H2025,cargo_load_factor_pct,Cargo/freight load factor,demand_driver,percentage,cargo_load_factor_pct,28.34,%,,,,,,group_reported,issuer_reported,issuer_reported,point_in_time_ready,primary_issuer,https://static.cninfo.com.cn/finalpage/2025-08-23/1224558764.PDF,9.0,Primary issuer operating-information table.,2026-08-07T15:07:52.047000+00:00
airline_earnings_driver_comparability,Juneyao Airlines,603885.SH,1H2025,2025-06-30,2025-08-23,True,common_1H2025,cargo_yield,Cargo yield per RTK/freight RTK,revenue_driver,unit_rate,,,,,,,,,,,,no_metric_disclosed,,,,No safe source metric found in the covered report layer; blank is intentional.,2026-08-07T15:07:52.047000+00:00
airline_earnings_driver_comparability,Juneyao Airlines,603885.SH,1H2025,2025-06-30,2025-08-23,True,common_1H2025,cask,"Cost per available seat kilometre; issuer-reported where available, otherwise derived",cost_driver,unit_rate,cask,0.35,RMB/ASK,RMB,,,,,issuer_disclosed_line,issuer_reported,issuer_reported,point_in_time_ready,primary_issuer,https://static.cninfo.com.cn/finalpage/2025-08-23/1224558764.PDF,9.0,Primary issuer disclosed unit-cost line; scope follows the issuer table.,2026-08-07T15:07:52.047000+00:00
airline_earnings_driver_comparability,Juneyao Airlines,603885.SH,1H2025,2025-06-30,2025-08-23,True,common_1H2025,rask_proxy,Revenue per ASK proxy; source scope is retained because it may be passenger-only,revenue_driver,unit_rate,rask_from_reported_yield_derived,0.4258667758493216,RMB/ASK,RMB,,,,,derived_group,derived_from_reported_yield_load_factor,derived,point_in_time_ready,primary_issuer,https://static.cninfo.com.cn/finalpage/2025-08-23/1224558764.PDF,9.0,Derived as reported passenger yield × RPK / ASK; preserves the issuer yield scope and is not issuer-reported RASK.,2026-08-07T15:07:52.047000+00:00
airline_earnings_driver_comparability,Juneyao Airlines,603885.SH,1H2025,2025-06-30,2025-08-23,True,common_1H2025,fuel_cost_per_ask,"Fuel cost per ASK, derived from fuel cost and ASK",cost_driver,unit_rate,fuel_cost_per_ask_derived,0.1143491544839049,RMB/ASK,RMB,,,,,derived_group,derived,derived,point_in_time_ready,primary_issuer,https://static.cninfo.com.cn/finalpage/2025-08-23/1224558764.PDF,9.0,"Derived as reported fuel cost / ASK; fuel-price, mix and hedging effects remain embedded.",2026-08-07T15:07:52.047000+00:00
airline_earnings_driver_comparability,Juneyao Airlines,603885.SH,1H2025,2025-06-30,2025-08-23,True,common_1H2025,cost_per_atk_ex_fuel,Cost per ATK excluding fuel,cost_driver,unit_rate,,,,,,,,,,,,no_metric_disclosed,,,,No safe source metric found in the covered report layer; blank is intentional.,2026-08-07T15:07:52.047000+00:00
airline_earnings_driver_comparability,Juneyao Airlines,603885.SH,1H2025,2025-06-30,2025-08-23,True,common_1H2025,fuel_intensity,Fuel consumption intensity; ATK/RTK denominator is retained,cost_driver,unit_rate,,,,,,,,,,,,no_metric_disclosed,,,,No safe source metric found in the covered report layer; blank is intentional.,2026-08-07T15:07:52.047000+00:00
airline_earnings_driver_comparability,Juneyao Airlines,603885.SH,1H2025,2025-06-30,2025-08-23,True,common_1H2025,fuel_hedging_loss_gain,Reported fuel-hedging loss/gain; sign convention is source-specific,risk_driver,monetary,,,,,,,,,,,,no_metric_disclosed,,,,No safe source metric found in the covered report layer; blank is intentional.,2026-08-07T15:07:52.047000+00:00
airline_earnings_driver_comparability,Juneyao Airlines,603885.SH,1H2025,2025-06-30,2025-08-23,True,common_1H2025,fuel_hedge_fair_value_change,Change in fuel-hedge fair value,risk_driver,monetary,,,,,,,,,,,,no_metric_disclosed,,,,No safe source metric found in the covered report layer; blank is intentional.,2026-08-07T15:07:52.047000+00:00
airline_earnings_driver_comparability,Juneyao Airlines,603885.SH,1H2025,2025-06-30,2025-08-23,True,common_1H2025,fuel_sensitivity_5pct_cost_abs,Absolute operating-cost sensitivity to a 5% fuel-price move,risk_driver,monetary,,,,,,,,,,,,no_metric_disclosed,,,,No safe source metric found in the covered report layer; blank is intentional.,2026-08-07T15:07:52.047000+00:00
airline_earnings_driver_comparability,Juneyao Airlines,603885.SH,1H2025,2025-06-30,2025-08-23,True,common_1H2025,fuel_sensitivity_5pct_profit_up,Profit sensitivity to a 5% fuel-price increase,risk_driver,monetary,,,,,,,,,,,,no_metric_disclosed,,,,No safe source metric found in the covered report layer; blank is intentional.,2026-08-07T15:07:52.047000+00:00
airline_earnings_driver_comparability,Juneyao Airlines,603885.SH,1H2025,2025-06-30,2025-08-23,True,common_1H2025,fuel_sensitivity_5pct_profit_down,Profit sensitivity to a 5% fuel-price decrease,risk_driver,monetary,,,,,,,,,,,,no_metric_disclosed,,,,No safe source metric found in the covered report layer; blank is intentional.,2026-08-07T15:07:52.047000+00:00
airline_earnings_driver_comparability,Juneyao Airlines,603885.SH,1H2025,2025-06-30,2025-08-23,True,common_1H2025,fleet_total,Reported aircraft fleet total,capacity_driver,physical,fleet_total,88.0,aircraft,,,,,,group_reported,issuer_reported,issuer_reported,point_in_time_ready,primary_issuer,https://static.cninfo.com.cn/finalpage/2025-08-23/1224558764.PDF,9.0,Primary issuer fleet table / group fleet total.,2026-08-07T15:07:52.047000+00:00
airline_earnings_driver_comparability,Juneyao Airlines,603885.SH,1H2025,2025-06-30,2025-08-23,True,common_1H2025,daily_utilization,Aircraft daily utilization,capacity_driver,unit_rate,daily_utilization,11.66,hours/day,,,,,,group_reported,issuer_reported,issuer_reported,point_in_time_ready,primary_issuer,https://static.cninfo.com.cn/finalpage/2025-08-23/1224558764.PDF,9.0,Primary issuer operating-information table.,2026-08-07T15:07:52.047000+00:00
airline_earnings_driver_comparability,Cathay Pacific,0293.HK,FY2025,2025-12-31,2026-03-11,True,common_FY2025,total_revenue,Reported group or total revenue,outcome,monetary,total_revenue,116766.0,HKD million,HKD,15000.4427971661,USD million,USD_HKD,2025-12-31,,,issuer_reported,point_in_time_ready,primary_issuer,https://www.cathaypacific.com/content/dam/cx/about-us/investor-relations/interim-annual-reports/en/2025_cx_annual_report_en.pdf,85.0,Cathay Pacific FY2025 Annual Report official table; report announcement date is 2026-03-11 from the issuer annual-results announcement.,2026-08-07T15:07:52.047000+00:00
airline_earnings_driver_comparability,Cathay Pacific,0293.HK,FY2025,2025-12-31,2026-03-11,True,common_FY2025,passenger_revenue,Reported passenger-related revenue,revenue_driver,monetary,passenger_revenue,78848.0,HKD million,HKD,10129.274905973934,USD million,USD_HKD,2025-12-31,,,issuer_reported,point_in_time_ready,primary_issuer,https://www.cathaypacific.com/content/dam/cx/about-us/investor-relations/interim-annual-reports/en/2025_cx_annual_report_en.pdf,85.0,Cathay Pacific FY2025 Annual Report official table; report announcement date is 2026-03-11 from the issuer annual-results announcement.,2026-08-07T15:07:52.047000+00:00
airline_earnings_driver_comparability,Cathay Pacific,0293.HK,FY2025,2025-12-31,2026-03-11,True,common_FY2025,cargo_revenue,Reported cargo or cargo-and-mail revenue,revenue_driver,monetary,cargo_revenue,27572.0,HKD million,HKD,3542.060264147643,USD million,USD_HKD,2025-12-31,,,issuer_reported,point_in_time_ready,primary_issuer,https://www.cathaypacific.com/content/dam/cx/about-us/investor-relations/interim-annual-reports/en/2025_cx_annual_report_en.pdf,85.0,Cathay Pacific FY2025 Annual Report official table; report announcement date is 2026-03-11 from the issuer annual-results announcement.,2026-08-07T15:07:52.047000+00:00
airline_earnings_driver_comparability,Cathay Pacific,0293.HK,FY2025,2025-12-31,2026-03-11,True,common_FY2025,operating_cost,Reported operating cost,cost_driver,monetary,operating_cost,102693.0,HKD million,HKD,13192.542967725009,USD million,USD_HKD,2025-12-31,,,issuer_reported,point_in_time_ready,primary_issuer,https://www.cathaypacific.com/content/dam/cx/about-us/investor-relations/interim-annual-reports/en/2025_cx_annual_report_en.pdf,36.0,Cathay Pacific FY2025 Annual Report official table; report announcement date is 2026-03-11 from the issuer annual-results announcement.,2026-08-07T15:07:52.047000+00:00
airline_earnings_driver_comparability,Cathay Pacific,0293.HK,FY2025,2025-12-31,2026-03-11,True,common_FY2025,fuel_cost,Reported gross or accounting aviation-fuel cost,cost_driver,monetary,fuel_cost,31344.0,HKD million,HKD,4026.633429546051,USD million,USD_HKD,2025-12-31,,,issuer_reported,point_in_time_ready,primary_issuer,https://www.cathaypacific.com/content/dam/cx/about-us/investor-relations/interim-annual-reports/en/2025_cx_annual_report_en.pdf,36.0,Cathay Pacific FY2025 Annual Report official table; report announcement date is 2026-03-11 from the issuer annual-results announcement.,2026-08-07T15:07:52.047000+00:00
airline_earnings_driver_comparability,Cathay Pacific,0293.HK,FY2025,2025-12-31,2026-03-11,True,common_FY2025,fuel_cost_share_pct,"Fuel cost divided by operating cost, or issuer-reported share",cost_driver,percentage,,,,,,,,,,,,no_metric_disclosed,,,,No safe source metric found in the covered report layer; blank is intentional.,2026-08-07T15:07:52.047000+00:00
airline_earnings_driver_comparability,Cathay Pacific,0293.HK,FY2025,2025-12-31,2026-03-11,True,common_FY2025,attributable_profit,Profit attributable to the parent/group shareholders,outcome,monetary,group_attributable_profit,10828.0,HKD million,HKD,1391.0281640864166,USD million,USD_HKD,2025-12-31,,,issuer_reported,point_in_time_ready,primary_issuer,https://www.cathaypacific.com/content/dam/cx/about-us/investor-relations/interim-annual-reports/en/2025_cx_annual_report_en.pdf,85.0,Cathay Pacific FY2025 Annual Report official table; report announcement date is 2026-03-11 from the issuer annual-results announcement.,2026-08-07T15:07:52.047000+00:00
airline_earnings_driver_comparability,Cathay Pacific,0293.HK,FY2025,2025-12-31,2026-03-11,True,common_FY2025,operating_cash_flow,Reported net cash flow from operating activities,cash_flow_driver,monetary,,,,,,,,,,,,no_metric_disclosed,,,,No safe source metric found in the covered report layer; blank is intentional.,2026-08-07T15:07:52.047000+00:00
airline_earnings_driver_comparability,Cathay Pacific,0293.HK,FY2025,2025-12-31,2026-03-11,True,common_FY2025,cash_and_cash_equivalents,Reported group cash and cash equivalents at period end,liquidity_driver,monetary,,,,,,,,,,,,no_metric_disclosed,,,,No safe source metric found in the covered report layer; blank is intentional.,2026-08-07T15:07:52.047000+00:00
airline_earnings_driver_comparability,Cathay Pacific,0293.HK,FY2025,2025-12-31,2026-03-11,True,common_FY2025,total_liabilities,Reported group total liabilities at period end,liquidity_driver,monetary,,,,,,,,,,,,no_metric_disclosed,,,,No safe source metric found in the covered report layer; blank is intentional.,2026-08-07T15:07:52.047000+00:00
airline_earnings_driver_comparability,Cathay Pacific,0293.HK,FY2025,2025-12-31,2026-03-11,True,common_FY2025,liabilities_to_assets_pct,Total liabilities divided by total assets; derived from the same issuer report,liquidity_driver,percentage,,,,,,,,,,,,no_metric_disclosed,,,,No safe source metric found in the covered report layer; blank is intentional.,2026-08-07T15:07:52.047000+00:00
airline_earnings_driver_comparability,Cathay Pacific,0293.HK,FY2025,2025-12-31,2026-03-11,True,common_FY2025,interest_bearing_debt,Reported group interest-bearing debt including stated lease/debt components where the issuer scope is explicit,liquidity_driver,monetary,,,,,,,,,,,,no_metric_disclosed,,,,No safe source metric found in the covered report layer; blank is intentional.,2026-08-07T15:07:52.047000+00:00
airline_earnings_driver_comparability,Cathay Pacific,0293.HK,FY2025,2025-12-31,2026-03-11,True,common_FY2025,capex_cash_paid,"Cash paid for property, plant and equipment and other long-term assets",cash_flow_driver,monetary,,,,,,,,,,,,no_metric_disclosed,,,,No safe source metric found in the covered report layer; blank is intentional.,2026-08-07T15:07:52.047000+00:00
airline_earnings_driver_comparability,Cathay Pacific,0293.HK,FY2025,2025-12-31,2026-03-11,True,common_FY2025,net_borrowings,Issuer-reported net borrowings; not interchangeable with gross interest-bearing debt,liquidity_driver,monetary,net_borrowings,46812.0,HKD million,HKD,6013.743112044083,USD million,USD_HKD,2025-12-31,,,issuer_reported,point_in_time_ready,primary_issuer,https://www.cathaypacific.com/content/dam/cx/about-us/investor-relations/interim-annual-reports/en/2025_cx_annual_report_en.pdf,5.0,Cathay Pacific FY2025 Annual Report official table; report announcement date is 2026-03-11 from the issuer annual-results announcement.,2026-08-07T15:07:52.047000+00:00
airline_earnings_driver_comparability,Cathay Pacific,0293.HK,FY2025,2025-12-31,2026-03-11,True,common_FY2025,available_unrestricted_liquidity,Issuer-reported available unrestricted liquidity,liquidity_driver,monetary,available_unrestricted_liquidity,25435.0,HKD million,HKD,3267.528754482638,USD million,USD_HKD,2025-12-31,,,issuer_reported,point_in_time_ready,primary_issuer,https://www.cathaypacific.com/content/dam/cx/about-us/investor-relations/interim-annual-reports/en/2025_cx_annual_report_en.pdf,5.0,Cathay Pacific FY2025 Annual Report official table; report announcement date is 2026-03-11 from the issuer annual-results announcement.,2026-08-07T15:07:52.047000+00:00
airline_earnings_driver_comparability,Cathay Pacific,0293.HK,FY2025,2025-12-31,2026-03-11,True,common_FY2025,ask,Available seat kilometres,capacity_driver,physical,ask,140681.0,ASK million,,,,,,,,issuer_reported,point_in_time_ready,primary_issuer,https://www.cathaypacific.com/content/dam/cx/about-us/investor-relations/interim-annual-reports/en/2025_cx_annual_report_en.pdf,5.0,Cathay Pacific FY2025 Annual Report official table; report announcement date is 2026-03-11 from the issuer annual-results announcement.,2026-08-07T15:07:52.047000+00:00
airline_earnings_driver_comparability,Cathay Pacific,0293.HK,FY2025,2025-12-31,2026-03-11,True,common_FY2025,rpk,Revenue passenger kilometres,demand_driver,physical,rpk,119875.0,RPK million,,,,,,,,issuer_reported,point_in_time_ready,primary_issuer,https://www.cathaypacific.com/content/dam/cx/about-us/investor-relations/interim-annual-reports/en/2025_cx_annual_report_en.pdf,5.0,Cathay Pacific FY2025 Annual Report official table; report announcement date is 2026-03-11 from the issuer annual-results announcement.,2026-08-07T15:07:52.047000+00:00
airline_earnings_driver_comparability,Cathay Pacific,0293.HK,FY2025,2025-12-31,2026-03-11,True,common_FY2025,passengers,Passengers carried or revenue passengers carried,demand_driver,physical,passengers_carried,28871.0,thousand passengers,,,,,,,,issuer_reported,point_in_time_ready,primary_issuer,https://www.cathaypacific.com/content/dam/cx/about-us/investor-relations/interim-annual-reports/en/2025_cx_annual_report_en.pdf,5.0,Cathay Pacific FY2025 Annual Report official table; report announcement date is 2026-03-11 from the issuer annual-results announcement.,2026-08-07T15:07:52.047000+00:00
airline_earnings_driver_comparability,Cathay Pacific,0293.HK,FY2025,2025-12-31,2026-03-11,True,common_FY2025,passenger_load_factor_pct,Passenger load factor,demand_driver,percentage,passenger_load_factor,85.2,percent,,,,,,,,issuer_reported,point_in_time_ready,primary_issuer,https://www.cathaypacific.com/content/dam/cx/about-us/investor-relations/interim-annual-reports/en/2025_cx_annual_report_en.pdf,5.0,Cathay Pacific FY2025 Annual Report official table; report announcement date is 2026-03-11 from the issuer annual-results announcement.,2026-08-07T15:07:52.047000+00:00
airline_earnings_driver_comparability,Cathay Pacific,0293.HK,FY2025,2025-12-31,2026-03-11,True,common_FY2025,passenger_yield,Passenger revenue yield per RPK,revenue_driver,unit_rate,passenger_yield,60.4,HK cents per RPK,HKD,7.759337006909822,USD cents per RPK,USD_HKD,2025-12-31,,,issuer_reported,point_in_time_ready,primary_issuer,https://www.cathaypacific.com/content/dam/cx/about-us/investor-relations/interim-annual-reports/en/2025_cx_annual_report_en.pdf,5.0,Cathay Pacific FY2025 Annual Report official table; report announcement date is 2026-03-11 from the issuer annual-results announcement.,2026-08-07T15:07:52.047000+00:00
airline_earnings_driver_comparability,Cathay Pacific,0293.HK,FY2025,2025-12-31,2026-03-11,True,common_FY2025,cargo_tonnes,Cargo tonnes carried,demand_driver,physical,cargo_tonnes,1677.0,thousand tonnes,,,,,,,,issuer_reported,point_in_time_ready,primary_issuer,https://www.cathaypacific.com/content/dam/cx/about-us/investor-relations/interim-annual-reports/en/2025_cx_annual_report_en.pdf,5.0,Cathay Pacific FY2025 Annual Report official table; report announcement date is 2026-03-11 from the issuer annual-results announcement.,2026-08-07T15:07:52.047000+00:00
airline_earnings_driver_comparability,Cathay Pacific,0293.HK,FY2025,2025-12-31,2026-03-11,True,common_FY2025,cargo_load_factor_pct,Cargo/freight load factor,demand_driver,percentage,cargo_load_factor,58.8,percent,,,,,,,,issuer_reported,point_in_time_ready,primary_issuer,https://www.cathaypacific.com/content/dam/cx/about-us/investor-relations/interim-annual-reports/en/2025_cx_annual_report_en.pdf,5.0,Cathay Pacific FY2025 Annual Report official table; report announcement date is 2026-03-11 from the issuer annual-results announcement.,2026-08-07T15:07:52.047000+00:00
airline_earnings_driver_comparability,Cathay Pacific,0293.HK,FY2025,2025-12-31,2026-03-11,True,common_FY2025,cargo_yield,Cargo yield per RTK/freight RTK,revenue_driver,unit_rate,cargo_yield,2.69,HKD per RFTK,HKD,0.3455731216653547,USD per RFTK,USD_HKD,2025-12-31,,,issuer_reported,point_in_time_ready,primary_issuer,https://www.cathaypacific.com/content/dam/cx/about-us/investor-relations/interim-annual-reports/en/2025_cx_annual_report_en.pdf,5.0,Cathay Pacific FY2025 Annual Report official table; report announcement date is 2026-03-11 from the issuer annual-results announcement.,2026-08-07T15:07:52.047000+00:00
airline_earnings_driver_comparability,Cathay Pacific,0293.HK,FY2025,2025-12-31,2026-03-11,True,common_FY2025,cask,"Cost per available seat kilometre; issuer-reported where available, otherwise derived",cost_driver,unit_rate,,,,,,,,,,,,no_metric_disclosed,,,,No safe source metric found in the covered report layer; blank is intentional.,2026-08-07T15:07:52.047000+00:00
airline_earnings_driver_comparability,Cathay Pacific,0293.HK,FY2025,2025-12-31,2026-03-11,True,common_FY2025,rask_proxy,Revenue per ASK proxy; source scope is retained because it may be passenger-only,revenue_driver,unit_rate,passenger_revenue_per_ask,51.5,HK cents per ASK,HKD,6.6159909909909915,USD cents per ASK,USD_HKD,2025-12-31,,,issuer_reported,point_in_time_ready,primary_issuer,https://www.cathaypacific.com/content/dam/cx/about-us/investor-relations/interim-annual-reports/en/2025_cx_annual_report_en.pdf,5.0,Cathay Pacific FY2025 Annual Report official table; report announcement date is 2026-03-11 from the issuer annual-results announcement.,2026-08-07T15:07:52.047000+00:00
airline_earnings_driver_comparability,Cathay Pacific,0293.HK,FY2025,2025-12-31,2026-03-11,True,common_FY2025,fuel_cost_per_ask,"Fuel cost per ASK, derived from fuel cost and ASK",cost_driver,unit_rate,,,,,,,,,,,,no_metric_disclosed,,,,No safe source metric found in the covered report layer; blank is intentional.,2026-08-07T15:07:52.047000+00:00
airline_earnings_driver_comparability,Cathay Pacific,0293.HK,FY2025,2025-12-31,2026-03-11,True,common_FY2025,cost_per_atk_ex_fuel,Cost per ATK excluding fuel,cost_driver,unit_rate,cost_per_atk_ex_fuel,2.32,HKD per ATK,HKD,0.2980407592058077,USD per ATK,USD_HKD,2025-12-31,,,issuer_reported,point_in_time_ready,primary_issuer,https://www.cathaypacific.com/content/dam/cx/about-us/investor-relations/interim-annual-reports/en/2025_cx_annual_report_en.pdf,36.0,Cathay Pacific FY2025 Annual Report official table; report announcement date is 2026-03-11 from the issuer annual-results announcement.,2026-08-07T15:07:52.047000+00:00
airline_earnings_driver_comparability,Cathay Pacific,0293.HK,FY2025,2025-12-31,2026-03-11,True,common_FY2025,fuel_intensity,Fuel consumption intensity; ATK/RTK denominator is retained,cost_driver,unit_rate,fuel_consumption_per_million_atk,1327.0,barrels per million ATK,,,,,,,,issuer_reported,point_in_time_ready,primary_issuer,https://www.cathaypacific.com/content/dam/cx/about-us/investor-relations/interim-annual-reports/en/2025_cx_annual_report_en.pdf,5.0,Cathay Pacific FY2025 Annual Report official table; report announcement date is 2026-03-11 from the issuer annual-results announcement.,2026-08-07T15:07:52.047000+00:00
airline_earnings_driver_comparability,Cathay Pacific,0293.HK,FY2025,2025-12-31,2026-03-11,True,common_FY2025,fuel_hedging_loss_gain,Reported fuel-hedging loss/gain; sign convention is source-specific,risk_driver,monetary,,,,,,,,,,,,no_metric_disclosed,,,,No safe source metric found in the covered report layer; blank is intentional.,2026-08-07T15:07:52.047000+00:00
airline_earnings_driver_comparability,Cathay Pacific,0293.HK,FY2025,2025-12-31,2026-03-11,True,common_FY2025,fuel_hedge_fair_value_change,Change in fuel-hedge fair value,risk_driver,monetary,fuel_hedge_fair_value_change,-1699.0,HKD million,HKD,-218.26346978046007,USD million,USD_HKD,2025-12-31,,,issuer_reported,point_in_time_ready,primary_issuer,https://www.cathaypacific.com/content/dam/cx/about-us/investor-relations/interim-annual-reports/en/2025_cx_annual_report_en.pdf,134.0,Cathay Pacific FY2025 Annual Report official table; report announcement date is 2026-03-11 from the issuer annual-results announcement.,2026-08-07T15:07:52.047000+00:00
airline_earnings_driver_comparability,Cathay Pacific,0293.HK,FY2025,2025-12-31,2026-03-11,True,common_FY2025,fuel_sensitivity_5pct_cost_abs,Absolute operating-cost sensitivity to a 5% fuel-price move,risk_driver,monetary,,,,,,,,,,,,no_metric_disclosed,,,,No safe source metric found in the covered report layer; blank is intentional.,2026-08-07T15:07:52.047000+00:00
airline_earnings_driver_comparability,Cathay Pacific,0293.HK,FY2025,2025-12-31,2026-03-11,True,common_FY2025,fuel_sensitivity_5pct_profit_up,Profit sensitivity to a 5% fuel-price increase,risk_driver,monetary,,,,,,,,,,,,no_metric_disclosed,,,,No safe source metric found in the covered report layer; blank is intentional.,2026-08-07T15:07:52.047000+00:00
airline_earnings_driver_comparability,Cathay Pacific,0293.HK,FY2025,2025-12-31,2026-03-11,True,common_FY2025,fuel_sensitivity_5pct_profit_down,Profit sensitivity to a 5% fuel-price decrease,risk_driver,monetary,,,,,,,,,,,,no_metric_disclosed,,,,No safe source metric found in the covered report layer; blank is intentional.,2026-08-07T15:07:52.047000+00:00
airline_earnings_driver_comparability,Cathay Pacific,0293.HK,FY2025,2025-12-31,2026-03-11,True,common_FY2025,fleet_total,Reported aircraft fleet total,capacity_driver,physical,,,,,,,,,,,,no_metric_disclosed,,,,No safe source metric found in the covered report layer; blank is intentional.,2026-08-07T15:07:52.047000+00:00
airline_earnings_driver_comparability,Cathay Pacific,0293.HK,FY2025,2025-12-31,2026-03-11,True,common_FY2025,daily_utilization,Aircraft daily utilization,capacity_driver,unit_rate,,,,,,,,,,,,no_metric_disclosed,,,,No safe source metric found in the covered report layer; blank is intentional.,2026-08-07T15:07:52.047000+00:00
airline_earnings_driver_comparability,Cathay Pacific,0293.HK,1H2026,2026-06-30,2026-08-05,True,latest_available,total_revenue,Reported group or total revenue,outcome,monetary,total_revenue,68061.0,HKD million,HKD,8679.205752658085,USD million,USD_HKD,2026-06-30,,,issuer_reported,point_in_time_ready,primary_issuer,https://www.cathaypacific.com/content/dam/cx/about-us/investor-relations/announcements/en/2026_cx_interim_results_en.pdf,9.0,Cathay Pacific 2026 Interim Results official unaudited interim report; authorised for issue and announced 2026-08-05.,2026-08-07T15:07:52.047000+00:00
airline_earnings_driver_comparability,Cathay Pacific,0293.HK,1H2026,2026-06-30,2026-08-05,True,latest_available,passenger_revenue,Reported passenger-related revenue,revenue_driver,monetary,passenger_revenue,47342.0,HKD million,HKD,6037.098466703973,USD million,USD_HKD,2026-06-30,,,issuer_reported,point_in_time_ready,primary_issuer,https://www.cathaypacific.com/content/dam/cx/about-us/investor-relations/announcements/en/2026_cx_interim_results_en.pdf,9.0,Cathay Pacific 2026 Interim Results official unaudited interim report; authorised for issue and announced 2026-08-05.,2026-08-07T15:07:52.047000+00:00
airline_earnings_driver_comparability,Cathay Pacific,0293.HK,1H2026,2026-06-30,2026-08-05,True,latest_available,cargo_revenue,Reported cargo or cargo-and-mail revenue,revenue_driver,monetary,cargo_revenue,15702.0,HKD million,HKD,2002.3345047565751,USD million,USD_HKD,2026-06-30,,,issuer_reported,point_in_time_ready,primary_issuer,https://www.cathaypacific.com/content/dam/cx/about-us/investor-relations/announcements/en/2026_cx_interim_results_en.pdf,9.0,Cathay Pacific 2026 Interim Results official unaudited interim report; authorised for issue and announced 2026-08-05.,2026-08-07T15:07:52.047000+00:00
airline_earnings_driver_comparability,Cathay Pacific,0293.HK,1H2026,2026-06-30,2026-08-05,True,latest_available,operating_cost,Reported operating cost,cost_driver,monetary,operating_cost,61466.0,HKD million,HKD,7838.204857302741,USD million,USD_HKD,2026-06-30,,,issuer_reported,point_in_time_ready,primary_issuer,https://www.cathaypacific.com/content/dam/cx/about-us/investor-relations/announcements/en/2026_cx_interim_results_en.pdf,9.0,Cathay Pacific 2026 Interim Results official unaudited interim report; authorised for issue and announced 2026-08-05.,2026-08-07T15:07:52.047000+00:00
airline_earnings_driver_comparability,Cathay Pacific,0293.HK,1H2026,2026-06-30,2026-08-05,True,latest_available,fuel_cost,Reported gross or accounting aviation-fuel cost,cost_driver,monetary,fuel_cost,23224.0,HKD million,HKD,2961.5473531057637,USD million,USD_HKD,2026-06-30,,,issuer_reported,point_in_time_ready,primary_issuer,https://www.cathaypacific.com/content/dam/cx/about-us/investor-relations/announcements/en/2026_cx_interim_results_en.pdf,9.0,Cathay Pacific 2026 Interim Results official unaudited interim report; authorised for issue and announced 2026-08-05.,2026-08-07T15:07:52.047000+00:00
airline_earnings_driver_comparability,Cathay Pacific,0293.HK,1H2026,2026-06-30,2026-08-05,True,latest_available,fuel_cost_share_pct,"Fuel cost divided by operating cost, or issuer-reported share",cost_driver,percentage,,,,,,,,,,,,no_metric_disclosed,,,,No safe source metric found in the covered report layer; blank is intentional.,2026-08-07T15:07:52.047000+00:00
airline_earnings_driver_comparability,Cathay Pacific,0293.HK,1H2026,2026-06-30,2026-08-05,True,latest_available,attributable_profit,Profit attributable to the parent/group shareholders,outcome,monetary,group_attributable_profit,6243.0,HKD million,HKD,796.1135086737548,USD million,USD_HKD,2026-06-30,,,issuer_reported,point_in_time_ready,primary_issuer,https://www.cathaypacific.com/content/dam/cx/about-us/investor-relations/announcements/en/2026_cx_interim_results_en.pdf,14.0,Cathay Pacific 2026 Interim Results official unaudited interim report; authorised for issue and announced 2026-08-05.,2026-08-07T15:07:52.047000+00:00
airline_earnings_driver_comparability,Cathay Pacific,0293.HK,1H2026,2026-06-30,2026-08-05,True,latest_available,operating_cash_flow,Reported net cash flow from operating activities,cash_flow_driver,monetary,operating_cash_flow,13673.0,HKD million,HKD,1743.5944264129826,USD million,USD_HKD,2026-06-30,,,issuer_reported,point_in_time_ready,primary_issuer,https://www.cathaypacific.com/content/dam/cx/about-us/investor-relations/announcements/en/2026_cx_interim_results_en.pdf,17.0,Cathay Pacific 2026 Interim Results official unaudited interim report; authorised for issue and announced 2026-08-05.,2026-08-07T15:07:52.047000+00:00
airline_earnings_driver_comparability,Cathay Pacific,0293.HK,1H2026,2026-06-30,2026-08-05,True,latest_available,cash_and_cash_equivalents,Reported group cash and cash equivalents at period end,liquidity_driver,monetary,,,,,,,,,,,,no_metric_disclosed,,,,No safe source metric found in the covered report layer; blank is intentional.,2026-08-07T15:07:52.047000+00:00
airline_earnings_driver_comparability,Cathay Pacific,0293.HK,1H2026,2026-06-30,2026-08-05,True,latest_available,total_liabilities,Reported group total liabilities at period end,liquidity_driver,monetary,,,,,,,,,,,,no_metric_disclosed,,,,No safe source metric found in the covered report layer; blank is intentional.,2026-08-07T15:07:52.047000+00:00
airline_earnings_driver_comparability,Cathay Pacific,0293.HK,1H2026,2026-06-30,2026-08-05,True,latest_available,liabilities_to_assets_pct,Total liabilities divided by total assets; derived from the same issuer report,liquidity_driver,percentage,,,,,,,,,,,,no_metric_disclosed,,,,No safe source metric found in the covered report layer; blank is intentional.,2026-08-07T15:07:52.047000+00:00
airline_earnings_driver_comparability,Cathay Pacific,0293.HK,1H2026,2026-06-30,2026-08-05,True,latest_available,interest_bearing_debt,Reported group interest-bearing debt including stated lease/debt components where the issuer scope is explicit,liquidity_driver,monetary,,,,,,,,,,,,no_metric_disclosed,,,,No safe source metric found in the covered report layer; blank is intentional.,2026-08-07T15:07:52.047000+00:00
airline_earnings_driver_comparability,Cathay Pacific,0293.HK,1H2026,2026-06-30,2026-08-05,True,latest_available,capex_cash_paid,"Cash paid for property, plant and equipment and other long-term assets",cash_flow_driver,monetary,,,,,,,,,,,,no_metric_disclosed,,,,No safe source metric found in the covered report layer; blank is intentional.,2026-08-07T15:07:52.047000+00:00
airline_earnings_driver_comparability,Cathay Pacific,0293.HK,1H2026,2026-06-30,2026-08-05,True,latest_available,net_borrowings,Issuer-reported net borrowings; not interchangeable with gross interest-bearing debt,liquidity_driver,monetary,net_borrowings,47267.0,HKD million,HKD,6027.534392837157,USD million,USD_HKD,2026-06-30,,,issuer_reported,point_in_time_ready,primary_issuer,https://www.cathaypacific.com/content/dam/cx/about-us/investor-relations/announcements/en/2026_cx_interim_results_en.pdf,2.0,Cathay Pacific 2026 Interim Results official unaudited interim report; authorised for issue and announced 2026-08-05.,2026-08-07T15:07:52.047000+00:00
airline_earnings_driver_comparability,Cathay Pacific,0293.HK,1H2026,2026-06-30,2026-08-05,True,latest_available,available_unrestricted_liquidity,Issuer-reported available unrestricted liquidity,liquidity_driver,monetary,available_unrestricted_liquidity,23575.0,HKD million,HKD,3006.307218802462,USD million,USD_HKD,2026-06-30,,,issuer_reported,point_in_time_ready,primary_issuer,https://www.cathaypacific.com/content/dam/cx/about-us/investor-relations/announcements/en/2026_cx_interim_results_en.pdf,2.0,Cathay Pacific 2026 Interim Results official unaudited interim report; authorised for issue and announced 2026-08-05.,2026-08-07T15:07:52.047000+00:00
airline_earnings_driver_comparability,Cathay Pacific,0293.HK,1H2026,2026-06-30,2026-08-05,True,latest_available,ask,Available seat kilometres,capacity_driver,physical,ask,74662.0,ASK million,,,,,,,,issuer_reported,point_in_time_ready,primary_issuer,https://www.cathaypacific.com/content/dam/cx/about-us/investor-relations/announcements/en/2026_cx_interim_results_en.pdf,2.0,Cathay Pacific 2026 Interim Results official unaudited interim report; authorised for issue and announced 2026-08-05.,2026-08-07T15:07:52.047000+00:00
airline_earnings_driver_comparability,Cathay Pacific,0293.HK,1H2026,2026-06-30,2026-08-05,True,latest_available,rpk,Revenue passenger kilometres,demand_driver,physical,rpk,65334.0,RPK million,,,,,,,,issuer_reported,point_in_time_ready,primary_issuer,https://www.cathaypacific.com/content/dam/cx/about-us/investor-relations/announcements/en/2026_cx_interim_results_en.pdf,2.0,Cathay Pacific 2026 Interim Results official unaudited interim report; authorised for issue and announced 2026-08-05.,2026-08-07T15:07:52.047000+00:00
airline_earnings_driver_comparability,Cathay Pacific,0293.HK,1H2026,2026-06-30,2026-08-05,True,latest_available,passengers,Passengers carried or revenue passengers carried,demand_driver,physical,passengers_carried,16006.0,thousand passengers,,,,,,,,issuer_reported,point_in_time_ready,primary_issuer,https://www.cathaypacific.com/content/dam/cx/about-us/investor-relations/announcements/en/2026_cx_interim_results_en.pdf,2.0,Cathay Pacific 2026 Interim Results official unaudited interim report; authorised for issue and announced 2026-08-05.,2026-08-07T15:07:52.047000+00:00
airline_earnings_driver_comparability,Cathay Pacific,0293.HK,1H2026,2026-06-30,2026-08-05,True,latest_available,passenger_load_factor_pct,Passenger load factor,demand_driver,percentage,passenger_load_factor,87.5,percent,,,,,,,,issuer_reported,point_in_time_ready,primary_issuer,https://www.cathaypacific.com/content/dam/cx/about-us/investor-relations/announcements/en/2026_cx_interim_results_en.pdf,2.0,Cathay Pacific 2026 Interim Results official unaudited interim report; authorised for issue and announced 2026-08-05.,2026-08-07T15:07:52.047000+00:00
airline_earnings_driver_comparability,Cathay Pacific,0293.HK,1H2026,2026-06-30,2026-08-05,True,latest_available,passenger_yield,Passenger revenue yield per RPK,revenue_driver,unit_rate,passenger_yield,66.1,HK cents per RPK,HKD,8.429137101287072,USD cents per RPK,USD_HKD,2026-06-30,,,issuer_reported,point_in_time_ready,primary_issuer,https://www.cathaypacific.com/content/dam/cx/about-us/investor-relations/announcements/en/2026_cx_interim_results_en.pdf,2.0,Cathay Pacific 2026 Interim Results official unaudited interim report; authorised for issue and announced 2026-08-05.,2026-08-07T15:07:52.047000+00:00
airline_earnings_driver_comparability,Cathay Pacific,0293.HK,1H2026,2026-06-30,2026-08-05,True,latest_available,cargo_tonnes,Cargo tonnes carried,demand_driver,physical,cargo_tonnes,869.0,thousand tonnes,,,,,,,,issuer_reported,point_in_time_ready,primary_issuer,https://www.cathaypacific.com/content/dam/cx/about-us/investor-relations/announcements/en/2026_cx_interim_results_en.pdf,2.0,Cathay Pacific 2026 Interim Results official unaudited interim report; authorised for issue and announced 2026-08-05.,2026-08-07T15:07:52.047000+00:00
airline_earnings_driver_comparability,Cathay Pacific,0293.HK,1H2026,2026-06-30,2026-08-05,True,latest_available,cargo_load_factor_pct,Cargo/freight load factor,demand_driver,percentage,cargo_load_factor,59.2,percent,,,,,,,,issuer_reported,point_in_time_ready,primary_issuer,https://www.cathaypacific.com/content/dam/cx/about-us/investor-relations/announcements/en/2026_cx_interim_results_en.pdf,2.0,Cathay Pacific 2026 Interim Results official unaudited interim report; authorised for issue and announced 2026-08-05.,2026-08-07T15:07:52.047000+00:00
airline_earnings_driver_comparability,Cathay Pacific,0293.HK,1H2026,2026-06-30,2026-08-05,True,latest_available,cargo_yield,Cargo yield per RTK/freight RTK,revenue_driver,unit_rate,cargo_yield,3.06,HKD per RFTK,HKD,0.3902142137660884,USD per RFTK,USD_HKD,2026-06-30,,,issuer_reported,point_in_time_ready,primary_issuer,https://www.cathaypacific.com/content/dam/cx/about-us/investor-relations/announcements/en/2026_cx_interim_results_en.pdf,2.0,Cathay Pacific 2026 Interim Results official unaudited interim report; authorised for issue and announced 2026-08-05.,2026-08-07T15:07:52.047000+00:00
airline_earnings_driver_comparability,Cathay Pacific,0293.HK,1H2026,2026-06-30,2026-08-05,True,latest_available,cask,"Cost per available seat kilometre; issuer-reported where available, otherwise derived",cost_driver,unit_rate,,,,,,,,,,,,no_metric_disclosed,,,,No safe source metric found in the covered report layer; blank is intentional.,2026-08-07T15:07:52.047000+00:00
airline_earnings_driver_comparability,Cathay Pacific,0293.HK,1H2026,2026-06-30,2026-08-05,True,latest_available,rask_proxy,Revenue per ASK proxy; source scope is retained because it may be passenger-only,revenue_driver,unit_rate,passenger_revenue_per_ask,57.9,HK cents per ASK,HKD,7.383465025181868,USD cents per ASK,USD_HKD,2026-06-30,,,issuer_reported,point_in_time_ready,primary_issuer,https://www.cathaypacific.com/content/dam/cx/about-us/investor-relations/announcements/en/2026_cx_interim_results_en.pdf,2.0,Cathay Pacific 2026 Interim Results official unaudited interim report; authorised for issue and announced 2026-08-05.,2026-08-07T15:07:52.047000+00:00
airline_earnings_driver_comparability,Cathay Pacific,0293.HK,1H2026,2026-06-30,2026-08-05,True,latest_available,fuel_cost_per_ask,"Fuel cost per ASK, derived from fuel cost and ASK",cost_driver,unit_rate,,,,,,,,,,,,no_metric_disclosed,,,,No safe source metric found in the covered report layer; blank is intentional.,2026-08-07T15:07:52.047000+00:00
airline_earnings_driver_comparability,Cathay Pacific,0293.HK,1H2026,2026-06-30,2026-08-05,True,latest_available,cost_per_atk_ex_fuel,Cost per ATK excluding fuel,cost_driver,unit_rate,cost_per_atk_ex_fuel,2.42,HKD per ATK,HKD,0.3086007834359261,USD per ATK,USD_HKD,2026-06-30,,,issuer_reported,point_in_time_ready,primary_issuer,https://www.cathaypacific.com/content/dam/cx/about-us/investor-relations/announcements/en/2026_cx_interim_results_en.pdf,2.0,Cathay Pacific 2026 Interim Results official unaudited interim report; authorised for issue and announced 2026-08-05.,2026-08-07T15:07:52.047000+00:00
airline_earnings_driver_comparability,Cathay Pacific,0293.HK,1H2026,2026-06-30,2026-08-05,True,latest_available,fuel_intensity,Fuel consumption intensity; ATK/RTK denominator is retained,cost_driver,unit_rate,fuel_consumption_per_million_atk,1345.0,barrels per million ATK,,,,,,,,issuer_reported,point_in_time_ready,primary_issuer,https://www.cathaypacific.com/content/dam/cx/about-us/investor-relations/announcements/en/2026_cx_interim_results_en.pdf,2.0,Cathay Pacific 2026 Interim Results official unaudited interim report; authorised for issue and announced 2026-08-05.,2026-08-07T15:07:52.047000+00:00
airline_earnings_driver_comparability,Cathay Pacific,0293.HK,1H2026,2026-06-30,2026-08-05,True,latest_available,fuel_hedging_loss_gain,Reported fuel-hedging loss/gain; sign convention is source-specific,risk_driver,monetary,fuel_hedging_loss_gain,-878.0,HKD million,HKD,-111.96342473419138,USD million,USD_HKD,2026-06-30,,,issuer_reported,point_in_time_ready,primary_issuer,https://www.cathaypacific.com/content/dam/cx/about-us/investor-relations/announcements/en/2026_cx_interim_results_en.pdf,11.0,Cathay Pacific 2026 Interim Results official unaudited interim report; authorised for issue and announced 2026-08-05.,2026-08-07T15:07:52.047000+00:00
airline_earnings_driver_comparability,Cathay Pacific,0293.HK,1H2026,2026-06-30,2026-08-05,True,latest_available,fuel_hedge_fair_value_change,Change in fuel-hedge fair value,risk_driver,monetary,,,,,,,,,,,,no_metric_disclosed,,,,No safe source metric found in the covered report layer; blank is intentional.,2026-08-07T15:07:52.047000+00:00
airline_earnings_driver_comparability,Cathay Pacific,0293.HK,1H2026,2026-06-30,2026-08-05,True,latest_available,fuel_sensitivity_5pct_cost_abs,Absolute operating-cost sensitivity to a 5% fuel-price move,risk_driver,monetary,,,,,,,,,,,,no_metric_disclosed,,,,No safe source metric found in the covered report layer; blank is intentional.,2026-08-07T15:07:52.047000+00:00
airline_earnings_driver_comparability,Cathay Pacific,0293.HK,1H2026,2026-06-30,2026-08-05,True,latest_available,fuel_sensitivity_5pct_profit_up,Profit sensitivity to a 5% fuel-price increase,risk_driver,monetary,,,,,,,,,,,,no_metric_disclosed,,,,No safe source metric found in the covered report layer; blank is intentional.,2026-08-07T15:07:52.047000+00:00
airline_earnings_driver_comparability,Cathay Pacific,0293.HK,1H2026,2026-06-30,2026-08-05,True,latest_available,fuel_sensitivity_5pct_profit_down,Profit sensitivity to a 5% fuel-price decrease,risk_driver,monetary,,,,,,,,,,,,no_metric_disclosed,,,,No safe source metric found in the covered report layer; blank is intentional.,2026-08-07T15:07:52.047000+00:00
airline_earnings_driver_comparability,Cathay Pacific,0293.HK,1H2026,2026-06-30,2026-08-05,True,latest_available,fleet_total,Reported aircraft fleet total,capacity_driver,physical,,,,,,,,,,,,no_metric_disclosed,,,,No safe source metric found in the covered report layer; blank is intentional.,2026-08-07T15:07:52.047000+00:00
airline_earnings_driver_comparability,Cathay Pacific,0293.HK,1H2026,2026-06-30,2026-08-05,True,latest_available,daily_utilization,Aircraft daily utilization,capacity_driver,unit_rate,,,,,,,,,,,,no_metric_disclosed,,,,No safe source metric found in the covered report layer; blank is intentional.,2026-08-07T15:07:52.047000+00:00
airline_earnings_driver_comparability,Cathay Pacific,0293.HK,1H2025,2025-06-30,,False,common_1H2025,total_revenue,Reported group or total revenue,outcome,monetary,,,,,,,,,,,,missing_disclosure,,,,No safe source metric found in the covered report layer; blank is intentional.,2026-08-07T15:07:52.047000+00:00
airline_earnings_driver_comparability,Cathay Pacific,0293.HK,1H2025,2025-06-30,,False,common_1H2025,passenger_revenue,Reported passenger-related revenue,revenue_driver,monetary,passenger_revenue,34208.0,HKD million,HKD,4357.754372,USD million,USD_HKD,2025-06-30,,,issuer_reported,period_evidence_without_announcement_date,primary_issuer,https://www.cathaypacific.com/content/dam/cx/about-us/investor-relations/financial-briefings/en/202508-interim-results-analyst-briefing.pdf,,Passenger revenue table,2026-08-07T15:07:52.047000+00:00
airline_earnings_driver_comparability,Cathay Pacific,0293.HK,1H2025,2025-06-30,,False,common_1H2025,cargo_revenue,Reported cargo or cargo-and-mail revenue,revenue_driver,monetary,cargo_revenue,11141.0,HKD million,HKD,1419.251095,USD million,USD_HKD,2025-06-30,,,issuer_reported,period_evidence_without_announcement_date,primary_issuer,https://www.cathaypacific.com/content/dam/cx/about-us/investor-relations/financial-briefings/en/202508-interim-results-analyst-briefing.pdf,,Cathay Cargo revenue,2026-08-07T15:07:52.047000+00:00
airline_earnings_driver_comparability,Cathay Pacific,0293.HK,1H2025,2025-06-30,,False,common_1H2025,operating_cost,Reported operating cost,cost_driver,monetary,,,,,,,,,,,,missing_disclosure,,,,No safe source metric found in the covered report layer; blank is intentional.,2026-08-07T15:07:52.047000+00:00
airline_earnings_driver_comparability,Cathay Pacific,0293.HK,1H2025,2025-06-30,,False,common_1H2025,fuel_cost,Reported gross or accounting aviation-fuel cost,cost_driver,monetary,fuel_cost,14654.0,HKD million,HKD,1866.771883,USD million,USD_HKD,2025-06-30,,,issuer_reported,period_evidence_without_announcement_date,primary_issuer,https://www.cathaypacific.com/content/dam/cx/about-us/investor-relations/financial-briefings/en/202508-interim-results-analyst-briefing.pdf,,Group fuel cost after hedging,2026-08-07T15:07:52.047000+00:00
airline_earnings_driver_comparability,Cathay Pacific,0293.HK,1H2025,2025-06-30,,False,common_1H2025,fuel_cost_share_pct,"Fuel cost divided by operating cost, or issuer-reported share",cost_driver,percentage,,,,,,,,,,,,missing_disclosure,,,,No safe source metric found in the covered report layer; blank is intentional.,2026-08-07T15:07:52.047000+00:00
airline_earnings_driver_comparability,Cathay Pacific,0293.HK,1H2025,2025-06-30,,False,common_1H2025,attributable_profit,Profit attributable to the parent/group shareholders,outcome,monetary,group_attributable_profit,3651.0,HKD million,HKD,465.100597,USD million,USD_HKD,2025-06-30,,,issuer_reported,period_evidence_without_announcement_date,primary_issuer,https://www.cathaypacific.com/content/dam/cx/about-us/investor-relations/financial-briefings/en/202508-interim-results-analyst-briefing.pdf,,Official interim analyst briefing group attributable profit,2026-08-07T15:07:52.047000+00:00
airline_earnings_driver_comparability,Cathay Pacific,0293.HK,1H2025,2025-06-30,,False,common_1H2025,operating_cash_flow,Reported net cash flow from operating activities,cash_flow_driver,monetary,,,,,,,,,,,,missing_disclosure,,,,No safe source metric found in the covered report layer; blank is intentional.,2026-08-07T15:07:52.047000+00:00
airline_earnings_driver_comparability,Cathay Pacific,0293.HK,1H2025,2025-06-30,,False,common_1H2025,cash_and_cash_equivalents,Reported group cash and cash equivalents at period end,liquidity_driver,monetary,,,,,,,,,,,,missing_disclosure,,,,No safe source metric found in the covered report layer; blank is intentional.,2026-08-07T15:07:52.047000+00:00
airline_earnings_driver_comparability,Cathay Pacific,0293.HK,1H2025,2025-06-30,,False,common_1H2025,total_liabilities,Reported group total liabilities at period end,liquidity_driver,monetary,,,,,,,,,,,,missing_disclosure,,,,No safe source metric found in the covered report layer; blank is intentional.,2026-08-07T15:07:52.047000+00:00
airline_earnings_driver_comparability,Cathay Pacific,0293.HK,1H2025,2025-06-30,,False,common_1H2025,liabilities_to_assets_pct,Total liabilities divided by total assets; derived from the same issuer report,liquidity_driver,percentage,,,,,,,,,,,,missing_disclosure,,,,No safe source metric found in the covered report layer; blank is intentional.,2026-08-07T15:07:52.047000+00:00
airline_earnings_driver_comparability,Cathay Pacific,0293.HK,1H2025,2025-06-30,,False,common_1H2025,interest_bearing_debt,Reported group interest-bearing debt including stated lease/debt components where the issuer scope is explicit,liquidity_driver,monetary,,,,,,,,,,,,missing_disclosure,,,,No safe source metric found in the covered report layer; blank is intentional.,2026-08-07T15:07:52.047000+00:00
airline_earnings_driver_comparability,Cathay Pacific,0293.HK,1H2025,2025-06-30,,False,common_1H2025,capex_cash_paid,"Cash paid for property, plant and equipment and other long-term assets",cash_flow_driver,monetary,,,,,,,,,,,,missing_disclosure,,,,No safe source metric found in the covered report layer; blank is intentional.,2026-08-07T15:07:52.047000+00:00
airline_earnings_driver_comparability,Cathay Pacific,0293.HK,1H2025,2025-06-30,,False,common_1H2025,net_borrowings,Issuer-reported net borrowings; not interchangeable with gross interest-bearing debt,liquidity_driver,monetary,,,,,,,,,,,,missing_disclosure,,,,No safe source metric found in the covered report layer; blank is intentional.,2026-08-07T15:07:52.047000+00:00
airline_earnings_driver_comparability,Cathay Pacific,0293.HK,1H2025,2025-06-30,,False,common_1H2025,available_unrestricted_liquidity,Issuer-reported available unrestricted liquidity,liquidity_driver,monetary,,,,,,,,,,,,missing_disclosure,,,,No safe source metric found in the covered report layer; blank is intentional.,2026-08-07T15:07:52.047000+00:00
airline_earnings_driver_comparability,Cathay Pacific,0293.HK,1H2025,2025-06-30,,False,common_1H2025,ask,Available seat kilometres,capacity_driver,physical,ask,66792.0,ASK million,,,,,,,,issuer_reported,period_evidence_without_announcement_date,primary_issuer,https://www.cathaypacific.com/content/dam/cx/about-us/investor-relations/financial-briefings/en/202508-interim-results-analyst-briefing.pdf,,Available seat kilometres,2026-08-07T15:07:52.047000+00:00
airline_earnings_driver_comparability,Cathay Pacific,0293.HK,1H2025,2025-06-30,,False,common_1H2025,rpk,Revenue passenger kilometres,demand_driver,physical,rpk,56651.0,RPK million,,,,,,,,issuer_reported,period_evidence_without_announcement_date,primary_issuer,https://www.cathaypacific.com/content/dam/cx/about-us/investor-relations/financial-briefings/en/202508-interim-results-analyst-briefing.pdf,,Revenue passenger kilometres,2026-08-07T15:07:52.047000+00:00
airline_earnings_driver_comparability,Cathay Pacific,0293.HK,1H2025,2025-06-30,,False,common_1H2025,passengers,Passengers carried or revenue passengers carried,demand_driver,physical,passengers_carried,13627.0,thousand passengers,,,,,,,,issuer_reported,period_evidence_without_announcement_date,primary_issuer,https://www.cathaypacific.com/content/dam/cx/about-us/investor-relations/financial-briefings/en/202508-interim-results-analyst-briefing.pdf,,Revenue passengers carried,2026-08-07T15:07:52.047000+00:00
airline_earnings_driver_comparability,Cathay Pacific,0293.HK,1H2025,2025-06-30,,False,common_1H2025,passenger_load_factor_pct,Passenger load factor,demand_driver,percentage,passenger_load_factor,84.8,percent,,,,,,,,issuer_reported,period_evidence_without_announcement_date,primary_issuer,https://www.cathaypacific.com/content/dam/cx/about-us/investor-relations/financial-briefings/en/202508-interim-results-analyst-briefing.pdf,,Passenger load factor,2026-08-07T15:07:52.047000+00:00
airline_earnings_driver_comparability,Cathay Pacific,0293.HK,1H2025,2025-06-30,,False,common_1H2025,passenger_yield,Passenger revenue yield per RPK,revenue_driver,unit_rate,passenger_yield,60.4,HK cents per RPK,HKD,7.694351,USD cents per RPK,USD_HKD,2025-06-30,,,issuer_reported,period_evidence_without_announcement_date,primary_issuer,https://www.cathaypacific.com/content/dam/cx/about-us/investor-relations/financial-briefings/en/202508-interim-results-analyst-briefing.pdf,,Passenger yield,2026-08-07T15:07:52.047000+00:00
airline_earnings_driver_comparability,Cathay Pacific,0293.HK,1H2025,2025-06-30,,False,common_1H2025,cargo_tonnes,Cargo tonnes carried,demand_driver,physical,,,,,,,,,,,,missing_disclosure,,,,No safe source metric found in the covered report layer; blank is intentional.,2026-08-07T15:07:52.047000+00:00
airline_earnings_driver_comparability,Cathay Pacific,0293.HK,1H2025,2025-06-30,,False,common_1H2025,cargo_load_factor_pct,Cargo/freight load factor,demand_driver,percentage,cargo_load_factor,58.6,percent,,,,,,,,issuer_reported,period_evidence_without_announcement_date,primary_issuer,https://www.cathaypacific.com/content/dam/cx/about-us/investor-relations/financial-briefings/en/202508-interim-results-analyst-briefing.pdf,,Cargo load factor,2026-08-07T15:07:52.047000+00:00
airline_earnings_driver_comparability,Cathay Pacific,0293.HK,1H2025,2025-06-30,,False,common_1H2025,cargo_yield,Cargo yield per RTK/freight RTK,revenue_driver,unit_rate,cargo_yield,2.59,HKD per RFTK,HKD,0.32994,USD per RFTK,USD_HKD,2025-06-30,,,issuer_reported,period_evidence_without_announcement_date,primary_issuer,https://www.cathaypacific.com/content/dam/cx/about-us/investor-relations/financial-briefings/en/202508-interim-results-analyst-briefing.pdf,,Cargo yield,2026-08-07T15:07:52.047000+00:00
airline_earnings_driver_comparability,Cathay Pacific,0293.HK,1H2025,2025-06-30,,False,common_1H2025,cask,"Cost per available seat kilometre; issuer-reported where available, otherwise derived",cost_driver,unit_rate,,,,,,,,,,,,missing_disclosure,,,,No safe source metric found in the covered report layer; blank is intentional.,2026-08-07T15:07:52.047000+00:00
airline_earnings_driver_comparability,Cathay Pacific,0293.HK,1H2025,2025-06-30,,False,common_1H2025,rask_proxy,Revenue per ASK proxy; source scope is retained because it may be passenger-only,revenue_driver,unit_rate,passenger_revenue_per_ask,51.2,HK cents per ASK,HKD,6.522364,USD cents per ASK,USD_HKD,2025-06-30,,,issuer_reported,period_evidence_without_announcement_date,primary_issuer,https://www.cathaypacific.com/content/dam/cx/about-us/investor-relations/financial-briefings/en/202508-interim-results-analyst-briefing.pdf,,Passenger revenue per ASK used as RASK proxy,2026-08-07T15:07:52.047000+00:00
airline_earnings_driver_comparability,Cathay Pacific,0293.HK,1H2025,2025-06-30,,False,common_1H2025,fuel_cost_per_ask,"Fuel cost per ASK, derived from fuel cost and ASK",cost_driver,unit_rate,,,,,,,,,,,,missing_disclosure,,,,No safe source metric found in the covered report layer; blank is intentional.,2026-08-07T15:07:52.047000+00:00
airline_earnings_driver_comparability,Cathay Pacific,0293.HK,1H2025,2025-06-30,,False,common_1H2025,cost_per_atk_ex_fuel,Cost per ATK excluding fuel,cost_driver,unit_rate,cost_per_atk_ex_fuel,2.3,HKD per ATK,HKD,0.292997,USD per ATK,USD_HKD,2025-06-30,,,issuer_reported,period_evidence_without_announcement_date,primary_issuer,https://www.cathaypacific.com/content/dam/cx/about-us/investor-relations/financial-briefings/en/202508-interim-results-analyst-briefing.pdf,,Cost per ATK without fuel,2026-08-07T15:07:52.047000+00:00
airline_earnings_driver_comparability,Cathay Pacific,0293.HK,1H2025,2025-06-30,,False,common_1H2025,fuel_intensity,Fuel consumption intensity; ATK/RTK denominator is retained,cost_driver,unit_rate,fuel_consumption_per_million_atk,1290.0,barrels per million ATK,,,,,,,,issuer_reported,period_evidence_without_announcement_date,primary_issuer,https://www.cathaypacific.com/content/dam/cx/about-us/investor-relations/financial-briefings/en/202508-interim-results-analyst-briefing.pdf,,Group fuel consumption intensity,2026-08-07T15:07:52.047000+00:00
airline_earnings_driver_comparability,Cathay Pacific,0293.HK,1H2025,2025-06-30,,False,common_1H2025,fuel_hedging_loss_gain,Reported fuel-hedging loss/gain; sign convention is source-specific,risk_driver,monetary,fuel_hedging_loss_gain,218.0,HKD million,HKD,27.771002,USD million,USD_HKD,2025-06-30,,,issuer_reported,period_evidence_without_announcement_date,primary_issuer,https://www.cathaypacific.com/content/dam/cx/about-us/investor-relations/financial-briefings/en/202508-interim-results-analyst-briefing.pdf,,Group fuel hedging losses positive means loss,2026-08-07T15:07:52.047000+00:00
airline_earnings_driver_comparability,Cathay Pacific,0293.HK,1H2025,2025-06-30,,False,common_1H2025,fuel_hedge_fair_value_change,Change in fuel-hedge fair value,risk_driver,monetary,,,,,,,,,,,,missing_disclosure,,,,No safe source metric found in the covered report layer; blank is intentional.,2026-08-07T15:07:52.047000+00:00
airline_earnings_driver_comparability,Cathay Pacific,0293.HK,1H2025,2025-06-30,,False,common_1H2025,fuel_sensitivity_5pct_cost_abs,Absolute operating-cost sensitivity to a 5% fuel-price move,risk_driver,monetary,,,,,,,,,,,,missing_disclosure,,,,No safe source metric found in the covered report layer; blank is intentional.,2026-08-07T15:07:52.047000+00:00
airline_earnings_driver_comparability,Cathay Pacific,0293.HK,1H2025,2025-06-30,,False,common_1H2025,fuel_sensitivity_5pct_profit_up,Profit sensitivity to a 5% fuel-price increase,risk_driver,monetary,,,,,,,,,,,,missing_disclosure,,,,No safe source metric found in the covered report layer; blank is intentional.,2026-08-07T15:07:52.047000+00:00
airline_earnings_driver_comparability,Cathay Pacific,0293.HK,1H2025,2025-06-30,,False,common_1H2025,fuel_sensitivity_5pct_profit_down,Profit sensitivity to a 5% fuel-price decrease,risk_driver,monetary,,,,,,,,,,,,missing_disclosure,,,,No safe source metric found in the covered report layer; blank is intentional.,2026-08-07T15:07:52.047000+00:00
airline_earnings_driver_comparability,Cathay Pacific,0293.HK,1H2025,2025-06-30,,False,common_1H2025,fleet_total,Reported aircraft fleet total,capacity_driver,physical,,,,,,,,,,,,missing_disclosure,,,,No safe source metric found in the covered report layer; blank is intentional.,2026-08-07T15:07:52.047000+00:00
airline_earnings_driver_comparability,Cathay Pacific,0293.HK,1H2025,2025-06-30,,False,common_1H2025,daily_utilization,Aircraft daily utilization,capacity_driver,unit_rate,,,,,,,,,,,,missing_disclosure,,,,No safe source metric found in the covered report layer; blank is intentional.,2026-08-07T15:07:52.047000+00:00
airline_earnings_driver_comparability,Cathay Pacific,0293.HK,1H2024,2024-06-30,,False,,total_revenue,Reported group or total revenue,outcome,monetary,,,,,,,,,,,,missing_disclosure,,,,No safe source metric found in the covered report layer; blank is intentional.,2026-08-07T15:07:52.047000+00:00
airline_earnings_driver_comparability,Cathay Pacific,0293.HK,1H2024,2024-06-30,,False,,passenger_revenue,Reported passenger-related revenue,revenue_driver,monetary,passenger_revenue,30017.0,HKD million,HKD,3823.863219,USD million,USD_HKD,2024-06-28,,,issuer_reported,period_evidence_without_announcement_date,primary_issuer,https://www.cathaypacific.com/content/dam/cx/about-us/investor-relations/financial-briefings/en/202508-interim-results-analyst-briefing.pdf,,Passenger revenue table prior period,2026-08-07T15:07:52.047000+00:00
airline_earnings_driver_comparability,Cathay Pacific,0293.HK,1H2024,2024-06-30,,False,,cargo_revenue,Reported cargo or cargo-and-mail revenue,revenue_driver,monetary,cargo_revenue,10902.0,HKD million,HKD,1388.804904,USD million,USD_HKD,2024-06-28,,,issuer_reported,period_evidence_without_announcement_date,primary_issuer,https://www.cathaypacific.com/content/dam/cx/about-us/investor-relations/financial-briefings/en/202508-interim-results-analyst-briefing.pdf,,Cathay Cargo revenue prior period,2026-08-07T15:07:52.047000+00:00
airline_earnings_driver_comparability,Cathay Pacific,0293.HK,1H2024,2024-06-30,,False,,operating_cost,Reported operating cost,cost_driver,monetary,,,,,,,,,,,,missing_disclosure,,,,No safe source metric found in the covered report layer; blank is intentional.,2026-08-07T15:07:52.047000+00:00
airline_earnings_driver_comparability,Cathay Pacific,0293.HK,1H2024,2024-06-30,,False,,fuel_cost,Reported gross or accounting aviation-fuel cost,cost_driver,monetary,fuel_cost,14160.0,HKD million,HKD,1803.841263,USD million,USD_HKD,2024-06-28,,,issuer_reported,period_evidence_without_announcement_date,primary_issuer,https://www.cathaypacific.com/content/dam/cx/about-us/investor-relations/financial-briefings/en/202508-interim-results-analyst-briefing.pdf,,Group fuel cost after hedging prior period,2026-08-07T15:07:52.047000+00:00
airline_earnings_driver_comparability,Cathay Pacific,0293.HK,1H2024,2024-06-30,,False,,fuel_cost_share_pct,"Fuel cost divided by operating cost, or issuer-reported share",cost_driver,percentage,,,,,,,,,,,,missing_disclosure,,,,No safe source metric found in the covered report layer; blank is intentional.,2026-08-07T15:07:52.047000+00:00
airline_earnings_driver_comparability,Cathay Pacific,0293.HK,1H2024,2024-06-30,,False,,attributable_profit,Profit attributable to the parent/group shareholders,outcome,monetary,group_attributable_profit,3613.0,HKD million,HKD,460.25978,USD million,USD_HKD,2024-06-28,,,issuer_reported,period_evidence_without_announcement_date,primary_issuer,https://www.cathaypacific.com/content/dam/cx/about-us/investor-relations/financial-briefings/en/202508-interim-results-analyst-briefing.pdf,,Prior period comparator in the same briefing,2026-08-07T15:07:52.047000+00:00
airline_earnings_driver_comparability,Cathay Pacific,0293.HK,1H2024,2024-06-30,,False,,operating_cash_flow,Reported net cash flow from operating activities,cash_flow_driver,monetary,,,,,,,,,,,,missing_disclosure,,,,No safe source metric found in the covered report layer; blank is intentional.,2026-08-07T15:07:52.047000+00:00
airline_earnings_driver_comparability,Cathay Pacific,0293.HK,1H2024,2024-06-30,,False,,cash_and_cash_equivalents,Reported group cash and cash equivalents at period end,liquidity_driver,monetary,,,,,,,,,,,,missing_disclosure,,,,No safe source metric found in the covered report layer; blank is intentional.,2026-08-07T15:07:52.047000+00:00
airline_earnings_driver_comparability,Cathay Pacific,0293.HK,1H2024,2024-06-30,,False,,total_liabilities,Reported group total liabilities at period end,liquidity_driver,monetary,,,,,,,,,,,,missing_disclosure,,,,No safe source metric found in the covered report layer; blank is intentional.,2026-08-07T15:07:52.047000+00:00
airline_earnings_driver_comparability,Cathay Pacific,0293.HK,1H2024,2024-06-30,,False,,liabilities_to_assets_pct,Total liabilities divided by total assets; derived from the same issuer report,liquidity_driver,percentage,,,,,,,,,,,,missing_disclosure,,,,No safe source metric found in the covered report layer; blank is intentional.,2026-08-07T15:07:52.047000+00:00
airline_earnings_driver_comparability,Cathay Pacific,0293.HK,1H2024,2024-06-30,,False,,interest_bearing_debt,Reported group interest-bearing debt including stated lease/debt components where the issuer scope is explicit,liquidity_driver,monetary,,,,,,,,,,,,missing_disclosure,,,,No safe source metric found in the covered report layer; blank is intentional.,2026-08-07T15:07:52.047000+00:00
airline_earnings_driver_comparability,Cathay Pacific,0293.HK,1H2024,2024-06-30,,False,,capex_cash_paid,"Cash paid for property, plant and equipment and other long-term assets",cash_flow_driver,monetary,,,,,,,,,,,,missing_disclosure,,,,No safe source metric found in the covered report layer; blank is intentional.,2026-08-07T15:07:52.047000+00:00
airline_earnings_driver_comparability,Cathay Pacific,0293.HK,1H2024,2024-06-30,,False,,net_borrowings,Issuer-reported net borrowings; not interchangeable with gross interest-bearing debt,liquidity_driver,monetary,,,,,,,,,,,,missing_disclosure,,,,No safe source metric found in the covered report layer; blank is intentional.,2026-08-07T15:07:52.047000+00:00
airline_earnings_driver_comparability,Cathay Pacific,0293.HK,1H2024,2024-06-30,,False,,available_unrestricted_liquidity,Issuer-reported available unrestricted liquidity,liquidity_driver,monetary,,,,,,,,,,,,missing_disclosure,,,,No safe source metric found in the covered report layer; blank is intentional.,2026-08-07T15:07:52.047000+00:00
airline_earnings_driver_comparability,Cathay Pacific,0293.HK,1H2024,2024-06-30,,False,,ask,Available seat kilometres,capacity_driver,physical,ask,52881.0,ASK million,,,,,,,,issuer_reported,period_evidence_without_announcement_date,primary_issuer,https://www.cathaypacific.com/content/dam/cx/about-us/investor-relations/financial-briefings/en/202508-interim-results-analyst-briefing.pdf,,Available seat kilometres prior period,2026-08-07T15:07:52.047000+00:00
airline_earnings_driver_comparability,Cathay Pacific,0293.HK,1H2024,2024-06-30,,False,,rpk,Revenue passenger kilometres,demand_driver,physical,rpk,43583.0,RPK million,,,,,,,,issuer_reported,period_evidence_without_announcement_date,primary_issuer,https://www.cathaypacific.com/content/dam/cx/about-us/investor-relations/financial-briefings/en/202508-interim-results-analyst-briefing.pdf,,Revenue passenger kilometres prior period,2026-08-07T15:07:52.047000+00:00
airline_earnings_driver_comparability,Cathay Pacific,0293.HK,1H2024,2024-06-30,,False,,passengers,Passengers carried or revenue passengers carried,demand_driver,physical,passengers_carried,10660.0,thousand passengers,,,,,,,,issuer_reported,period_evidence_without_announcement_date,primary_issuer,https://www.cathaypacific.com/content/dam/cx/about-us/investor-relations/financial-briefings/en/202508-interim-results-analyst-briefing.pdf,,Revenue passengers carried prior period,2026-08-07T15:07:52.047000+00:00
airline_earnings_driver_comparability,Cathay Pacific,0293.HK,1H2024,2024-06-30,,False,,passenger_load_factor_pct,Passenger load factor,demand_driver,percentage,passenger_load_factor,82.4,percent,,,,,,,,issuer_reported,period_evidence_without_announcement_date,primary_issuer,https://www.cathaypacific.com/content/dam/cx/about-us/investor-relations/financial-briefings/en/202508-interim-results-analyst-briefing.pdf,,Passenger load factor prior period,2026-08-07T15:07:52.047000+00:00
airline_earnings_driver_comparability,Cathay Pacific,0293.HK,1H2024,2024-06-30,,False,,passenger_yield,Passenger revenue yield per RPK,revenue_driver,unit_rate,passenger_yield,68.9,HK cents per RPK,HKD,8.777165,USD cents per RPK,USD_HKD,2024-06-28,,,issuer_reported,period_evidence_without_announcement_date,primary_issuer,https://www.cathaypacific.com/content/dam/cx/about-us/investor-relations/financial-briefings/en/202508-interim-results-analyst-briefing.pdf,,Passenger yield prior period,2026-08-07T15:07:52.047000+00:00
airline_earnings_driver_comparability,Cathay Pacific,0293.HK,1H2024,2024-06-30,,False,,cargo_tonnes,Cargo tonnes carried,demand_driver,physical,,,,,,,,,,,,missing_disclosure,,,,No safe source metric found in the covered report layer; blank is intentional.,2026-08-07T15:07:52.047000+00:00
airline_earnings_driver_comparability,Cathay Pacific,0293.HK,1H2024,2024-06-30,,False,,cargo_load_factor_pct,Cargo/freight load factor,demand_driver,percentage,cargo_load_factor,59.9,percent,,,,,,,,issuer_reported,period_evidence_without_announcement_date,primary_issuer,https://www.cathaypacific.com/content/dam/cx/about-us/investor-relations/financial-briefings/en/202508-interim-results-analyst-briefing.pdf,,Cargo load factor prior period,2026-08-07T15:07:52.047000+00:00
airline_earnings_driver_comparability,Cathay Pacific,0293.HK,1H2024,2024-06-30,,False,,cargo_yield,Cargo yield per RTK/freight RTK,revenue_driver,unit_rate,cargo_yield,2.68,HKD per RFTK,HKD,0.341405,USD per RFTK,USD_HKD,2024-06-28,,,issuer_reported,period_evidence_without_announcement_date,primary_issuer,https://www.cathaypacific.com/content/dam/cx/about-us/investor-relations/financial-briefings/en/202508-interim-results-analyst-briefing.pdf,,Cargo yield prior period,2026-08-07T15:07:52.047000+00:00
airline_earnings_driver_comparability,Cathay Pacific,0293.HK,1H2024,2024-06-30,,False,,cask,"Cost per available seat kilometre; issuer-reported where available, otherwise derived",cost_driver,unit_rate,,,,,,,,,,,,missing_disclosure,,,,No safe source metric found in the covered report layer; blank is intentional.,2026-08-07T15:07:52.047000+00:00
airline_earnings_driver_comparability,Cathay Pacific,0293.HK,1H2024,2024-06-30,,False,,rask_proxy,Revenue per ASK proxy; source scope is retained because it may be passenger-only,revenue_driver,unit_rate,passenger_revenue_per_ask,56.8,HK cents per ASK,HKD,7.235747,USD cents per ASK,USD_HKD,2024-06-28,,,issuer_reported,period_evidence_without_announcement_date,primary_issuer,https://www.cathaypacific.com/content/dam/cx/about-us/investor-relations/financial-briefings/en/202508-interim-results-analyst-briefing.pdf,,Passenger revenue per ASK used as RASK proxy prior period,2026-08-07T15:07:52.047000+00:00
airline_earnings_driver_comparability,Cathay Pacific,0293.HK,1H2024,2024-06-30,,False,,fuel_cost_per_ask,"Fuel cost per ASK, derived from fuel cost and ASK",cost_driver,unit_rate,,,,,,,,,,,,missing_disclosure,,,,No safe source metric found in the covered report layer; blank is intentional.,2026-08-07T15:07:52.047000+00:00
airline_earnings_driver_comparability,Cathay Pacific,0293.HK,1H2024,2024-06-30,,False,,cost_per_atk_ex_fuel,Cost per ATK excluding fuel,cost_driver,unit_rate,,,,,,,,,,,,missing_disclosure,,,,No safe source metric found in the covered report layer; blank is intentional.,2026-08-07T15:07:52.047000+00:00
airline_earnings_driver_comparability,Cathay Pacific,0293.HK,1H2024,2024-06-30,,False,,fuel_intensity,Fuel consumption intensity; ATK/RTK denominator is retained,cost_driver,unit_rate,fuel_consumption_per_million_atk,1244.0,barrels per million ATK,,,,,,,,issuer_reported,period_evidence_without_announcement_date,primary_issuer,https://www.cathaypacific.com/content/dam/cx/about-us/investor-relations/financial-briefings/en/202508-interim-results-analyst-briefing.pdf,,Group fuel consumption intensity prior period,2026-08-07T15:07:52.047000+00:00
airline_earnings_driver_comparability,Cathay Pacific,0293.HK,1H2024,2024-06-30,,False,,fuel_hedging_loss_gain,Reported fuel-hedging loss/gain; sign convention is source-specific,risk_driver,monetary,fuel_hedging_loss_gain,-61.0,HKD million,HKD,-7.770785,USD million,USD_HKD,2024-06-28,,,issuer_reported,period_evidence_without_announcement_date,primary_issuer,https://www.cathaypacific.com/content/dam/cx/about-us/investor-relations/financial-briefings/en/202508-interim-results-analyst-briefing.pdf,,Group fuel hedging gain negative means gain,2026-08-07T15:07:52.047000+00:00
airline_earnings_driver_comparability,Cathay Pacific,0293.HK,1H2024,2024-06-30,,False,,fuel_hedge_fair_value_change,Change in fuel-hedge fair value,risk_driver,monetary,,,,,,,,,,,,missing_disclosure,,,,No safe source metric found in the covered report layer; blank is intentional.,2026-08-07T15:07:52.047000+00:00
airline_earnings_driver_comparability,Cathay Pacific,0293.HK,1H2024,2024-06-30,,False,,fuel_sensitivity_5pct_cost_abs,Absolute operating-cost sensitivity to a 5% fuel-price move,risk_driver,monetary,,,,,,,,,,,,missing_disclosure,,,,No safe source metric found in the covered report layer; blank is intentional.,2026-08-07T15:07:52.047000+00:00
airline_earnings_driver_comparability,Cathay Pacific,0293.HK,1H2024,2024-06-30,,False,,fuel_sensitivity_5pct_profit_up,Profit sensitivity to a 5% fuel-price increase,risk_driver,monetary,,,,,,,,,,,,missing_disclosure,,,,No safe source metric found in the covered report layer; blank is intentional.,2026-08-07T15:07:52.047000+00:00
airline_earnings_driver_comparability,Cathay Pacific,0293.HK,1H2024,2024-06-30,,False,,fuel_sensitivity_5pct_profit_down,Profit sensitivity to a 5% fuel-price decrease,risk_driver,monetary,,,,,,,,,,,,missing_disclosure,,,,No safe source metric found in the covered report layer; blank is intentional.,2026-08-07T15:07:52.047000+00:00
airline_earnings_driver_comparability,Cathay Pacific,0293.HK,1H2024,2024-06-30,,False,,fleet_total,Reported aircraft fleet total,capacity_driver,physical,,,,,,,,,,,,missing_disclosure,,,,No safe source metric found in the covered report layer; blank is intentional.,2026-08-07T15:07:52.047000+00:00
airline_earnings_driver_comparability,Cathay Pacific,0293.HK,1H2024,2024-06-30,,False,,daily_utilization,Aircraft daily utilization,capacity_driver,unit_rate,,,,,,,,,,,,missing_disclosure,,,,No safe source metric found in the covered report layer; blank is intentional.,2026-08-07T15:07:52.047000+00:00
