dataset_id,ticker,company,source_url,snapshot_date,report_date,information_scope,institution,analyst,fiscal_year,metric,forecast_value_native,native_unit,native_currency,rating,revision_flag,source_quality,source_note,retrieved_at
airline_public_report_evidence,01055.HK / 600029.SH,China Southern Airlines,https://basic.10jqka.com.cn/600029/worth.html,2026-08-07,2026-03-31,institution_report_date,中泰证券,杜冲,2026,eps,0.08,RMB/share,RMB,,down,10jqka_structured_page,"Structured public 10jqka forecast page. EPS/net-profit rows use the visible institution report date; revenue rows have no institution-level date on the page and are explicitly page-snapshot-only, not a complete broker vintage.",2026-08-07T15:07:52.028083+00:00
airline_public_report_evidence,01055.HK / 600029.SH,China Southern Airlines,https://basic.10jqka.com.cn/600029/worth.html,2026-08-07,2026-05-03,institution_report_date,华泰证券,沈晓峰,2026,eps,0.09,RMB/share,RMB,,unchanged_or_not_shown,10jqka_structured_page,"Structured public 10jqka forecast page. EPS/net-profit rows use the visible institution report date; revenue rows have no institution-level date on the page and are explicitly page-snapshot-only, not a complete broker vintage.",2026-08-07T15:07:52.028083+00:00
airline_public_report_evidence,01055.HK / 600029.SH,China Southern Airlines,https://basic.10jqka.com.cn/600029/worth.html,2026-08-07,2026-07-06,institution_report_date,华源证券,孙延,2026,eps,0.05,RMB/share,RMB,,down,10jqka_structured_page,"Structured public 10jqka forecast page. EPS/net-profit rows use the visible institution report date; revenue rows have no institution-level date on the page and are explicitly page-snapshot-only, not a complete broker vintage.",2026-08-07T15:07:52.028083+00:00
airline_public_report_evidence,01055.HK / 600029.SH,China Southern Airlines,https://basic.10jqka.com.cn/600029/worth.html,2026-08-07,2026-05-01,institution_report_date,国海证券,匡培钦,2026,eps,0.05,RMB/share,RMB,,down,10jqka_structured_page,"Structured public 10jqka forecast page. EPS/net-profit rows use the visible institution report date; revenue rows have no institution-level date on the page and are explicitly page-snapshot-only, not a complete broker vintage.",2026-08-07T15:07:52.028083+00:00
airline_public_report_evidence,01055.HK / 600029.SH,China Southern Airlines,https://basic.10jqka.com.cn/600029/worth.html,2026-08-07,2026-04-02,institution_report_date,国联民生,黄文鹤,2026,eps,0.02,RMB/share,RMB,,down,10jqka_structured_page,"Structured public 10jqka forecast page. EPS/net-profit rows use the visible institution report date; revenue rows have no institution-level date on the page and are explicitly page-snapshot-only, not a complete broker vintage.",2026-08-07T15:07:52.028083+00:00
airline_public_report_evidence,01055.HK / 600029.SH,China Southern Airlines,https://basic.10jqka.com.cn/600029/worth.html,2026-08-07,2026-03-31,institution_report_date,中泰证券,杜冲,2027,eps,0.26,RMB/share,RMB,,down,10jqka_structured_page,"Structured public 10jqka forecast page. EPS/net-profit rows use the visible institution report date; revenue rows have no institution-level date on the page and are explicitly page-snapshot-only, not a complete broker vintage.",2026-08-07T15:07:52.028083+00:00
airline_public_report_evidence,01055.HK / 600029.SH,China Southern Airlines,https://basic.10jqka.com.cn/600029/worth.html,2026-08-07,2026-05-03,institution_report_date,华泰证券,沈晓峰,2027,eps,0.38,RMB/share,RMB,,unchanged_or_not_shown,10jqka_structured_page,"Structured public 10jqka forecast page. EPS/net-profit rows use the visible institution report date; revenue rows have no institution-level date on the page and are explicitly page-snapshot-only, not a complete broker vintage.",2026-08-07T15:07:52.028083+00:00
airline_public_report_evidence,01055.HK / 600029.SH,China Southern Airlines,https://basic.10jqka.com.cn/600029/worth.html,2026-08-07,2026-07-06,institution_report_date,华源证券,孙延,2027,eps,0.32,RMB/share,RMB,,down,10jqka_structured_page,"Structured public 10jqka forecast page. EPS/net-profit rows use the visible institution report date; revenue rows have no institution-level date on the page and are explicitly page-snapshot-only, not a complete broker vintage.",2026-08-07T15:07:52.028083+00:00
airline_public_report_evidence,01055.HK / 600029.SH,China Southern Airlines,https://basic.10jqka.com.cn/600029/worth.html,2026-08-07,2026-05-01,institution_report_date,国海证券,匡培钦,2027,eps,0.38,RMB/share,RMB,,down,10jqka_structured_page,"Structured public 10jqka forecast page. EPS/net-profit rows use the visible institution report date; revenue rows have no institution-level date on the page and are explicitly page-snapshot-only, not a complete broker vintage.",2026-08-07T15:07:52.028083+00:00
airline_public_report_evidence,01055.HK / 600029.SH,China Southern Airlines,https://basic.10jqka.com.cn/600029/worth.html,2026-08-07,2026-04-02,institution_report_date,国联民生,黄文鹤,2027,eps,0.37,RMB/share,RMB,,down,10jqka_structured_page,"Structured public 10jqka forecast page. EPS/net-profit rows use the visible institution report date; revenue rows have no institution-level date on the page and are explicitly page-snapshot-only, not a complete broker vintage.",2026-08-07T15:07:52.028083+00:00
airline_public_report_evidence,01055.HK / 600029.SH,China Southern Airlines,https://basic.10jqka.com.cn/600029/worth.html,2026-08-07,2026-03-31,institution_report_date,中泰证券,杜冲,2028,eps,0.45,RMB/share,RMB,,unchanged_or_not_shown,10jqka_structured_page,"Structured public 10jqka forecast page. EPS/net-profit rows use the visible institution report date; revenue rows have no institution-level date on the page and are explicitly page-snapshot-only, not a complete broker vintage.",2026-08-07T15:07:52.028083+00:00
airline_public_report_evidence,01055.HK / 600029.SH,China Southern Airlines,https://basic.10jqka.com.cn/600029/worth.html,2026-08-07,2026-05-03,institution_report_date,华泰证券,沈晓峰,2028,eps,0.64,RMB/share,RMB,,unchanged_or_not_shown,10jqka_structured_page,"Structured public 10jqka forecast page. EPS/net-profit rows use the visible institution report date; revenue rows have no institution-level date on the page and are explicitly page-snapshot-only, not a complete broker vintage.",2026-08-07T15:07:52.028083+00:00
airline_public_report_evidence,01055.HK / 600029.SH,China Southern Airlines,https://basic.10jqka.com.cn/600029/worth.html,2026-08-07,2026-07-06,institution_report_date,华源证券,孙延,2028,eps,0.48,RMB/share,RMB,,down,10jqka_structured_page,"Structured public 10jqka forecast page. EPS/net-profit rows use the visible institution report date; revenue rows have no institution-level date on the page and are explicitly page-snapshot-only, not a complete broker vintage.",2026-08-07T15:07:52.028083+00:00
airline_public_report_evidence,01055.HK / 600029.SH,China Southern Airlines,https://basic.10jqka.com.cn/600029/worth.html,2026-08-07,2026-05-01,institution_report_date,国海证券,匡培钦,2028,eps,0.51,RMB/share,RMB,,unchanged_or_not_shown,10jqka_structured_page,"Structured public 10jqka forecast page. EPS/net-profit rows use the visible institution report date; revenue rows have no institution-level date on the page and are explicitly page-snapshot-only, not a complete broker vintage.",2026-08-07T15:07:52.028083+00:00
airline_public_report_evidence,01055.HK / 600029.SH,China Southern Airlines,https://basic.10jqka.com.cn/600029/worth.html,2026-08-07,2026-04-02,institution_report_date,国联民生,黄文鹤,2028,eps,0.66,RMB/share,RMB,,unchanged_or_not_shown,10jqka_structured_page,"Structured public 10jqka forecast page. EPS/net-profit rows use the visible institution report date; revenue rows have no institution-level date on the page and are explicitly page-snapshot-only, not a complete broker vintage.",2026-08-07T15:07:52.028083+00:00
airline_public_report_evidence,01055.HK / 600029.SH,China Southern Airlines,https://basic.10jqka.com.cn/600029/worth.html,2026-08-07,2026-03-31,institution_report_date,中泰证券,杜冲,2026,net_profit,14.91,RMB 100 million,RMB,,down,10jqka_structured_page,"Structured public 10jqka forecast page. EPS/net-profit rows use the visible institution report date; revenue rows have no institution-level date on the page and are explicitly page-snapshot-only, not a complete broker vintage.",2026-08-07T15:07:52.028083+00:00
airline_public_report_evidence,01055.HK / 600029.SH,China Southern Airlines,https://basic.10jqka.com.cn/600029/worth.html,2026-08-07,2026-05-03,institution_report_date,华泰证券,沈晓峰,2026,net_profit,15.67,RMB 100 million,RMB,,unchanged_or_not_shown,10jqka_structured_page,"Structured public 10jqka forecast page. EPS/net-profit rows use the visible institution report date; revenue rows have no institution-level date on the page and are explicitly page-snapshot-only, not a complete broker vintage.",2026-08-07T15:07:52.028083+00:00
airline_public_report_evidence,01055.HK / 600029.SH,China Southern Airlines,https://basic.10jqka.com.cn/600029/worth.html,2026-08-07,2026-07-06,institution_report_date,华源证券,孙延,2026,net_profit,9.7,RMB 100 million,RMB,,down,10jqka_structured_page,"Structured public 10jqka forecast page. EPS/net-profit rows use the visible institution report date; revenue rows have no institution-level date on the page and are explicitly page-snapshot-only, not a complete broker vintage.",2026-08-07T15:07:52.028083+00:00
airline_public_report_evidence,01055.HK / 600029.SH,China Southern Airlines,https://basic.10jqka.com.cn/600029/worth.html,2026-08-07,2026-05-01,institution_report_date,国海证券,匡培钦,2026,net_profit,9.08,RMB 100 million,RMB,,down,10jqka_structured_page,"Structured public 10jqka forecast page. EPS/net-profit rows use the visible institution report date; revenue rows have no institution-level date on the page and are explicitly page-snapshot-only, not a complete broker vintage.",2026-08-07T15:07:52.028083+00:00
airline_public_report_evidence,01055.HK / 600029.SH,China Southern Airlines,https://basic.10jqka.com.cn/600029/worth.html,2026-08-07,2026-04-02,institution_report_date,国联民生,黄文鹤,2026,net_profit,3.1,RMB 100 million,RMB,,down,10jqka_structured_page,"Structured public 10jqka forecast page. EPS/net-profit rows use the visible institution report date; revenue rows have no institution-level date on the page and are explicitly page-snapshot-only, not a complete broker vintage.",2026-08-07T15:07:52.028083+00:00
airline_public_report_evidence,01055.HK / 600029.SH,China Southern Airlines,https://basic.10jqka.com.cn/600029/worth.html,2026-08-07,2026-03-31,institution_report_date,中泰证券,杜冲,2027,net_profit,46.37,RMB 100 million,RMB,,down,10jqka_structured_page,"Structured public 10jqka forecast page. EPS/net-profit rows use the visible institution report date; revenue rows have no institution-level date on the page and are explicitly page-snapshot-only, not a complete broker vintage.",2026-08-07T15:07:52.028083+00:00
airline_public_report_evidence,01055.HK / 600029.SH,China Southern Airlines,https://basic.10jqka.com.cn/600029/worth.html,2026-08-07,2026-05-03,institution_report_date,华泰证券,沈晓峰,2027,net_profit,69.29,RMB 100 million,RMB,,unchanged_or_not_shown,10jqka_structured_page,"Structured public 10jqka forecast page. EPS/net-profit rows use the visible institution report date; revenue rows have no institution-level date on the page and are explicitly page-snapshot-only, not a complete broker vintage.",2026-08-07T15:07:52.028083+00:00
airline_public_report_evidence,01055.HK / 600029.SH,China Southern Airlines,https://basic.10jqka.com.cn/600029/worth.html,2026-08-07,2026-07-06,institution_report_date,华源证券,孙延,2027,net_profit,57.41,RMB 100 million,RMB,,down,10jqka_structured_page,"Structured public 10jqka forecast page. EPS/net-profit rows use the visible institution report date; revenue rows have no institution-level date on the page and are explicitly page-snapshot-only, not a complete broker vintage.",2026-08-07T15:07:52.028083+00:00
airline_public_report_evidence,01055.HK / 600029.SH,China Southern Airlines,https://basic.10jqka.com.cn/600029/worth.html,2026-08-07,2026-05-01,institution_report_date,国海证券,匡培钦,2027,net_profit,68.38,RMB 100 million,RMB,,down,10jqka_structured_page,"Structured public 10jqka forecast page. EPS/net-profit rows use the visible institution report date; revenue rows have no institution-level date on the page and are explicitly page-snapshot-only, not a complete broker vintage.",2026-08-07T15:07:52.028083+00:00
airline_public_report_evidence,01055.HK / 600029.SH,China Southern Airlines,https://basic.10jqka.com.cn/600029/worth.html,2026-08-07,2026-04-02,institution_report_date,国联民生,黄文鹤,2027,net_profit,67.9,RMB 100 million,RMB,,down,10jqka_structured_page,"Structured public 10jqka forecast page. EPS/net-profit rows use the visible institution report date; revenue rows have no institution-level date on the page and are explicitly page-snapshot-only, not a complete broker vintage.",2026-08-07T15:07:52.028083+00:00
airline_public_report_evidence,01055.HK / 600029.SH,China Southern Airlines,https://basic.10jqka.com.cn/600029/worth.html,2026-08-07,2026-03-31,institution_report_date,中泰证券,杜冲,2028,net_profit,82.16,RMB 100 million,RMB,,down,10jqka_structured_page,"Structured public 10jqka forecast page. EPS/net-profit rows use the visible institution report date; revenue rows have no institution-level date on the page and are explicitly page-snapshot-only, not a complete broker vintage.",2026-08-07T15:07:52.028083+00:00
airline_public_report_evidence,01055.HK / 600029.SH,China Southern Airlines,https://basic.10jqka.com.cn/600029/worth.html,2026-08-07,2026-05-03,institution_report_date,华泰证券,沈晓峰,2028,net_profit,116.82,RMB 100 million,RMB,,unchanged_or_not_shown,10jqka_structured_page,"Structured public 10jqka forecast page. EPS/net-profit rows use the visible institution report date; revenue rows have no institution-level date on the page and are explicitly page-snapshot-only, not a complete broker vintage.",2026-08-07T15:07:52.028083+00:00
airline_public_report_evidence,01055.HK / 600029.SH,China Southern Airlines,https://basic.10jqka.com.cn/600029/worth.html,2026-08-07,2026-07-06,institution_report_date,华源证券,孙延,2028,net_profit,87.14,RMB 100 million,RMB,,down,10jqka_structured_page,"Structured public 10jqka forecast page. EPS/net-profit rows use the visible institution report date; revenue rows have no institution-level date on the page and are explicitly page-snapshot-only, not a complete broker vintage.",2026-08-07T15:07:52.028083+00:00
airline_public_report_evidence,01055.HK / 600029.SH,China Southern Airlines,https://basic.10jqka.com.cn/600029/worth.html,2026-08-07,2026-05-01,institution_report_date,国海证券,匡培钦,2028,net_profit,92.52,RMB 100 million,RMB,,down,10jqka_structured_page,"Structured public 10jqka forecast page. EPS/net-profit rows use the visible institution report date; revenue rows have no institution-level date on the page and are explicitly page-snapshot-only, not a complete broker vintage.",2026-08-07T15:07:52.028083+00:00
airline_public_report_evidence,01055.HK / 600029.SH,China Southern Airlines,https://basic.10jqka.com.cn/600029/worth.html,2026-08-07,2026-04-02,institution_report_date,国联民生,黄文鹤,2028,net_profit,119.32,RMB 100 million,RMB,,down,10jqka_structured_page,"Structured public 10jqka forecast page. EPS/net-profit rows use the visible institution report date; revenue rows have no institution-level date on the page and are explicitly page-snapshot-only, not a complete broker vintage.",2026-08-07T15:07:52.028083+00:00
airline_public_report_evidence,01055.HK / 600029.SH,China Southern Airlines,https://basic.10jqka.com.cn/600029/worth.html,2026-08-07,,page_snapshot_only,中泰证券,杜冲,2026,revenue,2039.53,RMB 100 million,RMB,,not_shown,10jqka_structured_page,"Structured public 10jqka forecast page. EPS/net-profit rows use the visible institution report date; revenue rows have no institution-level date on the page and are explicitly page-snapshot-only, not a complete broker vintage.",2026-08-07T15:07:52.028083+00:00
airline_public_report_evidence,01055.HK / 600029.SH,China Southern Airlines,https://basic.10jqka.com.cn/600029/worth.html,2026-08-07,,page_snapshot_only,华泰证券,沈晓峰,2026,revenue,2093.07,RMB 100 million,RMB,,not_shown,10jqka_structured_page,"Structured public 10jqka forecast page. EPS/net-profit rows use the visible institution report date; revenue rows have no institution-level date on the page and are explicitly page-snapshot-only, not a complete broker vintage.",2026-08-07T15:07:52.028083+00:00
airline_public_report_evidence,01055.HK / 600029.SH,China Southern Airlines,https://basic.10jqka.com.cn/600029/worth.html,2026-08-07,,page_snapshot_only,华源证券,孙延,2026,revenue,1993.03,RMB 100 million,RMB,,not_shown,10jqka_structured_page,"Structured public 10jqka forecast page. EPS/net-profit rows use the visible institution report date; revenue rows have no institution-level date on the page and are explicitly page-snapshot-only, not a complete broker vintage.",2026-08-07T15:07:52.028083+00:00
airline_public_report_evidence,01055.HK / 600029.SH,China Southern Airlines,https://basic.10jqka.com.cn/600029/worth.html,2026-08-07,,page_snapshot_only,国海证券,匡培钦,2026,revenue,2079.04,RMB 100 million,RMB,,not_shown,10jqka_structured_page,"Structured public 10jqka forecast page. EPS/net-profit rows use the visible institution report date; revenue rows have no institution-level date on the page and are explicitly page-snapshot-only, not a complete broker vintage.",2026-08-07T15:07:52.028083+00:00
airline_public_report_evidence,01055.HK / 600029.SH,China Southern Airlines,https://basic.10jqka.com.cn/600029/worth.html,2026-08-07,,page_snapshot_only,国联民生,黄文鹤,2026,revenue,1951.49,RMB 100 million,RMB,,not_shown,10jqka_structured_page,"Structured public 10jqka forecast page. EPS/net-profit rows use the visible institution report date; revenue rows have no institution-level date on the page and are explicitly page-snapshot-only, not a complete broker vintage.",2026-08-07T15:07:52.028083+00:00
airline_public_report_evidence,01055.HK / 600029.SH,China Southern Airlines,https://basic.10jqka.com.cn/600029/worth.html,2026-08-07,,page_snapshot_only,中泰证券,杜冲,2027,revenue,2260.77,RMB 100 million,RMB,,not_shown,10jqka_structured_page,"Structured public 10jqka forecast page. EPS/net-profit rows use the visible institution report date; revenue rows have no institution-level date on the page and are explicitly page-snapshot-only, not a complete broker vintage.",2026-08-07T15:07:52.028083+00:00
airline_public_report_evidence,01055.HK / 600029.SH,China Southern Airlines,https://basic.10jqka.com.cn/600029/worth.html,2026-08-07,,page_snapshot_only,华泰证券,沈晓峰,2027,revenue,2097.93,RMB 100 million,RMB,,not_shown,10jqka_structured_page,"Structured public 10jqka forecast page. EPS/net-profit rows use the visible institution report date; revenue rows have no institution-level date on the page and are explicitly page-snapshot-only, not a complete broker vintage.",2026-08-07T15:07:52.028083+00:00
airline_public_report_evidence,01055.HK / 600029.SH,China Southern Airlines,https://basic.10jqka.com.cn/600029/worth.html,2026-08-07,,page_snapshot_only,华源证券,孙延,2027,revenue,2162.75,RMB 100 million,RMB,,not_shown,10jqka_structured_page,"Structured public 10jqka forecast page. EPS/net-profit rows use the visible institution report date; revenue rows have no institution-level date on the page and are explicitly page-snapshot-only, not a complete broker vintage.",2026-08-07T15:07:52.028083+00:00
airline_public_report_evidence,01055.HK / 600029.SH,China Southern Airlines,https://basic.10jqka.com.cn/600029/worth.html,2026-08-07,,page_snapshot_only,国海证券,匡培钦,2027,revenue,2214.55,RMB 100 million,RMB,,not_shown,10jqka_structured_page,"Structured public 10jqka forecast page. EPS/net-profit rows use the visible institution report date; revenue rows have no institution-level date on the page and are explicitly page-snapshot-only, not a complete broker vintage.",2026-08-07T15:07:52.028083+00:00
airline_public_report_evidence,01055.HK / 600029.SH,China Southern Airlines,https://basic.10jqka.com.cn/600029/worth.html,2026-08-07,,page_snapshot_only,国联民生,黄文鹤,2027,revenue,2010.07,RMB 100 million,RMB,,not_shown,10jqka_structured_page,"Structured public 10jqka forecast page. EPS/net-profit rows use the visible institution report date; revenue rows have no institution-level date on the page and are explicitly page-snapshot-only, not a complete broker vintage.",2026-08-07T15:07:52.028083+00:00
airline_public_report_evidence,01055.HK / 600029.SH,China Southern Airlines,https://basic.10jqka.com.cn/600029/worth.html,2026-08-07,,page_snapshot_only,中泰证券,杜冲,2028,revenue,2407.21,RMB 100 million,RMB,,not_shown,10jqka_structured_page,"Structured public 10jqka forecast page. EPS/net-profit rows use the visible institution report date; revenue rows have no institution-level date on the page and are explicitly page-snapshot-only, not a complete broker vintage.",2026-08-07T15:07:52.028083+00:00
airline_public_report_evidence,01055.HK / 600029.SH,China Southern Airlines,https://basic.10jqka.com.cn/600029/worth.html,2026-08-07,,page_snapshot_only,华泰证券,沈晓峰,2028,revenue,2208.3,RMB 100 million,RMB,,not_shown,10jqka_structured_page,"Structured public 10jqka forecast page. EPS/net-profit rows use the visible institution report date; revenue rows have no institution-level date on the page and are explicitly page-snapshot-only, not a complete broker vintage.",2026-08-07T15:07:52.028083+00:00
airline_public_report_evidence,01055.HK / 600029.SH,China Southern Airlines,https://basic.10jqka.com.cn/600029/worth.html,2026-08-07,,page_snapshot_only,华源证券,孙延,2028,revenue,2366.1,RMB 100 million,RMB,,not_shown,10jqka_structured_page,"Structured public 10jqka forecast page. EPS/net-profit rows use the visible institution report date; revenue rows have no institution-level date on the page and are explicitly page-snapshot-only, not a complete broker vintage.",2026-08-07T15:07:52.028083+00:00
airline_public_report_evidence,01055.HK / 600029.SH,China Southern Airlines,https://basic.10jqka.com.cn/600029/worth.html,2026-08-07,,page_snapshot_only,国海证券,匡培钦,2028,revenue,2336.03,RMB 100 million,RMB,,not_shown,10jqka_structured_page,"Structured public 10jqka forecast page. EPS/net-profit rows use the visible institution report date; revenue rows have no institution-level date on the page and are explicitly page-snapshot-only, not a complete broker vintage.",2026-08-07T15:07:52.028083+00:00
airline_public_report_evidence,01055.HK / 600029.SH,China Southern Airlines,https://basic.10jqka.com.cn/600029/worth.html,2026-08-07,,page_snapshot_only,国联民生,黄文鹤,2028,revenue,2087.2,RMB 100 million,RMB,,not_shown,10jqka_structured_page,"Structured public 10jqka forecast page. EPS/net-profit rows use the visible institution report date; revenue rows have no institution-level date on the page and are explicitly page-snapshot-only, not a complete broker vintage.",2026-08-07T15:07:52.028083+00:00
airline_public_report_evidence,0670.HK / 600115.SH,China Eastern Airlines,https://basic.10jqka.com.cn/600115/worth.html,2026-08-07,2026-03-31,institution_report_date,中泰证券,杜冲,2026,eps,0.04,RMB/share,RMB,,down,10jqka_structured_page,"Structured public 10jqka forecast page. EPS/net-profit rows use the visible institution report date; revenue rows have no institution-level date on the page and are explicitly page-snapshot-only, not a complete broker vintage.",2026-08-07T15:07:52.028083+00:00
airline_public_report_evidence,0670.HK / 600115.SH,China Eastern Airlines,https://basic.10jqka.com.cn/600115/worth.html,2026-08-07,2026-05-04,institution_report_date,华泰证券,沈晓峰,2026,eps,0.08,RMB/share,RMB,,unchanged_or_not_shown,10jqka_structured_page,"Structured public 10jqka forecast page. EPS/net-profit rows use the visible institution report date; revenue rows have no institution-level date on the page and are explicitly page-snapshot-only, not a complete broker vintage.",2026-08-07T15:07:52.028083+00:00
airline_public_report_evidence,0670.HK / 600115.SH,China Eastern Airlines,https://basic.10jqka.com.cn/600115/worth.html,2026-08-07,2026-04-30,institution_report_date,国信证券,罗丹,2026,eps,0.04,RMB/share,RMB,,down,10jqka_structured_page,"Structured public 10jqka forecast page. EPS/net-profit rows use the visible institution report date; revenue rows have no institution-level date on the page and are explicitly page-snapshot-only, not a complete broker vintage.",2026-08-07T15:07:52.028083+00:00
airline_public_report_evidence,0670.HK / 600115.SH,China Eastern Airlines,https://basic.10jqka.com.cn/600115/worth.html,2026-08-07,2026-05-01,institution_report_date,国海证券,匡培钦,2026,eps,0.0019,RMB/share,RMB,,down,10jqka_structured_page,"Structured public 10jqka forecast page. EPS/net-profit rows use the visible institution report date; revenue rows have no institution-level date on the page and are explicitly page-snapshot-only, not a complete broker vintage.",2026-08-07T15:07:52.028083+00:00
airline_public_report_evidence,0670.HK / 600115.SH,China Eastern Airlines,https://basic.10jqka.com.cn/600115/worth.html,2026-08-07,2026-04-02,institution_report_date,国联民生,黄文鹤,2026,eps,-0.07,RMB/share,RMB,,down,10jqka_structured_page,"Structured public 10jqka forecast page. EPS/net-profit rows use the visible institution report date; revenue rows have no institution-level date on the page and are explicitly page-snapshot-only, not a complete broker vintage.",2026-08-07T15:07:52.028083+00:00
airline_public_report_evidence,0670.HK / 600115.SH,China Eastern Airlines,https://basic.10jqka.com.cn/600115/worth.html,2026-08-07,2026-08-03,institution_report_date,财通证券,祝玉波,2026,eps,0.02,RMB/share,RMB,,unchanged_or_not_shown,10jqka_structured_page,"Structured public 10jqka forecast page. EPS/net-profit rows use the visible institution report date; revenue rows have no institution-level date on the page and are explicitly page-snapshot-only, not a complete broker vintage.",2026-08-07T15:07:52.028083+00:00
airline_public_report_evidence,0670.HK / 600115.SH,China Eastern Airlines,https://basic.10jqka.com.cn/600115/worth.html,2026-08-07,2026-03-31,institution_report_date,中泰证券,杜冲,2027,eps,0.16,RMB/share,RMB,,down,10jqka_structured_page,"Structured public 10jqka forecast page. EPS/net-profit rows use the visible institution report date; revenue rows have no institution-level date on the page and are explicitly page-snapshot-only, not a complete broker vintage.",2026-08-07T15:07:52.028083+00:00
airline_public_report_evidence,0670.HK / 600115.SH,China Eastern Airlines,https://basic.10jqka.com.cn/600115/worth.html,2026-08-07,2026-05-04,institution_report_date,华泰证券,沈晓峰,2027,eps,0.3,RMB/share,RMB,,unchanged_or_not_shown,10jqka_structured_page,"Structured public 10jqka forecast page. EPS/net-profit rows use the visible institution report date; revenue rows have no institution-level date on the page and are explicitly page-snapshot-only, not a complete broker vintage.",2026-08-07T15:07:52.028083+00:00
airline_public_report_evidence,0670.HK / 600115.SH,China Eastern Airlines,https://basic.10jqka.com.cn/600115/worth.html,2026-08-07,2026-04-30,institution_report_date,国信证券,罗丹,2027,eps,0.27,RMB/share,RMB,,unchanged_or_not_shown,10jqka_structured_page,"Structured public 10jqka forecast page. EPS/net-profit rows use the visible institution report date; revenue rows have no institution-level date on the page and are explicitly page-snapshot-only, not a complete broker vintage.",2026-08-07T15:07:52.028083+00:00
airline_public_report_evidence,0670.HK / 600115.SH,China Eastern Airlines,https://basic.10jqka.com.cn/600115/worth.html,2026-08-07,2026-05-01,institution_report_date,国海证券,匡培钦,2027,eps,0.28,RMB/share,RMB,,down,10jqka_structured_page,"Structured public 10jqka forecast page. EPS/net-profit rows use the visible institution report date; revenue rows have no institution-level date on the page and are explicitly page-snapshot-only, not a complete broker vintage.",2026-08-07T15:07:52.028083+00:00
airline_public_report_evidence,0670.HK / 600115.SH,China Eastern Airlines,https://basic.10jqka.com.cn/600115/worth.html,2026-08-07,2026-04-02,institution_report_date,国联民生,黄文鹤,2027,eps,0.27,RMB/share,RMB,,up,10jqka_structured_page,"Structured public 10jqka forecast page. EPS/net-profit rows use the visible institution report date; revenue rows have no institution-level date on the page and are explicitly page-snapshot-only, not a complete broker vintage.",2026-08-07T15:07:52.028083+00:00
airline_public_report_evidence,0670.HK / 600115.SH,China Eastern Airlines,https://basic.10jqka.com.cn/600115/worth.html,2026-08-07,2026-08-03,institution_report_date,财通证券,祝玉波,2027,eps,0.24,RMB/share,RMB,,unchanged_or_not_shown,10jqka_structured_page,"Structured public 10jqka forecast page. EPS/net-profit rows use the visible institution report date; revenue rows have no institution-level date on the page and are explicitly page-snapshot-only, not a complete broker vintage.",2026-08-07T15:07:52.028083+00:00
airline_public_report_evidence,0670.HK / 600115.SH,China Eastern Airlines,https://basic.10jqka.com.cn/600115/worth.html,2026-08-07,2026-03-31,institution_report_date,中泰证券,杜冲,2028,eps,0.31,RMB/share,RMB,,unchanged_or_not_shown,10jqka_structured_page,"Structured public 10jqka forecast page. EPS/net-profit rows use the visible institution report date; revenue rows have no institution-level date on the page and are explicitly page-snapshot-only, not a complete broker vintage.",2026-08-07T15:07:52.028083+00:00
airline_public_report_evidence,0670.HK / 600115.SH,China Eastern Airlines,https://basic.10jqka.com.cn/600115/worth.html,2026-08-07,2026-05-04,institution_report_date,华泰证券,沈晓峰,2028,eps,0.51,RMB/share,RMB,,unchanged_or_not_shown,10jqka_structured_page,"Structured public 10jqka forecast page. EPS/net-profit rows use the visible institution report date; revenue rows have no institution-level date on the page and are explicitly page-snapshot-only, not a complete broker vintage.",2026-08-07T15:07:52.028083+00:00
airline_public_report_evidence,0670.HK / 600115.SH,China Eastern Airlines,https://basic.10jqka.com.cn/600115/worth.html,2026-08-07,2026-04-30,institution_report_date,国信证券,罗丹,2028,eps,0.37,RMB/share,RMB,,unchanged_or_not_shown,10jqka_structured_page,"Structured public 10jqka forecast page. EPS/net-profit rows use the visible institution report date; revenue rows have no institution-level date on the page and are explicitly page-snapshot-only, not a complete broker vintage.",2026-08-07T15:07:52.028083+00:00
airline_public_report_evidence,0670.HK / 600115.SH,China Eastern Airlines,https://basic.10jqka.com.cn/600115/worth.html,2026-08-07,2026-05-01,institution_report_date,国海证券,匡培钦,2028,eps,0.36,RMB/share,RMB,,unchanged_or_not_shown,10jqka_structured_page,"Structured public 10jqka forecast page. EPS/net-profit rows use the visible institution report date; revenue rows have no institution-level date on the page and are explicitly page-snapshot-only, not a complete broker vintage.",2026-08-07T15:07:52.028083+00:00
airline_public_report_evidence,0670.HK / 600115.SH,China Eastern Airlines,https://basic.10jqka.com.cn/600115/worth.html,2026-08-07,2026-04-02,institution_report_date,国联民生,黄文鹤,2028,eps,0.4,RMB/share,RMB,,unchanged_or_not_shown,10jqka_structured_page,"Structured public 10jqka forecast page. EPS/net-profit rows use the visible institution report date; revenue rows have no institution-level date on the page and are explicitly page-snapshot-only, not a complete broker vintage.",2026-08-07T15:07:52.028083+00:00
airline_public_report_evidence,0670.HK / 600115.SH,China Eastern Airlines,https://basic.10jqka.com.cn/600115/worth.html,2026-08-07,2026-08-03,institution_report_date,财通证券,祝玉波,2028,eps,0.42,RMB/share,RMB,,unchanged_or_not_shown,10jqka_structured_page,"Structured public 10jqka forecast page. EPS/net-profit rows use the visible institution report date; revenue rows have no institution-level date on the page and are explicitly page-snapshot-only, not a complete broker vintage.",2026-08-07T15:07:52.028083+00:00
airline_public_report_evidence,0670.HK / 600115.SH,China Eastern Airlines,https://basic.10jqka.com.cn/600115/worth.html,2026-08-07,2026-03-31,institution_report_date,中泰证券,杜冲,2026,net_profit,8.8,RMB 100 million,RMB,,down,10jqka_structured_page,"Structured public 10jqka forecast page. EPS/net-profit rows use the visible institution report date; revenue rows have no institution-level date on the page and are explicitly page-snapshot-only, not a complete broker vintage.",2026-08-07T15:07:52.028083+00:00
airline_public_report_evidence,0670.HK / 600115.SH,China Eastern Airlines,https://basic.10jqka.com.cn/600115/worth.html,2026-08-07,2026-05-04,institution_report_date,华泰证券,沈晓峰,2026,net_profit,18.43,RMB 100 million,RMB,,unchanged_or_not_shown,10jqka_structured_page,"Structured public 10jqka forecast page. EPS/net-profit rows use the visible institution report date; revenue rows have no institution-level date on the page and are explicitly page-snapshot-only, not a complete broker vintage.",2026-08-07T15:07:52.028083+00:00
airline_public_report_evidence,0670.HK / 600115.SH,China Eastern Airlines,https://basic.10jqka.com.cn/600115/worth.html,2026-08-07,2026-04-30,institution_report_date,国信证券,罗丹,2026,net_profit,9.36,RMB 100 million,RMB,,down,10jqka_structured_page,"Structured public 10jqka forecast page. EPS/net-profit rows use the visible institution report date; revenue rows have no institution-level date on the page and are explicitly page-snapshot-only, not a complete broker vintage.",2026-08-07T15:07:52.028083+00:00
airline_public_report_evidence,0670.HK / 600115.SH,China Eastern Airlines,https://basic.10jqka.com.cn/600115/worth.html,2026-08-07,2026-05-01,institution_report_date,国海证券,匡培钦,2026,net_profit,0.42,RMB 100 million,RMB,,down,10jqka_structured_page,"Structured public 10jqka forecast page. EPS/net-profit rows use the visible institution report date; revenue rows have no institution-level date on the page and are explicitly page-snapshot-only, not a complete broker vintage.",2026-08-07T15:07:52.028083+00:00
airline_public_report_evidence,0670.HK / 600115.SH,China Eastern Airlines,https://basic.10jqka.com.cn/600115/worth.html,2026-08-07,2026-04-02,institution_report_date,国联民生,黄文鹤,2026,net_profit,-16.34,RMB 100 million,RMB,,down,10jqka_structured_page,"Structured public 10jqka forecast page. EPS/net-profit rows use the visible institution report date; revenue rows have no institution-level date on the page and are explicitly page-snapshot-only, not a complete broker vintage.",2026-08-07T15:07:52.028083+00:00
airline_public_report_evidence,0670.HK / 600115.SH,China Eastern Airlines,https://basic.10jqka.com.cn/600115/worth.html,2026-08-07,2026-08-03,institution_report_date,财通证券,祝玉波,2026,net_profit,3.73,RMB 100 million,RMB,,unchanged_or_not_shown,10jqka_structured_page,"Structured public 10jqka forecast page. EPS/net-profit rows use the visible institution report date; revenue rows have no institution-level date on the page and are explicitly page-snapshot-only, not a complete broker vintage.",2026-08-07T15:07:52.028083+00:00
airline_public_report_evidence,0670.HK / 600115.SH,China Eastern Airlines,https://basic.10jqka.com.cn/600115/worth.html,2026-08-07,2026-03-31,institution_report_date,中泰证券,杜冲,2027,net_profit,36.3,RMB 100 million,RMB,,down,10jqka_structured_page,"Structured public 10jqka forecast page. EPS/net-profit rows use the visible institution report date; revenue rows have no institution-level date on the page and are explicitly page-snapshot-only, not a complete broker vintage.",2026-08-07T15:07:52.028083+00:00
airline_public_report_evidence,0670.HK / 600115.SH,China Eastern Airlines,https://basic.10jqka.com.cn/600115/worth.html,2026-08-07,2026-05-04,institution_report_date,华泰证券,沈晓峰,2027,net_profit,66.27,RMB 100 million,RMB,,unchanged_or_not_shown,10jqka_structured_page,"Structured public 10jqka forecast page. EPS/net-profit rows use the visible institution report date; revenue rows have no institution-level date on the page and are explicitly page-snapshot-only, not a complete broker vintage.",2026-08-07T15:07:52.028083+00:00
airline_public_report_evidence,0670.HK / 600115.SH,China Eastern Airlines,https://basic.10jqka.com.cn/600115/worth.html,2026-08-07,2026-04-30,institution_report_date,国信证券,罗丹,2027,net_profit,60.61,RMB 100 million,RMB,,up,10jqka_structured_page,"Structured public 10jqka forecast page. EPS/net-profit rows use the visible institution report date; revenue rows have no institution-level date on the page and are explicitly page-snapshot-only, not a complete broker vintage.",2026-08-07T15:07:52.028083+00:00
airline_public_report_evidence,0670.HK / 600115.SH,China Eastern Airlines,https://basic.10jqka.com.cn/600115/worth.html,2026-08-07,2026-05-01,institution_report_date,国海证券,匡培钦,2027,net_profit,61.39,RMB 100 million,RMB,,down,10jqka_structured_page,"Structured public 10jqka forecast page. EPS/net-profit rows use the visible institution report date; revenue rows have no institution-level date on the page and are explicitly page-snapshot-only, not a complete broker vintage.",2026-08-07T15:07:52.028083+00:00
airline_public_report_evidence,0670.HK / 600115.SH,China Eastern Airlines,https://basic.10jqka.com.cn/600115/worth.html,2026-08-07,2026-04-02,institution_report_date,国联民生,黄文鹤,2027,net_profit,59.05,RMB 100 million,RMB,,up,10jqka_structured_page,"Structured public 10jqka forecast page. EPS/net-profit rows use the visible institution report date; revenue rows have no institution-level date on the page and are explicitly page-snapshot-only, not a complete broker vintage.",2026-08-07T15:07:52.028083+00:00
airline_public_report_evidence,0670.HK / 600115.SH,China Eastern Airlines,https://basic.10jqka.com.cn/600115/worth.html,2026-08-07,2026-08-03,institution_report_date,财通证券,祝玉波,2027,net_profit,53.72,RMB 100 million,RMB,,unchanged_or_not_shown,10jqka_structured_page,"Structured public 10jqka forecast page. EPS/net-profit rows use the visible institution report date; revenue rows have no institution-level date on the page and are explicitly page-snapshot-only, not a complete broker vintage.",2026-08-07T15:07:52.028083+00:00
airline_public_report_evidence,0670.HK / 600115.SH,China Eastern Airlines,https://basic.10jqka.com.cn/600115/worth.html,2026-08-07,2026-03-31,institution_report_date,中泰证券,杜冲,2028,net_profit,67.6,RMB 100 million,RMB,,down,10jqka_structured_page,"Structured public 10jqka forecast page. EPS/net-profit rows use the visible institution report date; revenue rows have no institution-level date on the page and are explicitly page-snapshot-only, not a complete broker vintage.",2026-08-07T15:07:52.028083+00:00
airline_public_report_evidence,0670.HK / 600115.SH,China Eastern Airlines,https://basic.10jqka.com.cn/600115/worth.html,2026-08-07,2026-05-04,institution_report_date,华泰证券,沈晓峰,2028,net_profit,111.87,RMB 100 million,RMB,,unchanged_or_not_shown,10jqka_structured_page,"Structured public 10jqka forecast page. EPS/net-profit rows use the visible institution report date; revenue rows have no institution-level date on the page and are explicitly page-snapshot-only, not a complete broker vintage.",2026-08-07T15:07:52.028083+00:00
airline_public_report_evidence,0670.HK / 600115.SH,China Eastern Airlines,https://basic.10jqka.com.cn/600115/worth.html,2026-08-07,2026-04-30,institution_report_date,国信证券,罗丹,2028,net_profit,81.85,RMB 100 million,RMB,,up,10jqka_structured_page,"Structured public 10jqka forecast page. EPS/net-profit rows use the visible institution report date; revenue rows have no institution-level date on the page and are explicitly page-snapshot-only, not a complete broker vintage.",2026-08-07T15:07:52.028083+00:00
airline_public_report_evidence,0670.HK / 600115.SH,China Eastern Airlines,https://basic.10jqka.com.cn/600115/worth.html,2026-08-07,2026-05-01,institution_report_date,国海证券,匡培钦,2028,net_profit,80.24,RMB 100 million,RMB,,down,10jqka_structured_page,"Structured public 10jqka forecast page. EPS/net-profit rows use the visible institution report date; revenue rows have no institution-level date on the page and are explicitly page-snapshot-only, not a complete broker vintage.",2026-08-07T15:07:52.028083+00:00
airline_public_report_evidence,0670.HK / 600115.SH,China Eastern Airlines,https://basic.10jqka.com.cn/600115/worth.html,2026-08-07,2026-04-02,institution_report_date,国联民生,黄文鹤,2028,net_profit,88.7,RMB 100 million,RMB,,up,10jqka_structured_page,"Structured public 10jqka forecast page. EPS/net-profit rows use the visible institution report date; revenue rows have no institution-level date on the page and are explicitly page-snapshot-only, not a complete broker vintage.",2026-08-07T15:07:52.028083+00:00
airline_public_report_evidence,0670.HK / 600115.SH,China Eastern Airlines,https://basic.10jqka.com.cn/600115/worth.html,2026-08-07,2026-08-03,institution_report_date,财通证券,祝玉波,2028,net_profit,92.08,RMB 100 million,RMB,,unchanged_or_not_shown,10jqka_structured_page,"Structured public 10jqka forecast page. EPS/net-profit rows use the visible institution report date; revenue rows have no institution-level date on the page and are explicitly page-snapshot-only, not a complete broker vintage.",2026-08-07T15:07:52.028083+00:00
airline_public_report_evidence,0670.HK / 600115.SH,China Eastern Airlines,https://basic.10jqka.com.cn/600115/worth.html,2026-08-07,,page_snapshot_only,中泰证券,杜冲,2026,revenue,1592.96,RMB 100 million,RMB,,not_shown,10jqka_structured_page,"Structured public 10jqka forecast page. EPS/net-profit rows use the visible institution report date; revenue rows have no institution-level date on the page and are explicitly page-snapshot-only, not a complete broker vintage.",2026-08-07T15:07:52.028083+00:00
airline_public_report_evidence,0670.HK / 600115.SH,China Eastern Airlines,https://basic.10jqka.com.cn/600115/worth.html,2026-08-07,,page_snapshot_only,华泰证券,沈晓峰,2026,revenue,1755.75,RMB 100 million,RMB,,not_shown,10jqka_structured_page,"Structured public 10jqka forecast page. EPS/net-profit rows use the visible institution report date; revenue rows have no institution-level date on the page and are explicitly page-snapshot-only, not a complete broker vintage.",2026-08-07T15:07:52.028083+00:00
airline_public_report_evidence,0670.HK / 600115.SH,China Eastern Airlines,https://basic.10jqka.com.cn/600115/worth.html,2026-08-07,,page_snapshot_only,国信证券,罗丹,2026,revenue,1598.32,RMB 100 million,RMB,,not_shown,10jqka_structured_page,"Structured public 10jqka forecast page. EPS/net-profit rows use the visible institution report date; revenue rows have no institution-level date on the page and are explicitly page-snapshot-only, not a complete broker vintage.",2026-08-07T15:07:52.028083+00:00
airline_public_report_evidence,0670.HK / 600115.SH,China Eastern Airlines,https://basic.10jqka.com.cn/600115/worth.html,2026-08-07,,page_snapshot_only,国海证券,匡培钦,2026,revenue,1645.1,RMB 100 million,RMB,,not_shown,10jqka_structured_page,"Structured public 10jqka forecast page. EPS/net-profit rows use the visible institution report date; revenue rows have no institution-level date on the page and are explicitly page-snapshot-only, not a complete broker vintage.",2026-08-07T15:07:52.028083+00:00
airline_public_report_evidence,0670.HK / 600115.SH,China Eastern Airlines,https://basic.10jqka.com.cn/600115/worth.html,2026-08-07,,page_snapshot_only,国联民生,黄文鹤,2026,revenue,1531.07,RMB 100 million,RMB,,not_shown,10jqka_structured_page,"Structured public 10jqka forecast page. EPS/net-profit rows use the visible institution report date; revenue rows have no institution-level date on the page and are explicitly page-snapshot-only, not a complete broker vintage.",2026-08-07T15:07:52.028083+00:00
airline_public_report_evidence,0670.HK / 600115.SH,China Eastern Airlines,https://basic.10jqka.com.cn/600115/worth.html,2026-08-07,,page_snapshot_only,财通证券,祝玉波,2026,revenue,1574.46,RMB 100 million,RMB,,not_shown,10jqka_structured_page,"Structured public 10jqka forecast page. EPS/net-profit rows use the visible institution report date; revenue rows have no institution-level date on the page and are explicitly page-snapshot-only, not a complete broker vintage.",2026-08-07T15:07:52.028083+00:00
airline_public_report_evidence,0670.HK / 600115.SH,China Eastern Airlines,https://basic.10jqka.com.cn/600115/worth.html,2026-08-07,,page_snapshot_only,中泰证券,杜冲,2027,revenue,1739.64,RMB 100 million,RMB,,not_shown,10jqka_structured_page,"Structured public 10jqka forecast page. EPS/net-profit rows use the visible institution report date; revenue rows have no institution-level date on the page and are explicitly page-snapshot-only, not a complete broker vintage.",2026-08-07T15:07:52.028083+00:00
airline_public_report_evidence,0670.HK / 600115.SH,China Eastern Airlines,https://basic.10jqka.com.cn/600115/worth.html,2026-08-07,,page_snapshot_only,华泰证券,沈晓峰,2027,revenue,1738.95,RMB 100 million,RMB,,not_shown,10jqka_structured_page,"Structured public 10jqka forecast page. EPS/net-profit rows use the visible institution report date; revenue rows have no institution-level date on the page and are explicitly page-snapshot-only, not a complete broker vintage.",2026-08-07T15:07:52.028083+00:00
airline_public_report_evidence,0670.HK / 600115.SH,China Eastern Airlines,https://basic.10jqka.com.cn/600115/worth.html,2026-08-07,,page_snapshot_only,国信证券,罗丹,2027,revenue,1628.4,RMB 100 million,RMB,,not_shown,10jqka_structured_page,"Structured public 10jqka forecast page. EPS/net-profit rows use the visible institution report date; revenue rows have no institution-level date on the page and are explicitly page-snapshot-only, not a complete broker vintage.",2026-08-07T15:07:52.028083+00:00
airline_public_report_evidence,0670.HK / 600115.SH,China Eastern Airlines,https://basic.10jqka.com.cn/600115/worth.html,2026-08-07,,page_snapshot_only,国海证券,匡培钦,2027,revenue,1783.93,RMB 100 million,RMB,,not_shown,10jqka_structured_page,"Structured public 10jqka forecast page. EPS/net-profit rows use the visible institution report date; revenue rows have no institution-level date on the page and are explicitly page-snapshot-only, not a complete broker vintage.",2026-08-07T15:07:52.028083+00:00
airline_public_report_evidence,0670.HK / 600115.SH,China Eastern Airlines,https://basic.10jqka.com.cn/600115/worth.html,2026-08-07,,page_snapshot_only,国联民生,黄文鹤,2027,revenue,1679.03,RMB 100 million,RMB,,not_shown,10jqka_structured_page,"Structured public 10jqka forecast page. EPS/net-profit rows use the visible institution report date; revenue rows have no institution-level date on the page and are explicitly page-snapshot-only, not a complete broker vintage.",2026-08-07T15:07:52.028083+00:00
airline_public_report_evidence,0670.HK / 600115.SH,China Eastern Airlines,https://basic.10jqka.com.cn/600115/worth.html,2026-08-07,,page_snapshot_only,财通证券,祝玉波,2027,revenue,1627.57,RMB 100 million,RMB,,not_shown,10jqka_structured_page,"Structured public 10jqka forecast page. EPS/net-profit rows use the visible institution report date; revenue rows have no institution-level date on the page and are explicitly page-snapshot-only, not a complete broker vintage.",2026-08-07T15:07:52.028083+00:00
airline_public_report_evidence,0670.HK / 600115.SH,China Eastern Airlines,https://basic.10jqka.com.cn/600115/worth.html,2026-08-07,,page_snapshot_only,中泰证券,杜冲,2028,revenue,1806.56,RMB 100 million,RMB,,not_shown,10jqka_structured_page,"Structured public 10jqka forecast page. EPS/net-profit rows use the visible institution report date; revenue rows have no institution-level date on the page and are explicitly page-snapshot-only, not a complete broker vintage.",2026-08-07T15:07:52.028083+00:00
airline_public_report_evidence,0670.HK / 600115.SH,China Eastern Airlines,https://basic.10jqka.com.cn/600115/worth.html,2026-08-07,,page_snapshot_only,华泰证券,沈晓峰,2028,revenue,1833.66,RMB 100 million,RMB,,not_shown,10jqka_structured_page,"Structured public 10jqka forecast page. EPS/net-profit rows use the visible institution report date; revenue rows have no institution-level date on the page and are explicitly page-snapshot-only, not a complete broker vintage.",2026-08-07T15:07:52.028083+00:00
airline_public_report_evidence,0670.HK / 600115.SH,China Eastern Airlines,https://basic.10jqka.com.cn/600115/worth.html,2026-08-07,,page_snapshot_only,国信证券,罗丹,2028,revenue,1734.24,RMB 100 million,RMB,,not_shown,10jqka_structured_page,"Structured public 10jqka forecast page. EPS/net-profit rows use the visible institution report date; revenue rows have no institution-level date on the page and are explicitly page-snapshot-only, not a complete broker vintage.",2026-08-07T15:07:52.028083+00:00
airline_public_report_evidence,0670.HK / 600115.SH,China Eastern Airlines,https://basic.10jqka.com.cn/600115/worth.html,2026-08-07,,page_snapshot_only,国海证券,匡培钦,2028,revenue,1877.05,RMB 100 million,RMB,,not_shown,10jqka_structured_page,"Structured public 10jqka forecast page. EPS/net-profit rows use the visible institution report date; revenue rows have no institution-level date on the page and are explicitly page-snapshot-only, not a complete broker vintage.",2026-08-07T15:07:52.028083+00:00
airline_public_report_evidence,0670.HK / 600115.SH,China Eastern Airlines,https://basic.10jqka.com.cn/600115/worth.html,2026-08-07,,page_snapshot_only,国联民生,黄文鹤,2028,revenue,1742.97,RMB 100 million,RMB,,not_shown,10jqka_structured_page,"Structured public 10jqka forecast page. EPS/net-profit rows use the visible institution report date; revenue rows have no institution-level date on the page and are explicitly page-snapshot-only, not a complete broker vintage.",2026-08-07T15:07:52.028083+00:00
airline_public_report_evidence,0670.HK / 600115.SH,China Eastern Airlines,https://basic.10jqka.com.cn/600115/worth.html,2026-08-07,,page_snapshot_only,财通证券,祝玉波,2028,revenue,1710.29,RMB 100 million,RMB,,not_shown,10jqka_structured_page,"Structured public 10jqka forecast page. EPS/net-profit rows use the visible institution report date; revenue rows have no institution-level date on the page and are explicitly page-snapshot-only, not a complete broker vintage.",2026-08-07T15:07:52.028083+00:00
airline_public_report_evidence,0753.HK / 601111.SH,Air China,https://basic.10jqka.com.cn/601111/worth.html,2026-08-07,2026-03-31,institution_report_date,东兴证券,曹奕丰,2026,eps,-0.06,RMB/share,RMB,,down,10jqka_structured_page,"Structured public 10jqka forecast page. EPS/net-profit rows use the visible institution report date; revenue rows have no institution-level date on the page and are explicitly page-snapshot-only, not a complete broker vintage.",2026-08-07T15:07:52.028083+00:00
airline_public_report_evidence,0753.HK / 601111.SH,Air China,https://basic.10jqka.com.cn/601111/worth.html,2026-08-07,2026-05-03,institution_report_date,华泰证券,沈晓峰,2026,eps,0.13,RMB/share,RMB,,unchanged_or_not_shown,10jqka_structured_page,"Structured public 10jqka forecast page. EPS/net-profit rows use the visible institution report date; revenue rows have no institution-level date on the page and are explicitly page-snapshot-only, not a complete broker vintage.",2026-08-07T15:07:52.028083+00:00
airline_public_report_evidence,0753.HK / 601111.SH,Air China,https://basic.10jqka.com.cn/601111/worth.html,2026-08-07,2026-07-08,institution_report_date,华源证券,孙延,2026,eps,0.08,RMB/share,RMB,,unchanged_or_not_shown,10jqka_structured_page,"Structured public 10jqka forecast page. EPS/net-profit rows use the visible institution report date; revenue rows have no institution-level date on the page and are explicitly page-snapshot-only, not a complete broker vintage.",2026-08-07T15:07:52.028083+00:00
airline_public_report_evidence,0753.HK / 601111.SH,Air China,https://basic.10jqka.com.cn/601111/worth.html,2026-08-07,2026-05-01,institution_report_date,国海证券,匡培钦,2026,eps,0.03,RMB/share,RMB,,down,10jqka_structured_page,"Structured public 10jqka forecast page. EPS/net-profit rows use the visible institution report date; revenue rows have no institution-level date on the page and are explicitly page-snapshot-only, not a complete broker vintage.",2026-08-07T15:07:52.028083+00:00
airline_public_report_evidence,0753.HK / 601111.SH,Air China,https://basic.10jqka.com.cn/601111/worth.html,2026-08-07,2026-03-29,institution_report_date,国联民生,黄文鹤,2026,eps,0.08,RMB/share,RMB,,down,10jqka_structured_page,"Structured public 10jqka forecast page. EPS/net-profit rows use the visible institution report date; revenue rows have no institution-level date on the page and are explicitly page-snapshot-only, not a complete broker vintage.",2026-08-07T15:07:52.028083+00:00
airline_public_report_evidence,0753.HK / 601111.SH,Air China,https://basic.10jqka.com.cn/601111/worth.html,2026-08-07,2026-04-30,institution_report_date,国金证券,李丹,2026,eps,-0.06,RMB/share,RMB,,down,10jqka_structured_page,"Structured public 10jqka forecast page. EPS/net-profit rows use the visible institution report date; revenue rows have no institution-level date on the page and are explicitly page-snapshot-only, not a complete broker vintage.",2026-08-07T15:07:52.028083+00:00
airline_public_report_evidence,0753.HK / 601111.SH,Air China,https://basic.10jqka.com.cn/601111/worth.html,2026-08-07,2026-07-21,institution_report_date,财通证券,祝玉波,2026,eps,0.01,RMB/share,RMB,,unchanged_or_not_shown,10jqka_structured_page,"Structured public 10jqka forecast page. EPS/net-profit rows use the visible institution report date; revenue rows have no institution-level date on the page and are explicitly page-snapshot-only, not a complete broker vintage.",2026-08-07T15:07:52.028083+00:00
airline_public_report_evidence,0753.HK / 601111.SH,Air China,https://basic.10jqka.com.cn/601111/worth.html,2026-08-07,2026-03-31,institution_report_date,东兴证券,曹奕丰,2027,eps,0.14,RMB/share,RMB,,down,10jqka_structured_page,"Structured public 10jqka forecast page. EPS/net-profit rows use the visible institution report date; revenue rows have no institution-level date on the page and are explicitly page-snapshot-only, not a complete broker vintage.",2026-08-07T15:07:52.028083+00:00
airline_public_report_evidence,0753.HK / 601111.SH,Air China,https://basic.10jqka.com.cn/601111/worth.html,2026-08-07,2026-05-03,institution_report_date,华泰证券,沈晓峰,2027,eps,0.42,RMB/share,RMB,,unchanged_or_not_shown,10jqka_structured_page,"Structured public 10jqka forecast page. EPS/net-profit rows use the visible institution report date; revenue rows have no institution-level date on the page and are explicitly page-snapshot-only, not a complete broker vintage.",2026-08-07T15:07:52.028083+00:00
airline_public_report_evidence,0753.HK / 601111.SH,Air China,https://basic.10jqka.com.cn/601111/worth.html,2026-08-07,2026-07-08,institution_report_date,华源证券,孙延,2027,eps,0.35,RMB/share,RMB,,unchanged_or_not_shown,10jqka_structured_page,"Structured public 10jqka forecast page. EPS/net-profit rows use the visible institution report date; revenue rows have no institution-level date on the page and are explicitly page-snapshot-only, not a complete broker vintage.",2026-08-07T15:07:52.028083+00:00
airline_public_report_evidence,0753.HK / 601111.SH,Air China,https://basic.10jqka.com.cn/601111/worth.html,2026-08-07,2026-05-01,institution_report_date,国海证券,匡培钦,2027,eps,0.43,RMB/share,RMB,,down,10jqka_structured_page,"Structured public 10jqka forecast page. EPS/net-profit rows use the visible institution report date; revenue rows have no institution-level date on the page and are explicitly page-snapshot-only, not a complete broker vintage.",2026-08-07T15:07:52.028083+00:00
airline_public_report_evidence,0753.HK / 601111.SH,Air China,https://basic.10jqka.com.cn/601111/worth.html,2026-08-07,2026-03-29,institution_report_date,国联民生,黄文鹤,2027,eps,0.41,RMB/share,RMB,,down,10jqka_structured_page,"Structured public 10jqka forecast page. EPS/net-profit rows use the visible institution report date; revenue rows have no institution-level date on the page and are explicitly page-snapshot-only, not a complete broker vintage.",2026-08-07T15:07:52.028083+00:00
airline_public_report_evidence,0753.HK / 601111.SH,Air China,https://basic.10jqka.com.cn/601111/worth.html,2026-08-07,2026-04-30,institution_report_date,国金证券,李丹,2027,eps,0.24,RMB/share,RMB,,down,10jqka_structured_page,"Structured public 10jqka forecast page. EPS/net-profit rows use the visible institution report date; revenue rows have no institution-level date on the page and are explicitly page-snapshot-only, not a complete broker vintage.",2026-08-07T15:07:52.028083+00:00
airline_public_report_evidence,0753.HK / 601111.SH,Air China,https://basic.10jqka.com.cn/601111/worth.html,2026-08-07,2026-07-21,institution_report_date,财通证券,祝玉波,2027,eps,0.28,RMB/share,RMB,,unchanged_or_not_shown,10jqka_structured_page,"Structured public 10jqka forecast page. EPS/net-profit rows use the visible institution report date; revenue rows have no institution-level date on the page and are explicitly page-snapshot-only, not a complete broker vintage.",2026-08-07T15:07:52.028083+00:00
airline_public_report_evidence,0753.HK / 601111.SH,Air China,https://basic.10jqka.com.cn/601111/worth.html,2026-08-07,2026-03-31,institution_report_date,东兴证券,曹奕丰,2028,eps,0.26,RMB/share,RMB,,unchanged_or_not_shown,10jqka_structured_page,"Structured public 10jqka forecast page. EPS/net-profit rows use the visible institution report date; revenue rows have no institution-level date on the page and are explicitly page-snapshot-only, not a complete broker vintage.",2026-08-07T15:07:52.028083+00:00
airline_public_report_evidence,0753.HK / 601111.SH,Air China,https://basic.10jqka.com.cn/601111/worth.html,2026-08-07,2026-05-03,institution_report_date,华泰证券,沈晓峰,2028,eps,0.68,RMB/share,RMB,,unchanged_or_not_shown,10jqka_structured_page,"Structured public 10jqka forecast page. EPS/net-profit rows use the visible institution report date; revenue rows have no institution-level date on the page and are explicitly page-snapshot-only, not a complete broker vintage.",2026-08-07T15:07:52.028083+00:00
airline_public_report_evidence,0753.HK / 601111.SH,Air China,https://basic.10jqka.com.cn/601111/worth.html,2026-08-07,2026-07-08,institution_report_date,华源证券,孙延,2028,eps,0.62,RMB/share,RMB,,unchanged_or_not_shown,10jqka_structured_page,"Structured public 10jqka forecast page. EPS/net-profit rows use the visible institution report date; revenue rows have no institution-level date on the page and are explicitly page-snapshot-only, not a complete broker vintage.",2026-08-07T15:07:52.028083+00:00
airline_public_report_evidence,0753.HK / 601111.SH,Air China,https://basic.10jqka.com.cn/601111/worth.html,2026-08-07,2026-05-01,institution_report_date,国海证券,匡培钦,2028,eps,0.55,RMB/share,RMB,,unchanged_or_not_shown,10jqka_structured_page,"Structured public 10jqka forecast page. EPS/net-profit rows use the visible institution report date; revenue rows have no institution-level date on the page and are explicitly page-snapshot-only, not a complete broker vintage.",2026-08-07T15:07:52.028083+00:00
airline_public_report_evidence,0753.HK / 601111.SH,Air China,https://basic.10jqka.com.cn/601111/worth.html,2026-08-07,2026-03-29,institution_report_date,国联民生,黄文鹤,2028,eps,0.62,RMB/share,RMB,,unchanged_or_not_shown,10jqka_structured_page,"Structured public 10jqka forecast page. EPS/net-profit rows use the visible institution report date; revenue rows have no institution-level date on the page and are explicitly page-snapshot-only, not a complete broker vintage.",2026-08-07T15:07:52.028083+00:00
airline_public_report_evidence,0753.HK / 601111.SH,Air China,https://basic.10jqka.com.cn/601111/worth.html,2026-08-07,2026-04-30,institution_report_date,国金证券,李丹,2028,eps,0.49,RMB/share,RMB,,unchanged_or_not_shown,10jqka_structured_page,"Structured public 10jqka forecast page. EPS/net-profit rows use the visible institution report date; revenue rows have no institution-level date on the page and are explicitly page-snapshot-only, not a complete broker vintage.",2026-08-07T15:07:52.028083+00:00
airline_public_report_evidence,0753.HK / 601111.SH,Air China,https://basic.10jqka.com.cn/601111/worth.html,2026-08-07,2026-07-21,institution_report_date,财通证券,祝玉波,2028,eps,0.47,RMB/share,RMB,,unchanged_or_not_shown,10jqka_structured_page,"Structured public 10jqka forecast page. EPS/net-profit rows use the visible institution report date; revenue rows have no institution-level date on the page and are explicitly page-snapshot-only, not a complete broker vintage.",2026-08-07T15:07:52.028083+00:00
airline_public_report_evidence,0753.HK / 601111.SH,Air China,https://basic.10jqka.com.cn/601111/worth.html,2026-08-07,2026-03-31,institution_report_date,东兴证券,曹奕丰,2026,net_profit,-10.53,RMB 100 million,RMB,,down,10jqka_structured_page,"Structured public 10jqka forecast page. EPS/net-profit rows use the visible institution report date; revenue rows have no institution-level date on the page and are explicitly page-snapshot-only, not a complete broker vintage.",2026-08-07T15:07:52.028083+00:00
airline_public_report_evidence,0753.HK / 601111.SH,Air China,https://basic.10jqka.com.cn/601111/worth.html,2026-08-07,2026-05-03,institution_report_date,华泰证券,沈晓峰,2026,net_profit,21.43,RMB 100 million,RMB,,unchanged_or_not_shown,10jqka_structured_page,"Structured public 10jqka forecast page. EPS/net-profit rows use the visible institution report date; revenue rows have no institution-level date on the page and are explicitly page-snapshot-only, not a complete broker vintage.",2026-08-07T15:07:52.028083+00:00
airline_public_report_evidence,0753.HK / 601111.SH,Air China,https://basic.10jqka.com.cn/601111/worth.html,2026-08-07,2026-07-08,institution_report_date,华源证券,孙延,2026,net_profit,16.88,RMB 100 million,RMB,,unchanged_or_not_shown,10jqka_structured_page,"Structured public 10jqka forecast page. EPS/net-profit rows use the visible institution report date; revenue rows have no institution-level date on the page and are explicitly page-snapshot-only, not a complete broker vintage.",2026-08-07T15:07:52.028083+00:00
airline_public_report_evidence,0753.HK / 601111.SH,Air China,https://basic.10jqka.com.cn/601111/worth.html,2026-08-07,2026-05-01,institution_report_date,国海证券,匡培钦,2026,net_profit,4.51,RMB 100 million,RMB,,down,10jqka_structured_page,"Structured public 10jqka forecast page. EPS/net-profit rows use the visible institution report date; revenue rows have no institution-level date on the page and are explicitly page-snapshot-only, not a complete broker vintage.",2026-08-07T15:07:52.028083+00:00
airline_public_report_evidence,0753.HK / 601111.SH,Air China,https://basic.10jqka.com.cn/601111/worth.html,2026-08-07,2026-03-29,institution_report_date,国联民生,黄文鹤,2026,net_profit,14.24,RMB 100 million,RMB,,down,10jqka_structured_page,"Structured public 10jqka forecast page. EPS/net-profit rows use the visible institution report date; revenue rows have no institution-level date on the page and are explicitly page-snapshot-only, not a complete broker vintage.",2026-08-07T15:07:52.028083+00:00
airline_public_report_evidence,0753.HK / 601111.SH,Air China,https://basic.10jqka.com.cn/601111/worth.html,2026-08-07,2026-04-30,institution_report_date,国金证券,李丹,2026,net_profit,-10.43,RMB 100 million,RMB,,down,10jqka_structured_page,"Structured public 10jqka forecast page. EPS/net-profit rows use the visible institution report date; revenue rows have no institution-level date on the page and are explicitly page-snapshot-only, not a complete broker vintage.",2026-08-07T15:07:52.028083+00:00
airline_public_report_evidence,0753.HK / 601111.SH,Air China,https://basic.10jqka.com.cn/601111/worth.html,2026-08-07,2026-07-21,institution_report_date,财通证券,祝玉波,2026,net_profit,2.77,RMB 100 million,RMB,,unchanged_or_not_shown,10jqka_structured_page,"Structured public 10jqka forecast page. EPS/net-profit rows use the visible institution report date; revenue rows have no institution-level date on the page and are explicitly page-snapshot-only, not a complete broker vintage.",2026-08-07T15:07:52.028083+00:00
airline_public_report_evidence,0753.HK / 601111.SH,Air China,https://basic.10jqka.com.cn/601111/worth.html,2026-08-07,2026-03-31,institution_report_date,东兴证券,曹奕丰,2027,net_profit,24.01,RMB 100 million,RMB,,down,10jqka_structured_page,"Structured public 10jqka forecast page. EPS/net-profit rows use the visible institution report date; revenue rows have no institution-level date on the page and are explicitly page-snapshot-only, not a complete broker vintage.",2026-08-07T15:07:52.028083+00:00
airline_public_report_evidence,0753.HK / 601111.SH,Air China,https://basic.10jqka.com.cn/601111/worth.html,2026-08-07,2026-05-03,institution_report_date,华泰证券,沈晓峰,2027,net_profit,69.8,RMB 100 million,RMB,,unchanged_or_not_shown,10jqka_structured_page,"Structured public 10jqka forecast page. EPS/net-profit rows use the visible institution report date; revenue rows have no institution-level date on the page and are explicitly page-snapshot-only, not a complete broker vintage.",2026-08-07T15:07:52.028083+00:00
airline_public_report_evidence,0753.HK / 601111.SH,Air China,https://basic.10jqka.com.cn/601111/worth.html,2026-08-07,2026-07-08,institution_report_date,华源证券,孙延,2027,net_profit,71.99,RMB 100 million,RMB,,unchanged_or_not_shown,10jqka_structured_page,"Structured public 10jqka forecast page. EPS/net-profit rows use the visible institution report date; revenue rows have no institution-level date on the page and are explicitly page-snapshot-only, not a complete broker vintage.",2026-08-07T15:07:52.028083+00:00
airline_public_report_evidence,0753.HK / 601111.SH,Air China,https://basic.10jqka.com.cn/601111/worth.html,2026-08-07,2026-05-01,institution_report_date,国海证券,匡培钦,2027,net_profit,74.22,RMB 100 million,RMB,,down,10jqka_structured_page,"Structured public 10jqka forecast page. EPS/net-profit rows use the visible institution report date; revenue rows have no institution-level date on the page and are explicitly page-snapshot-only, not a complete broker vintage.",2026-08-07T15:07:52.028083+00:00
airline_public_report_evidence,0753.HK / 601111.SH,Air China,https://basic.10jqka.com.cn/601111/worth.html,2026-08-07,2026-03-29,institution_report_date,国联民生,黄文鹤,2027,net_profit,71.42,RMB 100 million,RMB,,down,10jqka_structured_page,"Structured public 10jqka forecast page. EPS/net-profit rows use the visible institution report date; revenue rows have no institution-level date on the page and are explicitly page-snapshot-only, not a complete broker vintage.",2026-08-07T15:07:52.028083+00:00
airline_public_report_evidence,0753.HK / 601111.SH,Air China,https://basic.10jqka.com.cn/601111/worth.html,2026-08-07,2026-04-30,institution_report_date,国金证券,李丹,2027,net_profit,41.16,RMB 100 million,RMB,,down,10jqka_structured_page,"Structured public 10jqka forecast page. EPS/net-profit rows use the visible institution report date; revenue rows have no institution-level date on the page and are explicitly page-snapshot-only, not a complete broker vintage.",2026-08-07T15:07:52.028083+00:00
airline_public_report_evidence,0753.HK / 601111.SH,Air China,https://basic.10jqka.com.cn/601111/worth.html,2026-08-07,2026-07-21,institution_report_date,财通证券,祝玉波,2027,net_profit,57.33,RMB 100 million,RMB,,unchanged_or_not_shown,10jqka_structured_page,"Structured public 10jqka forecast page. EPS/net-profit rows use the visible institution report date; revenue rows have no institution-level date on the page and are explicitly page-snapshot-only, not a complete broker vintage.",2026-08-07T15:07:52.028083+00:00
airline_public_report_evidence,0753.HK / 601111.SH,Air China,https://basic.10jqka.com.cn/601111/worth.html,2026-08-07,2026-03-31,institution_report_date,东兴证券,曹奕丰,2028,net_profit,44.54,RMB 100 million,RMB,,down,10jqka_structured_page,"Structured public 10jqka forecast page. EPS/net-profit rows use the visible institution report date; revenue rows have no institution-level date on the page and are explicitly page-snapshot-only, not a complete broker vintage.",2026-08-07T15:07:52.028083+00:00
airline_public_report_evidence,0753.HK / 601111.SH,Air China,https://basic.10jqka.com.cn/601111/worth.html,2026-08-07,2026-05-03,institution_report_date,华泰证券,沈晓峰,2028,net_profit,113.89,RMB 100 million,RMB,,unchanged_or_not_shown,10jqka_structured_page,"Structured public 10jqka forecast page. EPS/net-profit rows use the visible institution report date; revenue rows have no institution-level date on the page and are explicitly page-snapshot-only, not a complete broker vintage.",2026-08-07T15:07:52.028083+00:00
airline_public_report_evidence,0753.HK / 601111.SH,Air China,https://basic.10jqka.com.cn/601111/worth.html,2026-08-07,2026-07-08,institution_report_date,华源证券,孙延,2028,net_profit,126.15,RMB 100 million,RMB,,unchanged_or_not_shown,10jqka_structured_page,"Structured public 10jqka forecast page. EPS/net-profit rows use the visible institution report date; revenue rows have no institution-level date on the page and are explicitly page-snapshot-only, not a complete broker vintage.",2026-08-07T15:07:52.028083+00:00
airline_public_report_evidence,0753.HK / 601111.SH,Air China,https://basic.10jqka.com.cn/601111/worth.html,2026-08-07,2026-05-01,institution_report_date,国海证券,匡培钦,2028,net_profit,96.78,RMB 100 million,RMB,,down,10jqka_structured_page,"Structured public 10jqka forecast page. EPS/net-profit rows use the visible institution report date; revenue rows have no institution-level date on the page and are explicitly page-snapshot-only, not a complete broker vintage.",2026-08-07T15:07:52.028083+00:00
airline_public_report_evidence,0753.HK / 601111.SH,Air China,https://basic.10jqka.com.cn/601111/worth.html,2026-08-07,2026-03-29,institution_report_date,国联民生,黄文鹤,2028,net_profit,107.89,RMB 100 million,RMB,,down,10jqka_structured_page,"Structured public 10jqka forecast page. EPS/net-profit rows use the visible institution report date; revenue rows have no institution-level date on the page and are explicitly page-snapshot-only, not a complete broker vintage.",2026-08-07T15:07:52.028083+00:00
airline_public_report_evidence,0753.HK / 601111.SH,Air China,https://basic.10jqka.com.cn/601111/worth.html,2026-08-07,2026-04-30,institution_report_date,国金证券,李丹,2028,net_profit,85.75,RMB 100 million,RMB,,down,10jqka_structured_page,"Structured public 10jqka forecast page. EPS/net-profit rows use the visible institution report date; revenue rows have no institution-level date on the page and are explicitly page-snapshot-only, not a complete broker vintage.",2026-08-07T15:07:52.028083+00:00
airline_public_report_evidence,0753.HK / 601111.SH,Air China,https://basic.10jqka.com.cn/601111/worth.html,2026-08-07,2026-07-21,institution_report_date,财通证券,祝玉波,2028,net_profit,95.75,RMB 100 million,RMB,,unchanged_or_not_shown,10jqka_structured_page,"Structured public 10jqka forecast page. EPS/net-profit rows use the visible institution report date; revenue rows have no institution-level date on the page and are explicitly page-snapshot-only, not a complete broker vintage.",2026-08-07T15:07:52.028083+00:00
airline_public_report_evidence,0753.HK / 601111.SH,Air China,https://basic.10jqka.com.cn/601111/worth.html,2026-08-07,,page_snapshot_only,东兴证券,曹奕丰,2026,revenue,1830.12,RMB 100 million,RMB,,not_shown,10jqka_structured_page,"Structured public 10jqka forecast page. EPS/net-profit rows use the visible institution report date; revenue rows have no institution-level date on the page and are explicitly page-snapshot-only, not a complete broker vintage.",2026-08-07T15:07:52.028083+00:00
airline_public_report_evidence,0753.HK / 601111.SH,Air China,https://basic.10jqka.com.cn/601111/worth.html,2026-08-07,,page_snapshot_only,华泰证券,沈晓峰,2026,revenue,2066.08,RMB 100 million,RMB,,not_shown,10jqka_structured_page,"Structured public 10jqka forecast page. EPS/net-profit rows use the visible institution report date; revenue rows have no institution-level date on the page and are explicitly page-snapshot-only, not a complete broker vintage.",2026-08-07T15:07:52.028083+00:00
airline_public_report_evidence,0753.HK / 601111.SH,Air China,https://basic.10jqka.com.cn/601111/worth.html,2026-08-07,,page_snapshot_only,华源证券,孙延,2026,revenue,1918.11,RMB 100 million,RMB,,not_shown,10jqka_structured_page,"Structured public 10jqka forecast page. EPS/net-profit rows use the visible institution report date; revenue rows have no institution-level date on the page and are explicitly page-snapshot-only, not a complete broker vintage.",2026-08-07T15:07:52.028083+00:00
airline_public_report_evidence,0753.HK / 601111.SH,Air China,https://basic.10jqka.com.cn/601111/worth.html,2026-08-07,,page_snapshot_only,国海证券,匡培钦,2026,revenue,2006.43,RMB 100 million,RMB,,not_shown,10jqka_structured_page,"Structured public 10jqka forecast page. EPS/net-profit rows use the visible institution report date; revenue rows have no institution-level date on the page and are explicitly page-snapshot-only, not a complete broker vintage.",2026-08-07T15:07:52.028083+00:00
airline_public_report_evidence,0753.HK / 601111.SH,Air China,https://basic.10jqka.com.cn/601111/worth.html,2026-08-07,,page_snapshot_only,国联民生,黄文鹤,2026,revenue,1832.87,RMB 100 million,RMB,,not_shown,10jqka_structured_page,"Structured public 10jqka forecast page. EPS/net-profit rows use the visible institution report date; revenue rows have no institution-level date on the page and are explicitly page-snapshot-only, not a complete broker vintage.",2026-08-07T15:07:52.028083+00:00
airline_public_report_evidence,0753.HK / 601111.SH,Air China,https://basic.10jqka.com.cn/601111/worth.html,2026-08-07,,page_snapshot_only,国金证券,李丹,2026,revenue,1981.99,RMB 100 million,RMB,,not_shown,10jqka_structured_page,"Structured public 10jqka forecast page. EPS/net-profit rows use the visible institution report date; revenue rows have no institution-level date on the page and are explicitly page-snapshot-only, not a complete broker vintage.",2026-08-07T15:07:52.028083+00:00
airline_public_report_evidence,0753.HK / 601111.SH,Air China,https://basic.10jqka.com.cn/601111/worth.html,2026-08-07,,page_snapshot_only,财通证券,祝玉波,2026,revenue,1939.97,RMB 100 million,RMB,,not_shown,10jqka_structured_page,"Structured public 10jqka forecast page. EPS/net-profit rows use the visible institution report date; revenue rows have no institution-level date on the page and are explicitly page-snapshot-only, not a complete broker vintage.",2026-08-07T15:07:52.028083+00:00
airline_public_report_evidence,0753.HK / 601111.SH,Air China,https://basic.10jqka.com.cn/601111/worth.html,2026-08-07,,page_snapshot_only,东兴证券,曹奕丰,2027,revenue,1905.17,RMB 100 million,RMB,,not_shown,10jqka_structured_page,"Structured public 10jqka forecast page. EPS/net-profit rows use the visible institution report date; revenue rows have no institution-level date on the page and are explicitly page-snapshot-only, not a complete broker vintage.",2026-08-07T15:07:52.028083+00:00
airline_public_report_evidence,0753.HK / 601111.SH,Air China,https://basic.10jqka.com.cn/601111/worth.html,2026-08-07,,page_snapshot_only,华泰证券,沈晓峰,2027,revenue,2056.12,RMB 100 million,RMB,,not_shown,10jqka_structured_page,"Structured public 10jqka forecast page. EPS/net-profit rows use the visible institution report date; revenue rows have no institution-level date on the page and are explicitly page-snapshot-only, not a complete broker vintage.",2026-08-07T15:07:52.028083+00:00
airline_public_report_evidence,0753.HK / 601111.SH,Air China,https://basic.10jqka.com.cn/601111/worth.html,2026-08-07,,page_snapshot_only,华源证券,孙延,2027,revenue,1971.48,RMB 100 million,RMB,,not_shown,10jqka_structured_page,"Structured public 10jqka forecast page. EPS/net-profit rows use the visible institution report date; revenue rows have no institution-level date on the page and are explicitly page-snapshot-only, not a complete broker vintage.",2026-08-07T15:07:52.028083+00:00
airline_public_report_evidence,0753.HK / 601111.SH,Air China,https://basic.10jqka.com.cn/601111/worth.html,2026-08-07,,page_snapshot_only,国海证券,匡培钦,2027,revenue,2120.8,RMB 100 million,RMB,,not_shown,10jqka_structured_page,"Structured public 10jqka forecast page. EPS/net-profit rows use the visible institution report date; revenue rows have no institution-level date on the page and are explicitly page-snapshot-only, not a complete broker vintage.",2026-08-07T15:07:52.028083+00:00
airline_public_report_evidence,0753.HK / 601111.SH,Air China,https://basic.10jqka.com.cn/601111/worth.html,2026-08-07,,page_snapshot_only,国联民生,黄文鹤,2027,revenue,1988.14,RMB 100 million,RMB,,not_shown,10jqka_structured_page,"Structured public 10jqka forecast page. EPS/net-profit rows use the visible institution report date; revenue rows have no institution-level date on the page and are explicitly page-snapshot-only, not a complete broker vintage.",2026-08-07T15:07:52.028083+00:00
airline_public_report_evidence,0753.HK / 601111.SH,Air China,https://basic.10jqka.com.cn/601111/worth.html,2026-08-07,,page_snapshot_only,国金证券,李丹,2027,revenue,2091.99,RMB 100 million,RMB,,not_shown,10jqka_structured_page,"Structured public 10jqka forecast page. EPS/net-profit rows use the visible institution report date; revenue rows have no institution-level date on the page and are explicitly page-snapshot-only, not a complete broker vintage.",2026-08-07T15:07:52.028083+00:00
airline_public_report_evidence,0753.HK / 601111.SH,Air China,https://basic.10jqka.com.cn/601111/worth.html,2026-08-07,,page_snapshot_only,财通证券,祝玉波,2027,revenue,2029.95,RMB 100 million,RMB,,not_shown,10jqka_structured_page,"Structured public 10jqka forecast page. EPS/net-profit rows use the visible institution report date; revenue rows have no institution-level date on the page and are explicitly page-snapshot-only, not a complete broker vintage.",2026-08-07T15:07:52.028083+00:00
airline_public_report_evidence,0753.HK / 601111.SH,Air China,https://basic.10jqka.com.cn/601111/worth.html,2026-08-07,,page_snapshot_only,东兴证券,曹奕丰,2028,revenue,1988.44,RMB 100 million,RMB,,not_shown,10jqka_structured_page,"Structured public 10jqka forecast page. EPS/net-profit rows use the visible institution report date; revenue rows have no institution-level date on the page and are explicitly page-snapshot-only, not a complete broker vintage.",2026-08-07T15:07:52.028083+00:00
airline_public_report_evidence,0753.HK / 601111.SH,Air China,https://basic.10jqka.com.cn/601111/worth.html,2026-08-07,,page_snapshot_only,华泰证券,沈晓峰,2028,revenue,2162.49,RMB 100 million,RMB,,not_shown,10jqka_structured_page,"Structured public 10jqka forecast page. EPS/net-profit rows use the visible institution report date; revenue rows have no institution-level date on the page and are explicitly page-snapshot-only, not a complete broker vintage.",2026-08-07T15:07:52.028083+00:00
airline_public_report_evidence,0753.HK / 601111.SH,Air China,https://basic.10jqka.com.cn/601111/worth.html,2026-08-07,,page_snapshot_only,华源证券,孙延,2028,revenue,2097.1,RMB 100 million,RMB,,not_shown,10jqka_structured_page,"Structured public 10jqka forecast page. EPS/net-profit rows use the visible institution report date; revenue rows have no institution-level date on the page and are explicitly page-snapshot-only, not a complete broker vintage.",2026-08-07T15:07:52.028083+00:00
airline_public_report_evidence,0753.HK / 601111.SH,Air China,https://basic.10jqka.com.cn/601111/worth.html,2026-08-07,,page_snapshot_only,国海证券,匡培钦,2028,revenue,2244.82,RMB 100 million,RMB,,not_shown,10jqka_structured_page,"Structured public 10jqka forecast page. EPS/net-profit rows use the visible institution report date; revenue rows have no institution-level date on the page and are explicitly page-snapshot-only, not a complete broker vintage.",2026-08-07T15:07:52.028083+00:00
airline_public_report_evidence,0753.HK / 601111.SH,Air China,https://basic.10jqka.com.cn/601111/worth.html,2026-08-07,,page_snapshot_only,国联民生,黄文鹤,2028,revenue,2060.23,RMB 100 million,RMB,,not_shown,10jqka_structured_page,"Structured public 10jqka forecast page. EPS/net-profit rows use the visible institution report date; revenue rows have no institution-level date on the page and are explicitly page-snapshot-only, not a complete broker vintage.",2026-08-07T15:07:52.028083+00:00
airline_public_report_evidence,0753.HK / 601111.SH,Air China,https://basic.10jqka.com.cn/601111/worth.html,2026-08-07,,page_snapshot_only,国金证券,李丹,2028,revenue,2131.18,RMB 100 million,RMB,,not_shown,10jqka_structured_page,"Structured public 10jqka forecast page. EPS/net-profit rows use the visible institution report date; revenue rows have no institution-level date on the page and are explicitly page-snapshot-only, not a complete broker vintage.",2026-08-07T15:07:52.028083+00:00
airline_public_report_evidence,0753.HK / 601111.SH,Air China,https://basic.10jqka.com.cn/601111/worth.html,2026-08-07,,page_snapshot_only,财通证券,祝玉波,2028,revenue,2113.83,RMB 100 million,RMB,,not_shown,10jqka_structured_page,"Structured public 10jqka forecast page. EPS/net-profit rows use the visible institution report date; revenue rows have no institution-level date on the page and are explicitly page-snapshot-only, not a complete broker vintage.",2026-08-07T15:07:52.028083+00:00
airline_public_report_evidence,600221.SH,Hainan Airlines Holdings,https://basic.10jqka.com.cn/600221/worth.html,2026-08-07,2026-04-18,institution_report_date,中泰证券,杜冲,2026,eps,0.05,RMB/share,RMB,,down,10jqka_structured_page,"Structured public 10jqka forecast page. EPS/net-profit rows use the visible institution report date; revenue rows have no institution-level date on the page and are explicitly page-snapshot-only, not a complete broker vintage.",2026-08-07T15:07:52.028083+00:00
airline_public_report_evidence,600221.SH,Hainan Airlines Holdings,https://basic.10jqka.com.cn/600221/worth.html,2026-08-07,2026-04-19,institution_report_date,广发证券,许可,2026,eps,0.03,RMB/share,RMB,,down,10jqka_structured_page,"Structured public 10jqka forecast page. EPS/net-profit rows use the visible institution report date; revenue rows have no institution-level date on the page and are explicitly page-snapshot-only, not a complete broker vintage.",2026-08-07T15:07:52.028083+00:00
airline_public_report_evidence,600221.SH,Hainan Airlines Holdings,https://basic.10jqka.com.cn/600221/worth.html,2026-08-07,2026-04-18,institution_report_date,中泰证券,杜冲,2027,eps,0.08,RMB/share,RMB,,down,10jqka_structured_page,"Structured public 10jqka forecast page. EPS/net-profit rows use the visible institution report date; revenue rows have no institution-level date on the page and are explicitly page-snapshot-only, not a complete broker vintage.",2026-08-07T15:07:52.028083+00:00
airline_public_report_evidence,600221.SH,Hainan Airlines Holdings,https://basic.10jqka.com.cn/600221/worth.html,2026-08-07,2026-04-19,institution_report_date,广发证券,许可,2027,eps,0.06,RMB/share,RMB,,down,10jqka_structured_page,"Structured public 10jqka forecast page. EPS/net-profit rows use the visible institution report date; revenue rows have no institution-level date on the page and are explicitly page-snapshot-only, not a complete broker vintage.",2026-08-07T15:07:52.028083+00:00
airline_public_report_evidence,600221.SH,Hainan Airlines Holdings,https://basic.10jqka.com.cn/600221/worth.html,2026-08-07,2026-04-18,institution_report_date,中泰证券,杜冲,2028,eps,0.1,RMB/share,RMB,,unchanged_or_not_shown,10jqka_structured_page,"Structured public 10jqka forecast page. EPS/net-profit rows use the visible institution report date; revenue rows have no institution-level date on the page and are explicitly page-snapshot-only, not a complete broker vintage.",2026-08-07T15:07:52.028083+00:00
airline_public_report_evidence,600221.SH,Hainan Airlines Holdings,https://basic.10jqka.com.cn/600221/worth.html,2026-08-07,2026-04-19,institution_report_date,广发证券,许可,2028,eps,0.15,RMB/share,RMB,,unchanged_or_not_shown,10jqka_structured_page,"Structured public 10jqka forecast page. EPS/net-profit rows use the visible institution report date; revenue rows have no institution-level date on the page and are explicitly page-snapshot-only, not a complete broker vintage.",2026-08-07T15:07:52.028083+00:00
airline_public_report_evidence,600221.SH,Hainan Airlines Holdings,https://basic.10jqka.com.cn/600221/worth.html,2026-08-07,2026-04-18,institution_report_date,中泰证券,杜冲,2026,net_profit,22.55,RMB 100 million,RMB,,down,10jqka_structured_page,"Structured public 10jqka forecast page. EPS/net-profit rows use the visible institution report date; revenue rows have no institution-level date on the page and are explicitly page-snapshot-only, not a complete broker vintage.",2026-08-07T15:07:52.028083+00:00
airline_public_report_evidence,600221.SH,Hainan Airlines Holdings,https://basic.10jqka.com.cn/600221/worth.html,2026-08-07,2026-04-19,institution_report_date,广发证券,许可,2026,net_profit,14.92,RMB 100 million,RMB,,down,10jqka_structured_page,"Structured public 10jqka forecast page. EPS/net-profit rows use the visible institution report date; revenue rows have no institution-level date on the page and are explicitly page-snapshot-only, not a complete broker vintage.",2026-08-07T15:07:52.028083+00:00
airline_public_report_evidence,600221.SH,Hainan Airlines Holdings,https://basic.10jqka.com.cn/600221/worth.html,2026-08-07,2026-04-18,institution_report_date,中泰证券,杜冲,2027,net_profit,35.93,RMB 100 million,RMB,,down,10jqka_structured_page,"Structured public 10jqka forecast page. EPS/net-profit rows use the visible institution report date; revenue rows have no institution-level date on the page and are explicitly page-snapshot-only, not a complete broker vintage.",2026-08-07T15:07:52.028083+00:00
airline_public_report_evidence,600221.SH,Hainan Airlines Holdings,https://basic.10jqka.com.cn/600221/worth.html,2026-08-07,2026-04-19,institution_report_date,广发证券,许可,2027,net_profit,27.54,RMB 100 million,RMB,,down,10jqka_structured_page,"Structured public 10jqka forecast page. EPS/net-profit rows use the visible institution report date; revenue rows have no institution-level date on the page and are explicitly page-snapshot-only, not a complete broker vintage.",2026-08-07T15:07:52.028083+00:00
airline_public_report_evidence,600221.SH,Hainan Airlines Holdings,https://basic.10jqka.com.cn/600221/worth.html,2026-08-07,2026-04-18,institution_report_date,中泰证券,杜冲,2028,net_profit,42.56,RMB 100 million,RMB,,down,10jqka_structured_page,"Structured public 10jqka forecast page. EPS/net-profit rows use the visible institution report date; revenue rows have no institution-level date on the page and are explicitly page-snapshot-only, not a complete broker vintage.",2026-08-07T15:07:52.028083+00:00
airline_public_report_evidence,600221.SH,Hainan Airlines Holdings,https://basic.10jqka.com.cn/600221/worth.html,2026-08-07,2026-04-19,institution_report_date,广发证券,许可,2028,net_profit,64.13,RMB 100 million,RMB,,down,10jqka_structured_page,"Structured public 10jqka forecast page. EPS/net-profit rows use the visible institution report date; revenue rows have no institution-level date on the page and are explicitly page-snapshot-only, not a complete broker vintage.",2026-08-07T15:07:52.028083+00:00
airline_public_report_evidence,600221.SH,Hainan Airlines Holdings,https://basic.10jqka.com.cn/600221/worth.html,2026-08-07,,page_snapshot_only,中泰证券,杜冲,2026,revenue,788.79,RMB 100 million,RMB,,not_shown,10jqka_structured_page,"Structured public 10jqka forecast page. EPS/net-profit rows use the visible institution report date; revenue rows have no institution-level date on the page and are explicitly page-snapshot-only, not a complete broker vintage.",2026-08-07T15:07:52.028083+00:00
airline_public_report_evidence,600221.SH,Hainan Airlines Holdings,https://basic.10jqka.com.cn/600221/worth.html,2026-08-07,,page_snapshot_only,广发证券,许可,2026,revenue,806.63,RMB 100 million,RMB,,not_shown,10jqka_structured_page,"Structured public 10jqka forecast page. EPS/net-profit rows use the visible institution report date; revenue rows have no institution-level date on the page and are explicitly page-snapshot-only, not a complete broker vintage.",2026-08-07T15:07:52.028083+00:00
airline_public_report_evidence,600221.SH,Hainan Airlines Holdings,https://basic.10jqka.com.cn/600221/worth.html,2026-08-07,,page_snapshot_only,中泰证券,杜冲,2027,revenue,861.59,RMB 100 million,RMB,,not_shown,10jqka_structured_page,"Structured public 10jqka forecast page. EPS/net-profit rows use the visible institution report date; revenue rows have no institution-level date on the page and are explicitly page-snapshot-only, not a complete broker vintage.",2026-08-07T15:07:52.028083+00:00
airline_public_report_evidence,600221.SH,Hainan Airlines Holdings,https://basic.10jqka.com.cn/600221/worth.html,2026-08-07,,page_snapshot_only,广发证券,许可,2027,revenue,795.25,RMB 100 million,RMB,,not_shown,10jqka_structured_page,"Structured public 10jqka forecast page. EPS/net-profit rows use the visible institution report date; revenue rows have no institution-level date on the page and are explicitly page-snapshot-only, not a complete broker vintage.",2026-08-07T15:07:52.028083+00:00
airline_public_report_evidence,600221.SH,Hainan Airlines Holdings,https://basic.10jqka.com.cn/600221/worth.html,2026-08-07,,page_snapshot_only,中泰证券,杜冲,2028,revenue,928.24,RMB 100 million,RMB,,not_shown,10jqka_structured_page,"Structured public 10jqka forecast page. EPS/net-profit rows use the visible institution report date; revenue rows have no institution-level date on the page and are explicitly page-snapshot-only, not a complete broker vintage.",2026-08-07T15:07:52.028083+00:00
airline_public_report_evidence,600221.SH,Hainan Airlines Holdings,https://basic.10jqka.com.cn/600221/worth.html,2026-08-07,,page_snapshot_only,广发证券,许可,2028,revenue,839.16,RMB 100 million,RMB,,not_shown,10jqka_structured_page,"Structured public 10jqka forecast page. EPS/net-profit rows use the visible institution report date; revenue rows have no institution-level date on the page and are explicitly page-snapshot-only, not a complete broker vintage.",2026-08-07T15:07:52.028083+00:00
airline_public_report_evidence,601021.SH,Spring Airlines,https://basic.10jqka.com.cn/601021/worth.html,2026-08-07,2026-04-12,institution_report_date,中泰证券,杜冲,2026,eps,2.15,RMB/share,RMB,,down,10jqka_structured_page,"Structured public 10jqka forecast page. EPS/net-profit rows use the visible institution report date; revenue rows have no institution-level date on the page and are explicitly page-snapshot-only, not a complete broker vintage.",2026-08-07T15:07:52.028083+00:00
airline_public_report_evidence,601021.SH,Spring Airlines,https://basic.10jqka.com.cn/601021/worth.html,2026-08-07,2026-07-14,institution_report_date,华泰证券,沈晓峰,2026,eps,2.28,RMB/share,RMB,,unchanged_or_not_shown,10jqka_structured_page,"Structured public 10jqka forecast page. EPS/net-profit rows use the visible institution report date; revenue rows have no institution-level date on the page and are explicitly page-snapshot-only, not a complete broker vintage.",2026-08-07T15:07:52.028083+00:00
airline_public_report_evidence,601021.SH,Spring Airlines,https://basic.10jqka.com.cn/601021/worth.html,2026-08-07,2026-04-14,institution_report_date,国信证券,罗丹,2026,eps,1.83,RMB/share,RMB,,down,10jqka_structured_page,"Structured public 10jqka forecast page. EPS/net-profit rows use the visible institution report date; revenue rows have no institution-level date on the page and are explicitly page-snapshot-only, not a complete broker vintage.",2026-08-07T15:07:52.028083+00:00
airline_public_report_evidence,601021.SH,Spring Airlines,https://basic.10jqka.com.cn/601021/worth.html,2026-08-07,2026-04-17,institution_report_date,国海证券,匡培钦,2026,eps,2.29,RMB/share,RMB,,down,10jqka_structured_page,"Structured public 10jqka forecast page. EPS/net-profit rows use the visible institution report date; revenue rows have no institution-level date on the page and are explicitly page-snapshot-only, not a complete broker vintage.",2026-08-07T15:07:52.028083+00:00
airline_public_report_evidence,601021.SH,Spring Airlines,https://basic.10jqka.com.cn/601021/worth.html,2026-08-07,2026-08-06,institution_report_date,国盛证券,罗月江,2026,eps,1.88,RMB/share,RMB,,unchanged_or_not_shown,10jqka_structured_page,"Structured public 10jqka forecast page. EPS/net-profit rows use the visible institution report date; revenue rows have no institution-level date on the page and are explicitly page-snapshot-only, not a complete broker vintage.",2026-08-07T15:07:52.028083+00:00
airline_public_report_evidence,601021.SH,Spring Airlines,https://basic.10jqka.com.cn/601021/worth.html,2026-08-07,2026-04-14,institution_report_date,国联民生,黄文鹤,2026,eps,1.98,RMB/share,RMB,,down,10jqka_structured_page,"Structured public 10jqka forecast page. EPS/net-profit rows use the visible institution report date; revenue rows have no institution-level date on the page and are explicitly page-snapshot-only, not a complete broker vintage.",2026-08-07T15:07:52.028083+00:00
airline_public_report_evidence,601021.SH,Spring Airlines,https://basic.10jqka.com.cn/601021/worth.html,2026-08-07,2026-04-30,institution_report_date,国金证券,李丹,2026,eps,2.18,RMB/share,RMB,,down,10jqka_structured_page,"Structured public 10jqka forecast page. EPS/net-profit rows use the visible institution report date; revenue rows have no institution-level date on the page and are explicitly page-snapshot-only, not a complete broker vintage.",2026-08-07T15:07:52.028083+00:00
airline_public_report_evidence,601021.SH,Spring Airlines,https://basic.10jqka.com.cn/601021/worth.html,2026-08-07,2026-04-12,institution_report_date,广发证券,许可,2026,eps,2.61,RMB/share,RMB,,down,10jqka_structured_page,"Structured public 10jqka forecast page. EPS/net-profit rows use the visible institution report date; revenue rows have no institution-level date on the page and are explicitly page-snapshot-only, not a complete broker vintage.",2026-08-07T15:07:52.028083+00:00
airline_public_report_evidence,601021.SH,Spring Airlines,https://basic.10jqka.com.cn/601021/worth.html,2026-08-07,2026-04-11,institution_report_date,西部证券,凌军,2026,eps,3.01,RMB/share,RMB,,up,10jqka_structured_page,"Structured public 10jqka forecast page. EPS/net-profit rows use the visible institution report date; revenue rows have no institution-level date on the page and are explicitly page-snapshot-only, not a complete broker vintage.",2026-08-07T15:07:52.028083+00:00
airline_public_report_evidence,601021.SH,Spring Airlines,https://basic.10jqka.com.cn/601021/worth.html,2026-08-07,2026-04-12,institution_report_date,中泰证券,杜冲,2027,eps,2.51,RMB/share,RMB,,down,10jqka_structured_page,"Structured public 10jqka forecast page. EPS/net-profit rows use the visible institution report date; revenue rows have no institution-level date on the page and are explicitly page-snapshot-only, not a complete broker vintage.",2026-08-07T15:07:52.028083+00:00
airline_public_report_evidence,601021.SH,Spring Airlines,https://basic.10jqka.com.cn/601021/worth.html,2026-08-07,2026-07-14,institution_report_date,华泰证券,沈晓峰,2027,eps,3.16,RMB/share,RMB,,unchanged_or_not_shown,10jqka_structured_page,"Structured public 10jqka forecast page. EPS/net-profit rows use the visible institution report date; revenue rows have no institution-level date on the page and are explicitly page-snapshot-only, not a complete broker vintage.",2026-08-07T15:07:52.028083+00:00
airline_public_report_evidence,601021.SH,Spring Airlines,https://basic.10jqka.com.cn/601021/worth.html,2026-08-07,2026-04-14,institution_report_date,国信证券,罗丹,2027,eps,2.75,RMB/share,RMB,,down,10jqka_structured_page,"Structured public 10jqka forecast page. EPS/net-profit rows use the visible institution report date; revenue rows have no institution-level date on the page and are explicitly page-snapshot-only, not a complete broker vintage.",2026-08-07T15:07:52.028083+00:00
airline_public_report_evidence,601021.SH,Spring Airlines,https://basic.10jqka.com.cn/601021/worth.html,2026-08-07,2026-04-17,institution_report_date,国海证券,匡培钦,2027,eps,2.94,RMB/share,RMB,,down,10jqka_structured_page,"Structured public 10jqka forecast page. EPS/net-profit rows use the visible institution report date; revenue rows have no institution-level date on the page and are explicitly page-snapshot-only, not a complete broker vintage.",2026-08-07T15:07:52.028083+00:00
airline_public_report_evidence,601021.SH,Spring Airlines,https://basic.10jqka.com.cn/601021/worth.html,2026-08-07,2026-08-06,institution_report_date,国盛证券,罗月江,2027,eps,3.13,RMB/share,RMB,,unchanged_or_not_shown,10jqka_structured_page,"Structured public 10jqka forecast page. EPS/net-profit rows use the visible institution report date; revenue rows have no institution-level date on the page and are explicitly page-snapshot-only, not a complete broker vintage.",2026-08-07T15:07:52.028083+00:00
airline_public_report_evidence,601021.SH,Spring Airlines,https://basic.10jqka.com.cn/601021/worth.html,2026-08-07,2026-04-14,institution_report_date,国联民生,黄文鹤,2027,eps,3.43,RMB/share,RMB,,down,10jqka_structured_page,"Structured public 10jqka forecast page. EPS/net-profit rows use the visible institution report date; revenue rows have no institution-level date on the page and are explicitly page-snapshot-only, not a complete broker vintage.",2026-08-07T15:07:52.028083+00:00
airline_public_report_evidence,601021.SH,Spring Airlines,https://basic.10jqka.com.cn/601021/worth.html,2026-08-07,2026-04-30,institution_report_date,国金证券,李丹,2027,eps,3.17,RMB/share,RMB,,down,10jqka_structured_page,"Structured public 10jqka forecast page. EPS/net-profit rows use the visible institution report date; revenue rows have no institution-level date on the page and are explicitly page-snapshot-only, not a complete broker vintage.",2026-08-07T15:07:52.028083+00:00
airline_public_report_evidence,601021.SH,Spring Airlines,https://basic.10jqka.com.cn/601021/worth.html,2026-08-07,2026-04-12,institution_report_date,广发证券,许可,2027,eps,2.99,RMB/share,RMB,,down,10jqka_structured_page,"Structured public 10jqka forecast page. EPS/net-profit rows use the visible institution report date; revenue rows have no institution-level date on the page and are explicitly page-snapshot-only, not a complete broker vintage.",2026-08-07T15:07:52.028083+00:00
airline_public_report_evidence,601021.SH,Spring Airlines,https://basic.10jqka.com.cn/601021/worth.html,2026-08-07,2026-04-11,institution_report_date,西部证券,凌军,2027,eps,3.6,RMB/share,RMB,,up,10jqka_structured_page,"Structured public 10jqka forecast page. EPS/net-profit rows use the visible institution report date; revenue rows have no institution-level date on the page and are explicitly page-snapshot-only, not a complete broker vintage.",2026-08-07T15:07:52.028083+00:00
airline_public_report_evidence,601021.SH,Spring Airlines,https://basic.10jqka.com.cn/601021/worth.html,2026-08-07,2026-04-12,institution_report_date,中泰证券,杜冲,2028,eps,3.54,RMB/share,RMB,,unchanged_or_not_shown,10jqka_structured_page,"Structured public 10jqka forecast page. EPS/net-profit rows use the visible institution report date; revenue rows have no institution-level date on the page and are explicitly page-snapshot-only, not a complete broker vintage.",2026-08-07T15:07:52.028083+00:00
airline_public_report_evidence,601021.SH,Spring Airlines,https://basic.10jqka.com.cn/601021/worth.html,2026-08-07,2026-07-14,institution_report_date,华泰证券,沈晓峰,2028,eps,4.04,RMB/share,RMB,,unchanged_or_not_shown,10jqka_structured_page,"Structured public 10jqka forecast page. EPS/net-profit rows use the visible institution report date; revenue rows have no institution-level date on the page and are explicitly page-snapshot-only, not a complete broker vintage.",2026-08-07T15:07:52.028083+00:00
airline_public_report_evidence,601021.SH,Spring Airlines,https://basic.10jqka.com.cn/601021/worth.html,2026-08-07,2026-04-14,institution_report_date,国信证券,罗丹,2028,eps,3.77,RMB/share,RMB,,unchanged_or_not_shown,10jqka_structured_page,"Structured public 10jqka forecast page. EPS/net-profit rows use the visible institution report date; revenue rows have no institution-level date on the page and are explicitly page-snapshot-only, not a complete broker vintage.",2026-08-07T15:07:52.028083+00:00
airline_public_report_evidence,601021.SH,Spring Airlines,https://basic.10jqka.com.cn/601021/worth.html,2026-08-07,2026-04-17,institution_report_date,国海证券,匡培钦,2028,eps,3.51,RMB/share,RMB,,unchanged_or_not_shown,10jqka_structured_page,"Structured public 10jqka forecast page. EPS/net-profit rows use the visible institution report date; revenue rows have no institution-level date on the page and are explicitly page-snapshot-only, not a complete broker vintage.",2026-08-07T15:07:52.028083+00:00
airline_public_report_evidence,601021.SH,Spring Airlines,https://basic.10jqka.com.cn/601021/worth.html,2026-08-07,2026-08-06,institution_report_date,国盛证券,罗月江,2028,eps,3.84,RMB/share,RMB,,unchanged_or_not_shown,10jqka_structured_page,"Structured public 10jqka forecast page. EPS/net-profit rows use the visible institution report date; revenue rows have no institution-level date on the page and are explicitly page-snapshot-only, not a complete broker vintage.",2026-08-07T15:07:52.028083+00:00
airline_public_report_evidence,601021.SH,Spring Airlines,https://basic.10jqka.com.cn/601021/worth.html,2026-08-07,2026-04-14,institution_report_date,国联民生,黄文鹤,2028,eps,4.4,RMB/share,RMB,,unchanged_or_not_shown,10jqka_structured_page,"Structured public 10jqka forecast page. EPS/net-profit rows use the visible institution report date; revenue rows have no institution-level date on the page and are explicitly page-snapshot-only, not a complete broker vintage.",2026-08-07T15:07:52.028083+00:00
airline_public_report_evidence,601021.SH,Spring Airlines,https://basic.10jqka.com.cn/601021/worth.html,2026-08-07,2026-04-30,institution_report_date,国金证券,李丹,2028,eps,4.17,RMB/share,RMB,,unchanged_or_not_shown,10jqka_structured_page,"Structured public 10jqka forecast page. EPS/net-profit rows use the visible institution report date; revenue rows have no institution-level date on the page and are explicitly page-snapshot-only, not a complete broker vintage.",2026-08-07T15:07:52.028083+00:00
airline_public_report_evidence,601021.SH,Spring Airlines,https://basic.10jqka.com.cn/601021/worth.html,2026-08-07,2026-04-12,institution_report_date,广发证券,许可,2028,eps,4.13,RMB/share,RMB,,unchanged_or_not_shown,10jqka_structured_page,"Structured public 10jqka forecast page. EPS/net-profit rows use the visible institution report date; revenue rows have no institution-level date on the page and are explicitly page-snapshot-only, not a complete broker vintage.",2026-08-07T15:07:52.028083+00:00
airline_public_report_evidence,601021.SH,Spring Airlines,https://basic.10jqka.com.cn/601021/worth.html,2026-08-07,2026-04-11,institution_report_date,西部证券,凌军,2028,eps,4.01,RMB/share,RMB,,unchanged_or_not_shown,10jqka_structured_page,"Structured public 10jqka forecast page. EPS/net-profit rows use the visible institution report date; revenue rows have no institution-level date on the page and are explicitly page-snapshot-only, not a complete broker vintage.",2026-08-07T15:07:52.028083+00:00
airline_public_report_evidence,601021.SH,Spring Airlines,https://basic.10jqka.com.cn/601021/worth.html,2026-08-07,2026-04-12,institution_report_date,中泰证券,杜冲,2026,net_profit,21.05,RMB 100 million,RMB,,down,10jqka_structured_page,"Structured public 10jqka forecast page. EPS/net-profit rows use the visible institution report date; revenue rows have no institution-level date on the page and are explicitly page-snapshot-only, not a complete broker vintage.",2026-08-07T15:07:52.028083+00:00
airline_public_report_evidence,601021.SH,Spring Airlines,https://basic.10jqka.com.cn/601021/worth.html,2026-08-07,2026-07-14,institution_report_date,华泰证券,沈晓峰,2026,net_profit,22.35,RMB 100 million,RMB,,unchanged_or_not_shown,10jqka_structured_page,"Structured public 10jqka forecast page. EPS/net-profit rows use the visible institution report date; revenue rows have no institution-level date on the page and are explicitly page-snapshot-only, not a complete broker vintage.",2026-08-07T15:07:52.028083+00:00
airline_public_report_evidence,601021.SH,Spring Airlines,https://basic.10jqka.com.cn/601021/worth.html,2026-08-07,2026-04-14,institution_report_date,国信证券,罗丹,2026,net_profit,17.91,RMB 100 million,RMB,,down,10jqka_structured_page,"Structured public 10jqka forecast page. EPS/net-profit rows use the visible institution report date; revenue rows have no institution-level date on the page and are explicitly page-snapshot-only, not a complete broker vintage.",2026-08-07T15:07:52.028083+00:00
airline_public_report_evidence,601021.SH,Spring Airlines,https://basic.10jqka.com.cn/601021/worth.html,2026-08-07,2026-04-17,institution_report_date,国海证券,匡培钦,2026,net_profit,22.4,RMB 100 million,RMB,,down,10jqka_structured_page,"Structured public 10jqka forecast page. EPS/net-profit rows use the visible institution report date; revenue rows have no institution-level date on the page and are explicitly page-snapshot-only, not a complete broker vintage.",2026-08-07T15:07:52.028083+00:00
airline_public_report_evidence,601021.SH,Spring Airlines,https://basic.10jqka.com.cn/601021/worth.html,2026-08-07,2026-08-06,institution_report_date,国盛证券,罗月江,2026,net_profit,18.35,RMB 100 million,RMB,,unchanged_or_not_shown,10jqka_structured_page,"Structured public 10jqka forecast page. EPS/net-profit rows use the visible institution report date; revenue rows have no institution-level date on the page and are explicitly page-snapshot-only, not a complete broker vintage.",2026-08-07T15:07:52.028083+00:00
airline_public_report_evidence,601021.SH,Spring Airlines,https://basic.10jqka.com.cn/601021/worth.html,2026-08-07,2026-04-14,institution_report_date,国联民生,黄文鹤,2026,net_profit,19.38,RMB 100 million,RMB,,down,10jqka_structured_page,"Structured public 10jqka forecast page. EPS/net-profit rows use the visible institution report date; revenue rows have no institution-level date on the page and are explicitly page-snapshot-only, not a complete broker vintage.",2026-08-07T15:07:52.028083+00:00
airline_public_report_evidence,601021.SH,Spring Airlines,https://basic.10jqka.com.cn/601021/worth.html,2026-08-07,2026-04-30,institution_report_date,国金证券,李丹,2026,net_profit,21.3,RMB 100 million,RMB,,down,10jqka_structured_page,"Structured public 10jqka forecast page. EPS/net-profit rows use the visible institution report date; revenue rows have no institution-level date on the page and are explicitly page-snapshot-only, not a complete broker vintage.",2026-08-07T15:07:52.028083+00:00
airline_public_report_evidence,601021.SH,Spring Airlines,https://basic.10jqka.com.cn/601021/worth.html,2026-08-07,2026-04-12,institution_report_date,广发证券,许可,2026,net_profit,25.58,RMB 100 million,RMB,,down,10jqka_structured_page,"Structured public 10jqka forecast page. EPS/net-profit rows use the visible institution report date; revenue rows have no institution-level date on the page and are explicitly page-snapshot-only, not a complete broker vintage.",2026-08-07T15:07:52.028083+00:00
airline_public_report_evidence,601021.SH,Spring Airlines,https://basic.10jqka.com.cn/601021/worth.html,2026-08-07,2026-04-11,institution_report_date,西部证券,凌军,2026,net_profit,29.43,RMB 100 million,RMB,,up,10jqka_structured_page,"Structured public 10jqka forecast page. EPS/net-profit rows use the visible institution report date; revenue rows have no institution-level date on the page and are explicitly page-snapshot-only, not a complete broker vintage.",2026-08-07T15:07:52.028083+00:00
airline_public_report_evidence,601021.SH,Spring Airlines,https://basic.10jqka.com.cn/601021/worth.html,2026-08-07,2026-04-12,institution_report_date,中泰证券,杜冲,2027,net_profit,24.54,RMB 100 million,RMB,,down,10jqka_structured_page,"Structured public 10jqka forecast page. EPS/net-profit rows use the visible institution report date; revenue rows have no institution-level date on the page and are explicitly page-snapshot-only, not a complete broker vintage.",2026-08-07T15:07:52.028083+00:00
airline_public_report_evidence,601021.SH,Spring Airlines,https://basic.10jqka.com.cn/601021/worth.html,2026-08-07,2026-07-14,institution_report_date,华泰证券,沈晓峰,2027,net_profit,30.96,RMB 100 million,RMB,,unchanged_or_not_shown,10jqka_structured_page,"Structured public 10jqka forecast page. EPS/net-profit rows use the visible institution report date; revenue rows have no institution-level date on the page and are explicitly page-snapshot-only, not a complete broker vintage.",2026-08-07T15:07:52.028083+00:00
airline_public_report_evidence,601021.SH,Spring Airlines,https://basic.10jqka.com.cn/601021/worth.html,2026-08-07,2026-04-14,institution_report_date,国信证券,罗丹,2027,net_profit,26.86,RMB 100 million,RMB,,down,10jqka_structured_page,"Structured public 10jqka forecast page. EPS/net-profit rows use the visible institution report date; revenue rows have no institution-level date on the page and are explicitly page-snapshot-only, not a complete broker vintage.",2026-08-07T15:07:52.028083+00:00
airline_public_report_evidence,601021.SH,Spring Airlines,https://basic.10jqka.com.cn/601021/worth.html,2026-08-07,2026-04-17,institution_report_date,国海证券,匡培钦,2027,net_profit,28.81,RMB 100 million,RMB,,down,10jqka_structured_page,"Structured public 10jqka forecast page. EPS/net-profit rows use the visible institution report date; revenue rows have no institution-level date on the page and are explicitly page-snapshot-only, not a complete broker vintage.",2026-08-07T15:07:52.028083+00:00
airline_public_report_evidence,601021.SH,Spring Airlines,https://basic.10jqka.com.cn/601021/worth.html,2026-08-07,2026-08-06,institution_report_date,国盛证券,罗月江,2027,net_profit,30.66,RMB 100 million,RMB,,unchanged_or_not_shown,10jqka_structured_page,"Structured public 10jqka forecast page. EPS/net-profit rows use the visible institution report date; revenue rows have no institution-level date on the page and are explicitly page-snapshot-only, not a complete broker vintage.",2026-08-07T15:07:52.028083+00:00
airline_public_report_evidence,601021.SH,Spring Airlines,https://basic.10jqka.com.cn/601021/worth.html,2026-08-07,2026-04-14,institution_report_date,国联民生,黄文鹤,2027,net_profit,33.53,RMB 100 million,RMB,,down,10jqka_structured_page,"Structured public 10jqka forecast page. EPS/net-profit rows use the visible institution report date; revenue rows have no institution-level date on the page and are explicitly page-snapshot-only, not a complete broker vintage.",2026-08-07T15:07:52.028083+00:00
airline_public_report_evidence,601021.SH,Spring Airlines,https://basic.10jqka.com.cn/601021/worth.html,2026-08-07,2026-04-30,institution_report_date,国金证券,李丹,2027,net_profit,31.01,RMB 100 million,RMB,,down,10jqka_structured_page,"Structured public 10jqka forecast page. EPS/net-profit rows use the visible institution report date; revenue rows have no institution-level date on the page and are explicitly page-snapshot-only, not a complete broker vintage.",2026-08-07T15:07:52.028083+00:00
airline_public_report_evidence,601021.SH,Spring Airlines,https://basic.10jqka.com.cn/601021/worth.html,2026-08-07,2026-04-12,institution_report_date,广发证券,许可,2027,net_profit,29.27,RMB 100 million,RMB,,down,10jqka_structured_page,"Structured public 10jqka forecast page. EPS/net-profit rows use the visible institution report date; revenue rows have no institution-level date on the page and are explicitly page-snapshot-only, not a complete broker vintage.",2026-08-07T15:07:52.028083+00:00
airline_public_report_evidence,601021.SH,Spring Airlines,https://basic.10jqka.com.cn/601021/worth.html,2026-08-07,2026-04-11,institution_report_date,西部证券,凌军,2027,net_profit,35.22,RMB 100 million,RMB,,up,10jqka_structured_page,"Structured public 10jqka forecast page. EPS/net-profit rows use the visible institution report date; revenue rows have no institution-level date on the page and are explicitly page-snapshot-only, not a complete broker vintage.",2026-08-07T15:07:52.028083+00:00
airline_public_report_evidence,601021.SH,Spring Airlines,https://basic.10jqka.com.cn/601021/worth.html,2026-08-07,2026-04-12,institution_report_date,中泰证券,杜冲,2028,net_profit,34.63,RMB 100 million,RMB,,down,10jqka_structured_page,"Structured public 10jqka forecast page. EPS/net-profit rows use the visible institution report date; revenue rows have no institution-level date on the page and are explicitly page-snapshot-only, not a complete broker vintage.",2026-08-07T15:07:52.028083+00:00
airline_public_report_evidence,601021.SH,Spring Airlines,https://basic.10jqka.com.cn/601021/worth.html,2026-08-07,2026-07-14,institution_report_date,华泰证券,沈晓峰,2028,net_profit,39.48,RMB 100 million,RMB,,unchanged_or_not_shown,10jqka_structured_page,"Structured public 10jqka forecast page. EPS/net-profit rows use the visible institution report date; revenue rows have no institution-level date on the page and are explicitly page-snapshot-only, not a complete broker vintage.",2026-08-07T15:07:52.028083+00:00
airline_public_report_evidence,601021.SH,Spring Airlines,https://basic.10jqka.com.cn/601021/worth.html,2026-08-07,2026-04-14,institution_report_date,国信证券,罗丹,2028,net_profit,36.89,RMB 100 million,RMB,,down,10jqka_structured_page,"Structured public 10jqka forecast page. EPS/net-profit rows use the visible institution report date; revenue rows have no institution-level date on the page and are explicitly page-snapshot-only, not a complete broker vintage.",2026-08-07T15:07:52.028083+00:00
airline_public_report_evidence,601021.SH,Spring Airlines,https://basic.10jqka.com.cn/601021/worth.html,2026-08-07,2026-04-17,institution_report_date,国海证券,匡培钦,2028,net_profit,34.34,RMB 100 million,RMB,,down,10jqka_structured_page,"Structured public 10jqka forecast page. EPS/net-profit rows use the visible institution report date; revenue rows have no institution-level date on the page and are explicitly page-snapshot-only, not a complete broker vintage.",2026-08-07T15:07:52.028083+00:00
airline_public_report_evidence,601021.SH,Spring Airlines,https://basic.10jqka.com.cn/601021/worth.html,2026-08-07,2026-08-06,institution_report_date,国盛证券,罗月江,2028,net_profit,37.54,RMB 100 million,RMB,,unchanged_or_not_shown,10jqka_structured_page,"Structured public 10jqka forecast page. EPS/net-profit rows use the visible institution report date; revenue rows have no institution-level date on the page and are explicitly page-snapshot-only, not a complete broker vintage.",2026-08-07T15:07:52.028083+00:00
airline_public_report_evidence,601021.SH,Spring Airlines,https://basic.10jqka.com.cn/601021/worth.html,2026-08-07,2026-04-14,institution_report_date,国联民生,黄文鹤,2028,net_profit,43.08,RMB 100 million,RMB,,down,10jqka_structured_page,"Structured public 10jqka forecast page. EPS/net-profit rows use the visible institution report date; revenue rows have no institution-level date on the page and are explicitly page-snapshot-only, not a complete broker vintage.",2026-08-07T15:07:52.028083+00:00
airline_public_report_evidence,601021.SH,Spring Airlines,https://basic.10jqka.com.cn/601021/worth.html,2026-08-07,2026-04-30,institution_report_date,国金证券,李丹,2028,net_profit,40.83,RMB 100 million,RMB,,down,10jqka_structured_page,"Structured public 10jqka forecast page. EPS/net-profit rows use the visible institution report date; revenue rows have no institution-level date on the page and are explicitly page-snapshot-only, not a complete broker vintage.",2026-08-07T15:07:52.028083+00:00
airline_public_report_evidence,601021.SH,Spring Airlines,https://basic.10jqka.com.cn/601021/worth.html,2026-08-07,2026-04-12,institution_report_date,广发证券,许可,2028,net_profit,40.44,RMB 100 million,RMB,,down,10jqka_structured_page,"Structured public 10jqka forecast page. EPS/net-profit rows use the visible institution report date; revenue rows have no institution-level date on the page and are explicitly page-snapshot-only, not a complete broker vintage.",2026-08-07T15:07:52.028083+00:00
airline_public_report_evidence,601021.SH,Spring Airlines,https://basic.10jqka.com.cn/601021/worth.html,2026-08-07,2026-04-11,institution_report_date,西部证券,凌军,2028,net_profit,39.2,RMB 100 million,RMB,,up,10jqka_structured_page,"Structured public 10jqka forecast page. EPS/net-profit rows use the visible institution report date; revenue rows have no institution-level date on the page and are explicitly page-snapshot-only, not a complete broker vintage.",2026-08-07T15:07:52.028083+00:00
airline_public_report_evidence,601021.SH,Spring Airlines,https://basic.10jqka.com.cn/601021/worth.html,2026-08-07,,page_snapshot_only,中泰证券,杜冲,2026,revenue,257.59,RMB 100 million,RMB,,not_shown,10jqka_structured_page,"Structured public 10jqka forecast page. EPS/net-profit rows use the visible institution report date; revenue rows have no institution-level date on the page and are explicitly page-snapshot-only, not a complete broker vintage.",2026-08-07T15:07:52.028083+00:00
airline_public_report_evidence,601021.SH,Spring Airlines,https://basic.10jqka.com.cn/601021/worth.html,2026-08-07,,page_snapshot_only,华泰证券,沈晓峰,2026,revenue,262.19,RMB 100 million,RMB,,not_shown,10jqka_structured_page,"Structured public 10jqka forecast page. EPS/net-profit rows use the visible institution report date; revenue rows have no institution-level date on the page and are explicitly page-snapshot-only, not a complete broker vintage.",2026-08-07T15:07:52.028083+00:00
airline_public_report_evidence,601021.SH,Spring Airlines,https://basic.10jqka.com.cn/601021/worth.html,2026-08-07,,page_snapshot_only,国信证券,罗丹,2026,revenue,261.52,RMB 100 million,RMB,,not_shown,10jqka_structured_page,"Structured public 10jqka forecast page. EPS/net-profit rows use the visible institution report date; revenue rows have no institution-level date on the page and are explicitly page-snapshot-only, not a complete broker vintage.",2026-08-07T15:07:52.028083+00:00
airline_public_report_evidence,601021.SH,Spring Airlines,https://basic.10jqka.com.cn/601021/worth.html,2026-08-07,,page_snapshot_only,国海证券,匡培钦,2026,revenue,243.22,RMB 100 million,RMB,,not_shown,10jqka_structured_page,"Structured public 10jqka forecast page. EPS/net-profit rows use the visible institution report date; revenue rows have no institution-level date on the page and are explicitly page-snapshot-only, not a complete broker vintage.",2026-08-07T15:07:52.028083+00:00
airline_public_report_evidence,601021.SH,Spring Airlines,https://basic.10jqka.com.cn/601021/worth.html,2026-08-07,,page_snapshot_only,国盛证券,罗月江,2026,revenue,257.12,RMB 100 million,RMB,,not_shown,10jqka_structured_page,"Structured public 10jqka forecast page. EPS/net-profit rows use the visible institution report date; revenue rows have no institution-level date on the page and are explicitly page-snapshot-only, not a complete broker vintage.",2026-08-07T15:07:52.028083+00:00
airline_public_report_evidence,601021.SH,Spring Airlines,https://basic.10jqka.com.cn/601021/worth.html,2026-08-07,,page_snapshot_only,国联民生,黄文鹤,2026,revenue,248.68,RMB 100 million,RMB,,not_shown,10jqka_structured_page,"Structured public 10jqka forecast page. EPS/net-profit rows use the visible institution report date; revenue rows have no institution-level date on the page and are explicitly page-snapshot-only, not a complete broker vintage.",2026-08-07T15:07:52.028083+00:00
airline_public_report_evidence,601021.SH,Spring Airlines,https://basic.10jqka.com.cn/601021/worth.html,2026-08-07,,page_snapshot_only,国金证券,李丹,2026,revenue,251.04,RMB 100 million,RMB,,not_shown,10jqka_structured_page,"Structured public 10jqka forecast page. EPS/net-profit rows use the visible institution report date; revenue rows have no institution-level date on the page and are explicitly page-snapshot-only, not a complete broker vintage.",2026-08-07T15:07:52.028083+00:00
airline_public_report_evidence,601021.SH,Spring Airlines,https://basic.10jqka.com.cn/601021/worth.html,2026-08-07,,page_snapshot_only,广发证券,许可,2026,revenue,277.28,RMB 100 million,RMB,,not_shown,10jqka_structured_page,"Structured public 10jqka forecast page. EPS/net-profit rows use the visible institution report date; revenue rows have no institution-level date on the page and are explicitly page-snapshot-only, not a complete broker vintage.",2026-08-07T15:07:52.028083+00:00
airline_public_report_evidence,601021.SH,Spring Airlines,https://basic.10jqka.com.cn/601021/worth.html,2026-08-07,,page_snapshot_only,西部证券,凌军,2026,revenue,236.43,RMB 100 million,RMB,,not_shown,10jqka_structured_page,"Structured public 10jqka forecast page. EPS/net-profit rows use the visible institution report date; revenue rows have no institution-level date on the page and are explicitly page-snapshot-only, not a complete broker vintage.",2026-08-07T15:07:52.028083+00:00
airline_public_report_evidence,601021.SH,Spring Airlines,https://basic.10jqka.com.cn/601021/worth.html,2026-08-07,,page_snapshot_only,中泰证券,杜冲,2027,revenue,287.55,RMB 100 million,RMB,,not_shown,10jqka_structured_page,"Structured public 10jqka forecast page. EPS/net-profit rows use the visible institution report date; revenue rows have no institution-level date on the page and are explicitly page-snapshot-only, not a complete broker vintage.",2026-08-07T15:07:52.028083+00:00
airline_public_report_evidence,601021.SH,Spring Airlines,https://basic.10jqka.com.cn/601021/worth.html,2026-08-07,,page_snapshot_only,华泰证券,沈晓峰,2027,revenue,291.56,RMB 100 million,RMB,,not_shown,10jqka_structured_page,"Structured public 10jqka forecast page. EPS/net-profit rows use the visible institution report date; revenue rows have no institution-level date on the page and are explicitly page-snapshot-only, not a complete broker vintage.",2026-08-07T15:07:52.028083+00:00
airline_public_report_evidence,601021.SH,Spring Airlines,https://basic.10jqka.com.cn/601021/worth.html,2026-08-07,,page_snapshot_only,国信证券,罗丹,2027,revenue,289.98,RMB 100 million,RMB,,not_shown,10jqka_structured_page,"Structured public 10jqka forecast page. EPS/net-profit rows use the visible institution report date; revenue rows have no institution-level date on the page and are explicitly page-snapshot-only, not a complete broker vintage.",2026-08-07T15:07:52.028083+00:00
airline_public_report_evidence,601021.SH,Spring Airlines,https://basic.10jqka.com.cn/601021/worth.html,2026-08-07,,page_snapshot_only,国海证券,匡培钦,2027,revenue,257.97,RMB 100 million,RMB,,not_shown,10jqka_structured_page,"Structured public 10jqka forecast page. EPS/net-profit rows use the visible institution report date; revenue rows have no institution-level date on the page and are explicitly page-snapshot-only, not a complete broker vintage.",2026-08-07T15:07:52.028083+00:00
airline_public_report_evidence,601021.SH,Spring Airlines,https://basic.10jqka.com.cn/601021/worth.html,2026-08-07,,page_snapshot_only,国盛证券,罗月江,2027,revenue,283.81,RMB 100 million,RMB,,not_shown,10jqka_structured_page,"Structured public 10jqka forecast page. EPS/net-profit rows use the visible institution report date; revenue rows have no institution-level date on the page and are explicitly page-snapshot-only, not a complete broker vintage.",2026-08-07T15:07:52.028083+00:00
airline_public_report_evidence,601021.SH,Spring Airlines,https://basic.10jqka.com.cn/601021/worth.html,2026-08-07,,page_snapshot_only,国联民生,黄文鹤,2027,revenue,271.6,RMB 100 million,RMB,,not_shown,10jqka_structured_page,"Structured public 10jqka forecast page. EPS/net-profit rows use the visible institution report date; revenue rows have no institution-level date on the page and are explicitly page-snapshot-only, not a complete broker vintage.",2026-08-07T15:07:52.028083+00:00
airline_public_report_evidence,601021.SH,Spring Airlines,https://basic.10jqka.com.cn/601021/worth.html,2026-08-07,,page_snapshot_only,国金证券,李丹,2027,revenue,268.44,RMB 100 million,RMB,,not_shown,10jqka_structured_page,"Structured public 10jqka forecast page. EPS/net-profit rows use the visible institution report date; revenue rows have no institution-level date on the page and are explicitly page-snapshot-only, not a complete broker vintage.",2026-08-07T15:07:52.028083+00:00
airline_public_report_evidence,601021.SH,Spring Airlines,https://basic.10jqka.com.cn/601021/worth.html,2026-08-07,,page_snapshot_only,广发证券,许可,2027,revenue,286.59,RMB 100 million,RMB,,not_shown,10jqka_structured_page,"Structured public 10jqka forecast page. EPS/net-profit rows use the visible institution report date; revenue rows have no institution-level date on the page and are explicitly page-snapshot-only, not a complete broker vintage.",2026-08-07T15:07:52.028083+00:00
airline_public_report_evidence,601021.SH,Spring Airlines,https://basic.10jqka.com.cn/601021/worth.html,2026-08-07,,page_snapshot_only,西部证券,凌军,2027,revenue,260.97,RMB 100 million,RMB,,not_shown,10jqka_structured_page,"Structured public 10jqka forecast page. EPS/net-profit rows use the visible institution report date; revenue rows have no institution-level date on the page and are explicitly page-snapshot-only, not a complete broker vintage.",2026-08-07T15:07:52.028083+00:00
airline_public_report_evidence,601021.SH,Spring Airlines,https://basic.10jqka.com.cn/601021/worth.html,2026-08-07,,page_snapshot_only,中泰证券,杜冲,2028,revenue,314.35,RMB 100 million,RMB,,not_shown,10jqka_structured_page,"Structured public 10jqka forecast page. EPS/net-profit rows use the visible institution report date; revenue rows have no institution-level date on the page and are explicitly page-snapshot-only, not a complete broker vintage.",2026-08-07T15:07:52.028083+00:00
airline_public_report_evidence,601021.SH,Spring Airlines,https://basic.10jqka.com.cn/601021/worth.html,2026-08-07,,page_snapshot_only,华泰证券,沈晓峰,2028,revenue,323.31,RMB 100 million,RMB,,not_shown,10jqka_structured_page,"Structured public 10jqka forecast page. EPS/net-profit rows use the visible institution report date; revenue rows have no institution-level date on the page and are explicitly page-snapshot-only, not a complete broker vintage.",2026-08-07T15:07:52.028083+00:00
airline_public_report_evidence,601021.SH,Spring Airlines,https://basic.10jqka.com.cn/601021/worth.html,2026-08-07,,page_snapshot_only,国信证券,罗丹,2028,revenue,323.62,RMB 100 million,RMB,,not_shown,10jqka_structured_page,"Structured public 10jqka forecast page. EPS/net-profit rows use the visible institution report date; revenue rows have no institution-level date on the page and are explicitly page-snapshot-only, not a complete broker vintage.",2026-08-07T15:07:52.028083+00:00
airline_public_report_evidence,601021.SH,Spring Airlines,https://basic.10jqka.com.cn/601021/worth.html,2026-08-07,,page_snapshot_only,国海证券,匡培钦,2028,revenue,272.58,RMB 100 million,RMB,,not_shown,10jqka_structured_page,"Structured public 10jqka forecast page. EPS/net-profit rows use the visible institution report date; revenue rows have no institution-level date on the page and are explicitly page-snapshot-only, not a complete broker vintage.",2026-08-07T15:07:52.028083+00:00
airline_public_report_evidence,601021.SH,Spring Airlines,https://basic.10jqka.com.cn/601021/worth.html,2026-08-07,,page_snapshot_only,国盛证券,罗月江,2028,revenue,306.63,RMB 100 million,RMB,,not_shown,10jqka_structured_page,"Structured public 10jqka forecast page. EPS/net-profit rows use the visible institution report date; revenue rows have no institution-level date on the page and are explicitly page-snapshot-only, not a complete broker vintage.",2026-08-07T15:07:52.028083+00:00
airline_public_report_evidence,601021.SH,Spring Airlines,https://basic.10jqka.com.cn/601021/worth.html,2026-08-07,,page_snapshot_only,国联民生,黄文鹤,2028,revenue,302.49,RMB 100 million,RMB,,not_shown,10jqka_structured_page,"Structured public 10jqka forecast page. EPS/net-profit rows use the visible institution report date; revenue rows have no institution-level date on the page and are explicitly page-snapshot-only, not a complete broker vintage.",2026-08-07T15:07:52.028083+00:00
airline_public_report_evidence,601021.SH,Spring Airlines,https://basic.10jqka.com.cn/601021/worth.html,2026-08-07,,page_snapshot_only,国金证券,李丹,2028,revenue,291.75,RMB 100 million,RMB,,not_shown,10jqka_structured_page,"Structured public 10jqka forecast page. EPS/net-profit rows use the visible institution report date; revenue rows have no institution-level date on the page and are explicitly page-snapshot-only, not a complete broker vintage.",2026-08-07T15:07:52.028083+00:00
airline_public_report_evidence,601021.SH,Spring Airlines,https://basic.10jqka.com.cn/601021/worth.html,2026-08-07,,page_snapshot_only,广发证券,许可,2028,revenue,312.01,RMB 100 million,RMB,,not_shown,10jqka_structured_page,"Structured public 10jqka forecast page. EPS/net-profit rows use the visible institution report date; revenue rows have no institution-level date on the page and are explicitly page-snapshot-only, not a complete broker vintage.",2026-08-07T15:07:52.028083+00:00
airline_public_report_evidence,601021.SH,Spring Airlines,https://basic.10jqka.com.cn/601021/worth.html,2026-08-07,,page_snapshot_only,西部证券,凌军,2028,revenue,278.83,RMB 100 million,RMB,,not_shown,10jqka_structured_page,"Structured public 10jqka forecast page. EPS/net-profit rows use the visible institution report date; revenue rows have no institution-level date on the page and are explicitly page-snapshot-only, not a complete broker vintage.",2026-08-07T15:07:52.028083+00:00
airline_public_report_evidence,603885.SH,Juneyao Airlines,https://basic.10jqka.com.cn/603885/worth.html,2026-08-07,2026-05-05,institution_report_date,中泰证券,杜冲,2026,eps,0.39,RMB/share,RMB,,down,10jqka_structured_page,"Structured public 10jqka forecast page. EPS/net-profit rows use the visible institution report date; revenue rows have no institution-level date on the page and are explicitly page-snapshot-only, not a complete broker vintage.",2026-08-07T15:07:52.028083+00:00
airline_public_report_evidence,603885.SH,Juneyao Airlines,https://basic.10jqka.com.cn/603885/worth.html,2026-08-07,2026-04-28,institution_report_date,华泰证券,沈晓峰,2026,eps,0.43,RMB/share,RMB,,unchanged_or_not_shown,10jqka_structured_page,"Structured public 10jqka forecast page. EPS/net-profit rows use the visible institution report date; revenue rows have no institution-level date on the page and are explicitly page-snapshot-only, not a complete broker vintage.",2026-08-07T15:07:52.028083+00:00
airline_public_report_evidence,603885.SH,Juneyao Airlines,https://basic.10jqka.com.cn/603885/worth.html,2026-08-07,2026-04-23,institution_report_date,国海证券,匡培钦,2026,eps,0.38,RMB/share,RMB,,down,10jqka_structured_page,"Structured public 10jqka forecast page. EPS/net-profit rows use the visible institution report date; revenue rows have no institution-level date on the page and are explicitly page-snapshot-only, not a complete broker vintage.",2026-08-07T15:07:52.028083+00:00
airline_public_report_evidence,603885.SH,Juneyao Airlines,https://basic.10jqka.com.cn/603885/worth.html,2026-08-07,2026-05-03,institution_report_date,国联民生,黄文鹤,2026,eps,0.41,RMB/share,RMB,,down,10jqka_structured_page,"Structured public 10jqka forecast page. EPS/net-profit rows use the visible institution report date; revenue rows have no institution-level date on the page and are explicitly page-snapshot-only, not a complete broker vintage.",2026-08-07T15:07:52.028083+00:00
airline_public_report_evidence,603885.SH,Juneyao Airlines,https://basic.10jqka.com.cn/603885/worth.html,2026-08-07,2026-04-30,institution_report_date,国金证券,李丹,2026,eps,0.4,RMB/share,RMB,,down,10jqka_structured_page,"Structured public 10jqka forecast page. EPS/net-profit rows use the visible institution report date; revenue rows have no institution-level date on the page and are explicitly page-snapshot-only, not a complete broker vintage.",2026-08-07T15:07:52.028083+00:00
airline_public_report_evidence,603885.SH,Juneyao Airlines,https://basic.10jqka.com.cn/603885/worth.html,2026-08-07,2026-04-24,institution_report_date,广发证券,许可,2026,eps,0.47,RMB/share,RMB,,down,10jqka_structured_page,"Structured public 10jqka forecast page. EPS/net-profit rows use the visible institution report date; revenue rows have no institution-level date on the page and are explicitly page-snapshot-only, not a complete broker vintage.",2026-08-07T15:07:52.028083+00:00
airline_public_report_evidence,603885.SH,Juneyao Airlines,https://basic.10jqka.com.cn/603885/worth.html,2026-08-07,2026-03-17,institution_report_date,西部证券,凌军,2026,eps,0.78,RMB/share,RMB,,down,10jqka_structured_page,"Structured public 10jqka forecast page. EPS/net-profit rows use the visible institution report date; revenue rows have no institution-level date on the page and are explicitly page-snapshot-only, not a complete broker vintage.",2026-08-07T15:07:52.028083+00:00
airline_public_report_evidence,603885.SH,Juneyao Airlines,https://basic.10jqka.com.cn/603885/worth.html,2026-08-07,2026-05-05,institution_report_date,中泰证券,杜冲,2027,eps,0.72,RMB/share,RMB,,down,10jqka_structured_page,"Structured public 10jqka forecast page. EPS/net-profit rows use the visible institution report date; revenue rows have no institution-level date on the page and are explicitly page-snapshot-only, not a complete broker vintage.",2026-08-07T15:07:52.028083+00:00
airline_public_report_evidence,603885.SH,Juneyao Airlines,https://basic.10jqka.com.cn/603885/worth.html,2026-08-07,2026-04-28,institution_report_date,华泰证券,沈晓峰,2027,eps,0.97,RMB/share,RMB,,unchanged_or_not_shown,10jqka_structured_page,"Structured public 10jqka forecast page. EPS/net-profit rows use the visible institution report date; revenue rows have no institution-level date on the page and are explicitly page-snapshot-only, not a complete broker vintage.",2026-08-07T15:07:52.028083+00:00
airline_public_report_evidence,603885.SH,Juneyao Airlines,https://basic.10jqka.com.cn/603885/worth.html,2026-08-07,2026-04-23,institution_report_date,国海证券,匡培钦,2027,eps,0.59,RMB/share,RMB,,down,10jqka_structured_page,"Structured public 10jqka forecast page. EPS/net-profit rows use the visible institution report date; revenue rows have no institution-level date on the page and are explicitly page-snapshot-only, not a complete broker vintage.",2026-08-07T15:07:52.028083+00:00
airline_public_report_evidence,603885.SH,Juneyao Airlines,https://basic.10jqka.com.cn/603885/worth.html,2026-08-07,2026-05-03,institution_report_date,国联民生,黄文鹤,2027,eps,0.83,RMB/share,RMB,,down,10jqka_structured_page,"Structured public 10jqka forecast page. EPS/net-profit rows use the visible institution report date; revenue rows have no institution-level date on the page and are explicitly page-snapshot-only, not a complete broker vintage.",2026-08-07T15:07:52.028083+00:00
airline_public_report_evidence,603885.SH,Juneyao Airlines,https://basic.10jqka.com.cn/603885/worth.html,2026-08-07,2026-04-30,institution_report_date,国金证券,李丹,2027,eps,0.76,RMB/share,RMB,,down,10jqka_structured_page,"Structured public 10jqka forecast page. EPS/net-profit rows use the visible institution report date; revenue rows have no institution-level date on the page and are explicitly page-snapshot-only, not a complete broker vintage.",2026-08-07T15:07:52.028083+00:00
airline_public_report_evidence,603885.SH,Juneyao Airlines,https://basic.10jqka.com.cn/603885/worth.html,2026-08-07,2026-04-24,institution_report_date,广发证券,许可,2027,eps,0.69,RMB/share,RMB,,down,10jqka_structured_page,"Structured public 10jqka forecast page. EPS/net-profit rows use the visible institution report date; revenue rows have no institution-level date on the page and are explicitly page-snapshot-only, not a complete broker vintage.",2026-08-07T15:07:52.028083+00:00
airline_public_report_evidence,603885.SH,Juneyao Airlines,https://basic.10jqka.com.cn/603885/worth.html,2026-08-07,2026-03-17,institution_report_date,西部证券,凌军,2027,eps,1.02,RMB/share,RMB,,up,10jqka_structured_page,"Structured public 10jqka forecast page. EPS/net-profit rows use the visible institution report date; revenue rows have no institution-level date on the page and are explicitly page-snapshot-only, not a complete broker vintage.",2026-08-07T15:07:52.028083+00:00
airline_public_report_evidence,603885.SH,Juneyao Airlines,https://basic.10jqka.com.cn/603885/worth.html,2026-08-07,2026-05-05,institution_report_date,中泰证券,杜冲,2028,eps,1.01,RMB/share,RMB,,unchanged_or_not_shown,10jqka_structured_page,"Structured public 10jqka forecast page. EPS/net-profit rows use the visible institution report date; revenue rows have no institution-level date on the page and are explicitly page-snapshot-only, not a complete broker vintage.",2026-08-07T15:07:52.028083+00:00
airline_public_report_evidence,603885.SH,Juneyao Airlines,https://basic.10jqka.com.cn/603885/worth.html,2026-08-07,2026-04-28,institution_report_date,华泰证券,沈晓峰,2028,eps,1.45,RMB/share,RMB,,unchanged_or_not_shown,10jqka_structured_page,"Structured public 10jqka forecast page. EPS/net-profit rows use the visible institution report date; revenue rows have no institution-level date on the page and are explicitly page-snapshot-only, not a complete broker vintage.",2026-08-07T15:07:52.028083+00:00
airline_public_report_evidence,603885.SH,Juneyao Airlines,https://basic.10jqka.com.cn/603885/worth.html,2026-08-07,2026-04-23,institution_report_date,国海证券,匡培钦,2028,eps,0.92,RMB/share,RMB,,unchanged_or_not_shown,10jqka_structured_page,"Structured public 10jqka forecast page. EPS/net-profit rows use the visible institution report date; revenue rows have no institution-level date on the page and are explicitly page-snapshot-only, not a complete broker vintage.",2026-08-07T15:07:52.028083+00:00
airline_public_report_evidence,603885.SH,Juneyao Airlines,https://basic.10jqka.com.cn/603885/worth.html,2026-08-07,2026-05-03,institution_report_date,国联民生,黄文鹤,2028,eps,1.46,RMB/share,RMB,,unchanged_or_not_shown,10jqka_structured_page,"Structured public 10jqka forecast page. EPS/net-profit rows use the visible institution report date; revenue rows have no institution-level date on the page and are explicitly page-snapshot-only, not a complete broker vintage.",2026-08-07T15:07:52.028083+00:00
airline_public_report_evidence,603885.SH,Juneyao Airlines,https://basic.10jqka.com.cn/603885/worth.html,2026-08-07,2026-04-30,institution_report_date,国金证券,李丹,2028,eps,0.97,RMB/share,RMB,,unchanged_or_not_shown,10jqka_structured_page,"Structured public 10jqka forecast page. EPS/net-profit rows use the visible institution report date; revenue rows have no institution-level date on the page and are explicitly page-snapshot-only, not a complete broker vintage.",2026-08-07T15:07:52.028083+00:00
airline_public_report_evidence,603885.SH,Juneyao Airlines,https://basic.10jqka.com.cn/603885/worth.html,2026-08-07,2026-04-24,institution_report_date,广发证券,许可,2028,eps,1.16,RMB/share,RMB,,unchanged_or_not_shown,10jqka_structured_page,"Structured public 10jqka forecast page. EPS/net-profit rows use the visible institution report date; revenue rows have no institution-level date on the page and are explicitly page-snapshot-only, not a complete broker vintage.",2026-08-07T15:07:52.028083+00:00
airline_public_report_evidence,603885.SH,Juneyao Airlines,https://basic.10jqka.com.cn/603885/worth.html,2026-08-07,2026-05-05,institution_report_date,中泰证券,杜冲,2026,net_profit,8.54,RMB 100 million,RMB,,down,10jqka_structured_page,"Structured public 10jqka forecast page. EPS/net-profit rows use the visible institution report date; revenue rows have no institution-level date on the page and are explicitly page-snapshot-only, not a complete broker vintage.",2026-08-07T15:07:52.028083+00:00
airline_public_report_evidence,603885.SH,Juneyao Airlines,https://basic.10jqka.com.cn/603885/worth.html,2026-08-07,2026-04-28,institution_report_date,华泰证券,沈晓峰,2026,net_profit,9.43,RMB 100 million,RMB,,unchanged_or_not_shown,10jqka_structured_page,"Structured public 10jqka forecast page. EPS/net-profit rows use the visible institution report date; revenue rows have no institution-level date on the page and are explicitly page-snapshot-only, not a complete broker vintage.",2026-08-07T15:07:52.028083+00:00
airline_public_report_evidence,603885.SH,Juneyao Airlines,https://basic.10jqka.com.cn/603885/worth.html,2026-08-07,2026-04-23,institution_report_date,国海证券,匡培钦,2026,net_profit,8.37,RMB 100 million,RMB,,down,10jqka_structured_page,"Structured public 10jqka forecast page. EPS/net-profit rows use the visible institution report date; revenue rows have no institution-level date on the page and are explicitly page-snapshot-only, not a complete broker vintage.",2026-08-07T15:07:52.028083+00:00
airline_public_report_evidence,603885.SH,Juneyao Airlines,https://basic.10jqka.com.cn/603885/worth.html,2026-08-07,2026-05-03,institution_report_date,国联民生,黄文鹤,2026,net_profit,8.89,RMB 100 million,RMB,,down,10jqka_structured_page,"Structured public 10jqka forecast page. EPS/net-profit rows use the visible institution report date; revenue rows have no institution-level date on the page and are explicitly page-snapshot-only, not a complete broker vintage.",2026-08-07T15:07:52.028083+00:00
airline_public_report_evidence,603885.SH,Juneyao Airlines,https://basic.10jqka.com.cn/603885/worth.html,2026-08-07,2026-04-30,institution_report_date,国金证券,李丹,2026,net_profit,8.77,RMB 100 million,RMB,,down,10jqka_structured_page,"Structured public 10jqka forecast page. EPS/net-profit rows use the visible institution report date; revenue rows have no institution-level date on the page and are explicitly page-snapshot-only, not a complete broker vintage.",2026-08-07T15:07:52.028083+00:00
airline_public_report_evidence,603885.SH,Juneyao Airlines,https://basic.10jqka.com.cn/603885/worth.html,2026-08-07,2026-04-24,institution_report_date,广发证券,许可,2026,net_profit,10.31,RMB 100 million,RMB,,down,10jqka_structured_page,"Structured public 10jqka forecast page. EPS/net-profit rows use the visible institution report date; revenue rows have no institution-level date on the page and are explicitly page-snapshot-only, not a complete broker vintage.",2026-08-07T15:07:52.028083+00:00
airline_public_report_evidence,603885.SH,Juneyao Airlines,https://basic.10jqka.com.cn/603885/worth.html,2026-08-07,2026-03-17,institution_report_date,西部证券,凌军,2026,net_profit,17.06,RMB 100 million,RMB,,down,10jqka_structured_page,"Structured public 10jqka forecast page. EPS/net-profit rows use the visible institution report date; revenue rows have no institution-level date on the page and are explicitly page-snapshot-only, not a complete broker vintage.",2026-08-07T15:07:52.028083+00:00
airline_public_report_evidence,603885.SH,Juneyao Airlines,https://basic.10jqka.com.cn/603885/worth.html,2026-08-07,2026-05-05,institution_report_date,中泰证券,杜冲,2027,net_profit,15.64,RMB 100 million,RMB,,down,10jqka_structured_page,"Structured public 10jqka forecast page. EPS/net-profit rows use the visible institution report date; revenue rows have no institution-level date on the page and are explicitly page-snapshot-only, not a complete broker vintage.",2026-08-07T15:07:52.028083+00:00
airline_public_report_evidence,603885.SH,Juneyao Airlines,https://basic.10jqka.com.cn/603885/worth.html,2026-08-07,2026-04-28,institution_report_date,华泰证券,沈晓峰,2027,net_profit,21.23,RMB 100 million,RMB,,unchanged_or_not_shown,10jqka_structured_page,"Structured public 10jqka forecast page. EPS/net-profit rows use the visible institution report date; revenue rows have no institution-level date on the page and are explicitly page-snapshot-only, not a complete broker vintage.",2026-08-07T15:07:52.028083+00:00
airline_public_report_evidence,603885.SH,Juneyao Airlines,https://basic.10jqka.com.cn/603885/worth.html,2026-08-07,2026-04-23,institution_report_date,国海证券,匡培钦,2027,net_profit,12.97,RMB 100 million,RMB,,down,10jqka_structured_page,"Structured public 10jqka forecast page. EPS/net-profit rows use the visible institution report date; revenue rows have no institution-level date on the page and are explicitly page-snapshot-only, not a complete broker vintage.",2026-08-07T15:07:52.028083+00:00
airline_public_report_evidence,603885.SH,Juneyao Airlines,https://basic.10jqka.com.cn/603885/worth.html,2026-08-07,2026-05-03,institution_report_date,国联民生,黄文鹤,2027,net_profit,18.04,RMB 100 million,RMB,,down,10jqka_structured_page,"Structured public 10jqka forecast page. EPS/net-profit rows use the visible institution report date; revenue rows have no institution-level date on the page and are explicitly page-snapshot-only, not a complete broker vintage.",2026-08-07T15:07:52.028083+00:00
airline_public_report_evidence,603885.SH,Juneyao Airlines,https://basic.10jqka.com.cn/603885/worth.html,2026-08-07,2026-04-30,institution_report_date,国金证券,李丹,2027,net_profit,16.62,RMB 100 million,RMB,,down,10jqka_structured_page,"Structured public 10jqka forecast page. EPS/net-profit rows use the visible institution report date; revenue rows have no institution-level date on the page and are explicitly page-snapshot-only, not a complete broker vintage.",2026-08-07T15:07:52.028083+00:00
airline_public_report_evidence,603885.SH,Juneyao Airlines,https://basic.10jqka.com.cn/603885/worth.html,2026-08-07,2026-04-24,institution_report_date,广发证券,许可,2027,net_profit,15.16,RMB 100 million,RMB,,down,10jqka_structured_page,"Structured public 10jqka forecast page. EPS/net-profit rows use the visible institution report date; revenue rows have no institution-level date on the page and are explicitly page-snapshot-only, not a complete broker vintage.",2026-08-07T15:07:52.028083+00:00
airline_public_report_evidence,603885.SH,Juneyao Airlines,https://basic.10jqka.com.cn/603885/worth.html,2026-08-07,2026-03-17,institution_report_date,西部证券,凌军,2027,net_profit,22.24,RMB 100 million,RMB,,up,10jqka_structured_page,"Structured public 10jqka forecast page. EPS/net-profit rows use the visible institution report date; revenue rows have no institution-level date on the page and are explicitly page-snapshot-only, not a complete broker vintage.",2026-08-07T15:07:52.028083+00:00
airline_public_report_evidence,603885.SH,Juneyao Airlines,https://basic.10jqka.com.cn/603885/worth.html,2026-08-07,2026-05-05,institution_report_date,中泰证券,杜冲,2028,net_profit,22.03,RMB 100 million,RMB,,down,10jqka_structured_page,"Structured public 10jqka forecast page. EPS/net-profit rows use the visible institution report date; revenue rows have no institution-level date on the page and are explicitly page-snapshot-only, not a complete broker vintage.",2026-08-07T15:07:52.028083+00:00
airline_public_report_evidence,603885.SH,Juneyao Airlines,https://basic.10jqka.com.cn/603885/worth.html,2026-08-07,2026-04-28,institution_report_date,华泰证券,沈晓峰,2028,net_profit,31.68,RMB 100 million,RMB,,unchanged_or_not_shown,10jqka_structured_page,"Structured public 10jqka forecast page. EPS/net-profit rows use the visible institution report date; revenue rows have no institution-level date on the page and are explicitly page-snapshot-only, not a complete broker vintage.",2026-08-07T15:07:52.028083+00:00
airline_public_report_evidence,603885.SH,Juneyao Airlines,https://basic.10jqka.com.cn/603885/worth.html,2026-08-07,2026-04-23,institution_report_date,国海证券,匡培钦,2028,net_profit,20.0,RMB 100 million,RMB,,down,10jqka_structured_page,"Structured public 10jqka forecast page. EPS/net-profit rows use the visible institution report date; revenue rows have no institution-level date on the page and are explicitly page-snapshot-only, not a complete broker vintage.",2026-08-07T15:07:52.028083+00:00
airline_public_report_evidence,603885.SH,Juneyao Airlines,https://basic.10jqka.com.cn/603885/worth.html,2026-08-07,2026-05-03,institution_report_date,国联民生,黄文鹤,2028,net_profit,31.79,RMB 100 million,RMB,,down,10jqka_structured_page,"Structured public 10jqka forecast page. EPS/net-profit rows use the visible institution report date; revenue rows have no institution-level date on the page and are explicitly page-snapshot-only, not a complete broker vintage.",2026-08-07T15:07:52.028083+00:00
airline_public_report_evidence,603885.SH,Juneyao Airlines,https://basic.10jqka.com.cn/603885/worth.html,2026-08-07,2026-04-30,institution_report_date,国金证券,李丹,2028,net_profit,21.08,RMB 100 million,RMB,,down,10jqka_structured_page,"Structured public 10jqka forecast page. EPS/net-profit rows use the visible institution report date; revenue rows have no institution-level date on the page and are explicitly page-snapshot-only, not a complete broker vintage.",2026-08-07T15:07:52.028083+00:00
airline_public_report_evidence,603885.SH,Juneyao Airlines,https://basic.10jqka.com.cn/603885/worth.html,2026-08-07,2026-04-24,institution_report_date,广发证券,许可,2028,net_profit,25.27,RMB 100 million,RMB,,down,10jqka_structured_page,"Structured public 10jqka forecast page. EPS/net-profit rows use the visible institution report date; revenue rows have no institution-level date on the page and are explicitly page-snapshot-only, not a complete broker vintage.",2026-08-07T15:07:52.028083+00:00
airline_public_report_evidence,603885.SH,Juneyao Airlines,https://basic.10jqka.com.cn/603885/worth.html,2026-08-07,,page_snapshot_only,中泰证券,杜冲,2026,revenue,247.86,RMB 100 million,RMB,,not_shown,10jqka_structured_page,"Structured public 10jqka forecast page. EPS/net-profit rows use the visible institution report date; revenue rows have no institution-level date on the page and are explicitly page-snapshot-only, not a complete broker vintage.",2026-08-07T15:07:52.028083+00:00
airline_public_report_evidence,603885.SH,Juneyao Airlines,https://basic.10jqka.com.cn/603885/worth.html,2026-08-07,,page_snapshot_only,华泰证券,沈晓峰,2026,revenue,263.78,RMB 100 million,RMB,,not_shown,10jqka_structured_page,"Structured public 10jqka forecast page. EPS/net-profit rows use the visible institution report date; revenue rows have no institution-level date on the page and are explicitly page-snapshot-only, not a complete broker vintage.",2026-08-07T15:07:52.028083+00:00
airline_public_report_evidence,603885.SH,Juneyao Airlines,https://basic.10jqka.com.cn/603885/worth.html,2026-08-07,,page_snapshot_only,国海证券,匡培钦,2026,revenue,266.75,RMB 100 million,RMB,,not_shown,10jqka_structured_page,"Structured public 10jqka forecast page. EPS/net-profit rows use the visible institution report date; revenue rows have no institution-level date on the page and are explicitly page-snapshot-only, not a complete broker vintage.",2026-08-07T15:07:52.028083+00:00
airline_public_report_evidence,603885.SH,Juneyao Airlines,https://basic.10jqka.com.cn/603885/worth.html,2026-08-07,,page_snapshot_only,国联民生,黄文鹤,2026,revenue,239.4,RMB 100 million,RMB,,not_shown,10jqka_structured_page,"Structured public 10jqka forecast page. EPS/net-profit rows use the visible institution report date; revenue rows have no institution-level date on the page and are explicitly page-snapshot-only, not a complete broker vintage.",2026-08-07T15:07:52.028083+00:00
airline_public_report_evidence,603885.SH,Juneyao Airlines,https://basic.10jqka.com.cn/603885/worth.html,2026-08-07,,page_snapshot_only,国金证券,李丹,2026,revenue,249.7,RMB 100 million,RMB,,not_shown,10jqka_structured_page,"Structured public 10jqka forecast page. EPS/net-profit rows use the visible institution report date; revenue rows have no institution-level date on the page and are explicitly page-snapshot-only, not a complete broker vintage.",2026-08-07T15:07:52.028083+00:00
airline_public_report_evidence,603885.SH,Juneyao Airlines,https://basic.10jqka.com.cn/603885/worth.html,2026-08-07,,page_snapshot_only,广发证券,许可,2026,revenue,263.29,RMB 100 million,RMB,,not_shown,10jqka_structured_page,"Structured public 10jqka forecast page. EPS/net-profit rows use the visible institution report date; revenue rows have no institution-level date on the page and are explicitly page-snapshot-only, not a complete broker vintage.",2026-08-07T15:07:52.028083+00:00
airline_public_report_evidence,603885.SH,Juneyao Airlines,https://basic.10jqka.com.cn/603885/worth.html,2026-08-07,,page_snapshot_only,西部证券,凌军,2026,revenue,241.92,RMB 100 million,RMB,,not_shown,10jqka_structured_page,"Structured public 10jqka forecast page. EPS/net-profit rows use the visible institution report date; revenue rows have no institution-level date on the page and are explicitly page-snapshot-only, not a complete broker vintage.",2026-08-07T15:07:52.028083+00:00
airline_public_report_evidence,603885.SH,Juneyao Airlines,https://basic.10jqka.com.cn/603885/worth.html,2026-08-07,,page_snapshot_only,中泰证券,杜冲,2027,revenue,275.75,RMB 100 million,RMB,,not_shown,10jqka_structured_page,"Structured public 10jqka forecast page. EPS/net-profit rows use the visible institution report date; revenue rows have no institution-level date on the page and are explicitly page-snapshot-only, not a complete broker vintage.",2026-08-07T15:07:52.028083+00:00
airline_public_report_evidence,603885.SH,Juneyao Airlines,https://basic.10jqka.com.cn/603885/worth.html,2026-08-07,,page_snapshot_only,华泰证券,沈晓峰,2027,revenue,278.99,RMB 100 million,RMB,,not_shown,10jqka_structured_page,"Structured public 10jqka forecast page. EPS/net-profit rows use the visible institution report date; revenue rows have no institution-level date on the page and are explicitly page-snapshot-only, not a complete broker vintage.",2026-08-07T15:07:52.028083+00:00
airline_public_report_evidence,603885.SH,Juneyao Airlines,https://basic.10jqka.com.cn/603885/worth.html,2026-08-07,,page_snapshot_only,国海证券,匡培钦,2027,revenue,284.24,RMB 100 million,RMB,,not_shown,10jqka_structured_page,"Structured public 10jqka forecast page. EPS/net-profit rows use the visible institution report date; revenue rows have no institution-level date on the page and are explicitly page-snapshot-only, not a complete broker vintage.",2026-08-07T15:07:52.028083+00:00
airline_public_report_evidence,603885.SH,Juneyao Airlines,https://basic.10jqka.com.cn/603885/worth.html,2026-08-07,,page_snapshot_only,国联民生,黄文鹤,2027,revenue,258.13,RMB 100 million,RMB,,not_shown,10jqka_structured_page,"Structured public 10jqka forecast page. EPS/net-profit rows use the visible institution report date; revenue rows have no institution-level date on the page and are explicitly page-snapshot-only, not a complete broker vintage.",2026-08-07T15:07:52.028083+00:00
airline_public_report_evidence,603885.SH,Juneyao Airlines,https://basic.10jqka.com.cn/603885/worth.html,2026-08-07,,page_snapshot_only,国金证券,李丹,2027,revenue,262.39,RMB 100 million,RMB,,not_shown,10jqka_structured_page,"Structured public 10jqka forecast page. EPS/net-profit rows use the visible institution report date; revenue rows have no institution-level date on the page and are explicitly page-snapshot-only, not a complete broker vintage.",2026-08-07T15:07:52.028083+00:00
airline_public_report_evidence,603885.SH,Juneyao Airlines,https://basic.10jqka.com.cn/603885/worth.html,2026-08-07,,page_snapshot_only,广发证券,许可,2027,revenue,275.6,RMB 100 million,RMB,,not_shown,10jqka_structured_page,"Structured public 10jqka forecast page. EPS/net-profit rows use the visible institution report date; revenue rows have no institution-level date on the page and are explicitly page-snapshot-only, not a complete broker vintage.",2026-08-07T15:07:52.028083+00:00
airline_public_report_evidence,603885.SH,Juneyao Airlines,https://basic.10jqka.com.cn/603885/worth.html,2026-08-07,,page_snapshot_only,西部证券,凌军,2027,revenue,264.55,RMB 100 million,RMB,,not_shown,10jqka_structured_page,"Structured public 10jqka forecast page. EPS/net-profit rows use the visible institution report date; revenue rows have no institution-level date on the page and are explicitly page-snapshot-only, not a complete broker vintage.",2026-08-07T15:07:52.028083+00:00
airline_public_report_evidence,603885.SH,Juneyao Airlines,https://basic.10jqka.com.cn/603885/worth.html,2026-08-07,,page_snapshot_only,中泰证券,杜冲,2028,revenue,300.25,RMB 100 million,RMB,,not_shown,10jqka_structured_page,"Structured public 10jqka forecast page. EPS/net-profit rows use the visible institution report date; revenue rows have no institution-level date on the page and are explicitly page-snapshot-only, not a complete broker vintage.",2026-08-07T15:07:52.028083+00:00
airline_public_report_evidence,603885.SH,Juneyao Airlines,https://basic.10jqka.com.cn/603885/worth.html,2026-08-07,,page_snapshot_only,华泰证券,沈晓峰,2028,revenue,317.95,RMB 100 million,RMB,,not_shown,10jqka_structured_page,"Structured public 10jqka forecast page. EPS/net-profit rows use the visible institution report date; revenue rows have no institution-level date on the page and are explicitly page-snapshot-only, not a complete broker vintage.",2026-08-07T15:07:52.028083+00:00
airline_public_report_evidence,603885.SH,Juneyao Airlines,https://basic.10jqka.com.cn/603885/worth.html,2026-08-07,,page_snapshot_only,国海证券,匡培钦,2028,revenue,300.83,RMB 100 million,RMB,,not_shown,10jqka_structured_page,"Structured public 10jqka forecast page. EPS/net-profit rows use the visible institution report date; revenue rows have no institution-level date on the page and are explicitly page-snapshot-only, not a complete broker vintage.",2026-08-07T15:07:52.028083+00:00
airline_public_report_evidence,603885.SH,Juneyao Airlines,https://basic.10jqka.com.cn/603885/worth.html,2026-08-07,,page_snapshot_only,国联民生,黄文鹤,2028,revenue,293.73,RMB 100 million,RMB,,not_shown,10jqka_structured_page,"Structured public 10jqka forecast page. EPS/net-profit rows use the visible institution report date; revenue rows have no institution-level date on the page and are explicitly page-snapshot-only, not a complete broker vintage.",2026-08-07T15:07:52.028083+00:00
airline_public_report_evidence,603885.SH,Juneyao Airlines,https://basic.10jqka.com.cn/603885/worth.html,2026-08-07,,page_snapshot_only,国金证券,李丹,2028,revenue,269.86,RMB 100 million,RMB,,not_shown,10jqka_structured_page,"Structured public 10jqka forecast page. EPS/net-profit rows use the visible institution report date; revenue rows have no institution-level date on the page and are explicitly page-snapshot-only, not a complete broker vintage.",2026-08-07T15:07:52.028083+00:00
airline_public_report_evidence,603885.SH,Juneyao Airlines,https://basic.10jqka.com.cn/603885/worth.html,2026-08-07,,page_snapshot_only,广发证券,许可,2028,revenue,307.54,RMB 100 million,RMB,,not_shown,10jqka_structured_page,"Structured public 10jqka forecast page. EPS/net-profit rows use the visible institution report date; revenue rows have no institution-level date on the page and are explicitly page-snapshot-only, not a complete broker vintage.",2026-08-07T15:07:52.028083+00:00
