dataset_id,asset,company,observation_date,pb,source_quality,source_url,retrieved_at,equity_basis_period,equity_basis_period_end,equity_basis_announced_at,equity_basis_usd_mn,equity_basis_pit_status
airline_pb_history,0293.HK,Cathay Pacific,2025-08-09,1.3,akshare_baidu_valuation_history,"akshare.stock_hk_valuation_baidu(symbol=00293, indicator=市净率)",2026-08-08T20:42:28.083486+00:00,1H2025,2025-06-30,2025-08-06,6580.198910881402,announced_on_or_before_observation_date
airline_pb_history,0293.HK,Cathay Pacific,2025-08-10,1.3,akshare_baidu_valuation_history,"akshare.stock_hk_valuation_baidu(symbol=00293, indicator=市净率)",2026-08-08T20:42:28.083486+00:00,1H2025,2025-06-30,2025-08-06,6580.198910881402,announced_on_or_before_observation_date
airline_pb_history,0293.HK,Cathay Pacific,2025-08-11,1.31,akshare_baidu_valuation_history,"akshare.stock_hk_valuation_baidu(symbol=00293, indicator=市净率)",2026-08-08T20:42:28.083486+00:00,1H2025,2025-06-30,2025-08-06,6580.198910881402,announced_on_or_before_observation_date
airline_pb_history,0293.HK,Cathay Pacific,2025-08-12,1.31,akshare_baidu_valuation_history,"akshare.stock_hk_valuation_baidu(symbol=00293, indicator=市净率)",2026-08-08T20:42:28.083486+00:00,1H2025,2025-06-30,2025-08-06,6580.198910881402,announced_on_or_before_observation_date
airline_pb_history,0293.HK,Cathay Pacific,2025-08-13,1.33,akshare_baidu_valuation_history,"akshare.stock_hk_valuation_baidu(symbol=00293, indicator=市净率)",2026-08-08T20:42:28.083486+00:00,1H2025,2025-06-30,2025-08-06,6580.198910881402,announced_on_or_before_observation_date
airline_pb_history,0293.HK,Cathay Pacific,2025-08-14,1.34,akshare_baidu_valuation_history,"akshare.stock_hk_valuation_baidu(symbol=00293, indicator=市净率)",2026-08-08T20:42:28.083486+00:00,1H2025,2025-06-30,2025-08-06,6580.198910881402,announced_on_or_before_observation_date
airline_pb_history,0293.HK,Cathay Pacific,2025-08-15,1.35,akshare_baidu_valuation_history,"akshare.stock_hk_valuation_baidu(symbol=00293, indicator=市净率)",2026-08-08T20:42:28.083486+00:00,1H2025,2025-06-30,2025-08-06,6580.198910881402,announced_on_or_before_observation_date
airline_pb_history,0293.HK,Cathay Pacific,2025-08-16,1.35,akshare_baidu_valuation_history,"akshare.stock_hk_valuation_baidu(symbol=00293, indicator=市净率)",2026-08-08T20:42:28.083486+00:00,1H2025,2025-06-30,2025-08-06,6580.198910881402,announced_on_or_before_observation_date
airline_pb_history,0293.HK,Cathay Pacific,2025-08-17,1.35,akshare_baidu_valuation_history,"akshare.stock_hk_valuation_baidu(symbol=00293, indicator=市净率)",2026-08-08T20:42:28.083486+00:00,1H2025,2025-06-30,2025-08-06,6580.198910881402,announced_on_or_before_observation_date
airline_pb_history,0293.HK,Cathay Pacific,2025-08-18,1.34,akshare_baidu_valuation_history,"akshare.stock_hk_valuation_baidu(symbol=00293, indicator=市净率)",2026-08-08T20:42:28.083486+00:00,1H2025,2025-06-30,2025-08-06,6580.198910881402,announced_on_or_before_observation_date
airline_pb_history,0293.HK,Cathay Pacific,2025-08-19,1.33,akshare_baidu_valuation_history,"akshare.stock_hk_valuation_baidu(symbol=00293, indicator=市净率)",2026-08-08T20:42:28.083486+00:00,1H2025,2025-06-30,2025-08-06,6580.198910881402,announced_on_or_before_observation_date
airline_pb_history,0293.HK,Cathay Pacific,2025-08-20,1.33,akshare_baidu_valuation_history,"akshare.stock_hk_valuation_baidu(symbol=00293, indicator=市净率)",2026-08-08T20:42:28.083486+00:00,1H2025,2025-06-30,2025-08-06,6580.198910881402,announced_on_or_before_observation_date
airline_pb_history,0293.HK,Cathay Pacific,2025-08-21,1.33,akshare_baidu_valuation_history,"akshare.stock_hk_valuation_baidu(symbol=00293, indicator=市净率)",2026-08-08T20:42:28.083486+00:00,1H2025,2025-06-30,2025-08-06,6580.198910881402,announced_on_or_before_observation_date
airline_pb_history,0293.HK,Cathay Pacific,2025-08-22,1.34,akshare_baidu_valuation_history,"akshare.stock_hk_valuation_baidu(symbol=00293, indicator=市净率)",2026-08-08T20:42:28.083486+00:00,1H2025,2025-06-30,2025-08-06,6580.198910881402,announced_on_or_before_observation_date
airline_pb_history,0293.HK,Cathay Pacific,2025-08-23,1.34,akshare_baidu_valuation_history,"akshare.stock_hk_valuation_baidu(symbol=00293, indicator=市净率)",2026-08-08T20:42:28.083486+00:00,1H2025,2025-06-30,2025-08-06,6580.198910881402,announced_on_or_before_observation_date
airline_pb_history,0293.HK,Cathay Pacific,2025-08-24,1.34,akshare_baidu_valuation_history,"akshare.stock_hk_valuation_baidu(symbol=00293, indicator=市净率)",2026-08-08T20:42:28.083486+00:00,1H2025,2025-06-30,2025-08-06,6580.198910881402,announced_on_or_before_observation_date
airline_pb_history,0293.HK,Cathay Pacific,2025-08-25,1.34,akshare_baidu_valuation_history,"akshare.stock_hk_valuation_baidu(symbol=00293, indicator=市净率)",2026-08-08T20:42:28.083486+00:00,1H2025,2025-06-30,2025-08-06,6580.198910881402,announced_on_or_before_observation_date
airline_pb_history,0293.HK,Cathay Pacific,2025-08-26,1.34,akshare_baidu_valuation_history,"akshare.stock_hk_valuation_baidu(symbol=00293, indicator=市净率)",2026-08-08T20:42:28.083486+00:00,1H2025,2025-06-30,2025-08-06,6580.198910881402,announced_on_or_before_observation_date
airline_pb_history,0293.HK,Cathay Pacific,2025-08-27,1.34,akshare_baidu_valuation_history,"akshare.stock_hk_valuation_baidu(symbol=00293, indicator=市净率)",2026-08-08T20:42:28.083486+00:00,1H2025,2025-06-30,2025-08-06,6580.198910881402,announced_on_or_before_observation_date
airline_pb_history,0293.HK,Cathay Pacific,2025-08-28,1.34,akshare_baidu_valuation_history,"akshare.stock_hk_valuation_baidu(symbol=00293, indicator=市净率)",2026-08-08T20:42:28.083486+00:00,1H2025,2025-06-30,2025-08-06,6580.198910881402,announced_on_or_before_observation_date
airline_pb_history,0293.HK,Cathay Pacific,2025-08-29,1.34,akshare_baidu_valuation_history,"akshare.stock_hk_valuation_baidu(symbol=00293, indicator=市净率)",2026-08-08T20:42:28.083486+00:00,1H2025,2025-06-30,2025-08-06,6580.198910881402,announced_on_or_before_observation_date
airline_pb_history,0293.HK,Cathay Pacific,2025-08-30,1.34,akshare_baidu_valuation_history,"akshare.stock_hk_valuation_baidu(symbol=00293, indicator=市净率)",2026-08-08T20:42:28.083486+00:00,1H2025,2025-06-30,2025-08-06,6580.198910881402,announced_on_or_before_observation_date
airline_pb_history,0293.HK,Cathay Pacific,2025-08-31,1.34,akshare_baidu_valuation_history,"akshare.stock_hk_valuation_baidu(symbol=00293, indicator=市净率)",2026-08-08T20:42:28.083486+00:00,1H2025,2025-06-30,2025-08-06,6580.198910881402,announced_on_or_before_observation_date
airline_pb_history,0293.HK,Cathay Pacific,2025-09-01,1.39,akshare_baidu_valuation_history,"akshare.stock_hk_valuation_baidu(symbol=00293, indicator=市净率)",2026-08-08T20:42:28.083486+00:00,1H2025,2025-06-30,2025-08-06,6580.198910881402,announced_on_or_before_observation_date
airline_pb_history,0293.HK,Cathay Pacific,2025-09-02,1.39,akshare_baidu_valuation_history,"akshare.stock_hk_valuation_baidu(symbol=00293, indicator=市净率)",2026-08-08T20:42:28.083486+00:00,1H2025,2025-06-30,2025-08-06,6580.198910881402,announced_on_or_before_observation_date
airline_pb_history,0293.HK,Cathay Pacific,2025-09-03,1.36,akshare_baidu_valuation_history,"akshare.stock_hk_valuation_baidu(symbol=00293, indicator=市净率)",2026-08-08T20:42:28.083486+00:00,1H2025,2025-06-30,2025-08-06,6580.198910881402,announced_on_or_before_observation_date
airline_pb_history,0293.HK,Cathay Pacific,2025-09-04,1.35,akshare_baidu_valuation_history,"akshare.stock_hk_valuation_baidu(symbol=00293, indicator=市净率)",2026-08-08T20:42:28.083486+00:00,1H2025,2025-06-30,2025-08-06,6580.198910881402,announced_on_or_before_observation_date
airline_pb_history,0293.HK,Cathay Pacific,2025-09-05,1.35,akshare_baidu_valuation_history,"akshare.stock_hk_valuation_baidu(symbol=00293, indicator=市净率)",2026-08-08T20:42:28.083486+00:00,1H2025,2025-06-30,2025-08-06,6580.198910881402,announced_on_or_before_observation_date
airline_pb_history,0293.HK,Cathay Pacific,2025-09-06,1.35,akshare_baidu_valuation_history,"akshare.stock_hk_valuation_baidu(symbol=00293, indicator=市净率)",2026-08-08T20:42:28.083486+00:00,1H2025,2025-06-30,2025-08-06,6580.198910881402,announced_on_or_before_observation_date
airline_pb_history,0293.HK,Cathay Pacific,2025-09-07,1.35,akshare_baidu_valuation_history,"akshare.stock_hk_valuation_baidu(symbol=00293, indicator=市净率)",2026-08-08T20:42:28.083486+00:00,1H2025,2025-06-30,2025-08-06,6580.198910881402,announced_on_or_before_observation_date
airline_pb_history,0293.HK,Cathay Pacific,2025-09-08,1.37,akshare_baidu_valuation_history,"akshare.stock_hk_valuation_baidu(symbol=00293, indicator=市净率)",2026-08-08T20:42:28.083486+00:00,1H2025,2025-06-30,2025-08-06,6580.198910881402,announced_on_or_before_observation_date
airline_pb_history,0293.HK,Cathay Pacific,2025-09-09,1.36,akshare_baidu_valuation_history,"akshare.stock_hk_valuation_baidu(symbol=00293, indicator=市净率)",2026-08-08T20:42:28.083486+00:00,1H2025,2025-06-30,2025-08-06,6580.198910881402,announced_on_or_before_observation_date
airline_pb_history,0293.HK,Cathay Pacific,2025-09-10,1.38,akshare_baidu_valuation_history,"akshare.stock_hk_valuation_baidu(symbol=00293, indicator=市净率)",2026-08-08T20:42:28.083486+00:00,1H2025,2025-06-30,2025-08-06,6580.198910881402,announced_on_or_before_observation_date
airline_pb_history,0293.HK,Cathay Pacific,2025-09-11,1.37,akshare_baidu_valuation_history,"akshare.stock_hk_valuation_baidu(symbol=00293, indicator=市净率)",2026-08-08T20:42:28.083486+00:00,1H2025,2025-06-30,2025-08-06,6580.198910881402,announced_on_or_before_observation_date
airline_pb_history,0293.HK,Cathay Pacific,2025-09-12,1.37,akshare_baidu_valuation_history,"akshare.stock_hk_valuation_baidu(symbol=00293, indicator=市净率)",2026-08-08T20:42:28.083486+00:00,1H2025,2025-06-30,2025-08-06,6580.198910881402,announced_on_or_before_observation_date
airline_pb_history,0293.HK,Cathay Pacific,2025-09-13,1.37,akshare_baidu_valuation_history,"akshare.stock_hk_valuation_baidu(symbol=00293, indicator=市净率)",2026-08-08T20:42:28.083486+00:00,1H2025,2025-06-30,2025-08-06,6580.198910881402,announced_on_or_before_observation_date
airline_pb_history,0293.HK,Cathay Pacific,2025-09-14,1.37,akshare_baidu_valuation_history,"akshare.stock_hk_valuation_baidu(symbol=00293, indicator=市净率)",2026-08-08T20:42:28.083486+00:00,1H2025,2025-06-30,2025-08-06,6580.198910881402,announced_on_or_before_observation_date
airline_pb_history,0293.HK,Cathay Pacific,2025-09-15,1.37,akshare_baidu_valuation_history,"akshare.stock_hk_valuation_baidu(symbol=00293, indicator=市净率)",2026-08-08T20:42:28.083486+00:00,1H2025,2025-06-30,2025-08-06,6580.198910881402,announced_on_or_before_observation_date
airline_pb_history,0293.HK,Cathay Pacific,2025-09-16,1.37,akshare_baidu_valuation_history,"akshare.stock_hk_valuation_baidu(symbol=00293, indicator=市净率)",2026-08-08T20:42:28.083486+00:00,1H2025,2025-06-30,2025-08-06,6580.198910881402,announced_on_or_before_observation_date
airline_pb_history,0293.HK,Cathay Pacific,2025-09-17,1.38,akshare_baidu_valuation_history,"akshare.stock_hk_valuation_baidu(symbol=00293, indicator=市净率)",2026-08-08T20:42:28.083486+00:00,1H2025,2025-06-30,2025-08-06,6580.198910881402,announced_on_or_before_observation_date
airline_pb_history,0293.HK,Cathay Pacific,2025-09-18,1.37,akshare_baidu_valuation_history,"akshare.stock_hk_valuation_baidu(symbol=00293, indicator=市净率)",2026-08-08T20:42:28.083486+00:00,1H2025,2025-06-30,2025-08-06,6580.198910881402,announced_on_or_before_observation_date
airline_pb_history,0293.HK,Cathay Pacific,2025-09-19,1.37,akshare_baidu_valuation_history,"akshare.stock_hk_valuation_baidu(symbol=00293, indicator=市净率)",2026-08-08T20:42:28.083486+00:00,1H2025,2025-06-30,2025-08-06,6580.198910881402,announced_on_or_before_observation_date
airline_pb_history,0293.HK,Cathay Pacific,2025-09-20,1.37,akshare_baidu_valuation_history,"akshare.stock_hk_valuation_baidu(symbol=00293, indicator=市净率)",2026-08-08T20:42:28.083486+00:00,1H2025,2025-06-30,2025-08-06,6580.198910881402,announced_on_or_before_observation_date
airline_pb_history,0293.HK,Cathay Pacific,2025-09-21,1.37,akshare_baidu_valuation_history,"akshare.stock_hk_valuation_baidu(symbol=00293, indicator=市净率)",2026-08-08T20:42:28.083486+00:00,1H2025,2025-06-30,2025-08-06,6580.198910881402,announced_on_or_before_observation_date
airline_pb_history,0293.HK,Cathay Pacific,2025-09-22,1.35,akshare_baidu_valuation_history,"akshare.stock_hk_valuation_baidu(symbol=00293, indicator=市净率)",2026-08-08T20:42:28.083486+00:00,1H2025,2025-06-30,2025-08-06,6580.198910881402,announced_on_or_before_observation_date
airline_pb_history,0293.HK,Cathay Pacific,2025-09-23,1.36,akshare_baidu_valuation_history,"akshare.stock_hk_valuation_baidu(symbol=00293, indicator=市净率)",2026-08-08T20:42:28.083486+00:00,1H2025,2025-06-30,2025-08-06,6580.198910881402,announced_on_or_before_observation_date
airline_pb_history,0293.HK,Cathay Pacific,2025-09-24,1.36,akshare_baidu_valuation_history,"akshare.stock_hk_valuation_baidu(symbol=00293, indicator=市净率)",2026-08-08T20:42:28.083486+00:00,1H2025,2025-06-30,2025-08-06,6580.198910881402,announced_on_or_before_observation_date
airline_pb_history,0293.HK,Cathay Pacific,2025-09-25,1.36,akshare_baidu_valuation_history,"akshare.stock_hk_valuation_baidu(symbol=00293, indicator=市净率)",2026-08-08T20:42:28.083486+00:00,1H2025,2025-06-30,2025-08-06,6580.198910881402,announced_on_or_before_observation_date
airline_pb_history,0293.HK,Cathay Pacific,2025-09-26,1.37,akshare_baidu_valuation_history,"akshare.stock_hk_valuation_baidu(symbol=00293, indicator=市净率)",2026-08-08T20:42:28.083486+00:00,1H2025,2025-06-30,2025-08-06,6580.198910881402,announced_on_or_before_observation_date
airline_pb_history,0293.HK,Cathay Pacific,2025-09-27,1.37,akshare_baidu_valuation_history,"akshare.stock_hk_valuation_baidu(symbol=00293, indicator=市净率)",2026-08-08T20:42:28.083486+00:00,1H2025,2025-06-30,2025-08-06,6580.198910881402,announced_on_or_before_observation_date
airline_pb_history,0293.HK,Cathay Pacific,2025-09-28,1.37,akshare_baidu_valuation_history,"akshare.stock_hk_valuation_baidu(symbol=00293, indicator=市净率)",2026-08-08T20:42:28.083486+00:00,1H2025,2025-06-30,2025-08-06,6580.198910881402,announced_on_or_before_observation_date
airline_pb_history,0293.HK,Cathay Pacific,2025-09-29,1.36,akshare_baidu_valuation_history,"akshare.stock_hk_valuation_baidu(symbol=00293, indicator=市净率)",2026-08-08T20:42:28.083486+00:00,1H2025,2025-06-30,2025-08-06,6580.198910881402,announced_on_or_before_observation_date
airline_pb_history,0293.HK,Cathay Pacific,2025-09-30,1.35,akshare_baidu_valuation_history,"akshare.stock_hk_valuation_baidu(symbol=00293, indicator=市净率)",2026-08-08T20:42:28.083486+00:00,1H2025,2025-06-30,2025-08-06,6580.198910881402,announced_on_or_before_observation_date
airline_pb_history,0293.HK,Cathay Pacific,2025-10-01,1.35,akshare_baidu_valuation_history,"akshare.stock_hk_valuation_baidu(symbol=00293, indicator=市净率)",2026-08-08T20:42:28.083486+00:00,1H2025,2025-06-30,2025-08-06,6580.198910881402,announced_on_or_before_observation_date
airline_pb_history,0293.HK,Cathay Pacific,2025-10-02,1.37,akshare_baidu_valuation_history,"akshare.stock_hk_valuation_baidu(symbol=00293, indicator=市净率)",2026-08-08T20:42:28.083486+00:00,1H2025,2025-06-30,2025-08-06,6580.198910881402,announced_on_or_before_observation_date
airline_pb_history,0293.HK,Cathay Pacific,2025-10-03,1.38,akshare_baidu_valuation_history,"akshare.stock_hk_valuation_baidu(symbol=00293, indicator=市净率)",2026-08-08T20:42:28.083486+00:00,1H2025,2025-06-30,2025-08-06,6580.198910881402,announced_on_or_before_observation_date
airline_pb_history,0293.HK,Cathay Pacific,2025-10-04,1.38,akshare_baidu_valuation_history,"akshare.stock_hk_valuation_baidu(symbol=00293, indicator=市净率)",2026-08-08T20:42:28.083486+00:00,1H2025,2025-06-30,2025-08-06,6580.198910881402,announced_on_or_before_observation_date
airline_pb_history,0293.HK,Cathay Pacific,2025-10-05,1.38,akshare_baidu_valuation_history,"akshare.stock_hk_valuation_baidu(symbol=00293, indicator=市净率)",2026-08-08T20:42:28.083486+00:00,1H2025,2025-06-30,2025-08-06,6580.198910881402,announced_on_or_before_observation_date
airline_pb_history,0293.HK,Cathay Pacific,2025-10-06,1.37,akshare_baidu_valuation_history,"akshare.stock_hk_valuation_baidu(symbol=00293, indicator=市净率)",2026-08-08T20:42:28.083486+00:00,1H2025,2025-06-30,2025-08-06,6580.198910881402,announced_on_or_before_observation_date
airline_pb_history,0293.HK,Cathay Pacific,2025-10-07,1.37,akshare_baidu_valuation_history,"akshare.stock_hk_valuation_baidu(symbol=00293, indicator=市净率)",2026-08-08T20:42:28.083486+00:00,1H2025,2025-06-30,2025-08-06,6580.198910881402,announced_on_or_before_observation_date
airline_pb_history,0293.HK,Cathay Pacific,2025-10-08,1.37,akshare_baidu_valuation_history,"akshare.stock_hk_valuation_baidu(symbol=00293, indicator=市净率)",2026-08-08T20:42:28.083486+00:00,1H2025,2025-06-30,2025-08-06,6580.198910881402,announced_on_or_before_observation_date
airline_pb_history,0293.HK,Cathay Pacific,2025-10-09,1.39,akshare_baidu_valuation_history,"akshare.stock_hk_valuation_baidu(symbol=00293, indicator=市净率)",2026-08-08T20:42:28.083486+00:00,1H2025,2025-06-30,2025-08-06,6580.198910881402,announced_on_or_before_observation_date
airline_pb_history,0293.HK,Cathay Pacific,2025-10-10,1.39,akshare_baidu_valuation_history,"akshare.stock_hk_valuation_baidu(symbol=00293, indicator=市净率)",2026-08-08T20:42:28.083486+00:00,1H2025,2025-06-30,2025-08-06,6580.198910881402,announced_on_or_before_observation_date
airline_pb_history,0293.HK,Cathay Pacific,2025-10-11,1.39,akshare_baidu_valuation_history,"akshare.stock_hk_valuation_baidu(symbol=00293, indicator=市净率)",2026-08-08T20:42:28.083486+00:00,1H2025,2025-06-30,2025-08-06,6580.198910881402,announced_on_or_before_observation_date
airline_pb_history,0293.HK,Cathay Pacific,2025-10-12,1.39,akshare_baidu_valuation_history,"akshare.stock_hk_valuation_baidu(symbol=00293, indicator=市净率)",2026-08-08T20:42:28.083486+00:00,1H2025,2025-06-30,2025-08-06,6580.198910881402,announced_on_or_before_observation_date
airline_pb_history,0293.HK,Cathay Pacific,2025-10-13,1.37,akshare_baidu_valuation_history,"akshare.stock_hk_valuation_baidu(symbol=00293, indicator=市净率)",2026-08-08T20:42:28.083486+00:00,1H2025,2025-06-30,2025-08-06,6580.198910881402,announced_on_or_before_observation_date
airline_pb_history,0293.HK,Cathay Pacific,2025-10-14,1.37,akshare_baidu_valuation_history,"akshare.stock_hk_valuation_baidu(symbol=00293, indicator=市净率)",2026-08-08T20:42:28.083486+00:00,1H2025,2025-06-30,2025-08-06,6580.198910881402,announced_on_or_before_observation_date
airline_pb_history,0293.HK,Cathay Pacific,2025-10-15,1.4,akshare_baidu_valuation_history,"akshare.stock_hk_valuation_baidu(symbol=00293, indicator=市净率)",2026-08-08T20:42:28.083486+00:00,1H2025,2025-06-30,2025-08-06,6580.198910881402,announced_on_or_before_observation_date
airline_pb_history,0293.HK,Cathay Pacific,2025-10-16,1.4,akshare_baidu_valuation_history,"akshare.stock_hk_valuation_baidu(symbol=00293, indicator=市净率)",2026-08-08T20:42:28.083486+00:00,1H2025,2025-06-30,2025-08-06,6580.198910881402,announced_on_or_before_observation_date
airline_pb_history,0293.HK,Cathay Pacific,2025-10-17,1.38,akshare_baidu_valuation_history,"akshare.stock_hk_valuation_baidu(symbol=00293, indicator=市净率)",2026-08-08T20:42:28.083486+00:00,1H2025,2025-06-30,2025-08-06,6580.198910881402,announced_on_or_before_observation_date
airline_pb_history,0293.HK,Cathay Pacific,2025-10-18,1.38,akshare_baidu_valuation_history,"akshare.stock_hk_valuation_baidu(symbol=00293, indicator=市净率)",2026-08-08T20:42:28.083486+00:00,1H2025,2025-06-30,2025-08-06,6580.198910881402,announced_on_or_before_observation_date
airline_pb_history,0293.HK,Cathay Pacific,2025-10-19,1.38,akshare_baidu_valuation_history,"akshare.stock_hk_valuation_baidu(symbol=00293, indicator=市净率)",2026-08-08T20:42:28.083486+00:00,1H2025,2025-06-30,2025-08-06,6580.198910881402,announced_on_or_before_observation_date
airline_pb_history,0293.HK,Cathay Pacific,2025-10-20,1.41,akshare_baidu_valuation_history,"akshare.stock_hk_valuation_baidu(symbol=00293, indicator=市净率)",2026-08-08T20:42:28.083486+00:00,1H2025,2025-06-30,2025-08-06,6580.198910881402,announced_on_or_before_observation_date
airline_pb_history,0293.HK,Cathay Pacific,2025-10-21,1.41,akshare_baidu_valuation_history,"akshare.stock_hk_valuation_baidu(symbol=00293, indicator=市净率)",2026-08-08T20:42:28.083486+00:00,1H2025,2025-06-30,2025-08-06,6580.198910881402,announced_on_or_before_observation_date
airline_pb_history,0293.HK,Cathay Pacific,2025-10-22,1.42,akshare_baidu_valuation_history,"akshare.stock_hk_valuation_baidu(symbol=00293, indicator=市净率)",2026-08-08T20:42:28.083486+00:00,1H2025,2025-06-30,2025-08-06,6580.198910881402,announced_on_or_before_observation_date
airline_pb_history,0293.HK,Cathay Pacific,2025-10-23,1.45,akshare_baidu_valuation_history,"akshare.stock_hk_valuation_baidu(symbol=00293, indicator=市净率)",2026-08-08T20:42:28.083486+00:00,1H2025,2025-06-30,2025-08-06,6580.198910881402,announced_on_or_before_observation_date
airline_pb_history,0293.HK,Cathay Pacific,2025-10-24,1.43,akshare_baidu_valuation_history,"akshare.stock_hk_valuation_baidu(symbol=00293, indicator=市净率)",2026-08-08T20:42:28.083486+00:00,1H2025,2025-06-30,2025-08-06,6580.198910881402,announced_on_or_before_observation_date
airline_pb_history,0293.HK,Cathay Pacific,2025-10-25,1.43,akshare_baidu_valuation_history,"akshare.stock_hk_valuation_baidu(symbol=00293, indicator=市净率)",2026-08-08T20:42:28.083486+00:00,1H2025,2025-06-30,2025-08-06,6580.198910881402,announced_on_or_before_observation_date
airline_pb_history,0293.HK,Cathay Pacific,2025-10-26,1.43,akshare_baidu_valuation_history,"akshare.stock_hk_valuation_baidu(symbol=00293, indicator=市净率)",2026-08-08T20:42:28.083486+00:00,1H2025,2025-06-30,2025-08-06,6580.198910881402,announced_on_or_before_observation_date
airline_pb_history,0293.HK,Cathay Pacific,2025-10-27,1.44,akshare_baidu_valuation_history,"akshare.stock_hk_valuation_baidu(symbol=00293, indicator=市净率)",2026-08-08T20:42:28.083486+00:00,1H2025,2025-06-30,2025-08-06,6580.198910881402,announced_on_or_before_observation_date
airline_pb_history,0293.HK,Cathay Pacific,2025-10-28,1.46,akshare_baidu_valuation_history,"akshare.stock_hk_valuation_baidu(symbol=00293, indicator=市净率)",2026-08-08T20:42:28.083486+00:00,1H2025,2025-06-30,2025-08-06,6580.198910881402,announced_on_or_before_observation_date
airline_pb_history,0293.HK,Cathay Pacific,2025-10-29,1.46,akshare_baidu_valuation_history,"akshare.stock_hk_valuation_baidu(symbol=00293, indicator=市净率)",2026-08-08T20:42:28.083486+00:00,1H2025,2025-06-30,2025-08-06,6580.198910881402,announced_on_or_before_observation_date
airline_pb_history,0293.HK,Cathay Pacific,2025-10-30,1.45,akshare_baidu_valuation_history,"akshare.stock_hk_valuation_baidu(symbol=00293, indicator=市净率)",2026-08-08T20:42:28.083486+00:00,1H2025,2025-06-30,2025-08-06,6580.198910881402,announced_on_or_before_observation_date
airline_pb_history,0293.HK,Cathay Pacific,2025-10-31,1.44,akshare_baidu_valuation_history,"akshare.stock_hk_valuation_baidu(symbol=00293, indicator=市净率)",2026-08-08T20:42:28.083486+00:00,1H2025,2025-06-30,2025-08-06,6580.198910881402,announced_on_or_before_observation_date
airline_pb_history,0293.HK,Cathay Pacific,2025-11-01,1.44,akshare_baidu_valuation_history,"akshare.stock_hk_valuation_baidu(symbol=00293, indicator=市净率)",2026-08-08T20:42:28.083486+00:00,1H2025,2025-06-30,2025-08-06,6580.198910881402,announced_on_or_before_observation_date
airline_pb_history,0293.HK,Cathay Pacific,2025-11-02,1.44,akshare_baidu_valuation_history,"akshare.stock_hk_valuation_baidu(symbol=00293, indicator=市净率)",2026-08-08T20:42:28.083486+00:00,1H2025,2025-06-30,2025-08-06,6580.198910881402,announced_on_or_before_observation_date
airline_pb_history,0293.HK,Cathay Pacific,2025-11-03,1.46,akshare_baidu_valuation_history,"akshare.stock_hk_valuation_baidu(symbol=00293, indicator=市净率)",2026-08-08T20:42:28.083486+00:00,1H2025,2025-06-30,2025-08-06,6580.198910881402,announced_on_or_before_observation_date
airline_pb_history,0293.HK,Cathay Pacific,2025-11-04,1.46,akshare_baidu_valuation_history,"akshare.stock_hk_valuation_baidu(symbol=00293, indicator=市净率)",2026-08-08T20:42:28.083486+00:00,1H2025,2025-06-30,2025-08-06,6580.198910881402,announced_on_or_before_observation_date
airline_pb_history,0293.HK,Cathay Pacific,2025-11-05,1.47,akshare_baidu_valuation_history,"akshare.stock_hk_valuation_baidu(symbol=00293, indicator=市净率)",2026-08-08T20:42:28.083486+00:00,1H2025,2025-06-30,2025-08-06,6580.198910881402,announced_on_or_before_observation_date
airline_pb_history,0293.HK,Cathay Pacific,2025-11-06,1.53,akshare_baidu_valuation_history,"akshare.stock_hk_valuation_baidu(symbol=00293, indicator=市净率)",2026-08-08T20:42:28.083486+00:00,1H2025,2025-06-30,2025-08-06,6580.198910881402,announced_on_or_before_observation_date
airline_pb_history,0293.HK,Cathay Pacific,2025-11-07,1.53,akshare_baidu_valuation_history,"akshare.stock_hk_valuation_baidu(symbol=00293, indicator=市净率)",2026-08-08T20:42:28.083486+00:00,1H2025,2025-06-30,2025-08-06,6580.198910881402,announced_on_or_before_observation_date
airline_pb_history,0293.HK,Cathay Pacific,2025-11-08,1.53,akshare_baidu_valuation_history,"akshare.stock_hk_valuation_baidu(symbol=00293, indicator=市净率)",2026-08-08T20:42:28.083486+00:00,1H2025,2025-06-30,2025-08-06,6580.198910881402,announced_on_or_before_observation_date
airline_pb_history,0293.HK,Cathay Pacific,2025-11-09,1.53,akshare_baidu_valuation_history,"akshare.stock_hk_valuation_baidu(symbol=00293, indicator=市净率)",2026-08-08T20:42:28.083486+00:00,1H2025,2025-06-30,2025-08-06,6580.198910881402,announced_on_or_before_observation_date
airline_pb_history,0293.HK,Cathay Pacific,2025-11-10,1.54,akshare_baidu_valuation_history,"akshare.stock_hk_valuation_baidu(symbol=00293, indicator=市净率)",2026-08-08T20:42:28.083486+00:00,1H2025,2025-06-30,2025-08-06,6580.198910881402,announced_on_or_before_observation_date
airline_pb_history,0293.HK,Cathay Pacific,2025-11-11,1.57,akshare_baidu_valuation_history,"akshare.stock_hk_valuation_baidu(symbol=00293, indicator=市净率)",2026-08-08T20:42:28.083486+00:00,1H2025,2025-06-30,2025-08-06,6580.198910881402,announced_on_or_before_observation_date
airline_pb_history,0293.HK,Cathay Pacific,2025-11-12,1.6,akshare_baidu_valuation_history,"akshare.stock_hk_valuation_baidu(symbol=00293, indicator=市净率)",2026-08-08T20:42:28.083486+00:00,1H2025,2025-06-30,2025-08-06,6580.198910881402,announced_on_or_before_observation_date
airline_pb_history,0293.HK,Cathay Pacific,2025-11-13,1.6,akshare_baidu_valuation_history,"akshare.stock_hk_valuation_baidu(symbol=00293, indicator=市净率)",2026-08-08T20:42:28.083486+00:00,1H2025,2025-06-30,2025-08-06,6580.198910881402,announced_on_or_before_observation_date
airline_pb_history,0293.HK,Cathay Pacific,2025-11-14,1.58,akshare_baidu_valuation_history,"akshare.stock_hk_valuation_baidu(symbol=00293, indicator=市净率)",2026-08-08T20:42:28.083486+00:00,1H2025,2025-06-30,2025-08-06,6580.198910881402,announced_on_or_before_observation_date
airline_pb_history,0293.HK,Cathay Pacific,2025-11-15,1.58,akshare_baidu_valuation_history,"akshare.stock_hk_valuation_baidu(symbol=00293, indicator=市净率)",2026-08-08T20:42:28.083486+00:00,1H2025,2025-06-30,2025-08-06,6580.198910881402,announced_on_or_before_observation_date
airline_pb_history,0293.HK,Cathay Pacific,2025-11-16,1.58,akshare_baidu_valuation_history,"akshare.stock_hk_valuation_baidu(symbol=00293, indicator=市净率)",2026-08-08T20:42:28.083486+00:00,1H2025,2025-06-30,2025-08-06,6580.198910881402,announced_on_or_before_observation_date
airline_pb_history,0293.HK,Cathay Pacific,2025-11-17,1.59,akshare_baidu_valuation_history,"akshare.stock_hk_valuation_baidu(symbol=00293, indicator=市净率)",2026-08-08T20:42:28.083486+00:00,1H2025,2025-06-30,2025-08-06,6580.198910881402,announced_on_or_before_observation_date
airline_pb_history,0293.HK,Cathay Pacific,2025-11-18,1.55,akshare_baidu_valuation_history,"akshare.stock_hk_valuation_baidu(symbol=00293, indicator=市净率)",2026-08-08T20:42:28.083486+00:00,1H2025,2025-06-30,2025-08-06,6580.198910881402,announced_on_or_before_observation_date
airline_pb_history,0293.HK,Cathay Pacific,2025-11-19,1.54,akshare_baidu_valuation_history,"akshare.stock_hk_valuation_baidu(symbol=00293, indicator=市净率)",2026-08-08T20:42:28.083486+00:00,1H2025,2025-06-30,2025-08-06,6580.198910881402,announced_on_or_before_observation_date
airline_pb_history,0293.HK,Cathay Pacific,2025-11-20,1.53,akshare_baidu_valuation_history,"akshare.stock_hk_valuation_baidu(symbol=00293, indicator=市净率)",2026-08-08T20:42:28.083486+00:00,1H2025,2025-06-30,2025-08-06,6580.198910881402,announced_on_or_before_observation_date
airline_pb_history,0293.HK,Cathay Pacific,2025-11-21,1.52,akshare_baidu_valuation_history,"akshare.stock_hk_valuation_baidu(symbol=00293, indicator=市净率)",2026-08-08T20:42:28.083486+00:00,1H2025,2025-06-30,2025-08-06,6580.198910881402,announced_on_or_before_observation_date
airline_pb_history,0293.HK,Cathay Pacific,2025-11-22,1.52,akshare_baidu_valuation_history,"akshare.stock_hk_valuation_baidu(symbol=00293, indicator=市净率)",2026-08-08T20:42:28.083486+00:00,1H2025,2025-06-30,2025-08-06,6580.198910881402,announced_on_or_before_observation_date
airline_pb_history,0293.HK,Cathay Pacific,2025-11-23,1.52,akshare_baidu_valuation_history,"akshare.stock_hk_valuation_baidu(symbol=00293, indicator=市净率)",2026-08-08T20:42:28.083486+00:00,1H2025,2025-06-30,2025-08-06,6580.198910881402,announced_on_or_before_observation_date
airline_pb_history,0293.HK,Cathay Pacific,2025-11-24,1.51,akshare_baidu_valuation_history,"akshare.stock_hk_valuation_baidu(symbol=00293, indicator=市净率)",2026-08-08T20:42:28.083486+00:00,1H2025,2025-06-30,2025-08-06,6580.198910881402,announced_on_or_before_observation_date
airline_pb_history,0293.HK,Cathay Pacific,2025-11-25,1.52,akshare_baidu_valuation_history,"akshare.stock_hk_valuation_baidu(symbol=00293, indicator=市净率)",2026-08-08T20:42:28.083486+00:00,1H2025,2025-06-30,2025-08-06,6580.198910881402,announced_on_or_before_observation_date
airline_pb_history,0293.HK,Cathay Pacific,2025-11-26,1.53,akshare_baidu_valuation_history,"akshare.stock_hk_valuation_baidu(symbol=00293, indicator=市净率)",2026-08-08T20:42:28.083486+00:00,1H2025,2025-06-30,2025-08-06,6580.198910881402,announced_on_or_before_observation_date
airline_pb_history,0293.HK,Cathay Pacific,2025-11-27,1.55,akshare_baidu_valuation_history,"akshare.stock_hk_valuation_baidu(symbol=00293, indicator=市净率)",2026-08-08T20:42:28.083486+00:00,1H2025,2025-06-30,2025-08-06,6580.198910881402,announced_on_or_before_observation_date
airline_pb_history,0293.HK,Cathay Pacific,2025-11-28,1.57,akshare_baidu_valuation_history,"akshare.stock_hk_valuation_baidu(symbol=00293, indicator=市净率)",2026-08-08T20:42:28.083486+00:00,1H2025,2025-06-30,2025-08-06,6580.198910881402,announced_on_or_before_observation_date
airline_pb_history,0293.HK,Cathay Pacific,2025-11-29,1.57,akshare_baidu_valuation_history,"akshare.stock_hk_valuation_baidu(symbol=00293, indicator=市净率)",2026-08-08T20:42:28.083486+00:00,1H2025,2025-06-30,2025-08-06,6580.198910881402,announced_on_or_before_observation_date
airline_pb_history,0293.HK,Cathay Pacific,2025-11-30,1.57,akshare_baidu_valuation_history,"akshare.stock_hk_valuation_baidu(symbol=00293, indicator=市净率)",2026-08-08T20:42:28.083486+00:00,1H2025,2025-06-30,2025-08-06,6580.198910881402,announced_on_or_before_observation_date
airline_pb_history,0293.HK,Cathay Pacific,2025-12-01,1.58,akshare_baidu_valuation_history,"akshare.stock_hk_valuation_baidu(symbol=00293, indicator=市净率)",2026-08-08T20:42:28.083486+00:00,1H2025,2025-06-30,2025-08-06,6580.198910881402,announced_on_or_before_observation_date
airline_pb_history,0293.HK,Cathay Pacific,2025-12-02,1.6,akshare_baidu_valuation_history,"akshare.stock_hk_valuation_baidu(symbol=00293, indicator=市净率)",2026-08-08T20:42:28.083486+00:00,1H2025,2025-06-30,2025-08-06,6580.198910881402,announced_on_or_before_observation_date
airline_pb_history,0293.HK,Cathay Pacific,2025-12-03,1.58,akshare_baidu_valuation_history,"akshare.stock_hk_valuation_baidu(symbol=00293, indicator=市净率)",2026-08-08T20:42:28.083486+00:00,1H2025,2025-06-30,2025-08-06,6580.198910881402,announced_on_or_before_observation_date
airline_pb_history,0293.HK,Cathay Pacific,2025-12-04,1.59,akshare_baidu_valuation_history,"akshare.stock_hk_valuation_baidu(symbol=00293, indicator=市净率)",2026-08-08T20:42:28.083486+00:00,1H2025,2025-06-30,2025-08-06,6580.198910881402,announced_on_or_before_observation_date
airline_pb_history,0293.HK,Cathay Pacific,2025-12-05,1.58,akshare_baidu_valuation_history,"akshare.stock_hk_valuation_baidu(symbol=00293, indicator=市净率)",2026-08-08T20:42:28.083486+00:00,1H2025,2025-06-30,2025-08-06,6580.198910881402,announced_on_or_before_observation_date
airline_pb_history,0293.HK,Cathay Pacific,2025-12-06,1.58,akshare_baidu_valuation_history,"akshare.stock_hk_valuation_baidu(symbol=00293, indicator=市净率)",2026-08-08T20:42:28.083486+00:00,1H2025,2025-06-30,2025-08-06,6580.198910881402,announced_on_or_before_observation_date
airline_pb_history,0293.HK,Cathay Pacific,2025-12-07,1.58,akshare_baidu_valuation_history,"akshare.stock_hk_valuation_baidu(symbol=00293, indicator=市净率)",2026-08-08T20:42:28.083486+00:00,1H2025,2025-06-30,2025-08-06,6580.198910881402,announced_on_or_before_observation_date
airline_pb_history,0293.HK,Cathay Pacific,2025-12-08,1.57,akshare_baidu_valuation_history,"akshare.stock_hk_valuation_baidu(symbol=00293, indicator=市净率)",2026-08-08T20:42:28.083486+00:00,1H2025,2025-06-30,2025-08-06,6580.198910881402,announced_on_or_before_observation_date
airline_pb_history,0293.HK,Cathay Pacific,2025-12-09,1.54,akshare_baidu_valuation_history,"akshare.stock_hk_valuation_baidu(symbol=00293, indicator=市净率)",2026-08-08T20:42:28.083486+00:00,1H2025,2025-06-30,2025-08-06,6580.198910881402,announced_on_or_before_observation_date
airline_pb_history,0293.HK,Cathay Pacific,2025-12-10,1.53,akshare_baidu_valuation_history,"akshare.stock_hk_valuation_baidu(symbol=00293, indicator=市净率)",2026-08-08T20:42:28.083486+00:00,1H2025,2025-06-30,2025-08-06,6580.198910881402,announced_on_or_before_observation_date
airline_pb_history,0293.HK,Cathay Pacific,2025-12-11,1.53,akshare_baidu_valuation_history,"akshare.stock_hk_valuation_baidu(symbol=00293, indicator=市净率)",2026-08-08T20:42:28.083486+00:00,1H2025,2025-06-30,2025-08-06,6580.198910881402,announced_on_or_before_observation_date
airline_pb_history,0293.HK,Cathay Pacific,2025-12-12,1.55,akshare_baidu_valuation_history,"akshare.stock_hk_valuation_baidu(symbol=00293, indicator=市净率)",2026-08-08T20:42:28.083486+00:00,1H2025,2025-06-30,2025-08-06,6580.198910881402,announced_on_or_before_observation_date
airline_pb_history,0293.HK,Cathay Pacific,2025-12-13,1.55,akshare_baidu_valuation_history,"akshare.stock_hk_valuation_baidu(symbol=00293, indicator=市净率)",2026-08-08T20:42:28.083486+00:00,1H2025,2025-06-30,2025-08-06,6580.198910881402,announced_on_or_before_observation_date
airline_pb_history,0293.HK,Cathay Pacific,2025-12-14,1.55,akshare_baidu_valuation_history,"akshare.stock_hk_valuation_baidu(symbol=00293, indicator=市净率)",2026-08-08T20:42:28.083486+00:00,1H2025,2025-06-30,2025-08-06,6580.198910881402,announced_on_or_before_observation_date
airline_pb_history,0293.HK,Cathay Pacific,2025-12-15,1.53,akshare_baidu_valuation_history,"akshare.stock_hk_valuation_baidu(symbol=00293, indicator=市净率)",2026-08-08T20:42:28.083486+00:00,1H2025,2025-06-30,2025-08-06,6580.198910881402,announced_on_or_before_observation_date
airline_pb_history,0293.HK,Cathay Pacific,2025-12-16,1.53,akshare_baidu_valuation_history,"akshare.stock_hk_valuation_baidu(symbol=00293, indicator=市净率)",2026-08-08T20:42:28.083486+00:00,1H2025,2025-06-30,2025-08-06,6580.198910881402,announced_on_or_before_observation_date
airline_pb_history,0293.HK,Cathay Pacific,2025-12-17,1.54,akshare_baidu_valuation_history,"akshare.stock_hk_valuation_baidu(symbol=00293, indicator=市净率)",2026-08-08T20:42:28.083486+00:00,1H2025,2025-06-30,2025-08-06,6580.198910881402,announced_on_or_before_observation_date
airline_pb_history,0293.HK,Cathay Pacific,2025-12-18,1.55,akshare_baidu_valuation_history,"akshare.stock_hk_valuation_baidu(symbol=00293, indicator=市净率)",2026-08-08T20:42:28.083486+00:00,1H2025,2025-06-30,2025-08-06,6580.198910881402,announced_on_or_before_observation_date
airline_pb_history,0293.HK,Cathay Pacific,2025-12-19,1.56,akshare_baidu_valuation_history,"akshare.stock_hk_valuation_baidu(symbol=00293, indicator=市净率)",2026-08-08T20:42:28.083486+00:00,1H2025,2025-06-30,2025-08-06,6580.198910881402,announced_on_or_before_observation_date
airline_pb_history,0293.HK,Cathay Pacific,2025-12-20,1.56,akshare_baidu_valuation_history,"akshare.stock_hk_valuation_baidu(symbol=00293, indicator=市净率)",2026-08-08T20:42:28.083486+00:00,1H2025,2025-06-30,2025-08-06,6580.198910881402,announced_on_or_before_observation_date
airline_pb_history,0293.HK,Cathay Pacific,2025-12-21,1.56,akshare_baidu_valuation_history,"akshare.stock_hk_valuation_baidu(symbol=00293, indicator=市净率)",2026-08-08T20:42:28.083486+00:00,1H2025,2025-06-30,2025-08-06,6580.198910881402,announced_on_or_before_observation_date
airline_pb_history,0293.HK,Cathay Pacific,2025-12-22,1.56,akshare_baidu_valuation_history,"akshare.stock_hk_valuation_baidu(symbol=00293, indicator=市净率)",2026-08-08T20:42:28.083486+00:00,1H2025,2025-06-30,2025-08-06,6580.198910881402,announced_on_or_before_observation_date
airline_pb_history,0293.HK,Cathay Pacific,2025-12-23,1.68,akshare_baidu_valuation_history,"akshare.stock_hk_valuation_baidu(symbol=00293, indicator=市净率)",2026-08-08T20:42:28.083486+00:00,1H2025,2025-06-30,2025-08-06,6580.198910881402,announced_on_or_before_observation_date
airline_pb_history,0293.HK,Cathay Pacific,2025-12-24,1.67,akshare_baidu_valuation_history,"akshare.stock_hk_valuation_baidu(symbol=00293, indicator=市净率)",2026-08-08T20:42:28.083486+00:00,1H2025,2025-06-30,2025-08-06,6580.198910881402,announced_on_or_before_observation_date
airline_pb_history,0293.HK,Cathay Pacific,2025-12-25,1.67,akshare_baidu_valuation_history,"akshare.stock_hk_valuation_baidu(symbol=00293, indicator=市净率)",2026-08-08T20:42:28.083486+00:00,1H2025,2025-06-30,2025-08-06,6580.198910881402,announced_on_or_before_observation_date
airline_pb_history,0293.HK,Cathay Pacific,2025-12-26,1.67,akshare_baidu_valuation_history,"akshare.stock_hk_valuation_baidu(symbol=00293, indicator=市净率)",2026-08-08T20:42:28.083486+00:00,1H2025,2025-06-30,2025-08-06,6580.198910881402,announced_on_or_before_observation_date
airline_pb_history,0293.HK,Cathay Pacific,2025-12-27,1.67,akshare_baidu_valuation_history,"akshare.stock_hk_valuation_baidu(symbol=00293, indicator=市净率)",2026-08-08T20:42:28.083486+00:00,1H2025,2025-06-30,2025-08-06,6580.198910881402,announced_on_or_before_observation_date
airline_pb_history,0293.HK,Cathay Pacific,2025-12-28,1.67,akshare_baidu_valuation_history,"akshare.stock_hk_valuation_baidu(symbol=00293, indicator=市净率)",2026-08-08T20:42:28.083486+00:00,1H2025,2025-06-30,2025-08-06,6580.198910881402,announced_on_or_before_observation_date
airline_pb_history,0293.HK,Cathay Pacific,2025-12-29,1.63,akshare_baidu_valuation_history,"akshare.stock_hk_valuation_baidu(symbol=00293, indicator=市净率)",2026-08-08T20:42:28.083486+00:00,1H2025,2025-06-30,2025-08-06,6580.198910881402,announced_on_or_before_observation_date
airline_pb_history,0293.HK,Cathay Pacific,2025-12-30,1.63,akshare_baidu_valuation_history,"akshare.stock_hk_valuation_baidu(symbol=00293, indicator=市净率)",2026-08-08T20:42:28.083486+00:00,1H2025,2025-06-30,2025-08-06,6580.198910881402,announced_on_or_before_observation_date
airline_pb_history,0293.HK,Cathay Pacific,2025-12-31,1.62,akshare_baidu_valuation_history,"akshare.stock_hk_valuation_baidu(symbol=00293, indicator=市净率)",2026-08-08T20:42:28.083486+00:00,1H2025,2025-06-30,2025-08-06,6580.198910881402,announced_on_or_before_observation_date
airline_pb_history,0293.HK,Cathay Pacific,2026-01-01,1.62,akshare_baidu_valuation_history,"akshare.stock_hk_valuation_baidu(symbol=00293, indicator=市净率)",2026-08-08T20:42:28.083486+00:00,1H2025,2025-06-30,2025-08-06,6580.198910881402,announced_on_or_before_observation_date
airline_pb_history,0293.HK,Cathay Pacific,2026-01-02,1.64,akshare_baidu_valuation_history,"akshare.stock_hk_valuation_baidu(symbol=00293, indicator=市净率)",2026-08-08T20:42:28.083486+00:00,1H2025,2025-06-30,2025-08-06,6580.198910881402,announced_on_or_before_observation_date
airline_pb_history,0293.HK,Cathay Pacific,2026-01-03,1.64,akshare_baidu_valuation_history,"akshare.stock_hk_valuation_baidu(symbol=00293, indicator=市净率)",2026-08-08T20:42:28.083486+00:00,1H2025,2025-06-30,2025-08-06,6580.198910881402,announced_on_or_before_observation_date
airline_pb_history,0293.HK,Cathay Pacific,2026-01-04,1.64,akshare_baidu_valuation_history,"akshare.stock_hk_valuation_baidu(symbol=00293, indicator=市净率)",2026-08-08T20:42:28.083486+00:00,1H2025,2025-06-30,2025-08-06,6580.198910881402,announced_on_or_before_observation_date
airline_pb_history,0293.HK,Cathay Pacific,2026-01-05,1.7,akshare_baidu_valuation_history,"akshare.stock_hk_valuation_baidu(symbol=00293, indicator=市净率)",2026-08-08T20:42:28.083486+00:00,1H2025,2025-06-30,2025-08-06,6580.198910881402,announced_on_or_before_observation_date
airline_pb_history,0293.HK,Cathay Pacific,2026-01-06,1.66,akshare_baidu_valuation_history,"akshare.stock_hk_valuation_baidu(symbol=00293, indicator=市净率)",2026-08-08T20:42:28.083486+00:00,1H2025,2025-06-30,2025-08-06,6580.198910881402,announced_on_or_before_observation_date
airline_pb_history,0293.HK,Cathay Pacific,2026-01-07,1.69,akshare_baidu_valuation_history,"akshare.stock_hk_valuation_baidu(symbol=00293, indicator=市净率)",2026-08-08T20:42:28.083486+00:00,1H2025,2025-06-30,2025-08-06,6580.198910881402,announced_on_or_before_observation_date
airline_pb_history,0293.HK,Cathay Pacific,2026-01-08,1.66,akshare_baidu_valuation_history,"akshare.stock_hk_valuation_baidu(symbol=00293, indicator=市净率)",2026-08-08T20:42:28.083486+00:00,1H2025,2025-06-30,2025-08-06,6580.198910881402,announced_on_or_before_observation_date
airline_pb_history,0293.HK,Cathay Pacific,2026-01-09,1.63,akshare_baidu_valuation_history,"akshare.stock_hk_valuation_baidu(symbol=00293, indicator=市净率)",2026-08-08T20:42:28.083486+00:00,1H2025,2025-06-30,2025-08-06,6580.198910881402,announced_on_or_before_observation_date
airline_pb_history,0293.HK,Cathay Pacific,2026-01-10,1.63,akshare_baidu_valuation_history,"akshare.stock_hk_valuation_baidu(symbol=00293, indicator=市净率)",2026-08-08T20:42:28.083486+00:00,1H2025,2025-06-30,2025-08-06,6580.198910881402,announced_on_or_before_observation_date
airline_pb_history,0293.HK,Cathay Pacific,2026-01-11,1.63,akshare_baidu_valuation_history,"akshare.stock_hk_valuation_baidu(symbol=00293, indicator=市净率)",2026-08-08T20:42:28.083486+00:00,1H2025,2025-06-30,2025-08-06,6580.198910881402,announced_on_or_before_observation_date
airline_pb_history,0293.HK,Cathay Pacific,2026-01-12,1.62,akshare_baidu_valuation_history,"akshare.stock_hk_valuation_baidu(symbol=00293, indicator=市净率)",2026-08-08T20:42:28.083486+00:00,1H2025,2025-06-30,2025-08-06,6580.198910881402,announced_on_or_before_observation_date
airline_pb_history,0293.HK,Cathay Pacific,2026-01-13,1.6,akshare_baidu_valuation_history,"akshare.stock_hk_valuation_baidu(symbol=00293, indicator=市净率)",2026-08-08T20:42:28.083486+00:00,1H2025,2025-06-30,2025-08-06,6580.198910881402,announced_on_or_before_observation_date
airline_pb_history,0293.HK,Cathay Pacific,2026-01-14,1.61,akshare_baidu_valuation_history,"akshare.stock_hk_valuation_baidu(symbol=00293, indicator=市净率)",2026-08-08T20:42:28.083486+00:00,1H2025,2025-06-30,2025-08-06,6580.198910881402,announced_on_or_before_observation_date
airline_pb_history,0293.HK,Cathay Pacific,2026-01-15,1.6,akshare_baidu_valuation_history,"akshare.stock_hk_valuation_baidu(symbol=00293, indicator=市净率)",2026-08-08T20:42:28.083486+00:00,1H2025,2025-06-30,2025-08-06,6580.198910881402,announced_on_or_before_observation_date
airline_pb_history,0293.HK,Cathay Pacific,2026-01-16,1.59,akshare_baidu_valuation_history,"akshare.stock_hk_valuation_baidu(symbol=00293, indicator=市净率)",2026-08-08T20:42:28.083486+00:00,1H2025,2025-06-30,2025-08-06,6580.198910881402,announced_on_or_before_observation_date
airline_pb_history,0293.HK,Cathay Pacific,2026-01-17,1.59,akshare_baidu_valuation_history,"akshare.stock_hk_valuation_baidu(symbol=00293, indicator=市净率)",2026-08-08T20:42:28.083486+00:00,1H2025,2025-06-30,2025-08-06,6580.198910881402,announced_on_or_before_observation_date
airline_pb_history,0293.HK,Cathay Pacific,2026-01-18,1.59,akshare_baidu_valuation_history,"akshare.stock_hk_valuation_baidu(symbol=00293, indicator=市净率)",2026-08-08T20:42:28.083486+00:00,1H2025,2025-06-30,2025-08-06,6580.198910881402,announced_on_or_before_observation_date
airline_pb_history,0293.HK,Cathay Pacific,2026-01-19,1.6,akshare_baidu_valuation_history,"akshare.stock_hk_valuation_baidu(symbol=00293, indicator=市净率)",2026-08-08T20:42:28.083486+00:00,1H2025,2025-06-30,2025-08-06,6580.198910881402,announced_on_or_before_observation_date
airline_pb_history,0293.HK,Cathay Pacific,2026-01-20,1.63,akshare_baidu_valuation_history,"akshare.stock_hk_valuation_baidu(symbol=00293, indicator=市净率)",2026-08-08T20:42:28.083486+00:00,1H2025,2025-06-30,2025-08-06,6580.198910881402,announced_on_or_before_observation_date
airline_pb_history,0293.HK,Cathay Pacific,2026-01-21,1.62,akshare_baidu_valuation_history,"akshare.stock_hk_valuation_baidu(symbol=00293, indicator=市净率)",2026-08-08T20:42:28.083486+00:00,1H2025,2025-06-30,2025-08-06,6580.198910881402,announced_on_or_before_observation_date
airline_pb_history,0293.HK,Cathay Pacific,2026-01-22,1.64,akshare_baidu_valuation_history,"akshare.stock_hk_valuation_baidu(symbol=00293, indicator=市净率)",2026-08-08T20:42:28.083486+00:00,1H2025,2025-06-30,2025-08-06,6580.198910881402,announced_on_or_before_observation_date
airline_pb_history,0293.HK,Cathay Pacific,2026-01-23,1.61,akshare_baidu_valuation_history,"akshare.stock_hk_valuation_baidu(symbol=00293, indicator=市净率)",2026-08-08T20:42:28.083486+00:00,1H2025,2025-06-30,2025-08-06,6580.198910881402,announced_on_or_before_observation_date
airline_pb_history,0293.HK,Cathay Pacific,2026-01-24,1.61,akshare_baidu_valuation_history,"akshare.stock_hk_valuation_baidu(symbol=00293, indicator=市净率)",2026-08-08T20:42:28.083486+00:00,1H2025,2025-06-30,2025-08-06,6580.198910881402,announced_on_or_before_observation_date
airline_pb_history,0293.HK,Cathay Pacific,2026-01-25,1.61,akshare_baidu_valuation_history,"akshare.stock_hk_valuation_baidu(symbol=00293, indicator=市净率)",2026-08-08T20:42:28.083486+00:00,1H2025,2025-06-30,2025-08-06,6580.198910881402,announced_on_or_before_observation_date
airline_pb_history,0293.HK,Cathay Pacific,2026-01-26,1.64,akshare_baidu_valuation_history,"akshare.stock_hk_valuation_baidu(symbol=00293, indicator=市净率)",2026-08-08T20:42:28.083486+00:00,1H2025,2025-06-30,2025-08-06,6580.198910881402,announced_on_or_before_observation_date
airline_pb_history,0293.HK,Cathay Pacific,2026-01-27,1.6,akshare_baidu_valuation_history,"akshare.stock_hk_valuation_baidu(symbol=00293, indicator=市净率)",2026-08-08T20:42:28.083486+00:00,1H2025,2025-06-30,2025-08-06,6580.198910881402,announced_on_or_before_observation_date
airline_pb_history,0293.HK,Cathay Pacific,2026-01-28,1.61,akshare_baidu_valuation_history,"akshare.stock_hk_valuation_baidu(symbol=00293, indicator=市净率)",2026-08-08T20:42:28.083486+00:00,1H2025,2025-06-30,2025-08-06,6580.198910881402,announced_on_or_before_observation_date
airline_pb_history,0293.HK,Cathay Pacific,2026-01-29,1.6,akshare_baidu_valuation_history,"akshare.stock_hk_valuation_baidu(symbol=00293, indicator=市净率)",2026-08-08T20:42:28.083486+00:00,1H2025,2025-06-30,2025-08-06,6580.198910881402,announced_on_or_before_observation_date
airline_pb_history,0293.HK,Cathay Pacific,2026-01-30,1.6,akshare_baidu_valuation_history,"akshare.stock_hk_valuation_baidu(symbol=00293, indicator=市净率)",2026-08-08T20:42:28.083486+00:00,1H2025,2025-06-30,2025-08-06,6580.198910881402,announced_on_or_before_observation_date
airline_pb_history,0293.HK,Cathay Pacific,2026-01-31,1.6,akshare_baidu_valuation_history,"akshare.stock_hk_valuation_baidu(symbol=00293, indicator=市净率)",2026-08-08T20:42:28.083486+00:00,1H2025,2025-06-30,2025-08-06,6580.198910881402,announced_on_or_before_observation_date
airline_pb_history,0293.HK,Cathay Pacific,2026-02-01,1.6,akshare_baidu_valuation_history,"akshare.stock_hk_valuation_baidu(symbol=00293, indicator=市净率)",2026-08-08T20:42:28.083486+00:00,1H2025,2025-06-30,2025-08-06,6580.198910881402,announced_on_or_before_observation_date
airline_pb_history,0293.HK,Cathay Pacific,2026-02-02,1.59,akshare_baidu_valuation_history,"akshare.stock_hk_valuation_baidu(symbol=00293, indicator=市净率)",2026-08-08T20:42:28.083486+00:00,1H2025,2025-06-30,2025-08-06,6580.198910881402,announced_on_or_before_observation_date
airline_pb_history,0293.HK,Cathay Pacific,2026-02-03,1.61,akshare_baidu_valuation_history,"akshare.stock_hk_valuation_baidu(symbol=00293, indicator=市净率)",2026-08-08T20:42:28.083486+00:00,1H2025,2025-06-30,2025-08-06,6580.198910881402,announced_on_or_before_observation_date
airline_pb_history,0293.HK,Cathay Pacific,2026-02-04,1.64,akshare_baidu_valuation_history,"akshare.stock_hk_valuation_baidu(symbol=00293, indicator=市净率)",2026-08-08T20:42:28.083486+00:00,1H2025,2025-06-30,2025-08-06,6580.198910881402,announced_on_or_before_observation_date
airline_pb_history,0293.HK,Cathay Pacific,2026-02-05,1.66,akshare_baidu_valuation_history,"akshare.stock_hk_valuation_baidu(symbol=00293, indicator=市净率)",2026-08-08T20:42:28.083486+00:00,1H2025,2025-06-30,2025-08-06,6580.198910881402,announced_on_or_before_observation_date
airline_pb_history,0293.HK,Cathay Pacific,2026-02-06,1.64,akshare_baidu_valuation_history,"akshare.stock_hk_valuation_baidu(symbol=00293, indicator=市净率)",2026-08-08T20:42:28.083486+00:00,1H2025,2025-06-30,2025-08-06,6580.198910881402,announced_on_or_before_observation_date
airline_pb_history,0293.HK,Cathay Pacific,2026-02-07,1.64,akshare_baidu_valuation_history,"akshare.stock_hk_valuation_baidu(symbol=00293, indicator=市净率)",2026-08-08T20:42:28.083486+00:00,1H2025,2025-06-30,2025-08-06,6580.198910881402,announced_on_or_before_observation_date
airline_pb_history,0293.HK,Cathay Pacific,2026-02-08,1.64,akshare_baidu_valuation_history,"akshare.stock_hk_valuation_baidu(symbol=00293, indicator=市净率)",2026-08-08T20:42:28.083486+00:00,1H2025,2025-06-30,2025-08-06,6580.198910881402,announced_on_or_before_observation_date
airline_pb_history,0293.HK,Cathay Pacific,2026-02-09,1.67,akshare_baidu_valuation_history,"akshare.stock_hk_valuation_baidu(symbol=00293, indicator=市净率)",2026-08-08T20:42:28.083486+00:00,1H2025,2025-06-30,2025-08-06,6580.198910881402,announced_on_or_before_observation_date
airline_pb_history,0293.HK,Cathay Pacific,2026-02-10,1.69,akshare_baidu_valuation_history,"akshare.stock_hk_valuation_baidu(symbol=00293, indicator=市净率)",2026-08-08T20:42:28.083486+00:00,1H2025,2025-06-30,2025-08-06,6580.198910881402,announced_on_or_before_observation_date
airline_pb_history,0293.HK,Cathay Pacific,2026-02-11,1.68,akshare_baidu_valuation_history,"akshare.stock_hk_valuation_baidu(symbol=00293, indicator=市净率)",2026-08-08T20:42:28.083486+00:00,1H2025,2025-06-30,2025-08-06,6580.198910881402,announced_on_or_before_observation_date
airline_pb_history,0293.HK,Cathay Pacific,2026-02-12,1.69,akshare_baidu_valuation_history,"akshare.stock_hk_valuation_baidu(symbol=00293, indicator=市净率)",2026-08-08T20:42:28.083486+00:00,1H2025,2025-06-30,2025-08-06,6580.198910881402,announced_on_or_before_observation_date
airline_pb_history,0293.HK,Cathay Pacific,2026-02-13,1.67,akshare_baidu_valuation_history,"akshare.stock_hk_valuation_baidu(symbol=00293, indicator=市净率)",2026-08-08T20:42:28.083486+00:00,1H2025,2025-06-30,2025-08-06,6580.198910881402,announced_on_or_before_observation_date
airline_pb_history,0293.HK,Cathay Pacific,2026-02-14,1.67,akshare_baidu_valuation_history,"akshare.stock_hk_valuation_baidu(symbol=00293, indicator=市净率)",2026-08-08T20:42:28.083486+00:00,1H2025,2025-06-30,2025-08-06,6580.198910881402,announced_on_or_before_observation_date
airline_pb_history,0293.HK,Cathay Pacific,2026-02-15,1.67,akshare_baidu_valuation_history,"akshare.stock_hk_valuation_baidu(symbol=00293, indicator=市净率)",2026-08-08T20:42:28.083486+00:00,1H2025,2025-06-30,2025-08-06,6580.198910881402,announced_on_or_before_observation_date
airline_pb_history,0293.HK,Cathay Pacific,2026-02-16,1.68,akshare_baidu_valuation_history,"akshare.stock_hk_valuation_baidu(symbol=00293, indicator=市净率)",2026-08-08T20:42:28.083486+00:00,1H2025,2025-06-30,2025-08-06,6580.198910881402,announced_on_or_before_observation_date
airline_pb_history,0293.HK,Cathay Pacific,2026-02-17,1.68,akshare_baidu_valuation_history,"akshare.stock_hk_valuation_baidu(symbol=00293, indicator=市净率)",2026-08-08T20:42:28.083486+00:00,1H2025,2025-06-30,2025-08-06,6580.198910881402,announced_on_or_before_observation_date
airline_pb_history,0293.HK,Cathay Pacific,2026-02-18,1.68,akshare_baidu_valuation_history,"akshare.stock_hk_valuation_baidu(symbol=00293, indicator=市净率)",2026-08-08T20:42:28.083486+00:00,1H2025,2025-06-30,2025-08-06,6580.198910881402,announced_on_or_before_observation_date
airline_pb_history,0293.HK,Cathay Pacific,2026-02-19,1.68,akshare_baidu_valuation_history,"akshare.stock_hk_valuation_baidu(symbol=00293, indicator=市净率)",2026-08-08T20:42:28.083486+00:00,1H2025,2025-06-30,2025-08-06,6580.198910881402,announced_on_or_before_observation_date
airline_pb_history,0293.HK,Cathay Pacific,2026-02-20,1.66,akshare_baidu_valuation_history,"akshare.stock_hk_valuation_baidu(symbol=00293, indicator=市净率)",2026-08-08T20:42:28.083486+00:00,1H2025,2025-06-30,2025-08-06,6580.198910881402,announced_on_or_before_observation_date
airline_pb_history,0293.HK,Cathay Pacific,2026-02-21,1.66,akshare_baidu_valuation_history,"akshare.stock_hk_valuation_baidu(symbol=00293, indicator=市净率)",2026-08-08T20:42:28.083486+00:00,1H2025,2025-06-30,2025-08-06,6580.198910881402,announced_on_or_before_observation_date
airline_pb_history,0293.HK,Cathay Pacific,2026-02-22,1.66,akshare_baidu_valuation_history,"akshare.stock_hk_valuation_baidu(symbol=00293, indicator=市净率)",2026-08-08T20:42:28.083486+00:00,1H2025,2025-06-30,2025-08-06,6580.198910881402,announced_on_or_before_observation_date
airline_pb_history,0293.HK,Cathay Pacific,2026-02-23,1.67,akshare_baidu_valuation_history,"akshare.stock_hk_valuation_baidu(symbol=00293, indicator=市净率)",2026-08-08T20:42:28.083486+00:00,1H2025,2025-06-30,2025-08-06,6580.198910881402,announced_on_or_before_observation_date
airline_pb_history,0293.HK,Cathay Pacific,2026-02-24,1.57,akshare_baidu_valuation_history,"akshare.stock_hk_valuation_baidu(symbol=00293, indicator=市净率)",2026-08-08T20:42:28.083486+00:00,1H2025,2025-06-30,2025-08-06,6580.198910881402,announced_on_or_before_observation_date
airline_pb_history,0293.HK,Cathay Pacific,2026-02-25,1.6,akshare_baidu_valuation_history,"akshare.stock_hk_valuation_baidu(symbol=00293, indicator=市净率)",2026-08-08T20:42:28.083486+00:00,1H2025,2025-06-30,2025-08-06,6580.198910881402,announced_on_or_before_observation_date
airline_pb_history,0293.HK,Cathay Pacific,2026-02-26,1.61,akshare_baidu_valuation_history,"akshare.stock_hk_valuation_baidu(symbol=00293, indicator=市净率)",2026-08-08T20:42:28.083486+00:00,1H2025,2025-06-30,2025-08-06,6580.198910881402,announced_on_or_before_observation_date
airline_pb_history,0293.HK,Cathay Pacific,2026-02-27,1.66,akshare_baidu_valuation_history,"akshare.stock_hk_valuation_baidu(symbol=00293, indicator=市净率)",2026-08-08T20:42:28.083486+00:00,1H2025,2025-06-30,2025-08-06,6580.198910881402,announced_on_or_before_observation_date
airline_pb_history,0293.HK,Cathay Pacific,2026-02-28,1.66,akshare_baidu_valuation_history,"akshare.stock_hk_valuation_baidu(symbol=00293, indicator=市净率)",2026-08-08T20:42:28.083486+00:00,1H2025,2025-06-30,2025-08-06,6580.198910881402,announced_on_or_before_observation_date
airline_pb_history,0293.HK,Cathay Pacific,2026-03-01,1.66,akshare_baidu_valuation_history,"akshare.stock_hk_valuation_baidu(symbol=00293, indicator=市净率)",2026-08-08T20:42:28.083486+00:00,1H2025,2025-06-30,2025-08-06,6580.198910881402,announced_on_or_before_observation_date
airline_pb_history,0293.HK,Cathay Pacific,2026-03-02,1.59,akshare_baidu_valuation_history,"akshare.stock_hk_valuation_baidu(symbol=00293, indicator=市净率)",2026-08-08T20:42:28.083486+00:00,1H2025,2025-06-30,2025-08-06,6580.198910881402,announced_on_or_before_observation_date
airline_pb_history,0293.HK,Cathay Pacific,2026-03-03,1.54,akshare_baidu_valuation_history,"akshare.stock_hk_valuation_baidu(symbol=00293, indicator=市净率)",2026-08-08T20:42:28.083486+00:00,1H2025,2025-06-30,2025-08-06,6580.198910881402,announced_on_or_before_observation_date
airline_pb_history,0293.HK,Cathay Pacific,2026-03-04,1.5,akshare_baidu_valuation_history,"akshare.stock_hk_valuation_baidu(symbol=00293, indicator=市净率)",2026-08-08T20:42:28.083486+00:00,1H2025,2025-06-30,2025-08-06,6580.198910881402,announced_on_or_before_observation_date
airline_pb_history,0293.HK,Cathay Pacific,2026-03-05,1.53,akshare_baidu_valuation_history,"akshare.stock_hk_valuation_baidu(symbol=00293, indicator=市净率)",2026-08-08T20:42:28.083486+00:00,1H2025,2025-06-30,2025-08-06,6580.198910881402,announced_on_or_before_observation_date
airline_pb_history,0293.HK,Cathay Pacific,2026-03-06,1.51,akshare_baidu_valuation_history,"akshare.stock_hk_valuation_baidu(symbol=00293, indicator=市净率)",2026-08-08T20:42:28.083486+00:00,1H2025,2025-06-30,2025-08-06,6580.198910881402,announced_on_or_before_observation_date
airline_pb_history,0293.HK,Cathay Pacific,2026-03-07,1.51,akshare_baidu_valuation_history,"akshare.stock_hk_valuation_baidu(symbol=00293, indicator=市净率)",2026-08-08T20:42:28.083486+00:00,1H2025,2025-06-30,2025-08-06,6580.198910881402,announced_on_or_before_observation_date
airline_pb_history,0293.HK,Cathay Pacific,2026-03-08,1.51,akshare_baidu_valuation_history,"akshare.stock_hk_valuation_baidu(symbol=00293, indicator=市净率)",2026-08-08T20:42:28.083486+00:00,1H2025,2025-06-30,2025-08-06,6580.198910881402,announced_on_or_before_observation_date
airline_pb_history,0293.HK,Cathay Pacific,2026-03-09,1.43,akshare_baidu_valuation_history,"akshare.stock_hk_valuation_baidu(symbol=00293, indicator=市净率)",2026-08-08T20:42:28.083486+00:00,1H2025,2025-06-30,2025-08-06,6580.198910881402,announced_on_or_before_observation_date
airline_pb_history,0293.HK,Cathay Pacific,2026-03-10,1.49,akshare_baidu_valuation_history,"akshare.stock_hk_valuation_baidu(symbol=00293, indicator=市净率)",2026-08-08T20:42:28.083486+00:00,1H2025,2025-06-30,2025-08-06,6580.198910881402,announced_on_or_before_observation_date
airline_pb_history,0293.HK,Cathay Pacific,2026-03-11,1.33,akshare_baidu_valuation_history,"akshare.stock_hk_valuation_baidu(symbol=00293, indicator=市净率)",2026-08-08T20:42:28.083486+00:00,FY2025,2025-12-31,2026-03-11,7722.081912009096,announced_on_or_before_observation_date
airline_pb_history,0293.HK,Cathay Pacific,2026-03-12,1.31,akshare_baidu_valuation_history,"akshare.stock_hk_valuation_baidu(symbol=00293, indicator=市净率)",2026-08-08T20:42:28.083486+00:00,FY2025,2025-12-31,2026-03-11,7722.081912009096,announced_on_or_before_observation_date
airline_pb_history,0293.HK,Cathay Pacific,2026-03-13,1.25,akshare_baidu_valuation_history,"akshare.stock_hk_valuation_baidu(symbol=00293, indicator=市净率)",2026-08-08T20:42:28.083486+00:00,FY2025,2025-12-31,2026-03-11,7722.081912009096,announced_on_or_before_observation_date
airline_pb_history,0293.HK,Cathay Pacific,2026-03-14,1.25,akshare_baidu_valuation_history,"akshare.stock_hk_valuation_baidu(symbol=00293, indicator=市净率)",2026-08-08T20:42:28.083486+00:00,FY2025,2025-12-31,2026-03-11,7722.081912009096,announced_on_or_before_observation_date
airline_pb_history,0293.HK,Cathay Pacific,2026-03-15,1.25,akshare_baidu_valuation_history,"akshare.stock_hk_valuation_baidu(symbol=00293, indicator=市净率)",2026-08-08T20:42:28.083486+00:00,FY2025,2025-12-31,2026-03-11,7722.081912009096,announced_on_or_before_observation_date
airline_pb_history,0293.HK,Cathay Pacific,2026-03-16,1.27,akshare_baidu_valuation_history,"akshare.stock_hk_valuation_baidu(symbol=00293, indicator=市净率)",2026-08-08T20:42:28.083486+00:00,FY2025,2025-12-31,2026-03-11,7722.081912009096,announced_on_or_before_observation_date
airline_pb_history,0293.HK,Cathay Pacific,2026-03-17,1.28,akshare_baidu_valuation_history,"akshare.stock_hk_valuation_baidu(symbol=00293, indicator=市净率)",2026-08-08T20:42:28.083486+00:00,FY2025,2025-12-31,2026-03-11,7722.081912009096,announced_on_or_before_observation_date
airline_pb_history,0293.HK,Cathay Pacific,2026-03-18,1.28,akshare_baidu_valuation_history,"akshare.stock_hk_valuation_baidu(symbol=00293, indicator=市净率)",2026-08-08T20:42:28.083486+00:00,FY2025,2025-12-31,2026-03-11,7722.081912009096,announced_on_or_before_observation_date
airline_pb_history,0293.HK,Cathay Pacific,2026-03-19,1.26,akshare_baidu_valuation_history,"akshare.stock_hk_valuation_baidu(symbol=00293, indicator=市净率)",2026-08-08T20:42:28.083486+00:00,FY2025,2025-12-31,2026-03-11,7722.081912009096,announced_on_or_before_observation_date
airline_pb_history,0293.HK,Cathay Pacific,2026-03-20,1.25,akshare_baidu_valuation_history,"akshare.stock_hk_valuation_baidu(symbol=00293, indicator=市净率)",2026-08-08T20:42:28.083486+00:00,FY2025,2025-12-31,2026-03-11,7722.081912009096,announced_on_or_before_observation_date
airline_pb_history,0293.HK,Cathay Pacific,2026-03-21,1.25,akshare_baidu_valuation_history,"akshare.stock_hk_valuation_baidu(symbol=00293, indicator=市净率)",2026-08-08T20:42:28.083486+00:00,FY2025,2025-12-31,2026-03-11,7722.081912009096,announced_on_or_before_observation_date
airline_pb_history,0293.HK,Cathay Pacific,2026-03-22,1.25,akshare_baidu_valuation_history,"akshare.stock_hk_valuation_baidu(symbol=00293, indicator=市净率)",2026-08-08T20:42:28.083486+00:00,FY2025,2025-12-31,2026-03-11,7722.081912009096,announced_on_or_before_observation_date
airline_pb_history,0293.HK,Cathay Pacific,2026-03-23,1.22,akshare_baidu_valuation_history,"akshare.stock_hk_valuation_baidu(symbol=00293, indicator=市净率)",2026-08-08T20:42:28.083486+00:00,FY2025,2025-12-31,2026-03-11,7722.081912009096,announced_on_or_before_observation_date
airline_pb_history,0293.HK,Cathay Pacific,2026-03-24,1.24,akshare_baidu_valuation_history,"akshare.stock_hk_valuation_baidu(symbol=00293, indicator=市净率)",2026-08-08T20:42:28.083486+00:00,FY2025,2025-12-31,2026-03-11,7722.081912009096,announced_on_or_before_observation_date
airline_pb_history,0293.HK,Cathay Pacific,2026-03-25,1.26,akshare_baidu_valuation_history,"akshare.stock_hk_valuation_baidu(symbol=00293, indicator=市净率)",2026-08-08T20:42:28.083486+00:00,FY2025,2025-12-31,2026-03-11,7722.081912009096,announced_on_or_before_observation_date
airline_pb_history,0293.HK,Cathay Pacific,2026-03-26,1.25,akshare_baidu_valuation_history,"akshare.stock_hk_valuation_baidu(symbol=00293, indicator=市净率)",2026-08-08T20:42:28.083486+00:00,FY2025,2025-12-31,2026-03-11,7722.081912009096,announced_on_or_before_observation_date
airline_pb_history,0293.HK,Cathay Pacific,2026-03-27,1.23,akshare_baidu_valuation_history,"akshare.stock_hk_valuation_baidu(symbol=00293, indicator=市净率)",2026-08-08T20:42:28.083486+00:00,FY2025,2025-12-31,2026-03-11,7722.081912009096,announced_on_or_before_observation_date
airline_pb_history,0293.HK,Cathay Pacific,2026-03-28,1.23,akshare_baidu_valuation_history,"akshare.stock_hk_valuation_baidu(symbol=00293, indicator=市净率)",2026-08-08T20:42:28.083486+00:00,FY2025,2025-12-31,2026-03-11,7722.081912009096,announced_on_or_before_observation_date
airline_pb_history,0293.HK,Cathay Pacific,2026-03-29,1.23,akshare_baidu_valuation_history,"akshare.stock_hk_valuation_baidu(symbol=00293, indicator=市净率)",2026-08-08T20:42:28.083486+00:00,FY2025,2025-12-31,2026-03-11,7722.081912009096,announced_on_or_before_observation_date
airline_pb_history,0293.HK,Cathay Pacific,2026-03-30,1.21,akshare_baidu_valuation_history,"akshare.stock_hk_valuation_baidu(symbol=00293, indicator=市净率)",2026-08-08T20:42:28.083486+00:00,FY2025,2025-12-31,2026-03-11,7722.081912009096,announced_on_or_before_observation_date
airline_pb_history,0293.HK,Cathay Pacific,2026-03-31,1.14,akshare_baidu_valuation_history,"akshare.stock_hk_valuation_baidu(symbol=00293, indicator=市净率)",2026-08-08T20:42:28.083486+00:00,FY2025,2025-12-31,2026-03-11,7722.081912009096,announced_on_or_before_observation_date
airline_pb_history,0293.HK,Cathay Pacific,2026-04-01,1.19,akshare_baidu_valuation_history,"akshare.stock_hk_valuation_baidu(symbol=00293, indicator=市净率)",2026-08-08T20:42:28.083486+00:00,FY2025,2025-12-31,2026-03-11,7722.081912009096,announced_on_or_before_observation_date
airline_pb_history,0293.HK,Cathay Pacific,2026-04-02,1.15,akshare_baidu_valuation_history,"akshare.stock_hk_valuation_baidu(symbol=00293, indicator=市净率)",2026-08-08T20:42:28.083486+00:00,FY2025,2025-12-31,2026-03-11,7722.081912009096,announced_on_or_before_observation_date
airline_pb_history,0293.HK,Cathay Pacific,2026-04-03,1.15,akshare_baidu_valuation_history,"akshare.stock_hk_valuation_baidu(symbol=00293, indicator=市净率)",2026-08-08T20:42:28.083486+00:00,FY2025,2025-12-31,2026-03-11,7722.081912009096,announced_on_or_before_observation_date
airline_pb_history,0293.HK,Cathay Pacific,2026-04-04,1.15,akshare_baidu_valuation_history,"akshare.stock_hk_valuation_baidu(symbol=00293, indicator=市净率)",2026-08-08T20:42:28.083486+00:00,FY2025,2025-12-31,2026-03-11,7722.081912009096,announced_on_or_before_observation_date
airline_pb_history,0293.HK,Cathay Pacific,2026-04-05,1.15,akshare_baidu_valuation_history,"akshare.stock_hk_valuation_baidu(symbol=00293, indicator=市净率)",2026-08-08T20:42:28.083486+00:00,FY2025,2025-12-31,2026-03-11,7722.081912009096,announced_on_or_before_observation_date
airline_pb_history,0293.HK,Cathay Pacific,2026-04-06,1.15,akshare_baidu_valuation_history,"akshare.stock_hk_valuation_baidu(symbol=00293, indicator=市净率)",2026-08-08T20:42:28.083486+00:00,FY2025,2025-12-31,2026-03-11,7722.081912009096,announced_on_or_before_observation_date
airline_pb_history,0293.HK,Cathay Pacific,2026-04-07,1.15,akshare_baidu_valuation_history,"akshare.stock_hk_valuation_baidu(symbol=00293, indicator=市净率)",2026-08-08T20:42:28.083486+00:00,FY2025,2025-12-31,2026-03-11,7722.081912009096,announced_on_or_before_observation_date
airline_pb_history,0293.HK,Cathay Pacific,2026-04-08,1.21,akshare_baidu_valuation_history,"akshare.stock_hk_valuation_baidu(symbol=00293, indicator=市净率)",2026-08-08T20:42:28.083486+00:00,FY2025,2025-12-31,2026-03-11,7722.081912009096,announced_on_or_before_observation_date
airline_pb_history,0293.HK,Cathay Pacific,2026-04-09,1.18,akshare_baidu_valuation_history,"akshare.stock_hk_valuation_baidu(symbol=00293, indicator=市净率)",2026-08-08T20:42:28.083486+00:00,FY2025,2025-12-31,2026-03-11,7722.081912009096,announced_on_or_before_observation_date
airline_pb_history,0293.HK,Cathay Pacific,2026-04-10,1.19,akshare_baidu_valuation_history,"akshare.stock_hk_valuation_baidu(symbol=00293, indicator=市净率)",2026-08-08T20:42:28.083486+00:00,FY2025,2025-12-31,2026-03-11,7722.081912009096,announced_on_or_before_observation_date
airline_pb_history,0293.HK,Cathay Pacific,2026-04-11,1.19,akshare_baidu_valuation_history,"akshare.stock_hk_valuation_baidu(symbol=00293, indicator=市净率)",2026-08-08T20:42:28.083486+00:00,FY2025,2025-12-31,2026-03-11,7722.081912009096,announced_on_or_before_observation_date
airline_pb_history,0293.HK,Cathay Pacific,2026-04-12,1.19,akshare_baidu_valuation_history,"akshare.stock_hk_valuation_baidu(symbol=00293, indicator=市净率)",2026-08-08T20:42:28.083486+00:00,FY2025,2025-12-31,2026-03-11,7722.081912009096,announced_on_or_before_observation_date
airline_pb_history,0293.HK,Cathay Pacific,2026-04-13,1.16,akshare_baidu_valuation_history,"akshare.stock_hk_valuation_baidu(symbol=00293, indicator=市净率)",2026-08-08T20:42:28.083486+00:00,FY2025,2025-12-31,2026-03-11,7722.081912009096,announced_on_or_before_observation_date
airline_pb_history,0293.HK,Cathay Pacific,2026-04-14,1.17,akshare_baidu_valuation_history,"akshare.stock_hk_valuation_baidu(symbol=00293, indicator=市净率)",2026-08-08T20:42:28.083486+00:00,FY2025,2025-12-31,2026-03-11,7722.081912009096,announced_on_or_before_observation_date
airline_pb_history,0293.HK,Cathay Pacific,2026-04-15,1.2,akshare_baidu_valuation_history,"akshare.stock_hk_valuation_baidu(symbol=00293, indicator=市净率)",2026-08-08T20:42:28.083486+00:00,FY2025,2025-12-31,2026-03-11,7722.081912009096,announced_on_or_before_observation_date
airline_pb_history,0293.HK,Cathay Pacific,2026-04-16,1.2,akshare_baidu_valuation_history,"akshare.stock_hk_valuation_baidu(symbol=00293, indicator=市净率)",2026-08-08T20:42:28.083486+00:00,FY2025,2025-12-31,2026-03-11,7722.081912009096,announced_on_or_before_observation_date
airline_pb_history,0293.HK,Cathay Pacific,2026-04-17,1.17,akshare_baidu_valuation_history,"akshare.stock_hk_valuation_baidu(symbol=00293, indicator=市净率)",2026-08-08T20:42:28.083486+00:00,FY2025,2025-12-31,2026-03-11,7722.081912009096,announced_on_or_before_observation_date
airline_pb_history,0293.HK,Cathay Pacific,2026-04-18,1.17,akshare_baidu_valuation_history,"akshare.stock_hk_valuation_baidu(symbol=00293, indicator=市净率)",2026-08-08T20:42:28.083486+00:00,FY2025,2025-12-31,2026-03-11,7722.081912009096,announced_on_or_before_observation_date
airline_pb_history,0293.HK,Cathay Pacific,2026-04-19,1.17,akshare_baidu_valuation_history,"akshare.stock_hk_valuation_baidu(symbol=00293, indicator=市净率)",2026-08-08T20:42:28.083486+00:00,FY2025,2025-12-31,2026-03-11,7722.081912009096,announced_on_or_before_observation_date
airline_pb_history,0293.HK,Cathay Pacific,2026-04-20,1.2,akshare_baidu_valuation_history,"akshare.stock_hk_valuation_baidu(symbol=00293, indicator=市净率)",2026-08-08T20:42:28.083486+00:00,FY2025,2025-12-31,2026-03-11,7722.081912009096,announced_on_or_before_observation_date
airline_pb_history,0293.HK,Cathay Pacific,2026-04-21,1.22,akshare_baidu_valuation_history,"akshare.stock_hk_valuation_baidu(symbol=00293, indicator=市净率)",2026-08-08T20:42:28.083486+00:00,FY2025,2025-12-31,2026-03-11,7722.081912009096,announced_on_or_before_observation_date
airline_pb_history,0293.HK,Cathay Pacific,2026-04-22,1.21,akshare_baidu_valuation_history,"akshare.stock_hk_valuation_baidu(symbol=00293, indicator=市净率)",2026-08-08T20:42:28.083486+00:00,FY2025,2025-12-31,2026-03-11,7722.081912009096,announced_on_or_before_observation_date
airline_pb_history,0293.HK,Cathay Pacific,2026-04-23,1.19,akshare_baidu_valuation_history,"akshare.stock_hk_valuation_baidu(symbol=00293, indicator=市净率)",2026-08-08T20:42:28.083486+00:00,FY2025,2025-12-31,2026-03-11,7722.081912009096,announced_on_or_before_observation_date
airline_pb_history,0293.HK,Cathay Pacific,2026-04-24,1.19,akshare_baidu_valuation_history,"akshare.stock_hk_valuation_baidu(symbol=00293, indicator=市净率)",2026-08-08T20:42:28.083486+00:00,FY2025,2025-12-31,2026-03-11,7722.081912009096,announced_on_or_before_observation_date
airline_pb_history,0293.HK,Cathay Pacific,2026-04-25,1.19,akshare_baidu_valuation_history,"akshare.stock_hk_valuation_baidu(symbol=00293, indicator=市净率)",2026-08-08T20:42:28.083486+00:00,FY2025,2025-12-31,2026-03-11,7722.081912009096,announced_on_or_before_observation_date
airline_pb_history,0293.HK,Cathay Pacific,2026-04-26,1.19,akshare_baidu_valuation_history,"akshare.stock_hk_valuation_baidu(symbol=00293, indicator=市净率)",2026-08-08T20:42:28.083486+00:00,FY2025,2025-12-31,2026-03-11,7722.081912009096,announced_on_or_before_observation_date
airline_pb_history,0293.HK,Cathay Pacific,2026-04-27,1.19,akshare_baidu_valuation_history,"akshare.stock_hk_valuation_baidu(symbol=00293, indicator=市净率)",2026-08-08T20:42:28.083486+00:00,FY2025,2025-12-31,2026-03-11,7722.081912009096,announced_on_or_before_observation_date
airline_pb_history,0293.HK,Cathay Pacific,2026-04-28,1.17,akshare_baidu_valuation_history,"akshare.stock_hk_valuation_baidu(symbol=00293, indicator=市净率)",2026-08-08T20:42:28.083486+00:00,FY2025,2025-12-31,2026-03-11,7722.081912009096,announced_on_or_before_observation_date
airline_pb_history,0293.HK,Cathay Pacific,2026-04-29,1.19,akshare_baidu_valuation_history,"akshare.stock_hk_valuation_baidu(symbol=00293, indicator=市净率)",2026-08-08T20:42:28.083486+00:00,FY2025,2025-12-31,2026-03-11,7722.081912009096,announced_on_or_before_observation_date
airline_pb_history,0293.HK,Cathay Pacific,2026-04-30,1.17,akshare_baidu_valuation_history,"akshare.stock_hk_valuation_baidu(symbol=00293, indicator=市净率)",2026-08-08T20:42:28.083486+00:00,FY2025,2025-12-31,2026-03-11,7722.081912009096,announced_on_or_before_observation_date
airline_pb_history,0293.HK,Cathay Pacific,2026-05-01,1.17,akshare_baidu_valuation_history,"akshare.stock_hk_valuation_baidu(symbol=00293, indicator=市净率)",2026-08-08T20:42:28.083486+00:00,FY2025,2025-12-31,2026-03-11,7722.081912009096,announced_on_or_before_observation_date
airline_pb_history,0293.HK,Cathay Pacific,2026-05-02,1.17,akshare_baidu_valuation_history,"akshare.stock_hk_valuation_baidu(symbol=00293, indicator=市净率)",2026-08-08T20:42:28.083486+00:00,FY2025,2025-12-31,2026-03-11,7722.081912009096,announced_on_or_before_observation_date
airline_pb_history,0293.HK,Cathay Pacific,2026-05-03,1.17,akshare_baidu_valuation_history,"akshare.stock_hk_valuation_baidu(symbol=00293, indicator=市净率)",2026-08-08T20:42:28.083486+00:00,FY2025,2025-12-31,2026-03-11,7722.081912009096,announced_on_or_before_observation_date
airline_pb_history,0293.HK,Cathay Pacific,2026-05-04,1.19,akshare_baidu_valuation_history,"akshare.stock_hk_valuation_baidu(symbol=00293, indicator=市净率)",2026-08-08T20:42:28.083486+00:00,FY2025,2025-12-31,2026-03-11,7722.081912009096,announced_on_or_before_observation_date
airline_pb_history,0293.HK,Cathay Pacific,2026-05-05,1.19,akshare_baidu_valuation_history,"akshare.stock_hk_valuation_baidu(symbol=00293, indicator=市净率)",2026-08-08T20:42:28.083486+00:00,FY2025,2025-12-31,2026-03-11,7722.081912009096,announced_on_or_before_observation_date
airline_pb_history,0293.HK,Cathay Pacific,2026-05-06,1.22,akshare_baidu_valuation_history,"akshare.stock_hk_valuation_baidu(symbol=00293, indicator=市净率)",2026-08-08T20:42:28.083486+00:00,FY2025,2025-12-31,2026-03-11,7722.081912009096,announced_on_or_before_observation_date
airline_pb_history,0293.HK,Cathay Pacific,2026-05-07,1.28,akshare_baidu_valuation_history,"akshare.stock_hk_valuation_baidu(symbol=00293, indicator=市净率)",2026-08-08T20:42:28.083486+00:00,FY2025,2025-12-31,2026-03-11,7722.081912009096,announced_on_or_before_observation_date
airline_pb_history,0293.HK,Cathay Pacific,2026-05-08,1.27,akshare_baidu_valuation_history,"akshare.stock_hk_valuation_baidu(symbol=00293, indicator=市净率)",2026-08-08T20:42:28.083486+00:00,FY2025,2025-12-31,2026-03-11,7722.081912009096,announced_on_or_before_observation_date
airline_pb_history,0293.HK,Cathay Pacific,2026-05-09,1.27,akshare_baidu_valuation_history,"akshare.stock_hk_valuation_baidu(symbol=00293, indicator=市净率)",2026-08-08T20:42:28.083486+00:00,FY2025,2025-12-31,2026-03-11,7722.081912009096,announced_on_or_before_observation_date
airline_pb_history,0293.HK,Cathay Pacific,2026-05-10,1.27,akshare_baidu_valuation_history,"akshare.stock_hk_valuation_baidu(symbol=00293, indicator=市净率)",2026-08-08T20:42:28.083486+00:00,FY2025,2025-12-31,2026-03-11,7722.081912009096,announced_on_or_before_observation_date
airline_pb_history,0293.HK,Cathay Pacific,2026-05-11,1.28,akshare_baidu_valuation_history,"akshare.stock_hk_valuation_baidu(symbol=00293, indicator=市净率)",2026-08-08T20:42:28.083486+00:00,FY2025,2025-12-31,2026-03-11,7722.081912009096,announced_on_or_before_observation_date
airline_pb_history,0293.HK,Cathay Pacific,2026-05-12,1.27,akshare_baidu_valuation_history,"akshare.stock_hk_valuation_baidu(symbol=00293, indicator=市净率)",2026-08-08T20:42:28.083486+00:00,FY2025,2025-12-31,2026-03-11,7722.081912009096,announced_on_or_before_observation_date
airline_pb_history,0293.HK,Cathay Pacific,2026-05-13,1.26,akshare_baidu_valuation_history,"akshare.stock_hk_valuation_baidu(symbol=00293, indicator=市净率)",2026-08-08T20:42:28.083486+00:00,FY2025,2025-12-31,2026-03-11,7722.081912009096,announced_on_or_before_observation_date
airline_pb_history,0293.HK,Cathay Pacific,2026-05-14,1.25,akshare_baidu_valuation_history,"akshare.stock_hk_valuation_baidu(symbol=00293, indicator=市净率)",2026-08-08T20:42:28.083486+00:00,FY2025,2025-12-31,2026-03-11,7722.081912009096,announced_on_or_before_observation_date
airline_pb_history,0293.HK,Cathay Pacific,2026-05-15,1.23,akshare_baidu_valuation_history,"akshare.stock_hk_valuation_baidu(symbol=00293, indicator=市净率)",2026-08-08T20:42:28.083486+00:00,FY2025,2025-12-31,2026-03-11,7722.081912009096,announced_on_or_before_observation_date
airline_pb_history,0293.HK,Cathay Pacific,2026-05-16,1.23,akshare_baidu_valuation_history,"akshare.stock_hk_valuation_baidu(symbol=00293, indicator=市净率)",2026-08-08T20:42:28.083486+00:00,FY2025,2025-12-31,2026-03-11,7722.081912009096,announced_on_or_before_observation_date
airline_pb_history,0293.HK,Cathay Pacific,2026-05-17,1.23,akshare_baidu_valuation_history,"akshare.stock_hk_valuation_baidu(symbol=00293, indicator=市净率)",2026-08-08T20:42:28.083486+00:00,FY2025,2025-12-31,2026-03-11,7722.081912009096,announced_on_or_before_observation_date
airline_pb_history,0293.HK,Cathay Pacific,2026-05-18,1.22,akshare_baidu_valuation_history,"akshare.stock_hk_valuation_baidu(symbol=00293, indicator=市净率)",2026-08-08T20:42:28.083486+00:00,FY2025,2025-12-31,2026-03-11,7722.081912009096,announced_on_or_before_observation_date
airline_pb_history,0293.HK,Cathay Pacific,2026-05-19,1.22,akshare_baidu_valuation_history,"akshare.stock_hk_valuation_baidu(symbol=00293, indicator=市净率)",2026-08-08T20:42:28.083486+00:00,FY2025,2025-12-31,2026-03-11,7722.081912009096,announced_on_or_before_observation_date
airline_pb_history,0293.HK,Cathay Pacific,2026-05-20,1.21,akshare_baidu_valuation_history,"akshare.stock_hk_valuation_baidu(symbol=00293, indicator=市净率)",2026-08-08T20:42:28.083486+00:00,FY2025,2025-12-31,2026-03-11,7722.081912009096,announced_on_or_before_observation_date
airline_pb_history,0293.HK,Cathay Pacific,2026-05-21,1.25,akshare_baidu_valuation_history,"akshare.stock_hk_valuation_baidu(symbol=00293, indicator=市净率)",2026-08-08T20:42:28.083486+00:00,FY2025,2025-12-31,2026-03-11,7722.081912009096,announced_on_or_before_observation_date
airline_pb_history,0293.HK,Cathay Pacific,2026-05-22,1.27,akshare_baidu_valuation_history,"akshare.stock_hk_valuation_baidu(symbol=00293, indicator=市净率)",2026-08-08T20:42:28.083486+00:00,FY2025,2025-12-31,2026-03-11,7722.081912009096,announced_on_or_before_observation_date
airline_pb_history,0293.HK,Cathay Pacific,2026-05-23,1.27,akshare_baidu_valuation_history,"akshare.stock_hk_valuation_baidu(symbol=00293, indicator=市净率)",2026-08-08T20:42:28.083486+00:00,FY2025,2025-12-31,2026-03-11,7722.081912009096,announced_on_or_before_observation_date
airline_pb_history,0293.HK,Cathay Pacific,2026-05-24,1.27,akshare_baidu_valuation_history,"akshare.stock_hk_valuation_baidu(symbol=00293, indicator=市净率)",2026-08-08T20:42:28.083486+00:00,FY2025,2025-12-31,2026-03-11,7722.081912009096,announced_on_or_before_observation_date
airline_pb_history,0293.HK,Cathay Pacific,2026-05-25,1.27,akshare_baidu_valuation_history,"akshare.stock_hk_valuation_baidu(symbol=00293, indicator=市净率)",2026-08-08T20:42:28.083486+00:00,FY2025,2025-12-31,2026-03-11,7722.081912009096,announced_on_or_before_observation_date
airline_pb_history,0293.HK,Cathay Pacific,2026-05-26,1.28,akshare_baidu_valuation_history,"akshare.stock_hk_valuation_baidu(symbol=00293, indicator=市净率)",2026-08-08T20:42:28.083486+00:00,FY2025,2025-12-31,2026-03-11,7722.081912009096,announced_on_or_before_observation_date
airline_pb_history,0293.HK,Cathay Pacific,2026-05-27,1.3,akshare_baidu_valuation_history,"akshare.stock_hk_valuation_baidu(symbol=00293, indicator=市净率)",2026-08-08T20:42:28.083486+00:00,FY2025,2025-12-31,2026-03-11,7722.081912009096,announced_on_or_before_observation_date
airline_pb_history,0293.HK,Cathay Pacific,2026-05-28,1.29,akshare_baidu_valuation_history,"akshare.stock_hk_valuation_baidu(symbol=00293, indicator=市净率)",2026-08-08T20:42:28.083486+00:00,FY2025,2025-12-31,2026-03-11,7722.081912009096,announced_on_or_before_observation_date
airline_pb_history,0293.HK,Cathay Pacific,2026-05-29,1.35,akshare_baidu_valuation_history,"akshare.stock_hk_valuation_baidu(symbol=00293, indicator=市净率)",2026-08-08T20:42:28.083486+00:00,FY2025,2025-12-31,2026-03-11,7722.081912009096,announced_on_or_before_observation_date
airline_pb_history,0293.HK,Cathay Pacific,2026-05-30,1.35,akshare_baidu_valuation_history,"akshare.stock_hk_valuation_baidu(symbol=00293, indicator=市净率)",2026-08-08T20:42:28.083486+00:00,FY2025,2025-12-31,2026-03-11,7722.081912009096,announced_on_or_before_observation_date
airline_pb_history,0293.HK,Cathay Pacific,2026-05-31,1.35,akshare_baidu_valuation_history,"akshare.stock_hk_valuation_baidu(symbol=00293, indicator=市净率)",2026-08-08T20:42:28.083486+00:00,FY2025,2025-12-31,2026-03-11,7722.081912009096,announced_on_or_before_observation_date
airline_pb_history,0293.HK,Cathay Pacific,2026-06-01,1.34,akshare_baidu_valuation_history,"akshare.stock_hk_valuation_baidu(symbol=00293, indicator=市净率)",2026-08-08T20:42:28.083486+00:00,FY2025,2025-12-31,2026-03-11,7722.081912009096,announced_on_or_before_observation_date
airline_pb_history,0293.HK,Cathay Pacific,2026-06-02,1.34,akshare_baidu_valuation_history,"akshare.stock_hk_valuation_baidu(symbol=00293, indicator=市净率)",2026-08-08T20:42:28.083486+00:00,FY2025,2025-12-31,2026-03-11,7722.081912009096,announced_on_or_before_observation_date
airline_pb_history,0293.HK,Cathay Pacific,2026-06-03,1.33,akshare_baidu_valuation_history,"akshare.stock_hk_valuation_baidu(symbol=00293, indicator=市净率)",2026-08-08T20:42:28.083486+00:00,FY2025,2025-12-31,2026-03-11,7722.081912009096,announced_on_or_before_observation_date
airline_pb_history,0293.HK,Cathay Pacific,2026-06-04,1.32,akshare_baidu_valuation_history,"akshare.stock_hk_valuation_baidu(symbol=00293, indicator=市净率)",2026-08-08T20:42:28.083486+00:00,FY2025,2025-12-31,2026-03-11,7722.081912009096,announced_on_or_before_observation_date
airline_pb_history,0293.HK,Cathay Pacific,2026-06-05,1.31,akshare_baidu_valuation_history,"akshare.stock_hk_valuation_baidu(symbol=00293, indicator=市净率)",2026-08-08T20:42:28.083486+00:00,FY2025,2025-12-31,2026-03-11,7722.081912009096,announced_on_or_before_observation_date
airline_pb_history,0293.HK,Cathay Pacific,2026-06-06,1.31,akshare_baidu_valuation_history,"akshare.stock_hk_valuation_baidu(symbol=00293, indicator=市净率)",2026-08-08T20:42:28.083486+00:00,FY2025,2025-12-31,2026-03-11,7722.081912009096,announced_on_or_before_observation_date
airline_pb_history,0293.HK,Cathay Pacific,2026-06-07,1.31,akshare_baidu_valuation_history,"akshare.stock_hk_valuation_baidu(symbol=00293, indicator=市净率)",2026-08-08T20:42:28.083486+00:00,FY2025,2025-12-31,2026-03-11,7722.081912009096,announced_on_or_before_observation_date
airline_pb_history,0293.HK,Cathay Pacific,2026-06-08,1.27,akshare_baidu_valuation_history,"akshare.stock_hk_valuation_baidu(symbol=00293, indicator=市净率)",2026-08-08T20:42:28.083486+00:00,FY2025,2025-12-31,2026-03-11,7722.081912009096,announced_on_or_before_observation_date
airline_pb_history,0293.HK,Cathay Pacific,2026-06-09,1.3,akshare_baidu_valuation_history,"akshare.stock_hk_valuation_baidu(symbol=00293, indicator=市净率)",2026-08-08T20:42:28.083486+00:00,FY2025,2025-12-31,2026-03-11,7722.081912009096,announced_on_or_before_observation_date
airline_pb_history,0293.HK,Cathay Pacific,2026-06-10,1.21,akshare_baidu_valuation_history,"akshare.stock_hk_valuation_baidu(symbol=00293, indicator=市净率)",2026-08-08T20:42:28.083486+00:00,FY2025,2025-12-31,2026-03-11,7722.081912009096,announced_on_or_before_observation_date
airline_pb_history,0293.HK,Cathay Pacific,2026-06-11,1.18,akshare_baidu_valuation_history,"akshare.stock_hk_valuation_baidu(symbol=00293, indicator=市净率)",2026-08-08T20:42:28.083486+00:00,FY2025,2025-12-31,2026-03-11,7722.081912009096,announced_on_or_before_observation_date
airline_pb_history,0293.HK,Cathay Pacific,2026-06-12,1.2,akshare_baidu_valuation_history,"akshare.stock_hk_valuation_baidu(symbol=00293, indicator=市净率)",2026-08-08T20:42:28.083486+00:00,FY2025,2025-12-31,2026-03-11,7722.081912009096,announced_on_or_before_observation_date
airline_pb_history,0293.HK,Cathay Pacific,2026-06-13,1.2,akshare_baidu_valuation_history,"akshare.stock_hk_valuation_baidu(symbol=00293, indicator=市净率)",2026-08-08T20:42:28.083486+00:00,FY2025,2025-12-31,2026-03-11,7722.081912009096,announced_on_or_before_observation_date
airline_pb_history,0293.HK,Cathay Pacific,2026-06-14,1.2,akshare_baidu_valuation_history,"akshare.stock_hk_valuation_baidu(symbol=00293, indicator=市净率)",2026-08-08T20:42:28.083486+00:00,FY2025,2025-12-31,2026-03-11,7722.081912009096,announced_on_or_before_observation_date
airline_pb_history,0293.HK,Cathay Pacific,2026-06-15,1.23,akshare_baidu_valuation_history,"akshare.stock_hk_valuation_baidu(symbol=00293, indicator=市净率)",2026-08-08T20:42:28.083486+00:00,FY2025,2025-12-31,2026-03-11,7722.081912009096,announced_on_or_before_observation_date
airline_pb_history,0293.HK,Cathay Pacific,2026-06-16,1.22,akshare_baidu_valuation_history,"akshare.stock_hk_valuation_baidu(symbol=00293, indicator=市净率)",2026-08-08T20:42:28.083486+00:00,FY2025,2025-12-31,2026-03-11,7722.081912009096,announced_on_or_before_observation_date
airline_pb_history,0293.HK,Cathay Pacific,2026-06-17,1.22,akshare_baidu_valuation_history,"akshare.stock_hk_valuation_baidu(symbol=00293, indicator=市净率)",2026-08-08T20:42:28.083486+00:00,FY2025,2025-12-31,2026-03-11,7722.081912009096,announced_on_or_before_observation_date
airline_pb_history,0293.HK,Cathay Pacific,2026-06-18,1.22,akshare_baidu_valuation_history,"akshare.stock_hk_valuation_baidu(symbol=00293, indicator=市净率)",2026-08-08T20:42:28.083486+00:00,FY2025,2025-12-31,2026-03-11,7722.081912009096,announced_on_or_before_observation_date
airline_pb_history,0293.HK,Cathay Pacific,2026-06-19,1.22,akshare_baidu_valuation_history,"akshare.stock_hk_valuation_baidu(symbol=00293, indicator=市净率)",2026-08-08T20:42:28.083486+00:00,FY2025,2025-12-31,2026-03-11,7722.081912009096,announced_on_or_before_observation_date
airline_pb_history,0293.HK,Cathay Pacific,2026-06-20,1.22,akshare_baidu_valuation_history,"akshare.stock_hk_valuation_baidu(symbol=00293, indicator=市净率)",2026-08-08T20:42:28.083486+00:00,FY2025,2025-12-31,2026-03-11,7722.081912009096,announced_on_or_before_observation_date
airline_pb_history,0293.HK,Cathay Pacific,2026-06-21,1.22,akshare_baidu_valuation_history,"akshare.stock_hk_valuation_baidu(symbol=00293, indicator=市净率)",2026-08-08T20:42:28.083486+00:00,FY2025,2025-12-31,2026-03-11,7722.081912009096,announced_on_or_before_observation_date
airline_pb_history,0293.HK,Cathay Pacific,2026-06-22,1.21,akshare_baidu_valuation_history,"akshare.stock_hk_valuation_baidu(symbol=00293, indicator=市净率)",2026-08-08T20:42:28.083486+00:00,FY2025,2025-12-31,2026-03-11,7722.081912009096,announced_on_or_before_observation_date
airline_pb_history,0293.HK,Cathay Pacific,2026-06-23,1.2,akshare_baidu_valuation_history,"akshare.stock_hk_valuation_baidu(symbol=00293, indicator=市净率)",2026-08-08T20:42:28.083486+00:00,FY2025,2025-12-31,2026-03-11,7722.081912009096,announced_on_or_before_observation_date
airline_pb_history,0293.HK,Cathay Pacific,2026-06-24,1.23,akshare_baidu_valuation_history,"akshare.stock_hk_valuation_baidu(symbol=00293, indicator=市净率)",2026-08-08T20:42:28.083486+00:00,FY2025,2025-12-31,2026-03-11,7722.081912009096,announced_on_or_before_observation_date
airline_pb_history,0293.HK,Cathay Pacific,2026-06-25,1.28,akshare_baidu_valuation_history,"akshare.stock_hk_valuation_baidu(symbol=00293, indicator=市净率)",2026-08-08T20:42:28.083486+00:00,FY2025,2025-12-31,2026-03-11,7722.081912009096,announced_on_or_before_observation_date
airline_pb_history,0293.HK,Cathay Pacific,2026-06-26,1.27,akshare_baidu_valuation_history,"akshare.stock_hk_valuation_baidu(symbol=00293, indicator=市净率)",2026-08-08T20:42:28.083486+00:00,FY2025,2025-12-31,2026-03-11,7722.081912009096,announced_on_or_before_observation_date
airline_pb_history,0293.HK,Cathay Pacific,2026-06-27,1.27,akshare_baidu_valuation_history,"akshare.stock_hk_valuation_baidu(symbol=00293, indicator=市净率)",2026-08-08T20:42:28.083486+00:00,FY2025,2025-12-31,2026-03-11,7722.081912009096,announced_on_or_before_observation_date
airline_pb_history,0293.HK,Cathay Pacific,2026-06-28,1.27,akshare_baidu_valuation_history,"akshare.stock_hk_valuation_baidu(symbol=00293, indicator=市净率)",2026-08-08T20:42:28.083486+00:00,FY2025,2025-12-31,2026-03-11,7722.081912009096,announced_on_or_before_observation_date
airline_pb_history,0293.HK,Cathay Pacific,2026-06-29,1.3,akshare_baidu_valuation_history,"akshare.stock_hk_valuation_baidu(symbol=00293, indicator=市净率)",2026-08-08T20:42:28.083486+00:00,FY2025,2025-12-31,2026-03-11,7722.081912009096,announced_on_or_before_observation_date
airline_pb_history,0293.HK,Cathay Pacific,2026-06-30,1.31,akshare_baidu_valuation_history,"akshare.stock_hk_valuation_baidu(symbol=00293, indicator=市净率)",2026-08-08T20:42:28.083486+00:00,FY2025,2025-12-31,2026-03-11,7722.081912009096,announced_on_or_before_observation_date
airline_pb_history,0293.HK,Cathay Pacific,2026-07-01,1.31,akshare_baidu_valuation_history,"akshare.stock_hk_valuation_baidu(symbol=00293, indicator=市净率)",2026-08-08T20:42:28.083486+00:00,FY2025,2025-12-31,2026-03-11,7722.081912009096,announced_on_or_before_observation_date
airline_pb_history,0293.HK,Cathay Pacific,2026-07-02,1.32,akshare_baidu_valuation_history,"akshare.stock_hk_valuation_baidu(symbol=00293, indicator=市净率)",2026-08-08T20:42:28.083486+00:00,FY2025,2025-12-31,2026-03-11,7722.081912009096,announced_on_or_before_observation_date
airline_pb_history,0293.HK,Cathay Pacific,2026-07-03,1.32,akshare_baidu_valuation_history,"akshare.stock_hk_valuation_baidu(symbol=00293, indicator=市净率)",2026-08-08T20:42:28.083486+00:00,FY2025,2025-12-31,2026-03-11,7722.081912009096,announced_on_or_before_observation_date
airline_pb_history,0293.HK,Cathay Pacific,2026-07-04,1.32,akshare_baidu_valuation_history,"akshare.stock_hk_valuation_baidu(symbol=00293, indicator=市净率)",2026-08-08T20:42:28.083486+00:00,FY2025,2025-12-31,2026-03-11,7722.081912009096,announced_on_or_before_observation_date
airline_pb_history,0293.HK,Cathay Pacific,2026-07-05,1.32,akshare_baidu_valuation_history,"akshare.stock_hk_valuation_baidu(symbol=00293, indicator=市净率)",2026-08-08T20:42:28.083486+00:00,FY2025,2025-12-31,2026-03-11,7722.081912009096,announced_on_or_before_observation_date
airline_pb_history,0293.HK,Cathay Pacific,2026-07-06,1.32,akshare_baidu_valuation_history,"akshare.stock_hk_valuation_baidu(symbol=00293, indicator=市净率)",2026-08-08T20:42:28.083486+00:00,FY2025,2025-12-31,2026-03-11,7722.081912009096,announced_on_or_before_observation_date
airline_pb_history,0293.HK,Cathay Pacific,2026-07-07,1.35,akshare_baidu_valuation_history,"akshare.stock_hk_valuation_baidu(symbol=00293, indicator=市净率)",2026-08-08T20:42:28.083486+00:00,FY2025,2025-12-31,2026-03-11,7722.081912009096,announced_on_or_before_observation_date
airline_pb_history,0293.HK,Cathay Pacific,2026-07-08,1.38,akshare_baidu_valuation_history,"akshare.stock_hk_valuation_baidu(symbol=00293, indicator=市净率)",2026-08-08T20:42:28.083486+00:00,FY2025,2025-12-31,2026-03-11,7722.081912009096,announced_on_or_before_observation_date
airline_pb_history,0293.HK,Cathay Pacific,2026-07-09,1.33,akshare_baidu_valuation_history,"akshare.stock_hk_valuation_baidu(symbol=00293, indicator=市净率)",2026-08-08T20:42:28.083486+00:00,FY2025,2025-12-31,2026-03-11,7722.081912009096,announced_on_or_before_observation_date
airline_pb_history,0293.HK,Cathay Pacific,2026-07-10,1.34,akshare_baidu_valuation_history,"akshare.stock_hk_valuation_baidu(symbol=00293, indicator=市净率)",2026-08-08T20:42:28.083486+00:00,FY2025,2025-12-31,2026-03-11,7722.081912009096,announced_on_or_before_observation_date
airline_pb_history,0293.HK,Cathay Pacific,2026-07-11,1.34,akshare_baidu_valuation_history,"akshare.stock_hk_valuation_baidu(symbol=00293, indicator=市净率)",2026-08-08T20:42:28.083486+00:00,FY2025,2025-12-31,2026-03-11,7722.081912009096,announced_on_or_before_observation_date
airline_pb_history,0293.HK,Cathay Pacific,2026-07-12,1.34,akshare_baidu_valuation_history,"akshare.stock_hk_valuation_baidu(symbol=00293, indicator=市净率)",2026-08-08T20:42:28.083486+00:00,FY2025,2025-12-31,2026-03-11,7722.081912009096,announced_on_or_before_observation_date
airline_pb_history,0293.HK,Cathay Pacific,2026-07-13,1.33,akshare_baidu_valuation_history,"akshare.stock_hk_valuation_baidu(symbol=00293, indicator=市净率)",2026-08-08T20:42:28.083486+00:00,FY2025,2025-12-31,2026-03-11,7722.081912009096,announced_on_or_before_observation_date
airline_pb_history,0293.HK,Cathay Pacific,2026-07-14,1.34,akshare_baidu_valuation_history,"akshare.stock_hk_valuation_baidu(symbol=00293, indicator=市净率)",2026-08-08T20:42:28.083486+00:00,FY2025,2025-12-31,2026-03-11,7722.081912009096,announced_on_or_before_observation_date
airline_pb_history,0293.HK,Cathay Pacific,2026-07-15,1.33,akshare_baidu_valuation_history,"akshare.stock_hk_valuation_baidu(symbol=00293, indicator=市净率)",2026-08-08T20:42:28.083486+00:00,FY2025,2025-12-31,2026-03-11,7722.081912009096,announced_on_or_before_observation_date
airline_pb_history,0293.HK,Cathay Pacific,2026-07-16,1.33,akshare_baidu_valuation_history,"akshare.stock_hk_valuation_baidu(symbol=00293, indicator=市净率)",2026-08-08T20:42:28.083486+00:00,FY2025,2025-12-31,2026-03-11,7722.081912009096,announced_on_or_before_observation_date
airline_pb_history,0293.HK,Cathay Pacific,2026-07-17,1.33,akshare_baidu_valuation_history,"akshare.stock_hk_valuation_baidu(symbol=00293, indicator=市净率)",2026-08-08T20:42:28.083486+00:00,FY2025,2025-12-31,2026-03-11,7722.081912009096,announced_on_or_before_observation_date
airline_pb_history,0293.HK,Cathay Pacific,2026-07-18,1.33,akshare_baidu_valuation_history,"akshare.stock_hk_valuation_baidu(symbol=00293, indicator=市净率)",2026-08-08T20:42:28.083486+00:00,FY2025,2025-12-31,2026-03-11,7722.081912009096,announced_on_or_before_observation_date
airline_pb_history,0293.HK,Cathay Pacific,2026-07-19,1.33,akshare_baidu_valuation_history,"akshare.stock_hk_valuation_baidu(symbol=00293, indicator=市净率)",2026-08-08T20:42:28.083486+00:00,FY2025,2025-12-31,2026-03-11,7722.081912009096,announced_on_or_before_observation_date
airline_pb_history,0293.HK,Cathay Pacific,2026-07-20,1.31,akshare_baidu_valuation_history,"akshare.stock_hk_valuation_baidu(symbol=00293, indicator=市净率)",2026-08-08T20:42:28.083486+00:00,FY2025,2025-12-31,2026-03-11,7722.081912009096,announced_on_or_before_observation_date
airline_pb_history,0293.HK,Cathay Pacific,2026-07-21,1.34,akshare_baidu_valuation_history,"akshare.stock_hk_valuation_baidu(symbol=00293, indicator=市净率)",2026-08-08T20:42:28.083486+00:00,FY2025,2025-12-31,2026-03-11,7722.081912009096,announced_on_or_before_observation_date
airline_pb_history,0293.HK,Cathay Pacific,2026-07-22,1.37,akshare_baidu_valuation_history,"akshare.stock_hk_valuation_baidu(symbol=00293, indicator=市净率)",2026-08-08T20:42:28.083486+00:00,FY2025,2025-12-31,2026-03-11,7722.081912009096,announced_on_or_before_observation_date
airline_pb_history,0293.HK,Cathay Pacific,2026-07-23,1.43,akshare_baidu_valuation_history,"akshare.stock_hk_valuation_baidu(symbol=00293, indicator=市净率)",2026-08-08T20:42:28.083486+00:00,FY2025,2025-12-31,2026-03-11,7722.081912009096,announced_on_or_before_observation_date
airline_pb_history,0293.HK,Cathay Pacific,2026-07-24,1.42,akshare_baidu_valuation_history,"akshare.stock_hk_valuation_baidu(symbol=00293, indicator=市净率)",2026-08-08T20:42:28.083486+00:00,FY2025,2025-12-31,2026-03-11,7722.081912009096,announced_on_or_before_observation_date
airline_pb_history,0293.HK,Cathay Pacific,2026-07-25,1.42,akshare_baidu_valuation_history,"akshare.stock_hk_valuation_baidu(symbol=00293, indicator=市净率)",2026-08-08T20:42:28.083486+00:00,FY2025,2025-12-31,2026-03-11,7722.081912009096,announced_on_or_before_observation_date
airline_pb_history,0293.HK,Cathay Pacific,2026-07-26,1.42,akshare_baidu_valuation_history,"akshare.stock_hk_valuation_baidu(symbol=00293, indicator=市净率)",2026-08-08T20:42:28.083486+00:00,FY2025,2025-12-31,2026-03-11,7722.081912009096,announced_on_or_before_observation_date
airline_pb_history,0293.HK,Cathay Pacific,2026-07-27,1.46,akshare_baidu_valuation_history,"akshare.stock_hk_valuation_baidu(symbol=00293, indicator=市净率)",2026-08-08T20:42:28.083486+00:00,FY2025,2025-12-31,2026-03-11,7722.081912009096,announced_on_or_before_observation_date
airline_pb_history,0293.HK,Cathay Pacific,2026-07-28,1.49,akshare_baidu_valuation_history,"akshare.stock_hk_valuation_baidu(symbol=00293, indicator=市净率)",2026-08-08T20:42:28.083486+00:00,FY2025,2025-12-31,2026-03-11,7722.081912009096,announced_on_or_before_observation_date
airline_pb_history,0293.HK,Cathay Pacific,2026-07-29,1.5,akshare_baidu_valuation_history,"akshare.stock_hk_valuation_baidu(symbol=00293, indicator=市净率)",2026-08-08T20:42:28.083486+00:00,FY2025,2025-12-31,2026-03-11,7722.081912009096,announced_on_or_before_observation_date
airline_pb_history,0293.HK,Cathay Pacific,2026-07-30,1.47,akshare_baidu_valuation_history,"akshare.stock_hk_valuation_baidu(symbol=00293, indicator=市净率)",2026-08-08T20:42:28.083486+00:00,FY2025,2025-12-31,2026-03-11,7722.081912009096,announced_on_or_before_observation_date
airline_pb_history,0293.HK,Cathay Pacific,2026-07-31,1.48,akshare_baidu_valuation_history,"akshare.stock_hk_valuation_baidu(symbol=00293, indicator=市净率)",2026-08-08T20:42:28.083486+00:00,FY2025,2025-12-31,2026-03-11,7722.081912009096,announced_on_or_before_observation_date
airline_pb_history,0293.HK,Cathay Pacific,2026-08-01,1.48,akshare_baidu_valuation_history,"akshare.stock_hk_valuation_baidu(symbol=00293, indicator=市净率)",2026-08-08T20:42:28.083486+00:00,FY2025,2025-12-31,2026-03-11,7722.081912009096,announced_on_or_before_observation_date
airline_pb_history,0293.HK,Cathay Pacific,2026-08-02,1.48,akshare_baidu_valuation_history,"akshare.stock_hk_valuation_baidu(symbol=00293, indicator=市净率)",2026-08-08T20:42:28.083486+00:00,FY2025,2025-12-31,2026-03-11,7722.081912009096,announced_on_or_before_observation_date
airline_pb_history,0293.HK,Cathay Pacific,2026-08-03,1.47,akshare_baidu_valuation_history,"akshare.stock_hk_valuation_baidu(symbol=00293, indicator=市净率)",2026-08-08T20:42:28.083486+00:00,FY2025,2025-12-31,2026-03-11,7722.081912009096,announced_on_or_before_observation_date
airline_pb_history,0293.HK,Cathay Pacific,2026-08-04,1.46,akshare_baidu_valuation_history,"akshare.stock_hk_valuation_baidu(symbol=00293, indicator=市净率)",2026-08-08T20:42:28.083486+00:00,FY2025,2025-12-31,2026-03-11,7722.081912009096,announced_on_or_before_observation_date
airline_pb_history,0293.HK,Cathay Pacific,2026-08-05,1.55,akshare_baidu_valuation_history,"akshare.stock_hk_valuation_baidu(symbol=00293, indicator=市净率)",2026-08-08T20:42:28.083486+00:00,1H2026,2026-06-30,2026-08-05,7398.512501398992,announced_on_or_before_observation_date
airline_pb_history,0293.HK,Cathay Pacific,2026-08-06,1.59,akshare_baidu_valuation_history,"akshare.stock_hk_valuation_baidu(symbol=00293, indicator=市净率)",2026-08-08T20:42:28.083486+00:00,1H2026,2026-06-30,2026-08-05,7398.512501398992,announced_on_or_before_observation_date
airline_pb_history,0293.HK,Cathay Pacific,2026-08-07,1.56,akshare_baidu_valuation_history,"akshare.stock_hk_valuation_baidu(symbol=00293, indicator=市净率)",2026-08-08T20:42:28.083486+00:00,1H2026,2026-06-30,2026-08-05,7398.512501398992,announced_on_or_before_observation_date
airline_pb_history,0293.HK,Cathay Pacific,2026-08-08,1.56,akshare_baidu_valuation_history,"akshare.stock_hk_valuation_baidu(symbol=00293, indicator=市净率)",2026-08-08T20:42:28.083486+00:00,1H2026,2026-06-30,2026-08-05,7398.512501398992,announced_on_or_before_observation_date
airline_pb_history,01055.HK,China Southern Airlines,2025-08-09,1.8,akshare_baidu_valuation_history,"akshare.stock_hk_valuation_baidu(symbol=01055, indicator=市净率)",2026-08-08T20:42:28.083486+00:00,,,,,no_announced_equity_basis_available
airline_pb_history,01055.HK,China Southern Airlines,2025-08-10,1.8,akshare_baidu_valuation_history,"akshare.stock_hk_valuation_baidu(symbol=01055, indicator=市净率)",2026-08-08T20:42:28.083486+00:00,,,,,no_announced_equity_basis_available
airline_pb_history,01055.HK,China Southern Airlines,2025-08-11,1.84,akshare_baidu_valuation_history,"akshare.stock_hk_valuation_baidu(symbol=01055, indicator=市净率)",2026-08-08T20:42:28.083486+00:00,,,,,no_announced_equity_basis_available
airline_pb_history,01055.HK,China Southern Airlines,2025-08-12,1.85,akshare_baidu_valuation_history,"akshare.stock_hk_valuation_baidu(symbol=01055, indicator=市净率)",2026-08-08T20:42:28.083486+00:00,,,,,no_announced_equity_basis_available
airline_pb_history,01055.HK,China Southern Airlines,2025-08-13,1.89,akshare_baidu_valuation_history,"akshare.stock_hk_valuation_baidu(symbol=01055, indicator=市净率)",2026-08-08T20:42:28.083486+00:00,,,,,no_announced_equity_basis_available
airline_pb_history,01055.HK,China Southern Airlines,2025-08-14,1.88,akshare_baidu_valuation_history,"akshare.stock_hk_valuation_baidu(symbol=01055, indicator=市净率)",2026-08-08T20:42:28.083486+00:00,,,,,no_announced_equity_basis_available
airline_pb_history,01055.HK,China Southern Airlines,2025-08-15,1.99,akshare_baidu_valuation_history,"akshare.stock_hk_valuation_baidu(symbol=01055, indicator=市净率)",2026-08-08T20:42:28.083486+00:00,,,,,no_announced_equity_basis_available
airline_pb_history,01055.HK,China Southern Airlines,2025-08-16,1.99,akshare_baidu_valuation_history,"akshare.stock_hk_valuation_baidu(symbol=01055, indicator=市净率)",2026-08-08T20:42:28.083486+00:00,,,,,no_announced_equity_basis_available
airline_pb_history,01055.HK,China Southern Airlines,2025-08-17,1.99,akshare_baidu_valuation_history,"akshare.stock_hk_valuation_baidu(symbol=01055, indicator=市净率)",2026-08-08T20:42:28.083486+00:00,,,,,no_announced_equity_basis_available
airline_pb_history,01055.HK,China Southern Airlines,2025-08-18,1.96,akshare_baidu_valuation_history,"akshare.stock_hk_valuation_baidu(symbol=01055, indicator=市净率)",2026-08-08T20:42:28.083486+00:00,,,,,no_announced_equity_basis_available
airline_pb_history,01055.HK,China Southern Airlines,2025-08-19,1.95,akshare_baidu_valuation_history,"akshare.stock_hk_valuation_baidu(symbol=01055, indicator=市净率)",2026-08-08T20:42:28.083486+00:00,,,,,no_announced_equity_basis_available
airline_pb_history,01055.HK,China Southern Airlines,2025-08-20,1.94,akshare_baidu_valuation_history,"akshare.stock_hk_valuation_baidu(symbol=01055, indicator=市净率)",2026-08-08T20:42:28.083486+00:00,,,,,no_announced_equity_basis_available
airline_pb_history,01055.HK,China Southern Airlines,2025-08-21,1.95,akshare_baidu_valuation_history,"akshare.stock_hk_valuation_baidu(symbol=01055, indicator=市净率)",2026-08-08T20:42:28.083486+00:00,,,,,no_announced_equity_basis_available
airline_pb_history,01055.HK,China Southern Airlines,2025-08-22,1.91,akshare_baidu_valuation_history,"akshare.stock_hk_valuation_baidu(symbol=01055, indicator=市净率)",2026-08-08T20:42:28.083486+00:00,,,,,no_announced_equity_basis_available
airline_pb_history,01055.HK,China Southern Airlines,2025-08-23,1.91,akshare_baidu_valuation_history,"akshare.stock_hk_valuation_baidu(symbol=01055, indicator=市净率)",2026-08-08T20:42:28.083486+00:00,,,,,no_announced_equity_basis_available
airline_pb_history,01055.HK,China Southern Airlines,2025-08-24,1.91,akshare_baidu_valuation_history,"akshare.stock_hk_valuation_baidu(symbol=01055, indicator=市净率)",2026-08-08T20:42:28.083486+00:00,,,,,no_announced_equity_basis_available
airline_pb_history,01055.HK,China Southern Airlines,2025-08-25,1.96,akshare_baidu_valuation_history,"akshare.stock_hk_valuation_baidu(symbol=01055, indicator=市净率)",2026-08-08T20:42:28.083486+00:00,,,,,no_announced_equity_basis_available
airline_pb_history,01055.HK,China Southern Airlines,2025-08-26,1.97,akshare_baidu_valuation_history,"akshare.stock_hk_valuation_baidu(symbol=01055, indicator=市净率)",2026-08-08T20:42:28.083486+00:00,,,,,no_announced_equity_basis_available
airline_pb_history,01055.HK,China Southern Airlines,2025-08-27,1.94,akshare_baidu_valuation_history,"akshare.stock_hk_valuation_baidu(symbol=01055, indicator=市净率)",2026-08-08T20:42:28.083486+00:00,,,,,no_announced_equity_basis_available
airline_pb_history,01055.HK,China Southern Airlines,2025-08-28,1.95,akshare_baidu_valuation_history,"akshare.stock_hk_valuation_baidu(symbol=01055, indicator=市净率)",2026-08-08T20:42:28.083486+00:00,,,,,no_announced_equity_basis_available
airline_pb_history,01055.HK,China Southern Airlines,2025-08-29,1.9,akshare_baidu_valuation_history,"akshare.stock_hk_valuation_baidu(symbol=01055, indicator=市净率)",2026-08-08T20:42:28.083486+00:00,1H2025,2025-06-30,2025-08-29,4633.147552697392,announced_on_or_before_observation_date
airline_pb_history,01055.HK,China Southern Airlines,2025-08-30,1.9,akshare_baidu_valuation_history,"akshare.stock_hk_valuation_baidu(symbol=01055, indicator=市净率)",2026-08-08T20:42:28.083486+00:00,1H2025,2025-06-30,2025-08-29,4633.147552697392,announced_on_or_before_observation_date
airline_pb_history,01055.HK,China Southern Airlines,2025-08-31,1.9,akshare_baidu_valuation_history,"akshare.stock_hk_valuation_baidu(symbol=01055, indicator=市净率)",2026-08-08T20:42:28.083486+00:00,1H2025,2025-06-30,2025-08-29,4633.147552697392,announced_on_or_before_observation_date
airline_pb_history,01055.HK,China Southern Airlines,2025-09-01,1.89,akshare_baidu_valuation_history,"akshare.stock_hk_valuation_baidu(symbol=01055, indicator=市净率)",2026-08-08T20:42:28.083486+00:00,1H2025,2025-06-30,2025-08-29,4633.147552697392,announced_on_or_before_observation_date
airline_pb_history,01055.HK,China Southern Airlines,2025-09-02,1.87,akshare_baidu_valuation_history,"akshare.stock_hk_valuation_baidu(symbol=01055, indicator=市净率)",2026-08-08T20:42:28.083486+00:00,1H2025,2025-06-30,2025-08-29,4633.147552697392,announced_on_or_before_observation_date
airline_pb_history,01055.HK,China Southern Airlines,2025-09-03,1.83,akshare_baidu_valuation_history,"akshare.stock_hk_valuation_baidu(symbol=01055, indicator=市净率)",2026-08-08T20:42:28.083486+00:00,1H2025,2025-06-30,2025-08-29,4633.147552697392,announced_on_or_before_observation_date
airline_pb_history,01055.HK,China Southern Airlines,2025-09-04,1.82,akshare_baidu_valuation_history,"akshare.stock_hk_valuation_baidu(symbol=01055, indicator=市净率)",2026-08-08T20:42:28.083486+00:00,1H2025,2025-06-30,2025-08-29,4633.147552697392,announced_on_or_before_observation_date
airline_pb_history,01055.HK,China Southern Airlines,2025-09-05,1.84,akshare_baidu_valuation_history,"akshare.stock_hk_valuation_baidu(symbol=01055, indicator=市净率)",2026-08-08T20:42:28.083486+00:00,1H2025,2025-06-30,2025-08-29,4633.147552697392,announced_on_or_before_observation_date
airline_pb_history,01055.HK,China Southern Airlines,2025-09-06,1.84,akshare_baidu_valuation_history,"akshare.stock_hk_valuation_baidu(symbol=01055, indicator=市净率)",2026-08-08T20:42:28.083486+00:00,1H2025,2025-06-30,2025-08-29,4633.147552697392,announced_on_or_before_observation_date
airline_pb_history,01055.HK,China Southern Airlines,2025-09-07,1.84,akshare_baidu_valuation_history,"akshare.stock_hk_valuation_baidu(symbol=01055, indicator=市净率)",2026-08-08T20:42:28.083486+00:00,1H2025,2025-06-30,2025-08-29,4633.147552697392,announced_on_or_before_observation_date
airline_pb_history,01055.HK,China Southern Airlines,2025-09-08,1.91,akshare_baidu_valuation_history,"akshare.stock_hk_valuation_baidu(symbol=01055, indicator=市净率)",2026-08-08T20:42:28.083486+00:00,1H2025,2025-06-30,2025-08-29,4633.147552697392,announced_on_or_before_observation_date
airline_pb_history,01055.HK,China Southern Airlines,2025-09-09,1.9,akshare_baidu_valuation_history,"akshare.stock_hk_valuation_baidu(symbol=01055, indicator=市净率)",2026-08-08T20:42:28.083486+00:00,1H2025,2025-06-30,2025-08-29,4633.147552697392,announced_on_or_before_observation_date
airline_pb_history,01055.HK,China Southern Airlines,2025-09-10,1.87,akshare_baidu_valuation_history,"akshare.stock_hk_valuation_baidu(symbol=01055, indicator=市净率)",2026-08-08T20:42:28.083486+00:00,1H2025,2025-06-30,2025-08-29,4633.147552697392,announced_on_or_before_observation_date
airline_pb_history,01055.HK,China Southern Airlines,2025-09-11,1.87,akshare_baidu_valuation_history,"akshare.stock_hk_valuation_baidu(symbol=01055, indicator=市净率)",2026-08-08T20:42:28.083486+00:00,1H2025,2025-06-30,2025-08-29,4633.147552697392,announced_on_or_before_observation_date
airline_pb_history,01055.HK,China Southern Airlines,2025-09-12,1.88,akshare_baidu_valuation_history,"akshare.stock_hk_valuation_baidu(symbol=01055, indicator=市净率)",2026-08-08T20:42:28.083486+00:00,1H2025,2025-06-30,2025-08-29,4633.147552697392,announced_on_or_before_observation_date
airline_pb_history,01055.HK,China Southern Airlines,2025-09-13,1.88,akshare_baidu_valuation_history,"akshare.stock_hk_valuation_baidu(symbol=01055, indicator=市净率)",2026-08-08T20:42:28.083486+00:00,1H2025,2025-06-30,2025-08-29,4633.147552697392,announced_on_or_before_observation_date
airline_pb_history,01055.HK,China Southern Airlines,2025-09-14,1.88,akshare_baidu_valuation_history,"akshare.stock_hk_valuation_baidu(symbol=01055, indicator=市净率)",2026-08-08T20:42:28.083486+00:00,1H2025,2025-06-30,2025-08-29,4633.147552697392,announced_on_or_before_observation_date
airline_pb_history,01055.HK,China Southern Airlines,2025-09-15,1.87,akshare_baidu_valuation_history,"akshare.stock_hk_valuation_baidu(symbol=01055, indicator=市净率)",2026-08-08T20:42:28.083486+00:00,1H2025,2025-06-30,2025-08-29,4633.147552697392,announced_on_or_before_observation_date
airline_pb_history,01055.HK,China Southern Airlines,2025-09-16,1.91,akshare_baidu_valuation_history,"akshare.stock_hk_valuation_baidu(symbol=01055, indicator=市净率)",2026-08-08T20:42:28.083486+00:00,1H2025,2025-06-30,2025-08-29,4633.147552697392,announced_on_or_before_observation_date
airline_pb_history,01055.HK,China Southern Airlines,2025-09-17,2.06,akshare_baidu_valuation_history,"akshare.stock_hk_valuation_baidu(symbol=01055, indicator=市净率)",2026-08-08T20:42:28.083486+00:00,1H2025,2025-06-30,2025-08-29,4633.147552697392,announced_on_or_before_observation_date
airline_pb_history,01055.HK,China Southern Airlines,2025-09-18,2.02,akshare_baidu_valuation_history,"akshare.stock_hk_valuation_baidu(symbol=01055, indicator=市净率)",2026-08-08T20:42:28.083486+00:00,1H2025,2025-06-30,2025-08-29,4633.147552697392,announced_on_or_before_observation_date
airline_pb_history,01055.HK,China Southern Airlines,2025-09-19,2.05,akshare_baidu_valuation_history,"akshare.stock_hk_valuation_baidu(symbol=01055, indicator=市净率)",2026-08-08T20:42:28.083486+00:00,1H2025,2025-06-30,2025-08-29,4633.147552697392,announced_on_or_before_observation_date
airline_pb_history,01055.HK,China Southern Airlines,2025-09-20,2.05,akshare_baidu_valuation_history,"akshare.stock_hk_valuation_baidu(symbol=01055, indicator=市净率)",2026-08-08T20:42:28.083486+00:00,1H2025,2025-06-30,2025-08-29,4633.147552697392,announced_on_or_before_observation_date
airline_pb_history,01055.HK,China Southern Airlines,2025-09-21,2.05,akshare_baidu_valuation_history,"akshare.stock_hk_valuation_baidu(symbol=01055, indicator=市净率)",2026-08-08T20:42:28.083486+00:00,1H2025,2025-06-30,2025-08-29,4633.147552697392,announced_on_or_before_observation_date
airline_pb_history,01055.HK,China Southern Airlines,2025-09-22,2.01,akshare_baidu_valuation_history,"akshare.stock_hk_valuation_baidu(symbol=01055, indicator=市净率)",2026-08-08T20:42:28.083486+00:00,1H2025,2025-06-30,2025-08-29,4633.147552697392,announced_on_or_before_observation_date
airline_pb_history,01055.HK,China Southern Airlines,2025-09-23,1.93,akshare_baidu_valuation_history,"akshare.stock_hk_valuation_baidu(symbol=01055, indicator=市净率)",2026-08-08T20:42:28.083486+00:00,1H2025,2025-06-30,2025-08-29,4633.147552697392,announced_on_or_before_observation_date
airline_pb_history,01055.HK,China Southern Airlines,2025-09-24,1.92,akshare_baidu_valuation_history,"akshare.stock_hk_valuation_baidu(symbol=01055, indicator=市净率)",2026-08-08T20:42:28.083486+00:00,1H2025,2025-06-30,2025-08-29,4633.147552697392,announced_on_or_before_observation_date
airline_pb_history,01055.HK,China Southern Airlines,2025-09-25,1.95,akshare_baidu_valuation_history,"akshare.stock_hk_valuation_baidu(symbol=01055, indicator=市净率)",2026-08-08T20:42:28.083486+00:00,1H2025,2025-06-30,2025-08-29,4633.147552697392,announced_on_or_before_observation_date
airline_pb_history,01055.HK,China Southern Airlines,2025-09-26,1.94,akshare_baidu_valuation_history,"akshare.stock_hk_valuation_baidu(symbol=01055, indicator=市净率)",2026-08-08T20:42:28.083486+00:00,1H2025,2025-06-30,2025-08-29,4633.147552697392,announced_on_or_before_observation_date
airline_pb_history,01055.HK,China Southern Airlines,2025-09-27,1.94,akshare_baidu_valuation_history,"akshare.stock_hk_valuation_baidu(symbol=01055, indicator=市净率)",2026-08-08T20:42:28.083486+00:00,1H2025,2025-06-30,2025-08-29,4633.147552697392,announced_on_or_before_observation_date
airline_pb_history,01055.HK,China Southern Airlines,2025-09-28,1.94,akshare_baidu_valuation_history,"akshare.stock_hk_valuation_baidu(symbol=01055, indicator=市净率)",2026-08-08T20:42:28.083486+00:00,1H2025,2025-06-30,2025-08-29,4633.147552697392,announced_on_or_before_observation_date
airline_pb_history,01055.HK,China Southern Airlines,2025-09-29,1.97,akshare_baidu_valuation_history,"akshare.stock_hk_valuation_baidu(symbol=01055, indicator=市净率)",2026-08-08T20:42:28.083486+00:00,1H2025,2025-06-30,2025-08-29,4633.147552697392,announced_on_or_before_observation_date
airline_pb_history,01055.HK,China Southern Airlines,2025-09-30,2.06,akshare_baidu_valuation_history,"akshare.stock_hk_valuation_baidu(symbol=01055, indicator=市净率)",2026-08-08T20:42:28.083486+00:00,1H2025,2025-06-30,2025-08-29,4633.147552697392,announced_on_or_before_observation_date
airline_pb_history,01055.HK,China Southern Airlines,2025-10-01,2.06,akshare_baidu_valuation_history,"akshare.stock_hk_valuation_baidu(symbol=01055, indicator=市净率)",2026-08-08T20:42:28.083486+00:00,1H2025,2025-06-30,2025-08-29,4633.147552697392,announced_on_or_before_observation_date
airline_pb_history,01055.HK,China Southern Airlines,2025-10-02,1.98,akshare_baidu_valuation_history,"akshare.stock_hk_valuation_baidu(symbol=01055, indicator=市净率)",2026-08-08T20:42:28.083486+00:00,1H2025,2025-06-30,2025-08-29,4633.147552697392,announced_on_or_before_observation_date
airline_pb_history,01055.HK,China Southern Airlines,2025-10-03,1.98,akshare_baidu_valuation_history,"akshare.stock_hk_valuation_baidu(symbol=01055, indicator=市净率)",2026-08-08T20:42:28.083486+00:00,1H2025,2025-06-30,2025-08-29,4633.147552697392,announced_on_or_before_observation_date
airline_pb_history,01055.HK,China Southern Airlines,2025-10-04,1.98,akshare_baidu_valuation_history,"akshare.stock_hk_valuation_baidu(symbol=01055, indicator=市净率)",2026-08-08T20:42:28.083486+00:00,1H2025,2025-06-30,2025-08-29,4633.147552697392,announced_on_or_before_observation_date
airline_pb_history,01055.HK,China Southern Airlines,2025-10-05,1.98,akshare_baidu_valuation_history,"akshare.stock_hk_valuation_baidu(symbol=01055, indicator=市净率)",2026-08-08T20:42:28.083486+00:00,1H2025,2025-06-30,2025-08-29,4633.147552697392,announced_on_or_before_observation_date
airline_pb_history,01055.HK,China Southern Airlines,2025-10-06,1.96,akshare_baidu_valuation_history,"akshare.stock_hk_valuation_baidu(symbol=01055, indicator=市净率)",2026-08-08T20:42:28.083486+00:00,1H2025,2025-06-30,2025-08-29,4633.147552697392,announced_on_or_before_observation_date
airline_pb_history,01055.HK,China Southern Airlines,2025-10-07,1.96,akshare_baidu_valuation_history,"akshare.stock_hk_valuation_baidu(symbol=01055, indicator=市净率)",2026-08-08T20:42:28.083486+00:00,1H2025,2025-06-30,2025-08-29,4633.147552697392,announced_on_or_before_observation_date
airline_pb_history,01055.HK,China Southern Airlines,2025-10-08,1.88,akshare_baidu_valuation_history,"akshare.stock_hk_valuation_baidu(symbol=01055, indicator=市净率)",2026-08-08T20:42:28.083486+00:00,1H2025,2025-06-30,2025-08-29,4633.147552697392,announced_on_or_before_observation_date
airline_pb_history,01055.HK,China Southern Airlines,2025-10-09,1.99,akshare_baidu_valuation_history,"akshare.stock_hk_valuation_baidu(symbol=01055, indicator=市净率)",2026-08-08T20:42:28.083486+00:00,1H2025,2025-06-30,2025-08-29,4633.147552697392,announced_on_or_before_observation_date
airline_pb_history,01055.HK,China Southern Airlines,2025-10-10,2.0,akshare_baidu_valuation_history,"akshare.stock_hk_valuation_baidu(symbol=01055, indicator=市净率)",2026-08-08T20:42:28.083486+00:00,1H2025,2025-06-30,2025-08-29,4633.147552697392,announced_on_or_before_observation_date
airline_pb_history,01055.HK,China Southern Airlines,2025-10-11,2.0,akshare_baidu_valuation_history,"akshare.stock_hk_valuation_baidu(symbol=01055, indicator=市净率)",2026-08-08T20:42:28.083486+00:00,1H2025,2025-06-30,2025-08-29,4633.147552697392,announced_on_or_before_observation_date
airline_pb_history,01055.HK,China Southern Airlines,2025-10-12,2.0,akshare_baidu_valuation_history,"akshare.stock_hk_valuation_baidu(symbol=01055, indicator=市净率)",2026-08-08T20:42:28.083486+00:00,1H2025,2025-06-30,2025-08-29,4633.147552697392,announced_on_or_before_observation_date
airline_pb_history,01055.HK,China Southern Airlines,2025-10-13,1.99,akshare_baidu_valuation_history,"akshare.stock_hk_valuation_baidu(symbol=01055, indicator=市净率)",2026-08-08T20:42:28.083486+00:00,1H2025,2025-06-30,2025-08-29,4633.147552697392,announced_on_or_before_observation_date
airline_pb_history,01055.HK,China Southern Airlines,2025-10-14,1.98,akshare_baidu_valuation_history,"akshare.stock_hk_valuation_baidu(symbol=01055, indicator=市净率)",2026-08-08T20:42:28.083486+00:00,1H2025,2025-06-30,2025-08-29,4633.147552697392,announced_on_or_before_observation_date
airline_pb_history,01055.HK,China Southern Airlines,2025-10-15,2.14,akshare_baidu_valuation_history,"akshare.stock_hk_valuation_baidu(symbol=01055, indicator=市净率)",2026-08-08T20:42:28.083486+00:00,1H2025,2025-06-30,2025-08-29,4633.147552697392,announced_on_or_before_observation_date
airline_pb_history,01055.HK,China Southern Airlines,2025-10-16,2.18,akshare_baidu_valuation_history,"akshare.stock_hk_valuation_baidu(symbol=01055, indicator=市净率)",2026-08-08T20:42:28.083486+00:00,1H2025,2025-06-30,2025-08-29,4633.147552697392,announced_on_or_before_observation_date
airline_pb_history,01055.HK,China Southern Airlines,2025-10-17,2.17,akshare_baidu_valuation_history,"akshare.stock_hk_valuation_baidu(symbol=01055, indicator=市净率)",2026-08-08T20:42:28.083486+00:00,1H2025,2025-06-30,2025-08-29,4633.147552697392,announced_on_or_before_observation_date
airline_pb_history,01055.HK,China Southern Airlines,2025-10-18,2.17,akshare_baidu_valuation_history,"akshare.stock_hk_valuation_baidu(symbol=01055, indicator=市净率)",2026-08-08T20:42:28.083486+00:00,1H2025,2025-06-30,2025-08-29,4633.147552697392,announced_on_or_before_observation_date
airline_pb_history,01055.HK,China Southern Airlines,2025-10-19,2.17,akshare_baidu_valuation_history,"akshare.stock_hk_valuation_baidu(symbol=01055, indicator=市净率)",2026-08-08T20:42:28.083486+00:00,1H2025,2025-06-30,2025-08-29,4633.147552697392,announced_on_or_before_observation_date
airline_pb_history,01055.HK,China Southern Airlines,2025-10-20,2.31,akshare_baidu_valuation_history,"akshare.stock_hk_valuation_baidu(symbol=01055, indicator=市净率)",2026-08-08T20:42:28.083486+00:00,1H2025,2025-06-30,2025-08-29,4633.147552697392,announced_on_or_before_observation_date
airline_pb_history,01055.HK,China Southern Airlines,2025-10-21,2.29,akshare_baidu_valuation_history,"akshare.stock_hk_valuation_baidu(symbol=01055, indicator=市净率)",2026-08-08T20:42:28.083486+00:00,1H2025,2025-06-30,2025-08-29,4633.147552697392,announced_on_or_before_observation_date
airline_pb_history,01055.HK,China Southern Airlines,2025-10-22,2.31,akshare_baidu_valuation_history,"akshare.stock_hk_valuation_baidu(symbol=01055, indicator=市净率)",2026-08-08T20:42:28.083486+00:00,1H2025,2025-06-30,2025-08-29,4633.147552697392,announced_on_or_before_observation_date
airline_pb_history,01055.HK,China Southern Airlines,2025-10-23,2.29,akshare_baidu_valuation_history,"akshare.stock_hk_valuation_baidu(symbol=01055, indicator=市净率)",2026-08-08T20:42:28.083486+00:00,1H2025,2025-06-30,2025-08-29,4633.147552697392,announced_on_or_before_observation_date
airline_pb_history,01055.HK,China Southern Airlines,2025-10-24,2.29,akshare_baidu_valuation_history,"akshare.stock_hk_valuation_baidu(symbol=01055, indicator=市净率)",2026-08-08T20:42:28.083486+00:00,1H2025,2025-06-30,2025-08-29,4633.147552697392,announced_on_or_before_observation_date
airline_pb_history,01055.HK,China Southern Airlines,2025-10-25,2.29,akshare_baidu_valuation_history,"akshare.stock_hk_valuation_baidu(symbol=01055, indicator=市净率)",2026-08-08T20:42:28.083486+00:00,1H2025,2025-06-30,2025-08-29,4633.147552697392,announced_on_or_before_observation_date
airline_pb_history,01055.HK,China Southern Airlines,2025-10-26,2.29,akshare_baidu_valuation_history,"akshare.stock_hk_valuation_baidu(symbol=01055, indicator=市净率)",2026-08-08T20:42:28.083486+00:00,1H2025,2025-06-30,2025-08-29,4633.147552697392,announced_on_or_before_observation_date
airline_pb_history,01055.HK,China Southern Airlines,2025-10-27,2.08,akshare_baidu_valuation_history,"akshare.stock_hk_valuation_baidu(symbol=01055, indicator=市净率)",2026-08-08T20:42:28.083486+00:00,1H2025,2025-06-30,2025-08-29,4633.147552697392,announced_on_or_before_observation_date
airline_pb_history,01055.HK,China Southern Airlines,2025-10-28,2.14,akshare_baidu_valuation_history,"akshare.stock_hk_valuation_baidu(symbol=01055, indicator=市净率)",2026-08-08T20:42:28.083486+00:00,1H2025,2025-06-30,2025-08-29,4633.147552697392,announced_on_or_before_observation_date
airline_pb_history,01055.HK,China Southern Airlines,2025-10-29,2.14,akshare_baidu_valuation_history,"akshare.stock_hk_valuation_baidu(symbol=01055, indicator=市净率)",2026-08-08T20:42:28.083486+00:00,1H2025,2025-06-30,2025-08-29,4633.147552697392,announced_on_or_before_observation_date
airline_pb_history,01055.HK,China Southern Airlines,2025-10-30,2.14,akshare_baidu_valuation_history,"akshare.stock_hk_valuation_baidu(symbol=01055, indicator=市净率)",2026-08-08T20:42:28.083486+00:00,1H2025,2025-06-30,2025-08-29,4633.147552697392,announced_on_or_before_observation_date
airline_pb_history,01055.HK,China Southern Airlines,2025-10-31,2.09,akshare_baidu_valuation_history,"akshare.stock_hk_valuation_baidu(symbol=01055, indicator=市净率)",2026-08-08T20:42:28.083486+00:00,1H2025,2025-06-30,2025-08-29,4633.147552697392,announced_on_or_before_observation_date
airline_pb_history,01055.HK,China Southern Airlines,2025-11-01,2.09,akshare_baidu_valuation_history,"akshare.stock_hk_valuation_baidu(symbol=01055, indicator=市净率)",2026-08-08T20:42:28.083486+00:00,1H2025,2025-06-30,2025-08-29,4633.147552697392,announced_on_or_before_observation_date
airline_pb_history,01055.HK,China Southern Airlines,2025-11-02,2.09,akshare_baidu_valuation_history,"akshare.stock_hk_valuation_baidu(symbol=01055, indicator=市净率)",2026-08-08T20:42:28.083486+00:00,1H2025,2025-06-30,2025-08-29,4633.147552697392,announced_on_or_before_observation_date
airline_pb_history,01055.HK,China Southern Airlines,2025-11-03,2.18,akshare_baidu_valuation_history,"akshare.stock_hk_valuation_baidu(symbol=01055, indicator=市净率)",2026-08-08T20:42:28.083486+00:00,1H2025,2025-06-30,2025-08-29,4633.147552697392,announced_on_or_before_observation_date
airline_pb_history,01055.HK,China Southern Airlines,2025-11-04,2.15,akshare_baidu_valuation_history,"akshare.stock_hk_valuation_baidu(symbol=01055, indicator=市净率)",2026-08-08T20:42:28.083486+00:00,1H2025,2025-06-30,2025-08-29,4633.147552697392,announced_on_or_before_observation_date
airline_pb_history,01055.HK,China Southern Airlines,2025-11-05,2.2,akshare_baidu_valuation_history,"akshare.stock_hk_valuation_baidu(symbol=01055, indicator=市净率)",2026-08-08T20:42:28.083486+00:00,1H2025,2025-06-30,2025-08-29,4633.147552697392,announced_on_or_before_observation_date
airline_pb_history,01055.HK,China Southern Airlines,2025-11-06,2.22,akshare_baidu_valuation_history,"akshare.stock_hk_valuation_baidu(symbol=01055, indicator=市净率)",2026-08-08T20:42:28.083486+00:00,1H2025,2025-06-30,2025-08-29,4633.147552697392,announced_on_or_before_observation_date
airline_pb_history,01055.HK,China Southern Airlines,2025-11-07,2.21,akshare_baidu_valuation_history,"akshare.stock_hk_valuation_baidu(symbol=01055, indicator=市净率)",2026-08-08T20:42:28.083486+00:00,1H2025,2025-06-30,2025-08-29,4633.147552697392,announced_on_or_before_observation_date
airline_pb_history,01055.HK,China Southern Airlines,2025-11-08,2.21,akshare_baidu_valuation_history,"akshare.stock_hk_valuation_baidu(symbol=01055, indicator=市净率)",2026-08-08T20:42:28.083486+00:00,1H2025,2025-06-30,2025-08-29,4633.147552697392,announced_on_or_before_observation_date
airline_pb_history,01055.HK,China Southern Airlines,2025-11-09,2.21,akshare_baidu_valuation_history,"akshare.stock_hk_valuation_baidu(symbol=01055, indicator=市净率)",2026-08-08T20:42:28.083486+00:00,1H2025,2025-06-30,2025-08-29,4633.147552697392,announced_on_or_before_observation_date
airline_pb_history,01055.HK,China Southern Airlines,2025-11-10,2.31,akshare_baidu_valuation_history,"akshare.stock_hk_valuation_baidu(symbol=01055, indicator=市净率)",2026-08-08T20:42:28.083486+00:00,1H2025,2025-06-30,2025-08-29,4633.147552697392,announced_on_or_before_observation_date
airline_pb_history,01055.HK,China Southern Airlines,2025-11-11,2.35,akshare_baidu_valuation_history,"akshare.stock_hk_valuation_baidu(symbol=01055, indicator=市净率)",2026-08-08T20:42:28.083486+00:00,1H2025,2025-06-30,2025-08-29,4633.147552697392,announced_on_or_before_observation_date
airline_pb_history,01055.HK,China Southern Airlines,2025-11-12,2.36,akshare_baidu_valuation_history,"akshare.stock_hk_valuation_baidu(symbol=01055, indicator=市净率)",2026-08-08T20:42:28.083486+00:00,1H2025,2025-06-30,2025-08-29,4633.147552697392,announced_on_or_before_observation_date
airline_pb_history,01055.HK,China Southern Airlines,2025-11-13,2.46,akshare_baidu_valuation_history,"akshare.stock_hk_valuation_baidu(symbol=01055, indicator=市净率)",2026-08-08T20:42:28.083486+00:00,1H2025,2025-06-30,2025-08-29,4633.147552697392,announced_on_or_before_observation_date
airline_pb_history,01055.HK,China Southern Airlines,2025-11-14,2.39,akshare_baidu_valuation_history,"akshare.stock_hk_valuation_baidu(symbol=01055, indicator=市净率)",2026-08-08T20:42:28.083486+00:00,1H2025,2025-06-30,2025-08-29,4633.147552697392,announced_on_or_before_observation_date
airline_pb_history,01055.HK,China Southern Airlines,2025-11-15,2.39,akshare_baidu_valuation_history,"akshare.stock_hk_valuation_baidu(symbol=01055, indicator=市净率)",2026-08-08T20:42:28.083486+00:00,1H2025,2025-06-30,2025-08-29,4633.147552697392,announced_on_or_before_observation_date
airline_pb_history,01055.HK,China Southern Airlines,2025-11-16,2.39,akshare_baidu_valuation_history,"akshare.stock_hk_valuation_baidu(symbol=01055, indicator=市净率)",2026-08-08T20:42:28.083486+00:00,1H2025,2025-06-30,2025-08-29,4633.147552697392,announced_on_or_before_observation_date
airline_pb_history,01055.HK,China Southern Airlines,2025-11-17,2.41,akshare_baidu_valuation_history,"akshare.stock_hk_valuation_baidu(symbol=01055, indicator=市净率)",2026-08-08T20:42:28.083486+00:00,1H2025,2025-06-30,2025-08-29,4633.147552697392,announced_on_or_before_observation_date
airline_pb_history,01055.HK,China Southern Airlines,2025-11-18,2.4,akshare_baidu_valuation_history,"akshare.stock_hk_valuation_baidu(symbol=01055, indicator=市净率)",2026-08-08T20:42:28.083486+00:00,1H2025,2025-06-30,2025-08-29,4633.147552697392,announced_on_or_before_observation_date
airline_pb_history,01055.HK,China Southern Airlines,2025-11-19,2.43,akshare_baidu_valuation_history,"akshare.stock_hk_valuation_baidu(symbol=01055, indicator=市净率)",2026-08-08T20:42:28.083486+00:00,1H2025,2025-06-30,2025-08-29,4633.147552697392,announced_on_or_before_observation_date
airline_pb_history,01055.HK,China Southern Airlines,2025-11-20,2.45,akshare_baidu_valuation_history,"akshare.stock_hk_valuation_baidu(symbol=01055, indicator=市净率)",2026-08-08T20:42:28.083486+00:00,1H2025,2025-06-30,2025-08-29,4633.147552697392,announced_on_or_before_observation_date
airline_pb_history,01055.HK,China Southern Airlines,2025-11-21,2.33,akshare_baidu_valuation_history,"akshare.stock_hk_valuation_baidu(symbol=01055, indicator=市净率)",2026-08-08T20:42:28.083486+00:00,1H2025,2025-06-30,2025-08-29,4633.147552697392,announced_on_or_before_observation_date
airline_pb_history,01055.HK,China Southern Airlines,2025-11-22,2.33,akshare_baidu_valuation_history,"akshare.stock_hk_valuation_baidu(symbol=01055, indicator=市净率)",2026-08-08T20:42:28.083486+00:00,1H2025,2025-06-30,2025-08-29,4633.147552697392,announced_on_or_before_observation_date
airline_pb_history,01055.HK,China Southern Airlines,2025-11-23,2.33,akshare_baidu_valuation_history,"akshare.stock_hk_valuation_baidu(symbol=01055, indicator=市净率)",2026-08-08T20:42:28.083486+00:00,1H2025,2025-06-30,2025-08-29,4633.147552697392,announced_on_or_before_observation_date
airline_pb_history,01055.HK,China Southern Airlines,2025-11-24,2.31,akshare_baidu_valuation_history,"akshare.stock_hk_valuation_baidu(symbol=01055, indicator=市净率)",2026-08-08T20:42:28.083486+00:00,1H2025,2025-06-30,2025-08-29,4633.147552697392,announced_on_or_before_observation_date
airline_pb_history,01055.HK,China Southern Airlines,2025-11-25,2.26,akshare_baidu_valuation_history,"akshare.stock_hk_valuation_baidu(symbol=01055, indicator=市净率)",2026-08-08T20:42:28.083486+00:00,1H2025,2025-06-30,2025-08-29,4633.147552697392,announced_on_or_before_observation_date
airline_pb_history,01055.HK,China Southern Airlines,2025-11-26,2.3,akshare_baidu_valuation_history,"akshare.stock_hk_valuation_baidu(symbol=01055, indicator=市净率)",2026-08-08T20:42:28.083486+00:00,1H2025,2025-06-30,2025-08-29,4633.147552697392,announced_on_or_before_observation_date
airline_pb_history,01055.HK,China Southern Airlines,2025-11-27,2.33,akshare_baidu_valuation_history,"akshare.stock_hk_valuation_baidu(symbol=01055, indicator=市净率)",2026-08-08T20:42:28.083486+00:00,1H2025,2025-06-30,2025-08-29,4633.147552697392,announced_on_or_before_observation_date
airline_pb_history,01055.HK,China Southern Airlines,2025-11-28,2.35,akshare_baidu_valuation_history,"akshare.stock_hk_valuation_baidu(symbol=01055, indicator=市净率)",2026-08-08T20:42:28.083486+00:00,1H2025,2025-06-30,2025-08-29,4633.147552697392,announced_on_or_before_observation_date
airline_pb_history,01055.HK,China Southern Airlines,2025-11-29,2.35,akshare_baidu_valuation_history,"akshare.stock_hk_valuation_baidu(symbol=01055, indicator=市净率)",2026-08-08T20:42:28.083486+00:00,1H2025,2025-06-30,2025-08-29,4633.147552697392,announced_on_or_before_observation_date
airline_pb_history,01055.HK,China Southern Airlines,2025-11-30,2.35,akshare_baidu_valuation_history,"akshare.stock_hk_valuation_baidu(symbol=01055, indicator=市净率)",2026-08-08T20:42:28.083486+00:00,1H2025,2025-06-30,2025-08-29,4633.147552697392,announced_on_or_before_observation_date
airline_pb_history,01055.HK,China Southern Airlines,2025-12-01,2.42,akshare_baidu_valuation_history,"akshare.stock_hk_valuation_baidu(symbol=01055, indicator=市净率)",2026-08-08T20:42:28.083486+00:00,1H2025,2025-06-30,2025-08-29,4633.147552697392,announced_on_or_before_observation_date
airline_pb_history,01055.HK,China Southern Airlines,2025-12-02,2.39,akshare_baidu_valuation_history,"akshare.stock_hk_valuation_baidu(symbol=01055, indicator=市净率)",2026-08-08T20:42:28.083486+00:00,1H2025,2025-06-30,2025-08-29,4633.147552697392,announced_on_or_before_observation_date
airline_pb_history,01055.HK,China Southern Airlines,2025-12-03,2.44,akshare_baidu_valuation_history,"akshare.stock_hk_valuation_baidu(symbol=01055, indicator=市净率)",2026-08-08T20:42:28.083486+00:00,1H2025,2025-06-30,2025-08-29,4633.147552697392,announced_on_or_before_observation_date
airline_pb_history,01055.HK,China Southern Airlines,2025-12-04,2.47,akshare_baidu_valuation_history,"akshare.stock_hk_valuation_baidu(symbol=01055, indicator=市净率)",2026-08-08T20:42:28.083486+00:00,1H2025,2025-06-30,2025-08-29,4633.147552697392,announced_on_or_before_observation_date
airline_pb_history,01055.HK,China Southern Airlines,2025-12-05,2.39,akshare_baidu_valuation_history,"akshare.stock_hk_valuation_baidu(symbol=01055, indicator=市净率)",2026-08-08T20:42:28.083486+00:00,1H2025,2025-06-30,2025-08-29,4633.147552697392,announced_on_or_before_observation_date
airline_pb_history,01055.HK,China Southern Airlines,2025-12-06,2.39,akshare_baidu_valuation_history,"akshare.stock_hk_valuation_baidu(symbol=01055, indicator=市净率)",2026-08-08T20:42:28.083486+00:00,1H2025,2025-06-30,2025-08-29,4633.147552697392,announced_on_or_before_observation_date
airline_pb_history,01055.HK,China Southern Airlines,2025-12-07,2.39,akshare_baidu_valuation_history,"akshare.stock_hk_valuation_baidu(symbol=01055, indicator=市净率)",2026-08-08T20:42:28.083486+00:00,1H2025,2025-06-30,2025-08-29,4633.147552697392,announced_on_or_before_observation_date
airline_pb_history,01055.HK,China Southern Airlines,2025-12-08,2.4,akshare_baidu_valuation_history,"akshare.stock_hk_valuation_baidu(symbol=01055, indicator=市净率)",2026-08-08T20:42:28.083486+00:00,1H2025,2025-06-30,2025-08-29,4633.147552697392,announced_on_or_before_observation_date
airline_pb_history,01055.HK,China Southern Airlines,2025-12-09,2.32,akshare_baidu_valuation_history,"akshare.stock_hk_valuation_baidu(symbol=01055, indicator=市净率)",2026-08-08T20:42:28.083486+00:00,1H2025,2025-06-30,2025-08-29,4633.147552697392,announced_on_or_before_observation_date
airline_pb_history,01055.HK,China Southern Airlines,2025-12-10,2.3,akshare_baidu_valuation_history,"akshare.stock_hk_valuation_baidu(symbol=01055, indicator=市净率)",2026-08-08T20:42:28.083486+00:00,1H2025,2025-06-30,2025-08-29,4633.147552697392,announced_on_or_before_observation_date
airline_pb_history,01055.HK,China Southern Airlines,2025-12-11,2.29,akshare_baidu_valuation_history,"akshare.stock_hk_valuation_baidu(symbol=01055, indicator=市净率)",2026-08-08T20:42:28.083486+00:00,1H2025,2025-06-30,2025-08-29,4633.147552697392,announced_on_or_before_observation_date
airline_pb_history,01055.HK,China Southern Airlines,2025-12-12,2.34,akshare_baidu_valuation_history,"akshare.stock_hk_valuation_baidu(symbol=01055, indicator=市净率)",2026-08-08T20:42:28.083486+00:00,1H2025,2025-06-30,2025-08-29,4633.147552697392,announced_on_or_before_observation_date
airline_pb_history,01055.HK,China Southern Airlines,2025-12-13,2.34,akshare_baidu_valuation_history,"akshare.stock_hk_valuation_baidu(symbol=01055, indicator=市净率)",2026-08-08T20:42:28.083486+00:00,1H2025,2025-06-30,2025-08-29,4633.147552697392,announced_on_or_before_observation_date
airline_pb_history,01055.HK,China Southern Airlines,2025-12-14,2.34,akshare_baidu_valuation_history,"akshare.stock_hk_valuation_baidu(symbol=01055, indicator=市净率)",2026-08-08T20:42:28.083486+00:00,1H2025,2025-06-30,2025-08-29,4633.147552697392,announced_on_or_before_observation_date
airline_pb_history,01055.HK,China Southern Airlines,2025-12-15,2.32,akshare_baidu_valuation_history,"akshare.stock_hk_valuation_baidu(symbol=01055, indicator=市净率)",2026-08-08T20:42:28.083486+00:00,1H2025,2025-06-30,2025-08-29,4633.147552697392,announced_on_or_before_observation_date
airline_pb_history,01055.HK,China Southern Airlines,2025-12-16,2.35,akshare_baidu_valuation_history,"akshare.stock_hk_valuation_baidu(symbol=01055, indicator=市净率)",2026-08-08T20:42:28.083486+00:00,1H2025,2025-06-30,2025-08-29,4633.147552697392,announced_on_or_before_observation_date
airline_pb_history,01055.HK,China Southern Airlines,2025-12-17,2.49,akshare_baidu_valuation_history,"akshare.stock_hk_valuation_baidu(symbol=01055, indicator=市净率)",2026-08-08T20:42:28.083486+00:00,1H2025,2025-06-30,2025-08-29,4633.147552697392,announced_on_or_before_observation_date
airline_pb_history,01055.HK,China Southern Airlines,2025-12-18,2.63,akshare_baidu_valuation_history,"akshare.stock_hk_valuation_baidu(symbol=01055, indicator=市净率)",2026-08-08T20:42:28.083486+00:00,1H2025,2025-06-30,2025-08-29,4633.147552697392,announced_on_or_before_observation_date
airline_pb_history,01055.HK,China Southern Airlines,2025-12-19,2.6,akshare_baidu_valuation_history,"akshare.stock_hk_valuation_baidu(symbol=01055, indicator=市净率)",2026-08-08T20:42:28.083486+00:00,1H2025,2025-06-30,2025-08-29,4633.147552697392,announced_on_or_before_observation_date
airline_pb_history,01055.HK,China Southern Airlines,2025-12-20,2.6,akshare_baidu_valuation_history,"akshare.stock_hk_valuation_baidu(symbol=01055, indicator=市净率)",2026-08-08T20:42:28.083486+00:00,1H2025,2025-06-30,2025-08-29,4633.147552697392,announced_on_or_before_observation_date
airline_pb_history,01055.HK,China Southern Airlines,2025-12-21,2.6,akshare_baidu_valuation_history,"akshare.stock_hk_valuation_baidu(symbol=01055, indicator=市净率)",2026-08-08T20:42:28.083486+00:00,1H2025,2025-06-30,2025-08-29,4633.147552697392,announced_on_or_before_observation_date
airline_pb_history,01055.HK,China Southern Airlines,2025-12-22,2.56,akshare_baidu_valuation_history,"akshare.stock_hk_valuation_baidu(symbol=01055, indicator=市净率)",2026-08-08T20:42:28.083486+00:00,1H2025,2025-06-30,2025-08-29,4633.147552697392,announced_on_or_before_observation_date
airline_pb_history,01055.HK,China Southern Airlines,2025-12-23,2.52,akshare_baidu_valuation_history,"akshare.stock_hk_valuation_baidu(symbol=01055, indicator=市净率)",2026-08-08T20:42:28.083486+00:00,1H2025,2025-06-30,2025-08-29,4633.147552697392,announced_on_or_before_observation_date
airline_pb_history,01055.HK,China Southern Airlines,2025-12-24,2.5,akshare_baidu_valuation_history,"akshare.stock_hk_valuation_baidu(symbol=01055, indicator=市净率)",2026-08-08T20:42:28.083486+00:00,1H2025,2025-06-30,2025-08-29,4633.147552697392,announced_on_or_before_observation_date
airline_pb_history,01055.HK,China Southern Airlines,2025-12-25,2.5,akshare_baidu_valuation_history,"akshare.stock_hk_valuation_baidu(symbol=01055, indicator=市净率)",2026-08-08T20:42:28.083486+00:00,1H2025,2025-06-30,2025-08-29,4633.147552697392,announced_on_or_before_observation_date
airline_pb_history,01055.HK,China Southern Airlines,2025-12-26,2.5,akshare_baidu_valuation_history,"akshare.stock_hk_valuation_baidu(symbol=01055, indicator=市净率)",2026-08-08T20:42:28.083486+00:00,1H2025,2025-06-30,2025-08-29,4633.147552697392,announced_on_or_before_observation_date
airline_pb_history,01055.HK,China Southern Airlines,2025-12-27,2.5,akshare_baidu_valuation_history,"akshare.stock_hk_valuation_baidu(symbol=01055, indicator=市净率)",2026-08-08T20:42:28.083486+00:00,1H2025,2025-06-30,2025-08-29,4633.147552697392,announced_on_or_before_observation_date
airline_pb_history,01055.HK,China Southern Airlines,2025-12-28,2.5,akshare_baidu_valuation_history,"akshare.stock_hk_valuation_baidu(symbol=01055, indicator=市净率)",2026-08-08T20:42:28.083486+00:00,1H2025,2025-06-30,2025-08-29,4633.147552697392,announced_on_or_before_observation_date
airline_pb_history,01055.HK,China Southern Airlines,2025-12-29,2.53,akshare_baidu_valuation_history,"akshare.stock_hk_valuation_baidu(symbol=01055, indicator=市净率)",2026-08-08T20:42:28.083486+00:00,1H2025,2025-06-30,2025-08-29,4633.147552697392,announced_on_or_before_observation_date
airline_pb_history,01055.HK,China Southern Airlines,2025-12-30,2.49,akshare_baidu_valuation_history,"akshare.stock_hk_valuation_baidu(symbol=01055, indicator=市净率)",2026-08-08T20:42:28.083486+00:00,1H2025,2025-06-30,2025-08-29,4633.147552697392,announced_on_or_before_observation_date
airline_pb_history,01055.HK,China Southern Airlines,2025-12-31,2.6,akshare_baidu_valuation_history,"akshare.stock_hk_valuation_baidu(symbol=01055, indicator=市净率)",2026-08-08T20:42:28.083486+00:00,1H2025,2025-06-30,2025-08-29,4633.147552697392,announced_on_or_before_observation_date
airline_pb_history,01055.HK,China Southern Airlines,2026-01-01,2.6,akshare_baidu_valuation_history,"akshare.stock_hk_valuation_baidu(symbol=01055, indicator=市净率)",2026-08-08T20:42:28.083486+00:00,1H2025,2025-06-30,2025-08-29,4633.147552697392,announced_on_or_before_observation_date
airline_pb_history,01055.HK,China Southern Airlines,2026-01-02,2.62,akshare_baidu_valuation_history,"akshare.stock_hk_valuation_baidu(symbol=01055, indicator=市净率)",2026-08-08T20:42:28.083486+00:00,1H2025,2025-06-30,2025-08-29,4633.147552697392,announced_on_or_before_observation_date
airline_pb_history,01055.HK,China Southern Airlines,2026-01-03,2.62,akshare_baidu_valuation_history,"akshare.stock_hk_valuation_baidu(symbol=01055, indicator=市净率)",2026-08-08T20:42:28.083486+00:00,1H2025,2025-06-30,2025-08-29,4633.147552697392,announced_on_or_before_observation_date
airline_pb_history,01055.HK,China Southern Airlines,2026-01-04,2.62,akshare_baidu_valuation_history,"akshare.stock_hk_valuation_baidu(symbol=01055, indicator=市净率)",2026-08-08T20:42:28.083486+00:00,1H2025,2025-06-30,2025-08-29,4633.147552697392,announced_on_or_before_observation_date
airline_pb_history,01055.HK,China Southern Airlines,2026-01-05,2.64,akshare_baidu_valuation_history,"akshare.stock_hk_valuation_baidu(symbol=01055, indicator=市净率)",2026-08-08T20:42:28.083486+00:00,1H2025,2025-06-30,2025-08-29,4633.147552697392,announced_on_or_before_observation_date
airline_pb_history,01055.HK,China Southern Airlines,2026-01-06,2.72,akshare_baidu_valuation_history,"akshare.stock_hk_valuation_baidu(symbol=01055, indicator=市净率)",2026-08-08T20:42:28.083486+00:00,1H2025,2025-06-30,2025-08-29,4633.147552697392,announced_on_or_before_observation_date
airline_pb_history,01055.HK,China Southern Airlines,2026-01-07,2.69,akshare_baidu_valuation_history,"akshare.stock_hk_valuation_baidu(symbol=01055, indicator=市净率)",2026-08-08T20:42:28.083486+00:00,1H2025,2025-06-30,2025-08-29,4633.147552697392,announced_on_or_before_observation_date
airline_pb_history,01055.HK,China Southern Airlines,2026-01-08,2.71,akshare_baidu_valuation_history,"akshare.stock_hk_valuation_baidu(symbol=01055, indicator=市净率)",2026-08-08T20:42:28.083486+00:00,1H2025,2025-06-30,2025-08-29,4633.147552697392,announced_on_or_before_observation_date
airline_pb_history,01055.HK,China Southern Airlines,2026-01-09,2.61,akshare_baidu_valuation_history,"akshare.stock_hk_valuation_baidu(symbol=01055, indicator=市净率)",2026-08-08T20:42:28.083486+00:00,1H2025,2025-06-30,2025-08-29,4633.147552697392,announced_on_or_before_observation_date
airline_pb_history,01055.HK,China Southern Airlines,2026-01-10,2.61,akshare_baidu_valuation_history,"akshare.stock_hk_valuation_baidu(symbol=01055, indicator=市净率)",2026-08-08T20:42:28.083486+00:00,1H2025,2025-06-30,2025-08-29,4633.147552697392,announced_on_or_before_observation_date
airline_pb_history,01055.HK,China Southern Airlines,2026-01-11,2.61,akshare_baidu_valuation_history,"akshare.stock_hk_valuation_baidu(symbol=01055, indicator=市净率)",2026-08-08T20:42:28.083486+00:00,1H2025,2025-06-30,2025-08-29,4633.147552697392,announced_on_or_before_observation_date
airline_pb_history,01055.HK,China Southern Airlines,2026-01-12,2.56,akshare_baidu_valuation_history,"akshare.stock_hk_valuation_baidu(symbol=01055, indicator=市净率)",2026-08-08T20:42:28.083486+00:00,1H2025,2025-06-30,2025-08-29,4633.147552697392,announced_on_or_before_observation_date
airline_pb_history,01055.HK,China Southern Airlines,2026-01-13,2.53,akshare_baidu_valuation_history,"akshare.stock_hk_valuation_baidu(symbol=01055, indicator=市净率)",2026-08-08T20:42:28.083486+00:00,1H2025,2025-06-30,2025-08-29,4633.147552697392,announced_on_or_before_observation_date
airline_pb_history,01055.HK,China Southern Airlines,2026-01-14,2.48,akshare_baidu_valuation_history,"akshare.stock_hk_valuation_baidu(symbol=01055, indicator=市净率)",2026-08-08T20:42:28.083486+00:00,1H2025,2025-06-30,2025-08-29,4633.147552697392,announced_on_or_before_observation_date
airline_pb_history,01055.HK,China Southern Airlines,2026-01-15,2.52,akshare_baidu_valuation_history,"akshare.stock_hk_valuation_baidu(symbol=01055, indicator=市净率)",2026-08-08T20:42:28.083486+00:00,1H2025,2025-06-30,2025-08-29,4633.147552697392,announced_on_or_before_observation_date
airline_pb_history,01055.HK,China Southern Airlines,2026-01-16,2.48,akshare_baidu_valuation_history,"akshare.stock_hk_valuation_baidu(symbol=01055, indicator=市净率)",2026-08-08T20:42:28.083486+00:00,1H2025,2025-06-30,2025-08-29,4633.147552697392,announced_on_or_before_observation_date
airline_pb_history,01055.HK,China Southern Airlines,2026-01-17,2.48,akshare_baidu_valuation_history,"akshare.stock_hk_valuation_baidu(symbol=01055, indicator=市净率)",2026-08-08T20:42:28.083486+00:00,1H2025,2025-06-30,2025-08-29,4633.147552697392,announced_on_or_before_observation_date
airline_pb_history,01055.HK,China Southern Airlines,2026-01-18,2.48,akshare_baidu_valuation_history,"akshare.stock_hk_valuation_baidu(symbol=01055, indicator=市净率)",2026-08-08T20:42:28.083486+00:00,1H2025,2025-06-30,2025-08-29,4633.147552697392,announced_on_or_before_observation_date
airline_pb_history,01055.HK,China Southern Airlines,2026-01-19,2.64,akshare_baidu_valuation_history,"akshare.stock_hk_valuation_baidu(symbol=01055, indicator=市净率)",2026-08-08T20:42:28.083486+00:00,1H2025,2025-06-30,2025-08-29,4633.147552697392,announced_on_or_before_observation_date
airline_pb_history,01055.HK,China Southern Airlines,2026-01-20,2.76,akshare_baidu_valuation_history,"akshare.stock_hk_valuation_baidu(symbol=01055, indicator=市净率)",2026-08-08T20:42:28.083486+00:00,1H2025,2025-06-30,2025-08-29,4633.147552697392,announced_on_or_before_observation_date
airline_pb_history,01055.HK,China Southern Airlines,2026-01-21,2.77,akshare_baidu_valuation_history,"akshare.stock_hk_valuation_baidu(symbol=01055, indicator=市净率)",2026-08-08T20:42:28.083486+00:00,1H2025,2025-06-30,2025-08-29,4633.147552697392,announced_on_or_before_observation_date
airline_pb_history,01055.HK,China Southern Airlines,2026-01-22,2.73,akshare_baidu_valuation_history,"akshare.stock_hk_valuation_baidu(symbol=01055, indicator=市净率)",2026-08-08T20:42:28.083486+00:00,1H2025,2025-06-30,2025-08-29,4633.147552697392,announced_on_or_before_observation_date
airline_pb_history,01055.HK,China Southern Airlines,2026-01-23,2.66,akshare_baidu_valuation_history,"akshare.stock_hk_valuation_baidu(symbol=01055, indicator=市净率)",2026-08-08T20:42:28.083486+00:00,1H2025,2025-06-30,2025-08-29,4633.147552697392,announced_on_or_before_observation_date
airline_pb_history,01055.HK,China Southern Airlines,2026-01-24,2.66,akshare_baidu_valuation_history,"akshare.stock_hk_valuation_baidu(symbol=01055, indicator=市净率)",2026-08-08T20:42:28.083486+00:00,1H2025,2025-06-30,2025-08-29,4633.147552697392,announced_on_or_before_observation_date
airline_pb_history,01055.HK,China Southern Airlines,2026-01-25,2.66,akshare_baidu_valuation_history,"akshare.stock_hk_valuation_baidu(symbol=01055, indicator=市净率)",2026-08-08T20:42:28.083486+00:00,1H2025,2025-06-30,2025-08-29,4633.147552697392,announced_on_or_before_observation_date
airline_pb_history,01055.HK,China Southern Airlines,2026-01-26,2.63,akshare_baidu_valuation_history,"akshare.stock_hk_valuation_baidu(symbol=01055, indicator=市净率)",2026-08-08T20:42:28.083486+00:00,1H2025,2025-06-30,2025-08-29,4633.147552697392,announced_on_or_before_observation_date
airline_pb_history,01055.HK,China Southern Airlines,2026-01-27,2.68,akshare_baidu_valuation_history,"akshare.stock_hk_valuation_baidu(symbol=01055, indicator=市净率)",2026-08-08T20:42:28.083486+00:00,1H2025,2025-06-30,2025-08-29,4633.147552697392,announced_on_or_before_observation_date
airline_pb_history,01055.HK,China Southern Airlines,2026-01-28,2.5,akshare_baidu_valuation_history,"akshare.stock_hk_valuation_baidu(symbol=01055, indicator=市净率)",2026-08-08T20:42:28.083486+00:00,1H2025,2025-06-30,2025-08-29,4633.147552697392,announced_on_or_before_observation_date
airline_pb_history,01055.HK,China Southern Airlines,2026-01-29,2.53,akshare_baidu_valuation_history,"akshare.stock_hk_valuation_baidu(symbol=01055, indicator=市净率)",2026-08-08T20:42:28.083486+00:00,1H2025,2025-06-30,2025-08-29,4633.147552697392,announced_on_or_before_observation_date
airline_pb_history,01055.HK,China Southern Airlines,2026-01-30,2.6,akshare_baidu_valuation_history,"akshare.stock_hk_valuation_baidu(symbol=01055, indicator=市净率)",2026-08-08T20:42:28.083486+00:00,1H2025,2025-06-30,2025-08-29,4633.147552697392,announced_on_or_before_observation_date
airline_pb_history,01055.HK,China Southern Airlines,2026-01-31,2.6,akshare_baidu_valuation_history,"akshare.stock_hk_valuation_baidu(symbol=01055, indicator=市净率)",2026-08-08T20:42:28.083486+00:00,1H2025,2025-06-30,2025-08-29,4633.147552697392,announced_on_or_before_observation_date
airline_pb_history,01055.HK,China Southern Airlines,2026-02-01,2.6,akshare_baidu_valuation_history,"akshare.stock_hk_valuation_baidu(symbol=01055, indicator=市净率)",2026-08-08T20:42:28.083486+00:00,1H2025,2025-06-30,2025-08-29,4633.147552697392,announced_on_or_before_observation_date
airline_pb_history,01055.HK,China Southern Airlines,2026-02-02,2.59,akshare_baidu_valuation_history,"akshare.stock_hk_valuation_baidu(symbol=01055, indicator=市净率)",2026-08-08T20:42:28.083486+00:00,1H2025,2025-06-30,2025-08-29,4633.147552697392,announced_on_or_before_observation_date
airline_pb_history,01055.HK,China Southern Airlines,2026-02-03,2.73,akshare_baidu_valuation_history,"akshare.stock_hk_valuation_baidu(symbol=01055, indicator=市净率)",2026-08-08T20:42:28.083486+00:00,1H2025,2025-06-30,2025-08-29,4633.147552697392,announced_on_or_before_observation_date
airline_pb_history,01055.HK,China Southern Airlines,2026-02-04,2.88,akshare_baidu_valuation_history,"akshare.stock_hk_valuation_baidu(symbol=01055, indicator=市净率)",2026-08-08T20:42:28.083486+00:00,1H2025,2025-06-30,2025-08-29,4633.147552697392,announced_on_or_before_observation_date
airline_pb_history,01055.HK,China Southern Airlines,2026-02-05,2.9,akshare_baidu_valuation_history,"akshare.stock_hk_valuation_baidu(symbol=01055, indicator=市净率)",2026-08-08T20:42:28.083486+00:00,1H2025,2025-06-30,2025-08-29,4633.147552697392,announced_on_or_before_observation_date
airline_pb_history,01055.HK,China Southern Airlines,2026-02-06,2.84,akshare_baidu_valuation_history,"akshare.stock_hk_valuation_baidu(symbol=01055, indicator=市净率)",2026-08-08T20:42:28.083486+00:00,1H2025,2025-06-30,2025-08-29,4633.147552697392,announced_on_or_before_observation_date
airline_pb_history,01055.HK,China Southern Airlines,2026-02-07,2.84,akshare_baidu_valuation_history,"akshare.stock_hk_valuation_baidu(symbol=01055, indicator=市净率)",2026-08-08T20:42:28.083486+00:00,1H2025,2025-06-30,2025-08-29,4633.147552697392,announced_on_or_before_observation_date
airline_pb_history,01055.HK,China Southern Airlines,2026-02-08,2.84,akshare_baidu_valuation_history,"akshare.stock_hk_valuation_baidu(symbol=01055, indicator=市净率)",2026-08-08T20:42:28.083486+00:00,1H2025,2025-06-30,2025-08-29,4633.147552697392,announced_on_or_before_observation_date
airline_pb_history,01055.HK,China Southern Airlines,2026-02-09,2.88,akshare_baidu_valuation_history,"akshare.stock_hk_valuation_baidu(symbol=01055, indicator=市净率)",2026-08-08T20:42:28.083486+00:00,1H2025,2025-06-30,2025-08-29,4633.147552697392,announced_on_or_before_observation_date
airline_pb_history,01055.HK,China Southern Airlines,2026-02-10,2.89,akshare_baidu_valuation_history,"akshare.stock_hk_valuation_baidu(symbol=01055, indicator=市净率)",2026-08-08T20:42:28.083486+00:00,1H2025,2025-06-30,2025-08-29,4633.147552697392,announced_on_or_before_observation_date
airline_pb_history,01055.HK,China Southern Airlines,2026-02-11,2.85,akshare_baidu_valuation_history,"akshare.stock_hk_valuation_baidu(symbol=01055, indicator=市净率)",2026-08-08T20:42:28.083486+00:00,1H2025,2025-06-30,2025-08-29,4633.147552697392,announced_on_or_before_observation_date
airline_pb_history,01055.HK,China Southern Airlines,2026-02-12,2.84,akshare_baidu_valuation_history,"akshare.stock_hk_valuation_baidu(symbol=01055, indicator=市净率)",2026-08-08T20:42:28.083486+00:00,1H2025,2025-06-30,2025-08-29,4633.147552697392,announced_on_or_before_observation_date
airline_pb_history,01055.HK,China Southern Airlines,2026-02-13,2.78,akshare_baidu_valuation_history,"akshare.stock_hk_valuation_baidu(symbol=01055, indicator=市净率)",2026-08-08T20:42:28.083486+00:00,1H2025,2025-06-30,2025-08-29,4633.147552697392,announced_on_or_before_observation_date
airline_pb_history,01055.HK,China Southern Airlines,2026-02-14,2.78,akshare_baidu_valuation_history,"akshare.stock_hk_valuation_baidu(symbol=01055, indicator=市净率)",2026-08-08T20:42:28.083486+00:00,1H2025,2025-06-30,2025-08-29,4633.147552697392,announced_on_or_before_observation_date
airline_pb_history,01055.HK,China Southern Airlines,2026-02-15,2.78,akshare_baidu_valuation_history,"akshare.stock_hk_valuation_baidu(symbol=01055, indicator=市净率)",2026-08-08T20:42:28.083486+00:00,1H2025,2025-06-30,2025-08-29,4633.147552697392,announced_on_or_before_observation_date
airline_pb_history,01055.HK,China Southern Airlines,2026-02-16,2.76,akshare_baidu_valuation_history,"akshare.stock_hk_valuation_baidu(symbol=01055, indicator=市净率)",2026-08-08T20:42:28.083486+00:00,1H2025,2025-06-30,2025-08-29,4633.147552697392,announced_on_or_before_observation_date
airline_pb_history,01055.HK,China Southern Airlines,2026-02-17,2.76,akshare_baidu_valuation_history,"akshare.stock_hk_valuation_baidu(symbol=01055, indicator=市净率)",2026-08-08T20:42:28.083486+00:00,1H2025,2025-06-30,2025-08-29,4633.147552697392,announced_on_or_before_observation_date
airline_pb_history,01055.HK,China Southern Airlines,2026-02-18,2.76,akshare_baidu_valuation_history,"akshare.stock_hk_valuation_baidu(symbol=01055, indicator=市净率)",2026-08-08T20:42:28.083486+00:00,1H2025,2025-06-30,2025-08-29,4633.147552697392,announced_on_or_before_observation_date
airline_pb_history,01055.HK,China Southern Airlines,2026-02-19,2.76,akshare_baidu_valuation_history,"akshare.stock_hk_valuation_baidu(symbol=01055, indicator=市净率)",2026-08-08T20:42:28.083486+00:00,1H2025,2025-06-30,2025-08-29,4633.147552697392,announced_on_or_before_observation_date
airline_pb_history,01055.HK,China Southern Airlines,2026-02-20,2.74,akshare_baidu_valuation_history,"akshare.stock_hk_valuation_baidu(symbol=01055, indicator=市净率)",2026-08-08T20:42:28.083486+00:00,1H2025,2025-06-30,2025-08-29,4633.147552697392,announced_on_or_before_observation_date
airline_pb_history,01055.HK,China Southern Airlines,2026-02-21,2.74,akshare_baidu_valuation_history,"akshare.stock_hk_valuation_baidu(symbol=01055, indicator=市净率)",2026-08-08T20:42:28.083486+00:00,1H2025,2025-06-30,2025-08-29,4633.147552697392,announced_on_or_before_observation_date
airline_pb_history,01055.HK,China Southern Airlines,2026-02-22,2.74,akshare_baidu_valuation_history,"akshare.stock_hk_valuation_baidu(symbol=01055, indicator=市净率)",2026-08-08T20:42:28.083486+00:00,1H2025,2025-06-30,2025-08-29,4633.147552697392,announced_on_or_before_observation_date
airline_pb_history,01055.HK,China Southern Airlines,2026-02-23,2.74,akshare_baidu_valuation_history,"akshare.stock_hk_valuation_baidu(symbol=01055, indicator=市净率)",2026-08-08T20:42:28.083486+00:00,1H2025,2025-06-30,2025-08-29,4633.147552697392,announced_on_or_before_observation_date
airline_pb_history,01055.HK,China Southern Airlines,2026-02-24,2.68,akshare_baidu_valuation_history,"akshare.stock_hk_valuation_baidu(symbol=01055, indicator=市净率)",2026-08-08T20:42:28.083486+00:00,1H2025,2025-06-30,2025-08-29,4633.147552697392,announced_on_or_before_observation_date
airline_pb_history,01055.HK,China Southern Airlines,2026-02-25,2.75,akshare_baidu_valuation_history,"akshare.stock_hk_valuation_baidu(symbol=01055, indicator=市净率)",2026-08-08T20:42:28.083486+00:00,1H2025,2025-06-30,2025-08-29,4633.147552697392,announced_on_or_before_observation_date
airline_pb_history,01055.HK,China Southern Airlines,2026-02-26,2.77,akshare_baidu_valuation_history,"akshare.stock_hk_valuation_baidu(symbol=01055, indicator=市净率)",2026-08-08T20:42:28.083486+00:00,1H2025,2025-06-30,2025-08-29,4633.147552697392,announced_on_or_before_observation_date
airline_pb_history,01055.HK,China Southern Airlines,2026-02-27,2.63,akshare_baidu_valuation_history,"akshare.stock_hk_valuation_baidu(symbol=01055, indicator=市净率)",2026-08-08T20:42:28.083486+00:00,1H2025,2025-06-30,2025-08-29,4633.147552697392,announced_on_or_before_observation_date
airline_pb_history,01055.HK,China Southern Airlines,2026-02-28,2.63,akshare_baidu_valuation_history,"akshare.stock_hk_valuation_baidu(symbol=01055, indicator=市净率)",2026-08-08T20:42:28.083486+00:00,1H2025,2025-06-30,2025-08-29,4633.147552697392,announced_on_or_before_observation_date
airline_pb_history,01055.HK,China Southern Airlines,2026-03-01,2.63,akshare_baidu_valuation_history,"akshare.stock_hk_valuation_baidu(symbol=01055, indicator=市净率)",2026-08-08T20:42:28.083486+00:00,1H2025,2025-06-30,2025-08-29,4633.147552697392,announced_on_or_before_observation_date
airline_pb_history,01055.HK,China Southern Airlines,2026-03-02,2.41,akshare_baidu_valuation_history,"akshare.stock_hk_valuation_baidu(symbol=01055, indicator=市净率)",2026-08-08T20:42:28.083486+00:00,1H2025,2025-06-30,2025-08-29,4633.147552697392,announced_on_or_before_observation_date
airline_pb_history,01055.HK,China Southern Airlines,2026-03-03,2.35,akshare_baidu_valuation_history,"akshare.stock_hk_valuation_baidu(symbol=01055, indicator=市净率)",2026-08-08T20:42:28.083486+00:00,1H2025,2025-06-30,2025-08-29,4633.147552697392,announced_on_or_before_observation_date
airline_pb_history,01055.HK,China Southern Airlines,2026-03-04,2.29,akshare_baidu_valuation_history,"akshare.stock_hk_valuation_baidu(symbol=01055, indicator=市净率)",2026-08-08T20:42:28.083486+00:00,1H2025,2025-06-30,2025-08-29,4633.147552697392,announced_on_or_before_observation_date
airline_pb_history,01055.HK,China Southern Airlines,2026-03-05,2.19,akshare_baidu_valuation_history,"akshare.stock_hk_valuation_baidu(symbol=01055, indicator=市净率)",2026-08-08T20:42:28.083486+00:00,1H2025,2025-06-30,2025-08-29,4633.147552697392,announced_on_or_before_observation_date
airline_pb_history,01055.HK,China Southern Airlines,2026-03-06,2.19,akshare_baidu_valuation_history,"akshare.stock_hk_valuation_baidu(symbol=01055, indicator=市净率)",2026-08-08T20:42:28.083486+00:00,1H2025,2025-06-30,2025-08-29,4633.147552697392,announced_on_or_before_observation_date
airline_pb_history,01055.HK,China Southern Airlines,2026-03-07,2.19,akshare_baidu_valuation_history,"akshare.stock_hk_valuation_baidu(symbol=01055, indicator=市净率)",2026-08-08T20:42:28.083486+00:00,1H2025,2025-06-30,2025-08-29,4633.147552697392,announced_on_or_before_observation_date
airline_pb_history,01055.HK,China Southern Airlines,2026-03-08,2.19,akshare_baidu_valuation_history,"akshare.stock_hk_valuation_baidu(symbol=01055, indicator=市净率)",2026-08-08T20:42:28.083486+00:00,1H2025,2025-06-30,2025-08-29,4633.147552697392,announced_on_or_before_observation_date
airline_pb_history,01055.HK,China Southern Airlines,2026-03-09,2.15,akshare_baidu_valuation_history,"akshare.stock_hk_valuation_baidu(symbol=01055, indicator=市净率)",2026-08-08T20:42:28.083486+00:00,1H2025,2025-06-30,2025-08-29,4633.147552697392,announced_on_or_before_observation_date
airline_pb_history,01055.HK,China Southern Airlines,2026-03-10,2.2,akshare_baidu_valuation_history,"akshare.stock_hk_valuation_baidu(symbol=01055, indicator=市净率)",2026-08-08T20:42:28.083486+00:00,1H2025,2025-06-30,2025-08-29,4633.147552697392,announced_on_or_before_observation_date
airline_pb_history,01055.HK,China Southern Airlines,2026-03-11,2.16,akshare_baidu_valuation_history,"akshare.stock_hk_valuation_baidu(symbol=01055, indicator=市净率)",2026-08-08T20:42:28.083486+00:00,1H2025,2025-06-30,2025-08-29,4633.147552697392,announced_on_or_before_observation_date
airline_pb_history,01055.HK,China Southern Airlines,2026-03-12,2.17,akshare_baidu_valuation_history,"akshare.stock_hk_valuation_baidu(symbol=01055, indicator=市净率)",2026-08-08T20:42:28.083486+00:00,1H2025,2025-06-30,2025-08-29,4633.147552697392,announced_on_or_before_observation_date
airline_pb_history,01055.HK,China Southern Airlines,2026-03-13,2.08,akshare_baidu_valuation_history,"akshare.stock_hk_valuation_baidu(symbol=01055, indicator=市净率)",2026-08-08T20:42:28.083486+00:00,1H2025,2025-06-30,2025-08-29,4633.147552697392,announced_on_or_before_observation_date
airline_pb_history,01055.HK,China Southern Airlines,2026-03-14,2.08,akshare_baidu_valuation_history,"akshare.stock_hk_valuation_baidu(symbol=01055, indicator=市净率)",2026-08-08T20:42:28.083486+00:00,1H2025,2025-06-30,2025-08-29,4633.147552697392,announced_on_or_before_observation_date
airline_pb_history,01055.HK,China Southern Airlines,2026-03-15,2.08,akshare_baidu_valuation_history,"akshare.stock_hk_valuation_baidu(symbol=01055, indicator=市净率)",2026-08-08T20:42:28.083486+00:00,1H2025,2025-06-30,2025-08-29,4633.147552697392,announced_on_or_before_observation_date
airline_pb_history,01055.HK,China Southern Airlines,2026-03-16,2.07,akshare_baidu_valuation_history,"akshare.stock_hk_valuation_baidu(symbol=01055, indicator=市净率)",2026-08-08T20:42:28.083486+00:00,1H2025,2025-06-30,2025-08-29,4633.147552697392,announced_on_or_before_observation_date
airline_pb_history,01055.HK,China Southern Airlines,2026-03-17,2.05,akshare_baidu_valuation_history,"akshare.stock_hk_valuation_baidu(symbol=01055, indicator=市净率)",2026-08-08T20:42:28.083486+00:00,1H2025,2025-06-30,2025-08-29,4633.147552697392,announced_on_or_before_observation_date
airline_pb_history,01055.HK,China Southern Airlines,2026-03-18,2.01,akshare_baidu_valuation_history,"akshare.stock_hk_valuation_baidu(symbol=01055, indicator=市净率)",2026-08-08T20:42:28.083486+00:00,1H2025,2025-06-30,2025-08-29,4633.147552697392,announced_on_or_before_observation_date
airline_pb_history,01055.HK,China Southern Airlines,2026-03-19,1.92,akshare_baidu_valuation_history,"akshare.stock_hk_valuation_baidu(symbol=01055, indicator=市净率)",2026-08-08T20:42:28.083486+00:00,1H2025,2025-06-30,2025-08-29,4633.147552697392,announced_on_or_before_observation_date
airline_pb_history,01055.HK,China Southern Airlines,2026-03-20,1.91,akshare_baidu_valuation_history,"akshare.stock_hk_valuation_baidu(symbol=01055, indicator=市净率)",2026-08-08T20:42:28.083486+00:00,1H2025,2025-06-30,2025-08-29,4633.147552697392,announced_on_or_before_observation_date
airline_pb_history,01055.HK,China Southern Airlines,2026-03-21,1.91,akshare_baidu_valuation_history,"akshare.stock_hk_valuation_baidu(symbol=01055, indicator=市净率)",2026-08-08T20:42:28.083486+00:00,1H2025,2025-06-30,2025-08-29,4633.147552697392,announced_on_or_before_observation_date
airline_pb_history,01055.HK,China Southern Airlines,2026-03-22,1.91,akshare_baidu_valuation_history,"akshare.stock_hk_valuation_baidu(symbol=01055, indicator=市净率)",2026-08-08T20:42:28.083486+00:00,1H2025,2025-06-30,2025-08-29,4633.147552697392,announced_on_or_before_observation_date
airline_pb_history,01055.HK,China Southern Airlines,2026-03-23,1.76,akshare_baidu_valuation_history,"akshare.stock_hk_valuation_baidu(symbol=01055, indicator=市净率)",2026-08-08T20:42:28.083486+00:00,1H2025,2025-06-30,2025-08-29,4633.147552697392,announced_on_or_before_observation_date
airline_pb_history,01055.HK,China Southern Airlines,2026-03-24,1.84,akshare_baidu_valuation_history,"akshare.stock_hk_valuation_baidu(symbol=01055, indicator=市净率)",2026-08-08T20:42:28.083486+00:00,1H2025,2025-06-30,2025-08-29,4633.147552697392,announced_on_or_before_observation_date
airline_pb_history,01055.HK,China Southern Airlines,2026-03-25,1.89,akshare_baidu_valuation_history,"akshare.stock_hk_valuation_baidu(symbol=01055, indicator=市净率)",2026-08-08T20:42:28.083486+00:00,1H2025,2025-06-30,2025-08-29,4633.147552697392,announced_on_or_before_observation_date
airline_pb_history,01055.HK,China Southern Airlines,2026-03-26,1.8,akshare_baidu_valuation_history,"akshare.stock_hk_valuation_baidu(symbol=01055, indicator=市净率)",2026-08-08T20:42:28.083486+00:00,1H2025,2025-06-30,2025-08-29,4633.147552697392,announced_on_or_before_observation_date
airline_pb_history,01055.HK,China Southern Airlines,2026-03-27,1.81,akshare_baidu_valuation_history,"akshare.stock_hk_valuation_baidu(symbol=01055, indicator=市净率)",2026-08-08T20:42:28.083486+00:00,1H2025,2025-06-30,2025-08-29,4633.147552697392,announced_on_or_before_observation_date
airline_pb_history,01055.HK,China Southern Airlines,2026-03-28,1.81,akshare_baidu_valuation_history,"akshare.stock_hk_valuation_baidu(symbol=01055, indicator=市净率)",2026-08-08T20:42:28.083486+00:00,1H2025,2025-06-30,2025-08-29,4633.147552697392,announced_on_or_before_observation_date
airline_pb_history,01055.HK,China Southern Airlines,2026-03-29,1.81,akshare_baidu_valuation_history,"akshare.stock_hk_valuation_baidu(symbol=01055, indicator=市净率)",2026-08-08T20:42:28.083486+00:00,1H2025,2025-06-30,2025-08-29,4633.147552697392,announced_on_or_before_observation_date
airline_pb_history,01055.HK,China Southern Airlines,2026-03-30,1.81,akshare_baidu_valuation_history,"akshare.stock_hk_valuation_baidu(symbol=01055, indicator=市净率)",2026-08-08T20:42:28.083486+00:00,1H2025,2025-06-30,2025-08-29,4633.147552697392,announced_on_or_before_observation_date
airline_pb_history,01055.HK,China Southern Airlines,2026-03-31,1.78,akshare_baidu_valuation_history,"akshare.stock_hk_valuation_baidu(symbol=01055, indicator=市净率)",2026-08-08T20:42:28.083486+00:00,1H2025,2025-06-30,2025-08-29,4633.147552697392,announced_on_or_before_observation_date
airline_pb_history,01055.HK,China Southern Airlines,2026-04-01,1.93,akshare_baidu_valuation_history,"akshare.stock_hk_valuation_baidu(symbol=01055, indicator=市净率)",2026-08-08T20:42:28.083486+00:00,1H2025,2025-06-30,2025-08-29,4633.147552697392,announced_on_or_before_observation_date
airline_pb_history,01055.HK,China Southern Airlines,2026-04-02,1.85,akshare_baidu_valuation_history,"akshare.stock_hk_valuation_baidu(symbol=01055, indicator=市净率)",2026-08-08T20:42:28.083486+00:00,1H2025,2025-06-30,2025-08-29,4633.147552697392,announced_on_or_before_observation_date
airline_pb_history,01055.HK,China Southern Airlines,2026-04-03,1.85,akshare_baidu_valuation_history,"akshare.stock_hk_valuation_baidu(symbol=01055, indicator=市净率)",2026-08-08T20:42:28.083486+00:00,1H2025,2025-06-30,2025-08-29,4633.147552697392,announced_on_or_before_observation_date
airline_pb_history,01055.HK,China Southern Airlines,2026-04-04,1.85,akshare_baidu_valuation_history,"akshare.stock_hk_valuation_baidu(symbol=01055, indicator=市净率)",2026-08-08T20:42:28.083486+00:00,1H2025,2025-06-30,2025-08-29,4633.147552697392,announced_on_or_before_observation_date
airline_pb_history,01055.HK,China Southern Airlines,2026-04-05,1.85,akshare_baidu_valuation_history,"akshare.stock_hk_valuation_baidu(symbol=01055, indicator=市净率)",2026-08-08T20:42:28.083486+00:00,1H2025,2025-06-30,2025-08-29,4633.147552697392,announced_on_or_before_observation_date
airline_pb_history,01055.HK,China Southern Airlines,2026-04-06,1.85,akshare_baidu_valuation_history,"akshare.stock_hk_valuation_baidu(symbol=01055, indicator=市净率)",2026-08-08T20:42:28.083486+00:00,1H2025,2025-06-30,2025-08-29,4633.147552697392,announced_on_or_before_observation_date
airline_pb_history,01055.HK,China Southern Airlines,2026-04-07,1.85,akshare_baidu_valuation_history,"akshare.stock_hk_valuation_baidu(symbol=01055, indicator=市净率)",2026-08-08T20:42:28.083486+00:00,1H2025,2025-06-30,2025-08-29,4633.147552697392,announced_on_or_before_observation_date
airline_pb_history,01055.HK,China Southern Airlines,2026-04-08,1.96,akshare_baidu_valuation_history,"akshare.stock_hk_valuation_baidu(symbol=01055, indicator=市净率)",2026-08-08T20:42:28.083486+00:00,1H2025,2025-06-30,2025-08-29,4633.147552697392,announced_on_or_before_observation_date
airline_pb_history,01055.HK,China Southern Airlines,2026-04-09,1.9,akshare_baidu_valuation_history,"akshare.stock_hk_valuation_baidu(symbol=01055, indicator=市净率)",2026-08-08T20:42:28.083486+00:00,1H2025,2025-06-30,2025-08-29,4633.147552697392,announced_on_or_before_observation_date
airline_pb_history,01055.HK,China Southern Airlines,2026-04-10,1.92,akshare_baidu_valuation_history,"akshare.stock_hk_valuation_baidu(symbol=01055, indicator=市净率)",2026-08-08T20:42:28.083486+00:00,1H2025,2025-06-30,2025-08-29,4633.147552697392,announced_on_or_before_observation_date
airline_pb_history,01055.HK,China Southern Airlines,2026-04-11,1.92,akshare_baidu_valuation_history,"akshare.stock_hk_valuation_baidu(symbol=01055, indicator=市净率)",2026-08-08T20:42:28.083486+00:00,1H2025,2025-06-30,2025-08-29,4633.147552697392,announced_on_or_before_observation_date
airline_pb_history,01055.HK,China Southern Airlines,2026-04-12,1.92,akshare_baidu_valuation_history,"akshare.stock_hk_valuation_baidu(symbol=01055, indicator=市净率)",2026-08-08T20:42:28.083486+00:00,1H2025,2025-06-30,2025-08-29,4633.147552697392,announced_on_or_before_observation_date
airline_pb_history,01055.HK,China Southern Airlines,2026-04-13,1.88,akshare_baidu_valuation_history,"akshare.stock_hk_valuation_baidu(symbol=01055, indicator=市净率)",2026-08-08T20:42:28.083486+00:00,1H2025,2025-06-30,2025-08-29,4633.147552697392,announced_on_or_before_observation_date
airline_pb_history,01055.HK,China Southern Airlines,2026-04-14,1.89,akshare_baidu_valuation_history,"akshare.stock_hk_valuation_baidu(symbol=01055, indicator=市净率)",2026-08-08T20:42:28.083486+00:00,1H2025,2025-06-30,2025-08-29,4633.147552697392,announced_on_or_before_observation_date
airline_pb_history,01055.HK,China Southern Airlines,2026-04-15,1.93,akshare_baidu_valuation_history,"akshare.stock_hk_valuation_baidu(symbol=01055, indicator=市净率)",2026-08-08T20:42:28.083486+00:00,1H2025,2025-06-30,2025-08-29,4633.147552697392,announced_on_or_before_observation_date
airline_pb_history,01055.HK,China Southern Airlines,2026-04-16,1.94,akshare_baidu_valuation_history,"akshare.stock_hk_valuation_baidu(symbol=01055, indicator=市净率)",2026-08-08T20:42:28.083486+00:00,1H2025,2025-06-30,2025-08-29,4633.147552697392,announced_on_or_before_observation_date
airline_pb_history,01055.HK,China Southern Airlines,2026-04-17,1.9,akshare_baidu_valuation_history,"akshare.stock_hk_valuation_baidu(symbol=01055, indicator=市净率)",2026-08-08T20:42:28.083486+00:00,1H2025,2025-06-30,2025-08-29,4633.147552697392,announced_on_or_before_observation_date
airline_pb_history,01055.HK,China Southern Airlines,2026-04-18,1.9,akshare_baidu_valuation_history,"akshare.stock_hk_valuation_baidu(symbol=01055, indicator=市净率)",2026-08-08T20:42:28.083486+00:00,1H2025,2025-06-30,2025-08-29,4633.147552697392,announced_on_or_before_observation_date
airline_pb_history,01055.HK,China Southern Airlines,2026-04-19,1.9,akshare_baidu_valuation_history,"akshare.stock_hk_valuation_baidu(symbol=01055, indicator=市净率)",2026-08-08T20:42:28.083486+00:00,1H2025,2025-06-30,2025-08-29,4633.147552697392,announced_on_or_before_observation_date
airline_pb_history,01055.HK,China Southern Airlines,2026-04-20,1.97,akshare_baidu_valuation_history,"akshare.stock_hk_valuation_baidu(symbol=01055, indicator=市净率)",2026-08-08T20:42:28.083486+00:00,1H2025,2025-06-30,2025-08-29,4633.147552697392,announced_on_or_before_observation_date
airline_pb_history,01055.HK,China Southern Airlines,2026-04-21,1.96,akshare_baidu_valuation_history,"akshare.stock_hk_valuation_baidu(symbol=01055, indicator=市净率)",2026-08-08T20:42:28.083486+00:00,1H2025,2025-06-30,2025-08-29,4633.147552697392,announced_on_or_before_observation_date
airline_pb_history,01055.HK,China Southern Airlines,2026-04-22,1.95,akshare_baidu_valuation_history,"akshare.stock_hk_valuation_baidu(symbol=01055, indicator=市净率)",2026-08-08T20:42:28.083486+00:00,1H2025,2025-06-30,2025-08-29,4633.147552697392,announced_on_or_before_observation_date
airline_pb_history,01055.HK,China Southern Airlines,2026-04-23,1.87,akshare_baidu_valuation_history,"akshare.stock_hk_valuation_baidu(symbol=01055, indicator=市净率)",2026-08-08T20:42:28.083486+00:00,1H2025,2025-06-30,2025-08-29,4633.147552697392,announced_on_or_before_observation_date
airline_pb_history,01055.HK,China Southern Airlines,2026-04-24,1.88,akshare_baidu_valuation_history,"akshare.stock_hk_valuation_baidu(symbol=01055, indicator=市净率)",2026-08-08T20:42:28.083486+00:00,1H2025,2025-06-30,2025-08-29,4633.147552697392,announced_on_or_before_observation_date
airline_pb_history,01055.HK,China Southern Airlines,2026-04-25,1.88,akshare_baidu_valuation_history,"akshare.stock_hk_valuation_baidu(symbol=01055, indicator=市净率)",2026-08-08T20:42:28.083486+00:00,1H2025,2025-06-30,2025-08-29,4633.147552697392,announced_on_or_before_observation_date
airline_pb_history,01055.HK,China Southern Airlines,2026-04-26,1.88,akshare_baidu_valuation_history,"akshare.stock_hk_valuation_baidu(symbol=01055, indicator=市净率)",2026-08-08T20:42:28.083486+00:00,1H2025,2025-06-30,2025-08-29,4633.147552697392,announced_on_or_before_observation_date
airline_pb_history,01055.HK,China Southern Airlines,2026-04-27,1.86,akshare_baidu_valuation_history,"akshare.stock_hk_valuation_baidu(symbol=01055, indicator=市净率)",2026-08-08T20:42:28.083486+00:00,1H2025,2025-06-30,2025-08-29,4633.147552697392,announced_on_or_before_observation_date
airline_pb_history,01055.HK,China Southern Airlines,2026-04-28,1.81,akshare_baidu_valuation_history,"akshare.stock_hk_valuation_baidu(symbol=01055, indicator=市净率)",2026-08-08T20:42:28.083486+00:00,1H2025,2025-06-30,2025-08-29,4633.147552697392,announced_on_or_before_observation_date
airline_pb_history,01055.HK,China Southern Airlines,2026-04-29,1.75,akshare_baidu_valuation_history,"akshare.stock_hk_valuation_baidu(symbol=01055, indicator=市净率)",2026-08-08T20:42:28.083486+00:00,1H2025,2025-06-30,2025-08-29,4633.147552697392,announced_on_or_before_observation_date
airline_pb_history,01055.HK,China Southern Airlines,2026-04-30,1.71,akshare_baidu_valuation_history,"akshare.stock_hk_valuation_baidu(symbol=01055, indicator=市净率)",2026-08-08T20:42:28.083486+00:00,1H2025,2025-06-30,2025-08-29,4633.147552697392,announced_on_or_before_observation_date
airline_pb_history,01055.HK,China Southern Airlines,2026-05-01,1.71,akshare_baidu_valuation_history,"akshare.stock_hk_valuation_baidu(symbol=01055, indicator=市净率)",2026-08-08T20:42:28.083486+00:00,1H2025,2025-06-30,2025-08-29,4633.147552697392,announced_on_or_before_observation_date
airline_pb_history,01055.HK,China Southern Airlines,2026-05-02,1.71,akshare_baidu_valuation_history,"akshare.stock_hk_valuation_baidu(symbol=01055, indicator=市净率)",2026-08-08T20:42:28.083486+00:00,1H2025,2025-06-30,2025-08-29,4633.147552697392,announced_on_or_before_observation_date
airline_pb_history,01055.HK,China Southern Airlines,2026-05-03,1.71,akshare_baidu_valuation_history,"akshare.stock_hk_valuation_baidu(symbol=01055, indicator=市净率)",2026-08-08T20:42:28.083486+00:00,1H2025,2025-06-30,2025-08-29,4633.147552697392,announced_on_or_before_observation_date
airline_pb_history,01055.HK,China Southern Airlines,2026-05-04,1.79,akshare_baidu_valuation_history,"akshare.stock_hk_valuation_baidu(symbol=01055, indicator=市净率)",2026-08-08T20:42:28.083486+00:00,1H2025,2025-06-30,2025-08-29,4633.147552697392,announced_on_or_before_observation_date
airline_pb_history,01055.HK,China Southern Airlines,2026-05-05,1.76,akshare_baidu_valuation_history,"akshare.stock_hk_valuation_baidu(symbol=01055, indicator=市净率)",2026-08-08T20:42:28.083486+00:00,1H2025,2025-06-30,2025-08-29,4633.147552697392,announced_on_or_before_observation_date
airline_pb_history,01055.HK,China Southern Airlines,2026-05-06,1.8,akshare_baidu_valuation_history,"akshare.stock_hk_valuation_baidu(symbol=01055, indicator=市净率)",2026-08-08T20:42:28.083486+00:00,1H2025,2025-06-30,2025-08-29,4633.147552697392,announced_on_or_before_observation_date
airline_pb_history,01055.HK,China Southern Airlines,2026-05-07,1.89,akshare_baidu_valuation_history,"akshare.stock_hk_valuation_baidu(symbol=01055, indicator=市净率)",2026-08-08T20:42:28.083486+00:00,1H2025,2025-06-30,2025-08-29,4633.147552697392,announced_on_or_before_observation_date
airline_pb_history,01055.HK,China Southern Airlines,2026-05-08,1.91,akshare_baidu_valuation_history,"akshare.stock_hk_valuation_baidu(symbol=01055, indicator=市净率)",2026-08-08T20:42:28.083486+00:00,1H2025,2025-06-30,2025-08-29,4633.147552697392,announced_on_or_before_observation_date
airline_pb_history,01055.HK,China Southern Airlines,2026-05-09,1.91,akshare_baidu_valuation_history,"akshare.stock_hk_valuation_baidu(symbol=01055, indicator=市净率)",2026-08-08T20:42:28.083486+00:00,1H2025,2025-06-30,2025-08-29,4633.147552697392,announced_on_or_before_observation_date
airline_pb_history,01055.HK,China Southern Airlines,2026-05-10,1.91,akshare_baidu_valuation_history,"akshare.stock_hk_valuation_baidu(symbol=01055, indicator=市净率)",2026-08-08T20:42:28.083486+00:00,1H2025,2025-06-30,2025-08-29,4633.147552697392,announced_on_or_before_observation_date
airline_pb_history,01055.HK,China Southern Airlines,2026-05-11,1.86,akshare_baidu_valuation_history,"akshare.stock_hk_valuation_baidu(symbol=01055, indicator=市净率)",2026-08-08T20:42:28.083486+00:00,1H2025,2025-06-30,2025-08-29,4633.147552697392,announced_on_or_before_observation_date
airline_pb_history,01055.HK,China Southern Airlines,2026-05-12,1.84,akshare_baidu_valuation_history,"akshare.stock_hk_valuation_baidu(symbol=01055, indicator=市净率)",2026-08-08T20:42:28.083486+00:00,1H2025,2025-06-30,2025-08-29,4633.147552697392,announced_on_or_before_observation_date
airline_pb_history,01055.HK,China Southern Airlines,2026-05-13,1.84,akshare_baidu_valuation_history,"akshare.stock_hk_valuation_baidu(symbol=01055, indicator=市净率)",2026-08-08T20:42:28.083486+00:00,1H2025,2025-06-30,2025-08-29,4633.147552697392,announced_on_or_before_observation_date
airline_pb_history,01055.HK,China Southern Airlines,2026-05-14,1.77,akshare_baidu_valuation_history,"akshare.stock_hk_valuation_baidu(symbol=01055, indicator=市净率)",2026-08-08T20:42:28.083486+00:00,1H2025,2025-06-30,2025-08-29,4633.147552697392,announced_on_or_before_observation_date
airline_pb_history,01055.HK,China Southern Airlines,2026-05-15,1.7,akshare_baidu_valuation_history,"akshare.stock_hk_valuation_baidu(symbol=01055, indicator=市净率)",2026-08-08T20:42:28.083486+00:00,1H2025,2025-06-30,2025-08-29,4633.147552697392,announced_on_or_before_observation_date
airline_pb_history,01055.HK,China Southern Airlines,2026-05-16,1.7,akshare_baidu_valuation_history,"akshare.stock_hk_valuation_baidu(symbol=01055, indicator=市净率)",2026-08-08T20:42:28.083486+00:00,1H2025,2025-06-30,2025-08-29,4633.147552697392,announced_on_or_before_observation_date
airline_pb_history,01055.HK,China Southern Airlines,2026-05-17,1.7,akshare_baidu_valuation_history,"akshare.stock_hk_valuation_baidu(symbol=01055, indicator=市净率)",2026-08-08T20:42:28.083486+00:00,1H2025,2025-06-30,2025-08-29,4633.147552697392,announced_on_or_before_observation_date
airline_pb_history,01055.HK,China Southern Airlines,2026-05-18,1.62,akshare_baidu_valuation_history,"akshare.stock_hk_valuation_baidu(symbol=01055, indicator=市净率)",2026-08-08T20:42:28.083486+00:00,1H2025,2025-06-30,2025-08-29,4633.147552697392,announced_on_or_before_observation_date
airline_pb_history,01055.HK,China Southern Airlines,2026-05-19,1.64,akshare_baidu_valuation_history,"akshare.stock_hk_valuation_baidu(symbol=01055, indicator=市净率)",2026-08-08T20:42:28.083486+00:00,1H2025,2025-06-30,2025-08-29,4633.147552697392,announced_on_or_before_observation_date
airline_pb_history,01055.HK,China Southern Airlines,2026-05-20,1.62,akshare_baidu_valuation_history,"akshare.stock_hk_valuation_baidu(symbol=01055, indicator=市净率)",2026-08-08T20:42:28.083486+00:00,1H2025,2025-06-30,2025-08-29,4633.147552697392,announced_on_or_before_observation_date
airline_pb_history,01055.HK,China Southern Airlines,2026-05-21,1.67,akshare_baidu_valuation_history,"akshare.stock_hk_valuation_baidu(symbol=01055, indicator=市净率)",2026-08-08T20:42:28.083486+00:00,1H2025,2025-06-30,2025-08-29,4633.147552697392,announced_on_or_before_observation_date
airline_pb_history,01055.HK,China Southern Airlines,2026-05-22,1.66,akshare_baidu_valuation_history,"akshare.stock_hk_valuation_baidu(symbol=01055, indicator=市净率)",2026-08-08T20:42:28.083486+00:00,1H2025,2025-06-30,2025-08-29,4633.147552697392,announced_on_or_before_observation_date
airline_pb_history,01055.HK,China Southern Airlines,2026-05-23,1.66,akshare_baidu_valuation_history,"akshare.stock_hk_valuation_baidu(symbol=01055, indicator=市净率)",2026-08-08T20:42:28.083486+00:00,1H2025,2025-06-30,2025-08-29,4633.147552697392,announced_on_or_before_observation_date
airline_pb_history,01055.HK,China Southern Airlines,2026-05-24,1.66,akshare_baidu_valuation_history,"akshare.stock_hk_valuation_baidu(symbol=01055, indicator=市净率)",2026-08-08T20:42:28.083486+00:00,1H2025,2025-06-30,2025-08-29,4633.147552697392,announced_on_or_before_observation_date
airline_pb_history,01055.HK,China Southern Airlines,2026-05-25,1.66,akshare_baidu_valuation_history,"akshare.stock_hk_valuation_baidu(symbol=01055, indicator=市净率)",2026-08-08T20:42:28.083486+00:00,1H2025,2025-06-30,2025-08-29,4633.147552697392,announced_on_or_before_observation_date
airline_pb_history,01055.HK,China Southern Airlines,2026-05-26,1.73,akshare_baidu_valuation_history,"akshare.stock_hk_valuation_baidu(symbol=01055, indicator=市净率)",2026-08-08T20:42:28.083486+00:00,1H2025,2025-06-30,2025-08-29,4633.147552697392,announced_on_or_before_observation_date
airline_pb_history,01055.HK,China Southern Airlines,2026-05-27,1.68,akshare_baidu_valuation_history,"akshare.stock_hk_valuation_baidu(symbol=01055, indicator=市净率)",2026-08-08T20:42:28.083486+00:00,1H2025,2025-06-30,2025-08-29,4633.147552697392,announced_on_or_before_observation_date
airline_pb_history,01055.HK,China Southern Airlines,2026-05-28,1.63,akshare_baidu_valuation_history,"akshare.stock_hk_valuation_baidu(symbol=01055, indicator=市净率)",2026-08-08T20:42:28.083486+00:00,1H2025,2025-06-30,2025-08-29,4633.147552697392,announced_on_or_before_observation_date
airline_pb_history,01055.HK,China Southern Airlines,2026-05-29,1.68,akshare_baidu_valuation_history,"akshare.stock_hk_valuation_baidu(symbol=01055, indicator=市净率)",2026-08-08T20:42:28.083486+00:00,1H2025,2025-06-30,2025-08-29,4633.147552697392,announced_on_or_before_observation_date
airline_pb_history,01055.HK,China Southern Airlines,2026-05-30,1.68,akshare_baidu_valuation_history,"akshare.stock_hk_valuation_baidu(symbol=01055, indicator=市净率)",2026-08-08T20:42:28.083486+00:00,1H2025,2025-06-30,2025-08-29,4633.147552697392,announced_on_or_before_observation_date
airline_pb_history,01055.HK,China Southern Airlines,2026-05-31,1.68,akshare_baidu_valuation_history,"akshare.stock_hk_valuation_baidu(symbol=01055, indicator=市净率)",2026-08-08T20:42:28.083486+00:00,1H2025,2025-06-30,2025-08-29,4633.147552697392,announced_on_or_before_observation_date
airline_pb_history,01055.HK,China Southern Airlines,2026-06-01,1.65,akshare_baidu_valuation_history,"akshare.stock_hk_valuation_baidu(symbol=01055, indicator=市净率)",2026-08-08T20:42:28.083486+00:00,1H2025,2025-06-30,2025-08-29,4633.147552697392,announced_on_or_before_observation_date
airline_pb_history,01055.HK,China Southern Airlines,2026-06-02,1.65,akshare_baidu_valuation_history,"akshare.stock_hk_valuation_baidu(symbol=01055, indicator=市净率)",2026-08-08T20:42:28.083486+00:00,1H2025,2025-06-30,2025-08-29,4633.147552697392,announced_on_or_before_observation_date
airline_pb_history,01055.HK,China Southern Airlines,2026-06-03,1.59,akshare_baidu_valuation_history,"akshare.stock_hk_valuation_baidu(symbol=01055, indicator=市净率)",2026-08-08T20:42:28.083486+00:00,1H2025,2025-06-30,2025-08-29,4633.147552697392,announced_on_or_before_observation_date
airline_pb_history,01055.HK,China Southern Airlines,2026-06-04,1.57,akshare_baidu_valuation_history,"akshare.stock_hk_valuation_baidu(symbol=01055, indicator=市净率)",2026-08-08T20:42:28.083486+00:00,1H2025,2025-06-30,2025-08-29,4633.147552697392,announced_on_or_before_observation_date
airline_pb_history,01055.HK,China Southern Airlines,2026-06-05,1.55,akshare_baidu_valuation_history,"akshare.stock_hk_valuation_baidu(symbol=01055, indicator=市净率)",2026-08-08T20:42:28.083486+00:00,1H2025,2025-06-30,2025-08-29,4633.147552697392,announced_on_or_before_observation_date
airline_pb_history,01055.HK,China Southern Airlines,2026-06-06,1.55,akshare_baidu_valuation_history,"akshare.stock_hk_valuation_baidu(symbol=01055, indicator=市净率)",2026-08-08T20:42:28.083486+00:00,1H2025,2025-06-30,2025-08-29,4633.147552697392,announced_on_or_before_observation_date
airline_pb_history,01055.HK,China Southern Airlines,2026-06-07,1.55,akshare_baidu_valuation_history,"akshare.stock_hk_valuation_baidu(symbol=01055, indicator=市净率)",2026-08-08T20:42:28.083486+00:00,1H2025,2025-06-30,2025-08-29,4633.147552697392,announced_on_or_before_observation_date
airline_pb_history,01055.HK,China Southern Airlines,2026-06-08,1.48,akshare_baidu_valuation_history,"akshare.stock_hk_valuation_baidu(symbol=01055, indicator=市净率)",2026-08-08T20:42:28.083486+00:00,1H2025,2025-06-30,2025-08-29,4633.147552697392,announced_on_or_before_observation_date
airline_pb_history,01055.HK,China Southern Airlines,2026-06-09,1.52,akshare_baidu_valuation_history,"akshare.stock_hk_valuation_baidu(symbol=01055, indicator=市净率)",2026-08-08T20:42:28.083486+00:00,1H2025,2025-06-30,2025-08-29,4633.147552697392,announced_on_or_before_observation_date
airline_pb_history,01055.HK,China Southern Airlines,2026-06-10,1.51,akshare_baidu_valuation_history,"akshare.stock_hk_valuation_baidu(symbol=01055, indicator=市净率)",2026-08-08T20:42:28.083486+00:00,1H2025,2025-06-30,2025-08-29,4633.147552697392,announced_on_or_before_observation_date
airline_pb_history,01055.HK,China Southern Airlines,2026-06-11,1.48,akshare_baidu_valuation_history,"akshare.stock_hk_valuation_baidu(symbol=01055, indicator=市净率)",2026-08-08T20:42:28.083486+00:00,1H2025,2025-06-30,2025-08-29,4633.147552697392,announced_on_or_before_observation_date
airline_pb_history,01055.HK,China Southern Airlines,2026-06-12,1.56,akshare_baidu_valuation_history,"akshare.stock_hk_valuation_baidu(symbol=01055, indicator=市净率)",2026-08-08T20:42:28.083486+00:00,1H2025,2025-06-30,2025-08-29,4633.147552697392,announced_on_or_before_observation_date
airline_pb_history,01055.HK,China Southern Airlines,2026-06-13,1.56,akshare_baidu_valuation_history,"akshare.stock_hk_valuation_baidu(symbol=01055, indicator=市净率)",2026-08-08T20:42:28.083486+00:00,1H2025,2025-06-30,2025-08-29,4633.147552697392,announced_on_or_before_observation_date
airline_pb_history,01055.HK,China Southern Airlines,2026-06-14,1.56,akshare_baidu_valuation_history,"akshare.stock_hk_valuation_baidu(symbol=01055, indicator=市净率)",2026-08-08T20:42:28.083486+00:00,1H2025,2025-06-30,2025-08-29,4633.147552697392,announced_on_or_before_observation_date
airline_pb_history,01055.HK,China Southern Airlines,2026-06-15,1.68,akshare_baidu_valuation_history,"akshare.stock_hk_valuation_baidu(symbol=01055, indicator=市净率)",2026-08-08T20:42:28.083486+00:00,1H2025,2025-06-30,2025-08-29,4633.147552697392,announced_on_or_before_observation_date
airline_pb_history,01055.HK,China Southern Airlines,2026-06-16,1.66,akshare_baidu_valuation_history,"akshare.stock_hk_valuation_baidu(symbol=01055, indicator=市净率)",2026-08-08T20:42:28.083486+00:00,1H2025,2025-06-30,2025-08-29,4633.147552697392,announced_on_or_before_observation_date
airline_pb_history,01055.HK,China Southern Airlines,2026-06-17,1.65,akshare_baidu_valuation_history,"akshare.stock_hk_valuation_baidu(symbol=01055, indicator=市净率)",2026-08-08T20:42:28.083486+00:00,1H2025,2025-06-30,2025-08-29,4633.147552697392,announced_on_or_before_observation_date
airline_pb_history,01055.HK,China Southern Airlines,2026-06-18,1.59,akshare_baidu_valuation_history,"akshare.stock_hk_valuation_baidu(symbol=01055, indicator=市净率)",2026-08-08T20:42:28.083486+00:00,1H2025,2025-06-30,2025-08-29,4633.147552697392,announced_on_or_before_observation_date
airline_pb_history,01055.HK,China Southern Airlines,2026-06-19,1.59,akshare_baidu_valuation_history,"akshare.stock_hk_valuation_baidu(symbol=01055, indicator=市净率)",2026-08-08T20:42:28.083486+00:00,1H2025,2025-06-30,2025-08-29,4633.147552697392,announced_on_or_before_observation_date
airline_pb_history,01055.HK,China Southern Airlines,2026-06-20,1.59,akshare_baidu_valuation_history,"akshare.stock_hk_valuation_baidu(symbol=01055, indicator=市净率)",2026-08-08T20:42:28.083486+00:00,1H2025,2025-06-30,2025-08-29,4633.147552697392,announced_on_or_before_observation_date
airline_pb_history,01055.HK,China Southern Airlines,2026-06-21,1.59,akshare_baidu_valuation_history,"akshare.stock_hk_valuation_baidu(symbol=01055, indicator=市净率)",2026-08-08T20:42:28.083486+00:00,1H2025,2025-06-30,2025-08-29,4633.147552697392,announced_on_or_before_observation_date
airline_pb_history,01055.HK,China Southern Airlines,2026-06-22,1.55,akshare_baidu_valuation_history,"akshare.stock_hk_valuation_baidu(symbol=01055, indicator=市净率)",2026-08-08T20:42:28.083486+00:00,1H2025,2025-06-30,2025-08-29,4633.147552697392,announced_on_or_before_observation_date
airline_pb_history,01055.HK,China Southern Airlines,2026-06-23,1.5,akshare_baidu_valuation_history,"akshare.stock_hk_valuation_baidu(symbol=01055, indicator=市净率)",2026-08-08T20:42:28.083486+00:00,1H2025,2025-06-30,2025-08-29,4633.147552697392,announced_on_or_before_observation_date
airline_pb_history,01055.HK,China Southern Airlines,2026-06-24,1.5,akshare_baidu_valuation_history,"akshare.stock_hk_valuation_baidu(symbol=01055, indicator=市净率)",2026-08-08T20:42:28.083486+00:00,1H2025,2025-06-30,2025-08-29,4633.147552697392,announced_on_or_before_observation_date
airline_pb_history,01055.HK,China Southern Airlines,2026-06-25,1.57,akshare_baidu_valuation_history,"akshare.stock_hk_valuation_baidu(symbol=01055, indicator=市净率)",2026-08-08T20:42:28.083486+00:00,1H2025,2025-06-30,2025-08-29,4633.147552697392,announced_on_or_before_observation_date
airline_pb_history,01055.HK,China Southern Airlines,2026-06-26,1.55,akshare_baidu_valuation_history,"akshare.stock_hk_valuation_baidu(symbol=01055, indicator=市净率)",2026-08-08T20:42:28.083486+00:00,1H2025,2025-06-30,2025-08-29,4633.147552697392,announced_on_or_before_observation_date
airline_pb_history,01055.HK,China Southern Airlines,2026-06-27,1.55,akshare_baidu_valuation_history,"akshare.stock_hk_valuation_baidu(symbol=01055, indicator=市净率)",2026-08-08T20:42:28.083486+00:00,1H2025,2025-06-30,2025-08-29,4633.147552697392,announced_on_or_before_observation_date
airline_pb_history,01055.HK,China Southern Airlines,2026-06-28,1.55,akshare_baidu_valuation_history,"akshare.stock_hk_valuation_baidu(symbol=01055, indicator=市净率)",2026-08-08T20:42:28.083486+00:00,1H2025,2025-06-30,2025-08-29,4633.147552697392,announced_on_or_before_observation_date
airline_pb_history,01055.HK,China Southern Airlines,2026-06-29,1.5,akshare_baidu_valuation_history,"akshare.stock_hk_valuation_baidu(symbol=01055, indicator=市净率)",2026-08-08T20:42:28.083486+00:00,1H2025,2025-06-30,2025-08-29,4633.147552697392,announced_on_or_before_observation_date
airline_pb_history,01055.HK,China Southern Airlines,2026-06-30,1.46,akshare_baidu_valuation_history,"akshare.stock_hk_valuation_baidu(symbol=01055, indicator=市净率)",2026-08-08T20:42:28.083486+00:00,1H2025,2025-06-30,2025-08-29,4633.147552697392,announced_on_or_before_observation_date
airline_pb_history,01055.HK,China Southern Airlines,2026-07-01,1.46,akshare_baidu_valuation_history,"akshare.stock_hk_valuation_baidu(symbol=01055, indicator=市净率)",2026-08-08T20:42:28.083486+00:00,1H2025,2025-06-30,2025-08-29,4633.147552697392,announced_on_or_before_observation_date
airline_pb_history,01055.HK,China Southern Airlines,2026-07-02,1.46,akshare_baidu_valuation_history,"akshare.stock_hk_valuation_baidu(symbol=01055, indicator=市净率)",2026-08-08T20:42:28.083486+00:00,1H2025,2025-06-30,2025-08-29,4633.147552697392,announced_on_or_before_observation_date
airline_pb_history,01055.HK,China Southern Airlines,2026-07-03,1.46,akshare_baidu_valuation_history,"akshare.stock_hk_valuation_baidu(symbol=01055, indicator=市净率)",2026-08-08T20:42:28.083486+00:00,1H2025,2025-06-30,2025-08-29,4633.147552697392,announced_on_or_before_observation_date
airline_pb_history,01055.HK,China Southern Airlines,2026-07-04,1.46,akshare_baidu_valuation_history,"akshare.stock_hk_valuation_baidu(symbol=01055, indicator=市净率)",2026-08-08T20:42:28.083486+00:00,1H2025,2025-06-30,2025-08-29,4633.147552697392,announced_on_or_before_observation_date
airline_pb_history,01055.HK,China Southern Airlines,2026-07-05,1.46,akshare_baidu_valuation_history,"akshare.stock_hk_valuation_baidu(symbol=01055, indicator=市净率)",2026-08-08T20:42:28.083486+00:00,1H2025,2025-06-30,2025-08-29,4633.147552697392,announced_on_or_before_observation_date
airline_pb_history,01055.HK,China Southern Airlines,2026-07-06,1.52,akshare_baidu_valuation_history,"akshare.stock_hk_valuation_baidu(symbol=01055, indicator=市净率)",2026-08-08T20:42:28.083486+00:00,1H2025,2025-06-30,2025-08-29,4633.147552697392,announced_on_or_before_observation_date
airline_pb_history,01055.HK,China Southern Airlines,2026-07-07,1.48,akshare_baidu_valuation_history,"akshare.stock_hk_valuation_baidu(symbol=01055, indicator=市净率)",2026-08-08T20:42:28.083486+00:00,1H2025,2025-06-30,2025-08-29,4633.147552697392,announced_on_or_before_observation_date
airline_pb_history,01055.HK,China Southern Airlines,2026-07-08,1.48,akshare_baidu_valuation_history,"akshare.stock_hk_valuation_baidu(symbol=01055, indicator=市净率)",2026-08-08T20:42:28.083486+00:00,1H2025,2025-06-30,2025-08-29,4633.147552697392,announced_on_or_before_observation_date
airline_pb_history,01055.HK,China Southern Airlines,2026-07-09,1.43,akshare_baidu_valuation_history,"akshare.stock_hk_valuation_baidu(symbol=01055, indicator=市净率)",2026-08-08T20:42:28.083486+00:00,1H2025,2025-06-30,2025-08-29,4633.147552697392,announced_on_or_before_observation_date
airline_pb_history,01055.HK,China Southern Airlines,2026-07-10,1.47,akshare_baidu_valuation_history,"akshare.stock_hk_valuation_baidu(symbol=01055, indicator=市净率)",2026-08-08T20:42:28.083486+00:00,1H2025,2025-06-30,2025-08-29,4633.147552697392,announced_on_or_before_observation_date
airline_pb_history,01055.HK,China Southern Airlines,2026-07-11,1.47,akshare_baidu_valuation_history,"akshare.stock_hk_valuation_baidu(symbol=01055, indicator=市净率)",2026-08-08T20:42:28.083486+00:00,1H2025,2025-06-30,2025-08-29,4633.147552697392,announced_on_or_before_observation_date
airline_pb_history,01055.HK,China Southern Airlines,2026-07-12,1.47,akshare_baidu_valuation_history,"akshare.stock_hk_valuation_baidu(symbol=01055, indicator=市净率)",2026-08-08T20:42:28.083486+00:00,1H2025,2025-06-30,2025-08-29,4633.147552697392,announced_on_or_before_observation_date
airline_pb_history,01055.HK,China Southern Airlines,2026-07-13,1.44,akshare_baidu_valuation_history,"akshare.stock_hk_valuation_baidu(symbol=01055, indicator=市净率)",2026-08-08T20:42:28.083486+00:00,1H2025,2025-06-30,2025-08-29,4633.147552697392,announced_on_or_before_observation_date
airline_pb_history,01055.HK,China Southern Airlines,2026-07-14,1.45,akshare_baidu_valuation_history,"akshare.stock_hk_valuation_baidu(symbol=01055, indicator=市净率)",2026-08-08T20:42:28.083486+00:00,1H2025,2025-06-30,2025-08-29,4633.147552697392,announced_on_or_before_observation_date
airline_pb_history,01055.HK,China Southern Airlines,2026-07-15,1.42,akshare_baidu_valuation_history,"akshare.stock_hk_valuation_baidu(symbol=01055, indicator=市净率)",2026-08-08T20:42:28.083486+00:00,1H2025,2025-06-30,2025-08-29,4633.147552697392,announced_on_or_before_observation_date
airline_pb_history,01055.HK,China Southern Airlines,2026-07-16,1.45,akshare_baidu_valuation_history,"akshare.stock_hk_valuation_baidu(symbol=01055, indicator=市净率)",2026-08-08T20:42:28.083486+00:00,1H2025,2025-06-30,2025-08-29,4633.147552697392,announced_on_or_before_observation_date
airline_pb_history,01055.HK,China Southern Airlines,2026-07-17,1.39,akshare_baidu_valuation_history,"akshare.stock_hk_valuation_baidu(symbol=01055, indicator=市净率)",2026-08-08T20:42:28.083486+00:00,1H2025,2025-06-30,2025-08-29,4633.147552697392,announced_on_or_before_observation_date
airline_pb_history,01055.HK,China Southern Airlines,2026-07-18,1.39,akshare_baidu_valuation_history,"akshare.stock_hk_valuation_baidu(symbol=01055, indicator=市净率)",2026-08-08T20:42:28.083486+00:00,1H2025,2025-06-30,2025-08-29,4633.147552697392,announced_on_or_before_observation_date
airline_pb_history,01055.HK,China Southern Airlines,2026-07-19,1.39,akshare_baidu_valuation_history,"akshare.stock_hk_valuation_baidu(symbol=01055, indicator=市净率)",2026-08-08T20:42:28.083486+00:00,1H2025,2025-06-30,2025-08-29,4633.147552697392,announced_on_or_before_observation_date
airline_pb_history,01055.HK,China Southern Airlines,2026-07-20,1.46,akshare_baidu_valuation_history,"akshare.stock_hk_valuation_baidu(symbol=01055, indicator=市净率)",2026-08-08T20:42:28.083486+00:00,1H2025,2025-06-30,2025-08-29,4633.147552697392,announced_on_or_before_observation_date
airline_pb_history,01055.HK,China Southern Airlines,2026-07-21,1.5,akshare_baidu_valuation_history,"akshare.stock_hk_valuation_baidu(symbol=01055, indicator=市净率)",2026-08-08T20:42:28.083486+00:00,1H2025,2025-06-30,2025-08-29,4633.147552697392,announced_on_or_before_observation_date
airline_pb_history,01055.HK,China Southern Airlines,2026-07-22,1.5,akshare_baidu_valuation_history,"akshare.stock_hk_valuation_baidu(symbol=01055, indicator=市净率)",2026-08-08T20:42:28.083486+00:00,1H2025,2025-06-30,2025-08-29,4633.147552697392,announced_on_or_before_observation_date
airline_pb_history,01055.HK,China Southern Airlines,2026-07-23,1.49,akshare_baidu_valuation_history,"akshare.stock_hk_valuation_baidu(symbol=01055, indicator=市净率)",2026-08-08T20:42:28.083486+00:00,1H2025,2025-06-30,2025-08-29,4633.147552697392,announced_on_or_before_observation_date
airline_pb_history,01055.HK,China Southern Airlines,2026-07-24,1.45,akshare_baidu_valuation_history,"akshare.stock_hk_valuation_baidu(symbol=01055, indicator=市净率)",2026-08-08T20:42:28.083486+00:00,1H2025,2025-06-30,2025-08-29,4633.147552697392,announced_on_or_before_observation_date
airline_pb_history,01055.HK,China Southern Airlines,2026-07-25,1.45,akshare_baidu_valuation_history,"akshare.stock_hk_valuation_baidu(symbol=01055, indicator=市净率)",2026-08-08T20:42:28.083486+00:00,1H2025,2025-06-30,2025-08-29,4633.147552697392,announced_on_or_before_observation_date
airline_pb_history,01055.HK,China Southern Airlines,2026-07-26,1.45,akshare_baidu_valuation_history,"akshare.stock_hk_valuation_baidu(symbol=01055, indicator=市净率)",2026-08-08T20:42:28.083486+00:00,1H2025,2025-06-30,2025-08-29,4633.147552697392,announced_on_or_before_observation_date
airline_pb_history,01055.HK,China Southern Airlines,2026-07-27,1.55,akshare_baidu_valuation_history,"akshare.stock_hk_valuation_baidu(symbol=01055, indicator=市净率)",2026-08-08T20:42:28.083486+00:00,1H2025,2025-06-30,2025-08-29,4633.147552697392,announced_on_or_before_observation_date
airline_pb_history,01055.HK,China Southern Airlines,2026-07-28,1.52,akshare_baidu_valuation_history,"akshare.stock_hk_valuation_baidu(symbol=01055, indicator=市净率)",2026-08-08T20:42:28.083486+00:00,1H2025,2025-06-30,2025-08-29,4633.147552697392,announced_on_or_before_observation_date
airline_pb_history,01055.HK,China Southern Airlines,2026-07-29,1.53,akshare_baidu_valuation_history,"akshare.stock_hk_valuation_baidu(symbol=01055, indicator=市净率)",2026-08-08T20:42:28.083486+00:00,1H2025,2025-06-30,2025-08-29,4633.147552697392,announced_on_or_before_observation_date
airline_pb_history,01055.HK,China Southern Airlines,2026-07-30,1.52,akshare_baidu_valuation_history,"akshare.stock_hk_valuation_baidu(symbol=01055, indicator=市净率)",2026-08-08T20:42:28.083486+00:00,1H2025,2025-06-30,2025-08-29,4633.147552697392,announced_on_or_before_observation_date
airline_pb_history,01055.HK,China Southern Airlines,2026-07-31,1.52,akshare_baidu_valuation_history,"akshare.stock_hk_valuation_baidu(symbol=01055, indicator=市净率)",2026-08-08T20:42:28.083486+00:00,1H2025,2025-06-30,2025-08-29,4633.147552697392,announced_on_or_before_observation_date
airline_pb_history,01055.HK,China Southern Airlines,2026-08-01,1.52,akshare_baidu_valuation_history,"akshare.stock_hk_valuation_baidu(symbol=01055, indicator=市净率)",2026-08-08T20:42:28.083486+00:00,1H2025,2025-06-30,2025-08-29,4633.147552697392,announced_on_or_before_observation_date
airline_pb_history,01055.HK,China Southern Airlines,2026-08-02,1.52,akshare_baidu_valuation_history,"akshare.stock_hk_valuation_baidu(symbol=01055, indicator=市净率)",2026-08-08T20:42:28.083486+00:00,1H2025,2025-06-30,2025-08-29,4633.147552697392,announced_on_or_before_observation_date
airline_pb_history,01055.HK,China Southern Airlines,2026-08-03,1.54,akshare_baidu_valuation_history,"akshare.stock_hk_valuation_baidu(symbol=01055, indicator=市净率)",2026-08-08T20:42:28.083486+00:00,1H2025,2025-06-30,2025-08-29,4633.147552697392,announced_on_or_before_observation_date
airline_pb_history,01055.HK,China Southern Airlines,2026-08-04,1.51,akshare_baidu_valuation_history,"akshare.stock_hk_valuation_baidu(symbol=01055, indicator=市净率)",2026-08-08T20:42:28.083486+00:00,1H2025,2025-06-30,2025-08-29,4633.147552697392,announced_on_or_before_observation_date
airline_pb_history,01055.HK,China Southern Airlines,2026-08-05,1.53,akshare_baidu_valuation_history,"akshare.stock_hk_valuation_baidu(symbol=01055, indicator=市净率)",2026-08-08T20:42:28.083486+00:00,1H2025,2025-06-30,2025-08-29,4633.147552697392,announced_on_or_before_observation_date
airline_pb_history,01055.HK,China Southern Airlines,2026-08-06,1.53,akshare_baidu_valuation_history,"akshare.stock_hk_valuation_baidu(symbol=01055, indicator=市净率)",2026-08-08T20:42:28.083486+00:00,1H2025,2025-06-30,2025-08-29,4633.147552697392,announced_on_or_before_observation_date
airline_pb_history,01055.HK,China Southern Airlines,2026-08-07,1.48,akshare_baidu_valuation_history,"akshare.stock_hk_valuation_baidu(symbol=01055, indicator=市净率)",2026-08-08T20:42:28.083486+00:00,1H2025,2025-06-30,2025-08-29,4633.147552697392,announced_on_or_before_observation_date
airline_pb_history,01055.HK,China Southern Airlines,2026-08-08,1.48,akshare_baidu_valuation_history,"akshare.stock_hk_valuation_baidu(symbol=01055, indicator=市净率)",2026-08-08T20:42:28.083486+00:00,1H2025,2025-06-30,2025-08-29,4633.147552697392,announced_on_or_before_observation_date
airline_pb_history,0670.HK,China Eastern Airlines,2025-08-09,4.26,akshare_baidu_valuation_history,"akshare.stock_hk_valuation_baidu(symbol=00670, indicator=市净率)",2026-08-08T20:42:28.083486+00:00,,,,,no_announced_equity_basis_available
airline_pb_history,0670.HK,China Eastern Airlines,2025-08-10,4.26,akshare_baidu_valuation_history,"akshare.stock_hk_valuation_baidu(symbol=00670, indicator=市净率)",2026-08-08T20:42:28.083486+00:00,,,,,no_announced_equity_basis_available
airline_pb_history,0670.HK,China Eastern Airlines,2025-08-11,4.29,akshare_baidu_valuation_history,"akshare.stock_hk_valuation_baidu(symbol=00670, indicator=市净率)",2026-08-08T20:42:28.083486+00:00,,,,,no_announced_equity_basis_available
airline_pb_history,0670.HK,China Eastern Airlines,2025-08-12,4.29,akshare_baidu_valuation_history,"akshare.stock_hk_valuation_baidu(symbol=00670, indicator=市净率)",2026-08-08T20:42:28.083486+00:00,,,,,no_announced_equity_basis_available
airline_pb_history,0670.HK,China Eastern Airlines,2025-08-13,4.38,akshare_baidu_valuation_history,"akshare.stock_hk_valuation_baidu(symbol=00670, indicator=市净率)",2026-08-08T20:42:28.083486+00:00,,,,,no_announced_equity_basis_available
airline_pb_history,0670.HK,China Eastern Airlines,2025-08-14,4.35,akshare_baidu_valuation_history,"akshare.stock_hk_valuation_baidu(symbol=00670, indicator=市净率)",2026-08-08T20:42:28.083486+00:00,,,,,no_announced_equity_basis_available
airline_pb_history,0670.HK,China Eastern Airlines,2025-08-15,4.68,akshare_baidu_valuation_history,"akshare.stock_hk_valuation_baidu(symbol=00670, indicator=市净率)",2026-08-08T20:42:28.083486+00:00,,,,,no_announced_equity_basis_available
airline_pb_history,0670.HK,China Eastern Airlines,2025-08-16,4.68,akshare_baidu_valuation_history,"akshare.stock_hk_valuation_baidu(symbol=00670, indicator=市净率)",2026-08-08T20:42:28.083486+00:00,,,,,no_announced_equity_basis_available
airline_pb_history,0670.HK,China Eastern Airlines,2025-08-17,4.68,akshare_baidu_valuation_history,"akshare.stock_hk_valuation_baidu(symbol=00670, indicator=市净率)",2026-08-08T20:42:28.083486+00:00,,,,,no_announced_equity_basis_available
airline_pb_history,0670.HK,China Eastern Airlines,2025-08-18,4.67,akshare_baidu_valuation_history,"akshare.stock_hk_valuation_baidu(symbol=00670, indicator=市净率)",2026-08-08T20:42:28.083486+00:00,,,,,no_announced_equity_basis_available
airline_pb_history,0670.HK,China Eastern Airlines,2025-08-19,4.6,akshare_baidu_valuation_history,"akshare.stock_hk_valuation_baidu(symbol=00670, indicator=市净率)",2026-08-08T20:42:28.083486+00:00,,,,,no_announced_equity_basis_available
airline_pb_history,0670.HK,China Eastern Airlines,2025-08-20,4.63,akshare_baidu_valuation_history,"akshare.stock_hk_valuation_baidu(symbol=00670, indicator=市净率)",2026-08-08T20:42:28.083486+00:00,,,,,no_announced_equity_basis_available
airline_pb_history,0670.HK,China Eastern Airlines,2025-08-21,4.67,akshare_baidu_valuation_history,"akshare.stock_hk_valuation_baidu(symbol=00670, indicator=市净率)",2026-08-08T20:42:28.083486+00:00,,,,,no_announced_equity_basis_available
airline_pb_history,0670.HK,China Eastern Airlines,2025-08-22,4.54,akshare_baidu_valuation_history,"akshare.stock_hk_valuation_baidu(symbol=00670, indicator=市净率)",2026-08-08T20:42:28.083486+00:00,,,,,no_announced_equity_basis_available
airline_pb_history,0670.HK,China Eastern Airlines,2025-08-23,4.54,akshare_baidu_valuation_history,"akshare.stock_hk_valuation_baidu(symbol=00670, indicator=市净率)",2026-08-08T20:42:28.083486+00:00,,,,,no_announced_equity_basis_available
airline_pb_history,0670.HK,China Eastern Airlines,2025-08-24,4.54,akshare_baidu_valuation_history,"akshare.stock_hk_valuation_baidu(symbol=00670, indicator=市净率)",2026-08-08T20:42:28.083486+00:00,,,,,no_announced_equity_basis_available
airline_pb_history,0670.HK,China Eastern Airlines,2025-08-25,4.65,akshare_baidu_valuation_history,"akshare.stock_hk_valuation_baidu(symbol=00670, indicator=市净率)",2026-08-08T20:42:28.083486+00:00,,,,,no_announced_equity_basis_available
airline_pb_history,0670.HK,China Eastern Airlines,2025-08-26,4.67,akshare_baidu_valuation_history,"akshare.stock_hk_valuation_baidu(symbol=00670, indicator=市净率)",2026-08-08T20:42:28.083486+00:00,,,,,no_announced_equity_basis_available
airline_pb_history,0670.HK,China Eastern Airlines,2025-08-27,4.51,akshare_baidu_valuation_history,"akshare.stock_hk_valuation_baidu(symbol=00670, indicator=市净率)",2026-08-08T20:42:28.083486+00:00,,,,,no_announced_equity_basis_available
airline_pb_history,0670.HK,China Eastern Airlines,2025-08-28,4.57,akshare_baidu_valuation_history,"akshare.stock_hk_valuation_baidu(symbol=00670, indicator=市净率)",2026-08-08T20:42:28.083486+00:00,,,,,no_announced_equity_basis_available
airline_pb_history,0670.HK,China Eastern Airlines,2025-08-29,4.02,akshare_baidu_valuation_history,"akshare.stock_hk_valuation_baidu(symbol=00670, indicator=市净率)",2026-08-08T20:42:28.083486+00:00,,,,,no_announced_equity_basis_available
airline_pb_history,0670.HK,China Eastern Airlines,2025-08-30,4.02,akshare_baidu_valuation_history,"akshare.stock_hk_valuation_baidu(symbol=00670, indicator=市净率)",2026-08-08T20:42:28.083486+00:00,1H2025,2025-06-30,2025-08-30,5381.960223889484,announced_on_or_before_observation_date
airline_pb_history,0670.HK,China Eastern Airlines,2025-08-31,4.02,akshare_baidu_valuation_history,"akshare.stock_hk_valuation_baidu(symbol=00670, indicator=市净率)",2026-08-08T20:42:28.083486+00:00,1H2025,2025-06-30,2025-08-30,5381.960223889484,announced_on_or_before_observation_date
airline_pb_history,0670.HK,China Eastern Airlines,2025-09-01,3.96,akshare_baidu_valuation_history,"akshare.stock_hk_valuation_baidu(symbol=00670, indicator=市净率)",2026-08-08T20:42:28.083486+00:00,1H2025,2025-06-30,2025-08-30,5381.960223889484,announced_on_or_before_observation_date
airline_pb_history,0670.HK,China Eastern Airlines,2025-09-02,3.88,akshare_baidu_valuation_history,"akshare.stock_hk_valuation_baidu(symbol=00670, indicator=市净率)",2026-08-08T20:42:28.083486+00:00,1H2025,2025-06-30,2025-08-30,5381.960223889484,announced_on_or_before_observation_date
airline_pb_history,0670.HK,China Eastern Airlines,2025-09-03,3.84,akshare_baidu_valuation_history,"akshare.stock_hk_valuation_baidu(symbol=00670, indicator=市净率)",2026-08-08T20:42:28.083486+00:00,1H2025,2025-06-30,2025-08-30,5381.960223889484,announced_on_or_before_observation_date
airline_pb_history,0670.HK,China Eastern Airlines,2025-09-04,3.82,akshare_baidu_valuation_history,"akshare.stock_hk_valuation_baidu(symbol=00670, indicator=市净率)",2026-08-08T20:42:28.083486+00:00,1H2025,2025-06-30,2025-08-30,5381.960223889484,announced_on_or_before_observation_date
airline_pb_history,0670.HK,China Eastern Airlines,2025-09-05,3.84,akshare_baidu_valuation_history,"akshare.stock_hk_valuation_baidu(symbol=00670, indicator=市净率)",2026-08-08T20:42:28.083486+00:00,1H2025,2025-06-30,2025-08-30,5381.960223889484,announced_on_or_before_observation_date
airline_pb_history,0670.HK,China Eastern Airlines,2025-09-06,3.84,akshare_baidu_valuation_history,"akshare.stock_hk_valuation_baidu(symbol=00670, indicator=市净率)",2026-08-08T20:42:28.083486+00:00,1H2025,2025-06-30,2025-08-30,5381.960223889484,announced_on_or_before_observation_date
airline_pb_history,0670.HK,China Eastern Airlines,2025-09-07,3.84,akshare_baidu_valuation_history,"akshare.stock_hk_valuation_baidu(symbol=00670, indicator=市净率)",2026-08-08T20:42:28.083486+00:00,1H2025,2025-06-30,2025-08-30,5381.960223889484,announced_on_or_before_observation_date
airline_pb_history,0670.HK,China Eastern Airlines,2025-09-08,3.98,akshare_baidu_valuation_history,"akshare.stock_hk_valuation_baidu(symbol=00670, indicator=市净率)",2026-08-08T20:42:28.083486+00:00,1H2025,2025-06-30,2025-08-30,5381.960223889484,announced_on_or_before_observation_date
airline_pb_history,0670.HK,China Eastern Airlines,2025-09-09,3.99,akshare_baidu_valuation_history,"akshare.stock_hk_valuation_baidu(symbol=00670, indicator=市净率)",2026-08-08T20:42:28.083486+00:00,1H2025,2025-06-30,2025-08-30,5381.960223889484,announced_on_or_before_observation_date
airline_pb_history,0670.HK,China Eastern Airlines,2025-09-10,3.96,akshare_baidu_valuation_history,"akshare.stock_hk_valuation_baidu(symbol=00670, indicator=市净率)",2026-08-08T20:42:28.083486+00:00,1H2025,2025-06-30,2025-08-30,5381.960223889484,announced_on_or_before_observation_date
airline_pb_history,0670.HK,China Eastern Airlines,2025-09-11,3.92,akshare_baidu_valuation_history,"akshare.stock_hk_valuation_baidu(symbol=00670, indicator=市净率)",2026-08-08T20:42:28.083486+00:00,1H2025,2025-06-30,2025-08-30,5381.960223889484,announced_on_or_before_observation_date
airline_pb_history,0670.HK,China Eastern Airlines,2025-09-12,3.92,akshare_baidu_valuation_history,"akshare.stock_hk_valuation_baidu(symbol=00670, indicator=市净率)",2026-08-08T20:42:28.083486+00:00,1H2025,2025-06-30,2025-08-30,5381.960223889484,announced_on_or_before_observation_date
airline_pb_history,0670.HK,China Eastern Airlines,2025-09-13,3.92,akshare_baidu_valuation_history,"akshare.stock_hk_valuation_baidu(symbol=00670, indicator=市净率)",2026-08-08T20:42:28.083486+00:00,1H2025,2025-06-30,2025-08-30,5381.960223889484,announced_on_or_before_observation_date
airline_pb_history,0670.HK,China Eastern Airlines,2025-09-14,3.92,akshare_baidu_valuation_history,"akshare.stock_hk_valuation_baidu(symbol=00670, indicator=市净率)",2026-08-08T20:42:28.083486+00:00,1H2025,2025-06-30,2025-08-30,5381.960223889484,announced_on_or_before_observation_date
airline_pb_history,0670.HK,China Eastern Airlines,2025-09-15,3.88,akshare_baidu_valuation_history,"akshare.stock_hk_valuation_baidu(symbol=00670, indicator=市净率)",2026-08-08T20:42:28.083486+00:00,1H2025,2025-06-30,2025-08-30,5381.960223889484,announced_on_or_before_observation_date
airline_pb_history,0670.HK,China Eastern Airlines,2025-09-16,4.04,akshare_baidu_valuation_history,"akshare.stock_hk_valuation_baidu(symbol=00670, indicator=市净率)",2026-08-08T20:42:28.083486+00:00,1H2025,2025-06-30,2025-08-30,5381.960223889484,announced_on_or_before_observation_date
airline_pb_history,0670.HK,China Eastern Airlines,2025-09-17,4.24,akshare_baidu_valuation_history,"akshare.stock_hk_valuation_baidu(symbol=00670, indicator=市净率)",2026-08-08T20:42:28.083486+00:00,1H2025,2025-06-30,2025-08-30,5381.960223889484,announced_on_or_before_observation_date
airline_pb_history,0670.HK,China Eastern Airlines,2025-09-18,4.12,akshare_baidu_valuation_history,"akshare.stock_hk_valuation_baidu(symbol=00670, indicator=市净率)",2026-08-08T20:42:28.083486+00:00,1H2025,2025-06-30,2025-08-30,5381.960223889484,announced_on_or_before_observation_date
airline_pb_history,0670.HK,China Eastern Airlines,2025-09-19,4.17,akshare_baidu_valuation_history,"akshare.stock_hk_valuation_baidu(symbol=00670, indicator=市净率)",2026-08-08T20:42:28.083486+00:00,1H2025,2025-06-30,2025-08-30,5381.960223889484,announced_on_or_before_observation_date
airline_pb_history,0670.HK,China Eastern Airlines,2025-09-20,4.17,akshare_baidu_valuation_history,"akshare.stock_hk_valuation_baidu(symbol=00670, indicator=市净率)",2026-08-08T20:42:28.083486+00:00,1H2025,2025-06-30,2025-08-30,5381.960223889484,announced_on_or_before_observation_date
airline_pb_history,0670.HK,China Eastern Airlines,2025-09-21,4.17,akshare_baidu_valuation_history,"akshare.stock_hk_valuation_baidu(symbol=00670, indicator=市净率)",2026-08-08T20:42:28.083486+00:00,1H2025,2025-06-30,2025-08-30,5381.960223889484,announced_on_or_before_observation_date
airline_pb_history,0670.HK,China Eastern Airlines,2025-09-22,4.07,akshare_baidu_valuation_history,"akshare.stock_hk_valuation_baidu(symbol=00670, indicator=市净率)",2026-08-08T20:42:28.083486+00:00,1H2025,2025-06-30,2025-08-30,5381.960223889484,announced_on_or_before_observation_date
airline_pb_history,0670.HK,China Eastern Airlines,2025-09-23,4.0,akshare_baidu_valuation_history,"akshare.stock_hk_valuation_baidu(symbol=00670, indicator=市净率)",2026-08-08T20:42:28.083486+00:00,1H2025,2025-06-30,2025-08-30,5381.960223889484,announced_on_or_before_observation_date
airline_pb_history,0670.HK,China Eastern Airlines,2025-09-24,3.99,akshare_baidu_valuation_history,"akshare.stock_hk_valuation_baidu(symbol=00670, indicator=市净率)",2026-08-08T20:42:28.083486+00:00,1H2025,2025-06-30,2025-08-30,5381.960223889484,announced_on_or_before_observation_date
airline_pb_history,0670.HK,China Eastern Airlines,2025-09-25,4.06,akshare_baidu_valuation_history,"akshare.stock_hk_valuation_baidu(symbol=00670, indicator=市净率)",2026-08-08T20:42:28.083486+00:00,1H2025,2025-06-30,2025-08-30,5381.960223889484,announced_on_or_before_observation_date
airline_pb_history,0670.HK,China Eastern Airlines,2025-09-26,4.07,akshare_baidu_valuation_history,"akshare.stock_hk_valuation_baidu(symbol=00670, indicator=市净率)",2026-08-08T20:42:28.083486+00:00,1H2025,2025-06-30,2025-08-30,5381.960223889484,announced_on_or_before_observation_date
airline_pb_history,0670.HK,China Eastern Airlines,2025-09-27,4.07,akshare_baidu_valuation_history,"akshare.stock_hk_valuation_baidu(symbol=00670, indicator=市净率)",2026-08-08T20:42:28.083486+00:00,1H2025,2025-06-30,2025-08-30,5381.960223889484,announced_on_or_before_observation_date
airline_pb_history,0670.HK,China Eastern Airlines,2025-09-28,4.07,akshare_baidu_valuation_history,"akshare.stock_hk_valuation_baidu(symbol=00670, indicator=市净率)",2026-08-08T20:42:28.083486+00:00,1H2025,2025-06-30,2025-08-30,5381.960223889484,announced_on_or_before_observation_date
airline_pb_history,0670.HK,China Eastern Airlines,2025-09-29,4.12,akshare_baidu_valuation_history,"akshare.stock_hk_valuation_baidu(symbol=00670, indicator=市净率)",2026-08-08T20:42:28.083486+00:00,1H2025,2025-06-30,2025-08-30,5381.960223889484,announced_on_or_before_observation_date
airline_pb_history,0670.HK,China Eastern Airlines,2025-09-30,4.4,akshare_baidu_valuation_history,"akshare.stock_hk_valuation_baidu(symbol=00670, indicator=市净率)",2026-08-08T20:42:28.083486+00:00,1H2025,2025-06-30,2025-08-30,5381.960223889484,announced_on_or_before_observation_date
airline_pb_history,0670.HK,China Eastern Airlines,2025-10-01,4.4,akshare_baidu_valuation_history,"akshare.stock_hk_valuation_baidu(symbol=00670, indicator=市净率)",2026-08-08T20:42:28.083486+00:00,1H2025,2025-06-30,2025-08-30,5381.960223889484,announced_on_or_before_observation_date
airline_pb_history,0670.HK,China Eastern Airlines,2025-10-02,4.19,akshare_baidu_valuation_history,"akshare.stock_hk_valuation_baidu(symbol=00670, indicator=市净率)",2026-08-08T20:42:28.083486+00:00,1H2025,2025-06-30,2025-08-30,5381.960223889484,announced_on_or_before_observation_date
airline_pb_history,0670.HK,China Eastern Airlines,2025-10-03,4.15,akshare_baidu_valuation_history,"akshare.stock_hk_valuation_baidu(symbol=00670, indicator=市净率)",2026-08-08T20:42:28.083486+00:00,1H2025,2025-06-30,2025-08-30,5381.960223889484,announced_on_or_before_observation_date
airline_pb_history,0670.HK,China Eastern Airlines,2025-10-04,4.15,akshare_baidu_valuation_history,"akshare.stock_hk_valuation_baidu(symbol=00670, indicator=市净率)",2026-08-08T20:42:28.083486+00:00,1H2025,2025-06-30,2025-08-30,5381.960223889484,announced_on_or_before_observation_date
airline_pb_history,0670.HK,China Eastern Airlines,2025-10-05,4.15,akshare_baidu_valuation_history,"akshare.stock_hk_valuation_baidu(symbol=00670, indicator=市净率)",2026-08-08T20:42:28.083486+00:00,1H2025,2025-06-30,2025-08-30,5381.960223889484,announced_on_or_before_observation_date
airline_pb_history,0670.HK,China Eastern Airlines,2025-10-06,4.15,akshare_baidu_valuation_history,"akshare.stock_hk_valuation_baidu(symbol=00670, indicator=市净率)",2026-08-08T20:42:28.083486+00:00,1H2025,2025-06-30,2025-08-30,5381.960223889484,announced_on_or_before_observation_date
airline_pb_history,0670.HK,China Eastern Airlines,2025-10-07,4.15,akshare_baidu_valuation_history,"akshare.stock_hk_valuation_baidu(symbol=00670, indicator=市净率)",2026-08-08T20:42:28.083486+00:00,1H2025,2025-06-30,2025-08-30,5381.960223889484,announced_on_or_before_observation_date
airline_pb_history,0670.HK,China Eastern Airlines,2025-10-08,3.99,akshare_baidu_valuation_history,"akshare.stock_hk_valuation_baidu(symbol=00670, indicator=市净率)",2026-08-08T20:42:28.083486+00:00,1H2025,2025-06-30,2025-08-30,5381.960223889484,announced_on_or_before_observation_date
airline_pb_history,0670.HK,China Eastern Airlines,2025-10-09,4.31,akshare_baidu_valuation_history,"akshare.stock_hk_valuation_baidu(symbol=00670, indicator=市净率)",2026-08-08T20:42:28.083486+00:00,1H2025,2025-06-30,2025-08-30,5381.960223889484,announced_on_or_before_observation_date
airline_pb_history,0670.HK,China Eastern Airlines,2025-10-10,4.31,akshare_baidu_valuation_history,"akshare.stock_hk_valuation_baidu(symbol=00670, indicator=市净率)",2026-08-08T20:42:28.083486+00:00,1H2025,2025-06-30,2025-08-30,5381.960223889484,announced_on_or_before_observation_date
airline_pb_history,0670.HK,China Eastern Airlines,2025-10-11,4.31,akshare_baidu_valuation_history,"akshare.stock_hk_valuation_baidu(symbol=00670, indicator=市净率)",2026-08-08T20:42:28.083486+00:00,1H2025,2025-06-30,2025-08-30,5381.960223889484,announced_on_or_before_observation_date
airline_pb_history,0670.HK,China Eastern Airlines,2025-10-12,4.31,akshare_baidu_valuation_history,"akshare.stock_hk_valuation_baidu(symbol=00670, indicator=市净率)",2026-08-08T20:42:28.083486+00:00,1H2025,2025-06-30,2025-08-30,5381.960223889484,announced_on_or_before_observation_date
airline_pb_history,0670.HK,China Eastern Airlines,2025-10-13,4.2,akshare_baidu_valuation_history,"akshare.stock_hk_valuation_baidu(symbol=00670, indicator=市净率)",2026-08-08T20:42:28.083486+00:00,1H2025,2025-06-30,2025-08-30,5381.960223889484,announced_on_or_before_observation_date
airline_pb_history,0670.HK,China Eastern Airlines,2025-10-14,4.14,akshare_baidu_valuation_history,"akshare.stock_hk_valuation_baidu(symbol=00670, indicator=市净率)",2026-08-08T20:42:28.083486+00:00,1H2025,2025-06-30,2025-08-30,5381.960223889484,announced_on_or_before_observation_date
airline_pb_history,0670.HK,China Eastern Airlines,2025-10-15,4.52,akshare_baidu_valuation_history,"akshare.stock_hk_valuation_baidu(symbol=00670, indicator=市净率)",2026-08-08T20:42:28.083486+00:00,1H2025,2025-06-30,2025-08-30,5381.960223889484,announced_on_or_before_observation_date
airline_pb_history,0670.HK,China Eastern Airlines,2025-10-16,4.68,akshare_baidu_valuation_history,"akshare.stock_hk_valuation_baidu(symbol=00670, indicator=市净率)",2026-08-08T20:42:28.083486+00:00,1H2025,2025-06-30,2025-08-30,5381.960223889484,announced_on_or_before_observation_date
airline_pb_history,0670.HK,China Eastern Airlines,2025-10-17,4.73,akshare_baidu_valuation_history,"akshare.stock_hk_valuation_baidu(symbol=00670, indicator=市净率)",2026-08-08T20:42:28.083486+00:00,1H2025,2025-06-30,2025-08-30,5381.960223889484,announced_on_or_before_observation_date
airline_pb_history,0670.HK,China Eastern Airlines,2025-10-18,4.73,akshare_baidu_valuation_history,"akshare.stock_hk_valuation_baidu(symbol=00670, indicator=市净率)",2026-08-08T20:42:28.083486+00:00,1H2025,2025-06-30,2025-08-30,5381.960223889484,announced_on_or_before_observation_date
airline_pb_history,0670.HK,China Eastern Airlines,2025-10-19,4.73,akshare_baidu_valuation_history,"akshare.stock_hk_valuation_baidu(symbol=00670, indicator=市净率)",2026-08-08T20:42:28.083486+00:00,1H2025,2025-06-30,2025-08-30,5381.960223889484,announced_on_or_before_observation_date
airline_pb_history,0670.HK,China Eastern Airlines,2025-10-20,5.19,akshare_baidu_valuation_history,"akshare.stock_hk_valuation_baidu(symbol=00670, indicator=市净率)",2026-08-08T20:42:28.083486+00:00,1H2025,2025-06-30,2025-08-30,5381.960223889484,announced_on_or_before_observation_date
airline_pb_history,0670.HK,China Eastern Airlines,2025-10-21,5.27,akshare_baidu_valuation_history,"akshare.stock_hk_valuation_baidu(symbol=00670, indicator=市净率)",2026-08-08T20:42:28.083486+00:00,1H2025,2025-06-30,2025-08-30,5381.960223889484,announced_on_or_before_observation_date
airline_pb_history,0670.HK,China Eastern Airlines,2025-10-22,5.48,akshare_baidu_valuation_history,"akshare.stock_hk_valuation_baidu(symbol=00670, indicator=市净率)",2026-08-08T20:42:28.083486+00:00,1H2025,2025-06-30,2025-08-30,5381.960223889484,announced_on_or_before_observation_date
airline_pb_history,0670.HK,China Eastern Airlines,2025-10-23,5.35,akshare_baidu_valuation_history,"akshare.stock_hk_valuation_baidu(symbol=00670, indicator=市净率)",2026-08-08T20:42:28.083486+00:00,1H2025,2025-06-30,2025-08-30,5381.960223889484,announced_on_or_before_observation_date
airline_pb_history,0670.HK,China Eastern Airlines,2025-10-24,5.32,akshare_baidu_valuation_history,"akshare.stock_hk_valuation_baidu(symbol=00670, indicator=市净率)",2026-08-08T20:42:28.083486+00:00,1H2025,2025-06-30,2025-08-30,5381.960223889484,announced_on_or_before_observation_date
airline_pb_history,0670.HK,China Eastern Airlines,2025-10-25,5.32,akshare_baidu_valuation_history,"akshare.stock_hk_valuation_baidu(symbol=00670, indicator=市净率)",2026-08-08T20:42:28.083486+00:00,1H2025,2025-06-30,2025-08-30,5381.960223889484,announced_on_or_before_observation_date
airline_pb_history,0670.HK,China Eastern Airlines,2025-10-26,5.32,akshare_baidu_valuation_history,"akshare.stock_hk_valuation_baidu(symbol=00670, indicator=市净率)",2026-08-08T20:42:28.083486+00:00,1H2025,2025-06-30,2025-08-30,5381.960223889484,announced_on_or_before_observation_date
airline_pb_history,0670.HK,China Eastern Airlines,2025-10-27,5.36,akshare_baidu_valuation_history,"akshare.stock_hk_valuation_baidu(symbol=00670, indicator=市净率)",2026-08-08T20:42:28.083486+00:00,1H2025,2025-06-30,2025-08-30,5381.960223889484,announced_on_or_before_observation_date
airline_pb_history,0670.HK,China Eastern Airlines,2025-10-28,5.36,akshare_baidu_valuation_history,"akshare.stock_hk_valuation_baidu(symbol=00670, indicator=市净率)",2026-08-08T20:42:28.083486+00:00,1H2025,2025-06-30,2025-08-30,5381.960223889484,announced_on_or_before_observation_date
airline_pb_history,0670.HK,China Eastern Airlines,2025-10-29,5.36,akshare_baidu_valuation_history,"akshare.stock_hk_valuation_baidu(symbol=00670, indicator=市净率)",2026-08-08T20:42:28.083486+00:00,1H2025,2025-06-30,2025-08-30,5381.960223889484,announced_on_or_before_observation_date
airline_pb_history,0670.HK,China Eastern Airlines,2025-10-30,4.96,akshare_baidu_valuation_history,"akshare.stock_hk_valuation_baidu(symbol=00670, indicator=市净率)",2026-08-08T20:42:28.083486+00:00,1H2025,2025-06-30,2025-08-30,5381.960223889484,announced_on_or_before_observation_date
airline_pb_history,0670.HK,China Eastern Airlines,2025-10-31,4.96,akshare_baidu_valuation_history,"akshare.stock_hk_valuation_baidu(symbol=00670, indicator=市净率)",2026-08-08T20:42:28.083486+00:00,1H2025,2025-06-30,2025-08-30,5381.960223889484,announced_on_or_before_observation_date
airline_pb_history,0670.HK,China Eastern Airlines,2025-11-01,4.96,akshare_baidu_valuation_history,"akshare.stock_hk_valuation_baidu(symbol=00670, indicator=市净率)",2026-08-08T20:42:28.083486+00:00,1H2025,2025-06-30,2025-08-30,5381.960223889484,announced_on_or_before_observation_date
airline_pb_history,0670.HK,China Eastern Airlines,2025-11-02,4.96,akshare_baidu_valuation_history,"akshare.stock_hk_valuation_baidu(symbol=00670, indicator=市净率)",2026-08-08T20:42:28.083486+00:00,1H2025,2025-06-30,2025-08-30,5381.960223889484,announced_on_or_before_observation_date
airline_pb_history,0670.HK,China Eastern Airlines,2025-11-03,5.16,akshare_baidu_valuation_history,"akshare.stock_hk_valuation_baidu(symbol=00670, indicator=市净率)",2026-08-08T20:42:28.083486+00:00,1H2025,2025-06-30,2025-08-30,5381.960223889484,announced_on_or_before_observation_date
airline_pb_history,0670.HK,China Eastern Airlines,2025-11-04,5.17,akshare_baidu_valuation_history,"akshare.stock_hk_valuation_baidu(symbol=00670, indicator=市净率)",2026-08-08T20:42:28.083486+00:00,1H2025,2025-06-30,2025-08-30,5381.960223889484,announced_on_or_before_observation_date
airline_pb_history,0670.HK,China Eastern Airlines,2025-11-05,5.4,akshare_baidu_valuation_history,"akshare.stock_hk_valuation_baidu(symbol=00670, indicator=市净率)",2026-08-08T20:42:28.083486+00:00,1H2025,2025-06-30,2025-08-30,5381.960223889484,announced_on_or_before_observation_date
airline_pb_history,0670.HK,China Eastern Airlines,2025-11-06,5.47,akshare_baidu_valuation_history,"akshare.stock_hk_valuation_baidu(symbol=00670, indicator=市净率)",2026-08-08T20:42:28.083486+00:00,1H2025,2025-06-30,2025-08-30,5381.960223889484,announced_on_or_before_observation_date
airline_pb_history,0670.HK,China Eastern Airlines,2025-11-07,5.34,akshare_baidu_valuation_history,"akshare.stock_hk_valuation_baidu(symbol=00670, indicator=市净率)",2026-08-08T20:42:28.083486+00:00,1H2025,2025-06-30,2025-08-30,5381.960223889484,announced_on_or_before_observation_date
airline_pb_history,0670.HK,China Eastern Airlines,2025-11-08,5.34,akshare_baidu_valuation_history,"akshare.stock_hk_valuation_baidu(symbol=00670, indicator=市净率)",2026-08-08T20:42:28.083486+00:00,1H2025,2025-06-30,2025-08-30,5381.960223889484,announced_on_or_before_observation_date
airline_pb_history,0670.HK,China Eastern Airlines,2025-11-09,5.34,akshare_baidu_valuation_history,"akshare.stock_hk_valuation_baidu(symbol=00670, indicator=市净率)",2026-08-08T20:42:28.083486+00:00,1H2025,2025-06-30,2025-08-30,5381.960223889484,announced_on_or_before_observation_date
airline_pb_history,0670.HK,China Eastern Airlines,2025-11-10,5.59,akshare_baidu_valuation_history,"akshare.stock_hk_valuation_baidu(symbol=00670, indicator=市净率)",2026-08-08T20:42:28.083486+00:00,1H2025,2025-06-30,2025-08-30,5381.960223889484,announced_on_or_before_observation_date
airline_pb_history,0670.HK,China Eastern Airlines,2025-11-11,5.64,akshare_baidu_valuation_history,"akshare.stock_hk_valuation_baidu(symbol=00670, indicator=市净率)",2026-08-08T20:42:28.083486+00:00,1H2025,2025-06-30,2025-08-30,5381.960223889484,announced_on_or_before_observation_date
airline_pb_history,0670.HK,China Eastern Airlines,2025-11-12,5.66,akshare_baidu_valuation_history,"akshare.stock_hk_valuation_baidu(symbol=00670, indicator=市净率)",2026-08-08T20:42:28.083486+00:00,1H2025,2025-06-30,2025-08-30,5381.960223889484,announced_on_or_before_observation_date
airline_pb_history,0670.HK,China Eastern Airlines,2025-11-13,5.8,akshare_baidu_valuation_history,"akshare.stock_hk_valuation_baidu(symbol=00670, indicator=市净率)",2026-08-08T20:42:28.083486+00:00,1H2025,2025-06-30,2025-08-30,5381.960223889484,announced_on_or_before_observation_date
airline_pb_history,0670.HK,China Eastern Airlines,2025-11-14,5.67,akshare_baidu_valuation_history,"akshare.stock_hk_valuation_baidu(symbol=00670, indicator=市净率)",2026-08-08T20:42:28.083486+00:00,1H2025,2025-06-30,2025-08-30,5381.960223889484,announced_on_or_before_observation_date
airline_pb_history,0670.HK,China Eastern Airlines,2025-11-15,5.67,akshare_baidu_valuation_history,"akshare.stock_hk_valuation_baidu(symbol=00670, indicator=市净率)",2026-08-08T20:42:28.083486+00:00,1H2025,2025-06-30,2025-08-30,5381.960223889484,announced_on_or_before_observation_date
airline_pb_history,0670.HK,China Eastern Airlines,2025-11-16,5.67,akshare_baidu_valuation_history,"akshare.stock_hk_valuation_baidu(symbol=00670, indicator=市净率)",2026-08-08T20:42:28.083486+00:00,1H2025,2025-06-30,2025-08-30,5381.960223889484,announced_on_or_before_observation_date
airline_pb_history,0670.HK,China Eastern Airlines,2025-11-17,5.83,akshare_baidu_valuation_history,"akshare.stock_hk_valuation_baidu(symbol=00670, indicator=市净率)",2026-08-08T20:42:28.083486+00:00,1H2025,2025-06-30,2025-08-30,5381.960223889484,announced_on_or_before_observation_date
airline_pb_history,0670.HK,China Eastern Airlines,2025-11-18,5.82,akshare_baidu_valuation_history,"akshare.stock_hk_valuation_baidu(symbol=00670, indicator=市净率)",2026-08-08T20:42:28.083486+00:00,1H2025,2025-06-30,2025-08-30,5381.960223889484,announced_on_or_before_observation_date
airline_pb_history,0670.HK,China Eastern Airlines,2025-11-19,5.85,akshare_baidu_valuation_history,"akshare.stock_hk_valuation_baidu(symbol=00670, indicator=市净率)",2026-08-08T20:42:28.083486+00:00,1H2025,2025-06-30,2025-08-30,5381.960223889484,announced_on_or_before_observation_date
airline_pb_history,0670.HK,China Eastern Airlines,2025-11-20,5.99,akshare_baidu_valuation_history,"akshare.stock_hk_valuation_baidu(symbol=00670, indicator=市净率)",2026-08-08T20:42:28.083486+00:00,1H2025,2025-06-30,2025-08-30,5381.960223889484,announced_on_or_before_observation_date
airline_pb_history,0670.HK,China Eastern Airlines,2025-11-21,5.71,akshare_baidu_valuation_history,"akshare.stock_hk_valuation_baidu(symbol=00670, indicator=市净率)",2026-08-08T20:42:28.083486+00:00,1H2025,2025-06-30,2025-08-30,5381.960223889484,announced_on_or_before_observation_date
airline_pb_history,0670.HK,China Eastern Airlines,2025-11-22,5.71,akshare_baidu_valuation_history,"akshare.stock_hk_valuation_baidu(symbol=00670, indicator=市净率)",2026-08-08T20:42:28.083486+00:00,1H2025,2025-06-30,2025-08-30,5381.960223889484,announced_on_or_before_observation_date
airline_pb_history,0670.HK,China Eastern Airlines,2025-11-23,5.71,akshare_baidu_valuation_history,"akshare.stock_hk_valuation_baidu(symbol=00670, indicator=市净率)",2026-08-08T20:42:28.083486+00:00,1H2025,2025-06-30,2025-08-30,5381.960223889484,announced_on_or_before_observation_date
airline_pb_history,0670.HK,China Eastern Airlines,2025-11-24,5.64,akshare_baidu_valuation_history,"akshare.stock_hk_valuation_baidu(symbol=00670, indicator=市净率)",2026-08-08T20:42:28.083486+00:00,1H2025,2025-06-30,2025-08-30,5381.960223889484,announced_on_or_before_observation_date
airline_pb_history,0670.HK,China Eastern Airlines,2025-11-25,5.31,akshare_baidu_valuation_history,"akshare.stock_hk_valuation_baidu(symbol=00670, indicator=市净率)",2026-08-08T20:42:28.083486+00:00,1H2025,2025-06-30,2025-08-30,5381.960223889484,announced_on_or_before_observation_date
airline_pb_history,0670.HK,China Eastern Airlines,2025-11-26,5.67,akshare_baidu_valuation_history,"akshare.stock_hk_valuation_baidu(symbol=00670, indicator=市净率)",2026-08-08T20:42:28.083486+00:00,1H2025,2025-06-30,2025-08-30,5381.960223889484,announced_on_or_before_observation_date
airline_pb_history,0670.HK,China Eastern Airlines,2025-11-27,5.65,akshare_baidu_valuation_history,"akshare.stock_hk_valuation_baidu(symbol=00670, indicator=市净率)",2026-08-08T20:42:28.083486+00:00,1H2025,2025-06-30,2025-08-30,5381.960223889484,announced_on_or_before_observation_date
airline_pb_history,0670.HK,China Eastern Airlines,2025-11-28,5.65,akshare_baidu_valuation_history,"akshare.stock_hk_valuation_baidu(symbol=00670, indicator=市净率)",2026-08-08T20:42:28.083486+00:00,1H2025,2025-06-30,2025-08-30,5381.960223889484,announced_on_or_before_observation_date
airline_pb_history,0670.HK,China Eastern Airlines,2025-11-29,5.65,akshare_baidu_valuation_history,"akshare.stock_hk_valuation_baidu(symbol=00670, indicator=市净率)",2026-08-08T20:42:28.083486+00:00,1H2025,2025-06-30,2025-08-30,5381.960223889484,announced_on_or_before_observation_date
airline_pb_history,0670.HK,China Eastern Airlines,2025-11-30,5.65,akshare_baidu_valuation_history,"akshare.stock_hk_valuation_baidu(symbol=00670, indicator=市净率)",2026-08-08T20:42:28.083486+00:00,1H2025,2025-06-30,2025-08-30,5381.960223889484,announced_on_or_before_observation_date
airline_pb_history,0670.HK,China Eastern Airlines,2025-12-01,5.79,akshare_baidu_valuation_history,"akshare.stock_hk_valuation_baidu(symbol=00670, indicator=市净率)",2026-08-08T20:42:28.083486+00:00,1H2025,2025-06-30,2025-08-30,5381.960223889484,announced_on_or_before_observation_date
airline_pb_history,0670.HK,China Eastern Airlines,2025-12-02,5.83,akshare_baidu_valuation_history,"akshare.stock_hk_valuation_baidu(symbol=00670, indicator=市净率)",2026-08-08T20:42:28.083486+00:00,1H2025,2025-06-30,2025-08-30,5381.960223889484,announced_on_or_before_observation_date
airline_pb_history,0670.HK,China Eastern Airlines,2025-12-03,5.97,akshare_baidu_valuation_history,"akshare.stock_hk_valuation_baidu(symbol=00670, indicator=市净率)",2026-08-08T20:42:28.083486+00:00,1H2025,2025-06-30,2025-08-30,5381.960223889484,announced_on_or_before_observation_date
airline_pb_history,0670.HK,China Eastern Airlines,2025-12-04,5.9,akshare_baidu_valuation_history,"akshare.stock_hk_valuation_baidu(symbol=00670, indicator=市净率)",2026-08-08T20:42:28.083486+00:00,1H2025,2025-06-30,2025-08-30,5381.960223889484,announced_on_or_before_observation_date
airline_pb_history,0670.HK,China Eastern Airlines,2025-12-05,5.83,akshare_baidu_valuation_history,"akshare.stock_hk_valuation_baidu(symbol=00670, indicator=市净率)",2026-08-08T20:42:28.083486+00:00,1H2025,2025-06-30,2025-08-30,5381.960223889484,announced_on_or_before_observation_date
airline_pb_history,0670.HK,China Eastern Airlines,2025-12-06,5.83,akshare_baidu_valuation_history,"akshare.stock_hk_valuation_baidu(symbol=00670, indicator=市净率)",2026-08-08T20:42:28.083486+00:00,1H2025,2025-06-30,2025-08-30,5381.960223889484,announced_on_or_before_observation_date
airline_pb_history,0670.HK,China Eastern Airlines,2025-12-07,5.83,akshare_baidu_valuation_history,"akshare.stock_hk_valuation_baidu(symbol=00670, indicator=市净率)",2026-08-08T20:42:28.083486+00:00,1H2025,2025-06-30,2025-08-30,5381.960223889484,announced_on_or_before_observation_date
airline_pb_history,0670.HK,China Eastern Airlines,2025-12-08,5.93,akshare_baidu_valuation_history,"akshare.stock_hk_valuation_baidu(symbol=00670, indicator=市净率)",2026-08-08T20:42:28.083486+00:00,1H2025,2025-06-30,2025-08-30,5381.960223889484,announced_on_or_before_observation_date
airline_pb_history,0670.HK,China Eastern Airlines,2025-12-09,5.65,akshare_baidu_valuation_history,"akshare.stock_hk_valuation_baidu(symbol=00670, indicator=市净率)",2026-08-08T20:42:28.083486+00:00,1H2025,2025-06-30,2025-08-30,5381.960223889484,announced_on_or_before_observation_date
airline_pb_history,0670.HK,China Eastern Airlines,2025-12-10,5.63,akshare_baidu_valuation_history,"akshare.stock_hk_valuation_baidu(symbol=00670, indicator=市净率)",2026-08-08T20:42:28.083486+00:00,1H2025,2025-06-30,2025-08-30,5381.960223889484,announced_on_or_before_observation_date
airline_pb_history,0670.HK,China Eastern Airlines,2025-12-11,5.58,akshare_baidu_valuation_history,"akshare.stock_hk_valuation_baidu(symbol=00670, indicator=市净率)",2026-08-08T20:42:28.083486+00:00,1H2025,2025-06-30,2025-08-30,5381.960223889484,announced_on_or_before_observation_date
airline_pb_history,0670.HK,China Eastern Airlines,2025-12-12,5.66,akshare_baidu_valuation_history,"akshare.stock_hk_valuation_baidu(symbol=00670, indicator=市净率)",2026-08-08T20:42:28.083486+00:00,1H2025,2025-06-30,2025-08-30,5381.960223889484,announced_on_or_before_observation_date
airline_pb_history,0670.HK,China Eastern Airlines,2025-12-13,5.66,akshare_baidu_valuation_history,"akshare.stock_hk_valuation_baidu(symbol=00670, indicator=市净率)",2026-08-08T20:42:28.083486+00:00,1H2025,2025-06-30,2025-08-30,5381.960223889484,announced_on_or_before_observation_date
airline_pb_history,0670.HK,China Eastern Airlines,2025-12-14,5.66,akshare_baidu_valuation_history,"akshare.stock_hk_valuation_baidu(symbol=00670, indicator=市净率)",2026-08-08T20:42:28.083486+00:00,1H2025,2025-06-30,2025-08-30,5381.960223889484,announced_on_or_before_observation_date
airline_pb_history,0670.HK,China Eastern Airlines,2025-12-15,5.77,akshare_baidu_valuation_history,"akshare.stock_hk_valuation_baidu(symbol=00670, indicator=市净率)",2026-08-08T20:42:28.083486+00:00,1H2025,2025-06-30,2025-08-30,5381.960223889484,announced_on_or_before_observation_date
airline_pb_history,0670.HK,China Eastern Airlines,2025-12-16,5.87,akshare_baidu_valuation_history,"akshare.stock_hk_valuation_baidu(symbol=00670, indicator=市净率)",2026-08-08T20:42:28.083486+00:00,1H2025,2025-06-30,2025-08-30,5381.960223889484,announced_on_or_before_observation_date
airline_pb_history,0670.HK,China Eastern Airlines,2025-12-17,6.09,akshare_baidu_valuation_history,"akshare.stock_hk_valuation_baidu(symbol=00670, indicator=市净率)",2026-08-08T20:42:28.083486+00:00,1H2025,2025-06-30,2025-08-30,5381.960223889484,announced_on_or_before_observation_date
airline_pb_history,0670.HK,China Eastern Airlines,2025-12-18,6.59,akshare_baidu_valuation_history,"akshare.stock_hk_valuation_baidu(symbol=00670, indicator=市净率)",2026-08-08T20:42:28.083486+00:00,1H2025,2025-06-30,2025-08-30,5381.960223889484,announced_on_or_before_observation_date
airline_pb_history,0670.HK,China Eastern Airlines,2025-12-19,6.65,akshare_baidu_valuation_history,"akshare.stock_hk_valuation_baidu(symbol=00670, indicator=市净率)",2026-08-08T20:42:28.083486+00:00,1H2025,2025-06-30,2025-08-30,5381.960223889484,announced_on_or_before_observation_date
airline_pb_history,0670.HK,China Eastern Airlines,2025-12-20,6.65,akshare_baidu_valuation_history,"akshare.stock_hk_valuation_baidu(symbol=00670, indicator=市净率)",2026-08-08T20:42:28.083486+00:00,1H2025,2025-06-30,2025-08-30,5381.960223889484,announced_on_or_before_observation_date
airline_pb_history,0670.HK,China Eastern Airlines,2025-12-21,6.65,akshare_baidu_valuation_history,"akshare.stock_hk_valuation_baidu(symbol=00670, indicator=市净率)",2026-08-08T20:42:28.083486+00:00,1H2025,2025-06-30,2025-08-30,5381.960223889484,announced_on_or_before_observation_date
airline_pb_history,0670.HK,China Eastern Airlines,2025-12-22,6.55,akshare_baidu_valuation_history,"akshare.stock_hk_valuation_baidu(symbol=00670, indicator=市净率)",2026-08-08T20:42:28.083486+00:00,1H2025,2025-06-30,2025-08-30,5381.960223889484,announced_on_or_before_observation_date
airline_pb_history,0670.HK,China Eastern Airlines,2025-12-23,6.36,akshare_baidu_valuation_history,"akshare.stock_hk_valuation_baidu(symbol=00670, indicator=市净率)",2026-08-08T20:42:28.083486+00:00,1H2025,2025-06-30,2025-08-30,5381.960223889484,announced_on_or_before_observation_date
airline_pb_history,0670.HK,China Eastern Airlines,2025-12-24,6.28,akshare_baidu_valuation_history,"akshare.stock_hk_valuation_baidu(symbol=00670, indicator=市净率)",2026-08-08T20:42:28.083486+00:00,1H2025,2025-06-30,2025-08-30,5381.960223889484,announced_on_or_before_observation_date
airline_pb_history,0670.HK,China Eastern Airlines,2025-12-25,6.28,akshare_baidu_valuation_history,"akshare.stock_hk_valuation_baidu(symbol=00670, indicator=市净率)",2026-08-08T20:42:28.083486+00:00,1H2025,2025-06-30,2025-08-30,5381.960223889484,announced_on_or_before_observation_date
airline_pb_history,0670.HK,China Eastern Airlines,2025-12-26,6.28,akshare_baidu_valuation_history,"akshare.stock_hk_valuation_baidu(symbol=00670, indicator=市净率)",2026-08-08T20:42:28.083486+00:00,1H2025,2025-06-30,2025-08-30,5381.960223889484,announced_on_or_before_observation_date
airline_pb_history,0670.HK,China Eastern Airlines,2025-12-27,6.28,akshare_baidu_valuation_history,"akshare.stock_hk_valuation_baidu(symbol=00670, indicator=市净率)",2026-08-08T20:42:28.083486+00:00,1H2025,2025-06-30,2025-08-30,5381.960223889484,announced_on_or_before_observation_date
airline_pb_history,0670.HK,China Eastern Airlines,2025-12-28,6.28,akshare_baidu_valuation_history,"akshare.stock_hk_valuation_baidu(symbol=00670, indicator=市净率)",2026-08-08T20:42:28.083486+00:00,1H2025,2025-06-30,2025-08-30,5381.960223889484,announced_on_or_before_observation_date
airline_pb_history,0670.HK,China Eastern Airlines,2025-12-29,6.35,akshare_baidu_valuation_history,"akshare.stock_hk_valuation_baidu(symbol=00670, indicator=市净率)",2026-08-08T20:42:28.083486+00:00,1H2025,2025-06-30,2025-08-30,5381.960223889484,announced_on_or_before_observation_date
airline_pb_history,0670.HK,China Eastern Airlines,2025-12-30,6.25,akshare_baidu_valuation_history,"akshare.stock_hk_valuation_baidu(symbol=00670, indicator=市净率)",2026-08-08T20:42:28.083486+00:00,1H2025,2025-06-30,2025-08-30,5381.960223889484,announced_on_or_before_observation_date
airline_pb_history,0670.HK,China Eastern Airlines,2025-12-31,6.56,akshare_baidu_valuation_history,"akshare.stock_hk_valuation_baidu(symbol=00670, indicator=市净率)",2026-08-08T20:42:28.083486+00:00,1H2025,2025-06-30,2025-08-30,5381.960223889484,announced_on_or_before_observation_date
airline_pb_history,0670.HK,China Eastern Airlines,2026-01-01,6.56,akshare_baidu_valuation_history,"akshare.stock_hk_valuation_baidu(symbol=00670, indicator=市净率)",2026-08-08T20:42:28.083486+00:00,1H2025,2025-06-30,2025-08-30,5381.960223889484,announced_on_or_before_observation_date
airline_pb_history,0670.HK,China Eastern Airlines,2026-01-02,6.55,akshare_baidu_valuation_history,"akshare.stock_hk_valuation_baidu(symbol=00670, indicator=市净率)",2026-08-08T20:42:28.083486+00:00,1H2025,2025-06-30,2025-08-30,5381.960223889484,announced_on_or_before_observation_date
airline_pb_history,0670.HK,China Eastern Airlines,2026-01-03,6.55,akshare_baidu_valuation_history,"akshare.stock_hk_valuation_baidu(symbol=00670, indicator=市净率)",2026-08-08T20:42:28.083486+00:00,1H2025,2025-06-30,2025-08-30,5381.960223889484,announced_on_or_before_observation_date
airline_pb_history,0670.HK,China Eastern Airlines,2026-01-04,6.55,akshare_baidu_valuation_history,"akshare.stock_hk_valuation_baidu(symbol=00670, indicator=市净率)",2026-08-08T20:42:28.083486+00:00,1H2025,2025-06-30,2025-08-30,5381.960223889484,announced_on_or_before_observation_date
airline_pb_history,0670.HK,China Eastern Airlines,2026-01-05,6.72,akshare_baidu_valuation_history,"akshare.stock_hk_valuation_baidu(symbol=00670, indicator=市净率)",2026-08-08T20:42:28.083486+00:00,1H2025,2025-06-30,2025-08-30,5381.960223889484,announced_on_or_before_observation_date
airline_pb_history,0670.HK,China Eastern Airlines,2026-01-06,6.88,akshare_baidu_valuation_history,"akshare.stock_hk_valuation_baidu(symbol=00670, indicator=市净率)",2026-08-08T20:42:28.083486+00:00,1H2025,2025-06-30,2025-08-30,5381.960223889484,announced_on_or_before_observation_date
airline_pb_history,0670.HK,China Eastern Airlines,2026-01-07,6.81,akshare_baidu_valuation_history,"akshare.stock_hk_valuation_baidu(symbol=00670, indicator=市净率)",2026-08-08T20:42:28.083486+00:00,1H2025,2025-06-30,2025-08-30,5381.960223889484,announced_on_or_before_observation_date
airline_pb_history,0670.HK,China Eastern Airlines,2026-01-08,6.81,akshare_baidu_valuation_history,"akshare.stock_hk_valuation_baidu(symbol=00670, indicator=市净率)",2026-08-08T20:42:28.083486+00:00,1H2025,2025-06-30,2025-08-30,5381.960223889484,announced_on_or_before_observation_date
airline_pb_history,0670.HK,China Eastern Airlines,2026-01-09,6.52,akshare_baidu_valuation_history,"akshare.stock_hk_valuation_baidu(symbol=00670, indicator=市净率)",2026-08-08T20:42:28.083486+00:00,1H2025,2025-06-30,2025-08-30,5381.960223889484,announced_on_or_before_observation_date
airline_pb_history,0670.HK,China Eastern Airlines,2026-01-10,6.52,akshare_baidu_valuation_history,"akshare.stock_hk_valuation_baidu(symbol=00670, indicator=市净率)",2026-08-08T20:42:28.083486+00:00,1H2025,2025-06-30,2025-08-30,5381.960223889484,announced_on_or_before_observation_date
airline_pb_history,0670.HK,China Eastern Airlines,2026-01-11,6.52,akshare_baidu_valuation_history,"akshare.stock_hk_valuation_baidu(symbol=00670, indicator=市净率)",2026-08-08T20:42:28.083486+00:00,1H2025,2025-06-30,2025-08-30,5381.960223889484,announced_on_or_before_observation_date
airline_pb_history,0670.HK,China Eastern Airlines,2026-01-12,6.51,akshare_baidu_valuation_history,"akshare.stock_hk_valuation_baidu(symbol=00670, indicator=市净率)",2026-08-08T20:42:28.083486+00:00,1H2025,2025-06-30,2025-08-30,5381.960223889484,announced_on_or_before_observation_date
airline_pb_history,0670.HK,China Eastern Airlines,2026-01-13,6.47,akshare_baidu_valuation_history,"akshare.stock_hk_valuation_baidu(symbol=00670, indicator=市净率)",2026-08-08T20:42:28.083486+00:00,1H2025,2025-06-30,2025-08-30,5381.960223889484,announced_on_or_before_observation_date
airline_pb_history,0670.HK,China Eastern Airlines,2026-01-14,6.35,akshare_baidu_valuation_history,"akshare.stock_hk_valuation_baidu(symbol=00670, indicator=市净率)",2026-08-08T20:42:28.083486+00:00,1H2025,2025-06-30,2025-08-30,5381.960223889484,announced_on_or_before_observation_date
airline_pb_history,0670.HK,China Eastern Airlines,2026-01-15,6.4,akshare_baidu_valuation_history,"akshare.stock_hk_valuation_baidu(symbol=00670, indicator=市净率)",2026-08-08T20:42:28.083486+00:00,1H2025,2025-06-30,2025-08-30,5381.960223889484,announced_on_or_before_observation_date
airline_pb_history,0670.HK,China Eastern Airlines,2026-01-16,6.43,akshare_baidu_valuation_history,"akshare.stock_hk_valuation_baidu(symbol=00670, indicator=市净率)",2026-08-08T20:42:28.083486+00:00,1H2025,2025-06-30,2025-08-30,5381.960223889484,announced_on_or_before_observation_date
airline_pb_history,0670.HK,China Eastern Airlines,2026-01-17,6.43,akshare_baidu_valuation_history,"akshare.stock_hk_valuation_baidu(symbol=00670, indicator=市净率)",2026-08-08T20:42:28.083486+00:00,1H2025,2025-06-30,2025-08-30,5381.960223889484,announced_on_or_before_observation_date
airline_pb_history,0670.HK,China Eastern Airlines,2026-01-18,6.43,akshare_baidu_valuation_history,"akshare.stock_hk_valuation_baidu(symbol=00670, indicator=市净率)",2026-08-08T20:42:28.083486+00:00,1H2025,2025-06-30,2025-08-30,5381.960223889484,announced_on_or_before_observation_date
airline_pb_history,0670.HK,China Eastern Airlines,2026-01-19,7.02,akshare_baidu_valuation_history,"akshare.stock_hk_valuation_baidu(symbol=00670, indicator=市净率)",2026-08-08T20:42:28.083486+00:00,1H2025,2025-06-30,2025-08-30,5381.960223889484,announced_on_or_before_observation_date
airline_pb_history,0670.HK,China Eastern Airlines,2026-01-20,7.27,akshare_baidu_valuation_history,"akshare.stock_hk_valuation_baidu(symbol=00670, indicator=市净率)",2026-08-08T20:42:28.083486+00:00,1H2025,2025-06-30,2025-08-30,5381.960223889484,announced_on_or_before_observation_date
airline_pb_history,0670.HK,China Eastern Airlines,2026-01-21,7.19,akshare_baidu_valuation_history,"akshare.stock_hk_valuation_baidu(symbol=00670, indicator=市净率)",2026-08-08T20:42:28.083486+00:00,1H2025,2025-06-30,2025-08-30,5381.960223889484,announced_on_or_before_observation_date
airline_pb_history,0670.HK,China Eastern Airlines,2026-01-22,7.14,akshare_baidu_valuation_history,"akshare.stock_hk_valuation_baidu(symbol=00670, indicator=市净率)",2026-08-08T20:42:28.083486+00:00,1H2025,2025-06-30,2025-08-30,5381.960223889484,announced_on_or_before_observation_date
airline_pb_history,0670.HK,China Eastern Airlines,2026-01-23,6.84,akshare_baidu_valuation_history,"akshare.stock_hk_valuation_baidu(symbol=00670, indicator=市净率)",2026-08-08T20:42:28.083486+00:00,1H2025,2025-06-30,2025-08-30,5381.960223889484,announced_on_or_before_observation_date
airline_pb_history,0670.HK,China Eastern Airlines,2026-01-24,6.84,akshare_baidu_valuation_history,"akshare.stock_hk_valuation_baidu(symbol=00670, indicator=市净率)",2026-08-08T20:42:28.083486+00:00,1H2025,2025-06-30,2025-08-30,5381.960223889484,announced_on_or_before_observation_date
airline_pb_history,0670.HK,China Eastern Airlines,2026-01-25,6.84,akshare_baidu_valuation_history,"akshare.stock_hk_valuation_baidu(symbol=00670, indicator=市净率)",2026-08-08T20:42:28.083486+00:00,1H2025,2025-06-30,2025-08-30,5381.960223889484,announced_on_or_before_observation_date
airline_pb_history,0670.HK,China Eastern Airlines,2026-01-26,6.79,akshare_baidu_valuation_history,"akshare.stock_hk_valuation_baidu(symbol=00670, indicator=市净率)",2026-08-08T20:42:28.083486+00:00,1H2025,2025-06-30,2025-08-30,5381.960223889484,announced_on_or_before_observation_date
airline_pb_history,0670.HK,China Eastern Airlines,2026-01-27,6.92,akshare_baidu_valuation_history,"akshare.stock_hk_valuation_baidu(symbol=00670, indicator=市净率)",2026-08-08T20:42:28.083486+00:00,1H2025,2025-06-30,2025-08-30,5381.960223889484,announced_on_or_before_observation_date
airline_pb_history,0670.HK,China Eastern Airlines,2026-01-28,6.52,akshare_baidu_valuation_history,"akshare.stock_hk_valuation_baidu(symbol=00670, indicator=市净率)",2026-08-08T20:42:28.083486+00:00,1H2025,2025-06-30,2025-08-30,5381.960223889484,announced_on_or_before_observation_date
airline_pb_history,0670.HK,China Eastern Airlines,2026-01-29,6.55,akshare_baidu_valuation_history,"akshare.stock_hk_valuation_baidu(symbol=00670, indicator=市净率)",2026-08-08T20:42:28.083486+00:00,1H2025,2025-06-30,2025-08-30,5381.960223889484,announced_on_or_before_observation_date
airline_pb_history,0670.HK,China Eastern Airlines,2026-01-30,6.67,akshare_baidu_valuation_history,"akshare.stock_hk_valuation_baidu(symbol=00670, indicator=市净率)",2026-08-08T20:42:28.083486+00:00,1H2025,2025-06-30,2025-08-30,5381.960223889484,announced_on_or_before_observation_date
airline_pb_history,0670.HK,China Eastern Airlines,2026-01-31,6.67,akshare_baidu_valuation_history,"akshare.stock_hk_valuation_baidu(symbol=00670, indicator=市净率)",2026-08-08T20:42:28.083486+00:00,1H2025,2025-06-30,2025-08-30,5381.960223889484,announced_on_or_before_observation_date
airline_pb_history,0670.HK,China Eastern Airlines,2026-02-01,6.67,akshare_baidu_valuation_history,"akshare.stock_hk_valuation_baidu(symbol=00670, indicator=市净率)",2026-08-08T20:42:28.083486+00:00,1H2025,2025-06-30,2025-08-30,5381.960223889484,announced_on_or_before_observation_date
airline_pb_history,0670.HK,China Eastern Airlines,2026-02-02,6.65,akshare_baidu_valuation_history,"akshare.stock_hk_valuation_baidu(symbol=00670, indicator=市净率)",2026-08-08T20:42:28.083486+00:00,1H2025,2025-06-30,2025-08-30,5381.960223889484,announced_on_or_before_observation_date
airline_pb_history,0670.HK,China Eastern Airlines,2026-02-03,7.14,akshare_baidu_valuation_history,"akshare.stock_hk_valuation_baidu(symbol=00670, indicator=市净率)",2026-08-08T20:42:28.083486+00:00,1H2025,2025-06-30,2025-08-30,5381.960223889484,announced_on_or_before_observation_date
airline_pb_history,0670.HK,China Eastern Airlines,2026-02-04,7.62,akshare_baidu_valuation_history,"akshare.stock_hk_valuation_baidu(symbol=00670, indicator=市净率)",2026-08-08T20:42:28.083486+00:00,1H2025,2025-06-30,2025-08-30,5381.960223889484,announced_on_or_before_observation_date
airline_pb_history,0670.HK,China Eastern Airlines,2026-02-05,7.79,akshare_baidu_valuation_history,"akshare.stock_hk_valuation_baidu(symbol=00670, indicator=市净率)",2026-08-08T20:42:28.083486+00:00,1H2025,2025-06-30,2025-08-30,5381.960223889484,announced_on_or_before_observation_date
airline_pb_history,0670.HK,China Eastern Airlines,2026-02-06,7.77,akshare_baidu_valuation_history,"akshare.stock_hk_valuation_baidu(symbol=00670, indicator=市净率)",2026-08-08T20:42:28.083486+00:00,1H2025,2025-06-30,2025-08-30,5381.960223889484,announced_on_or_before_observation_date
airline_pb_history,0670.HK,China Eastern Airlines,2026-02-07,7.77,akshare_baidu_valuation_history,"akshare.stock_hk_valuation_baidu(symbol=00670, indicator=市净率)",2026-08-08T20:42:28.083486+00:00,1H2025,2025-06-30,2025-08-30,5381.960223889484,announced_on_or_before_observation_date
airline_pb_history,0670.HK,China Eastern Airlines,2026-02-08,7.77,akshare_baidu_valuation_history,"akshare.stock_hk_valuation_baidu(symbol=00670, indicator=市净率)",2026-08-08T20:42:28.083486+00:00,1H2025,2025-06-30,2025-08-30,5381.960223889484,announced_on_or_before_observation_date
airline_pb_history,0670.HK,China Eastern Airlines,2026-02-09,7.73,akshare_baidu_valuation_history,"akshare.stock_hk_valuation_baidu(symbol=00670, indicator=市净率)",2026-08-08T20:42:28.083486+00:00,1H2025,2025-06-30,2025-08-30,5381.960223889484,announced_on_or_before_observation_date
airline_pb_history,0670.HK,China Eastern Airlines,2026-02-10,7.73,akshare_baidu_valuation_history,"akshare.stock_hk_valuation_baidu(symbol=00670, indicator=市净率)",2026-08-08T20:42:28.083486+00:00,1H2025,2025-06-30,2025-08-30,5381.960223889484,announced_on_or_before_observation_date
airline_pb_history,0670.HK,China Eastern Airlines,2026-02-11,7.57,akshare_baidu_valuation_history,"akshare.stock_hk_valuation_baidu(symbol=00670, indicator=市净率)",2026-08-08T20:42:28.083486+00:00,1H2025,2025-06-30,2025-08-30,5381.960223889484,announced_on_or_before_observation_date
airline_pb_history,0670.HK,China Eastern Airlines,2026-02-12,7.41,akshare_baidu_valuation_history,"akshare.stock_hk_valuation_baidu(symbol=00670, indicator=市净率)",2026-08-08T20:42:28.083486+00:00,1H2025,2025-06-30,2025-08-30,5381.960223889484,announced_on_or_before_observation_date
airline_pb_history,0670.HK,China Eastern Airlines,2026-02-13,7.36,akshare_baidu_valuation_history,"akshare.stock_hk_valuation_baidu(symbol=00670, indicator=市净率)",2026-08-08T20:42:28.083486+00:00,1H2025,2025-06-30,2025-08-30,5381.960223889484,announced_on_or_before_observation_date
airline_pb_history,0670.HK,China Eastern Airlines,2026-02-14,7.36,akshare_baidu_valuation_history,"akshare.stock_hk_valuation_baidu(symbol=00670, indicator=市净率)",2026-08-08T20:42:28.083486+00:00,1H2025,2025-06-30,2025-08-30,5381.960223889484,announced_on_or_before_observation_date
airline_pb_history,0670.HK,China Eastern Airlines,2026-02-15,7.36,akshare_baidu_valuation_history,"akshare.stock_hk_valuation_baidu(symbol=00670, indicator=市净率)",2026-08-08T20:42:28.083486+00:00,1H2025,2025-06-30,2025-08-30,5381.960223889484,announced_on_or_before_observation_date
airline_pb_history,0670.HK,China Eastern Airlines,2026-02-16,7.31,akshare_baidu_valuation_history,"akshare.stock_hk_valuation_baidu(symbol=00670, indicator=市净率)",2026-08-08T20:42:28.083486+00:00,1H2025,2025-06-30,2025-08-30,5381.960223889484,announced_on_or_before_observation_date
airline_pb_history,0670.HK,China Eastern Airlines,2026-02-17,7.31,akshare_baidu_valuation_history,"akshare.stock_hk_valuation_baidu(symbol=00670, indicator=市净率)",2026-08-08T20:42:28.083486+00:00,1H2025,2025-06-30,2025-08-30,5381.960223889484,announced_on_or_before_observation_date
airline_pb_history,0670.HK,China Eastern Airlines,2026-02-18,7.31,akshare_baidu_valuation_history,"akshare.stock_hk_valuation_baidu(symbol=00670, indicator=市净率)",2026-08-08T20:42:28.083486+00:00,1H2025,2025-06-30,2025-08-30,5381.960223889484,announced_on_or_before_observation_date
airline_pb_history,0670.HK,China Eastern Airlines,2026-02-19,7.31,akshare_baidu_valuation_history,"akshare.stock_hk_valuation_baidu(symbol=00670, indicator=市净率)",2026-08-08T20:42:28.083486+00:00,1H2025,2025-06-30,2025-08-30,5381.960223889484,announced_on_or_before_observation_date
airline_pb_history,0670.HK,China Eastern Airlines,2026-02-20,7.23,akshare_baidu_valuation_history,"akshare.stock_hk_valuation_baidu(symbol=00670, indicator=市净率)",2026-08-08T20:42:28.083486+00:00,1H2025,2025-06-30,2025-08-30,5381.960223889484,announced_on_or_before_observation_date
airline_pb_history,0670.HK,China Eastern Airlines,2026-02-21,7.23,akshare_baidu_valuation_history,"akshare.stock_hk_valuation_baidu(symbol=00670, indicator=市净率)",2026-08-08T20:42:28.083486+00:00,1H2025,2025-06-30,2025-08-30,5381.960223889484,announced_on_or_before_observation_date
airline_pb_history,0670.HK,China Eastern Airlines,2026-02-22,7.23,akshare_baidu_valuation_history,"akshare.stock_hk_valuation_baidu(symbol=00670, indicator=市净率)",2026-08-08T20:42:28.083486+00:00,1H2025,2025-06-30,2025-08-30,5381.960223889484,announced_on_or_before_observation_date
airline_pb_history,0670.HK,China Eastern Airlines,2026-02-23,7.24,akshare_baidu_valuation_history,"akshare.stock_hk_valuation_baidu(symbol=00670, indicator=市净率)",2026-08-08T20:42:28.083486+00:00,1H2025,2025-06-30,2025-08-30,5381.960223889484,announced_on_or_before_observation_date
airline_pb_history,0670.HK,China Eastern Airlines,2026-02-24,7.1,akshare_baidu_valuation_history,"akshare.stock_hk_valuation_baidu(symbol=00670, indicator=市净率)",2026-08-08T20:42:28.083486+00:00,1H2025,2025-06-30,2025-08-30,5381.960223889484,announced_on_or_before_observation_date
airline_pb_history,0670.HK,China Eastern Airlines,2026-02-25,7.04,akshare_baidu_valuation_history,"akshare.stock_hk_valuation_baidu(symbol=00670, indicator=市净率)",2026-08-08T20:42:28.083486+00:00,1H2025,2025-06-30,2025-08-30,5381.960223889484,announced_on_or_before_observation_date
airline_pb_history,0670.HK,China Eastern Airlines,2026-02-26,7.14,akshare_baidu_valuation_history,"akshare.stock_hk_valuation_baidu(symbol=00670, indicator=市净率)",2026-08-08T20:42:28.083486+00:00,1H2025,2025-06-30,2025-08-30,5381.960223889484,announced_on_or_before_observation_date
airline_pb_history,0670.HK,China Eastern Airlines,2026-02-27,6.83,akshare_baidu_valuation_history,"akshare.stock_hk_valuation_baidu(symbol=00670, indicator=市净率)",2026-08-08T20:42:28.083486+00:00,1H2025,2025-06-30,2025-08-30,5381.960223889484,announced_on_or_before_observation_date
airline_pb_history,0670.HK,China Eastern Airlines,2026-02-28,6.83,akshare_baidu_valuation_history,"akshare.stock_hk_valuation_baidu(symbol=00670, indicator=市净率)",2026-08-08T20:42:28.083486+00:00,1H2025,2025-06-30,2025-08-30,5381.960223889484,announced_on_or_before_observation_date
airline_pb_history,0670.HK,China Eastern Airlines,2026-03-01,6.83,akshare_baidu_valuation_history,"akshare.stock_hk_valuation_baidu(symbol=00670, indicator=市净率)",2026-08-08T20:42:28.083486+00:00,1H2025,2025-06-30,2025-08-30,5381.960223889484,announced_on_or_before_observation_date
airline_pb_history,0670.HK,China Eastern Airlines,2026-03-02,6.29,akshare_baidu_valuation_history,"akshare.stock_hk_valuation_baidu(symbol=00670, indicator=市净率)",2026-08-08T20:42:28.083486+00:00,1H2025,2025-06-30,2025-08-30,5381.960223889484,announced_on_or_before_observation_date
airline_pb_history,0670.HK,China Eastern Airlines,2026-03-03,6.06,akshare_baidu_valuation_history,"akshare.stock_hk_valuation_baidu(symbol=00670, indicator=市净率)",2026-08-08T20:42:28.083486+00:00,1H2025,2025-06-30,2025-08-30,5381.960223889484,announced_on_or_before_observation_date
airline_pb_history,0670.HK,China Eastern Airlines,2026-03-04,5.69,akshare_baidu_valuation_history,"akshare.stock_hk_valuation_baidu(symbol=00670, indicator=市净率)",2026-08-08T20:42:28.083486+00:00,1H2025,2025-06-30,2025-08-30,5381.960223889484,announced_on_or_before_observation_date
airline_pb_history,0670.HK,China Eastern Airlines,2026-03-05,5.6,akshare_baidu_valuation_history,"akshare.stock_hk_valuation_baidu(symbol=00670, indicator=市净率)",2026-08-08T20:42:28.083486+00:00,1H2025,2025-06-30,2025-08-30,5381.960223889484,announced_on_or_before_observation_date
airline_pb_history,0670.HK,China Eastern Airlines,2026-03-06,5.55,akshare_baidu_valuation_history,"akshare.stock_hk_valuation_baidu(symbol=00670, indicator=市净率)",2026-08-08T20:42:28.083486+00:00,1H2025,2025-06-30,2025-08-30,5381.960223889484,announced_on_or_before_observation_date
airline_pb_history,0670.HK,China Eastern Airlines,2026-03-07,5.55,akshare_baidu_valuation_history,"akshare.stock_hk_valuation_baidu(symbol=00670, indicator=市净率)",2026-08-08T20:42:28.083486+00:00,1H2025,2025-06-30,2025-08-30,5381.960223889484,announced_on_or_before_observation_date
airline_pb_history,0670.HK,China Eastern Airlines,2026-03-08,5.55,akshare_baidu_valuation_history,"akshare.stock_hk_valuation_baidu(symbol=00670, indicator=市净率)",2026-08-08T20:42:28.083486+00:00,1H2025,2025-06-30,2025-08-30,5381.960223889484,announced_on_or_before_observation_date
airline_pb_history,0670.HK,China Eastern Airlines,2026-03-09,5.39,akshare_baidu_valuation_history,"akshare.stock_hk_valuation_baidu(symbol=00670, indicator=市净率)",2026-08-08T20:42:28.083486+00:00,1H2025,2025-06-30,2025-08-30,5381.960223889484,announced_on_or_before_observation_date
airline_pb_history,0670.HK,China Eastern Airlines,2026-03-10,5.45,akshare_baidu_valuation_history,"akshare.stock_hk_valuation_baidu(symbol=00670, indicator=市净率)",2026-08-08T20:42:28.083486+00:00,1H2025,2025-06-30,2025-08-30,5381.960223889484,announced_on_or_before_observation_date
airline_pb_history,0670.HK,China Eastern Airlines,2026-03-11,5.28,akshare_baidu_valuation_history,"akshare.stock_hk_valuation_baidu(symbol=00670, indicator=市净率)",2026-08-08T20:42:28.083486+00:00,1H2025,2025-06-30,2025-08-30,5381.960223889484,announced_on_or_before_observation_date
airline_pb_history,0670.HK,China Eastern Airlines,2026-03-12,5.24,akshare_baidu_valuation_history,"akshare.stock_hk_valuation_baidu(symbol=00670, indicator=市净率)",2026-08-08T20:42:28.083486+00:00,1H2025,2025-06-30,2025-08-30,5381.960223889484,announced_on_or_before_observation_date
airline_pb_history,0670.HK,China Eastern Airlines,2026-03-13,5.02,akshare_baidu_valuation_history,"akshare.stock_hk_valuation_baidu(symbol=00670, indicator=市净率)",2026-08-08T20:42:28.083486+00:00,1H2025,2025-06-30,2025-08-30,5381.960223889484,announced_on_or_before_observation_date
airline_pb_history,0670.HK,China Eastern Airlines,2026-03-14,5.02,akshare_baidu_valuation_history,"akshare.stock_hk_valuation_baidu(symbol=00670, indicator=市净率)",2026-08-08T20:42:28.083486+00:00,1H2025,2025-06-30,2025-08-30,5381.960223889484,announced_on_or_before_observation_date
airline_pb_history,0670.HK,China Eastern Airlines,2026-03-15,5.02,akshare_baidu_valuation_history,"akshare.stock_hk_valuation_baidu(symbol=00670, indicator=市净率)",2026-08-08T20:42:28.083486+00:00,1H2025,2025-06-30,2025-08-30,5381.960223889484,announced_on_or_before_observation_date
airline_pb_history,0670.HK,China Eastern Airlines,2026-03-16,5.11,akshare_baidu_valuation_history,"akshare.stock_hk_valuation_baidu(symbol=00670, indicator=市净率)",2026-08-08T20:42:28.083486+00:00,1H2025,2025-06-30,2025-08-30,5381.960223889484,announced_on_or_before_observation_date
airline_pb_history,0670.HK,China Eastern Airlines,2026-03-17,5.11,akshare_baidu_valuation_history,"akshare.stock_hk_valuation_baidu(symbol=00670, indicator=市净率)",2026-08-08T20:42:28.083486+00:00,1H2025,2025-06-30,2025-08-30,5381.960223889484,announced_on_or_before_observation_date
airline_pb_history,0670.HK,China Eastern Airlines,2026-03-18,4.95,akshare_baidu_valuation_history,"akshare.stock_hk_valuation_baidu(symbol=00670, indicator=市净率)",2026-08-08T20:42:28.083486+00:00,1H2025,2025-06-30,2025-08-30,5381.960223889484,announced_on_or_before_observation_date
airline_pb_history,0670.HK,China Eastern Airlines,2026-03-19,4.69,akshare_baidu_valuation_history,"akshare.stock_hk_valuation_baidu(symbol=00670, indicator=市净率)",2026-08-08T20:42:28.083486+00:00,1H2025,2025-06-30,2025-08-30,5381.960223889484,announced_on_or_before_observation_date
airline_pb_history,0670.HK,China Eastern Airlines,2026-03-20,4.67,akshare_baidu_valuation_history,"akshare.stock_hk_valuation_baidu(symbol=00670, indicator=市净率)",2026-08-08T20:42:28.083486+00:00,1H2025,2025-06-30,2025-08-30,5381.960223889484,announced_on_or_before_observation_date
airline_pb_history,0670.HK,China Eastern Airlines,2026-03-21,4.67,akshare_baidu_valuation_history,"akshare.stock_hk_valuation_baidu(symbol=00670, indicator=市净率)",2026-08-08T20:42:28.083486+00:00,1H2025,2025-06-30,2025-08-30,5381.960223889484,announced_on_or_before_observation_date
airline_pb_history,0670.HK,China Eastern Airlines,2026-03-22,4.67,akshare_baidu_valuation_history,"akshare.stock_hk_valuation_baidu(symbol=00670, indicator=市净率)",2026-08-08T20:42:28.083486+00:00,1H2025,2025-06-30,2025-08-30,5381.960223889484,announced_on_or_before_observation_date
airline_pb_history,0670.HK,China Eastern Airlines,2026-03-23,4.23,akshare_baidu_valuation_history,"akshare.stock_hk_valuation_baidu(symbol=00670, indicator=市净率)",2026-08-08T20:42:28.083486+00:00,1H2025,2025-06-30,2025-08-30,5381.960223889484,announced_on_or_before_observation_date
airline_pb_history,0670.HK,China Eastern Airlines,2026-03-24,4.54,akshare_baidu_valuation_history,"akshare.stock_hk_valuation_baidu(symbol=00670, indicator=市净率)",2026-08-08T20:42:28.083486+00:00,1H2025,2025-06-30,2025-08-30,5381.960223889484,announced_on_or_before_observation_date
airline_pb_history,0670.HK,China Eastern Airlines,2026-03-25,4.76,akshare_baidu_valuation_history,"akshare.stock_hk_valuation_baidu(symbol=00670, indicator=市净率)",2026-08-08T20:42:28.083486+00:00,1H2025,2025-06-30,2025-08-30,5381.960223889484,announced_on_or_before_observation_date
airline_pb_history,0670.HK,China Eastern Airlines,2026-03-26,4.54,akshare_baidu_valuation_history,"akshare.stock_hk_valuation_baidu(symbol=00670, indicator=市净率)",2026-08-08T20:42:28.083486+00:00,1H2025,2025-06-30,2025-08-30,5381.960223889484,announced_on_or_before_observation_date
airline_pb_history,0670.HK,China Eastern Airlines,2026-03-27,4.55,akshare_baidu_valuation_history,"akshare.stock_hk_valuation_baidu(symbol=00670, indicator=市净率)",2026-08-08T20:42:28.083486+00:00,1H2025,2025-06-30,2025-08-30,5381.960223889484,announced_on_or_before_observation_date
airline_pb_history,0670.HK,China Eastern Airlines,2026-03-28,4.55,akshare_baidu_valuation_history,"akshare.stock_hk_valuation_baidu(symbol=00670, indicator=市净率)",2026-08-08T20:42:28.083486+00:00,1H2025,2025-06-30,2025-08-30,5381.960223889484,announced_on_or_before_observation_date
airline_pb_history,0670.HK,China Eastern Airlines,2026-03-29,4.55,akshare_baidu_valuation_history,"akshare.stock_hk_valuation_baidu(symbol=00670, indicator=市净率)",2026-08-08T20:42:28.083486+00:00,1H2025,2025-06-30,2025-08-30,5381.960223889484,announced_on_or_before_observation_date
airline_pb_history,0670.HK,China Eastern Airlines,2026-03-30,4.82,akshare_baidu_valuation_history,"akshare.stock_hk_valuation_baidu(symbol=00670, indicator=市净率)",2026-08-08T20:42:28.083486+00:00,1H2025,2025-06-30,2025-08-30,5381.960223889484,announced_on_or_before_observation_date
airline_pb_history,0670.HK,China Eastern Airlines,2026-03-31,4.66,akshare_baidu_valuation_history,"akshare.stock_hk_valuation_baidu(symbol=00670, indicator=市净率)",2026-08-08T20:42:28.083486+00:00,FY2025,2025-12-31,2026-03-31,5393.35598453721,announced_on_or_before_observation_date
airline_pb_history,0670.HK,China Eastern Airlines,2026-04-01,5.22,akshare_baidu_valuation_history,"akshare.stock_hk_valuation_baidu(symbol=00670, indicator=市净率)",2026-08-08T20:42:28.083486+00:00,FY2025,2025-12-31,2026-03-31,5393.35598453721,announced_on_or_before_observation_date
airline_pb_history,0670.HK,China Eastern Airlines,2026-04-02,4.97,akshare_baidu_valuation_history,"akshare.stock_hk_valuation_baidu(symbol=00670, indicator=市净率)",2026-08-08T20:42:28.083486+00:00,FY2025,2025-12-31,2026-03-31,5393.35598453721,announced_on_or_before_observation_date
airline_pb_history,0670.HK,China Eastern Airlines,2026-04-03,4.97,akshare_baidu_valuation_history,"akshare.stock_hk_valuation_baidu(symbol=00670, indicator=市净率)",2026-08-08T20:42:28.083486+00:00,FY2025,2025-12-31,2026-03-31,5393.35598453721,announced_on_or_before_observation_date
airline_pb_history,0670.HK,China Eastern Airlines,2026-04-04,4.97,akshare_baidu_valuation_history,"akshare.stock_hk_valuation_baidu(symbol=00670, indicator=市净率)",2026-08-08T20:42:28.083486+00:00,FY2025,2025-12-31,2026-03-31,5393.35598453721,announced_on_or_before_observation_date
airline_pb_history,0670.HK,China Eastern Airlines,2026-04-05,4.97,akshare_baidu_valuation_history,"akshare.stock_hk_valuation_baidu(symbol=00670, indicator=市净率)",2026-08-08T20:42:28.083486+00:00,FY2025,2025-12-31,2026-03-31,5393.35598453721,announced_on_or_before_observation_date
airline_pb_history,0670.HK,China Eastern Airlines,2026-04-06,4.97,akshare_baidu_valuation_history,"akshare.stock_hk_valuation_baidu(symbol=00670, indicator=市净率)",2026-08-08T20:42:28.083486+00:00,FY2025,2025-12-31,2026-03-31,5393.35598453721,announced_on_or_before_observation_date
airline_pb_history,0670.HK,China Eastern Airlines,2026-04-07,4.97,akshare_baidu_valuation_history,"akshare.stock_hk_valuation_baidu(symbol=00670, indicator=市净率)",2026-08-08T20:42:28.083486+00:00,FY2025,2025-12-31,2026-03-31,5393.35598453721,announced_on_or_before_observation_date
airline_pb_history,0670.HK,China Eastern Airlines,2026-04-08,5.37,akshare_baidu_valuation_history,"akshare.stock_hk_valuation_baidu(symbol=00670, indicator=市净率)",2026-08-08T20:42:28.083486+00:00,FY2025,2025-12-31,2026-03-31,5393.35598453721,announced_on_or_before_observation_date
airline_pb_history,0670.HK,China Eastern Airlines,2026-04-09,5.24,akshare_baidu_valuation_history,"akshare.stock_hk_valuation_baidu(symbol=00670, indicator=市净率)",2026-08-08T20:42:28.083486+00:00,FY2025,2025-12-31,2026-03-31,5393.35598453721,announced_on_or_before_observation_date
airline_pb_history,0670.HK,China Eastern Airlines,2026-04-10,5.25,akshare_baidu_valuation_history,"akshare.stock_hk_valuation_baidu(symbol=00670, indicator=市净率)",2026-08-08T20:42:28.083486+00:00,FY2025,2025-12-31,2026-03-31,5393.35598453721,announced_on_or_before_observation_date
airline_pb_history,0670.HK,China Eastern Airlines,2026-04-11,5.25,akshare_baidu_valuation_history,"akshare.stock_hk_valuation_baidu(symbol=00670, indicator=市净率)",2026-08-08T20:42:28.083486+00:00,FY2025,2025-12-31,2026-03-31,5393.35598453721,announced_on_or_before_observation_date
airline_pb_history,0670.HK,China Eastern Airlines,2026-04-12,5.25,akshare_baidu_valuation_history,"akshare.stock_hk_valuation_baidu(symbol=00670, indicator=市净率)",2026-08-08T20:42:28.083486+00:00,FY2025,2025-12-31,2026-03-31,5393.35598453721,announced_on_or_before_observation_date
airline_pb_history,0670.HK,China Eastern Airlines,2026-04-13,5.02,akshare_baidu_valuation_history,"akshare.stock_hk_valuation_baidu(symbol=00670, indicator=市净率)",2026-08-08T20:42:28.083486+00:00,FY2025,2025-12-31,2026-03-31,5393.35598453721,announced_on_or_before_observation_date
airline_pb_history,0670.HK,China Eastern Airlines,2026-04-14,5.08,akshare_baidu_valuation_history,"akshare.stock_hk_valuation_baidu(symbol=00670, indicator=市净率)",2026-08-08T20:42:28.083486+00:00,FY2025,2025-12-31,2026-03-31,5393.35598453721,announced_on_or_before_observation_date
airline_pb_history,0670.HK,China Eastern Airlines,2026-04-15,5.26,akshare_baidu_valuation_history,"akshare.stock_hk_valuation_baidu(symbol=00670, indicator=市净率)",2026-08-08T20:42:28.083486+00:00,FY2025,2025-12-31,2026-03-31,5393.35598453721,announced_on_or_before_observation_date
airline_pb_history,0670.HK,China Eastern Airlines,2026-04-16,5.3,akshare_baidu_valuation_history,"akshare.stock_hk_valuation_baidu(symbol=00670, indicator=市净率)",2026-08-08T20:42:28.083486+00:00,FY2025,2025-12-31,2026-03-31,5393.35598453721,announced_on_or_before_observation_date
airline_pb_history,0670.HK,China Eastern Airlines,2026-04-17,5.18,akshare_baidu_valuation_history,"akshare.stock_hk_valuation_baidu(symbol=00670, indicator=市净率)",2026-08-08T20:42:28.083486+00:00,FY2025,2025-12-31,2026-03-31,5393.35598453721,announced_on_or_before_observation_date
airline_pb_history,0670.HK,China Eastern Airlines,2026-04-18,5.18,akshare_baidu_valuation_history,"akshare.stock_hk_valuation_baidu(symbol=00670, indicator=市净率)",2026-08-08T20:42:28.083486+00:00,FY2025,2025-12-31,2026-03-31,5393.35598453721,announced_on_or_before_observation_date
airline_pb_history,0670.HK,China Eastern Airlines,2026-04-19,5.18,akshare_baidu_valuation_history,"akshare.stock_hk_valuation_baidu(symbol=00670, indicator=市净率)",2026-08-08T20:42:28.083486+00:00,FY2025,2025-12-31,2026-03-31,5393.35598453721,announced_on_or_before_observation_date
airline_pb_history,0670.HK,China Eastern Airlines,2026-04-20,5.45,akshare_baidu_valuation_history,"akshare.stock_hk_valuation_baidu(symbol=00670, indicator=市净率)",2026-08-08T20:42:28.083486+00:00,FY2025,2025-12-31,2026-03-31,5393.35598453721,announced_on_or_before_observation_date
airline_pb_history,0670.HK,China Eastern Airlines,2026-04-21,5.64,akshare_baidu_valuation_history,"akshare.stock_hk_valuation_baidu(symbol=00670, indicator=市净率)",2026-08-08T20:42:28.083486+00:00,FY2025,2025-12-31,2026-03-31,5393.35598453721,announced_on_or_before_observation_date
airline_pb_history,0670.HK,China Eastern Airlines,2026-04-22,5.69,akshare_baidu_valuation_history,"akshare.stock_hk_valuation_baidu(symbol=00670, indicator=市净率)",2026-08-08T20:42:28.083486+00:00,FY2025,2025-12-31,2026-03-31,5393.35598453721,announced_on_or_before_observation_date
airline_pb_history,0670.HK,China Eastern Airlines,2026-04-23,5.34,akshare_baidu_valuation_history,"akshare.stock_hk_valuation_baidu(symbol=00670, indicator=市净率)",2026-08-08T20:42:28.083486+00:00,FY2025,2025-12-31,2026-03-31,5393.35598453721,announced_on_or_before_observation_date
airline_pb_history,0670.HK,China Eastern Airlines,2026-04-24,5.37,akshare_baidu_valuation_history,"akshare.stock_hk_valuation_baidu(symbol=00670, indicator=市净率)",2026-08-08T20:42:28.083486+00:00,FY2025,2025-12-31,2026-03-31,5393.35598453721,announced_on_or_before_observation_date
airline_pb_history,0670.HK,China Eastern Airlines,2026-04-25,5.37,akshare_baidu_valuation_history,"akshare.stock_hk_valuation_baidu(symbol=00670, indicator=市净率)",2026-08-08T20:42:28.083486+00:00,FY2025,2025-12-31,2026-03-31,5393.35598453721,announced_on_or_before_observation_date
airline_pb_history,0670.HK,China Eastern Airlines,2026-04-26,5.37,akshare_baidu_valuation_history,"akshare.stock_hk_valuation_baidu(symbol=00670, indicator=市净率)",2026-08-08T20:42:28.083486+00:00,FY2025,2025-12-31,2026-03-31,5393.35598453721,announced_on_or_before_observation_date
airline_pb_history,0670.HK,China Eastern Airlines,2026-04-27,5.32,akshare_baidu_valuation_history,"akshare.stock_hk_valuation_baidu(symbol=00670, indicator=市净率)",2026-08-08T20:42:28.083486+00:00,FY2025,2025-12-31,2026-03-31,5393.35598453721,announced_on_or_before_observation_date
airline_pb_history,0670.HK,China Eastern Airlines,2026-04-28,5.16,akshare_baidu_valuation_history,"akshare.stock_hk_valuation_baidu(symbol=00670, indicator=市净率)",2026-08-08T20:42:28.083486+00:00,FY2025,2025-12-31,2026-03-31,5393.35598453721,announced_on_or_before_observation_date
airline_pb_history,0670.HK,China Eastern Airlines,2026-04-29,5.42,akshare_baidu_valuation_history,"akshare.stock_hk_valuation_baidu(symbol=00670, indicator=市净率)",2026-08-08T20:42:28.083486+00:00,FY2025,2025-12-31,2026-03-31,5393.35598453721,announced_on_or_before_observation_date
airline_pb_history,0670.HK,China Eastern Airlines,2026-04-30,5.32,akshare_baidu_valuation_history,"akshare.stock_hk_valuation_baidu(symbol=00670, indicator=市净率)",2026-08-08T20:42:28.083486+00:00,FY2025,2025-12-31,2026-03-31,5393.35598453721,announced_on_or_before_observation_date
airline_pb_history,0670.HK,China Eastern Airlines,2026-05-01,5.32,akshare_baidu_valuation_history,"akshare.stock_hk_valuation_baidu(symbol=00670, indicator=市净率)",2026-08-08T20:42:28.083486+00:00,FY2025,2025-12-31,2026-03-31,5393.35598453721,announced_on_or_before_observation_date
airline_pb_history,0670.HK,China Eastern Airlines,2026-05-02,5.32,akshare_baidu_valuation_history,"akshare.stock_hk_valuation_baidu(symbol=00670, indicator=市净率)",2026-08-08T20:42:28.083486+00:00,FY2025,2025-12-31,2026-03-31,5393.35598453721,announced_on_or_before_observation_date
airline_pb_history,0670.HK,China Eastern Airlines,2026-05-03,5.32,akshare_baidu_valuation_history,"akshare.stock_hk_valuation_baidu(symbol=00670, indicator=市净率)",2026-08-08T20:42:28.083486+00:00,FY2025,2025-12-31,2026-03-31,5393.35598453721,announced_on_or_before_observation_date
airline_pb_history,0670.HK,China Eastern Airlines,2026-05-04,5.59,akshare_baidu_valuation_history,"akshare.stock_hk_valuation_baidu(symbol=00670, indicator=市净率)",2026-08-08T20:42:28.083486+00:00,FY2025,2025-12-31,2026-03-31,5393.35598453721,announced_on_or_before_observation_date
airline_pb_history,0670.HK,China Eastern Airlines,2026-05-05,5.56,akshare_baidu_valuation_history,"akshare.stock_hk_valuation_baidu(symbol=00670, indicator=市净率)",2026-08-08T20:42:28.083486+00:00,FY2025,2025-12-31,2026-03-31,5393.35598453721,announced_on_or_before_observation_date
airline_pb_history,0670.HK,China Eastern Airlines,2026-05-06,5.66,akshare_baidu_valuation_history,"akshare.stock_hk_valuation_baidu(symbol=00670, indicator=市净率)",2026-08-08T20:42:28.083486+00:00,FY2025,2025-12-31,2026-03-31,5393.35598453721,announced_on_or_before_observation_date
airline_pb_history,0670.HK,China Eastern Airlines,2026-05-07,5.93,akshare_baidu_valuation_history,"akshare.stock_hk_valuation_baidu(symbol=00670, indicator=市净率)",2026-08-08T20:42:28.083486+00:00,FY2025,2025-12-31,2026-03-31,5393.35598453721,announced_on_or_before_observation_date
airline_pb_history,0670.HK,China Eastern Airlines,2026-05-08,6.06,akshare_baidu_valuation_history,"akshare.stock_hk_valuation_baidu(symbol=00670, indicator=市净率)",2026-08-08T20:42:28.083486+00:00,FY2025,2025-12-31,2026-03-31,5393.35598453721,announced_on_or_before_observation_date
airline_pb_history,0670.HK,China Eastern Airlines,2026-05-09,6.06,akshare_baidu_valuation_history,"akshare.stock_hk_valuation_baidu(symbol=00670, indicator=市净率)",2026-08-08T20:42:28.083486+00:00,FY2025,2025-12-31,2026-03-31,5393.35598453721,announced_on_or_before_observation_date
airline_pb_history,0670.HK,China Eastern Airlines,2026-05-10,6.06,akshare_baidu_valuation_history,"akshare.stock_hk_valuation_baidu(symbol=00670, indicator=市净率)",2026-08-08T20:42:28.083486+00:00,FY2025,2025-12-31,2026-03-31,5393.35598453721,announced_on_or_before_observation_date
airline_pb_history,0670.HK,China Eastern Airlines,2026-05-11,5.81,akshare_baidu_valuation_history,"akshare.stock_hk_valuation_baidu(symbol=00670, indicator=市净率)",2026-08-08T20:42:28.083486+00:00,FY2025,2025-12-31,2026-03-31,5393.35598453721,announced_on_or_before_observation_date
airline_pb_history,0670.HK,China Eastern Airlines,2026-05-12,5.67,akshare_baidu_valuation_history,"akshare.stock_hk_valuation_baidu(symbol=00670, indicator=市净率)",2026-08-08T20:42:28.083486+00:00,FY2025,2025-12-31,2026-03-31,5393.35598453721,announced_on_or_before_observation_date
airline_pb_history,0670.HK,China Eastern Airlines,2026-05-13,5.7,akshare_baidu_valuation_history,"akshare.stock_hk_valuation_baidu(symbol=00670, indicator=市净率)",2026-08-08T20:42:28.083486+00:00,FY2025,2025-12-31,2026-03-31,5393.35598453721,announced_on_or_before_observation_date
airline_pb_history,0670.HK,China Eastern Airlines,2026-05-14,5.45,akshare_baidu_valuation_history,"akshare.stock_hk_valuation_baidu(symbol=00670, indicator=市净率)",2026-08-08T20:42:28.083486+00:00,FY2025,2025-12-31,2026-03-31,5393.35598453721,announced_on_or_before_observation_date
airline_pb_history,0670.HK,China Eastern Airlines,2026-05-15,5.12,akshare_baidu_valuation_history,"akshare.stock_hk_valuation_baidu(symbol=00670, indicator=市净率)",2026-08-08T20:42:28.083486+00:00,FY2025,2025-12-31,2026-03-31,5393.35598453721,announced_on_or_before_observation_date
airline_pb_history,0670.HK,China Eastern Airlines,2026-05-16,5.12,akshare_baidu_valuation_history,"akshare.stock_hk_valuation_baidu(symbol=00670, indicator=市净率)",2026-08-08T20:42:28.083486+00:00,FY2025,2025-12-31,2026-03-31,5393.35598453721,announced_on_or_before_observation_date
airline_pb_history,0670.HK,China Eastern Airlines,2026-05-17,5.12,akshare_baidu_valuation_history,"akshare.stock_hk_valuation_baidu(symbol=00670, indicator=市净率)",2026-08-08T20:42:28.083486+00:00,FY2025,2025-12-31,2026-03-31,5393.35598453721,announced_on_or_before_observation_date
airline_pb_history,0670.HK,China Eastern Airlines,2026-05-18,4.92,akshare_baidu_valuation_history,"akshare.stock_hk_valuation_baidu(symbol=00670, indicator=市净率)",2026-08-08T20:42:28.083486+00:00,FY2025,2025-12-31,2026-03-31,5393.35598453721,announced_on_or_before_observation_date
airline_pb_history,0670.HK,China Eastern Airlines,2026-05-19,4.92,akshare_baidu_valuation_history,"akshare.stock_hk_valuation_baidu(symbol=00670, indicator=市净率)",2026-08-08T20:42:28.083486+00:00,FY2025,2025-12-31,2026-03-31,5393.35598453721,announced_on_or_before_observation_date
airline_pb_history,0670.HK,China Eastern Airlines,2026-05-20,4.88,akshare_baidu_valuation_history,"akshare.stock_hk_valuation_baidu(symbol=00670, indicator=市净率)",2026-08-08T20:42:28.083486+00:00,FY2025,2025-12-31,2026-03-31,5393.35598453721,announced_on_or_before_observation_date
airline_pb_history,0670.HK,China Eastern Airlines,2026-05-21,5.06,akshare_baidu_valuation_history,"akshare.stock_hk_valuation_baidu(symbol=00670, indicator=市净率)",2026-08-08T20:42:28.083486+00:00,FY2025,2025-12-31,2026-03-31,5393.35598453721,announced_on_or_before_observation_date
airline_pb_history,0670.HK,China Eastern Airlines,2026-05-22,5.05,akshare_baidu_valuation_history,"akshare.stock_hk_valuation_baidu(symbol=00670, indicator=市净率)",2026-08-08T20:42:28.083486+00:00,FY2025,2025-12-31,2026-03-31,5393.35598453721,announced_on_or_before_observation_date
airline_pb_history,0670.HK,China Eastern Airlines,2026-05-23,5.05,akshare_baidu_valuation_history,"akshare.stock_hk_valuation_baidu(symbol=00670, indicator=市净率)",2026-08-08T20:42:28.083486+00:00,FY2025,2025-12-31,2026-03-31,5393.35598453721,announced_on_or_before_observation_date
airline_pb_history,0670.HK,China Eastern Airlines,2026-05-24,5.05,akshare_baidu_valuation_history,"akshare.stock_hk_valuation_baidu(symbol=00670, indicator=市净率)",2026-08-08T20:42:28.083486+00:00,FY2025,2025-12-31,2026-03-31,5393.35598453721,announced_on_or_before_observation_date
airline_pb_history,0670.HK,China Eastern Airlines,2026-05-25,5.05,akshare_baidu_valuation_history,"akshare.stock_hk_valuation_baidu(symbol=00670, indicator=市净率)",2026-08-08T20:42:28.083486+00:00,FY2025,2025-12-31,2026-03-31,5393.35598453721,announced_on_or_before_observation_date
airline_pb_history,0670.HK,China Eastern Airlines,2026-05-26,5.35,akshare_baidu_valuation_history,"akshare.stock_hk_valuation_baidu(symbol=00670, indicator=市净率)",2026-08-08T20:42:28.083486+00:00,FY2025,2025-12-31,2026-03-31,5393.35598453721,announced_on_or_before_observation_date
airline_pb_history,0670.HK,China Eastern Airlines,2026-05-27,5.28,akshare_baidu_valuation_history,"akshare.stock_hk_valuation_baidu(symbol=00670, indicator=市净率)",2026-08-08T20:42:28.083486+00:00,FY2025,2025-12-31,2026-03-31,5393.35598453721,announced_on_or_before_observation_date
airline_pb_history,0670.HK,China Eastern Airlines,2026-05-28,5.05,akshare_baidu_valuation_history,"akshare.stock_hk_valuation_baidu(symbol=00670, indicator=市净率)",2026-08-08T20:42:28.083486+00:00,FY2025,2025-12-31,2026-03-31,5393.35598453721,announced_on_or_before_observation_date
airline_pb_history,0670.HK,China Eastern Airlines,2026-05-29,5.26,akshare_baidu_valuation_history,"akshare.stock_hk_valuation_baidu(symbol=00670, indicator=市净率)",2026-08-08T20:42:28.083486+00:00,FY2025,2025-12-31,2026-03-31,5393.35598453721,announced_on_or_before_observation_date
airline_pb_history,0670.HK,China Eastern Airlines,2026-05-30,5.26,akshare_baidu_valuation_history,"akshare.stock_hk_valuation_baidu(symbol=00670, indicator=市净率)",2026-08-08T20:42:28.083486+00:00,FY2025,2025-12-31,2026-03-31,5393.35598453721,announced_on_or_before_observation_date
airline_pb_history,0670.HK,China Eastern Airlines,2026-05-31,5.26,akshare_baidu_valuation_history,"akshare.stock_hk_valuation_baidu(symbol=00670, indicator=市净率)",2026-08-08T20:42:28.083486+00:00,FY2025,2025-12-31,2026-03-31,5393.35598453721,announced_on_or_before_observation_date
airline_pb_history,0670.HK,China Eastern Airlines,2026-06-01,5.12,akshare_baidu_valuation_history,"akshare.stock_hk_valuation_baidu(symbol=00670, indicator=市净率)",2026-08-08T20:42:28.083486+00:00,FY2025,2025-12-31,2026-03-31,5393.35598453721,announced_on_or_before_observation_date
airline_pb_history,0670.HK,China Eastern Airlines,2026-06-02,5.1,akshare_baidu_valuation_history,"akshare.stock_hk_valuation_baidu(symbol=00670, indicator=市净率)",2026-08-08T20:42:28.083486+00:00,FY2025,2025-12-31,2026-03-31,5393.35598453721,announced_on_or_before_observation_date
airline_pb_history,0670.HK,China Eastern Airlines,2026-06-03,4.81,akshare_baidu_valuation_history,"akshare.stock_hk_valuation_baidu(symbol=00670, indicator=市净率)",2026-08-08T20:42:28.083486+00:00,FY2025,2025-12-31,2026-03-31,5393.35598453721,announced_on_or_before_observation_date
airline_pb_history,0670.HK,China Eastern Airlines,2026-06-04,4.77,akshare_baidu_valuation_history,"akshare.stock_hk_valuation_baidu(symbol=00670, indicator=市净率)",2026-08-08T20:42:28.083486+00:00,FY2025,2025-12-31,2026-03-31,5393.35598453721,announced_on_or_before_observation_date
airline_pb_history,0670.HK,China Eastern Airlines,2026-06-05,4.72,akshare_baidu_valuation_history,"akshare.stock_hk_valuation_baidu(symbol=00670, indicator=市净率)",2026-08-08T20:42:28.083486+00:00,FY2025,2025-12-31,2026-03-31,5393.35598453721,announced_on_or_before_observation_date
airline_pb_history,0670.HK,China Eastern Airlines,2026-06-06,4.72,akshare_baidu_valuation_history,"akshare.stock_hk_valuation_baidu(symbol=00670, indicator=市净率)",2026-08-08T20:42:28.083486+00:00,FY2025,2025-12-31,2026-03-31,5393.35598453721,announced_on_or_before_observation_date
airline_pb_history,0670.HK,China Eastern Airlines,2026-06-07,4.72,akshare_baidu_valuation_history,"akshare.stock_hk_valuation_baidu(symbol=00670, indicator=市净率)",2026-08-08T20:42:28.083486+00:00,FY2025,2025-12-31,2026-03-31,5393.35598453721,announced_on_or_before_observation_date
airline_pb_history,0670.HK,China Eastern Airlines,2026-06-08,4.43,akshare_baidu_valuation_history,"akshare.stock_hk_valuation_baidu(symbol=00670, indicator=市净率)",2026-08-08T20:42:28.083486+00:00,FY2025,2025-12-31,2026-03-31,5393.35598453721,announced_on_or_before_observation_date
airline_pb_history,0670.HK,China Eastern Airlines,2026-06-09,4.48,akshare_baidu_valuation_history,"akshare.stock_hk_valuation_baidu(symbol=00670, indicator=市净率)",2026-08-08T20:42:28.083486+00:00,FY2025,2025-12-31,2026-03-31,5393.35598453721,announced_on_or_before_observation_date
airline_pb_history,0670.HK,China Eastern Airlines,2026-06-10,4.47,akshare_baidu_valuation_history,"akshare.stock_hk_valuation_baidu(symbol=00670, indicator=市净率)",2026-08-08T20:42:28.083486+00:00,FY2025,2025-12-31,2026-03-31,5393.35598453721,announced_on_or_before_observation_date
airline_pb_history,0670.HK,China Eastern Airlines,2026-06-11,4.34,akshare_baidu_valuation_history,"akshare.stock_hk_valuation_baidu(symbol=00670, indicator=市净率)",2026-08-08T20:42:28.083486+00:00,FY2025,2025-12-31,2026-03-31,5393.35598453721,announced_on_or_before_observation_date
airline_pb_history,0670.HK,China Eastern Airlines,2026-06-12,4.73,akshare_baidu_valuation_history,"akshare.stock_hk_valuation_baidu(symbol=00670, indicator=市净率)",2026-08-08T20:42:28.083486+00:00,FY2025,2025-12-31,2026-03-31,5393.35598453721,announced_on_or_before_observation_date
airline_pb_history,0670.HK,China Eastern Airlines,2026-06-13,4.73,akshare_baidu_valuation_history,"akshare.stock_hk_valuation_baidu(symbol=00670, indicator=市净率)",2026-08-08T20:42:28.083486+00:00,FY2025,2025-12-31,2026-03-31,5393.35598453721,announced_on_or_before_observation_date
airline_pb_history,0670.HK,China Eastern Airlines,2026-06-14,4.73,akshare_baidu_valuation_history,"akshare.stock_hk_valuation_baidu(symbol=00670, indicator=市净率)",2026-08-08T20:42:28.083486+00:00,FY2025,2025-12-31,2026-03-31,5393.35598453721,announced_on_or_before_observation_date
airline_pb_history,0670.HK,China Eastern Airlines,2026-06-15,5.14,akshare_baidu_valuation_history,"akshare.stock_hk_valuation_baidu(symbol=00670, indicator=市净率)",2026-08-08T20:42:28.083486+00:00,FY2025,2025-12-31,2026-03-31,5393.35598453721,announced_on_or_before_observation_date
airline_pb_history,0670.HK,China Eastern Airlines,2026-06-16,5.03,akshare_baidu_valuation_history,"akshare.stock_hk_valuation_baidu(symbol=00670, indicator=市净率)",2026-08-08T20:42:28.083486+00:00,FY2025,2025-12-31,2026-03-31,5393.35598453721,announced_on_or_before_observation_date
airline_pb_history,0670.HK,China Eastern Airlines,2026-06-17,5.03,akshare_baidu_valuation_history,"akshare.stock_hk_valuation_baidu(symbol=00670, indicator=市净率)",2026-08-08T20:42:28.083486+00:00,FY2025,2025-12-31,2026-03-31,5393.35598453721,announced_on_or_before_observation_date
airline_pb_history,0670.HK,China Eastern Airlines,2026-06-18,4.84,akshare_baidu_valuation_history,"akshare.stock_hk_valuation_baidu(symbol=00670, indicator=市净率)",2026-08-08T20:42:28.083486+00:00,FY2025,2025-12-31,2026-03-31,5393.35598453721,announced_on_or_before_observation_date
airline_pb_history,0670.HK,China Eastern Airlines,2026-06-19,4.84,akshare_baidu_valuation_history,"akshare.stock_hk_valuation_baidu(symbol=00670, indicator=市净率)",2026-08-08T20:42:28.083486+00:00,FY2025,2025-12-31,2026-03-31,5393.35598453721,announced_on_or_before_observation_date
airline_pb_history,0670.HK,China Eastern Airlines,2026-06-20,4.84,akshare_baidu_valuation_history,"akshare.stock_hk_valuation_baidu(symbol=00670, indicator=市净率)",2026-08-08T20:42:28.083486+00:00,FY2025,2025-12-31,2026-03-31,5393.35598453721,announced_on_or_before_observation_date
airline_pb_history,0670.HK,China Eastern Airlines,2026-06-21,4.84,akshare_baidu_valuation_history,"akshare.stock_hk_valuation_baidu(symbol=00670, indicator=市净率)",2026-08-08T20:42:28.083486+00:00,FY2025,2025-12-31,2026-03-31,5393.35598453721,announced_on_or_before_observation_date
airline_pb_history,0670.HK,China Eastern Airlines,2026-06-22,4.73,akshare_baidu_valuation_history,"akshare.stock_hk_valuation_baidu(symbol=00670, indicator=市净率)",2026-08-08T20:42:28.083486+00:00,FY2025,2025-12-31,2026-03-31,5393.35598453721,announced_on_or_before_observation_date
airline_pb_history,0670.HK,China Eastern Airlines,2026-06-23,4.54,akshare_baidu_valuation_history,"akshare.stock_hk_valuation_baidu(symbol=00670, indicator=市净率)",2026-08-08T20:42:28.083486+00:00,FY2025,2025-12-31,2026-03-31,5393.35598453721,announced_on_or_before_observation_date
airline_pb_history,0670.HK,China Eastern Airlines,2026-06-24,4.59,akshare_baidu_valuation_history,"akshare.stock_hk_valuation_baidu(symbol=00670, indicator=市净率)",2026-08-08T20:42:28.083486+00:00,FY2025,2025-12-31,2026-03-31,5393.35598453721,announced_on_or_before_observation_date
airline_pb_history,0670.HK,China Eastern Airlines,2026-06-25,4.94,akshare_baidu_valuation_history,"akshare.stock_hk_valuation_baidu(symbol=00670, indicator=市净率)",2026-08-08T20:42:28.083486+00:00,FY2025,2025-12-31,2026-03-31,5393.35598453721,announced_on_or_before_observation_date
airline_pb_history,0670.HK,China Eastern Airlines,2026-06-26,4.8,akshare_baidu_valuation_history,"akshare.stock_hk_valuation_baidu(symbol=00670, indicator=市净率)",2026-08-08T20:42:28.083486+00:00,FY2025,2025-12-31,2026-03-31,5393.35598453721,announced_on_or_before_observation_date
airline_pb_history,0670.HK,China Eastern Airlines,2026-06-27,4.8,akshare_baidu_valuation_history,"akshare.stock_hk_valuation_baidu(symbol=00670, indicator=市净率)",2026-08-08T20:42:28.083486+00:00,FY2025,2025-12-31,2026-03-31,5393.35598453721,announced_on_or_before_observation_date
airline_pb_history,0670.HK,China Eastern Airlines,2026-06-28,4.8,akshare_baidu_valuation_history,"akshare.stock_hk_valuation_baidu(symbol=00670, indicator=市净率)",2026-08-08T20:42:28.083486+00:00,FY2025,2025-12-31,2026-03-31,5393.35598453721,announced_on_or_before_observation_date
airline_pb_history,0670.HK,China Eastern Airlines,2026-06-29,4.65,akshare_baidu_valuation_history,"akshare.stock_hk_valuation_baidu(symbol=00670, indicator=市净率)",2026-08-08T20:42:28.083486+00:00,FY2025,2025-12-31,2026-03-31,5393.35598453721,announced_on_or_before_observation_date
airline_pb_history,0670.HK,China Eastern Airlines,2026-06-30,4.37,akshare_baidu_valuation_history,"akshare.stock_hk_valuation_baidu(symbol=00670, indicator=市净率)",2026-08-08T20:42:28.083486+00:00,FY2025,2025-12-31,2026-03-31,5393.35598453721,announced_on_or_before_observation_date
airline_pb_history,0670.HK,China Eastern Airlines,2026-07-01,4.37,akshare_baidu_valuation_history,"akshare.stock_hk_valuation_baidu(symbol=00670, indicator=市净率)",2026-08-08T20:42:28.083486+00:00,FY2025,2025-12-31,2026-03-31,5393.35598453721,announced_on_or_before_observation_date
airline_pb_history,0670.HK,China Eastern Airlines,2026-07-02,4.43,akshare_baidu_valuation_history,"akshare.stock_hk_valuation_baidu(symbol=00670, indicator=市净率)",2026-08-08T20:42:28.083486+00:00,FY2025,2025-12-31,2026-03-31,5393.35598453721,announced_on_or_before_observation_date
airline_pb_history,0670.HK,China Eastern Airlines,2026-07-03,4.43,akshare_baidu_valuation_history,"akshare.stock_hk_valuation_baidu(symbol=00670, indicator=市净率)",2026-08-08T20:42:28.083486+00:00,FY2025,2025-12-31,2026-03-31,5393.35598453721,announced_on_or_before_observation_date
airline_pb_history,0670.HK,China Eastern Airlines,2026-07-04,4.43,akshare_baidu_valuation_history,"akshare.stock_hk_valuation_baidu(symbol=00670, indicator=市净率)",2026-08-08T20:42:28.083486+00:00,FY2025,2025-12-31,2026-03-31,5393.35598453721,announced_on_or_before_observation_date
airline_pb_history,0670.HK,China Eastern Airlines,2026-07-05,4.43,akshare_baidu_valuation_history,"akshare.stock_hk_valuation_baidu(symbol=00670, indicator=市净率)",2026-08-08T20:42:28.083486+00:00,FY2025,2025-12-31,2026-03-31,5393.35598453721,announced_on_or_before_observation_date
airline_pb_history,0670.HK,China Eastern Airlines,2026-07-06,4.58,akshare_baidu_valuation_history,"akshare.stock_hk_valuation_baidu(symbol=00670, indicator=市净率)",2026-08-08T20:42:28.083486+00:00,FY2025,2025-12-31,2026-03-31,5393.35598453721,announced_on_or_before_observation_date
airline_pb_history,0670.HK,China Eastern Airlines,2026-07-07,4.44,akshare_baidu_valuation_history,"akshare.stock_hk_valuation_baidu(symbol=00670, indicator=市净率)",2026-08-08T20:42:28.083486+00:00,FY2025,2025-12-31,2026-03-31,5393.35598453721,announced_on_or_before_observation_date
airline_pb_history,0670.HK,China Eastern Airlines,2026-07-08,4.43,akshare_baidu_valuation_history,"akshare.stock_hk_valuation_baidu(symbol=00670, indicator=市净率)",2026-08-08T20:42:28.083486+00:00,FY2025,2025-12-31,2026-03-31,5393.35598453721,announced_on_or_before_observation_date
airline_pb_history,0670.HK,China Eastern Airlines,2026-07-09,4.18,akshare_baidu_valuation_history,"akshare.stock_hk_valuation_baidu(symbol=00670, indicator=市净率)",2026-08-08T20:42:28.083486+00:00,FY2025,2025-12-31,2026-03-31,5393.35598453721,announced_on_or_before_observation_date
airline_pb_history,0670.HK,China Eastern Airlines,2026-07-10,4.33,akshare_baidu_valuation_history,"akshare.stock_hk_valuation_baidu(symbol=00670, indicator=市净率)",2026-08-08T20:42:28.083486+00:00,FY2025,2025-12-31,2026-03-31,5393.35598453721,announced_on_or_before_observation_date
airline_pb_history,0670.HK,China Eastern Airlines,2026-07-11,4.33,akshare_baidu_valuation_history,"akshare.stock_hk_valuation_baidu(symbol=00670, indicator=市净率)",2026-08-08T20:42:28.083486+00:00,FY2025,2025-12-31,2026-03-31,5393.35598453721,announced_on_or_before_observation_date
airline_pb_history,0670.HK,China Eastern Airlines,2026-07-12,4.33,akshare_baidu_valuation_history,"akshare.stock_hk_valuation_baidu(symbol=00670, indicator=市净率)",2026-08-08T20:42:28.083486+00:00,FY2025,2025-12-31,2026-03-31,5393.35598453721,announced_on_or_before_observation_date
airline_pb_history,0670.HK,China Eastern Airlines,2026-07-13,4.26,akshare_baidu_valuation_history,"akshare.stock_hk_valuation_baidu(symbol=00670, indicator=市净率)",2026-08-08T20:42:28.083486+00:00,FY2025,2025-12-31,2026-03-31,5393.35598453721,announced_on_or_before_observation_date
airline_pb_history,0670.HK,China Eastern Airlines,2026-07-14,4.33,akshare_baidu_valuation_history,"akshare.stock_hk_valuation_baidu(symbol=00670, indicator=市净率)",2026-08-08T20:42:28.083486+00:00,FY2025,2025-12-31,2026-03-31,5393.35598453721,announced_on_or_before_observation_date
airline_pb_history,0670.HK,China Eastern Airlines,2026-07-15,4.25,akshare_baidu_valuation_history,"akshare.stock_hk_valuation_baidu(symbol=00670, indicator=市净率)",2026-08-08T20:42:28.083486+00:00,FY2025,2025-12-31,2026-03-31,5393.35598453721,announced_on_or_before_observation_date
airline_pb_history,0670.HK,China Eastern Airlines,2026-07-16,4.34,akshare_baidu_valuation_history,"akshare.stock_hk_valuation_baidu(symbol=00670, indicator=市净率)",2026-08-08T20:42:28.083486+00:00,FY2025,2025-12-31,2026-03-31,5393.35598453721,announced_on_or_before_observation_date
airline_pb_history,0670.HK,China Eastern Airlines,2026-07-17,4.04,akshare_baidu_valuation_history,"akshare.stock_hk_valuation_baidu(symbol=00670, indicator=市净率)",2026-08-08T20:42:28.083486+00:00,FY2025,2025-12-31,2026-03-31,5393.35598453721,announced_on_or_before_observation_date
airline_pb_history,0670.HK,China Eastern Airlines,2026-07-18,4.04,akshare_baidu_valuation_history,"akshare.stock_hk_valuation_baidu(symbol=00670, indicator=市净率)",2026-08-08T20:42:28.083486+00:00,FY2025,2025-12-31,2026-03-31,5393.35598453721,announced_on_or_before_observation_date
airline_pb_history,0670.HK,China Eastern Airlines,2026-07-19,4.04,akshare_baidu_valuation_history,"akshare.stock_hk_valuation_baidu(symbol=00670, indicator=市净率)",2026-08-08T20:42:28.083486+00:00,FY2025,2025-12-31,2026-03-31,5393.35598453721,announced_on_or_before_observation_date
airline_pb_history,0670.HK,China Eastern Airlines,2026-07-20,4.22,akshare_baidu_valuation_history,"akshare.stock_hk_valuation_baidu(symbol=00670, indicator=市净率)",2026-08-08T20:42:28.083486+00:00,FY2025,2025-12-31,2026-03-31,5393.35598453721,announced_on_or_before_observation_date
airline_pb_history,0670.HK,China Eastern Airlines,2026-07-21,4.38,akshare_baidu_valuation_history,"akshare.stock_hk_valuation_baidu(symbol=00670, indicator=市净率)",2026-08-08T20:42:28.083486+00:00,FY2025,2025-12-31,2026-03-31,5393.35598453721,announced_on_or_before_observation_date
airline_pb_history,0670.HK,China Eastern Airlines,2026-07-22,4.4,akshare_baidu_valuation_history,"akshare.stock_hk_valuation_baidu(symbol=00670, indicator=市净率)",2026-08-08T20:42:28.083486+00:00,FY2025,2025-12-31,2026-03-31,5393.35598453721,announced_on_or_before_observation_date
airline_pb_history,0670.HK,China Eastern Airlines,2026-07-23,4.4,akshare_baidu_valuation_history,"akshare.stock_hk_valuation_baidu(symbol=00670, indicator=市净率)",2026-08-08T20:42:28.083486+00:00,FY2025,2025-12-31,2026-03-31,5393.35598453721,announced_on_or_before_observation_date
airline_pb_history,0670.HK,China Eastern Airlines,2026-07-24,4.25,akshare_baidu_valuation_history,"akshare.stock_hk_valuation_baidu(symbol=00670, indicator=市净率)",2026-08-08T20:42:28.083486+00:00,FY2025,2025-12-31,2026-03-31,5393.35598453721,announced_on_or_before_observation_date
airline_pb_history,0670.HK,China Eastern Airlines,2026-07-25,4.25,akshare_baidu_valuation_history,"akshare.stock_hk_valuation_baidu(symbol=00670, indicator=市净率)",2026-08-08T20:42:28.083486+00:00,FY2025,2025-12-31,2026-03-31,5393.35598453721,announced_on_or_before_observation_date
airline_pb_history,0670.HK,China Eastern Airlines,2026-07-26,4.25,akshare_baidu_valuation_history,"akshare.stock_hk_valuation_baidu(symbol=00670, indicator=市净率)",2026-08-08T20:42:28.083486+00:00,FY2025,2025-12-31,2026-03-31,5393.35598453721,announced_on_or_before_observation_date
airline_pb_history,0670.HK,China Eastern Airlines,2026-07-27,4.48,akshare_baidu_valuation_history,"akshare.stock_hk_valuation_baidu(symbol=00670, indicator=市净率)",2026-08-08T20:42:28.083486+00:00,FY2025,2025-12-31,2026-03-31,5393.35598453721,announced_on_or_before_observation_date
airline_pb_history,0670.HK,China Eastern Airlines,2026-07-28,4.44,akshare_baidu_valuation_history,"akshare.stock_hk_valuation_baidu(symbol=00670, indicator=市净率)",2026-08-08T20:42:28.083486+00:00,FY2025,2025-12-31,2026-03-31,5393.35598453721,announced_on_or_before_observation_date
airline_pb_history,0670.HK,China Eastern Airlines,2026-07-29,4.52,akshare_baidu_valuation_history,"akshare.stock_hk_valuation_baidu(symbol=00670, indicator=市净率)",2026-08-08T20:42:28.083486+00:00,FY2025,2025-12-31,2026-03-31,5393.35598453721,announced_on_or_before_observation_date
airline_pb_history,0670.HK,China Eastern Airlines,2026-07-30,4.48,akshare_baidu_valuation_history,"akshare.stock_hk_valuation_baidu(symbol=00670, indicator=市净率)",2026-08-08T20:42:28.083486+00:00,FY2025,2025-12-31,2026-03-31,5393.35598453721,announced_on_or_before_observation_date
airline_pb_history,0670.HK,China Eastern Airlines,2026-07-31,4.54,akshare_baidu_valuation_history,"akshare.stock_hk_valuation_baidu(symbol=00670, indicator=市净率)",2026-08-08T20:42:28.083486+00:00,FY2025,2025-12-31,2026-03-31,5393.35598453721,announced_on_or_before_observation_date
airline_pb_history,0670.HK,China Eastern Airlines,2026-08-01,4.54,akshare_baidu_valuation_history,"akshare.stock_hk_valuation_baidu(symbol=00670, indicator=市净率)",2026-08-08T20:42:28.083486+00:00,FY2025,2025-12-31,2026-03-31,5393.35598453721,announced_on_or_before_observation_date
airline_pb_history,0670.HK,China Eastern Airlines,2026-08-02,4.54,akshare_baidu_valuation_history,"akshare.stock_hk_valuation_baidu(symbol=00670, indicator=市净率)",2026-08-08T20:42:28.083486+00:00,FY2025,2025-12-31,2026-03-31,5393.35598453721,announced_on_or_before_observation_date
airline_pb_history,0670.HK,China Eastern Airlines,2026-08-03,4.57,akshare_baidu_valuation_history,"akshare.stock_hk_valuation_baidu(symbol=00670, indicator=市净率)",2026-08-08T20:42:28.083486+00:00,FY2025,2025-12-31,2026-03-31,5393.35598453721,announced_on_or_before_observation_date
airline_pb_history,0670.HK,China Eastern Airlines,2026-08-04,4.5,akshare_baidu_valuation_history,"akshare.stock_hk_valuation_baidu(symbol=00670, indicator=市净率)",2026-08-08T20:42:28.083486+00:00,FY2025,2025-12-31,2026-03-31,5393.35598453721,announced_on_or_before_observation_date
airline_pb_history,0670.HK,China Eastern Airlines,2026-08-05,4.64,akshare_baidu_valuation_history,"akshare.stock_hk_valuation_baidu(symbol=00670, indicator=市净率)",2026-08-08T20:42:28.083486+00:00,FY2025,2025-12-31,2026-03-31,5393.35598453721,announced_on_or_before_observation_date
airline_pb_history,0670.HK,China Eastern Airlines,2026-08-06,4.59,akshare_baidu_valuation_history,"akshare.stock_hk_valuation_baidu(symbol=00670, indicator=市净率)",2026-08-08T20:42:28.083486+00:00,FY2025,2025-12-31,2026-03-31,5393.35598453721,announced_on_or_before_observation_date
airline_pb_history,0670.HK,China Eastern Airlines,2026-08-07,4.44,akshare_baidu_valuation_history,"akshare.stock_hk_valuation_baidu(symbol=00670, indicator=市净率)",2026-08-08T20:42:28.083486+00:00,FY2025,2025-12-31,2026-03-31,5393.35598453721,announced_on_or_before_observation_date
airline_pb_history,0670.HK,China Eastern Airlines,2026-08-08,4.44,akshare_baidu_valuation_history,"akshare.stock_hk_valuation_baidu(symbol=00670, indicator=市净率)",2026-08-08T20:42:28.083486+00:00,FY2025,2025-12-31,2026-03-31,5393.35598453721,announced_on_or_before_observation_date
airline_pb_history,0753.HK,Air China,2025-08-09,1.98,akshare_baidu_valuation_history,"akshare.stock_hk_valuation_baidu(symbol=00753, indicator=市净率)",2026-08-08T20:42:28.083486+00:00,,,,,no_announced_equity_basis_available
airline_pb_history,0753.HK,Air China,2025-08-10,1.98,akshare_baidu_valuation_history,"akshare.stock_hk_valuation_baidu(symbol=00753, indicator=市净率)",2026-08-08T20:42:28.083486+00:00,,,,,no_announced_equity_basis_available
airline_pb_history,0753.HK,Air China,2025-08-11,1.99,akshare_baidu_valuation_history,"akshare.stock_hk_valuation_baidu(symbol=00753, indicator=市净率)",2026-08-08T20:42:28.083486+00:00,,,,,no_announced_equity_basis_available
airline_pb_history,0753.HK,Air China,2025-08-12,2.0,akshare_baidu_valuation_history,"akshare.stock_hk_valuation_baidu(symbol=00753, indicator=市净率)",2026-08-08T20:42:28.083486+00:00,,,,,no_announced_equity_basis_available
airline_pb_history,0753.HK,Air China,2025-08-13,2.03,akshare_baidu_valuation_history,"akshare.stock_hk_valuation_baidu(symbol=00753, indicator=市净率)",2026-08-08T20:42:28.083486+00:00,,,,,no_announced_equity_basis_available
airline_pb_history,0753.HK,Air China,2025-08-14,2.02,akshare_baidu_valuation_history,"akshare.stock_hk_valuation_baidu(symbol=00753, indicator=市净率)",2026-08-08T20:42:28.083486+00:00,,,,,no_announced_equity_basis_available
airline_pb_history,0753.HK,Air China,2025-08-15,2.09,akshare_baidu_valuation_history,"akshare.stock_hk_valuation_baidu(symbol=00753, indicator=市净率)",2026-08-08T20:42:28.083486+00:00,,,,,no_announced_equity_basis_available
airline_pb_history,0753.HK,Air China,2025-08-16,2.09,akshare_baidu_valuation_history,"akshare.stock_hk_valuation_baidu(symbol=00753, indicator=市净率)",2026-08-08T20:42:28.083486+00:00,,,,,no_announced_equity_basis_available
airline_pb_history,0753.HK,Air China,2025-08-17,2.09,akshare_baidu_valuation_history,"akshare.stock_hk_valuation_baidu(symbol=00753, indicator=市净率)",2026-08-08T20:42:28.083486+00:00,,,,,no_announced_equity_basis_available
airline_pb_history,0753.HK,Air China,2025-08-18,2.06,akshare_baidu_valuation_history,"akshare.stock_hk_valuation_baidu(symbol=00753, indicator=市净率)",2026-08-08T20:42:28.083486+00:00,,,,,no_announced_equity_basis_available
airline_pb_history,0753.HK,Air China,2025-08-19,2.05,akshare_baidu_valuation_history,"akshare.stock_hk_valuation_baidu(symbol=00753, indicator=市净率)",2026-08-08T20:42:28.083486+00:00,,,,,no_announced_equity_basis_available
airline_pb_history,0753.HK,Air China,2025-08-20,2.03,akshare_baidu_valuation_history,"akshare.stock_hk_valuation_baidu(symbol=00753, indicator=市净率)",2026-08-08T20:42:28.083486+00:00,,,,,no_announced_equity_basis_available
airline_pb_history,0753.HK,Air China,2025-08-21,2.04,akshare_baidu_valuation_history,"akshare.stock_hk_valuation_baidu(symbol=00753, indicator=市净率)",2026-08-08T20:42:28.083486+00:00,,,,,no_announced_equity_basis_available
airline_pb_history,0753.HK,Air China,2025-08-22,1.94,akshare_baidu_valuation_history,"akshare.stock_hk_valuation_baidu(symbol=00753, indicator=市净率)",2026-08-08T20:42:28.083486+00:00,,,,,no_announced_equity_basis_available
airline_pb_history,0753.HK,Air China,2025-08-23,1.94,akshare_baidu_valuation_history,"akshare.stock_hk_valuation_baidu(symbol=00753, indicator=市净率)",2026-08-08T20:42:28.083486+00:00,,,,,no_announced_equity_basis_available
airline_pb_history,0753.HK,Air China,2025-08-24,1.94,akshare_baidu_valuation_history,"akshare.stock_hk_valuation_baidu(symbol=00753, indicator=市净率)",2026-08-08T20:42:28.083486+00:00,,,,,no_announced_equity_basis_available
airline_pb_history,0753.HK,Air China,2025-08-25,1.98,akshare_baidu_valuation_history,"akshare.stock_hk_valuation_baidu(symbol=00753, indicator=市净率)",2026-08-08T20:42:28.083486+00:00,,,,,no_announced_equity_basis_available
airline_pb_history,0753.HK,Air China,2025-08-26,1.98,akshare_baidu_valuation_history,"akshare.stock_hk_valuation_baidu(symbol=00753, indicator=市净率)",2026-08-08T20:42:28.083486+00:00,,,,,no_announced_equity_basis_available
airline_pb_history,0753.HK,Air China,2025-08-27,1.96,akshare_baidu_valuation_history,"akshare.stock_hk_valuation_baidu(symbol=00753, indicator=市净率)",2026-08-08T20:42:28.083486+00:00,,,,,no_announced_equity_basis_available
airline_pb_history,0753.HK,Air China,2025-08-28,1.96,akshare_baidu_valuation_history,"akshare.stock_hk_valuation_baidu(symbol=00753, indicator=市净率)",2026-08-08T20:42:28.083486+00:00,,,,,no_announced_equity_basis_available
airline_pb_history,0753.HK,Air China,2025-08-29,1.93,akshare_baidu_valuation_history,"akshare.stock_hk_valuation_baidu(symbol=00753, indicator=市净率)",2026-08-08T20:42:28.083486+00:00,1H2025,2025-06-30,2025-08-29,5951.693612004287,announced_on_or_before_observation_date
airline_pb_history,0753.HK,Air China,2025-08-30,1.93,akshare_baidu_valuation_history,"akshare.stock_hk_valuation_baidu(symbol=00753, indicator=市净率)",2026-08-08T20:42:28.083486+00:00,1H2025,2025-06-30,2025-08-29,5951.693612004287,announced_on_or_before_observation_date
airline_pb_history,0753.HK,Air China,2025-08-31,1.93,akshare_baidu_valuation_history,"akshare.stock_hk_valuation_baidu(symbol=00753, indicator=市净率)",2026-08-08T20:42:28.083486+00:00,1H2025,2025-06-30,2025-08-29,5951.693612004287,announced_on_or_before_observation_date
airline_pb_history,0753.HK,Air China,2025-09-01,1.91,akshare_baidu_valuation_history,"akshare.stock_hk_valuation_baidu(symbol=00753, indicator=市净率)",2026-08-08T20:42:28.083486+00:00,1H2025,2025-06-30,2025-08-29,5951.693612004287,announced_on_or_before_observation_date
airline_pb_history,0753.HK,Air China,2025-09-02,1.88,akshare_baidu_valuation_history,"akshare.stock_hk_valuation_baidu(symbol=00753, indicator=市净率)",2026-08-08T20:42:28.083486+00:00,1H2025,2025-06-30,2025-08-29,5951.693612004287,announced_on_or_before_observation_date
airline_pb_history,0753.HK,Air China,2025-09-03,1.85,akshare_baidu_valuation_history,"akshare.stock_hk_valuation_baidu(symbol=00753, indicator=市净率)",2026-08-08T20:42:28.083486+00:00,1H2025,2025-06-30,2025-08-29,5951.693612004287,announced_on_or_before_observation_date
airline_pb_history,0753.HK,Air China,2025-09-04,1.84,akshare_baidu_valuation_history,"akshare.stock_hk_valuation_baidu(symbol=00753, indicator=市净率)",2026-08-08T20:42:28.083486+00:00,1H2025,2025-06-30,2025-08-29,5951.693612004287,announced_on_or_before_observation_date
airline_pb_history,0753.HK,Air China,2025-09-05,1.86,akshare_baidu_valuation_history,"akshare.stock_hk_valuation_baidu(symbol=00753, indicator=市净率)",2026-08-08T20:42:28.083486+00:00,1H2025,2025-06-30,2025-08-29,5951.693612004287,announced_on_or_before_observation_date
airline_pb_history,0753.HK,Air China,2025-09-06,1.86,akshare_baidu_valuation_history,"akshare.stock_hk_valuation_baidu(symbol=00753, indicator=市净率)",2026-08-08T20:42:28.083486+00:00,1H2025,2025-06-30,2025-08-29,5951.693612004287,announced_on_or_before_observation_date
airline_pb_history,0753.HK,Air China,2025-09-07,1.86,akshare_baidu_valuation_history,"akshare.stock_hk_valuation_baidu(symbol=00753, indicator=市净率)",2026-08-08T20:42:28.083486+00:00,1H2025,2025-06-30,2025-08-29,5951.693612004287,announced_on_or_before_observation_date
airline_pb_history,0753.HK,Air China,2025-09-08,1.92,akshare_baidu_valuation_history,"akshare.stock_hk_valuation_baidu(symbol=00753, indicator=市净率)",2026-08-08T20:42:28.083486+00:00,1H2025,2025-06-30,2025-08-29,5951.693612004287,announced_on_or_before_observation_date
airline_pb_history,0753.HK,Air China,2025-09-09,1.92,akshare_baidu_valuation_history,"akshare.stock_hk_valuation_baidu(symbol=00753, indicator=市净率)",2026-08-08T20:42:28.083486+00:00,1H2025,2025-06-30,2025-08-29,5951.693612004287,announced_on_or_before_observation_date
airline_pb_history,0753.HK,Air China,2025-09-10,1.94,akshare_baidu_valuation_history,"akshare.stock_hk_valuation_baidu(symbol=00753, indicator=市净率)",2026-08-08T20:42:28.083486+00:00,1H2025,2025-06-30,2025-08-29,5951.693612004287,announced_on_or_before_observation_date
airline_pb_history,0753.HK,Air China,2025-09-11,1.93,akshare_baidu_valuation_history,"akshare.stock_hk_valuation_baidu(symbol=00753, indicator=市净率)",2026-08-08T20:42:28.083486+00:00,1H2025,2025-06-30,2025-08-29,5951.693612004287,announced_on_or_before_observation_date
airline_pb_history,0753.HK,Air China,2025-09-12,1.94,akshare_baidu_valuation_history,"akshare.stock_hk_valuation_baidu(symbol=00753, indicator=市净率)",2026-08-08T20:42:28.083486+00:00,1H2025,2025-06-30,2025-08-29,5951.693612004287,announced_on_or_before_observation_date
airline_pb_history,0753.HK,Air China,2025-09-13,1.94,akshare_baidu_valuation_history,"akshare.stock_hk_valuation_baidu(symbol=00753, indicator=市净率)",2026-08-08T20:42:28.083486+00:00,1H2025,2025-06-30,2025-08-29,5951.693612004287,announced_on_or_before_observation_date
airline_pb_history,0753.HK,Air China,2025-09-14,1.94,akshare_baidu_valuation_history,"akshare.stock_hk_valuation_baidu(symbol=00753, indicator=市净率)",2026-08-08T20:42:28.083486+00:00,1H2025,2025-06-30,2025-08-29,5951.693612004287,announced_on_or_before_observation_date
airline_pb_history,0753.HK,Air China,2025-09-15,1.94,akshare_baidu_valuation_history,"akshare.stock_hk_valuation_baidu(symbol=00753, indicator=市净率)",2026-08-08T20:42:28.083486+00:00,1H2025,2025-06-30,2025-08-29,5951.693612004287,announced_on_or_before_observation_date
airline_pb_history,0753.HK,Air China,2025-09-16,2.02,akshare_baidu_valuation_history,"akshare.stock_hk_valuation_baidu(symbol=00753, indicator=市净率)",2026-08-08T20:42:28.083486+00:00,1H2025,2025-06-30,2025-08-29,5951.693612004287,announced_on_or_before_observation_date
airline_pb_history,0753.HK,Air China,2025-09-17,2.14,akshare_baidu_valuation_history,"akshare.stock_hk_valuation_baidu(symbol=00753, indicator=市净率)",2026-08-08T20:42:28.083486+00:00,1H2025,2025-06-30,2025-08-29,5951.693612004287,announced_on_or_before_observation_date
airline_pb_history,0753.HK,Air China,2025-09-18,2.08,akshare_baidu_valuation_history,"akshare.stock_hk_valuation_baidu(symbol=00753, indicator=市净率)",2026-08-08T20:42:28.083486+00:00,1H2025,2025-06-30,2025-08-29,5951.693612004287,announced_on_or_before_observation_date
airline_pb_history,0753.HK,Air China,2025-09-19,2.1,akshare_baidu_valuation_history,"akshare.stock_hk_valuation_baidu(symbol=00753, indicator=市净率)",2026-08-08T20:42:28.083486+00:00,1H2025,2025-06-30,2025-08-29,5951.693612004287,announced_on_or_before_observation_date
airline_pb_history,0753.HK,Air China,2025-09-20,2.1,akshare_baidu_valuation_history,"akshare.stock_hk_valuation_baidu(symbol=00753, indicator=市净率)",2026-08-08T20:42:28.083486+00:00,1H2025,2025-06-30,2025-08-29,5951.693612004287,announced_on_or_before_observation_date
airline_pb_history,0753.HK,Air China,2025-09-21,2.1,akshare_baidu_valuation_history,"akshare.stock_hk_valuation_baidu(symbol=00753, indicator=市净率)",2026-08-08T20:42:28.083486+00:00,1H2025,2025-06-30,2025-08-29,5951.693612004287,announced_on_or_before_observation_date
airline_pb_history,0753.HK,Air China,2025-09-22,2.06,akshare_baidu_valuation_history,"akshare.stock_hk_valuation_baidu(symbol=00753, indicator=市净率)",2026-08-08T20:42:28.083486+00:00,1H2025,2025-06-30,2025-08-29,5951.693612004287,announced_on_or_before_observation_date
airline_pb_history,0753.HK,Air China,2025-09-23,2.03,akshare_baidu_valuation_history,"akshare.stock_hk_valuation_baidu(symbol=00753, indicator=市净率)",2026-08-08T20:42:28.083486+00:00,1H2025,2025-06-30,2025-08-29,5951.693612004287,announced_on_or_before_observation_date
airline_pb_history,0753.HK,Air China,2025-09-24,2.06,akshare_baidu_valuation_history,"akshare.stock_hk_valuation_baidu(symbol=00753, indicator=市净率)",2026-08-08T20:42:28.083486+00:00,1H2025,2025-06-30,2025-08-29,5951.693612004287,announced_on_or_before_observation_date
airline_pb_history,0753.HK,Air China,2025-09-25,2.08,akshare_baidu_valuation_history,"akshare.stock_hk_valuation_baidu(symbol=00753, indicator=市净率)",2026-08-08T20:42:28.083486+00:00,1H2025,2025-06-30,2025-08-29,5951.693612004287,announced_on_or_before_observation_date
airline_pb_history,0753.HK,Air China,2025-09-26,2.07,akshare_baidu_valuation_history,"akshare.stock_hk_valuation_baidu(symbol=00753, indicator=市净率)",2026-08-08T20:42:28.083486+00:00,1H2025,2025-06-30,2025-08-29,5951.693612004287,announced_on_or_before_observation_date
airline_pb_history,0753.HK,Air China,2025-09-27,2.07,akshare_baidu_valuation_history,"akshare.stock_hk_valuation_baidu(symbol=00753, indicator=市净率)",2026-08-08T20:42:28.083486+00:00,1H2025,2025-06-30,2025-08-29,5951.693612004287,announced_on_or_before_observation_date
airline_pb_history,0753.HK,Air China,2025-09-28,2.07,akshare_baidu_valuation_history,"akshare.stock_hk_valuation_baidu(symbol=00753, indicator=市净率)",2026-08-08T20:42:28.083486+00:00,1H2025,2025-06-30,2025-08-29,5951.693612004287,announced_on_or_before_observation_date
airline_pb_history,0753.HK,Air China,2025-09-29,2.08,akshare_baidu_valuation_history,"akshare.stock_hk_valuation_baidu(symbol=00753, indicator=市净率)",2026-08-08T20:42:28.083486+00:00,1H2025,2025-06-30,2025-08-29,5951.693612004287,announced_on_or_before_observation_date
airline_pb_history,0753.HK,Air China,2025-09-30,2.17,akshare_baidu_valuation_history,"akshare.stock_hk_valuation_baidu(symbol=00753, indicator=市净率)",2026-08-08T20:42:28.083486+00:00,1H2025,2025-06-30,2025-08-29,5951.693612004287,announced_on_or_before_observation_date
airline_pb_history,0753.HK,Air China,2025-10-01,2.17,akshare_baidu_valuation_history,"akshare.stock_hk_valuation_baidu(symbol=00753, indicator=市净率)",2026-08-08T20:42:28.083486+00:00,1H2025,2025-06-30,2025-08-29,5951.693612004287,announced_on_or_before_observation_date
airline_pb_history,0753.HK,Air China,2025-10-02,2.11,akshare_baidu_valuation_history,"akshare.stock_hk_valuation_baidu(symbol=00753, indicator=市净率)",2026-08-08T20:42:28.083486+00:00,1H2025,2025-06-30,2025-08-29,5951.693612004287,announced_on_or_before_observation_date
airline_pb_history,0753.HK,Air China,2025-10-03,2.1,akshare_baidu_valuation_history,"akshare.stock_hk_valuation_baidu(symbol=00753, indicator=市净率)",2026-08-08T20:42:28.083486+00:00,1H2025,2025-06-30,2025-08-29,5951.693612004287,announced_on_or_before_observation_date
airline_pb_history,0753.HK,Air China,2025-10-04,2.1,akshare_baidu_valuation_history,"akshare.stock_hk_valuation_baidu(symbol=00753, indicator=市净率)",2026-08-08T20:42:28.083486+00:00,1H2025,2025-06-30,2025-08-29,5951.693612004287,announced_on_or_before_observation_date
airline_pb_history,0753.HK,Air China,2025-10-05,2.1,akshare_baidu_valuation_history,"akshare.stock_hk_valuation_baidu(symbol=00753, indicator=市净率)",2026-08-08T20:42:28.083486+00:00,1H2025,2025-06-30,2025-08-29,5951.693612004287,announced_on_or_before_observation_date
airline_pb_history,0753.HK,Air China,2025-10-06,2.09,akshare_baidu_valuation_history,"akshare.stock_hk_valuation_baidu(symbol=00753, indicator=市净率)",2026-08-08T20:42:28.083486+00:00,1H2025,2025-06-30,2025-08-29,5951.693612004287,announced_on_or_before_observation_date
airline_pb_history,0753.HK,Air China,2025-10-07,2.09,akshare_baidu_valuation_history,"akshare.stock_hk_valuation_baidu(symbol=00753, indicator=市净率)",2026-08-08T20:42:28.083486+00:00,1H2025,2025-06-30,2025-08-29,5951.693612004287,announced_on_or_before_observation_date
airline_pb_history,0753.HK,Air China,2025-10-08,2.02,akshare_baidu_valuation_history,"akshare.stock_hk_valuation_baidu(symbol=00753, indicator=市净率)",2026-08-08T20:42:28.083486+00:00,1H2025,2025-06-30,2025-08-29,5951.693612004287,announced_on_or_before_observation_date
airline_pb_history,0753.HK,Air China,2025-10-09,2.07,akshare_baidu_valuation_history,"akshare.stock_hk_valuation_baidu(symbol=00753, indicator=市净率)",2026-08-08T20:42:28.083486+00:00,1H2025,2025-06-30,2025-08-29,5951.693612004287,announced_on_or_before_observation_date
airline_pb_history,0753.HK,Air China,2025-10-10,2.07,akshare_baidu_valuation_history,"akshare.stock_hk_valuation_baidu(symbol=00753, indicator=市净率)",2026-08-08T20:42:28.083486+00:00,1H2025,2025-06-30,2025-08-29,5951.693612004287,announced_on_or_before_observation_date
airline_pb_history,0753.HK,Air China,2025-10-11,2.07,akshare_baidu_valuation_history,"akshare.stock_hk_valuation_baidu(symbol=00753, indicator=市净率)",2026-08-08T20:42:28.083486+00:00,1H2025,2025-06-30,2025-08-29,5951.693612004287,announced_on_or_before_observation_date
airline_pb_history,0753.HK,Air China,2025-10-12,2.07,akshare_baidu_valuation_history,"akshare.stock_hk_valuation_baidu(symbol=00753, indicator=市净率)",2026-08-08T20:42:28.083486+00:00,1H2025,2025-06-30,2025-08-29,5951.693612004287,announced_on_or_before_observation_date
airline_pb_history,0753.HK,Air China,2025-10-13,2.03,akshare_baidu_valuation_history,"akshare.stock_hk_valuation_baidu(symbol=00753, indicator=市净率)",2026-08-08T20:42:28.083486+00:00,1H2025,2025-06-30,2025-08-29,5951.693612004287,announced_on_or_before_observation_date
airline_pb_history,0753.HK,Air China,2025-10-14,2.02,akshare_baidu_valuation_history,"akshare.stock_hk_valuation_baidu(symbol=00753, indicator=市净率)",2026-08-08T20:42:28.083486+00:00,1H2025,2025-06-30,2025-08-29,5951.693612004287,announced_on_or_before_observation_date
airline_pb_history,0753.HK,Air China,2025-10-15,2.17,akshare_baidu_valuation_history,"akshare.stock_hk_valuation_baidu(symbol=00753, indicator=市净率)",2026-08-08T20:42:28.083486+00:00,1H2025,2025-06-30,2025-08-29,5951.693612004287,announced_on_or_before_observation_date
airline_pb_history,0753.HK,Air China,2025-10-16,2.2,akshare_baidu_valuation_history,"akshare.stock_hk_valuation_baidu(symbol=00753, indicator=市净率)",2026-08-08T20:42:28.083486+00:00,1H2025,2025-06-30,2025-08-29,5951.693612004287,announced_on_or_before_observation_date
airline_pb_history,0753.HK,Air China,2025-10-17,2.2,akshare_baidu_valuation_history,"akshare.stock_hk_valuation_baidu(symbol=00753, indicator=市净率)",2026-08-08T20:42:28.083486+00:00,1H2025,2025-06-30,2025-08-29,5951.693612004287,announced_on_or_before_observation_date
airline_pb_history,0753.HK,Air China,2025-10-18,2.2,akshare_baidu_valuation_history,"akshare.stock_hk_valuation_baidu(symbol=00753, indicator=市净率)",2026-08-08T20:42:28.083486+00:00,1H2025,2025-06-30,2025-08-29,5951.693612004287,announced_on_or_before_observation_date
airline_pb_history,0753.HK,Air China,2025-10-19,2.2,akshare_baidu_valuation_history,"akshare.stock_hk_valuation_baidu(symbol=00753, indicator=市净率)",2026-08-08T20:42:28.083486+00:00,1H2025,2025-06-30,2025-08-29,5951.693612004287,announced_on_or_before_observation_date
airline_pb_history,0753.HK,Air China,2025-10-20,2.31,akshare_baidu_valuation_history,"akshare.stock_hk_valuation_baidu(symbol=00753, indicator=市净率)",2026-08-08T20:42:28.083486+00:00,1H2025,2025-06-30,2025-08-29,5951.693612004287,announced_on_or_before_observation_date
airline_pb_history,0753.HK,Air China,2025-10-21,2.33,akshare_baidu_valuation_history,"akshare.stock_hk_valuation_baidu(symbol=00753, indicator=市净率)",2026-08-08T20:42:28.083486+00:00,1H2025,2025-06-30,2025-08-29,5951.693612004287,announced_on_or_before_observation_date
airline_pb_history,0753.HK,Air China,2025-10-22,2.31,akshare_baidu_valuation_history,"akshare.stock_hk_valuation_baidu(symbol=00753, indicator=市净率)",2026-08-08T20:42:28.083486+00:00,1H2025,2025-06-30,2025-08-29,5951.693612004287,announced_on_or_before_observation_date
airline_pb_history,0753.HK,Air China,2025-10-23,2.32,akshare_baidu_valuation_history,"akshare.stock_hk_valuation_baidu(symbol=00753, indicator=市净率)",2026-08-08T20:42:28.083486+00:00,1H2025,2025-06-30,2025-08-29,5951.693612004287,announced_on_or_before_observation_date
airline_pb_history,0753.HK,Air China,2025-10-24,2.3,akshare_baidu_valuation_history,"akshare.stock_hk_valuation_baidu(symbol=00753, indicator=市净率)",2026-08-08T20:42:28.083486+00:00,1H2025,2025-06-30,2025-08-29,5951.693612004287,announced_on_or_before_observation_date
airline_pb_history,0753.HK,Air China,2025-10-25,2.3,akshare_baidu_valuation_history,"akshare.stock_hk_valuation_baidu(symbol=00753, indicator=市净率)",2026-08-08T20:42:28.083486+00:00,1H2025,2025-06-30,2025-08-29,5951.693612004287,announced_on_or_before_observation_date
airline_pb_history,0753.HK,Air China,2025-10-26,2.3,akshare_baidu_valuation_history,"akshare.stock_hk_valuation_baidu(symbol=00753, indicator=市净率)",2026-08-08T20:42:28.083486+00:00,1H2025,2025-06-30,2025-08-29,5951.693612004287,announced_on_or_before_observation_date
airline_pb_history,0753.HK,Air China,2025-10-27,2.32,akshare_baidu_valuation_history,"akshare.stock_hk_valuation_baidu(symbol=00753, indicator=市净率)",2026-08-08T20:42:28.083486+00:00,1H2025,2025-06-30,2025-08-29,5951.693612004287,announced_on_or_before_observation_date
airline_pb_history,0753.HK,Air China,2025-10-28,2.31,akshare_baidu_valuation_history,"akshare.stock_hk_valuation_baidu(symbol=00753, indicator=市净率)",2026-08-08T20:42:28.083486+00:00,1H2025,2025-06-30,2025-08-29,5951.693612004287,announced_on_or_before_observation_date
airline_pb_history,0753.HK,Air China,2025-10-29,2.31,akshare_baidu_valuation_history,"akshare.stock_hk_valuation_baidu(symbol=00753, indicator=市净率)",2026-08-08T20:42:28.083486+00:00,1H2025,2025-06-30,2025-08-29,5951.693612004287,announced_on_or_before_observation_date
airline_pb_history,0753.HK,Air China,2025-10-30,2.1,akshare_baidu_valuation_history,"akshare.stock_hk_valuation_baidu(symbol=00753, indicator=市净率)",2026-08-08T20:42:28.083486+00:00,1H2025,2025-06-30,2025-08-29,5951.693612004287,announced_on_or_before_observation_date
airline_pb_history,0753.HK,Air China,2025-10-31,1.96,akshare_baidu_valuation_history,"akshare.stock_hk_valuation_baidu(symbol=00753, indicator=市净率)",2026-08-08T20:42:28.083486+00:00,1H2025,2025-06-30,2025-08-29,5951.693612004287,announced_on_or_before_observation_date
airline_pb_history,0753.HK,Air China,2025-11-01,1.96,akshare_baidu_valuation_history,"akshare.stock_hk_valuation_baidu(symbol=00753, indicator=市净率)",2026-08-08T20:42:28.083486+00:00,1H2025,2025-06-30,2025-08-29,5951.693612004287,announced_on_or_before_observation_date
airline_pb_history,0753.HK,Air China,2025-11-02,1.96,akshare_baidu_valuation_history,"akshare.stock_hk_valuation_baidu(symbol=00753, indicator=市净率)",2026-08-08T20:42:28.083486+00:00,1H2025,2025-06-30,2025-08-29,5951.693612004287,announced_on_or_before_observation_date
airline_pb_history,0753.HK,Air China,2025-11-03,2.04,akshare_baidu_valuation_history,"akshare.stock_hk_valuation_baidu(symbol=00753, indicator=市净率)",2026-08-08T20:42:28.083486+00:00,1H2025,2025-06-30,2025-08-29,5951.693612004287,announced_on_or_before_observation_date
airline_pb_history,0753.HK,Air China,2025-11-04,2.02,akshare_baidu_valuation_history,"akshare.stock_hk_valuation_baidu(symbol=00753, indicator=市净率)",2026-08-08T20:42:28.083486+00:00,1H2025,2025-06-30,2025-08-29,5951.693612004287,announced_on_or_before_observation_date
airline_pb_history,0753.HK,Air China,2025-11-05,2.09,akshare_baidu_valuation_history,"akshare.stock_hk_valuation_baidu(symbol=00753, indicator=市净率)",2026-08-08T20:42:28.083486+00:00,1H2025,2025-06-30,2025-08-29,5951.693612004287,announced_on_or_before_observation_date
airline_pb_history,0753.HK,Air China,2025-11-06,2.16,akshare_baidu_valuation_history,"akshare.stock_hk_valuation_baidu(symbol=00753, indicator=市净率)",2026-08-08T20:42:28.083486+00:00,1H2025,2025-06-30,2025-08-29,5951.693612004287,announced_on_or_before_observation_date
airline_pb_history,0753.HK,Air China,2025-11-07,2.12,akshare_baidu_valuation_history,"akshare.stock_hk_valuation_baidu(symbol=00753, indicator=市净率)",2026-08-08T20:42:28.083486+00:00,1H2025,2025-06-30,2025-08-29,5951.693612004287,announced_on_or_before_observation_date
airline_pb_history,0753.HK,Air China,2025-11-08,2.12,akshare_baidu_valuation_history,"akshare.stock_hk_valuation_baidu(symbol=00753, indicator=市净率)",2026-08-08T20:42:28.083486+00:00,1H2025,2025-06-30,2025-08-29,5951.693612004287,announced_on_or_before_observation_date
airline_pb_history,0753.HK,Air China,2025-11-09,2.12,akshare_baidu_valuation_history,"akshare.stock_hk_valuation_baidu(symbol=00753, indicator=市净率)",2026-08-08T20:42:28.083486+00:00,1H2025,2025-06-30,2025-08-29,5951.693612004287,announced_on_or_before_observation_date
airline_pb_history,0753.HK,Air China,2025-11-10,2.23,akshare_baidu_valuation_history,"akshare.stock_hk_valuation_baidu(symbol=00753, indicator=市净率)",2026-08-08T20:42:28.083486+00:00,1H2025,2025-06-30,2025-08-29,5951.693612004287,announced_on_or_before_observation_date
airline_pb_history,0753.HK,Air China,2025-11-11,2.25,akshare_baidu_valuation_history,"akshare.stock_hk_valuation_baidu(symbol=00753, indicator=市净率)",2026-08-08T20:42:28.083486+00:00,1H2025,2025-06-30,2025-08-29,5951.693612004287,announced_on_or_before_observation_date
airline_pb_history,0753.HK,Air China,2025-11-12,2.24,akshare_baidu_valuation_history,"akshare.stock_hk_valuation_baidu(symbol=00753, indicator=市净率)",2026-08-08T20:42:28.083486+00:00,1H2025,2025-06-30,2025-08-29,5951.693612004287,announced_on_or_before_observation_date
airline_pb_history,0753.HK,Air China,2025-11-13,2.28,akshare_baidu_valuation_history,"akshare.stock_hk_valuation_baidu(symbol=00753, indicator=市净率)",2026-08-08T20:42:28.083486+00:00,1H2025,2025-06-30,2025-08-29,5951.693612004287,announced_on_or_before_observation_date
airline_pb_history,0753.HK,Air China,2025-11-14,2.23,akshare_baidu_valuation_history,"akshare.stock_hk_valuation_baidu(symbol=00753, indicator=市净率)",2026-08-08T20:42:28.083486+00:00,1H2025,2025-06-30,2025-08-29,5951.693612004287,announced_on_or_before_observation_date
airline_pb_history,0753.HK,Air China,2025-11-15,2.23,akshare_baidu_valuation_history,"akshare.stock_hk_valuation_baidu(symbol=00753, indicator=市净率)",2026-08-08T20:42:28.083486+00:00,1H2025,2025-06-30,2025-08-29,5951.693612004287,announced_on_or_before_observation_date
airline_pb_history,0753.HK,Air China,2025-11-16,2.23,akshare_baidu_valuation_history,"akshare.stock_hk_valuation_baidu(symbol=00753, indicator=市净率)",2026-08-08T20:42:28.083486+00:00,1H2025,2025-06-30,2025-08-29,5951.693612004287,announced_on_or_before_observation_date
airline_pb_history,0753.HK,Air China,2025-11-17,2.22,akshare_baidu_valuation_history,"akshare.stock_hk_valuation_baidu(symbol=00753, indicator=市净率)",2026-08-08T20:42:28.083486+00:00,1H2025,2025-06-30,2025-08-29,5951.693612004287,announced_on_or_before_observation_date
airline_pb_history,0753.HK,Air China,2025-11-18,2.21,akshare_baidu_valuation_history,"akshare.stock_hk_valuation_baidu(symbol=00753, indicator=市净率)",2026-08-08T20:42:28.083486+00:00,1H2025,2025-06-30,2025-08-29,5951.693612004287,announced_on_or_before_observation_date
airline_pb_history,0753.HK,Air China,2025-11-19,2.26,akshare_baidu_valuation_history,"akshare.stock_hk_valuation_baidu(symbol=00753, indicator=市净率)",2026-08-08T20:42:28.083486+00:00,1H2025,2025-06-30,2025-08-29,5951.693612004287,announced_on_or_before_observation_date
airline_pb_history,0753.HK,Air China,2025-11-20,2.26,akshare_baidu_valuation_history,"akshare.stock_hk_valuation_baidu(symbol=00753, indicator=市净率)",2026-08-08T20:42:28.083486+00:00,1H2025,2025-06-30,2025-08-29,5951.693612004287,announced_on_or_before_observation_date
airline_pb_history,0753.HK,Air China,2025-11-21,2.2,akshare_baidu_valuation_history,"akshare.stock_hk_valuation_baidu(symbol=00753, indicator=市净率)",2026-08-08T20:42:28.083486+00:00,1H2025,2025-06-30,2025-08-29,5951.693612004287,announced_on_or_before_observation_date
airline_pb_history,0753.HK,Air China,2025-11-22,2.2,akshare_baidu_valuation_history,"akshare.stock_hk_valuation_baidu(symbol=00753, indicator=市净率)",2026-08-08T20:42:28.083486+00:00,1H2025,2025-06-30,2025-08-29,5951.693612004287,announced_on_or_before_observation_date
airline_pb_history,0753.HK,Air China,2025-11-23,2.2,akshare_baidu_valuation_history,"akshare.stock_hk_valuation_baidu(symbol=00753, indicator=市净率)",2026-08-08T20:42:28.083486+00:00,1H2025,2025-06-30,2025-08-29,5951.693612004287,announced_on_or_before_observation_date
airline_pb_history,0753.HK,Air China,2025-11-24,2.2,akshare_baidu_valuation_history,"akshare.stock_hk_valuation_baidu(symbol=00753, indicator=市净率)",2026-08-08T20:42:28.083486+00:00,1H2025,2025-06-30,2025-08-29,5951.693612004287,announced_on_or_before_observation_date
airline_pb_history,0753.HK,Air China,2025-11-25,2.13,akshare_baidu_valuation_history,"akshare.stock_hk_valuation_baidu(symbol=00753, indicator=市净率)",2026-08-08T20:42:28.083486+00:00,1H2025,2025-06-30,2025-08-29,5951.693612004287,announced_on_or_before_observation_date
airline_pb_history,0753.HK,Air China,2025-11-26,2.22,akshare_baidu_valuation_history,"akshare.stock_hk_valuation_baidu(symbol=00753, indicator=市净率)",2026-08-08T20:42:28.083486+00:00,1H2025,2025-06-30,2025-08-29,5951.693612004287,announced_on_or_before_observation_date
airline_pb_history,0753.HK,Air China,2025-11-27,2.19,akshare_baidu_valuation_history,"akshare.stock_hk_valuation_baidu(symbol=00753, indicator=市净率)",2026-08-08T20:42:28.083486+00:00,1H2025,2025-06-30,2025-08-29,5951.693612004287,announced_on_or_before_observation_date
airline_pb_history,0753.HK,Air China,2025-11-28,2.18,akshare_baidu_valuation_history,"akshare.stock_hk_valuation_baidu(symbol=00753, indicator=市净率)",2026-08-08T20:42:28.083486+00:00,1H2025,2025-06-30,2025-08-29,5951.693612004287,announced_on_or_before_observation_date
airline_pb_history,0753.HK,Air China,2025-11-29,2.18,akshare_baidu_valuation_history,"akshare.stock_hk_valuation_baidu(symbol=00753, indicator=市净率)",2026-08-08T20:42:28.083486+00:00,1H2025,2025-06-30,2025-08-29,5951.693612004287,announced_on_or_before_observation_date
airline_pb_history,0753.HK,Air China,2025-11-30,2.18,akshare_baidu_valuation_history,"akshare.stock_hk_valuation_baidu(symbol=00753, indicator=市净率)",2026-08-08T20:42:28.083486+00:00,1H2025,2025-06-30,2025-08-29,5951.693612004287,announced_on_or_before_observation_date
airline_pb_history,0753.HK,Air China,2025-12-01,2.28,akshare_baidu_valuation_history,"akshare.stock_hk_valuation_baidu(symbol=00753, indicator=市净率)",2026-08-08T20:42:28.083486+00:00,1H2025,2025-06-30,2025-08-29,5951.693612004287,announced_on_or_before_observation_date
airline_pb_history,0753.HK,Air China,2025-12-02,2.24,akshare_baidu_valuation_history,"akshare.stock_hk_valuation_baidu(symbol=00753, indicator=市净率)",2026-08-08T20:42:28.083486+00:00,1H2025,2025-06-30,2025-08-29,5951.693612004287,announced_on_or_before_observation_date
airline_pb_history,0753.HK,Air China,2025-12-03,2.29,akshare_baidu_valuation_history,"akshare.stock_hk_valuation_baidu(symbol=00753, indicator=市净率)",2026-08-08T20:42:28.083486+00:00,1H2025,2025-06-30,2025-08-29,5951.693612004287,announced_on_or_before_observation_date
airline_pb_history,0753.HK,Air China,2025-12-04,2.25,akshare_baidu_valuation_history,"akshare.stock_hk_valuation_baidu(symbol=00753, indicator=市净率)",2026-08-08T20:42:28.083486+00:00,1H2025,2025-06-30,2025-08-29,5951.693612004287,announced_on_or_before_observation_date
airline_pb_history,0753.HK,Air China,2025-12-05,2.21,akshare_baidu_valuation_history,"akshare.stock_hk_valuation_baidu(symbol=00753, indicator=市净率)",2026-08-08T20:42:28.083486+00:00,1H2025,2025-06-30,2025-08-29,5951.693612004287,announced_on_or_before_observation_date
airline_pb_history,0753.HK,Air China,2025-12-06,2.21,akshare_baidu_valuation_history,"akshare.stock_hk_valuation_baidu(symbol=00753, indicator=市净率)",2026-08-08T20:42:28.083486+00:00,1H2025,2025-06-30,2025-08-29,5951.693612004287,announced_on_or_before_observation_date
airline_pb_history,0753.HK,Air China,2025-12-07,2.21,akshare_baidu_valuation_history,"akshare.stock_hk_valuation_baidu(symbol=00753, indicator=市净率)",2026-08-08T20:42:28.083486+00:00,1H2025,2025-06-30,2025-08-29,5951.693612004287,announced_on_or_before_observation_date
airline_pb_history,0753.HK,Air China,2025-12-08,2.2,akshare_baidu_valuation_history,"akshare.stock_hk_valuation_baidu(symbol=00753, indicator=市净率)",2026-08-08T20:42:28.083486+00:00,1H2025,2025-06-30,2025-08-29,5951.693612004287,announced_on_or_before_observation_date
airline_pb_history,0753.HK,Air China,2025-12-09,2.18,akshare_baidu_valuation_history,"akshare.stock_hk_valuation_baidu(symbol=00753, indicator=市净率)",2026-08-08T20:42:28.083486+00:00,1H2025,2025-06-30,2025-08-29,5951.693612004287,announced_on_or_before_observation_date
airline_pb_history,0753.HK,Air China,2025-12-10,2.15,akshare_baidu_valuation_history,"akshare.stock_hk_valuation_baidu(symbol=00753, indicator=市净率)",2026-08-08T20:42:28.083486+00:00,1H2025,2025-06-30,2025-08-29,5951.693612004287,announced_on_or_before_observation_date
airline_pb_history,0753.HK,Air China,2025-12-11,2.14,akshare_baidu_valuation_history,"akshare.stock_hk_valuation_baidu(symbol=00753, indicator=市净率)",2026-08-08T20:42:28.083486+00:00,1H2025,2025-06-30,2025-08-29,5951.693612004287,announced_on_or_before_observation_date
airline_pb_history,0753.HK,Air China,2025-12-12,2.16,akshare_baidu_valuation_history,"akshare.stock_hk_valuation_baidu(symbol=00753, indicator=市净率)",2026-08-08T20:42:28.083486+00:00,1H2025,2025-06-30,2025-08-29,5951.693612004287,announced_on_or_before_observation_date
airline_pb_history,0753.HK,Air China,2025-12-13,2.16,akshare_baidu_valuation_history,"akshare.stock_hk_valuation_baidu(symbol=00753, indicator=市净率)",2026-08-08T20:42:28.083486+00:00,1H2025,2025-06-30,2025-08-29,5951.693612004287,announced_on_or_before_observation_date
airline_pb_history,0753.HK,Air China,2025-12-14,2.16,akshare_baidu_valuation_history,"akshare.stock_hk_valuation_baidu(symbol=00753, indicator=市净率)",2026-08-08T20:42:28.083486+00:00,1H2025,2025-06-30,2025-08-29,5951.693612004287,announced_on_or_before_observation_date
airline_pb_history,0753.HK,Air China,2025-12-15,2.19,akshare_baidu_valuation_history,"akshare.stock_hk_valuation_baidu(symbol=00753, indicator=市净率)",2026-08-08T20:42:28.083486+00:00,1H2025,2025-06-30,2025-08-29,5951.693612004287,announced_on_or_before_observation_date
airline_pb_history,0753.HK,Air China,2025-12-16,2.22,akshare_baidu_valuation_history,"akshare.stock_hk_valuation_baidu(symbol=00753, indicator=市净率)",2026-08-08T20:42:28.083486+00:00,1H2025,2025-06-30,2025-08-29,5951.693612004287,announced_on_or_before_observation_date
airline_pb_history,0753.HK,Air China,2025-12-17,2.31,akshare_baidu_valuation_history,"akshare.stock_hk_valuation_baidu(symbol=00753, indicator=市净率)",2026-08-08T20:42:28.083486+00:00,1H2025,2025-06-30,2025-08-29,5951.693612004287,announced_on_or_before_observation_date
airline_pb_history,0753.HK,Air China,2025-12-18,2.42,akshare_baidu_valuation_history,"akshare.stock_hk_valuation_baidu(symbol=00753, indicator=市净率)",2026-08-08T20:42:28.083486+00:00,1H2025,2025-06-30,2025-08-29,5951.693612004287,announced_on_or_before_observation_date
airline_pb_history,0753.HK,Air China,2025-12-19,2.39,akshare_baidu_valuation_history,"akshare.stock_hk_valuation_baidu(symbol=00753, indicator=市净率)",2026-08-08T20:42:28.083486+00:00,1H2025,2025-06-30,2025-08-29,5951.693612004287,announced_on_or_before_observation_date
airline_pb_history,0753.HK,Air China,2025-12-20,2.39,akshare_baidu_valuation_history,"akshare.stock_hk_valuation_baidu(symbol=00753, indicator=市净率)",2026-08-08T20:42:28.083486+00:00,1H2025,2025-06-30,2025-08-29,5951.693612004287,announced_on_or_before_observation_date
airline_pb_history,0753.HK,Air China,2025-12-21,2.39,akshare_baidu_valuation_history,"akshare.stock_hk_valuation_baidu(symbol=00753, indicator=市净率)",2026-08-08T20:42:28.083486+00:00,1H2025,2025-06-30,2025-08-29,5951.693612004287,announced_on_or_before_observation_date
airline_pb_history,0753.HK,Air China,2025-12-22,2.39,akshare_baidu_valuation_history,"akshare.stock_hk_valuation_baidu(symbol=00753, indicator=市净率)",2026-08-08T20:42:28.083486+00:00,1H2025,2025-06-30,2025-08-29,5951.693612004287,announced_on_or_before_observation_date
airline_pb_history,0753.HK,Air China,2025-12-23,2.38,akshare_baidu_valuation_history,"akshare.stock_hk_valuation_baidu(symbol=00753, indicator=市净率)",2026-08-08T20:42:28.083486+00:00,1H2025,2025-06-30,2025-08-29,5951.693612004287,announced_on_or_before_observation_date
airline_pb_history,0753.HK,Air China,2025-12-24,2.34,akshare_baidu_valuation_history,"akshare.stock_hk_valuation_baidu(symbol=00753, indicator=市净率)",2026-08-08T20:42:28.083486+00:00,1H2025,2025-06-30,2025-08-29,5951.693612004287,announced_on_or_before_observation_date
airline_pb_history,0753.HK,Air China,2025-12-25,2.34,akshare_baidu_valuation_history,"akshare.stock_hk_valuation_baidu(symbol=00753, indicator=市净率)",2026-08-08T20:42:28.083486+00:00,1H2025,2025-06-30,2025-08-29,5951.693612004287,announced_on_or_before_observation_date
airline_pb_history,0753.HK,Air China,2025-12-26,2.34,akshare_baidu_valuation_history,"akshare.stock_hk_valuation_baidu(symbol=00753, indicator=市净率)",2026-08-08T20:42:28.083486+00:00,1H2025,2025-06-30,2025-08-29,5951.693612004287,announced_on_or_before_observation_date
airline_pb_history,0753.HK,Air China,2025-12-27,2.34,akshare_baidu_valuation_history,"akshare.stock_hk_valuation_baidu(symbol=00753, indicator=市净率)",2026-08-08T20:42:28.083486+00:00,1H2025,2025-06-30,2025-08-29,5951.693612004287,announced_on_or_before_observation_date
airline_pb_history,0753.HK,Air China,2025-12-28,2.34,akshare_baidu_valuation_history,"akshare.stock_hk_valuation_baidu(symbol=00753, indicator=市净率)",2026-08-08T20:42:28.083486+00:00,1H2025,2025-06-30,2025-08-29,5951.693612004287,announced_on_or_before_observation_date
airline_pb_history,0753.HK,Air China,2025-12-29,2.4,akshare_baidu_valuation_history,"akshare.stock_hk_valuation_baidu(symbol=00753, indicator=市净率)",2026-08-08T20:42:28.083486+00:00,1H2025,2025-06-30,2025-08-29,5951.693612004287,announced_on_or_before_observation_date
airline_pb_history,0753.HK,Air China,2025-12-30,2.35,akshare_baidu_valuation_history,"akshare.stock_hk_valuation_baidu(symbol=00753, indicator=市净率)",2026-08-08T20:42:28.083486+00:00,1H2025,2025-06-30,2025-08-29,5951.693612004287,announced_on_or_before_observation_date
airline_pb_history,0753.HK,Air China,2025-12-31,2.43,akshare_baidu_valuation_history,"akshare.stock_hk_valuation_baidu(symbol=00753, indicator=市净率)",2026-08-08T20:42:28.083486+00:00,1H2025,2025-06-30,2025-08-29,5951.693612004287,announced_on_or_before_observation_date
airline_pb_history,0753.HK,Air China,2026-01-01,2.43,akshare_baidu_valuation_history,"akshare.stock_hk_valuation_baidu(symbol=00753, indicator=市净率)",2026-08-08T20:42:28.083486+00:00,1H2025,2025-06-30,2025-08-29,5951.693612004287,announced_on_or_before_observation_date
airline_pb_history,0753.HK,Air China,2026-01-02,2.44,akshare_baidu_valuation_history,"akshare.stock_hk_valuation_baidu(symbol=00753, indicator=市净率)",2026-08-08T20:42:28.083486+00:00,1H2025,2025-06-30,2025-08-29,5951.693612004287,announced_on_or_before_observation_date
airline_pb_history,0753.HK,Air China,2026-01-03,2.44,akshare_baidu_valuation_history,"akshare.stock_hk_valuation_baidu(symbol=00753, indicator=市净率)",2026-08-08T20:42:28.083486+00:00,1H2025,2025-06-30,2025-08-29,5951.693612004287,announced_on_or_before_observation_date
airline_pb_history,0753.HK,Air China,2026-01-04,2.44,akshare_baidu_valuation_history,"akshare.stock_hk_valuation_baidu(symbol=00753, indicator=市净率)",2026-08-08T20:42:28.083486+00:00,1H2025,2025-06-30,2025-08-29,5951.693612004287,announced_on_or_before_observation_date
airline_pb_history,0753.HK,Air China,2026-01-05,2.46,akshare_baidu_valuation_history,"akshare.stock_hk_valuation_baidu(symbol=00753, indicator=市净率)",2026-08-08T20:42:28.083486+00:00,1H2025,2025-06-30,2025-08-29,5951.693612004287,announced_on_or_before_observation_date
airline_pb_history,0753.HK,Air China,2026-01-06,2.51,akshare_baidu_valuation_history,"akshare.stock_hk_valuation_baidu(symbol=00753, indicator=市净率)",2026-08-08T20:42:28.083486+00:00,1H2025,2025-06-30,2025-08-29,5951.693612004287,announced_on_or_before_observation_date
airline_pb_history,0753.HK,Air China,2026-01-07,2.48,akshare_baidu_valuation_history,"akshare.stock_hk_valuation_baidu(symbol=00753, indicator=市净率)",2026-08-08T20:42:28.083486+00:00,1H2025,2025-06-30,2025-08-29,5951.693612004287,announced_on_or_before_observation_date
airline_pb_history,0753.HK,Air China,2026-01-08,2.51,akshare_baidu_valuation_history,"akshare.stock_hk_valuation_baidu(symbol=00753, indicator=市净率)",2026-08-08T20:42:28.083486+00:00,1H2025,2025-06-30,2025-08-29,5951.693612004287,announced_on_or_before_observation_date
airline_pb_history,0753.HK,Air China,2026-01-09,2.45,akshare_baidu_valuation_history,"akshare.stock_hk_valuation_baidu(symbol=00753, indicator=市净率)",2026-08-08T20:42:28.083486+00:00,1H2025,2025-06-30,2025-08-29,5951.693612004287,announced_on_or_before_observation_date
airline_pb_history,0753.HK,Air China,2026-01-10,2.45,akshare_baidu_valuation_history,"akshare.stock_hk_valuation_baidu(symbol=00753, indicator=市净率)",2026-08-08T20:42:28.083486+00:00,1H2025,2025-06-30,2025-08-29,5951.693612004287,announced_on_or_before_observation_date
airline_pb_history,0753.HK,Air China,2026-01-11,2.45,akshare_baidu_valuation_history,"akshare.stock_hk_valuation_baidu(symbol=00753, indicator=市净率)",2026-08-08T20:42:28.083486+00:00,1H2025,2025-06-30,2025-08-29,5951.693612004287,announced_on_or_before_observation_date
airline_pb_history,0753.HK,Air China,2026-01-12,2.44,akshare_baidu_valuation_history,"akshare.stock_hk_valuation_baidu(symbol=00753, indicator=市净率)",2026-08-08T20:42:28.083486+00:00,1H2025,2025-06-30,2025-08-29,5951.693612004287,announced_on_or_before_observation_date
airline_pb_history,0753.HK,Air China,2026-01-13,2.39,akshare_baidu_valuation_history,"akshare.stock_hk_valuation_baidu(symbol=00753, indicator=市净率)",2026-08-08T20:42:28.083486+00:00,1H2025,2025-06-30,2025-08-29,5951.693612004287,announced_on_or_before_observation_date
airline_pb_history,0753.HK,Air China,2026-01-14,2.38,akshare_baidu_valuation_history,"akshare.stock_hk_valuation_baidu(symbol=00753, indicator=市净率)",2026-08-08T20:42:28.083486+00:00,1H2025,2025-06-30,2025-08-29,5951.693612004287,announced_on_or_before_observation_date
airline_pb_history,0753.HK,Air China,2026-01-15,2.37,akshare_baidu_valuation_history,"akshare.stock_hk_valuation_baidu(symbol=00753, indicator=市净率)",2026-08-08T20:42:28.083486+00:00,1H2025,2025-06-30,2025-08-29,5951.693612004287,announced_on_or_before_observation_date
airline_pb_history,0753.HK,Air China,2026-01-16,2.37,akshare_baidu_valuation_history,"akshare.stock_hk_valuation_baidu(symbol=00753, indicator=市净率)",2026-08-08T20:42:28.083486+00:00,1H2025,2025-06-30,2025-08-29,5951.693612004287,announced_on_or_before_observation_date
airline_pb_history,0753.HK,Air China,2026-01-17,2.37,akshare_baidu_valuation_history,"akshare.stock_hk_valuation_baidu(symbol=00753, indicator=市净率)",2026-08-08T20:42:28.083486+00:00,1H2025,2025-06-30,2025-08-29,5951.693612004287,announced_on_or_before_observation_date
airline_pb_history,0753.HK,Air China,2026-01-18,2.37,akshare_baidu_valuation_history,"akshare.stock_hk_valuation_baidu(symbol=00753, indicator=市净率)",2026-08-08T20:42:28.083486+00:00,1H2025,2025-06-30,2025-08-29,5951.693612004287,announced_on_or_before_observation_date
airline_pb_history,0753.HK,Air China,2026-01-19,2.46,akshare_baidu_valuation_history,"akshare.stock_hk_valuation_baidu(symbol=00753, indicator=市净率)",2026-08-08T20:42:28.083486+00:00,1H2025,2025-06-30,2025-08-29,5951.693612004287,announced_on_or_before_observation_date
airline_pb_history,0753.HK,Air China,2026-01-20,2.56,akshare_baidu_valuation_history,"akshare.stock_hk_valuation_baidu(symbol=00753, indicator=市净率)",2026-08-08T20:42:28.083486+00:00,1H2025,2025-06-30,2025-08-29,5951.693612004287,announced_on_or_before_observation_date
airline_pb_history,0753.HK,Air China,2026-01-21,2.6,akshare_baidu_valuation_history,"akshare.stock_hk_valuation_baidu(symbol=00753, indicator=市净率)",2026-08-08T20:42:28.083486+00:00,1H2025,2025-06-30,2025-08-29,5951.693612004287,announced_on_or_before_observation_date
airline_pb_history,0753.HK,Air China,2026-01-22,2.57,akshare_baidu_valuation_history,"akshare.stock_hk_valuation_baidu(symbol=00753, indicator=市净率)",2026-08-08T20:42:28.083486+00:00,1H2025,2025-06-30,2025-08-29,5951.693612004287,announced_on_or_before_observation_date
airline_pb_history,0753.HK,Air China,2026-01-23,2.46,akshare_baidu_valuation_history,"akshare.stock_hk_valuation_baidu(symbol=00753, indicator=市净率)",2026-08-08T20:42:28.083486+00:00,1H2025,2025-06-30,2025-08-29,5951.693612004287,announced_on_or_before_observation_date
airline_pb_history,0753.HK,Air China,2026-01-24,2.46,akshare_baidu_valuation_history,"akshare.stock_hk_valuation_baidu(symbol=00753, indicator=市净率)",2026-08-08T20:42:28.083486+00:00,1H2025,2025-06-30,2025-08-29,5951.693612004287,announced_on_or_before_observation_date
airline_pb_history,0753.HK,Air China,2026-01-25,2.46,akshare_baidu_valuation_history,"akshare.stock_hk_valuation_baidu(symbol=00753, indicator=市净率)",2026-08-08T20:42:28.083486+00:00,1H2025,2025-06-30,2025-08-29,5951.693612004287,announced_on_or_before_observation_date
airline_pb_history,0753.HK,Air China,2026-01-26,2.44,akshare_baidu_valuation_history,"akshare.stock_hk_valuation_baidu(symbol=00753, indicator=市净率)",2026-08-08T20:42:28.083486+00:00,1H2025,2025-06-30,2025-08-29,5951.693612004287,announced_on_or_before_observation_date
airline_pb_history,0753.HK,Air China,2026-01-27,2.45,akshare_baidu_valuation_history,"akshare.stock_hk_valuation_baidu(symbol=00753, indicator=市净率)",2026-08-08T20:42:28.083486+00:00,1H2025,2025-06-30,2025-08-29,5951.693612004287,announced_on_or_before_observation_date
airline_pb_history,0753.HK,Air China,2026-01-28,2.36,akshare_baidu_valuation_history,"akshare.stock_hk_valuation_baidu(symbol=00753, indicator=市净率)",2026-08-08T20:42:28.083486+00:00,1H2025,2025-06-30,2025-08-29,5951.693612004287,announced_on_or_before_observation_date
airline_pb_history,0753.HK,Air China,2026-01-29,2.37,akshare_baidu_valuation_history,"akshare.stock_hk_valuation_baidu(symbol=00753, indicator=市净率)",2026-08-08T20:42:28.083486+00:00,1H2025,2025-06-30,2025-08-29,5951.693612004287,announced_on_or_before_observation_date
airline_pb_history,0753.HK,Air China,2026-01-30,2.4,akshare_baidu_valuation_history,"akshare.stock_hk_valuation_baidu(symbol=00753, indicator=市净率)",2026-08-08T20:42:28.083486+00:00,1H2025,2025-06-30,2025-08-29,5951.693612004287,announced_on_or_before_observation_date
airline_pb_history,0753.HK,Air China,2026-01-31,2.4,akshare_baidu_valuation_history,"akshare.stock_hk_valuation_baidu(symbol=00753, indicator=市净率)",2026-08-08T20:42:28.083486+00:00,1H2025,2025-06-30,2025-08-29,5951.693612004287,announced_on_or_before_observation_date
airline_pb_history,0753.HK,Air China,2026-02-01,2.4,akshare_baidu_valuation_history,"akshare.stock_hk_valuation_baidu(symbol=00753, indicator=市净率)",2026-08-08T20:42:28.083486+00:00,1H2025,2025-06-30,2025-08-29,5951.693612004287,announced_on_or_before_observation_date
airline_pb_history,0753.HK,Air China,2026-02-02,2.34,akshare_baidu_valuation_history,"akshare.stock_hk_valuation_baidu(symbol=00753, indicator=市净率)",2026-08-08T20:42:28.083486+00:00,1H2025,2025-06-30,2025-08-29,5951.693612004287,announced_on_or_before_observation_date
airline_pb_history,0753.HK,Air China,2026-02-03,2.44,akshare_baidu_valuation_history,"akshare.stock_hk_valuation_baidu(symbol=00753, indicator=市净率)",2026-08-08T20:42:28.083486+00:00,1H2025,2025-06-30,2025-08-29,5951.693612004287,announced_on_or_before_observation_date
airline_pb_history,0753.HK,Air China,2026-02-04,2.59,akshare_baidu_valuation_history,"akshare.stock_hk_valuation_baidu(symbol=00753, indicator=市净率)",2026-08-08T20:42:28.083486+00:00,1H2025,2025-06-30,2025-08-29,5951.693612004287,announced_on_or_before_observation_date
airline_pb_history,0753.HK,Air China,2026-02-05,2.61,akshare_baidu_valuation_history,"akshare.stock_hk_valuation_baidu(symbol=00753, indicator=市净率)",2026-08-08T20:42:28.083486+00:00,1H2025,2025-06-30,2025-08-29,5951.693612004287,announced_on_or_before_observation_date
airline_pb_history,0753.HK,Air China,2026-02-06,2.56,akshare_baidu_valuation_history,"akshare.stock_hk_valuation_baidu(symbol=00753, indicator=市净率)",2026-08-08T20:42:28.083486+00:00,1H2025,2025-06-30,2025-08-29,5951.693612004287,announced_on_or_before_observation_date
airline_pb_history,0753.HK,Air China,2026-02-07,2.56,akshare_baidu_valuation_history,"akshare.stock_hk_valuation_baidu(symbol=00753, indicator=市净率)",2026-08-08T20:42:28.083486+00:00,1H2025,2025-06-30,2025-08-29,5951.693612004287,announced_on_or_before_observation_date
airline_pb_history,0753.HK,Air China,2026-02-08,2.56,akshare_baidu_valuation_history,"akshare.stock_hk_valuation_baidu(symbol=00753, indicator=市净率)",2026-08-08T20:42:28.083486+00:00,1H2025,2025-06-30,2025-08-29,5951.693612004287,announced_on_or_before_observation_date
airline_pb_history,0753.HK,Air China,2026-02-09,2.6,akshare_baidu_valuation_history,"akshare.stock_hk_valuation_baidu(symbol=00753, indicator=市净率)",2026-08-08T20:42:28.083486+00:00,1H2025,2025-06-30,2025-08-29,5951.693612004287,announced_on_or_before_observation_date
airline_pb_history,0753.HK,Air China,2026-02-10,2.58,akshare_baidu_valuation_history,"akshare.stock_hk_valuation_baidu(symbol=00753, indicator=市净率)",2026-08-08T20:42:28.083486+00:00,1H2025,2025-06-30,2025-08-29,5951.693612004287,announced_on_or_before_observation_date
airline_pb_history,0753.HK,Air China,2026-02-11,2.53,akshare_baidu_valuation_history,"akshare.stock_hk_valuation_baidu(symbol=00753, indicator=市净率)",2026-08-08T20:42:28.083486+00:00,1H2025,2025-06-30,2025-08-29,5951.693612004287,announced_on_or_before_observation_date
airline_pb_history,0753.HK,Air China,2026-02-12,2.48,akshare_baidu_valuation_history,"akshare.stock_hk_valuation_baidu(symbol=00753, indicator=市净率)",2026-08-08T20:42:28.083486+00:00,1H2025,2025-06-30,2025-08-29,5951.693612004287,announced_on_or_before_observation_date
airline_pb_history,0753.HK,Air China,2026-02-13,2.47,akshare_baidu_valuation_history,"akshare.stock_hk_valuation_baidu(symbol=00753, indicator=市净率)",2026-08-08T20:42:28.083486+00:00,1H2025,2025-06-30,2025-08-29,5951.693612004287,announced_on_or_before_observation_date
airline_pb_history,0753.HK,Air China,2026-02-14,2.47,akshare_baidu_valuation_history,"akshare.stock_hk_valuation_baidu(symbol=00753, indicator=市净率)",2026-08-08T20:42:28.083486+00:00,1H2025,2025-06-30,2025-08-29,5951.693612004287,announced_on_or_before_observation_date
airline_pb_history,0753.HK,Air China,2026-02-15,2.47,akshare_baidu_valuation_history,"akshare.stock_hk_valuation_baidu(symbol=00753, indicator=市净率)",2026-08-08T20:42:28.083486+00:00,1H2025,2025-06-30,2025-08-29,5951.693612004287,announced_on_or_before_observation_date
airline_pb_history,0753.HK,Air China,2026-02-16,2.47,akshare_baidu_valuation_history,"akshare.stock_hk_valuation_baidu(symbol=00753, indicator=市净率)",2026-08-08T20:42:28.083486+00:00,1H2025,2025-06-30,2025-08-29,5951.693612004287,announced_on_or_before_observation_date
airline_pb_history,0753.HK,Air China,2026-02-17,2.47,akshare_baidu_valuation_history,"akshare.stock_hk_valuation_baidu(symbol=00753, indicator=市净率)",2026-08-08T20:42:28.083486+00:00,1H2025,2025-06-30,2025-08-29,5951.693612004287,announced_on_or_before_observation_date
airline_pb_history,0753.HK,Air China,2026-02-18,2.47,akshare_baidu_valuation_history,"akshare.stock_hk_valuation_baidu(symbol=00753, indicator=市净率)",2026-08-08T20:42:28.083486+00:00,1H2025,2025-06-30,2025-08-29,5951.693612004287,announced_on_or_before_observation_date
airline_pb_history,0753.HK,Air China,2026-02-19,2.47,akshare_baidu_valuation_history,"akshare.stock_hk_valuation_baidu(symbol=00753, indicator=市净率)",2026-08-08T20:42:28.083486+00:00,1H2025,2025-06-30,2025-08-29,5951.693612004287,announced_on_or_before_observation_date
airline_pb_history,0753.HK,Air China,2026-02-20,2.42,akshare_baidu_valuation_history,"akshare.stock_hk_valuation_baidu(symbol=00753, indicator=市净率)",2026-08-08T20:42:28.083486+00:00,1H2025,2025-06-30,2025-08-29,5951.693612004287,announced_on_or_before_observation_date
airline_pb_history,0753.HK,Air China,2026-02-21,2.42,akshare_baidu_valuation_history,"akshare.stock_hk_valuation_baidu(symbol=00753, indicator=市净率)",2026-08-08T20:42:28.083486+00:00,1H2025,2025-06-30,2025-08-29,5951.693612004287,announced_on_or_before_observation_date
airline_pb_history,0753.HK,Air China,2026-02-22,2.42,akshare_baidu_valuation_history,"akshare.stock_hk_valuation_baidu(symbol=00753, indicator=市净率)",2026-08-08T20:42:28.083486+00:00,1H2025,2025-06-30,2025-08-29,5951.693612004287,announced_on_or_before_observation_date
airline_pb_history,0753.HK,Air China,2026-02-23,2.45,akshare_baidu_valuation_history,"akshare.stock_hk_valuation_baidu(symbol=00753, indicator=市净率)",2026-08-08T20:42:28.083486+00:00,1H2025,2025-06-30,2025-08-29,5951.693612004287,announced_on_or_before_observation_date
airline_pb_history,0753.HK,Air China,2026-02-24,2.41,akshare_baidu_valuation_history,"akshare.stock_hk_valuation_baidu(symbol=00753, indicator=市净率)",2026-08-08T20:42:28.083486+00:00,1H2025,2025-06-30,2025-08-29,5951.693612004287,announced_on_or_before_observation_date
airline_pb_history,0753.HK,Air China,2026-02-25,2.46,akshare_baidu_valuation_history,"akshare.stock_hk_valuation_baidu(symbol=00753, indicator=市净率)",2026-08-08T20:42:28.083486+00:00,1H2025,2025-06-30,2025-08-29,5951.693612004287,announced_on_or_before_observation_date
airline_pb_history,0753.HK,Air China,2026-02-26,2.43,akshare_baidu_valuation_history,"akshare.stock_hk_valuation_baidu(symbol=00753, indicator=市净率)",2026-08-08T20:42:28.083486+00:00,1H2025,2025-06-30,2025-08-29,5951.693612004287,announced_on_or_before_observation_date
airline_pb_history,0753.HK,Air China,2026-02-27,2.33,akshare_baidu_valuation_history,"akshare.stock_hk_valuation_baidu(symbol=00753, indicator=市净率)",2026-08-08T20:42:28.083486+00:00,1H2025,2025-06-30,2025-08-29,5951.693612004287,announced_on_or_before_observation_date
airline_pb_history,0753.HK,Air China,2026-02-28,2.33,akshare_baidu_valuation_history,"akshare.stock_hk_valuation_baidu(symbol=00753, indicator=市净率)",2026-08-08T20:42:28.083486+00:00,1H2025,2025-06-30,2025-08-29,5951.693612004287,announced_on_or_before_observation_date
airline_pb_history,0753.HK,Air China,2026-03-01,2.33,akshare_baidu_valuation_history,"akshare.stock_hk_valuation_baidu(symbol=00753, indicator=市净率)",2026-08-08T20:42:28.083486+00:00,1H2025,2025-06-30,2025-08-29,5951.693612004287,announced_on_or_before_observation_date
airline_pb_history,0753.HK,Air China,2026-03-02,2.21,akshare_baidu_valuation_history,"akshare.stock_hk_valuation_baidu(symbol=00753, indicator=市净率)",2026-08-08T20:42:28.083486+00:00,1H2025,2025-06-30,2025-08-29,5951.693612004287,announced_on_or_before_observation_date
airline_pb_history,0753.HK,Air China,2026-03-03,2.14,akshare_baidu_valuation_history,"akshare.stock_hk_valuation_baidu(symbol=00753, indicator=市净率)",2026-08-08T20:42:28.083486+00:00,1H2025,2025-06-30,2025-08-29,5951.693612004287,announced_on_or_before_observation_date
airline_pb_history,0753.HK,Air China,2026-03-04,2.09,akshare_baidu_valuation_history,"akshare.stock_hk_valuation_baidu(symbol=00753, indicator=市净率)",2026-08-08T20:42:28.083486+00:00,1H2025,2025-06-30,2025-08-29,5951.693612004287,announced_on_or_before_observation_date
airline_pb_history,0753.HK,Air China,2026-03-05,2.03,akshare_baidu_valuation_history,"akshare.stock_hk_valuation_baidu(symbol=00753, indicator=市净率)",2026-08-08T20:42:28.083486+00:00,1H2025,2025-06-30,2025-08-29,5951.693612004287,announced_on_or_before_observation_date
airline_pb_history,0753.HK,Air China,2026-03-06,2.03,akshare_baidu_valuation_history,"akshare.stock_hk_valuation_baidu(symbol=00753, indicator=市净率)",2026-08-08T20:42:28.083486+00:00,1H2025,2025-06-30,2025-08-29,5951.693612004287,announced_on_or_before_observation_date
airline_pb_history,0753.HK,Air China,2026-03-07,2.03,akshare_baidu_valuation_history,"akshare.stock_hk_valuation_baidu(symbol=00753, indicator=市净率)",2026-08-08T20:42:28.083486+00:00,1H2025,2025-06-30,2025-08-29,5951.693612004287,announced_on_or_before_observation_date
airline_pb_history,0753.HK,Air China,2026-03-08,2.03,akshare_baidu_valuation_history,"akshare.stock_hk_valuation_baidu(symbol=00753, indicator=市净率)",2026-08-08T20:42:28.083486+00:00,1H2025,2025-06-30,2025-08-29,5951.693612004287,announced_on_or_before_observation_date
airline_pb_history,0753.HK,Air China,2026-03-09,1.95,akshare_baidu_valuation_history,"akshare.stock_hk_valuation_baidu(symbol=00753, indicator=市净率)",2026-08-08T20:42:28.083486+00:00,1H2025,2025-06-30,2025-08-29,5951.693612004287,announced_on_or_before_observation_date
airline_pb_history,0753.HK,Air China,2026-03-10,1.97,akshare_baidu_valuation_history,"akshare.stock_hk_valuation_baidu(symbol=00753, indicator=市净率)",2026-08-08T20:42:28.083486+00:00,1H2025,2025-06-30,2025-08-29,5951.693612004287,announced_on_or_before_observation_date
airline_pb_history,0753.HK,Air China,2026-03-11,1.92,akshare_baidu_valuation_history,"akshare.stock_hk_valuation_baidu(symbol=00753, indicator=市净率)",2026-08-08T20:42:28.083486+00:00,1H2025,2025-06-30,2025-08-29,5951.693612004287,announced_on_or_before_observation_date
airline_pb_history,0753.HK,Air China,2026-03-12,1.94,akshare_baidu_valuation_history,"akshare.stock_hk_valuation_baidu(symbol=00753, indicator=市净率)",2026-08-08T20:42:28.083486+00:00,1H2025,2025-06-30,2025-08-29,5951.693612004287,announced_on_or_before_observation_date
airline_pb_history,0753.HK,Air China,2026-03-13,1.85,akshare_baidu_valuation_history,"akshare.stock_hk_valuation_baidu(symbol=00753, indicator=市净率)",2026-08-08T20:42:28.083486+00:00,1H2025,2025-06-30,2025-08-29,5951.693612004287,announced_on_or_before_observation_date
airline_pb_history,0753.HK,Air China,2026-03-14,1.85,akshare_baidu_valuation_history,"akshare.stock_hk_valuation_baidu(symbol=00753, indicator=市净率)",2026-08-08T20:42:28.083486+00:00,1H2025,2025-06-30,2025-08-29,5951.693612004287,announced_on_or_before_observation_date
airline_pb_history,0753.HK,Air China,2026-03-15,1.85,akshare_baidu_valuation_history,"akshare.stock_hk_valuation_baidu(symbol=00753, indicator=市净率)",2026-08-08T20:42:28.083486+00:00,1H2025,2025-06-30,2025-08-29,5951.693612004287,announced_on_or_before_observation_date
airline_pb_history,0753.HK,Air China,2026-03-16,1.86,akshare_baidu_valuation_history,"akshare.stock_hk_valuation_baidu(symbol=00753, indicator=市净率)",2026-08-08T20:42:28.083486+00:00,1H2025,2025-06-30,2025-08-29,5951.693612004287,announced_on_or_before_observation_date
airline_pb_history,0753.HK,Air China,2026-03-17,1.85,akshare_baidu_valuation_history,"akshare.stock_hk_valuation_baidu(symbol=00753, indicator=市净率)",2026-08-08T20:42:28.083486+00:00,1H2025,2025-06-30,2025-08-29,5951.693612004287,announced_on_or_before_observation_date
airline_pb_history,0753.HK,Air China,2026-03-18,1.81,akshare_baidu_valuation_history,"akshare.stock_hk_valuation_baidu(symbol=00753, indicator=市净率)",2026-08-08T20:42:28.083486+00:00,1H2025,2025-06-30,2025-08-29,5951.693612004287,announced_on_or_before_observation_date
airline_pb_history,0753.HK,Air China,2026-03-19,1.73,akshare_baidu_valuation_history,"akshare.stock_hk_valuation_baidu(symbol=00753, indicator=市净率)",2026-08-08T20:42:28.083486+00:00,1H2025,2025-06-30,2025-08-29,5951.693612004287,announced_on_or_before_observation_date
airline_pb_history,0753.HK,Air China,2026-03-20,1.73,akshare_baidu_valuation_history,"akshare.stock_hk_valuation_baidu(symbol=00753, indicator=市净率)",2026-08-08T20:42:28.083486+00:00,1H2025,2025-06-30,2025-08-29,5951.693612004287,announced_on_or_before_observation_date
airline_pb_history,0753.HK,Air China,2026-03-21,1.73,akshare_baidu_valuation_history,"akshare.stock_hk_valuation_baidu(symbol=00753, indicator=市净率)",2026-08-08T20:42:28.083486+00:00,1H2025,2025-06-30,2025-08-29,5951.693612004287,announced_on_or_before_observation_date
airline_pb_history,0753.HK,Air China,2026-03-22,1.73,akshare_baidu_valuation_history,"akshare.stock_hk_valuation_baidu(symbol=00753, indicator=市净率)",2026-08-08T20:42:28.083486+00:00,1H2025,2025-06-30,2025-08-29,5951.693612004287,announced_on_or_before_observation_date
airline_pb_history,0753.HK,Air China,2026-03-23,1.59,akshare_baidu_valuation_history,"akshare.stock_hk_valuation_baidu(symbol=00753, indicator=市净率)",2026-08-08T20:42:28.083486+00:00,1H2025,2025-06-30,2025-08-29,5951.693612004287,announced_on_or_before_observation_date
airline_pb_history,0753.HK,Air China,2026-03-24,1.66,akshare_baidu_valuation_history,"akshare.stock_hk_valuation_baidu(symbol=00753, indicator=市净率)",2026-08-08T20:42:28.083486+00:00,1H2025,2025-06-30,2025-08-29,5951.693612004287,announced_on_or_before_observation_date
airline_pb_history,0753.HK,Air China,2026-03-25,1.72,akshare_baidu_valuation_history,"akshare.stock_hk_valuation_baidu(symbol=00753, indicator=市净率)",2026-08-08T20:42:28.083486+00:00,1H2025,2025-06-30,2025-08-29,5951.693612004287,announced_on_or_before_observation_date
airline_pb_history,0753.HK,Air China,2026-03-26,1.77,akshare_baidu_valuation_history,"akshare.stock_hk_valuation_baidu(symbol=00753, indicator=市净率)",2026-08-08T20:42:28.083486+00:00,1H2025,2025-06-30,2025-08-29,5951.693612004287,announced_on_or_before_observation_date
airline_pb_history,0753.HK,Air China,2026-03-27,1.77,akshare_baidu_valuation_history,"akshare.stock_hk_valuation_baidu(symbol=00753, indicator=市净率)",2026-08-08T20:42:28.083486+00:00,FY2025,2025-12-31,2026-03-27,6077.909681870123,announced_on_or_before_observation_date
airline_pb_history,0753.HK,Air China,2026-03-28,1.77,akshare_baidu_valuation_history,"akshare.stock_hk_valuation_baidu(symbol=00753, indicator=市净率)",2026-08-08T20:42:28.083486+00:00,FY2025,2025-12-31,2026-03-27,6077.909681870123,announced_on_or_before_observation_date
airline_pb_history,0753.HK,Air China,2026-03-29,1.77,akshare_baidu_valuation_history,"akshare.stock_hk_valuation_baidu(symbol=00753, indicator=市净率)",2026-08-08T20:42:28.083486+00:00,FY2025,2025-12-31,2026-03-27,6077.909681870123,announced_on_or_before_observation_date
airline_pb_history,0753.HK,Air China,2026-03-30,1.71,akshare_baidu_valuation_history,"akshare.stock_hk_valuation_baidu(symbol=00753, indicator=市净率)",2026-08-08T20:42:28.083486+00:00,FY2025,2025-12-31,2026-03-27,6077.909681870123,announced_on_or_before_observation_date
airline_pb_history,0753.HK,Air China,2026-03-31,1.69,akshare_baidu_valuation_history,"akshare.stock_hk_valuation_baidu(symbol=00753, indicator=市净率)",2026-08-08T20:42:28.083486+00:00,FY2025,2025-12-31,2026-03-27,6077.909681870123,announced_on_or_before_observation_date
airline_pb_history,0753.HK,Air China,2026-04-01,1.85,akshare_baidu_valuation_history,"akshare.stock_hk_valuation_baidu(symbol=00753, indicator=市净率)",2026-08-08T20:42:28.083486+00:00,FY2025,2025-12-31,2026-03-27,6077.909681870123,announced_on_or_before_observation_date
airline_pb_history,0753.HK,Air China,2026-04-02,1.78,akshare_baidu_valuation_history,"akshare.stock_hk_valuation_baidu(symbol=00753, indicator=市净率)",2026-08-08T20:42:28.083486+00:00,FY2025,2025-12-31,2026-03-27,6077.909681870123,announced_on_or_before_observation_date
airline_pb_history,0753.HK,Air China,2026-04-03,1.78,akshare_baidu_valuation_history,"akshare.stock_hk_valuation_baidu(symbol=00753, indicator=市净率)",2026-08-08T20:42:28.083486+00:00,FY2025,2025-12-31,2026-03-27,6077.909681870123,announced_on_or_before_observation_date
airline_pb_history,0753.HK,Air China,2026-04-04,1.78,akshare_baidu_valuation_history,"akshare.stock_hk_valuation_baidu(symbol=00753, indicator=市净率)",2026-08-08T20:42:28.083486+00:00,FY2025,2025-12-31,2026-03-27,6077.909681870123,announced_on_or_before_observation_date
airline_pb_history,0753.HK,Air China,2026-04-05,1.78,akshare_baidu_valuation_history,"akshare.stock_hk_valuation_baidu(symbol=00753, indicator=市净率)",2026-08-08T20:42:28.083486+00:00,FY2025,2025-12-31,2026-03-27,6077.909681870123,announced_on_or_before_observation_date
airline_pb_history,0753.HK,Air China,2026-04-06,1.78,akshare_baidu_valuation_history,"akshare.stock_hk_valuation_baidu(symbol=00753, indicator=市净率)",2026-08-08T20:42:28.083486+00:00,FY2025,2025-12-31,2026-03-27,6077.909681870123,announced_on_or_before_observation_date
airline_pb_history,0753.HK,Air China,2026-04-07,1.78,akshare_baidu_valuation_history,"akshare.stock_hk_valuation_baidu(symbol=00753, indicator=市净率)",2026-08-08T20:42:28.083486+00:00,FY2025,2025-12-31,2026-03-27,6077.909681870123,announced_on_or_before_observation_date
airline_pb_history,0753.HK,Air China,2026-04-08,1.88,akshare_baidu_valuation_history,"akshare.stock_hk_valuation_baidu(symbol=00753, indicator=市净率)",2026-08-08T20:42:28.083486+00:00,FY2025,2025-12-31,2026-03-27,6077.909681870123,announced_on_or_before_observation_date
airline_pb_history,0753.HK,Air China,2026-04-09,1.82,akshare_baidu_valuation_history,"akshare.stock_hk_valuation_baidu(symbol=00753, indicator=市净率)",2026-08-08T20:42:28.083486+00:00,FY2025,2025-12-31,2026-03-27,6077.909681870123,announced_on_or_before_observation_date
airline_pb_history,0753.HK,Air China,2026-04-10,1.83,akshare_baidu_valuation_history,"akshare.stock_hk_valuation_baidu(symbol=00753, indicator=市净率)",2026-08-08T20:42:28.083486+00:00,FY2025,2025-12-31,2026-03-27,6077.909681870123,announced_on_or_before_observation_date
airline_pb_history,0753.HK,Air China,2026-04-11,1.83,akshare_baidu_valuation_history,"akshare.stock_hk_valuation_baidu(symbol=00753, indicator=市净率)",2026-08-08T20:42:28.083486+00:00,FY2025,2025-12-31,2026-03-27,6077.909681870123,announced_on_or_before_observation_date
airline_pb_history,0753.HK,Air China,2026-04-12,1.83,akshare_baidu_valuation_history,"akshare.stock_hk_valuation_baidu(symbol=00753, indicator=市净率)",2026-08-08T20:42:28.083486+00:00,FY2025,2025-12-31,2026-03-27,6077.909681870123,announced_on_or_before_observation_date
airline_pb_history,0753.HK,Air China,2026-04-13,1.79,akshare_baidu_valuation_history,"akshare.stock_hk_valuation_baidu(symbol=00753, indicator=市净率)",2026-08-08T20:42:28.083486+00:00,FY2025,2025-12-31,2026-03-27,6077.909681870123,announced_on_or_before_observation_date
airline_pb_history,0753.HK,Air China,2026-04-14,1.81,akshare_baidu_valuation_history,"akshare.stock_hk_valuation_baidu(symbol=00753, indicator=市净率)",2026-08-08T20:42:28.083486+00:00,FY2025,2025-12-31,2026-03-27,6077.909681870123,announced_on_or_before_observation_date
airline_pb_history,0753.HK,Air China,2026-04-15,1.85,akshare_baidu_valuation_history,"akshare.stock_hk_valuation_baidu(symbol=00753, indicator=市净率)",2026-08-08T20:42:28.083486+00:00,FY2025,2025-12-31,2026-03-27,6077.909681870123,announced_on_or_before_observation_date
airline_pb_history,0753.HK,Air China,2026-04-16,1.88,akshare_baidu_valuation_history,"akshare.stock_hk_valuation_baidu(symbol=00753, indicator=市净率)",2026-08-08T20:42:28.083486+00:00,FY2025,2025-12-31,2026-03-27,6077.909681870123,announced_on_or_before_observation_date
airline_pb_history,0753.HK,Air China,2026-04-17,1.86,akshare_baidu_valuation_history,"akshare.stock_hk_valuation_baidu(symbol=00753, indicator=市净率)",2026-08-08T20:42:28.083486+00:00,FY2025,2025-12-31,2026-03-27,6077.909681870123,announced_on_or_before_observation_date
airline_pb_history,0753.HK,Air China,2026-04-18,1.86,akshare_baidu_valuation_history,"akshare.stock_hk_valuation_baidu(symbol=00753, indicator=市净率)",2026-08-08T20:42:28.083486+00:00,FY2025,2025-12-31,2026-03-27,6077.909681870123,announced_on_or_before_observation_date
airline_pb_history,0753.HK,Air China,2026-04-19,1.86,akshare_baidu_valuation_history,"akshare.stock_hk_valuation_baidu(symbol=00753, indicator=市净率)",2026-08-08T20:42:28.083486+00:00,FY2025,2025-12-31,2026-03-27,6077.909681870123,announced_on_or_before_observation_date
airline_pb_history,0753.HK,Air China,2026-04-20,1.94,akshare_baidu_valuation_history,"akshare.stock_hk_valuation_baidu(symbol=00753, indicator=市净率)",2026-08-08T20:42:28.083486+00:00,FY2025,2025-12-31,2026-03-27,6077.909681870123,announced_on_or_before_observation_date
airline_pb_history,0753.HK,Air China,2026-04-21,1.96,akshare_baidu_valuation_history,"akshare.stock_hk_valuation_baidu(symbol=00753, indicator=市净率)",2026-08-08T20:42:28.083486+00:00,FY2025,2025-12-31,2026-03-27,6077.909681870123,announced_on_or_before_observation_date
airline_pb_history,0753.HK,Air China,2026-04-22,1.92,akshare_baidu_valuation_history,"akshare.stock_hk_valuation_baidu(symbol=00753, indicator=市净率)",2026-08-08T20:42:28.083486+00:00,FY2025,2025-12-31,2026-03-27,6077.909681870123,announced_on_or_before_observation_date
airline_pb_history,0753.HK,Air China,2026-04-23,1.83,akshare_baidu_valuation_history,"akshare.stock_hk_valuation_baidu(symbol=00753, indicator=市净率)",2026-08-08T20:42:28.083486+00:00,FY2025,2025-12-31,2026-03-27,6077.909681870123,announced_on_or_before_observation_date
airline_pb_history,0753.HK,Air China,2026-04-24,1.82,akshare_baidu_valuation_history,"akshare.stock_hk_valuation_baidu(symbol=00753, indicator=市净率)",2026-08-08T20:42:28.083486+00:00,FY2025,2025-12-31,2026-03-27,6077.909681870123,announced_on_or_before_observation_date
airline_pb_history,0753.HK,Air China,2026-04-25,1.82,akshare_baidu_valuation_history,"akshare.stock_hk_valuation_baidu(symbol=00753, indicator=市净率)",2026-08-08T20:42:28.083486+00:00,FY2025,2025-12-31,2026-03-27,6077.909681870123,announced_on_or_before_observation_date
airline_pb_history,0753.HK,Air China,2026-04-26,1.82,akshare_baidu_valuation_history,"akshare.stock_hk_valuation_baidu(symbol=00753, indicator=市净率)",2026-08-08T20:42:28.083486+00:00,FY2025,2025-12-31,2026-03-27,6077.909681870123,announced_on_or_before_observation_date
airline_pb_history,0753.HK,Air China,2026-04-27,1.79,akshare_baidu_valuation_history,"akshare.stock_hk_valuation_baidu(symbol=00753, indicator=市净率)",2026-08-08T20:42:28.083486+00:00,FY2025,2025-12-31,2026-03-27,6077.909681870123,announced_on_or_before_observation_date
airline_pb_history,0753.HK,Air China,2026-04-28,1.73,akshare_baidu_valuation_history,"akshare.stock_hk_valuation_baidu(symbol=00753, indicator=市净率)",2026-08-08T20:42:28.083486+00:00,FY2025,2025-12-31,2026-03-27,6077.909681870123,announced_on_or_before_observation_date
airline_pb_history,0753.HK,Air China,2026-04-29,1.67,akshare_baidu_valuation_history,"akshare.stock_hk_valuation_baidu(symbol=00753, indicator=市净率)",2026-08-08T20:42:28.083486+00:00,FY2025,2025-12-31,2026-03-27,6077.909681870123,announced_on_or_before_observation_date
airline_pb_history,0753.HK,Air China,2026-04-30,1.64,akshare_baidu_valuation_history,"akshare.stock_hk_valuation_baidu(symbol=00753, indicator=市净率)",2026-08-08T20:42:28.083486+00:00,FY2025,2025-12-31,2026-03-27,6077.909681870123,announced_on_or_before_observation_date
airline_pb_history,0753.HK,Air China,2026-05-01,1.64,akshare_baidu_valuation_history,"akshare.stock_hk_valuation_baidu(symbol=00753, indicator=市净率)",2026-08-08T20:42:28.083486+00:00,FY2025,2025-12-31,2026-03-27,6077.909681870123,announced_on_or_before_observation_date
airline_pb_history,0753.HK,Air China,2026-05-02,1.64,akshare_baidu_valuation_history,"akshare.stock_hk_valuation_baidu(symbol=00753, indicator=市净率)",2026-08-08T20:42:28.083486+00:00,FY2025,2025-12-31,2026-03-27,6077.909681870123,announced_on_or_before_observation_date
airline_pb_history,0753.HK,Air China,2026-05-03,1.64,akshare_baidu_valuation_history,"akshare.stock_hk_valuation_baidu(symbol=00753, indicator=市净率)",2026-08-08T20:42:28.083486+00:00,FY2025,2025-12-31,2026-03-27,6077.909681870123,announced_on_or_before_observation_date
airline_pb_history,0753.HK,Air China,2026-05-04,1.74,akshare_baidu_valuation_history,"akshare.stock_hk_valuation_baidu(symbol=00753, indicator=市净率)",2026-08-08T20:42:28.083486+00:00,FY2025,2025-12-31,2026-03-27,6077.909681870123,announced_on_or_before_observation_date
airline_pb_history,0753.HK,Air China,2026-05-05,1.73,akshare_baidu_valuation_history,"akshare.stock_hk_valuation_baidu(symbol=00753, indicator=市净率)",2026-08-08T20:42:28.083486+00:00,FY2025,2025-12-31,2026-03-27,6077.909681870123,announced_on_or_before_observation_date
airline_pb_history,0753.HK,Air China,2026-05-06,1.75,akshare_baidu_valuation_history,"akshare.stock_hk_valuation_baidu(symbol=00753, indicator=市净率)",2026-08-08T20:42:28.083486+00:00,FY2025,2025-12-31,2026-03-27,6077.909681870123,announced_on_or_before_observation_date
airline_pb_history,0753.HK,Air China,2026-05-07,1.85,akshare_baidu_valuation_history,"akshare.stock_hk_valuation_baidu(symbol=00753, indicator=市净率)",2026-08-08T20:42:28.083486+00:00,FY2025,2025-12-31,2026-03-27,6077.909681870123,announced_on_or_before_observation_date
airline_pb_history,0753.HK,Air China,2026-05-08,1.86,akshare_baidu_valuation_history,"akshare.stock_hk_valuation_baidu(symbol=00753, indicator=市净率)",2026-08-08T20:42:28.083486+00:00,FY2025,2025-12-31,2026-03-27,6077.909681870123,announced_on_or_before_observation_date
airline_pb_history,0753.HK,Air China,2026-05-09,1.86,akshare_baidu_valuation_history,"akshare.stock_hk_valuation_baidu(symbol=00753, indicator=市净率)",2026-08-08T20:42:28.083486+00:00,FY2025,2025-12-31,2026-03-27,6077.909681870123,announced_on_or_before_observation_date
airline_pb_history,0753.HK,Air China,2026-05-10,1.86,akshare_baidu_valuation_history,"akshare.stock_hk_valuation_baidu(symbol=00753, indicator=市净率)",2026-08-08T20:42:28.083486+00:00,FY2025,2025-12-31,2026-03-27,6077.909681870123,announced_on_or_before_observation_date
airline_pb_history,0753.HK,Air China,2026-05-11,1.8,akshare_baidu_valuation_history,"akshare.stock_hk_valuation_baidu(symbol=00753, indicator=市净率)",2026-08-08T20:42:28.083486+00:00,FY2025,2025-12-31,2026-03-27,6077.909681870123,announced_on_or_before_observation_date
airline_pb_history,0753.HK,Air China,2026-05-12,1.78,akshare_baidu_valuation_history,"akshare.stock_hk_valuation_baidu(symbol=00753, indicator=市净率)",2026-08-08T20:42:28.083486+00:00,FY2025,2025-12-31,2026-03-27,6077.909681870123,announced_on_or_before_observation_date
airline_pb_history,0753.HK,Air China,2026-05-13,1.78,akshare_baidu_valuation_history,"akshare.stock_hk_valuation_baidu(symbol=00753, indicator=市净率)",2026-08-08T20:42:28.083486+00:00,FY2025,2025-12-31,2026-03-27,6077.909681870123,announced_on_or_before_observation_date
airline_pb_history,0753.HK,Air China,2026-05-14,1.75,akshare_baidu_valuation_history,"akshare.stock_hk_valuation_baidu(symbol=00753, indicator=市净率)",2026-08-08T20:42:28.083486+00:00,FY2025,2025-12-31,2026-03-27,6077.909681870123,announced_on_or_before_observation_date
airline_pb_history,0753.HK,Air China,2026-05-15,1.68,akshare_baidu_valuation_history,"akshare.stock_hk_valuation_baidu(symbol=00753, indicator=市净率)",2026-08-08T20:42:28.083486+00:00,FY2025,2025-12-31,2026-03-27,6077.909681870123,announced_on_or_before_observation_date
airline_pb_history,0753.HK,Air China,2026-05-16,1.68,akshare_baidu_valuation_history,"akshare.stock_hk_valuation_baidu(symbol=00753, indicator=市净率)",2026-08-08T20:42:28.083486+00:00,FY2025,2025-12-31,2026-03-27,6077.909681870123,announced_on_or_before_observation_date
airline_pb_history,0753.HK,Air China,2026-05-17,1.68,akshare_baidu_valuation_history,"akshare.stock_hk_valuation_baidu(symbol=00753, indicator=市净率)",2026-08-08T20:42:28.083486+00:00,FY2025,2025-12-31,2026-03-27,6077.909681870123,announced_on_or_before_observation_date
airline_pb_history,0753.HK,Air China,2026-05-18,1.61,akshare_baidu_valuation_history,"akshare.stock_hk_valuation_baidu(symbol=00753, indicator=市净率)",2026-08-08T20:42:28.083486+00:00,FY2025,2025-12-31,2026-03-27,6077.909681870123,announced_on_or_before_observation_date
airline_pb_history,0753.HK,Air China,2026-05-19,1.63,akshare_baidu_valuation_history,"akshare.stock_hk_valuation_baidu(symbol=00753, indicator=市净率)",2026-08-08T20:42:28.083486+00:00,FY2025,2025-12-31,2026-03-27,6077.909681870123,announced_on_or_before_observation_date
airline_pb_history,0753.HK,Air China,2026-05-20,1.6,akshare_baidu_valuation_history,"akshare.stock_hk_valuation_baidu(symbol=00753, indicator=市净率)",2026-08-08T20:42:28.083486+00:00,FY2025,2025-12-31,2026-03-27,6077.909681870123,announced_on_or_before_observation_date
airline_pb_history,0753.HK,Air China,2026-05-21,1.67,akshare_baidu_valuation_history,"akshare.stock_hk_valuation_baidu(symbol=00753, indicator=市净率)",2026-08-08T20:42:28.083486+00:00,FY2025,2025-12-31,2026-03-27,6077.909681870123,announced_on_or_before_observation_date
airline_pb_history,0753.HK,Air China,2026-05-22,1.66,akshare_baidu_valuation_history,"akshare.stock_hk_valuation_baidu(symbol=00753, indicator=市净率)",2026-08-08T20:42:28.083486+00:00,FY2025,2025-12-31,2026-03-27,6077.909681870123,announced_on_or_before_observation_date
airline_pb_history,0753.HK,Air China,2026-05-23,1.66,akshare_baidu_valuation_history,"akshare.stock_hk_valuation_baidu(symbol=00753, indicator=市净率)",2026-08-08T20:42:28.083486+00:00,FY2025,2025-12-31,2026-03-27,6077.909681870123,announced_on_or_before_observation_date
airline_pb_history,0753.HK,Air China,2026-05-24,1.66,akshare_baidu_valuation_history,"akshare.stock_hk_valuation_baidu(symbol=00753, indicator=市净率)",2026-08-08T20:42:28.083486+00:00,FY2025,2025-12-31,2026-03-27,6077.909681870123,announced_on_or_before_observation_date
airline_pb_history,0753.HK,Air China,2026-05-25,1.66,akshare_baidu_valuation_history,"akshare.stock_hk_valuation_baidu(symbol=00753, indicator=市净率)",2026-08-08T20:42:28.083486+00:00,FY2025,2025-12-31,2026-03-27,6077.909681870123,announced_on_or_before_observation_date
airline_pb_history,0753.HK,Air China,2026-05-26,1.73,akshare_baidu_valuation_history,"akshare.stock_hk_valuation_baidu(symbol=00753, indicator=市净率)",2026-08-08T20:42:28.083486+00:00,FY2025,2025-12-31,2026-03-27,6077.909681870123,announced_on_or_before_observation_date
airline_pb_history,0753.HK,Air China,2026-05-27,1.72,akshare_baidu_valuation_history,"akshare.stock_hk_valuation_baidu(symbol=00753, indicator=市净率)",2026-08-08T20:42:28.083486+00:00,FY2025,2025-12-31,2026-03-27,6077.909681870123,announced_on_or_before_observation_date
airline_pb_history,0753.HK,Air China,2026-05-28,1.67,akshare_baidu_valuation_history,"akshare.stock_hk_valuation_baidu(symbol=00753, indicator=市净率)",2026-08-08T20:42:28.083486+00:00,FY2025,2025-12-31,2026-03-27,6077.909681870123,announced_on_or_before_observation_date
airline_pb_history,0753.HK,Air China,2026-05-29,1.7,akshare_baidu_valuation_history,"akshare.stock_hk_valuation_baidu(symbol=00753, indicator=市净率)",2026-08-08T20:42:28.083486+00:00,FY2025,2025-12-31,2026-03-27,6077.909681870123,announced_on_or_before_observation_date
airline_pb_history,0753.HK,Air China,2026-05-30,1.7,akshare_baidu_valuation_history,"akshare.stock_hk_valuation_baidu(symbol=00753, indicator=市净率)",2026-08-08T20:42:28.083486+00:00,FY2025,2025-12-31,2026-03-27,6077.909681870123,announced_on_or_before_observation_date
airline_pb_history,0753.HK,Air China,2026-05-31,1.7,akshare_baidu_valuation_history,"akshare.stock_hk_valuation_baidu(symbol=00753, indicator=市净率)",2026-08-08T20:42:28.083486+00:00,FY2025,2025-12-31,2026-03-27,6077.909681870123,announced_on_or_before_observation_date
airline_pb_history,0753.HK,Air China,2026-06-01,1.68,akshare_baidu_valuation_history,"akshare.stock_hk_valuation_baidu(symbol=00753, indicator=市净率)",2026-08-08T20:42:28.083486+00:00,FY2025,2025-12-31,2026-03-27,6077.909681870123,announced_on_or_before_observation_date
airline_pb_history,0753.HK,Air China,2026-06-02,1.67,akshare_baidu_valuation_history,"akshare.stock_hk_valuation_baidu(symbol=00753, indicator=市净率)",2026-08-08T20:42:28.083486+00:00,FY2025,2025-12-31,2026-03-27,6077.909681870123,announced_on_or_before_observation_date
airline_pb_history,0753.HK,Air China,2026-06-03,1.59,akshare_baidu_valuation_history,"akshare.stock_hk_valuation_baidu(symbol=00753, indicator=市净率)",2026-08-08T20:42:28.083486+00:00,FY2025,2025-12-31,2026-03-27,6077.909681870123,announced_on_or_before_observation_date
airline_pb_history,0753.HK,Air China,2026-06-04,1.58,akshare_baidu_valuation_history,"akshare.stock_hk_valuation_baidu(symbol=00753, indicator=市净率)",2026-08-08T20:42:28.083486+00:00,FY2025,2025-12-31,2026-03-27,6077.909681870123,announced_on_or_before_observation_date
airline_pb_history,0753.HK,Air China,2026-06-05,1.56,akshare_baidu_valuation_history,"akshare.stock_hk_valuation_baidu(symbol=00753, indicator=市净率)",2026-08-08T20:42:28.083486+00:00,FY2025,2025-12-31,2026-03-27,6077.909681870123,announced_on_or_before_observation_date
airline_pb_history,0753.HK,Air China,2026-06-06,1.56,akshare_baidu_valuation_history,"akshare.stock_hk_valuation_baidu(symbol=00753, indicator=市净率)",2026-08-08T20:42:28.083486+00:00,FY2025,2025-12-31,2026-03-27,6077.909681870123,announced_on_or_before_observation_date
airline_pb_history,0753.HK,Air China,2026-06-07,1.56,akshare_baidu_valuation_history,"akshare.stock_hk_valuation_baidu(symbol=00753, indicator=市净率)",2026-08-08T20:42:28.083486+00:00,FY2025,2025-12-31,2026-03-27,6077.909681870123,announced_on_or_before_observation_date
airline_pb_history,0753.HK,Air China,2026-06-08,1.5,akshare_baidu_valuation_history,"akshare.stock_hk_valuation_baidu(symbol=00753, indicator=市净率)",2026-08-08T20:42:28.083486+00:00,FY2025,2025-12-31,2026-03-27,6077.909681870123,announced_on_or_before_observation_date
airline_pb_history,0753.HK,Air China,2026-06-09,1.78,akshare_baidu_valuation_history,"akshare.stock_hk_valuation_baidu(symbol=00753, indicator=市净率)",2026-08-08T20:42:28.083486+00:00,FY2025,2025-12-31,2026-03-27,6077.909681870123,announced_on_or_before_observation_date
airline_pb_history,0753.HK,Air China,2026-06-10,1.77,akshare_baidu_valuation_history,"akshare.stock_hk_valuation_baidu(symbol=00753, indicator=市净率)",2026-08-08T20:42:28.083486+00:00,FY2025,2025-12-31,2026-03-27,6077.909681870123,announced_on_or_before_observation_date
airline_pb_history,0753.HK,Air China,2026-06-11,1.73,akshare_baidu_valuation_history,"akshare.stock_hk_valuation_baidu(symbol=00753, indicator=市净率)",2026-08-08T20:42:28.083486+00:00,FY2025,2025-12-31,2026-03-27,6077.909681870123,announced_on_or_before_observation_date
airline_pb_history,0753.HK,Air China,2026-06-12,1.83,akshare_baidu_valuation_history,"akshare.stock_hk_valuation_baidu(symbol=00753, indicator=市净率)",2026-08-08T20:42:28.083486+00:00,FY2025,2025-12-31,2026-03-27,6077.909681870123,announced_on_or_before_observation_date
airline_pb_history,0753.HK,Air China,2026-06-13,1.83,akshare_baidu_valuation_history,"akshare.stock_hk_valuation_baidu(symbol=00753, indicator=市净率)",2026-08-08T20:42:28.083486+00:00,FY2025,2025-12-31,2026-03-27,6077.909681870123,announced_on_or_before_observation_date
airline_pb_history,0753.HK,Air China,2026-06-14,1.83,akshare_baidu_valuation_history,"akshare.stock_hk_valuation_baidu(symbol=00753, indicator=市净率)",2026-08-08T20:42:28.083486+00:00,FY2025,2025-12-31,2026-03-27,6077.909681870123,announced_on_or_before_observation_date
airline_pb_history,0753.HK,Air China,2026-06-15,2.02,akshare_baidu_valuation_history,"akshare.stock_hk_valuation_baidu(symbol=00753, indicator=市净率)",2026-08-08T20:42:28.083486+00:00,FY2025,2025-12-31,2026-03-27,6077.909681870123,announced_on_or_before_observation_date
airline_pb_history,0753.HK,Air China,2026-06-16,1.93,akshare_baidu_valuation_history,"akshare.stock_hk_valuation_baidu(symbol=00753, indicator=市净率)",2026-08-08T20:42:28.083486+00:00,FY2025,2025-12-31,2026-03-27,6077.909681870123,announced_on_or_before_observation_date
airline_pb_history,0753.HK,Air China,2026-06-17,1.93,akshare_baidu_valuation_history,"akshare.stock_hk_valuation_baidu(symbol=00753, indicator=市净率)",2026-08-08T20:42:28.083486+00:00,FY2025,2025-12-31,2026-03-27,6077.909681870123,announced_on_or_before_observation_date
airline_pb_history,0753.HK,Air China,2026-06-18,1.87,akshare_baidu_valuation_history,"akshare.stock_hk_valuation_baidu(symbol=00753, indicator=市净率)",2026-08-08T20:42:28.083486+00:00,FY2025,2025-12-31,2026-03-27,6077.909681870123,announced_on_or_before_observation_date
airline_pb_history,0753.HK,Air China,2026-06-19,1.87,akshare_baidu_valuation_history,"akshare.stock_hk_valuation_baidu(symbol=00753, indicator=市净率)",2026-08-08T20:42:28.083486+00:00,FY2025,2025-12-31,2026-03-27,6077.909681870123,announced_on_or_before_observation_date
airline_pb_history,0753.HK,Air China,2026-06-20,1.87,akshare_baidu_valuation_history,"akshare.stock_hk_valuation_baidu(symbol=00753, indicator=市净率)",2026-08-08T20:42:28.083486+00:00,FY2025,2025-12-31,2026-03-27,6077.909681870123,announced_on_or_before_observation_date
airline_pb_history,0753.HK,Air China,2026-06-21,1.87,akshare_baidu_valuation_history,"akshare.stock_hk_valuation_baidu(symbol=00753, indicator=市净率)",2026-08-08T20:42:28.083486+00:00,FY2025,2025-12-31,2026-03-27,6077.909681870123,announced_on_or_before_observation_date
airline_pb_history,0753.HK,Air China,2026-06-22,1.81,akshare_baidu_valuation_history,"akshare.stock_hk_valuation_baidu(symbol=00753, indicator=市净率)",2026-08-08T20:42:28.083486+00:00,FY2025,2025-12-31,2026-03-27,6077.909681870123,announced_on_or_before_observation_date
airline_pb_history,0753.HK,Air China,2026-06-23,1.74,akshare_baidu_valuation_history,"akshare.stock_hk_valuation_baidu(symbol=00753, indicator=市净率)",2026-08-08T20:42:28.083486+00:00,FY2025,2025-12-31,2026-03-27,6077.909681870123,announced_on_or_before_observation_date
airline_pb_history,0753.HK,Air China,2026-06-24,1.78,akshare_baidu_valuation_history,"akshare.stock_hk_valuation_baidu(symbol=00753, indicator=市净率)",2026-08-08T20:42:28.083486+00:00,FY2025,2025-12-31,2026-03-27,6077.909681870123,announced_on_or_before_observation_date
airline_pb_history,0753.HK,Air China,2026-06-25,1.88,akshare_baidu_valuation_history,"akshare.stock_hk_valuation_baidu(symbol=00753, indicator=市净率)",2026-08-08T20:42:28.083486+00:00,FY2025,2025-12-31,2026-03-27,6077.909681870123,announced_on_or_before_observation_date
airline_pb_history,0753.HK,Air China,2026-06-26,1.86,akshare_baidu_valuation_history,"akshare.stock_hk_valuation_baidu(symbol=00753, indicator=市净率)",2026-08-08T20:42:28.083486+00:00,FY2025,2025-12-31,2026-03-27,6077.909681870123,announced_on_or_before_observation_date
airline_pb_history,0753.HK,Air China,2026-06-27,1.86,akshare_baidu_valuation_history,"akshare.stock_hk_valuation_baidu(symbol=00753, indicator=市净率)",2026-08-08T20:42:28.083486+00:00,FY2025,2025-12-31,2026-03-27,6077.909681870123,announced_on_or_before_observation_date
airline_pb_history,0753.HK,Air China,2026-06-28,1.86,akshare_baidu_valuation_history,"akshare.stock_hk_valuation_baidu(symbol=00753, indicator=市净率)",2026-08-08T20:42:28.083486+00:00,FY2025,2025-12-31,2026-03-27,6077.909681870123,announced_on_or_before_observation_date
airline_pb_history,0753.HK,Air China,2026-06-29,1.82,akshare_baidu_valuation_history,"akshare.stock_hk_valuation_baidu(symbol=00753, indicator=市净率)",2026-08-08T20:42:28.083486+00:00,FY2025,2025-12-31,2026-03-27,6077.909681870123,announced_on_or_before_observation_date
airline_pb_history,0753.HK,Air China,2026-06-30,1.74,akshare_baidu_valuation_history,"akshare.stock_hk_valuation_baidu(symbol=00753, indicator=市净率)",2026-08-08T20:42:28.083486+00:00,FY2025,2025-12-31,2026-03-27,6077.909681870123,announced_on_or_before_observation_date
airline_pb_history,0753.HK,Air China,2026-07-01,1.74,akshare_baidu_valuation_history,"akshare.stock_hk_valuation_baidu(symbol=00753, indicator=市净率)",2026-08-08T20:42:28.083486+00:00,FY2025,2025-12-31,2026-03-27,6077.909681870123,announced_on_or_before_observation_date
airline_pb_history,0753.HK,Air China,2026-07-02,1.74,akshare_baidu_valuation_history,"akshare.stock_hk_valuation_baidu(symbol=00753, indicator=市净率)",2026-08-08T20:42:28.083486+00:00,FY2025,2025-12-31,2026-03-27,6077.909681870123,announced_on_or_before_observation_date
airline_pb_history,0753.HK,Air China,2026-07-03,1.75,akshare_baidu_valuation_history,"akshare.stock_hk_valuation_baidu(symbol=00753, indicator=市净率)",2026-08-08T20:42:28.083486+00:00,FY2025,2025-12-31,2026-03-27,6077.909681870123,announced_on_or_before_observation_date
airline_pb_history,0753.HK,Air China,2026-07-04,1.75,akshare_baidu_valuation_history,"akshare.stock_hk_valuation_baidu(symbol=00753, indicator=市净率)",2026-08-08T20:42:28.083486+00:00,FY2025,2025-12-31,2026-03-27,6077.909681870123,announced_on_or_before_observation_date
airline_pb_history,0753.HK,Air China,2026-07-05,1.75,akshare_baidu_valuation_history,"akshare.stock_hk_valuation_baidu(symbol=00753, indicator=市净率)",2026-08-08T20:42:28.083486+00:00,FY2025,2025-12-31,2026-03-27,6077.909681870123,announced_on_or_before_observation_date
airline_pb_history,0753.HK,Air China,2026-07-06,1.81,akshare_baidu_valuation_history,"akshare.stock_hk_valuation_baidu(symbol=00753, indicator=市净率)",2026-08-08T20:42:28.083486+00:00,FY2025,2025-12-31,2026-03-27,6077.909681870123,announced_on_or_before_observation_date
airline_pb_history,0753.HK,Air China,2026-07-07,1.77,akshare_baidu_valuation_history,"akshare.stock_hk_valuation_baidu(symbol=00753, indicator=市净率)",2026-08-08T20:42:28.083486+00:00,FY2025,2025-12-31,2026-03-27,6077.909681870123,announced_on_or_before_observation_date
airline_pb_history,0753.HK,Air China,2026-07-08,1.76,akshare_baidu_valuation_history,"akshare.stock_hk_valuation_baidu(symbol=00753, indicator=市净率)",2026-08-08T20:42:28.083486+00:00,FY2025,2025-12-31,2026-03-27,6077.909681870123,announced_on_or_before_observation_date
airline_pb_history,0753.HK,Air China,2026-07-09,1.64,akshare_baidu_valuation_history,"akshare.stock_hk_valuation_baidu(symbol=00753, indicator=市净率)",2026-08-08T20:42:28.083486+00:00,FY2025,2025-12-31,2026-03-27,6077.909681870123,announced_on_or_before_observation_date
airline_pb_history,0753.HK,Air China,2026-07-10,1.7,akshare_baidu_valuation_history,"akshare.stock_hk_valuation_baidu(symbol=00753, indicator=市净率)",2026-08-08T20:42:28.083486+00:00,FY2025,2025-12-31,2026-03-27,6077.909681870123,announced_on_or_before_observation_date
airline_pb_history,0753.HK,Air China,2026-07-11,1.7,akshare_baidu_valuation_history,"akshare.stock_hk_valuation_baidu(symbol=00753, indicator=市净率)",2026-08-08T20:42:28.083486+00:00,FY2025,2025-12-31,2026-03-27,6077.909681870123,announced_on_or_before_observation_date
airline_pb_history,0753.HK,Air China,2026-07-12,1.7,akshare_baidu_valuation_history,"akshare.stock_hk_valuation_baidu(symbol=00753, indicator=市净率)",2026-08-08T20:42:28.083486+00:00,FY2025,2025-12-31,2026-03-27,6077.909681870123,announced_on_or_before_observation_date
airline_pb_history,0753.HK,Air China,2026-07-13,1.65,akshare_baidu_valuation_history,"akshare.stock_hk_valuation_baidu(symbol=00753, indicator=市净率)",2026-08-08T20:42:28.083486+00:00,FY2025,2025-12-31,2026-03-27,6077.909681870123,announced_on_or_before_observation_date
airline_pb_history,0753.HK,Air China,2026-07-14,1.69,akshare_baidu_valuation_history,"akshare.stock_hk_valuation_baidu(symbol=00753, indicator=市净率)",2026-08-08T20:42:28.083486+00:00,FY2025,2025-12-31,2026-03-27,6077.909681870123,announced_on_or_before_observation_date
airline_pb_history,0753.HK,Air China,2026-07-15,1.67,akshare_baidu_valuation_history,"akshare.stock_hk_valuation_baidu(symbol=00753, indicator=市净率)",2026-08-08T20:42:28.083486+00:00,FY2025,2025-12-31,2026-03-27,6077.909681870123,announced_on_or_before_observation_date
airline_pb_history,0753.HK,Air China,2026-07-16,1.69,akshare_baidu_valuation_history,"akshare.stock_hk_valuation_baidu(symbol=00753, indicator=市净率)",2026-08-08T20:42:28.083486+00:00,FY2025,2025-12-31,2026-03-27,6077.909681870123,announced_on_or_before_observation_date
airline_pb_history,0753.HK,Air China,2026-07-17,1.63,akshare_baidu_valuation_history,"akshare.stock_hk_valuation_baidu(symbol=00753, indicator=市净率)",2026-08-08T20:42:28.083486+00:00,FY2025,2025-12-31,2026-03-27,6077.909681870123,announced_on_or_before_observation_date
airline_pb_history,0753.HK,Air China,2026-07-18,1.63,akshare_baidu_valuation_history,"akshare.stock_hk_valuation_baidu(symbol=00753, indicator=市净率)",2026-08-08T20:42:28.083486+00:00,FY2025,2025-12-31,2026-03-27,6077.909681870123,announced_on_or_before_observation_date
airline_pb_history,0753.HK,Air China,2026-07-19,1.63,akshare_baidu_valuation_history,"akshare.stock_hk_valuation_baidu(symbol=00753, indicator=市净率)",2026-08-08T20:42:28.083486+00:00,FY2025,2025-12-31,2026-03-27,6077.909681870123,announced_on_or_before_observation_date
airline_pb_history,0753.HK,Air China,2026-07-20,1.67,akshare_baidu_valuation_history,"akshare.stock_hk_valuation_baidu(symbol=00753, indicator=市净率)",2026-08-08T20:42:28.083486+00:00,FY2025,2025-12-31,2026-03-27,6077.909681870123,announced_on_or_before_observation_date
airline_pb_history,0753.HK,Air China,2026-07-21,1.71,akshare_baidu_valuation_history,"akshare.stock_hk_valuation_baidu(symbol=00753, indicator=市净率)",2026-08-08T20:42:28.083486+00:00,FY2025,2025-12-31,2026-03-27,6077.909681870123,announced_on_or_before_observation_date
airline_pb_history,0753.HK,Air China,2026-07-22,1.71,akshare_baidu_valuation_history,"akshare.stock_hk_valuation_baidu(symbol=00753, indicator=市净率)",2026-08-08T20:42:28.083486+00:00,FY2025,2025-12-31,2026-03-27,6077.909681870123,announced_on_or_before_observation_date
airline_pb_history,0753.HK,Air China,2026-07-23,1.71,akshare_baidu_valuation_history,"akshare.stock_hk_valuation_baidu(symbol=00753, indicator=市净率)",2026-08-08T20:42:28.083486+00:00,FY2025,2025-12-31,2026-03-27,6077.909681870123,announced_on_or_before_observation_date
airline_pb_history,0753.HK,Air China,2026-07-24,1.67,akshare_baidu_valuation_history,"akshare.stock_hk_valuation_baidu(symbol=00753, indicator=市净率)",2026-08-08T20:42:28.083486+00:00,FY2025,2025-12-31,2026-03-27,6077.909681870123,announced_on_or_before_observation_date
airline_pb_history,0753.HK,Air China,2026-07-25,1.67,akshare_baidu_valuation_history,"akshare.stock_hk_valuation_baidu(symbol=00753, indicator=市净率)",2026-08-08T20:42:28.083486+00:00,FY2025,2025-12-31,2026-03-27,6077.909681870123,announced_on_or_before_observation_date
airline_pb_history,0753.HK,Air China,2026-07-26,1.67,akshare_baidu_valuation_history,"akshare.stock_hk_valuation_baidu(symbol=00753, indicator=市净率)",2026-08-08T20:42:28.083486+00:00,FY2025,2025-12-31,2026-03-27,6077.909681870123,announced_on_or_before_observation_date
airline_pb_history,0753.HK,Air China,2026-07-27,1.77,akshare_baidu_valuation_history,"akshare.stock_hk_valuation_baidu(symbol=00753, indicator=市净率)",2026-08-08T20:42:28.083486+00:00,FY2025,2025-12-31,2026-03-27,6077.909681870123,announced_on_or_before_observation_date
airline_pb_history,0753.HK,Air China,2026-07-28,1.76,akshare_baidu_valuation_history,"akshare.stock_hk_valuation_baidu(symbol=00753, indicator=市净率)",2026-08-08T20:42:28.083486+00:00,FY2025,2025-12-31,2026-03-27,6077.909681870123,announced_on_or_before_observation_date
airline_pb_history,0753.HK,Air China,2026-07-29,1.77,akshare_baidu_valuation_history,"akshare.stock_hk_valuation_baidu(symbol=00753, indicator=市净率)",2026-08-08T20:42:28.083486+00:00,FY2025,2025-12-31,2026-03-27,6077.909681870123,announced_on_or_before_observation_date
airline_pb_history,0753.HK,Air China,2026-07-30,1.76,akshare_baidu_valuation_history,"akshare.stock_hk_valuation_baidu(symbol=00753, indicator=市净率)",2026-08-08T20:42:28.083486+00:00,FY2025,2025-12-31,2026-03-27,6077.909681870123,announced_on_or_before_observation_date
airline_pb_history,0753.HK,Air China,2026-07-31,1.76,akshare_baidu_valuation_history,"akshare.stock_hk_valuation_baidu(symbol=00753, indicator=市净率)",2026-08-08T20:42:28.083486+00:00,FY2025,2025-12-31,2026-03-27,6077.909681870123,announced_on_or_before_observation_date
airline_pb_history,0753.HK,Air China,2026-08-01,1.76,akshare_baidu_valuation_history,"akshare.stock_hk_valuation_baidu(symbol=00753, indicator=市净率)",2026-08-08T20:42:28.083486+00:00,FY2025,2025-12-31,2026-03-27,6077.909681870123,announced_on_or_before_observation_date
airline_pb_history,0753.HK,Air China,2026-08-02,1.76,akshare_baidu_valuation_history,"akshare.stock_hk_valuation_baidu(symbol=00753, indicator=市净率)",2026-08-08T20:42:28.083486+00:00,FY2025,2025-12-31,2026-03-27,6077.909681870123,announced_on_or_before_observation_date
airline_pb_history,0753.HK,Air China,2026-08-03,1.77,akshare_baidu_valuation_history,"akshare.stock_hk_valuation_baidu(symbol=00753, indicator=市净率)",2026-08-08T20:42:28.083486+00:00,FY2025,2025-12-31,2026-03-27,6077.909681870123,announced_on_or_before_observation_date
airline_pb_history,0753.HK,Air China,2026-08-04,1.77,akshare_baidu_valuation_history,"akshare.stock_hk_valuation_baidu(symbol=00753, indicator=市净率)",2026-08-08T20:42:28.083486+00:00,FY2025,2025-12-31,2026-03-27,6077.909681870123,announced_on_or_before_observation_date
airline_pb_history,0753.HK,Air China,2026-08-05,1.8,akshare_baidu_valuation_history,"akshare.stock_hk_valuation_baidu(symbol=00753, indicator=市净率)",2026-08-08T20:42:28.083486+00:00,FY2025,2025-12-31,2026-03-27,6077.909681870123,announced_on_or_before_observation_date
airline_pb_history,0753.HK,Air China,2026-08-06,1.8,akshare_baidu_valuation_history,"akshare.stock_hk_valuation_baidu(symbol=00753, indicator=市净率)",2026-08-08T20:42:28.083486+00:00,FY2025,2025-12-31,2026-03-27,6077.909681870123,announced_on_or_before_observation_date
airline_pb_history,0753.HK,Air China,2026-08-07,1.74,akshare_baidu_valuation_history,"akshare.stock_hk_valuation_baidu(symbol=00753, indicator=市净率)",2026-08-08T20:42:28.083486+00:00,FY2025,2025-12-31,2026-03-27,6077.909681870123,announced_on_or_before_observation_date
airline_pb_history,0753.HK,Air China,2026-08-08,1.74,akshare_baidu_valuation_history,"akshare.stock_hk_valuation_baidu(symbol=00753, indicator=市净率)",2026-08-08T20:42:28.083486+00:00,FY2025,2025-12-31,2026-03-27,6077.909681870123,announced_on_or_before_observation_date
airline_pb_history,600221.SH,Hainan Airlines Holdings,2025-08-09,26.24,akshare_baidu_valuation_history,"akshare.stock_zh_valuation_baidu(symbol=600221, indicator=市净率)",2026-08-08T20:42:28.083486+00:00,,,,,no_announced_equity_basis_available
airline_pb_history,600221.SH,Hainan Airlines Holdings,2025-08-10,26.24,akshare_baidu_valuation_history,"akshare.stock_zh_valuation_baidu(symbol=600221, indicator=市净率)",2026-08-08T20:42:28.083486+00:00,,,,,no_announced_equity_basis_available
airline_pb_history,600221.SH,Hainan Airlines Holdings,2025-08-11,26.41,akshare_baidu_valuation_history,"akshare.stock_zh_valuation_baidu(symbol=600221, indicator=市净率)",2026-08-08T20:42:28.083486+00:00,,,,,no_announced_equity_basis_available
airline_pb_history,600221.SH,Hainan Airlines Holdings,2025-08-12,26.24,akshare_baidu_valuation_history,"akshare.stock_zh_valuation_baidu(symbol=600221, indicator=市净率)",2026-08-08T20:42:28.083486+00:00,,,,,no_announced_equity_basis_available
airline_pb_history,600221.SH,Hainan Airlines Holdings,2025-08-13,26.24,akshare_baidu_valuation_history,"akshare.stock_zh_valuation_baidu(symbol=600221, indicator=市净率)",2026-08-08T20:42:28.083486+00:00,,,,,no_announced_equity_basis_available
airline_pb_history,600221.SH,Hainan Airlines Holdings,2025-08-14,25.55,akshare_baidu_valuation_history,"akshare.stock_zh_valuation_baidu(symbol=600221, indicator=市净率)",2026-08-08T20:42:28.083486+00:00,,,,,no_announced_equity_basis_available
airline_pb_history,600221.SH,Hainan Airlines Holdings,2025-08-15,26.07,akshare_baidu_valuation_history,"akshare.stock_zh_valuation_baidu(symbol=600221, indicator=市净率)",2026-08-08T20:42:28.083486+00:00,,,,,no_announced_equity_basis_available
airline_pb_history,600221.SH,Hainan Airlines Holdings,2025-08-16,26.07,akshare_baidu_valuation_history,"akshare.stock_zh_valuation_baidu(symbol=600221, indicator=市净率)",2026-08-08T20:42:28.083486+00:00,,,,,no_announced_equity_basis_available
airline_pb_history,600221.SH,Hainan Airlines Holdings,2025-08-17,26.07,akshare_baidu_valuation_history,"akshare.stock_zh_valuation_baidu(symbol=600221, indicator=市净率)",2026-08-08T20:42:28.083486+00:00,,,,,no_announced_equity_basis_available
airline_pb_history,600221.SH,Hainan Airlines Holdings,2025-08-18,26.41,akshare_baidu_valuation_history,"akshare.stock_zh_valuation_baidu(symbol=600221, indicator=市净率)",2026-08-08T20:42:28.083486+00:00,,,,,no_announced_equity_basis_available
airline_pb_history,600221.SH,Hainan Airlines Holdings,2025-08-19,26.41,akshare_baidu_valuation_history,"akshare.stock_zh_valuation_baidu(symbol=600221, indicator=市净率)",2026-08-08T20:42:28.083486+00:00,,,,,no_announced_equity_basis_available
airline_pb_history,600221.SH,Hainan Airlines Holdings,2025-08-20,26.41,akshare_baidu_valuation_history,"akshare.stock_zh_valuation_baidu(symbol=600221, indicator=市净率)",2026-08-08T20:42:28.083486+00:00,,,,,no_announced_equity_basis_available
airline_pb_history,600221.SH,Hainan Airlines Holdings,2025-08-21,27.1,akshare_baidu_valuation_history,"akshare.stock_zh_valuation_baidu(symbol=600221, indicator=市净率)",2026-08-08T20:42:28.083486+00:00,,,,,no_announced_equity_basis_available
airline_pb_history,600221.SH,Hainan Airlines Holdings,2025-08-22,26.93,akshare_baidu_valuation_history,"akshare.stock_zh_valuation_baidu(symbol=600221, indicator=市净率)",2026-08-08T20:42:28.083486+00:00,,,,,no_announced_equity_basis_available
airline_pb_history,600221.SH,Hainan Airlines Holdings,2025-08-23,26.93,akshare_baidu_valuation_history,"akshare.stock_zh_valuation_baidu(symbol=600221, indicator=市净率)",2026-08-08T20:42:28.083486+00:00,,,,,no_announced_equity_basis_available
airline_pb_history,600221.SH,Hainan Airlines Holdings,2025-08-24,26.93,akshare_baidu_valuation_history,"akshare.stock_zh_valuation_baidu(symbol=600221, indicator=市净率)",2026-08-08T20:42:28.083486+00:00,,,,,no_announced_equity_basis_available
airline_pb_history,600221.SH,Hainan Airlines Holdings,2025-08-25,27.45,akshare_baidu_valuation_history,"akshare.stock_zh_valuation_baidu(symbol=600221, indicator=市净率)",2026-08-08T20:42:28.083486+00:00,,,,,no_announced_equity_basis_available
airline_pb_history,600221.SH,Hainan Airlines Holdings,2025-08-26,27.79,akshare_baidu_valuation_history,"akshare.stock_zh_valuation_baidu(symbol=600221, indicator=市净率)",2026-08-08T20:42:28.083486+00:00,,,,,no_announced_equity_basis_available
airline_pb_history,600221.SH,Hainan Airlines Holdings,2025-08-27,27.1,akshare_baidu_valuation_history,"akshare.stock_zh_valuation_baidu(symbol=600221, indicator=市净率)",2026-08-08T20:42:28.083486+00:00,,,,,no_announced_equity_basis_available
airline_pb_history,600221.SH,Hainan Airlines Holdings,2025-08-28,27.27,akshare_baidu_valuation_history,"akshare.stock_zh_valuation_baidu(symbol=600221, indicator=市净率)",2026-08-08T20:42:28.083486+00:00,,,,,no_announced_equity_basis_available
airline_pb_history,600221.SH,Hainan Airlines Holdings,2025-08-29,27.45,akshare_baidu_valuation_history,"akshare.stock_zh_valuation_baidu(symbol=600221, indicator=市净率)",2026-08-08T20:42:28.083486+00:00,,,,,no_announced_equity_basis_available
airline_pb_history,600221.SH,Hainan Airlines Holdings,2025-08-30,26.81,akshare_baidu_valuation_history,"akshare.stock_zh_valuation_baidu(symbol=600221, indicator=市净率)",2026-08-08T20:42:28.083486+00:00,1H2025,2025-06-30,2025-08-30,357.67187281171846,announced_on_or_before_observation_date
airline_pb_history,600221.SH,Hainan Airlines Holdings,2025-08-31,26.81,akshare_baidu_valuation_history,"akshare.stock_zh_valuation_baidu(symbol=600221, indicator=市净率)",2026-08-08T20:42:28.083486+00:00,1H2025,2025-06-30,2025-08-30,357.67187281171846,announced_on_or_before_observation_date
airline_pb_history,600221.SH,Hainan Airlines Holdings,2025-09-01,26.81,akshare_baidu_valuation_history,"akshare.stock_zh_valuation_baidu(symbol=600221, indicator=市净率)",2026-08-08T20:42:28.083486+00:00,1H2025,2025-06-30,2025-08-30,357.67187281171846,announced_on_or_before_observation_date
airline_pb_history,600221.SH,Hainan Airlines Holdings,2025-09-02,26.65,akshare_baidu_valuation_history,"akshare.stock_zh_valuation_baidu(symbol=600221, indicator=市净率)",2026-08-08T20:42:28.083486+00:00,1H2025,2025-06-30,2025-08-30,357.67187281171846,announced_on_or_before_observation_date
airline_pb_history,600221.SH,Hainan Airlines Holdings,2025-09-03,25.8,akshare_baidu_valuation_history,"akshare.stock_zh_valuation_baidu(symbol=600221, indicator=市净率)",2026-08-08T20:42:28.083486+00:00,1H2025,2025-06-30,2025-08-30,357.67187281171846,announced_on_or_before_observation_date
airline_pb_history,600221.SH,Hainan Airlines Holdings,2025-09-04,25.46,akshare_baidu_valuation_history,"akshare.stock_zh_valuation_baidu(symbol=600221, indicator=市净率)",2026-08-08T20:42:28.083486+00:00,1H2025,2025-06-30,2025-08-30,357.67187281171846,announced_on_or_before_observation_date
airline_pb_history,600221.SH,Hainan Airlines Holdings,2025-09-05,26.14,akshare_baidu_valuation_history,"akshare.stock_zh_valuation_baidu(symbol=600221, indicator=市净率)",2026-08-08T20:42:28.083486+00:00,1H2025,2025-06-30,2025-08-30,357.67187281171846,announced_on_or_before_observation_date
airline_pb_history,600221.SH,Hainan Airlines Holdings,2025-09-06,26.14,akshare_baidu_valuation_history,"akshare.stock_zh_valuation_baidu(symbol=600221, indicator=市净率)",2026-08-08T20:42:28.083486+00:00,1H2025,2025-06-30,2025-08-30,357.67187281171846,announced_on_or_before_observation_date
airline_pb_history,600221.SH,Hainan Airlines Holdings,2025-09-07,26.14,akshare_baidu_valuation_history,"akshare.stock_zh_valuation_baidu(symbol=600221, indicator=市净率)",2026-08-08T20:42:28.083486+00:00,1H2025,2025-06-30,2025-08-30,357.67187281171846,announced_on_or_before_observation_date
airline_pb_history,600221.SH,Hainan Airlines Holdings,2025-09-08,26.81,akshare_baidu_valuation_history,"akshare.stock_zh_valuation_baidu(symbol=600221, indicator=市净率)",2026-08-08T20:42:28.083486+00:00,1H2025,2025-06-30,2025-08-30,357.67187281171846,announced_on_or_before_observation_date
airline_pb_history,600221.SH,Hainan Airlines Holdings,2025-09-09,26.65,akshare_baidu_valuation_history,"akshare.stock_zh_valuation_baidu(symbol=600221, indicator=市净率)",2026-08-08T20:42:28.083486+00:00,1H2025,2025-06-30,2025-08-30,357.67187281171846,announced_on_or_before_observation_date
airline_pb_history,600221.SH,Hainan Airlines Holdings,2025-09-10,26.65,akshare_baidu_valuation_history,"akshare.stock_zh_valuation_baidu(symbol=600221, indicator=市净率)",2026-08-08T20:42:28.083486+00:00,1H2025,2025-06-30,2025-08-30,357.67187281171846,announced_on_or_before_observation_date
airline_pb_history,600221.SH,Hainan Airlines Holdings,2025-09-11,26.65,akshare_baidu_valuation_history,"akshare.stock_zh_valuation_baidu(symbol=600221, indicator=市净率)",2026-08-08T20:42:28.083486+00:00,1H2025,2025-06-30,2025-08-30,357.67187281171846,announced_on_or_before_observation_date
airline_pb_history,600221.SH,Hainan Airlines Holdings,2025-09-12,27.15,akshare_baidu_valuation_history,"akshare.stock_zh_valuation_baidu(symbol=600221, indicator=市净率)",2026-08-08T20:42:28.083486+00:00,1H2025,2025-06-30,2025-08-30,357.67187281171846,announced_on_or_before_observation_date
airline_pb_history,600221.SH,Hainan Airlines Holdings,2025-09-13,27.15,akshare_baidu_valuation_history,"akshare.stock_zh_valuation_baidu(symbol=600221, indicator=市净率)",2026-08-08T20:42:28.083486+00:00,1H2025,2025-06-30,2025-08-30,357.67187281171846,announced_on_or_before_observation_date
airline_pb_history,600221.SH,Hainan Airlines Holdings,2025-09-14,27.15,akshare_baidu_valuation_history,"akshare.stock_zh_valuation_baidu(symbol=600221, indicator=市净率)",2026-08-08T20:42:28.083486+00:00,1H2025,2025-06-30,2025-08-30,357.67187281171846,announced_on_or_before_observation_date
airline_pb_history,600221.SH,Hainan Airlines Holdings,2025-09-15,27.32,akshare_baidu_valuation_history,"akshare.stock_zh_valuation_baidu(symbol=600221, indicator=市净率)",2026-08-08T20:42:28.083486+00:00,1H2025,2025-06-30,2025-08-30,357.67187281171846,announced_on_or_before_observation_date
airline_pb_history,600221.SH,Hainan Airlines Holdings,2025-09-16,28.5,akshare_baidu_valuation_history,"akshare.stock_zh_valuation_baidu(symbol=600221, indicator=市净率)",2026-08-08T20:42:28.083486+00:00,1H2025,2025-06-30,2025-08-30,357.67187281171846,announced_on_or_before_observation_date
airline_pb_history,600221.SH,Hainan Airlines Holdings,2025-09-17,28.84,akshare_baidu_valuation_history,"akshare.stock_zh_valuation_baidu(symbol=600221, indicator=市净率)",2026-08-08T20:42:28.083486+00:00,1H2025,2025-06-30,2025-08-30,357.67187281171846,announced_on_or_before_observation_date
airline_pb_history,600221.SH,Hainan Airlines Holdings,2025-09-18,29.17,akshare_baidu_valuation_history,"akshare.stock_zh_valuation_baidu(symbol=600221, indicator=市净率)",2026-08-08T20:42:28.083486+00:00,1H2025,2025-06-30,2025-08-30,357.67187281171846,announced_on_or_before_observation_date
airline_pb_history,600221.SH,Hainan Airlines Holdings,2025-09-19,27.99,akshare_baidu_valuation_history,"akshare.stock_zh_valuation_baidu(symbol=600221, indicator=市净率)",2026-08-08T20:42:28.083486+00:00,1H2025,2025-06-30,2025-08-30,357.67187281171846,announced_on_or_before_observation_date
airline_pb_history,600221.SH,Hainan Airlines Holdings,2025-09-20,27.99,akshare_baidu_valuation_history,"akshare.stock_zh_valuation_baidu(symbol=600221, indicator=市净率)",2026-08-08T20:42:28.083486+00:00,1H2025,2025-06-30,2025-08-30,357.67187281171846,announced_on_or_before_observation_date
airline_pb_history,600221.SH,Hainan Airlines Holdings,2025-09-21,27.99,akshare_baidu_valuation_history,"akshare.stock_zh_valuation_baidu(symbol=600221, indicator=市净率)",2026-08-08T20:42:28.083486+00:00,1H2025,2025-06-30,2025-08-30,357.67187281171846,announced_on_or_before_observation_date
airline_pb_history,600221.SH,Hainan Airlines Holdings,2025-09-22,27.66,akshare_baidu_valuation_history,"akshare.stock_zh_valuation_baidu(symbol=600221, indicator=市净率)",2026-08-08T20:42:28.083486+00:00,1H2025,2025-06-30,2025-08-30,357.67187281171846,announced_on_or_before_observation_date
airline_pb_history,600221.SH,Hainan Airlines Holdings,2025-09-23,26.98,akshare_baidu_valuation_history,"akshare.stock_zh_valuation_baidu(symbol=600221, indicator=市净率)",2026-08-08T20:42:28.083486+00:00,1H2025,2025-06-30,2025-08-30,357.67187281171846,announced_on_or_before_observation_date
airline_pb_history,600221.SH,Hainan Airlines Holdings,2025-09-24,26.98,akshare_baidu_valuation_history,"akshare.stock_zh_valuation_baidu(symbol=600221, indicator=市净率)",2026-08-08T20:42:28.083486+00:00,1H2025,2025-06-30,2025-08-30,357.67187281171846,announced_on_or_before_observation_date
airline_pb_history,600221.SH,Hainan Airlines Holdings,2025-09-25,26.65,akshare_baidu_valuation_history,"akshare.stock_zh_valuation_baidu(symbol=600221, indicator=市净率)",2026-08-08T20:42:28.083486+00:00,1H2025,2025-06-30,2025-08-30,357.67187281171846,announced_on_or_before_observation_date
airline_pb_history,600221.SH,Hainan Airlines Holdings,2025-09-26,26.81,akshare_baidu_valuation_history,"akshare.stock_zh_valuation_baidu(symbol=600221, indicator=市净率)",2026-08-08T20:42:28.083486+00:00,1H2025,2025-06-30,2025-08-30,357.67187281171846,announced_on_or_before_observation_date
airline_pb_history,600221.SH,Hainan Airlines Holdings,2025-09-27,26.81,akshare_baidu_valuation_history,"akshare.stock_zh_valuation_baidu(symbol=600221, indicator=市净率)",2026-08-08T20:42:28.083486+00:00,1H2025,2025-06-30,2025-08-30,357.67187281171846,announced_on_or_before_observation_date
airline_pb_history,600221.SH,Hainan Airlines Holdings,2025-09-28,26.81,akshare_baidu_valuation_history,"akshare.stock_zh_valuation_baidu(symbol=600221, indicator=市净率)",2026-08-08T20:42:28.083486+00:00,1H2025,2025-06-30,2025-08-30,357.67187281171846,announced_on_or_before_observation_date
airline_pb_history,600221.SH,Hainan Airlines Holdings,2025-09-29,26.98,akshare_baidu_valuation_history,"akshare.stock_zh_valuation_baidu(symbol=600221, indicator=市净率)",2026-08-08T20:42:28.083486+00:00,1H2025,2025-06-30,2025-08-30,357.67187281171846,announced_on_or_before_observation_date
airline_pb_history,600221.SH,Hainan Airlines Holdings,2025-09-30,27.32,akshare_baidu_valuation_history,"akshare.stock_zh_valuation_baidu(symbol=600221, indicator=市净率)",2026-08-08T20:42:28.083486+00:00,1H2025,2025-06-30,2025-08-30,357.67187281171846,announced_on_or_before_observation_date
airline_pb_history,600221.SH,Hainan Airlines Holdings,2025-10-01,27.32,akshare_baidu_valuation_history,"akshare.stock_zh_valuation_baidu(symbol=600221, indicator=市净率)",2026-08-08T20:42:28.083486+00:00,1H2025,2025-06-30,2025-08-30,357.67187281171846,announced_on_or_before_observation_date
airline_pb_history,600221.SH,Hainan Airlines Holdings,2025-10-02,27.32,akshare_baidu_valuation_history,"akshare.stock_zh_valuation_baidu(symbol=600221, indicator=市净率)",2026-08-08T20:42:28.083486+00:00,1H2025,2025-06-30,2025-08-30,357.67187281171846,announced_on_or_before_observation_date
airline_pb_history,600221.SH,Hainan Airlines Holdings,2025-10-03,27.32,akshare_baidu_valuation_history,"akshare.stock_zh_valuation_baidu(symbol=600221, indicator=市净率)",2026-08-08T20:42:28.083486+00:00,1H2025,2025-06-30,2025-08-30,357.67187281171846,announced_on_or_before_observation_date
airline_pb_history,600221.SH,Hainan Airlines Holdings,2025-10-04,27.32,akshare_baidu_valuation_history,"akshare.stock_zh_valuation_baidu(symbol=600221, indicator=市净率)",2026-08-08T20:42:28.083486+00:00,1H2025,2025-06-30,2025-08-30,357.67187281171846,announced_on_or_before_observation_date
airline_pb_history,600221.SH,Hainan Airlines Holdings,2025-10-05,27.32,akshare_baidu_valuation_history,"akshare.stock_zh_valuation_baidu(symbol=600221, indicator=市净率)",2026-08-08T20:42:28.083486+00:00,1H2025,2025-06-30,2025-08-30,357.67187281171846,announced_on_or_before_observation_date
airline_pb_history,600221.SH,Hainan Airlines Holdings,2025-10-06,27.32,akshare_baidu_valuation_history,"akshare.stock_zh_valuation_baidu(symbol=600221, indicator=市净率)",2026-08-08T20:42:28.083486+00:00,1H2025,2025-06-30,2025-08-30,357.67187281171846,announced_on_or_before_observation_date
airline_pb_history,600221.SH,Hainan Airlines Holdings,2025-10-07,27.32,akshare_baidu_valuation_history,"akshare.stock_zh_valuation_baidu(symbol=600221, indicator=市净率)",2026-08-08T20:42:28.083486+00:00,1H2025,2025-06-30,2025-08-30,357.67187281171846,announced_on_or_before_observation_date
airline_pb_history,600221.SH,Hainan Airlines Holdings,2025-10-08,27.32,akshare_baidu_valuation_history,"akshare.stock_zh_valuation_baidu(symbol=600221, indicator=市净率)",2026-08-08T20:42:28.083486+00:00,1H2025,2025-06-30,2025-08-30,357.67187281171846,announced_on_or_before_observation_date
airline_pb_history,600221.SH,Hainan Airlines Holdings,2025-10-09,27.66,akshare_baidu_valuation_history,"akshare.stock_zh_valuation_baidu(symbol=600221, indicator=市净率)",2026-08-08T20:42:28.083486+00:00,1H2025,2025-06-30,2025-08-30,357.67187281171846,announced_on_or_before_observation_date
airline_pb_history,600221.SH,Hainan Airlines Holdings,2025-10-10,27.66,akshare_baidu_valuation_history,"akshare.stock_zh_valuation_baidu(symbol=600221, indicator=市净率)",2026-08-08T20:42:28.083486+00:00,1H2025,2025-06-30,2025-08-30,357.67187281171846,announced_on_or_before_observation_date
airline_pb_history,600221.SH,Hainan Airlines Holdings,2025-10-11,27.66,akshare_baidu_valuation_history,"akshare.stock_zh_valuation_baidu(symbol=600221, indicator=市净率)",2026-08-08T20:42:28.083486+00:00,1H2025,2025-06-30,2025-08-30,357.67187281171846,announced_on_or_before_observation_date
airline_pb_history,600221.SH,Hainan Airlines Holdings,2025-10-12,27.66,akshare_baidu_valuation_history,"akshare.stock_zh_valuation_baidu(symbol=600221, indicator=市净率)",2026-08-08T20:42:28.083486+00:00,1H2025,2025-06-30,2025-08-30,357.67187281171846,announced_on_or_before_observation_date
airline_pb_history,600221.SH,Hainan Airlines Holdings,2025-10-13,27.32,akshare_baidu_valuation_history,"akshare.stock_zh_valuation_baidu(symbol=600221, indicator=市净率)",2026-08-08T20:42:28.083486+00:00,1H2025,2025-06-30,2025-08-30,357.67187281171846,announced_on_or_before_observation_date
airline_pb_history,600221.SH,Hainan Airlines Holdings,2025-10-14,27.49,akshare_baidu_valuation_history,"akshare.stock_zh_valuation_baidu(symbol=600221, indicator=市净率)",2026-08-08T20:42:28.083486+00:00,1H2025,2025-06-30,2025-08-30,357.67187281171846,announced_on_or_before_observation_date
airline_pb_history,600221.SH,Hainan Airlines Holdings,2025-10-15,28.16,akshare_baidu_valuation_history,"akshare.stock_zh_valuation_baidu(symbol=600221, indicator=市净率)",2026-08-08T20:42:28.083486+00:00,1H2025,2025-06-30,2025-08-30,357.67187281171846,announced_on_or_before_observation_date
airline_pb_history,600221.SH,Hainan Airlines Holdings,2025-10-16,28.67,akshare_baidu_valuation_history,"akshare.stock_zh_valuation_baidu(symbol=600221, indicator=市净率)",2026-08-08T20:42:28.083486+00:00,1H2025,2025-06-30,2025-08-30,357.67187281171846,announced_on_or_before_observation_date
airline_pb_history,600221.SH,Hainan Airlines Holdings,2025-10-17,28.33,akshare_baidu_valuation_history,"akshare.stock_zh_valuation_baidu(symbol=600221, indicator=市净率)",2026-08-08T20:42:28.083486+00:00,1H2025,2025-06-30,2025-08-30,357.67187281171846,announced_on_or_before_observation_date
airline_pb_history,600221.SH,Hainan Airlines Holdings,2025-10-18,28.33,akshare_baidu_valuation_history,"akshare.stock_zh_valuation_baidu(symbol=600221, indicator=市净率)",2026-08-08T20:42:28.083486+00:00,1H2025,2025-06-30,2025-08-30,357.67187281171846,announced_on_or_before_observation_date
airline_pb_history,600221.SH,Hainan Airlines Holdings,2025-10-19,28.33,akshare_baidu_valuation_history,"akshare.stock_zh_valuation_baidu(symbol=600221, indicator=市净率)",2026-08-08T20:42:28.083486+00:00,1H2025,2025-06-30,2025-08-30,357.67187281171846,announced_on_or_before_observation_date
airline_pb_history,600221.SH,Hainan Airlines Holdings,2025-10-20,29.34,akshare_baidu_valuation_history,"akshare.stock_zh_valuation_baidu(symbol=600221, indicator=市净率)",2026-08-08T20:42:28.083486+00:00,1H2025,2025-06-30,2025-08-30,357.67187281171846,announced_on_or_before_observation_date
airline_pb_history,600221.SH,Hainan Airlines Holdings,2025-10-21,29.34,akshare_baidu_valuation_history,"akshare.stock_zh_valuation_baidu(symbol=600221, indicator=市净率)",2026-08-08T20:42:28.083486+00:00,1H2025,2025-06-30,2025-08-30,357.67187281171846,announced_on_or_before_observation_date
airline_pb_history,600221.SH,Hainan Airlines Holdings,2025-10-22,29.01,akshare_baidu_valuation_history,"akshare.stock_zh_valuation_baidu(symbol=600221, indicator=市净率)",2026-08-08T20:42:28.083486+00:00,1H2025,2025-06-30,2025-08-30,357.67187281171846,announced_on_or_before_observation_date
airline_pb_history,600221.SH,Hainan Airlines Holdings,2025-10-23,28.67,akshare_baidu_valuation_history,"akshare.stock_zh_valuation_baidu(symbol=600221, indicator=市净率)",2026-08-08T20:42:28.083486+00:00,1H2025,2025-06-30,2025-08-30,357.67187281171846,announced_on_or_before_observation_date
airline_pb_history,600221.SH,Hainan Airlines Holdings,2025-10-24,28.33,akshare_baidu_valuation_history,"akshare.stock_zh_valuation_baidu(symbol=600221, indicator=市净率)",2026-08-08T20:42:28.083486+00:00,1H2025,2025-06-30,2025-08-30,357.67187281171846,announced_on_or_before_observation_date
airline_pb_history,600221.SH,Hainan Airlines Holdings,2025-10-25,28.33,akshare_baidu_valuation_history,"akshare.stock_zh_valuation_baidu(symbol=600221, indicator=市净率)",2026-08-08T20:42:28.083486+00:00,1H2025,2025-06-30,2025-08-30,357.67187281171846,announced_on_or_before_observation_date
airline_pb_history,600221.SH,Hainan Airlines Holdings,2025-10-26,28.33,akshare_baidu_valuation_history,"akshare.stock_zh_valuation_baidu(symbol=600221, indicator=市净率)",2026-08-08T20:42:28.083486+00:00,1H2025,2025-06-30,2025-08-30,357.67187281171846,announced_on_or_before_observation_date
airline_pb_history,600221.SH,Hainan Airlines Holdings,2025-10-27,28.33,akshare_baidu_valuation_history,"akshare.stock_zh_valuation_baidu(symbol=600221, indicator=市净率)",2026-08-08T20:42:28.083486+00:00,1H2025,2025-06-30,2025-08-30,357.67187281171846,announced_on_or_before_observation_date
airline_pb_history,600221.SH,Hainan Airlines Holdings,2025-10-28,28.5,akshare_baidu_valuation_history,"akshare.stock_zh_valuation_baidu(symbol=600221, indicator=市净率)",2026-08-08T20:42:28.083486+00:00,1H2025,2025-06-30,2025-08-30,357.67187281171846,announced_on_or_before_observation_date
airline_pb_history,600221.SH,Hainan Airlines Holdings,2025-10-29,29.51,akshare_baidu_valuation_history,"akshare.stock_zh_valuation_baidu(symbol=600221, indicator=市净率)",2026-08-08T20:42:28.083486+00:00,1H2025,2025-06-30,2025-08-30,357.67187281171846,announced_on_or_before_observation_date
airline_pb_history,600221.SH,Hainan Airlines Holdings,2025-10-30,29.34,akshare_baidu_valuation_history,"akshare.stock_zh_valuation_baidu(symbol=600221, indicator=市净率)",2026-08-08T20:42:28.083486+00:00,1H2025,2025-06-30,2025-08-30,357.67187281171846,announced_on_or_before_observation_date
airline_pb_history,600221.SH,Hainan Airlines Holdings,2025-10-31,14.21,akshare_baidu_valuation_history,"akshare.stock_zh_valuation_baidu(symbol=600221, indicator=市净率)",2026-08-08T20:42:28.083486+00:00,1H2025,2025-06-30,2025-08-30,357.67187281171846,announced_on_or_before_observation_date
airline_pb_history,600221.SH,Hainan Airlines Holdings,2025-11-01,14.21,akshare_baidu_valuation_history,"akshare.stock_zh_valuation_baidu(symbol=600221, indicator=市净率)",2026-08-08T20:42:28.083486+00:00,1H2025,2025-06-30,2025-08-30,357.67187281171846,announced_on_or_before_observation_date
airline_pb_history,600221.SH,Hainan Airlines Holdings,2025-11-02,14.21,akshare_baidu_valuation_history,"akshare.stock_zh_valuation_baidu(symbol=600221, indicator=市净率)",2026-08-08T20:42:28.083486+00:00,1H2025,2025-06-30,2025-08-30,357.67187281171846,announced_on_or_before_observation_date
airline_pb_history,600221.SH,Hainan Airlines Holdings,2025-11-03,14.69,akshare_baidu_valuation_history,"akshare.stock_zh_valuation_baidu(symbol=600221, indicator=市净率)",2026-08-08T20:42:28.083486+00:00,1H2025,2025-06-30,2025-08-30,357.67187281171846,announced_on_or_before_observation_date
airline_pb_history,600221.SH,Hainan Airlines Holdings,2025-11-04,14.53,akshare_baidu_valuation_history,"akshare.stock_zh_valuation_baidu(symbol=600221, indicator=市净率)",2026-08-08T20:42:28.083486+00:00,1H2025,2025-06-30,2025-08-30,357.67187281171846,announced_on_or_before_observation_date
airline_pb_history,600221.SH,Hainan Airlines Holdings,2025-11-05,15.02,akshare_baidu_valuation_history,"akshare.stock_zh_valuation_baidu(symbol=600221, indicator=市净率)",2026-08-08T20:42:28.083486+00:00,1H2025,2025-06-30,2025-08-30,357.67187281171846,announced_on_or_before_observation_date
airline_pb_history,600221.SH,Hainan Airlines Holdings,2025-11-06,14.45,akshare_baidu_valuation_history,"akshare.stock_zh_valuation_baidu(symbol=600221, indicator=市净率)",2026-08-08T20:42:28.083486+00:00,1H2025,2025-06-30,2025-08-30,357.67187281171846,announced_on_or_before_observation_date
airline_pb_history,600221.SH,Hainan Airlines Holdings,2025-11-07,14.69,akshare_baidu_valuation_history,"akshare.stock_zh_valuation_baidu(symbol=600221, indicator=市净率)",2026-08-08T20:42:28.083486+00:00,1H2025,2025-06-30,2025-08-30,357.67187281171846,announced_on_or_before_observation_date
airline_pb_history,600221.SH,Hainan Airlines Holdings,2025-11-08,14.69,akshare_baidu_valuation_history,"akshare.stock_zh_valuation_baidu(symbol=600221, indicator=市净率)",2026-08-08T20:42:28.083486+00:00,1H2025,2025-06-30,2025-08-30,357.67187281171846,announced_on_or_before_observation_date
airline_pb_history,600221.SH,Hainan Airlines Holdings,2025-11-09,14.69,akshare_baidu_valuation_history,"akshare.stock_zh_valuation_baidu(symbol=600221, indicator=市净率)",2026-08-08T20:42:28.083486+00:00,1H2025,2025-06-30,2025-08-30,357.67187281171846,announced_on_or_before_observation_date
airline_pb_history,600221.SH,Hainan Airlines Holdings,2025-11-10,14.77,akshare_baidu_valuation_history,"akshare.stock_zh_valuation_baidu(symbol=600221, indicator=市净率)",2026-08-08T20:42:28.083486+00:00,1H2025,2025-06-30,2025-08-30,357.67187281171846,announced_on_or_before_observation_date
airline_pb_history,600221.SH,Hainan Airlines Holdings,2025-11-11,14.69,akshare_baidu_valuation_history,"akshare.stock_zh_valuation_baidu(symbol=600221, indicator=市净率)",2026-08-08T20:42:28.083486+00:00,1H2025,2025-06-30,2025-08-30,357.67187281171846,announced_on_or_before_observation_date
airline_pb_history,600221.SH,Hainan Airlines Holdings,2025-11-12,14.86,akshare_baidu_valuation_history,"akshare.stock_zh_valuation_baidu(symbol=600221, indicator=市净率)",2026-08-08T20:42:28.083486+00:00,1H2025,2025-06-30,2025-08-30,357.67187281171846,announced_on_or_before_observation_date
airline_pb_history,600221.SH,Hainan Airlines Holdings,2025-11-13,15.02,akshare_baidu_valuation_history,"akshare.stock_zh_valuation_baidu(symbol=600221, indicator=市净率)",2026-08-08T20:42:28.083486+00:00,1H2025,2025-06-30,2025-08-30,357.67187281171846,announced_on_or_before_observation_date
airline_pb_history,600221.SH,Hainan Airlines Holdings,2025-11-14,15.26,akshare_baidu_valuation_history,"akshare.stock_zh_valuation_baidu(symbol=600221, indicator=市净率)",2026-08-08T20:42:28.083486+00:00,1H2025,2025-06-30,2025-08-30,357.67187281171846,announced_on_or_before_observation_date
airline_pb_history,600221.SH,Hainan Airlines Holdings,2025-11-15,15.26,akshare_baidu_valuation_history,"akshare.stock_zh_valuation_baidu(symbol=600221, indicator=市净率)",2026-08-08T20:42:28.083486+00:00,1H2025,2025-06-30,2025-08-30,357.67187281171846,announced_on_or_before_observation_date
airline_pb_history,600221.SH,Hainan Airlines Holdings,2025-11-16,15.26,akshare_baidu_valuation_history,"akshare.stock_zh_valuation_baidu(symbol=600221, indicator=市净率)",2026-08-08T20:42:28.083486+00:00,1H2025,2025-06-30,2025-08-30,357.67187281171846,announced_on_or_before_observation_date
airline_pb_history,600221.SH,Hainan Airlines Holdings,2025-11-17,15.02,akshare_baidu_valuation_history,"akshare.stock_zh_valuation_baidu(symbol=600221, indicator=市净率)",2026-08-08T20:42:28.083486+00:00,1H2025,2025-06-30,2025-08-30,357.67187281171846,announced_on_or_before_observation_date
airline_pb_history,600221.SH,Hainan Airlines Holdings,2025-11-18,14.53,akshare_baidu_valuation_history,"akshare.stock_zh_valuation_baidu(symbol=600221, indicator=市净率)",2026-08-08T20:42:28.083486+00:00,1H2025,2025-06-30,2025-08-30,357.67187281171846,announced_on_or_before_observation_date
airline_pb_history,600221.SH,Hainan Airlines Holdings,2025-11-19,14.13,akshare_baidu_valuation_history,"akshare.stock_zh_valuation_baidu(symbol=600221, indicator=市净率)",2026-08-08T20:42:28.083486+00:00,1H2025,2025-06-30,2025-08-30,357.67187281171846,announced_on_or_before_observation_date
airline_pb_history,600221.SH,Hainan Airlines Holdings,2025-11-20,14.21,akshare_baidu_valuation_history,"akshare.stock_zh_valuation_baidu(symbol=600221, indicator=市净率)",2026-08-08T20:42:28.083486+00:00,1H2025,2025-06-30,2025-08-30,357.67187281171846,announced_on_or_before_observation_date
airline_pb_history,600221.SH,Hainan Airlines Holdings,2025-11-21,13.57,akshare_baidu_valuation_history,"akshare.stock_zh_valuation_baidu(symbol=600221, indicator=市净率)",2026-08-08T20:42:28.083486+00:00,1H2025,2025-06-30,2025-08-30,357.67187281171846,announced_on_or_before_observation_date
airline_pb_history,600221.SH,Hainan Airlines Holdings,2025-11-22,13.57,akshare_baidu_valuation_history,"akshare.stock_zh_valuation_baidu(symbol=600221, indicator=市净率)",2026-08-08T20:42:28.083486+00:00,1H2025,2025-06-30,2025-08-30,357.67187281171846,announced_on_or_before_observation_date
airline_pb_history,600221.SH,Hainan Airlines Holdings,2025-11-23,13.57,akshare_baidu_valuation_history,"akshare.stock_zh_valuation_baidu(symbol=600221, indicator=市净率)",2026-08-08T20:42:28.083486+00:00,1H2025,2025-06-30,2025-08-30,357.67187281171846,announced_on_or_before_observation_date
airline_pb_history,600221.SH,Hainan Airlines Holdings,2025-11-24,13.41,akshare_baidu_valuation_history,"akshare.stock_zh_valuation_baidu(symbol=600221, indicator=市净率)",2026-08-08T20:42:28.083486+00:00,1H2025,2025-06-30,2025-08-30,357.67187281171846,announced_on_or_before_observation_date
airline_pb_history,600221.SH,Hainan Airlines Holdings,2025-11-25,13.57,akshare_baidu_valuation_history,"akshare.stock_zh_valuation_baidu(symbol=600221, indicator=市净率)",2026-08-08T20:42:28.083486+00:00,1H2025,2025-06-30,2025-08-30,357.67187281171846,announced_on_or_before_observation_date
airline_pb_history,600221.SH,Hainan Airlines Holdings,2025-11-26,13.73,akshare_baidu_valuation_history,"akshare.stock_zh_valuation_baidu(symbol=600221, indicator=市净率)",2026-08-08T20:42:28.083486+00:00,1H2025,2025-06-30,2025-08-30,357.67187281171846,announced_on_or_before_observation_date
airline_pb_history,600221.SH,Hainan Airlines Holdings,2025-11-27,13.57,akshare_baidu_valuation_history,"akshare.stock_zh_valuation_baidu(symbol=600221, indicator=市净率)",2026-08-08T20:42:28.083486+00:00,1H2025,2025-06-30,2025-08-30,357.67187281171846,announced_on_or_before_observation_date
airline_pb_history,600221.SH,Hainan Airlines Holdings,2025-11-28,13.89,akshare_baidu_valuation_history,"akshare.stock_zh_valuation_baidu(symbol=600221, indicator=市净率)",2026-08-08T20:42:28.083486+00:00,1H2025,2025-06-30,2025-08-30,357.67187281171846,announced_on_or_before_observation_date
airline_pb_history,600221.SH,Hainan Airlines Holdings,2025-11-29,13.89,akshare_baidu_valuation_history,"akshare.stock_zh_valuation_baidu(symbol=600221, indicator=市净率)",2026-08-08T20:42:28.083486+00:00,1H2025,2025-06-30,2025-08-30,357.67187281171846,announced_on_or_before_observation_date
airline_pb_history,600221.SH,Hainan Airlines Holdings,2025-11-30,13.89,akshare_baidu_valuation_history,"akshare.stock_zh_valuation_baidu(symbol=600221, indicator=市净率)",2026-08-08T20:42:28.083486+00:00,1H2025,2025-06-30,2025-08-30,357.67187281171846,announced_on_or_before_observation_date
airline_pb_history,600221.SH,Hainan Airlines Holdings,2025-12-01,14.13,akshare_baidu_valuation_history,"akshare.stock_zh_valuation_baidu(symbol=600221, indicator=市净率)",2026-08-08T20:42:28.083486+00:00,1H2025,2025-06-30,2025-08-30,357.67187281171846,announced_on_or_before_observation_date
airline_pb_history,600221.SH,Hainan Airlines Holdings,2025-12-02,14.13,akshare_baidu_valuation_history,"akshare.stock_zh_valuation_baidu(symbol=600221, indicator=市净率)",2026-08-08T20:42:28.083486+00:00,1H2025,2025-06-30,2025-08-30,357.67187281171846,announced_on_or_before_observation_date
airline_pb_history,600221.SH,Hainan Airlines Holdings,2025-12-03,14.21,akshare_baidu_valuation_history,"akshare.stock_zh_valuation_baidu(symbol=600221, indicator=市净率)",2026-08-08T20:42:28.083486+00:00,1H2025,2025-06-30,2025-08-30,357.67187281171846,announced_on_or_before_observation_date
airline_pb_history,600221.SH,Hainan Airlines Holdings,2025-12-04,14.13,akshare_baidu_valuation_history,"akshare.stock_zh_valuation_baidu(symbol=600221, indicator=市净率)",2026-08-08T20:42:28.083486+00:00,1H2025,2025-06-30,2025-08-30,357.67187281171846,announced_on_or_before_observation_date
airline_pb_history,600221.SH,Hainan Airlines Holdings,2025-12-05,14.21,akshare_baidu_valuation_history,"akshare.stock_zh_valuation_baidu(symbol=600221, indicator=市净率)",2026-08-08T20:42:28.083486+00:00,1H2025,2025-06-30,2025-08-30,357.67187281171846,announced_on_or_before_observation_date
airline_pb_history,600221.SH,Hainan Airlines Holdings,2025-12-06,14.21,akshare_baidu_valuation_history,"akshare.stock_zh_valuation_baidu(symbol=600221, indicator=市净率)",2026-08-08T20:42:28.083486+00:00,1H2025,2025-06-30,2025-08-30,357.67187281171846,announced_on_or_before_observation_date
airline_pb_history,600221.SH,Hainan Airlines Holdings,2025-12-07,14.21,akshare_baidu_valuation_history,"akshare.stock_zh_valuation_baidu(symbol=600221, indicator=市净率)",2026-08-08T20:42:28.083486+00:00,1H2025,2025-06-30,2025-08-30,357.67187281171846,announced_on_or_before_observation_date
airline_pb_history,600221.SH,Hainan Airlines Holdings,2025-12-08,14.37,akshare_baidu_valuation_history,"akshare.stock_zh_valuation_baidu(symbol=600221, indicator=市净率)",2026-08-08T20:42:28.083486+00:00,1H2025,2025-06-30,2025-08-30,357.67187281171846,announced_on_or_before_observation_date
airline_pb_history,600221.SH,Hainan Airlines Holdings,2025-12-09,13.89,akshare_baidu_valuation_history,"akshare.stock_zh_valuation_baidu(symbol=600221, indicator=市净率)",2026-08-08T20:42:28.083486+00:00,1H2025,2025-06-30,2025-08-30,357.67187281171846,announced_on_or_before_observation_date
airline_pb_history,600221.SH,Hainan Airlines Holdings,2025-12-10,14.45,akshare_baidu_valuation_history,"akshare.stock_zh_valuation_baidu(symbol=600221, indicator=市净率)",2026-08-08T20:42:28.083486+00:00,1H2025,2025-06-30,2025-08-30,357.67187281171846,announced_on_or_before_observation_date
airline_pb_history,600221.SH,Hainan Airlines Holdings,2025-12-11,13.89,akshare_baidu_valuation_history,"akshare.stock_zh_valuation_baidu(symbol=600221, indicator=市净率)",2026-08-08T20:42:28.083486+00:00,1H2025,2025-06-30,2025-08-30,357.67187281171846,announced_on_or_before_observation_date
airline_pb_history,600221.SH,Hainan Airlines Holdings,2025-12-12,13.89,akshare_baidu_valuation_history,"akshare.stock_zh_valuation_baidu(symbol=600221, indicator=市净率)",2026-08-08T20:42:28.083486+00:00,1H2025,2025-06-30,2025-08-30,357.67187281171846,announced_on_or_before_observation_date
airline_pb_history,600221.SH,Hainan Airlines Holdings,2025-12-13,13.89,akshare_baidu_valuation_history,"akshare.stock_zh_valuation_baidu(symbol=600221, indicator=市净率)",2026-08-08T20:42:28.083486+00:00,1H2025,2025-06-30,2025-08-30,357.67187281171846,announced_on_or_before_observation_date
airline_pb_history,600221.SH,Hainan Airlines Holdings,2025-12-14,13.89,akshare_baidu_valuation_history,"akshare.stock_zh_valuation_baidu(symbol=600221, indicator=市净率)",2026-08-08T20:42:28.083486+00:00,1H2025,2025-06-30,2025-08-30,357.67187281171846,announced_on_or_before_observation_date
airline_pb_history,600221.SH,Hainan Airlines Holdings,2025-12-15,14.05,akshare_baidu_valuation_history,"akshare.stock_zh_valuation_baidu(symbol=600221, indicator=市净率)",2026-08-08T20:42:28.083486+00:00,1H2025,2025-06-30,2025-08-30,357.67187281171846,announced_on_or_before_observation_date
airline_pb_history,600221.SH,Hainan Airlines Holdings,2025-12-16,13.81,akshare_baidu_valuation_history,"akshare.stock_zh_valuation_baidu(symbol=600221, indicator=市净率)",2026-08-08T20:42:28.083486+00:00,1H2025,2025-06-30,2025-08-30,357.67187281171846,announced_on_or_before_observation_date
airline_pb_history,600221.SH,Hainan Airlines Holdings,2025-12-17,14.05,akshare_baidu_valuation_history,"akshare.stock_zh_valuation_baidu(symbol=600221, indicator=市净率)",2026-08-08T20:42:28.083486+00:00,1H2025,2025-06-30,2025-08-30,357.67187281171846,announced_on_or_before_observation_date
airline_pb_history,600221.SH,Hainan Airlines Holdings,2025-12-18,13.57,akshare_baidu_valuation_history,"akshare.stock_zh_valuation_baidu(symbol=600221, indicator=市净率)",2026-08-08T20:42:28.083486+00:00,1H2025,2025-06-30,2025-08-30,357.67187281171846,announced_on_or_before_observation_date
airline_pb_history,600221.SH,Hainan Airlines Holdings,2025-12-19,13.89,akshare_baidu_valuation_history,"akshare.stock_zh_valuation_baidu(symbol=600221, indicator=市净率)",2026-08-08T20:42:28.083486+00:00,1H2025,2025-06-30,2025-08-30,357.67187281171846,announced_on_or_before_observation_date
airline_pb_history,600221.SH,Hainan Airlines Holdings,2025-12-20,13.89,akshare_baidu_valuation_history,"akshare.stock_zh_valuation_baidu(symbol=600221, indicator=市净率)",2026-08-08T20:42:28.083486+00:00,1H2025,2025-06-30,2025-08-30,357.67187281171846,announced_on_or_before_observation_date
airline_pb_history,600221.SH,Hainan Airlines Holdings,2025-12-21,13.89,akshare_baidu_valuation_history,"akshare.stock_zh_valuation_baidu(symbol=600221, indicator=市净率)",2026-08-08T20:42:28.083486+00:00,1H2025,2025-06-30,2025-08-30,357.67187281171846,announced_on_or_before_observation_date
airline_pb_history,600221.SH,Hainan Airlines Holdings,2025-12-22,15.26,akshare_baidu_valuation_history,"akshare.stock_zh_valuation_baidu(symbol=600221, indicator=市净率)",2026-08-08T20:42:28.083486+00:00,1H2025,2025-06-30,2025-08-30,357.67187281171846,announced_on_or_before_observation_date
airline_pb_history,600221.SH,Hainan Airlines Holdings,2025-12-23,14.45,akshare_baidu_valuation_history,"akshare.stock_zh_valuation_baidu(symbol=600221, indicator=市净率)",2026-08-08T20:42:28.083486+00:00,1H2025,2025-06-30,2025-08-30,357.67187281171846,announced_on_or_before_observation_date
airline_pb_history,600221.SH,Hainan Airlines Holdings,2025-12-24,14.37,akshare_baidu_valuation_history,"akshare.stock_zh_valuation_baidu(symbol=600221, indicator=市净率)",2026-08-08T20:42:28.083486+00:00,1H2025,2025-06-30,2025-08-30,357.67187281171846,announced_on_or_before_observation_date
airline_pb_history,600221.SH,Hainan Airlines Holdings,2025-12-25,14.13,akshare_baidu_valuation_history,"akshare.stock_zh_valuation_baidu(symbol=600221, indicator=市净率)",2026-08-08T20:42:28.083486+00:00,1H2025,2025-06-30,2025-08-30,357.67187281171846,announced_on_or_before_observation_date
airline_pb_history,600221.SH,Hainan Airlines Holdings,2025-12-26,14.45,akshare_baidu_valuation_history,"akshare.stock_zh_valuation_baidu(symbol=600221, indicator=市净率)",2026-08-08T20:42:28.083486+00:00,1H2025,2025-06-30,2025-08-30,357.67187281171846,announced_on_or_before_observation_date
airline_pb_history,600221.SH,Hainan Airlines Holdings,2025-12-27,14.45,akshare_baidu_valuation_history,"akshare.stock_zh_valuation_baidu(symbol=600221, indicator=市净率)",2026-08-08T20:42:28.083486+00:00,1H2025,2025-06-30,2025-08-30,357.67187281171846,announced_on_or_before_observation_date
airline_pb_history,600221.SH,Hainan Airlines Holdings,2025-12-28,14.45,akshare_baidu_valuation_history,"akshare.stock_zh_valuation_baidu(symbol=600221, indicator=市净率)",2026-08-08T20:42:28.083486+00:00,1H2025,2025-06-30,2025-08-30,357.67187281171846,announced_on_or_before_observation_date
airline_pb_history,600221.SH,Hainan Airlines Holdings,2025-12-29,14.53,akshare_baidu_valuation_history,"akshare.stock_zh_valuation_baidu(symbol=600221, indicator=市净率)",2026-08-08T20:42:28.083486+00:00,1H2025,2025-06-30,2025-08-30,357.67187281171846,announced_on_or_before_observation_date
airline_pb_history,600221.SH,Hainan Airlines Holdings,2025-12-30,14.21,akshare_baidu_valuation_history,"akshare.stock_zh_valuation_baidu(symbol=600221, indicator=市净率)",2026-08-08T20:42:28.083486+00:00,1H2025,2025-06-30,2025-08-30,357.67187281171846,announced_on_or_before_observation_date
airline_pb_history,600221.SH,Hainan Airlines Holdings,2025-12-31,14.53,akshare_baidu_valuation_history,"akshare.stock_zh_valuation_baidu(symbol=600221, indicator=市净率)",2026-08-08T20:42:28.083486+00:00,1H2025,2025-06-30,2025-08-30,357.67187281171846,announced_on_or_before_observation_date
airline_pb_history,600221.SH,Hainan Airlines Holdings,2026-01-01,14.53,akshare_baidu_valuation_history,"akshare.stock_zh_valuation_baidu(symbol=600221, indicator=市净率)",2026-08-08T20:42:28.083486+00:00,1H2025,2025-06-30,2025-08-30,357.67187281171846,announced_on_or_before_observation_date
airline_pb_history,600221.SH,Hainan Airlines Holdings,2026-01-02,14.53,akshare_baidu_valuation_history,"akshare.stock_zh_valuation_baidu(symbol=600221, indicator=市净率)",2026-08-08T20:42:28.083486+00:00,1H2025,2025-06-30,2025-08-30,357.67187281171846,announced_on_or_before_observation_date
airline_pb_history,600221.SH,Hainan Airlines Holdings,2026-01-03,14.53,akshare_baidu_valuation_history,"akshare.stock_zh_valuation_baidu(symbol=600221, indicator=市净率)",2026-08-08T20:42:28.083486+00:00,1H2025,2025-06-30,2025-08-30,357.67187281171846,announced_on_or_before_observation_date
airline_pb_history,600221.SH,Hainan Airlines Holdings,2026-01-04,14.53,akshare_baidu_valuation_history,"akshare.stock_zh_valuation_baidu(symbol=600221, indicator=市净率)",2026-08-08T20:42:28.083486+00:00,1H2025,2025-06-30,2025-08-30,357.67187281171846,announced_on_or_before_observation_date
airline_pb_history,600221.SH,Hainan Airlines Holdings,2026-01-05,14.29,akshare_baidu_valuation_history,"akshare.stock_zh_valuation_baidu(symbol=600221, indicator=市净率)",2026-08-08T20:42:28.083486+00:00,1H2025,2025-06-30,2025-08-30,357.67187281171846,announced_on_or_before_observation_date
airline_pb_history,600221.SH,Hainan Airlines Holdings,2026-01-06,14.29,akshare_baidu_valuation_history,"akshare.stock_zh_valuation_baidu(symbol=600221, indicator=市净率)",2026-08-08T20:42:28.083486+00:00,1H2025,2025-06-30,2025-08-30,357.67187281171846,announced_on_or_before_observation_date
airline_pb_history,600221.SH,Hainan Airlines Holdings,2026-01-07,14.13,akshare_baidu_valuation_history,"akshare.stock_zh_valuation_baidu(symbol=600221, indicator=市净率)",2026-08-08T20:42:28.083486+00:00,1H2025,2025-06-30,2025-08-30,357.67187281171846,announced_on_or_before_observation_date
airline_pb_history,600221.SH,Hainan Airlines Holdings,2026-01-08,13.97,akshare_baidu_valuation_history,"akshare.stock_zh_valuation_baidu(symbol=600221, indicator=市净率)",2026-08-08T20:42:28.083486+00:00,1H2025,2025-06-30,2025-08-30,357.67187281171846,announced_on_or_before_observation_date
airline_pb_history,600221.SH,Hainan Airlines Holdings,2026-01-09,13.89,akshare_baidu_valuation_history,"akshare.stock_zh_valuation_baidu(symbol=600221, indicator=市净率)",2026-08-08T20:42:28.083486+00:00,1H2025,2025-06-30,2025-08-30,357.67187281171846,announced_on_or_before_observation_date
airline_pb_history,600221.SH,Hainan Airlines Holdings,2026-01-10,13.89,akshare_baidu_valuation_history,"akshare.stock_zh_valuation_baidu(symbol=600221, indicator=市净率)",2026-08-08T20:42:28.083486+00:00,1H2025,2025-06-30,2025-08-30,357.67187281171846,announced_on_or_before_observation_date
airline_pb_history,600221.SH,Hainan Airlines Holdings,2026-01-11,13.89,akshare_baidu_valuation_history,"akshare.stock_zh_valuation_baidu(symbol=600221, indicator=市净率)",2026-08-08T20:42:28.083486+00:00,1H2025,2025-06-30,2025-08-30,357.67187281171846,announced_on_or_before_observation_date
airline_pb_history,600221.SH,Hainan Airlines Holdings,2026-01-12,13.97,akshare_baidu_valuation_history,"akshare.stock_zh_valuation_baidu(symbol=600221, indicator=市净率)",2026-08-08T20:42:28.083486+00:00,1H2025,2025-06-30,2025-08-30,357.67187281171846,announced_on_or_before_observation_date
airline_pb_history,600221.SH,Hainan Airlines Holdings,2026-01-13,13.81,akshare_baidu_valuation_history,"akshare.stock_zh_valuation_baidu(symbol=600221, indicator=市净率)",2026-08-08T20:42:28.083486+00:00,1H2025,2025-06-30,2025-08-30,357.67187281171846,announced_on_or_before_observation_date
airline_pb_history,600221.SH,Hainan Airlines Holdings,2026-01-14,13.57,akshare_baidu_valuation_history,"akshare.stock_zh_valuation_baidu(symbol=600221, indicator=市净率)",2026-08-08T20:42:28.083486+00:00,1H2025,2025-06-30,2025-08-30,357.67187281171846,announced_on_or_before_observation_date
airline_pb_history,600221.SH,Hainan Airlines Holdings,2026-01-15,13.49,akshare_baidu_valuation_history,"akshare.stock_zh_valuation_baidu(symbol=600221, indicator=市净率)",2026-08-08T20:42:28.083486+00:00,1H2025,2025-06-30,2025-08-30,357.67187281171846,announced_on_or_before_observation_date
airline_pb_history,600221.SH,Hainan Airlines Holdings,2026-01-16,13.57,akshare_baidu_valuation_history,"akshare.stock_zh_valuation_baidu(symbol=600221, indicator=市净率)",2026-08-08T20:42:28.083486+00:00,1H2025,2025-06-30,2025-08-30,357.67187281171846,announced_on_or_before_observation_date
airline_pb_history,600221.SH,Hainan Airlines Holdings,2026-01-17,13.57,akshare_baidu_valuation_history,"akshare.stock_zh_valuation_baidu(symbol=600221, indicator=市净率)",2026-08-08T20:42:28.083486+00:00,1H2025,2025-06-30,2025-08-30,357.67187281171846,announced_on_or_before_observation_date
airline_pb_history,600221.SH,Hainan Airlines Holdings,2026-01-18,13.57,akshare_baidu_valuation_history,"akshare.stock_zh_valuation_baidu(symbol=600221, indicator=市净率)",2026-08-08T20:42:28.083486+00:00,1H2025,2025-06-30,2025-08-30,357.67187281171846,announced_on_or_before_observation_date
airline_pb_history,600221.SH,Hainan Airlines Holdings,2026-01-19,13.73,akshare_baidu_valuation_history,"akshare.stock_zh_valuation_baidu(symbol=600221, indicator=市净率)",2026-08-08T20:42:28.083486+00:00,1H2025,2025-06-30,2025-08-30,357.67187281171846,announced_on_or_before_observation_date
airline_pb_history,600221.SH,Hainan Airlines Holdings,2026-01-20,13.81,akshare_baidu_valuation_history,"akshare.stock_zh_valuation_baidu(symbol=600221, indicator=市净率)",2026-08-08T20:42:28.083486+00:00,1H2025,2025-06-30,2025-08-30,357.67187281171846,announced_on_or_before_observation_date
airline_pb_history,600221.SH,Hainan Airlines Holdings,2026-01-21,13.65,akshare_baidu_valuation_history,"akshare.stock_zh_valuation_baidu(symbol=600221, indicator=市净率)",2026-08-08T20:42:28.083486+00:00,1H2025,2025-06-30,2025-08-30,357.67187281171846,announced_on_or_before_observation_date
airline_pb_history,600221.SH,Hainan Airlines Holdings,2026-01-22,13.89,akshare_baidu_valuation_history,"akshare.stock_zh_valuation_baidu(symbol=600221, indicator=市净率)",2026-08-08T20:42:28.083486+00:00,1H2025,2025-06-30,2025-08-30,357.67187281171846,announced_on_or_before_observation_date
airline_pb_history,600221.SH,Hainan Airlines Holdings,2026-01-23,13.97,akshare_baidu_valuation_history,"akshare.stock_zh_valuation_baidu(symbol=600221, indicator=市净率)",2026-08-08T20:42:28.083486+00:00,1H2025,2025-06-30,2025-08-30,357.67187281171846,announced_on_or_before_observation_date
airline_pb_history,600221.SH,Hainan Airlines Holdings,2026-01-24,13.97,akshare_baidu_valuation_history,"akshare.stock_zh_valuation_baidu(symbol=600221, indicator=市净率)",2026-08-08T20:42:28.083486+00:00,1H2025,2025-06-30,2025-08-30,357.67187281171846,announced_on_or_before_observation_date
airline_pb_history,600221.SH,Hainan Airlines Holdings,2026-01-25,13.97,akshare_baidu_valuation_history,"akshare.stock_zh_valuation_baidu(symbol=600221, indicator=市净率)",2026-08-08T20:42:28.083486+00:00,1H2025,2025-06-30,2025-08-30,357.67187281171846,announced_on_or_before_observation_date
airline_pb_history,600221.SH,Hainan Airlines Holdings,2026-01-26,13.73,akshare_baidu_valuation_history,"akshare.stock_zh_valuation_baidu(symbol=600221, indicator=市净率)",2026-08-08T20:42:28.083486+00:00,1H2025,2025-06-30,2025-08-30,357.67187281171846,announced_on_or_before_observation_date
airline_pb_history,600221.SH,Hainan Airlines Holdings,2026-01-27,13.57,akshare_baidu_valuation_history,"akshare.stock_zh_valuation_baidu(symbol=600221, indicator=市净率)",2026-08-08T20:42:28.083486+00:00,1H2025,2025-06-30,2025-08-30,357.67187281171846,announced_on_or_before_observation_date
airline_pb_history,600221.SH,Hainan Airlines Holdings,2026-01-28,13.57,akshare_baidu_valuation_history,"akshare.stock_zh_valuation_baidu(symbol=600221, indicator=市净率)",2026-08-08T20:42:28.083486+00:00,1H2025,2025-06-30,2025-08-30,357.67187281171846,announced_on_or_before_observation_date
airline_pb_history,600221.SH,Hainan Airlines Holdings,2026-01-29,13.49,akshare_baidu_valuation_history,"akshare.stock_zh_valuation_baidu(symbol=600221, indicator=市净率)",2026-08-08T20:42:28.083486+00:00,1H2025,2025-06-30,2025-08-30,357.67187281171846,announced_on_or_before_observation_date
airline_pb_history,600221.SH,Hainan Airlines Holdings,2026-01-30,13.57,akshare_baidu_valuation_history,"akshare.stock_zh_valuation_baidu(symbol=600221, indicator=市净率)",2026-08-08T20:42:28.083486+00:00,1H2025,2025-06-30,2025-08-30,357.67187281171846,announced_on_or_before_observation_date
airline_pb_history,600221.SH,Hainan Airlines Holdings,2026-01-31,13.57,akshare_baidu_valuation_history,"akshare.stock_zh_valuation_baidu(symbol=600221, indicator=市净率)",2026-08-08T20:42:28.083486+00:00,1H2025,2025-06-30,2025-08-30,357.67187281171846,announced_on_or_before_observation_date
airline_pb_history,600221.SH,Hainan Airlines Holdings,2026-02-01,13.57,akshare_baidu_valuation_history,"akshare.stock_zh_valuation_baidu(symbol=600221, indicator=市净率)",2026-08-08T20:42:28.083486+00:00,1H2025,2025-06-30,2025-08-30,357.67187281171846,announced_on_or_before_observation_date
airline_pb_history,600221.SH,Hainan Airlines Holdings,2026-02-02,13.49,akshare_baidu_valuation_history,"akshare.stock_zh_valuation_baidu(symbol=600221, indicator=市净率)",2026-08-08T20:42:28.083486+00:00,1H2025,2025-06-30,2025-08-30,357.67187281171846,announced_on_or_before_observation_date
airline_pb_history,600221.SH,Hainan Airlines Holdings,2026-02-03,13.41,akshare_baidu_valuation_history,"akshare.stock_zh_valuation_baidu(symbol=600221, indicator=市净率)",2026-08-08T20:42:28.083486+00:00,1H2025,2025-06-30,2025-08-30,357.67187281171846,announced_on_or_before_observation_date
airline_pb_history,600221.SH,Hainan Airlines Holdings,2026-02-04,14.05,akshare_baidu_valuation_history,"akshare.stock_zh_valuation_baidu(symbol=600221, indicator=市净率)",2026-08-08T20:42:28.083486+00:00,1H2025,2025-06-30,2025-08-30,357.67187281171846,announced_on_or_before_observation_date
airline_pb_history,600221.SH,Hainan Airlines Holdings,2026-02-05,13.97,akshare_baidu_valuation_history,"akshare.stock_zh_valuation_baidu(symbol=600221, indicator=市净率)",2026-08-08T20:42:28.083486+00:00,1H2025,2025-06-30,2025-08-30,357.67187281171846,announced_on_or_before_observation_date
airline_pb_history,600221.SH,Hainan Airlines Holdings,2026-02-06,13.81,akshare_baidu_valuation_history,"akshare.stock_zh_valuation_baidu(symbol=600221, indicator=市净率)",2026-08-08T20:42:28.083486+00:00,1H2025,2025-06-30,2025-08-30,357.67187281171846,announced_on_or_before_observation_date
airline_pb_history,600221.SH,Hainan Airlines Holdings,2026-02-07,13.81,akshare_baidu_valuation_history,"akshare.stock_zh_valuation_baidu(symbol=600221, indicator=市净率)",2026-08-08T20:42:28.083486+00:00,1H2025,2025-06-30,2025-08-30,357.67187281171846,announced_on_or_before_observation_date
airline_pb_history,600221.SH,Hainan Airlines Holdings,2026-02-08,13.81,akshare_baidu_valuation_history,"akshare.stock_zh_valuation_baidu(symbol=600221, indicator=市净率)",2026-08-08T20:42:28.083486+00:00,1H2025,2025-06-30,2025-08-30,357.67187281171846,announced_on_or_before_observation_date
airline_pb_history,600221.SH,Hainan Airlines Holdings,2026-02-09,14.05,akshare_baidu_valuation_history,"akshare.stock_zh_valuation_baidu(symbol=600221, indicator=市净率)",2026-08-08T20:42:28.083486+00:00,1H2025,2025-06-30,2025-08-30,357.67187281171846,announced_on_or_before_observation_date
airline_pb_history,600221.SH,Hainan Airlines Holdings,2026-02-10,13.89,akshare_baidu_valuation_history,"akshare.stock_zh_valuation_baidu(symbol=600221, indicator=市净率)",2026-08-08T20:42:28.083486+00:00,1H2025,2025-06-30,2025-08-30,357.67187281171846,announced_on_or_before_observation_date
airline_pb_history,600221.SH,Hainan Airlines Holdings,2026-02-11,13.73,akshare_baidu_valuation_history,"akshare.stock_zh_valuation_baidu(symbol=600221, indicator=市净率)",2026-08-08T20:42:28.083486+00:00,1H2025,2025-06-30,2025-08-30,357.67187281171846,announced_on_or_before_observation_date
airline_pb_history,600221.SH,Hainan Airlines Holdings,2026-02-12,13.49,akshare_baidu_valuation_history,"akshare.stock_zh_valuation_baidu(symbol=600221, indicator=市净率)",2026-08-08T20:42:28.083486+00:00,1H2025,2025-06-30,2025-08-30,357.67187281171846,announced_on_or_before_observation_date
airline_pb_history,600221.SH,Hainan Airlines Holdings,2026-02-13,13.41,akshare_baidu_valuation_history,"akshare.stock_zh_valuation_baidu(symbol=600221, indicator=市净率)",2026-08-08T20:42:28.083486+00:00,1H2025,2025-06-30,2025-08-30,357.67187281171846,announced_on_or_before_observation_date
airline_pb_history,600221.SH,Hainan Airlines Holdings,2026-02-14,13.41,akshare_baidu_valuation_history,"akshare.stock_zh_valuation_baidu(symbol=600221, indicator=市净率)",2026-08-08T20:42:28.083486+00:00,1H2025,2025-06-30,2025-08-30,357.67187281171846,announced_on_or_before_observation_date
airline_pb_history,600221.SH,Hainan Airlines Holdings,2026-02-15,13.41,akshare_baidu_valuation_history,"akshare.stock_zh_valuation_baidu(symbol=600221, indicator=市净率)",2026-08-08T20:42:28.083486+00:00,1H2025,2025-06-30,2025-08-30,357.67187281171846,announced_on_or_before_observation_date
airline_pb_history,600221.SH,Hainan Airlines Holdings,2026-02-16,13.41,akshare_baidu_valuation_history,"akshare.stock_zh_valuation_baidu(symbol=600221, indicator=市净率)",2026-08-08T20:42:28.083486+00:00,1H2025,2025-06-30,2025-08-30,357.67187281171846,announced_on_or_before_observation_date
airline_pb_history,600221.SH,Hainan Airlines Holdings,2026-02-17,13.41,akshare_baidu_valuation_history,"akshare.stock_zh_valuation_baidu(symbol=600221, indicator=市净率)",2026-08-08T20:42:28.083486+00:00,1H2025,2025-06-30,2025-08-30,357.67187281171846,announced_on_or_before_observation_date
airline_pb_history,600221.SH,Hainan Airlines Holdings,2026-02-18,13.41,akshare_baidu_valuation_history,"akshare.stock_zh_valuation_baidu(symbol=600221, indicator=市净率)",2026-08-08T20:42:28.083486+00:00,1H2025,2025-06-30,2025-08-30,357.67187281171846,announced_on_or_before_observation_date
airline_pb_history,600221.SH,Hainan Airlines Holdings,2026-02-19,13.41,akshare_baidu_valuation_history,"akshare.stock_zh_valuation_baidu(symbol=600221, indicator=市净率)",2026-08-08T20:42:28.083486+00:00,1H2025,2025-06-30,2025-08-30,357.67187281171846,announced_on_or_before_observation_date
airline_pb_history,600221.SH,Hainan Airlines Holdings,2026-02-20,13.41,akshare_baidu_valuation_history,"akshare.stock_zh_valuation_baidu(symbol=600221, indicator=市净率)",2026-08-08T20:42:28.083486+00:00,1H2025,2025-06-30,2025-08-30,357.67187281171846,announced_on_or_before_observation_date
airline_pb_history,600221.SH,Hainan Airlines Holdings,2026-02-21,13.41,akshare_baidu_valuation_history,"akshare.stock_zh_valuation_baidu(symbol=600221, indicator=市净率)",2026-08-08T20:42:28.083486+00:00,1H2025,2025-06-30,2025-08-30,357.67187281171846,announced_on_or_before_observation_date
airline_pb_history,600221.SH,Hainan Airlines Holdings,2026-02-22,13.41,akshare_baidu_valuation_history,"akshare.stock_zh_valuation_baidu(symbol=600221, indicator=市净率)",2026-08-08T20:42:28.083486+00:00,1H2025,2025-06-30,2025-08-30,357.67187281171846,announced_on_or_before_observation_date
airline_pb_history,600221.SH,Hainan Airlines Holdings,2026-02-23,13.41,akshare_baidu_valuation_history,"akshare.stock_zh_valuation_baidu(symbol=600221, indicator=市净率)",2026-08-08T20:42:28.083486+00:00,1H2025,2025-06-30,2025-08-30,357.67187281171846,announced_on_or_before_observation_date
airline_pb_history,600221.SH,Hainan Airlines Holdings,2026-02-24,13.41,akshare_baidu_valuation_history,"akshare.stock_zh_valuation_baidu(symbol=600221, indicator=市净率)",2026-08-08T20:42:28.083486+00:00,1H2025,2025-06-30,2025-08-30,357.67187281171846,announced_on_or_before_observation_date
airline_pb_history,600221.SH,Hainan Airlines Holdings,2026-02-25,13.73,akshare_baidu_valuation_history,"akshare.stock_zh_valuation_baidu(symbol=600221, indicator=市净率)",2026-08-08T20:42:28.083486+00:00,1H2025,2025-06-30,2025-08-30,357.67187281171846,announced_on_or_before_observation_date
airline_pb_history,600221.SH,Hainan Airlines Holdings,2026-02-26,13.49,akshare_baidu_valuation_history,"akshare.stock_zh_valuation_baidu(symbol=600221, indicator=市净率)",2026-08-08T20:42:28.083486+00:00,1H2025,2025-06-30,2025-08-30,357.67187281171846,announced_on_or_before_observation_date
airline_pb_history,600221.SH,Hainan Airlines Holdings,2026-02-27,13.65,akshare_baidu_valuation_history,"akshare.stock_zh_valuation_baidu(symbol=600221, indicator=市净率)",2026-08-08T20:42:28.083486+00:00,1H2025,2025-06-30,2025-08-30,357.67187281171846,announced_on_or_before_observation_date
airline_pb_history,600221.SH,Hainan Airlines Holdings,2026-02-28,13.65,akshare_baidu_valuation_history,"akshare.stock_zh_valuation_baidu(symbol=600221, indicator=市净率)",2026-08-08T20:42:28.083486+00:00,1H2025,2025-06-30,2025-08-30,357.67187281171846,announced_on_or_before_observation_date
airline_pb_history,600221.SH,Hainan Airlines Holdings,2026-03-01,13.65,akshare_baidu_valuation_history,"akshare.stock_zh_valuation_baidu(symbol=600221, indicator=市净率)",2026-08-08T20:42:28.083486+00:00,1H2025,2025-06-30,2025-08-30,357.67187281171846,announced_on_or_before_observation_date
airline_pb_history,600221.SH,Hainan Airlines Holdings,2026-03-02,13.09,akshare_baidu_valuation_history,"akshare.stock_zh_valuation_baidu(symbol=600221, indicator=市净率)",2026-08-08T20:42:28.083486+00:00,1H2025,2025-06-30,2025-08-30,357.67187281171846,announced_on_or_before_observation_date
airline_pb_history,600221.SH,Hainan Airlines Holdings,2026-03-03,12.53,akshare_baidu_valuation_history,"akshare.stock_zh_valuation_baidu(symbol=600221, indicator=市净率)",2026-08-08T20:42:28.083486+00:00,1H2025,2025-06-30,2025-08-30,357.67187281171846,announced_on_or_before_observation_date
airline_pb_history,600221.SH,Hainan Airlines Holdings,2026-03-04,12.29,akshare_baidu_valuation_history,"akshare.stock_zh_valuation_baidu(symbol=600221, indicator=市净率)",2026-08-08T20:42:28.083486+00:00,1H2025,2025-06-30,2025-08-30,357.67187281171846,announced_on_or_before_observation_date
airline_pb_history,600221.SH,Hainan Airlines Holdings,2026-03-05,12.45,akshare_baidu_valuation_history,"akshare.stock_zh_valuation_baidu(symbol=600221, indicator=市净率)",2026-08-08T20:42:28.083486+00:00,1H2025,2025-06-30,2025-08-30,357.67187281171846,announced_on_or_before_observation_date
airline_pb_history,600221.SH,Hainan Airlines Holdings,2026-03-06,12.61,akshare_baidu_valuation_history,"akshare.stock_zh_valuation_baidu(symbol=600221, indicator=市净率)",2026-08-08T20:42:28.083486+00:00,1H2025,2025-06-30,2025-08-30,357.67187281171846,announced_on_or_before_observation_date
airline_pb_history,600221.SH,Hainan Airlines Holdings,2026-03-07,12.61,akshare_baidu_valuation_history,"akshare.stock_zh_valuation_baidu(symbol=600221, indicator=市净率)",2026-08-08T20:42:28.083486+00:00,1H2025,2025-06-30,2025-08-30,357.67187281171846,announced_on_or_before_observation_date
airline_pb_history,600221.SH,Hainan Airlines Holdings,2026-03-08,12.61,akshare_baidu_valuation_history,"akshare.stock_zh_valuation_baidu(symbol=600221, indicator=市净率)",2026-08-08T20:42:28.083486+00:00,1H2025,2025-06-30,2025-08-30,357.67187281171846,announced_on_or_before_observation_date
airline_pb_history,600221.SH,Hainan Airlines Holdings,2026-03-09,12.29,akshare_baidu_valuation_history,"akshare.stock_zh_valuation_baidu(symbol=600221, indicator=市净率)",2026-08-08T20:42:28.083486+00:00,1H2025,2025-06-30,2025-08-30,357.67187281171846,announced_on_or_before_observation_date
airline_pb_history,600221.SH,Hainan Airlines Holdings,2026-03-10,12.45,akshare_baidu_valuation_history,"akshare.stock_zh_valuation_baidu(symbol=600221, indicator=市净率)",2026-08-08T20:42:28.083486+00:00,1H2025,2025-06-30,2025-08-30,357.67187281171846,announced_on_or_before_observation_date
airline_pb_history,600221.SH,Hainan Airlines Holdings,2026-03-11,12.37,akshare_baidu_valuation_history,"akshare.stock_zh_valuation_baidu(symbol=600221, indicator=市净率)",2026-08-08T20:42:28.083486+00:00,1H2025,2025-06-30,2025-08-30,357.67187281171846,announced_on_or_before_observation_date
airline_pb_history,600221.SH,Hainan Airlines Holdings,2026-03-12,12.45,akshare_baidu_valuation_history,"akshare.stock_zh_valuation_baidu(symbol=600221, indicator=市净率)",2026-08-08T20:42:28.083486+00:00,1H2025,2025-06-30,2025-08-30,357.67187281171846,announced_on_or_before_observation_date
airline_pb_history,600221.SH,Hainan Airlines Holdings,2026-03-13,12.45,akshare_baidu_valuation_history,"akshare.stock_zh_valuation_baidu(symbol=600221, indicator=市净率)",2026-08-08T20:42:28.083486+00:00,1H2025,2025-06-30,2025-08-30,357.67187281171846,announced_on_or_before_observation_date
airline_pb_history,600221.SH,Hainan Airlines Holdings,2026-03-14,12.45,akshare_baidu_valuation_history,"akshare.stock_zh_valuation_baidu(symbol=600221, indicator=市净率)",2026-08-08T20:42:28.083486+00:00,1H2025,2025-06-30,2025-08-30,357.67187281171846,announced_on_or_before_observation_date
airline_pb_history,600221.SH,Hainan Airlines Holdings,2026-03-15,12.45,akshare_baidu_valuation_history,"akshare.stock_zh_valuation_baidu(symbol=600221, indicator=市净率)",2026-08-08T20:42:28.083486+00:00,1H2025,2025-06-30,2025-08-30,357.67187281171846,announced_on_or_before_observation_date
airline_pb_history,600221.SH,Hainan Airlines Holdings,2026-03-16,12.45,akshare_baidu_valuation_history,"akshare.stock_zh_valuation_baidu(symbol=600221, indicator=市净率)",2026-08-08T20:42:28.083486+00:00,1H2025,2025-06-30,2025-08-30,357.67187281171846,announced_on_or_before_observation_date
airline_pb_history,600221.SH,Hainan Airlines Holdings,2026-03-17,12.61,akshare_baidu_valuation_history,"akshare.stock_zh_valuation_baidu(symbol=600221, indicator=市净率)",2026-08-08T20:42:28.083486+00:00,1H2025,2025-06-30,2025-08-30,357.67187281171846,announced_on_or_before_observation_date
airline_pb_history,600221.SH,Hainan Airlines Holdings,2026-03-18,12.37,akshare_baidu_valuation_history,"akshare.stock_zh_valuation_baidu(symbol=600221, indicator=市净率)",2026-08-08T20:42:28.083486+00:00,1H2025,2025-06-30,2025-08-30,357.67187281171846,announced_on_or_before_observation_date
airline_pb_history,600221.SH,Hainan Airlines Holdings,2026-03-19,12.04,akshare_baidu_valuation_history,"akshare.stock_zh_valuation_baidu(symbol=600221, indicator=市净率)",2026-08-08T20:42:28.083486+00:00,1H2025,2025-06-30,2025-08-30,357.67187281171846,announced_on_or_before_observation_date
airline_pb_history,600221.SH,Hainan Airlines Holdings,2026-03-20,11.8,akshare_baidu_valuation_history,"akshare.stock_zh_valuation_baidu(symbol=600221, indicator=市净率)",2026-08-08T20:42:28.083486+00:00,1H2025,2025-06-30,2025-08-30,357.67187281171846,announced_on_or_before_observation_date
airline_pb_history,600221.SH,Hainan Airlines Holdings,2026-03-21,11.8,akshare_baidu_valuation_history,"akshare.stock_zh_valuation_baidu(symbol=600221, indicator=市净率)",2026-08-08T20:42:28.083486+00:00,1H2025,2025-06-30,2025-08-30,357.67187281171846,announced_on_or_before_observation_date
airline_pb_history,600221.SH,Hainan Airlines Holdings,2026-03-22,11.8,akshare_baidu_valuation_history,"akshare.stock_zh_valuation_baidu(symbol=600221, indicator=市净率)",2026-08-08T20:42:28.083486+00:00,1H2025,2025-06-30,2025-08-30,357.67187281171846,announced_on_or_before_observation_date
airline_pb_history,600221.SH,Hainan Airlines Holdings,2026-03-23,11.16,akshare_baidu_valuation_history,"akshare.stock_zh_valuation_baidu(symbol=600221, indicator=市净率)",2026-08-08T20:42:28.083486+00:00,1H2025,2025-06-30,2025-08-30,357.67187281171846,announced_on_or_before_observation_date
airline_pb_history,600221.SH,Hainan Airlines Holdings,2026-03-24,11.48,akshare_baidu_valuation_history,"akshare.stock_zh_valuation_baidu(symbol=600221, indicator=市净率)",2026-08-08T20:42:28.083486+00:00,1H2025,2025-06-30,2025-08-30,357.67187281171846,announced_on_or_before_observation_date
airline_pb_history,600221.SH,Hainan Airlines Holdings,2026-03-25,11.88,akshare_baidu_valuation_history,"akshare.stock_zh_valuation_baidu(symbol=600221, indicator=市净率)",2026-08-08T20:42:28.083486+00:00,1H2025,2025-06-30,2025-08-30,357.67187281171846,announced_on_or_before_observation_date
airline_pb_history,600221.SH,Hainan Airlines Holdings,2026-03-26,11.72,akshare_baidu_valuation_history,"akshare.stock_zh_valuation_baidu(symbol=600221, indicator=市净率)",2026-08-08T20:42:28.083486+00:00,1H2025,2025-06-30,2025-08-30,357.67187281171846,announced_on_or_before_observation_date
airline_pb_history,600221.SH,Hainan Airlines Holdings,2026-03-27,11.72,akshare_baidu_valuation_history,"akshare.stock_zh_valuation_baidu(symbol=600221, indicator=市净率)",2026-08-08T20:42:28.083486+00:00,1H2025,2025-06-30,2025-08-30,357.67187281171846,announced_on_or_before_observation_date
airline_pb_history,600221.SH,Hainan Airlines Holdings,2026-03-28,11.72,akshare_baidu_valuation_history,"akshare.stock_zh_valuation_baidu(symbol=600221, indicator=市净率)",2026-08-08T20:42:28.083486+00:00,1H2025,2025-06-30,2025-08-30,357.67187281171846,announced_on_or_before_observation_date
airline_pb_history,600221.SH,Hainan Airlines Holdings,2026-03-29,11.72,akshare_baidu_valuation_history,"akshare.stock_zh_valuation_baidu(symbol=600221, indicator=市净率)",2026-08-08T20:42:28.083486+00:00,1H2025,2025-06-30,2025-08-30,357.67187281171846,announced_on_or_before_observation_date
airline_pb_history,600221.SH,Hainan Airlines Holdings,2026-03-30,11.72,akshare_baidu_valuation_history,"akshare.stock_zh_valuation_baidu(symbol=600221, indicator=市净率)",2026-08-08T20:42:28.083486+00:00,1H2025,2025-06-30,2025-08-30,357.67187281171846,announced_on_or_before_observation_date
airline_pb_history,600221.SH,Hainan Airlines Holdings,2026-03-31,11.64,akshare_baidu_valuation_history,"akshare.stock_zh_valuation_baidu(symbol=600221, indicator=市净率)",2026-08-08T20:42:28.083486+00:00,1H2025,2025-06-30,2025-08-30,357.67187281171846,announced_on_or_before_observation_date
airline_pb_history,600221.SH,Hainan Airlines Holdings,2026-04-01,11.8,akshare_baidu_valuation_history,"akshare.stock_zh_valuation_baidu(symbol=600221, indicator=市净率)",2026-08-08T20:42:28.083486+00:00,1H2025,2025-06-30,2025-08-30,357.67187281171846,announced_on_or_before_observation_date
airline_pb_history,600221.SH,Hainan Airlines Holdings,2026-04-02,11.56,akshare_baidu_valuation_history,"akshare.stock_zh_valuation_baidu(symbol=600221, indicator=市净率)",2026-08-08T20:42:28.083486+00:00,1H2025,2025-06-30,2025-08-30,357.67187281171846,announced_on_or_before_observation_date
airline_pb_history,600221.SH,Hainan Airlines Holdings,2026-04-03,11.4,akshare_baidu_valuation_history,"akshare.stock_zh_valuation_baidu(symbol=600221, indicator=市净率)",2026-08-08T20:42:28.083486+00:00,1H2025,2025-06-30,2025-08-30,357.67187281171846,announced_on_or_before_observation_date
airline_pb_history,600221.SH,Hainan Airlines Holdings,2026-04-04,11.4,akshare_baidu_valuation_history,"akshare.stock_zh_valuation_baidu(symbol=600221, indicator=市净率)",2026-08-08T20:42:28.083486+00:00,1H2025,2025-06-30,2025-08-30,357.67187281171846,announced_on_or_before_observation_date
airline_pb_history,600221.SH,Hainan Airlines Holdings,2026-04-05,11.4,akshare_baidu_valuation_history,"akshare.stock_zh_valuation_baidu(symbol=600221, indicator=市净率)",2026-08-08T20:42:28.083486+00:00,1H2025,2025-06-30,2025-08-30,357.67187281171846,announced_on_or_before_observation_date
airline_pb_history,600221.SH,Hainan Airlines Holdings,2026-04-06,11.4,akshare_baidu_valuation_history,"akshare.stock_zh_valuation_baidu(symbol=600221, indicator=市净率)",2026-08-08T20:42:28.083486+00:00,1H2025,2025-06-30,2025-08-30,357.67187281171846,announced_on_or_before_observation_date
airline_pb_history,600221.SH,Hainan Airlines Holdings,2026-04-07,11.4,akshare_baidu_valuation_history,"akshare.stock_zh_valuation_baidu(symbol=600221, indicator=市净率)",2026-08-08T20:42:28.083486+00:00,1H2025,2025-06-30,2025-08-30,357.67187281171846,announced_on_or_before_observation_date
airline_pb_history,600221.SH,Hainan Airlines Holdings,2026-04-08,11.96,akshare_baidu_valuation_history,"akshare.stock_zh_valuation_baidu(symbol=600221, indicator=市净率)",2026-08-08T20:42:28.083486+00:00,1H2025,2025-06-30,2025-08-30,357.67187281171846,announced_on_or_before_observation_date
airline_pb_history,600221.SH,Hainan Airlines Holdings,2026-04-09,11.64,akshare_baidu_valuation_history,"akshare.stock_zh_valuation_baidu(symbol=600221, indicator=市净率)",2026-08-08T20:42:28.083486+00:00,1H2025,2025-06-30,2025-08-30,357.67187281171846,announced_on_or_before_observation_date
airline_pb_history,600221.SH,Hainan Airlines Holdings,2026-04-10,11.72,akshare_baidu_valuation_history,"akshare.stock_zh_valuation_baidu(symbol=600221, indicator=市净率)",2026-08-08T20:42:28.083486+00:00,1H2025,2025-06-30,2025-08-30,357.67187281171846,announced_on_or_before_observation_date
airline_pb_history,600221.SH,Hainan Airlines Holdings,2026-04-11,11.72,akshare_baidu_valuation_history,"akshare.stock_zh_valuation_baidu(symbol=600221, indicator=市净率)",2026-08-08T20:42:28.083486+00:00,1H2025,2025-06-30,2025-08-30,357.67187281171846,announced_on_or_before_observation_date
airline_pb_history,600221.SH,Hainan Airlines Holdings,2026-04-12,11.72,akshare_baidu_valuation_history,"akshare.stock_zh_valuation_baidu(symbol=600221, indicator=市净率)",2026-08-08T20:42:28.083486+00:00,1H2025,2025-06-30,2025-08-30,357.67187281171846,announced_on_or_before_observation_date
airline_pb_history,600221.SH,Hainan Airlines Holdings,2026-04-13,11.64,akshare_baidu_valuation_history,"akshare.stock_zh_valuation_baidu(symbol=600221, indicator=市净率)",2026-08-08T20:42:28.083486+00:00,1H2025,2025-06-30,2025-08-30,357.67187281171846,announced_on_or_before_observation_date
airline_pb_history,600221.SH,Hainan Airlines Holdings,2026-04-14,11.72,akshare_baidu_valuation_history,"akshare.stock_zh_valuation_baidu(symbol=600221, indicator=市净率)",2026-08-08T20:42:28.083486+00:00,1H2025,2025-06-30,2025-08-30,357.67187281171846,announced_on_or_before_observation_date
airline_pb_history,600221.SH,Hainan Airlines Holdings,2026-04-15,11.72,akshare_baidu_valuation_history,"akshare.stock_zh_valuation_baidu(symbol=600221, indicator=市净率)",2026-08-08T20:42:28.083486+00:00,1H2025,2025-06-30,2025-08-30,357.67187281171846,announced_on_or_before_observation_date
airline_pb_history,600221.SH,Hainan Airlines Holdings,2026-04-16,11.8,akshare_baidu_valuation_history,"akshare.stock_zh_valuation_baidu(symbol=600221, indicator=市净率)",2026-08-08T20:42:28.083486+00:00,1H2025,2025-06-30,2025-08-30,357.67187281171846,announced_on_or_before_observation_date
airline_pb_history,600221.SH,Hainan Airlines Holdings,2026-04-17,11.88,akshare_baidu_valuation_history,"akshare.stock_zh_valuation_baidu(symbol=600221, indicator=市净率)",2026-08-08T20:42:28.083486+00:00,1H2025,2025-06-30,2025-08-30,357.67187281171846,announced_on_or_before_observation_date
airline_pb_history,600221.SH,Hainan Airlines Holdings,2026-04-18,12.15,akshare_baidu_valuation_history,"akshare.stock_zh_valuation_baidu(symbol=600221, indicator=市净率)",2026-08-08T20:42:28.083486+00:00,FY2025,2025-12-31,2026-04-18,751.993429530038,announced_on_or_before_observation_date
airline_pb_history,600221.SH,Hainan Airlines Holdings,2026-04-19,12.15,akshare_baidu_valuation_history,"akshare.stock_zh_valuation_baidu(symbol=600221, indicator=市净率)",2026-08-08T20:42:28.083486+00:00,FY2025,2025-12-31,2026-04-18,751.993429530038,announced_on_or_before_observation_date
airline_pb_history,600221.SH,Hainan Airlines Holdings,2026-04-20,12.23,akshare_baidu_valuation_history,"akshare.stock_zh_valuation_baidu(symbol=600221, indicator=市净率)",2026-08-08T20:42:28.083486+00:00,FY2025,2025-12-31,2026-04-18,751.993429530038,announced_on_or_before_observation_date
airline_pb_history,600221.SH,Hainan Airlines Holdings,2026-04-21,12.23,akshare_baidu_valuation_history,"akshare.stock_zh_valuation_baidu(symbol=600221, indicator=市净率)",2026-08-08T20:42:28.083486+00:00,FY2025,2025-12-31,2026-04-18,751.993429530038,announced_on_or_before_observation_date
airline_pb_history,600221.SH,Hainan Airlines Holdings,2026-04-22,12.07,akshare_baidu_valuation_history,"akshare.stock_zh_valuation_baidu(symbol=600221, indicator=市净率)",2026-08-08T20:42:28.083486+00:00,FY2025,2025-12-31,2026-04-18,751.993429530038,announced_on_or_before_observation_date
airline_pb_history,600221.SH,Hainan Airlines Holdings,2026-04-23,11.9,akshare_baidu_valuation_history,"akshare.stock_zh_valuation_baidu(symbol=600221, indicator=市净率)",2026-08-08T20:42:28.083486+00:00,FY2025,2025-12-31,2026-04-18,751.993429530038,announced_on_or_before_observation_date
airline_pb_history,600221.SH,Hainan Airlines Holdings,2026-04-24,11.82,akshare_baidu_valuation_history,"akshare.stock_zh_valuation_baidu(symbol=600221, indicator=市净率)",2026-08-08T20:42:28.083486+00:00,FY2025,2025-12-31,2026-04-18,751.993429530038,announced_on_or_before_observation_date
airline_pb_history,600221.SH,Hainan Airlines Holdings,2026-04-25,11.82,akshare_baidu_valuation_history,"akshare.stock_zh_valuation_baidu(symbol=600221, indicator=市净率)",2026-08-08T20:42:28.083486+00:00,FY2025,2025-12-31,2026-04-18,751.993429530038,announced_on_or_before_observation_date
airline_pb_history,600221.SH,Hainan Airlines Holdings,2026-04-26,11.82,akshare_baidu_valuation_history,"akshare.stock_zh_valuation_baidu(symbol=600221, indicator=市净率)",2026-08-08T20:42:28.083486+00:00,FY2025,2025-12-31,2026-04-18,751.993429530038,announced_on_or_before_observation_date
airline_pb_history,600221.SH,Hainan Airlines Holdings,2026-04-27,11.74,akshare_baidu_valuation_history,"akshare.stock_zh_valuation_baidu(symbol=600221, indicator=市净率)",2026-08-08T20:42:28.083486+00:00,FY2025,2025-12-31,2026-04-18,751.993429530038,announced_on_or_before_observation_date
airline_pb_history,600221.SH,Hainan Airlines Holdings,2026-04-28,11.74,akshare_baidu_valuation_history,"akshare.stock_zh_valuation_baidu(symbol=600221, indicator=市净率)",2026-08-08T20:42:28.083486+00:00,FY2025,2025-12-31,2026-04-18,751.993429530038,announced_on_or_before_observation_date
airline_pb_history,600221.SH,Hainan Airlines Holdings,2026-04-29,11.82,akshare_baidu_valuation_history,"akshare.stock_zh_valuation_baidu(symbol=600221, indicator=市净率)",2026-08-08T20:42:28.083486+00:00,FY2025,2025-12-31,2026-04-18,751.993429530038,announced_on_or_before_observation_date
airline_pb_history,600221.SH,Hainan Airlines Holdings,2026-04-30,9.38,akshare_baidu_valuation_history,"akshare.stock_zh_valuation_baidu(symbol=600221, indicator=市净率)",2026-08-08T20:42:28.083486+00:00,FY2025,2025-12-31,2026-04-18,751.993429530038,announced_on_or_before_observation_date
airline_pb_history,600221.SH,Hainan Airlines Holdings,2026-05-01,9.38,akshare_baidu_valuation_history,"akshare.stock_zh_valuation_baidu(symbol=600221, indicator=市净率)",2026-08-08T20:42:28.083486+00:00,FY2025,2025-12-31,2026-04-18,751.993429530038,announced_on_or_before_observation_date
airline_pb_history,600221.SH,Hainan Airlines Holdings,2026-05-02,9.38,akshare_baidu_valuation_history,"akshare.stock_zh_valuation_baidu(symbol=600221, indicator=市净率)",2026-08-08T20:42:28.083486+00:00,FY2025,2025-12-31,2026-04-18,751.993429530038,announced_on_or_before_observation_date
airline_pb_history,600221.SH,Hainan Airlines Holdings,2026-05-03,9.38,akshare_baidu_valuation_history,"akshare.stock_zh_valuation_baidu(symbol=600221, indicator=市净率)",2026-08-08T20:42:28.083486+00:00,FY2025,2025-12-31,2026-04-18,751.993429530038,announced_on_or_before_observation_date
airline_pb_history,600221.SH,Hainan Airlines Holdings,2026-05-04,9.38,akshare_baidu_valuation_history,"akshare.stock_zh_valuation_baidu(symbol=600221, indicator=市净率)",2026-08-08T20:42:28.083486+00:00,FY2025,2025-12-31,2026-04-18,751.993429530038,announced_on_or_before_observation_date
airline_pb_history,600221.SH,Hainan Airlines Holdings,2026-05-05,9.38,akshare_baidu_valuation_history,"akshare.stock_zh_valuation_baidu(symbol=600221, indicator=市净率)",2026-08-08T20:42:28.083486+00:00,FY2025,2025-12-31,2026-04-18,751.993429530038,announced_on_or_before_observation_date
airline_pb_history,600221.SH,Hainan Airlines Holdings,2026-05-06,9.32,akshare_baidu_valuation_history,"akshare.stock_zh_valuation_baidu(symbol=600221, indicator=市净率)",2026-08-08T20:42:28.083486+00:00,FY2025,2025-12-31,2026-04-18,751.993429530038,announced_on_or_before_observation_date
airline_pb_history,600221.SH,Hainan Airlines Holdings,2026-05-07,9.45,akshare_baidu_valuation_history,"akshare.stock_zh_valuation_baidu(symbol=600221, indicator=市净率)",2026-08-08T20:42:28.083486+00:00,FY2025,2025-12-31,2026-04-18,751.993429530038,announced_on_or_before_observation_date
airline_pb_history,600221.SH,Hainan Airlines Holdings,2026-05-08,9.94,akshare_baidu_valuation_history,"akshare.stock_zh_valuation_baidu(symbol=600221, indicator=市净率)",2026-08-08T20:42:28.083486+00:00,FY2025,2025-12-31,2026-04-18,751.993429530038,announced_on_or_before_observation_date
airline_pb_history,600221.SH,Hainan Airlines Holdings,2026-05-09,9.94,akshare_baidu_valuation_history,"akshare.stock_zh_valuation_baidu(symbol=600221, indicator=市净率)",2026-08-08T20:42:28.083486+00:00,FY2025,2025-12-31,2026-04-18,751.993429530038,announced_on_or_before_observation_date
airline_pb_history,600221.SH,Hainan Airlines Holdings,2026-05-10,9.94,akshare_baidu_valuation_history,"akshare.stock_zh_valuation_baidu(symbol=600221, indicator=市净率)",2026-08-08T20:42:28.083486+00:00,FY2025,2025-12-31,2026-04-18,751.993429530038,announced_on_or_before_observation_date
airline_pb_history,600221.SH,Hainan Airlines Holdings,2026-05-11,9.82,akshare_baidu_valuation_history,"akshare.stock_zh_valuation_baidu(symbol=600221, indicator=市净率)",2026-08-08T20:42:28.083486+00:00,FY2025,2025-12-31,2026-04-18,751.993429530038,announced_on_or_before_observation_date
airline_pb_history,600221.SH,Hainan Airlines Holdings,2026-05-12,9.63,akshare_baidu_valuation_history,"akshare.stock_zh_valuation_baidu(symbol=600221, indicator=市净率)",2026-08-08T20:42:28.083486+00:00,FY2025,2025-12-31,2026-04-18,751.993429530038,announced_on_or_before_observation_date
airline_pb_history,600221.SH,Hainan Airlines Holdings,2026-05-13,9.69,akshare_baidu_valuation_history,"akshare.stock_zh_valuation_baidu(symbol=600221, indicator=市净率)",2026-08-08T20:42:28.083486+00:00,FY2025,2025-12-31,2026-04-18,751.993429530038,announced_on_or_before_observation_date
airline_pb_history,600221.SH,Hainan Airlines Holdings,2026-05-14,9.51,akshare_baidu_valuation_history,"akshare.stock_zh_valuation_baidu(symbol=600221, indicator=市净率)",2026-08-08T20:42:28.083486+00:00,FY2025,2025-12-31,2026-04-18,751.993429530038,announced_on_or_before_observation_date
airline_pb_history,600221.SH,Hainan Airlines Holdings,2026-05-15,9.38,akshare_baidu_valuation_history,"akshare.stock_zh_valuation_baidu(symbol=600221, indicator=市净率)",2026-08-08T20:42:28.083486+00:00,FY2025,2025-12-31,2026-04-18,751.993429530038,announced_on_or_before_observation_date
airline_pb_history,600221.SH,Hainan Airlines Holdings,2026-05-16,9.38,akshare_baidu_valuation_history,"akshare.stock_zh_valuation_baidu(symbol=600221, indicator=市净率)",2026-08-08T20:42:28.083486+00:00,FY2025,2025-12-31,2026-04-18,751.993429530038,announced_on_or_before_observation_date
airline_pb_history,600221.SH,Hainan Airlines Holdings,2026-05-17,9.38,akshare_baidu_valuation_history,"akshare.stock_zh_valuation_baidu(symbol=600221, indicator=市净率)",2026-08-08T20:42:28.083486+00:00,FY2025,2025-12-31,2026-04-18,751.993429530038,announced_on_or_before_observation_date
airline_pb_history,600221.SH,Hainan Airlines Holdings,2026-05-18,9.38,akshare_baidu_valuation_history,"akshare.stock_zh_valuation_baidu(symbol=600221, indicator=市净率)",2026-08-08T20:42:28.083486+00:00,FY2025,2025-12-31,2026-04-18,751.993429530038,announced_on_or_before_observation_date
airline_pb_history,600221.SH,Hainan Airlines Holdings,2026-05-19,9.45,akshare_baidu_valuation_history,"akshare.stock_zh_valuation_baidu(symbol=600221, indicator=市净率)",2026-08-08T20:42:28.083486+00:00,FY2025,2025-12-31,2026-04-18,751.993429530038,announced_on_or_before_observation_date
airline_pb_history,600221.SH,Hainan Airlines Holdings,2026-05-20,9.2,akshare_baidu_valuation_history,"akshare.stock_zh_valuation_baidu(symbol=600221, indicator=市净率)",2026-08-08T20:42:28.083486+00:00,FY2025,2025-12-31,2026-04-18,751.993429530038,announced_on_or_before_observation_date
airline_pb_history,600221.SH,Hainan Airlines Holdings,2026-05-21,9.2,akshare_baidu_valuation_history,"akshare.stock_zh_valuation_baidu(symbol=600221, indicator=市净率)",2026-08-08T20:42:28.083486+00:00,FY2025,2025-12-31,2026-04-18,751.993429530038,announced_on_or_before_observation_date
airline_pb_history,600221.SH,Hainan Airlines Holdings,2026-05-22,9.07,akshare_baidu_valuation_history,"akshare.stock_zh_valuation_baidu(symbol=600221, indicator=市净率)",2026-08-08T20:42:28.083486+00:00,FY2025,2025-12-31,2026-04-18,751.993429530038,announced_on_or_before_observation_date
airline_pb_history,600221.SH,Hainan Airlines Holdings,2026-05-23,9.07,akshare_baidu_valuation_history,"akshare.stock_zh_valuation_baidu(symbol=600221, indicator=市净率)",2026-08-08T20:42:28.083486+00:00,FY2025,2025-12-31,2026-04-18,751.993429530038,announced_on_or_before_observation_date
airline_pb_history,600221.SH,Hainan Airlines Holdings,2026-05-24,9.07,akshare_baidu_valuation_history,"akshare.stock_zh_valuation_baidu(symbol=600221, indicator=市净率)",2026-08-08T20:42:28.083486+00:00,FY2025,2025-12-31,2026-04-18,751.993429530038,announced_on_or_before_observation_date
airline_pb_history,600221.SH,Hainan Airlines Holdings,2026-05-25,9.38,akshare_baidu_valuation_history,"akshare.stock_zh_valuation_baidu(symbol=600221, indicator=市净率)",2026-08-08T20:42:28.083486+00:00,FY2025,2025-12-31,2026-04-18,751.993429530038,announced_on_or_before_observation_date
airline_pb_history,600221.SH,Hainan Airlines Holdings,2026-05-26,9.32,akshare_baidu_valuation_history,"akshare.stock_zh_valuation_baidu(symbol=600221, indicator=市净率)",2026-08-08T20:42:28.083486+00:00,FY2025,2025-12-31,2026-04-18,751.993429530038,announced_on_or_before_observation_date
airline_pb_history,600221.SH,Hainan Airlines Holdings,2026-05-27,9.14,akshare_baidu_valuation_history,"akshare.stock_zh_valuation_baidu(symbol=600221, indicator=市净率)",2026-08-08T20:42:28.083486+00:00,FY2025,2025-12-31,2026-04-18,751.993429530038,announced_on_or_before_observation_date
airline_pb_history,600221.SH,Hainan Airlines Holdings,2026-05-28,9.14,akshare_baidu_valuation_history,"akshare.stock_zh_valuation_baidu(symbol=600221, indicator=市净率)",2026-08-08T20:42:28.083486+00:00,FY2025,2025-12-31,2026-04-18,751.993429530038,announced_on_or_before_observation_date
airline_pb_history,600221.SH,Hainan Airlines Holdings,2026-05-29,9.14,akshare_baidu_valuation_history,"akshare.stock_zh_valuation_baidu(symbol=600221, indicator=市净率)",2026-08-08T20:42:28.083486+00:00,FY2025,2025-12-31,2026-04-18,751.993429530038,announced_on_or_before_observation_date
airline_pb_history,600221.SH,Hainan Airlines Holdings,2026-05-30,9.14,akshare_baidu_valuation_history,"akshare.stock_zh_valuation_baidu(symbol=600221, indicator=市净率)",2026-08-08T20:42:28.083486+00:00,FY2025,2025-12-31,2026-04-18,751.993429530038,announced_on_or_before_observation_date
airline_pb_history,600221.SH,Hainan Airlines Holdings,2026-05-31,9.14,akshare_baidu_valuation_history,"akshare.stock_zh_valuation_baidu(symbol=600221, indicator=市净率)",2026-08-08T20:42:28.083486+00:00,FY2025,2025-12-31,2026-04-18,751.993429530038,announced_on_or_before_observation_date
airline_pb_history,600221.SH,Hainan Airlines Holdings,2026-06-01,9.45,akshare_baidu_valuation_history,"akshare.stock_zh_valuation_baidu(symbol=600221, indicator=市净率)",2026-08-08T20:42:28.083486+00:00,FY2025,2025-12-31,2026-04-18,751.993429530038,announced_on_or_before_observation_date
airline_pb_history,600221.SH,Hainan Airlines Holdings,2026-06-02,9.38,akshare_baidu_valuation_history,"akshare.stock_zh_valuation_baidu(symbol=600221, indicator=市净率)",2026-08-08T20:42:28.083486+00:00,FY2025,2025-12-31,2026-04-18,751.993429530038,announced_on_or_before_observation_date
airline_pb_history,600221.SH,Hainan Airlines Holdings,2026-06-03,9.26,akshare_baidu_valuation_history,"akshare.stock_zh_valuation_baidu(symbol=600221, indicator=市净率)",2026-08-08T20:42:28.083486+00:00,FY2025,2025-12-31,2026-04-18,751.993429530038,announced_on_or_before_observation_date
airline_pb_history,600221.SH,Hainan Airlines Holdings,2026-06-04,9.2,akshare_baidu_valuation_history,"akshare.stock_zh_valuation_baidu(symbol=600221, indicator=市净率)",2026-08-08T20:42:28.083486+00:00,FY2025,2025-12-31,2026-04-18,751.993429530038,announced_on_or_before_observation_date
airline_pb_history,600221.SH,Hainan Airlines Holdings,2026-06-05,9.26,akshare_baidu_valuation_history,"akshare.stock_zh_valuation_baidu(symbol=600221, indicator=市净率)",2026-08-08T20:42:28.083486+00:00,FY2025,2025-12-31,2026-04-18,751.993429530038,announced_on_or_before_observation_date
airline_pb_history,600221.SH,Hainan Airlines Holdings,2026-06-06,9.26,akshare_baidu_valuation_history,"akshare.stock_zh_valuation_baidu(symbol=600221, indicator=市净率)",2026-08-08T20:42:28.083486+00:00,FY2025,2025-12-31,2026-04-18,751.993429530038,announced_on_or_before_observation_date
airline_pb_history,600221.SH,Hainan Airlines Holdings,2026-06-07,9.26,akshare_baidu_valuation_history,"akshare.stock_zh_valuation_baidu(symbol=600221, indicator=市净率)",2026-08-08T20:42:28.083486+00:00,FY2025,2025-12-31,2026-04-18,751.993429530038,announced_on_or_before_observation_date
airline_pb_history,600221.SH,Hainan Airlines Holdings,2026-06-08,8.95,akshare_baidu_valuation_history,"akshare.stock_zh_valuation_baidu(symbol=600221, indicator=市净率)",2026-08-08T20:42:28.083486+00:00,FY2025,2025-12-31,2026-04-18,751.993429530038,announced_on_or_before_observation_date
airline_pb_history,600221.SH,Hainan Airlines Holdings,2026-06-09,9.07,akshare_baidu_valuation_history,"akshare.stock_zh_valuation_baidu(symbol=600221, indicator=市净率)",2026-08-08T20:42:28.083486+00:00,FY2025,2025-12-31,2026-04-18,751.993429530038,announced_on_or_before_observation_date
airline_pb_history,600221.SH,Hainan Airlines Holdings,2026-06-10,9.07,akshare_baidu_valuation_history,"akshare.stock_zh_valuation_baidu(symbol=600221, indicator=市净率)",2026-08-08T20:42:28.083486+00:00,FY2025,2025-12-31,2026-04-18,751.993429530038,announced_on_or_before_observation_date
airline_pb_history,600221.SH,Hainan Airlines Holdings,2026-06-11,9.2,akshare_baidu_valuation_history,"akshare.stock_zh_valuation_baidu(symbol=600221, indicator=市净率)",2026-08-08T20:42:28.083486+00:00,FY2025,2025-12-31,2026-04-18,751.993429530038,announced_on_or_before_observation_date
airline_pb_history,600221.SH,Hainan Airlines Holdings,2026-06-12,9.51,akshare_baidu_valuation_history,"akshare.stock_zh_valuation_baidu(symbol=600221, indicator=市净率)",2026-08-08T20:42:28.083486+00:00,FY2025,2025-12-31,2026-04-18,751.993429530038,announced_on_or_before_observation_date
airline_pb_history,600221.SH,Hainan Airlines Holdings,2026-06-13,9.51,akshare_baidu_valuation_history,"akshare.stock_zh_valuation_baidu(symbol=600221, indicator=市净率)",2026-08-08T20:42:28.083486+00:00,FY2025,2025-12-31,2026-04-18,751.993429530038,announced_on_or_before_observation_date
airline_pb_history,600221.SH,Hainan Airlines Holdings,2026-06-14,9.51,akshare_baidu_valuation_history,"akshare.stock_zh_valuation_baidu(symbol=600221, indicator=市净率)",2026-08-08T20:42:28.083486+00:00,FY2025,2025-12-31,2026-04-18,751.993429530038,announced_on_or_before_observation_date
airline_pb_history,600221.SH,Hainan Airlines Holdings,2026-06-15,9.45,akshare_baidu_valuation_history,"akshare.stock_zh_valuation_baidu(symbol=600221, indicator=市净率)",2026-08-08T20:42:28.083486+00:00,FY2025,2025-12-31,2026-04-18,751.993429530038,announced_on_or_before_observation_date
airline_pb_history,600221.SH,Hainan Airlines Holdings,2026-06-16,9.26,akshare_baidu_valuation_history,"akshare.stock_zh_valuation_baidu(symbol=600221, indicator=市净率)",2026-08-08T20:42:28.083486+00:00,FY2025,2025-12-31,2026-04-18,751.993429530038,announced_on_or_before_observation_date
airline_pb_history,600221.SH,Hainan Airlines Holdings,2026-06-17,9.2,akshare_baidu_valuation_history,"akshare.stock_zh_valuation_baidu(symbol=600221, indicator=市净率)",2026-08-08T20:42:28.083486+00:00,FY2025,2025-12-31,2026-04-18,751.993429530038,announced_on_or_before_observation_date
airline_pb_history,600221.SH,Hainan Airlines Holdings,2026-06-18,9.01,akshare_baidu_valuation_history,"akshare.stock_zh_valuation_baidu(symbol=600221, indicator=市净率)",2026-08-08T20:42:28.083486+00:00,FY2025,2025-12-31,2026-04-18,751.993429530038,announced_on_or_before_observation_date
airline_pb_history,600221.SH,Hainan Airlines Holdings,2026-06-19,9.01,akshare_baidu_valuation_history,"akshare.stock_zh_valuation_baidu(symbol=600221, indicator=市净率)",2026-08-08T20:42:28.083486+00:00,FY2025,2025-12-31,2026-04-18,751.993429530038,announced_on_or_before_observation_date
airline_pb_history,600221.SH,Hainan Airlines Holdings,2026-06-20,9.01,akshare_baidu_valuation_history,"akshare.stock_zh_valuation_baidu(symbol=600221, indicator=市净率)",2026-08-08T20:42:28.083486+00:00,FY2025,2025-12-31,2026-04-18,751.993429530038,announced_on_or_before_observation_date
airline_pb_history,600221.SH,Hainan Airlines Holdings,2026-06-21,9.01,akshare_baidu_valuation_history,"akshare.stock_zh_valuation_baidu(symbol=600221, indicator=市净率)",2026-08-08T20:42:28.083486+00:00,FY2025,2025-12-31,2026-04-18,751.993429530038,announced_on_or_before_observation_date
airline_pb_history,600221.SH,Hainan Airlines Holdings,2026-06-22,8.95,akshare_baidu_valuation_history,"akshare.stock_zh_valuation_baidu(symbol=600221, indicator=市净率)",2026-08-08T20:42:28.083486+00:00,FY2025,2025-12-31,2026-04-18,751.993429530038,announced_on_or_before_observation_date
airline_pb_history,600221.SH,Hainan Airlines Holdings,2026-06-23,8.89,akshare_baidu_valuation_history,"akshare.stock_zh_valuation_baidu(symbol=600221, indicator=市净率)",2026-08-08T20:42:28.083486+00:00,FY2025,2025-12-31,2026-04-18,751.993429530038,announced_on_or_before_observation_date
airline_pb_history,600221.SH,Hainan Airlines Holdings,2026-06-24,8.82,akshare_baidu_valuation_history,"akshare.stock_zh_valuation_baidu(symbol=600221, indicator=市净率)",2026-08-08T20:42:28.083486+00:00,FY2025,2025-12-31,2026-04-18,751.993429530038,announced_on_or_before_observation_date
airline_pb_history,600221.SH,Hainan Airlines Holdings,2026-06-25,8.89,akshare_baidu_valuation_history,"akshare.stock_zh_valuation_baidu(symbol=600221, indicator=市净率)",2026-08-08T20:42:28.083486+00:00,FY2025,2025-12-31,2026-04-18,751.993429530038,announced_on_or_before_observation_date
airline_pb_history,600221.SH,Hainan Airlines Holdings,2026-06-26,8.64,akshare_baidu_valuation_history,"akshare.stock_zh_valuation_baidu(symbol=600221, indicator=市净率)",2026-08-08T20:42:28.083486+00:00,FY2025,2025-12-31,2026-04-18,751.993429530038,announced_on_or_before_observation_date
airline_pb_history,600221.SH,Hainan Airlines Holdings,2026-06-27,8.64,akshare_baidu_valuation_history,"akshare.stock_zh_valuation_baidu(symbol=600221, indicator=市净率)",2026-08-08T20:42:28.083486+00:00,FY2025,2025-12-31,2026-04-18,751.993429530038,announced_on_or_before_observation_date
airline_pb_history,600221.SH,Hainan Airlines Holdings,2026-06-28,8.64,akshare_baidu_valuation_history,"akshare.stock_zh_valuation_baidu(symbol=600221, indicator=市净率)",2026-08-08T20:42:28.083486+00:00,FY2025,2025-12-31,2026-04-18,751.993429530038,announced_on_or_before_observation_date
airline_pb_history,600221.SH,Hainan Airlines Holdings,2026-06-29,8.58,akshare_baidu_valuation_history,"akshare.stock_zh_valuation_baidu(symbol=600221, indicator=市净率)",2026-08-08T20:42:28.083486+00:00,FY2025,2025-12-31,2026-04-18,751.993429530038,announced_on_or_before_observation_date
airline_pb_history,600221.SH,Hainan Airlines Holdings,2026-06-30,8.39,akshare_baidu_valuation_history,"akshare.stock_zh_valuation_baidu(symbol=600221, indicator=市净率)",2026-08-08T20:42:28.083486+00:00,FY2025,2025-12-31,2026-04-18,751.993429530038,announced_on_or_before_observation_date
airline_pb_history,600221.SH,Hainan Airlines Holdings,2026-07-01,8.58,akshare_baidu_valuation_history,"akshare.stock_zh_valuation_baidu(symbol=600221, indicator=市净率)",2026-08-08T20:42:28.083486+00:00,FY2025,2025-12-31,2026-04-18,751.993429530038,announced_on_or_before_observation_date
airline_pb_history,600221.SH,Hainan Airlines Holdings,2026-07-02,8.51,akshare_baidu_valuation_history,"akshare.stock_zh_valuation_baidu(symbol=600221, indicator=市净率)",2026-08-08T20:42:28.083486+00:00,FY2025,2025-12-31,2026-04-18,751.993429530038,announced_on_or_before_observation_date
airline_pb_history,600221.SH,Hainan Airlines Holdings,2026-07-03,8.51,akshare_baidu_valuation_history,"akshare.stock_zh_valuation_baidu(symbol=600221, indicator=市净率)",2026-08-08T20:42:28.083486+00:00,FY2025,2025-12-31,2026-04-18,751.993429530038,announced_on_or_before_observation_date
airline_pb_history,600221.SH,Hainan Airlines Holdings,2026-07-04,8.51,akshare_baidu_valuation_history,"akshare.stock_zh_valuation_baidu(symbol=600221, indicator=市净率)",2026-08-08T20:42:28.083486+00:00,FY2025,2025-12-31,2026-04-18,751.993429530038,announced_on_or_before_observation_date
airline_pb_history,600221.SH,Hainan Airlines Holdings,2026-07-05,8.51,akshare_baidu_valuation_history,"akshare.stock_zh_valuation_baidu(symbol=600221, indicator=市净率)",2026-08-08T20:42:28.083486+00:00,FY2025,2025-12-31,2026-04-18,751.993429530038,announced_on_or_before_observation_date
airline_pb_history,600221.SH,Hainan Airlines Holdings,2026-07-06,8.58,akshare_baidu_valuation_history,"akshare.stock_zh_valuation_baidu(symbol=600221, indicator=市净率)",2026-08-08T20:42:28.083486+00:00,FY2025,2025-12-31,2026-04-18,751.993429530038,announced_on_or_before_observation_date
airline_pb_history,600221.SH,Hainan Airlines Holdings,2026-07-07,8.39,akshare_baidu_valuation_history,"akshare.stock_zh_valuation_baidu(symbol=600221, indicator=市净率)",2026-08-08T20:42:28.083486+00:00,FY2025,2025-12-31,2026-04-18,751.993429530038,announced_on_or_before_observation_date
airline_pb_history,600221.SH,Hainan Airlines Holdings,2026-07-08,8.39,akshare_baidu_valuation_history,"akshare.stock_zh_valuation_baidu(symbol=600221, indicator=市净率)",2026-08-08T20:42:28.083486+00:00,FY2025,2025-12-31,2026-04-18,751.993429530038,announced_on_or_before_observation_date
airline_pb_history,600221.SH,Hainan Airlines Holdings,2026-07-09,8.2,akshare_baidu_valuation_history,"akshare.stock_zh_valuation_baidu(symbol=600221, indicator=市净率)",2026-08-08T20:42:28.083486+00:00,FY2025,2025-12-31,2026-04-18,751.993429530038,announced_on_or_before_observation_date
airline_pb_history,600221.SH,Hainan Airlines Holdings,2026-07-10,8.33,akshare_baidu_valuation_history,"akshare.stock_zh_valuation_baidu(symbol=600221, indicator=市净率)",2026-08-08T20:42:28.083486+00:00,FY2025,2025-12-31,2026-04-18,751.993429530038,announced_on_or_before_observation_date
airline_pb_history,600221.SH,Hainan Airlines Holdings,2026-07-11,8.33,akshare_baidu_valuation_history,"akshare.stock_zh_valuation_baidu(symbol=600221, indicator=市净率)",2026-08-08T20:42:28.083486+00:00,FY2025,2025-12-31,2026-04-18,751.993429530038,announced_on_or_before_observation_date
airline_pb_history,600221.SH,Hainan Airlines Holdings,2026-07-12,8.33,akshare_baidu_valuation_history,"akshare.stock_zh_valuation_baidu(symbol=600221, indicator=市净率)",2026-08-08T20:42:28.083486+00:00,FY2025,2025-12-31,2026-04-18,751.993429530038,announced_on_or_before_observation_date
airline_pb_history,600221.SH,Hainan Airlines Holdings,2026-07-13,8.14,akshare_baidu_valuation_history,"akshare.stock_zh_valuation_baidu(symbol=600221, indicator=市净率)",2026-08-08T20:42:28.083486+00:00,FY2025,2025-12-31,2026-04-18,751.993429530038,announced_on_or_before_observation_date
airline_pb_history,600221.SH,Hainan Airlines Holdings,2026-07-14,8.27,akshare_baidu_valuation_history,"akshare.stock_zh_valuation_baidu(symbol=600221, indicator=市净率)",2026-08-08T20:42:28.083486+00:00,FY2025,2025-12-31,2026-04-18,751.993429530038,announced_on_or_before_observation_date
airline_pb_history,600221.SH,Hainan Airlines Holdings,2026-07-15,8.33,akshare_baidu_valuation_history,"akshare.stock_zh_valuation_baidu(symbol=600221, indicator=市净率)",2026-08-08T20:42:28.083486+00:00,FY2025,2025-12-31,2026-04-18,751.993429530038,announced_on_or_before_observation_date
airline_pb_history,600221.SH,Hainan Airlines Holdings,2026-07-16,8.27,akshare_baidu_valuation_history,"akshare.stock_zh_valuation_baidu(symbol=600221, indicator=市净率)",2026-08-08T20:42:28.083486+00:00,FY2025,2025-12-31,2026-04-18,751.993429530038,announced_on_or_before_observation_date
airline_pb_history,600221.SH,Hainan Airlines Holdings,2026-07-17,8.2,akshare_baidu_valuation_history,"akshare.stock_zh_valuation_baidu(symbol=600221, indicator=市净率)",2026-08-08T20:42:28.083486+00:00,FY2025,2025-12-31,2026-04-18,751.993429530038,announced_on_or_before_observation_date
airline_pb_history,600221.SH,Hainan Airlines Holdings,2026-07-18,8.2,akshare_baidu_valuation_history,"akshare.stock_zh_valuation_baidu(symbol=600221, indicator=市净率)",2026-08-08T20:42:28.083486+00:00,FY2025,2025-12-31,2026-04-18,751.993429530038,announced_on_or_before_observation_date
airline_pb_history,600221.SH,Hainan Airlines Holdings,2026-07-19,8.2,akshare_baidu_valuation_history,"akshare.stock_zh_valuation_baidu(symbol=600221, indicator=市净率)",2026-08-08T20:42:28.083486+00:00,FY2025,2025-12-31,2026-04-18,751.993429530038,announced_on_or_before_observation_date
airline_pb_history,600221.SH,Hainan Airlines Holdings,2026-07-20,8.27,akshare_baidu_valuation_history,"akshare.stock_zh_valuation_baidu(symbol=600221, indicator=市净率)",2026-08-08T20:42:28.083486+00:00,FY2025,2025-12-31,2026-04-18,751.993429530038,announced_on_or_before_observation_date
airline_pb_history,600221.SH,Hainan Airlines Holdings,2026-07-21,8.33,akshare_baidu_valuation_history,"akshare.stock_zh_valuation_baidu(symbol=600221, indicator=市净率)",2026-08-08T20:42:28.083486+00:00,FY2025,2025-12-31,2026-04-18,751.993429530038,announced_on_or_before_observation_date
airline_pb_history,600221.SH,Hainan Airlines Holdings,2026-07-22,8.27,akshare_baidu_valuation_history,"akshare.stock_zh_valuation_baidu(symbol=600221, indicator=市净率)",2026-08-08T20:42:28.083486+00:00,FY2025,2025-12-31,2026-04-18,751.993429530038,announced_on_or_before_observation_date
airline_pb_history,600221.SH,Hainan Airlines Holdings,2026-07-23,8.39,akshare_baidu_valuation_history,"akshare.stock_zh_valuation_baidu(symbol=600221, indicator=市净率)",2026-08-08T20:42:28.083486+00:00,FY2025,2025-12-31,2026-04-18,751.993429530038,announced_on_or_before_observation_date
airline_pb_history,600221.SH,Hainan Airlines Holdings,2026-07-24,8.27,akshare_baidu_valuation_history,"akshare.stock_zh_valuation_baidu(symbol=600221, indicator=市净率)",2026-08-08T20:42:28.083486+00:00,FY2025,2025-12-31,2026-04-18,751.993429530038,announced_on_or_before_observation_date
airline_pb_history,600221.SH,Hainan Airlines Holdings,2026-07-25,8.27,akshare_baidu_valuation_history,"akshare.stock_zh_valuation_baidu(symbol=600221, indicator=市净率)",2026-08-08T20:42:28.083486+00:00,FY2025,2025-12-31,2026-04-18,751.993429530038,announced_on_or_before_observation_date
airline_pb_history,600221.SH,Hainan Airlines Holdings,2026-07-26,8.27,akshare_baidu_valuation_history,"akshare.stock_zh_valuation_baidu(symbol=600221, indicator=市净率)",2026-08-08T20:42:28.083486+00:00,FY2025,2025-12-31,2026-04-18,751.993429530038,announced_on_or_before_observation_date
airline_pb_history,600221.SH,Hainan Airlines Holdings,2026-07-27,8.33,akshare_baidu_valuation_history,"akshare.stock_zh_valuation_baidu(symbol=600221, indicator=市净率)",2026-08-08T20:42:28.083486+00:00,FY2025,2025-12-31,2026-04-18,751.993429530038,announced_on_or_before_observation_date
airline_pb_history,600221.SH,Hainan Airlines Holdings,2026-07-28,8.33,akshare_baidu_valuation_history,"akshare.stock_zh_valuation_baidu(symbol=600221, indicator=市净率)",2026-08-08T20:42:28.083486+00:00,FY2025,2025-12-31,2026-04-18,751.993429530038,announced_on_or_before_observation_date
airline_pb_history,600221.SH,Hainan Airlines Holdings,2026-07-29,8.39,akshare_baidu_valuation_history,"akshare.stock_zh_valuation_baidu(symbol=600221, indicator=市净率)",2026-08-08T20:42:28.083486+00:00,FY2025,2025-12-31,2026-04-18,751.993429530038,announced_on_or_before_observation_date
airline_pb_history,600221.SH,Hainan Airlines Holdings,2026-07-30,8.39,akshare_baidu_valuation_history,"akshare.stock_zh_valuation_baidu(symbol=600221, indicator=市净率)",2026-08-08T20:42:28.083486+00:00,FY2025,2025-12-31,2026-04-18,751.993429530038,announced_on_or_before_observation_date
airline_pb_history,600221.SH,Hainan Airlines Holdings,2026-07-31,8.51,akshare_baidu_valuation_history,"akshare.stock_zh_valuation_baidu(symbol=600221, indicator=市净率)",2026-08-08T20:42:28.083486+00:00,FY2025,2025-12-31,2026-04-18,751.993429530038,announced_on_or_before_observation_date
airline_pb_history,600221.SH,Hainan Airlines Holdings,2026-08-01,8.51,akshare_baidu_valuation_history,"akshare.stock_zh_valuation_baidu(symbol=600221, indicator=市净率)",2026-08-08T20:42:28.083486+00:00,FY2025,2025-12-31,2026-04-18,751.993429530038,announced_on_or_before_observation_date
airline_pb_history,600221.SH,Hainan Airlines Holdings,2026-08-02,8.51,akshare_baidu_valuation_history,"akshare.stock_zh_valuation_baidu(symbol=600221, indicator=市净率)",2026-08-08T20:42:28.083486+00:00,FY2025,2025-12-31,2026-04-18,751.993429530038,announced_on_or_before_observation_date
airline_pb_history,600221.SH,Hainan Airlines Holdings,2026-08-03,8.58,akshare_baidu_valuation_history,"akshare.stock_zh_valuation_baidu(symbol=600221, indicator=市净率)",2026-08-08T20:42:28.083486+00:00,FY2025,2025-12-31,2026-04-18,751.993429530038,announced_on_or_before_observation_date
airline_pb_history,600221.SH,Hainan Airlines Holdings,2026-08-04,8.45,akshare_baidu_valuation_history,"akshare.stock_zh_valuation_baidu(symbol=600221, indicator=市净率)",2026-08-08T20:42:28.083486+00:00,FY2025,2025-12-31,2026-04-18,751.993429530038,announced_on_or_before_observation_date
airline_pb_history,600221.SH,Hainan Airlines Holdings,2026-08-05,8.45,akshare_baidu_valuation_history,"akshare.stock_zh_valuation_baidu(symbol=600221, indicator=市净率)",2026-08-08T20:42:28.083486+00:00,FY2025,2025-12-31,2026-04-18,751.993429530038,announced_on_or_before_observation_date
airline_pb_history,600221.SH,Hainan Airlines Holdings,2026-08-06,8.33,akshare_baidu_valuation_history,"akshare.stock_zh_valuation_baidu(symbol=600221, indicator=市净率)",2026-08-08T20:42:28.083486+00:00,FY2025,2025-12-31,2026-04-18,751.993429530038,announced_on_or_before_observation_date
airline_pb_history,600221.SH,Hainan Airlines Holdings,2026-08-07,8.27,akshare_baidu_valuation_history,"akshare.stock_zh_valuation_baidu(symbol=600221, indicator=市净率)",2026-08-08T20:42:28.083486+00:00,FY2025,2025-12-31,2026-04-18,751.993429530038,announced_on_or_before_observation_date
airline_pb_history,600221.SH,Hainan Airlines Holdings,2026-08-08,8.27,akshare_baidu_valuation_history,"akshare.stock_zh_valuation_baidu(symbol=600221, indicator=市净率)",2026-08-08T20:42:28.083486+00:00,FY2025,2025-12-31,2026-04-18,751.993429530038,announced_on_or_before_observation_date
airline_pb_history,601021.SH,Spring Airlines,2025-08-09,2.89,akshare_baidu_valuation_history,"akshare.stock_zh_valuation_baidu(symbol=601021, indicator=市净率)",2026-08-08T20:42:28.083486+00:00,,,,,no_announced_equity_basis_available
airline_pb_history,601021.SH,Spring Airlines,2025-08-10,2.89,akshare_baidu_valuation_history,"akshare.stock_zh_valuation_baidu(symbol=601021, indicator=市净率)",2026-08-08T20:42:28.083486+00:00,,,,,no_announced_equity_basis_available
airline_pb_history,601021.SH,Spring Airlines,2025-08-11,2.9,akshare_baidu_valuation_history,"akshare.stock_zh_valuation_baidu(symbol=601021, indicator=市净率)",2026-08-08T20:42:28.083486+00:00,,,,,no_announced_equity_basis_available
airline_pb_history,601021.SH,Spring Airlines,2025-08-12,2.9,akshare_baidu_valuation_history,"akshare.stock_zh_valuation_baidu(symbol=601021, indicator=市净率)",2026-08-08T20:42:28.083486+00:00,,,,,no_announced_equity_basis_available
airline_pb_history,601021.SH,Spring Airlines,2025-08-13,2.91,akshare_baidu_valuation_history,"akshare.stock_zh_valuation_baidu(symbol=601021, indicator=市净率)",2026-08-08T20:42:28.083486+00:00,,,,,no_announced_equity_basis_available
airline_pb_history,601021.SH,Spring Airlines,2025-08-14,2.88,akshare_baidu_valuation_history,"akshare.stock_zh_valuation_baidu(symbol=601021, indicator=市净率)",2026-08-08T20:42:28.083486+00:00,,,,,no_announced_equity_basis_available
airline_pb_history,601021.SH,Spring Airlines,2025-08-15,2.91,akshare_baidu_valuation_history,"akshare.stock_zh_valuation_baidu(symbol=601021, indicator=市净率)",2026-08-08T20:42:28.083486+00:00,,,,,no_announced_equity_basis_available
airline_pb_history,601021.SH,Spring Airlines,2025-08-16,2.91,akshare_baidu_valuation_history,"akshare.stock_zh_valuation_baidu(symbol=601021, indicator=市净率)",2026-08-08T20:42:28.083486+00:00,,,,,no_announced_equity_basis_available
airline_pb_history,601021.SH,Spring Airlines,2025-08-17,2.91,akshare_baidu_valuation_history,"akshare.stock_zh_valuation_baidu(symbol=601021, indicator=市净率)",2026-08-08T20:42:28.083486+00:00,,,,,no_announced_equity_basis_available
airline_pb_history,601021.SH,Spring Airlines,2025-08-18,2.9,akshare_baidu_valuation_history,"akshare.stock_zh_valuation_baidu(symbol=601021, indicator=市净率)",2026-08-08T20:42:28.083486+00:00,,,,,no_announced_equity_basis_available
airline_pb_history,601021.SH,Spring Airlines,2025-08-19,2.9,akshare_baidu_valuation_history,"akshare.stock_zh_valuation_baidu(symbol=601021, indicator=市净率)",2026-08-08T20:42:28.083486+00:00,,,,,no_announced_equity_basis_available
airline_pb_history,601021.SH,Spring Airlines,2025-08-20,2.91,akshare_baidu_valuation_history,"akshare.stock_zh_valuation_baidu(symbol=601021, indicator=市净率)",2026-08-08T20:42:28.083486+00:00,,,,,no_announced_equity_basis_available
airline_pb_history,601021.SH,Spring Airlines,2025-08-21,2.94,akshare_baidu_valuation_history,"akshare.stock_zh_valuation_baidu(symbol=601021, indicator=市净率)",2026-08-08T20:42:28.083486+00:00,,,,,no_announced_equity_basis_available
airline_pb_history,601021.SH,Spring Airlines,2025-08-22,2.9,akshare_baidu_valuation_history,"akshare.stock_zh_valuation_baidu(symbol=601021, indicator=市净率)",2026-08-08T20:42:28.083486+00:00,,,,,no_announced_equity_basis_available
airline_pb_history,601021.SH,Spring Airlines,2025-08-23,2.9,akshare_baidu_valuation_history,"akshare.stock_zh_valuation_baidu(symbol=601021, indicator=市净率)",2026-08-08T20:42:28.083486+00:00,,,,,no_announced_equity_basis_available
airline_pb_history,601021.SH,Spring Airlines,2025-08-24,2.9,akshare_baidu_valuation_history,"akshare.stock_zh_valuation_baidu(symbol=601021, indicator=市净率)",2026-08-08T20:42:28.083486+00:00,,,,,no_announced_equity_basis_available
airline_pb_history,601021.SH,Spring Airlines,2025-08-25,2.94,akshare_baidu_valuation_history,"akshare.stock_zh_valuation_baidu(symbol=601021, indicator=市净率)",2026-08-08T20:42:28.083486+00:00,,,,,no_announced_equity_basis_available
airline_pb_history,601021.SH,Spring Airlines,2025-08-26,2.95,akshare_baidu_valuation_history,"akshare.stock_zh_valuation_baidu(symbol=601021, indicator=市净率)",2026-08-08T20:42:28.083486+00:00,,,,,no_announced_equity_basis_available
airline_pb_history,601021.SH,Spring Airlines,2025-08-27,2.97,akshare_baidu_valuation_history,"akshare.stock_zh_valuation_baidu(symbol=601021, indicator=市净率)",2026-08-08T20:42:28.083486+00:00,,,,,no_announced_equity_basis_available
airline_pb_history,601021.SH,Spring Airlines,2025-08-28,2.97,akshare_baidu_valuation_history,"akshare.stock_zh_valuation_baidu(symbol=601021, indicator=市净率)",2026-08-08T20:42:28.083486+00:00,,,,,no_announced_equity_basis_available
airline_pb_history,601021.SH,Spring Airlines,2025-08-29,2.98,akshare_baidu_valuation_history,"akshare.stock_zh_valuation_baidu(symbol=601021, indicator=市净率)",2026-08-08T20:42:28.083486+00:00,1H2025,2025-06-30,2025-08-29,2446.4677316574966,announced_on_or_before_observation_date
airline_pb_history,601021.SH,Spring Airlines,2025-08-30,2.98,akshare_baidu_valuation_history,"akshare.stock_zh_valuation_baidu(symbol=601021, indicator=市净率)",2026-08-08T20:42:28.083486+00:00,1H2025,2025-06-30,2025-08-29,2446.4677316574966,announced_on_or_before_observation_date
airline_pb_history,601021.SH,Spring Airlines,2025-08-31,2.98,akshare_baidu_valuation_history,"akshare.stock_zh_valuation_baidu(symbol=601021, indicator=市净率)",2026-08-08T20:42:28.083486+00:00,1H2025,2025-06-30,2025-08-29,2446.4677316574966,announced_on_or_before_observation_date
airline_pb_history,601021.SH,Spring Airlines,2025-09-01,2.92,akshare_baidu_valuation_history,"akshare.stock_zh_valuation_baidu(symbol=601021, indicator=市净率)",2026-08-08T20:42:28.083486+00:00,1H2025,2025-06-30,2025-08-29,2446.4677316574966,announced_on_or_before_observation_date
airline_pb_history,601021.SH,Spring Airlines,2025-09-02,2.9,akshare_baidu_valuation_history,"akshare.stock_zh_valuation_baidu(symbol=601021, indicator=市净率)",2026-08-08T20:42:28.083486+00:00,1H2025,2025-06-30,2025-08-29,2446.4677316574966,announced_on_or_before_observation_date
airline_pb_history,601021.SH,Spring Airlines,2025-09-03,2.92,akshare_baidu_valuation_history,"akshare.stock_zh_valuation_baidu(symbol=601021, indicator=市净率)",2026-08-08T20:42:28.083486+00:00,1H2025,2025-06-30,2025-08-29,2446.4677316574966,announced_on_or_before_observation_date
airline_pb_history,601021.SH,Spring Airlines,2025-09-04,2.93,akshare_baidu_valuation_history,"akshare.stock_zh_valuation_baidu(symbol=601021, indicator=市净率)",2026-08-08T20:42:28.083486+00:00,1H2025,2025-06-30,2025-08-29,2446.4677316574966,announced_on_or_before_observation_date
airline_pb_history,601021.SH,Spring Airlines,2025-09-05,2.95,akshare_baidu_valuation_history,"akshare.stock_zh_valuation_baidu(symbol=601021, indicator=市净率)",2026-08-08T20:42:28.083486+00:00,1H2025,2025-06-30,2025-08-29,2446.4677316574966,announced_on_or_before_observation_date
airline_pb_history,601021.SH,Spring Airlines,2025-09-06,2.95,akshare_baidu_valuation_history,"akshare.stock_zh_valuation_baidu(symbol=601021, indicator=市净率)",2026-08-08T20:42:28.083486+00:00,1H2025,2025-06-30,2025-08-29,2446.4677316574966,announced_on_or_before_observation_date
airline_pb_history,601021.SH,Spring Airlines,2025-09-07,2.95,akshare_baidu_valuation_history,"akshare.stock_zh_valuation_baidu(symbol=601021, indicator=市净率)",2026-08-08T20:42:28.083486+00:00,1H2025,2025-06-30,2025-08-29,2446.4677316574966,announced_on_or_before_observation_date
airline_pb_history,601021.SH,Spring Airlines,2025-09-08,3.04,akshare_baidu_valuation_history,"akshare.stock_zh_valuation_baidu(symbol=601021, indicator=市净率)",2026-08-08T20:42:28.083486+00:00,1H2025,2025-06-30,2025-08-29,2446.4677316574966,announced_on_or_before_observation_date
airline_pb_history,601021.SH,Spring Airlines,2025-09-09,3.01,akshare_baidu_valuation_history,"akshare.stock_zh_valuation_baidu(symbol=601021, indicator=市净率)",2026-08-08T20:42:28.083486+00:00,1H2025,2025-06-30,2025-08-29,2446.4677316574966,announced_on_or_before_observation_date
airline_pb_history,601021.SH,Spring Airlines,2025-09-10,2.98,akshare_baidu_valuation_history,"akshare.stock_zh_valuation_baidu(symbol=601021, indicator=市净率)",2026-08-08T20:42:28.083486+00:00,1H2025,2025-06-30,2025-08-29,2446.4677316574966,announced_on_or_before_observation_date
airline_pb_history,601021.SH,Spring Airlines,2025-09-11,2.96,akshare_baidu_valuation_history,"akshare.stock_zh_valuation_baidu(symbol=601021, indicator=市净率)",2026-08-08T20:42:28.083486+00:00,1H2025,2025-06-30,2025-08-29,2446.4677316574966,announced_on_or_before_observation_date
airline_pb_history,601021.SH,Spring Airlines,2025-09-12,2.97,akshare_baidu_valuation_history,"akshare.stock_zh_valuation_baidu(symbol=601021, indicator=市净率)",2026-08-08T20:42:28.083486+00:00,1H2025,2025-06-30,2025-08-29,2446.4677316574966,announced_on_or_before_observation_date
airline_pb_history,601021.SH,Spring Airlines,2025-09-13,2.97,akshare_baidu_valuation_history,"akshare.stock_zh_valuation_baidu(symbol=601021, indicator=市净率)",2026-08-08T20:42:28.083486+00:00,1H2025,2025-06-30,2025-08-29,2446.4677316574966,announced_on_or_before_observation_date
airline_pb_history,601021.SH,Spring Airlines,2025-09-14,2.97,akshare_baidu_valuation_history,"akshare.stock_zh_valuation_baidu(symbol=601021, indicator=市净率)",2026-08-08T20:42:28.083486+00:00,1H2025,2025-06-30,2025-08-29,2446.4677316574966,announced_on_or_before_observation_date
airline_pb_history,601021.SH,Spring Airlines,2025-09-15,2.93,akshare_baidu_valuation_history,"akshare.stock_zh_valuation_baidu(symbol=601021, indicator=市净率)",2026-08-08T20:42:28.083486+00:00,1H2025,2025-06-30,2025-08-29,2446.4677316574966,announced_on_or_before_observation_date
airline_pb_history,601021.SH,Spring Airlines,2025-09-16,2.99,akshare_baidu_valuation_history,"akshare.stock_zh_valuation_baidu(symbol=601021, indicator=市净率)",2026-08-08T20:42:28.083486+00:00,1H2025,2025-06-30,2025-08-29,2446.4677316574966,announced_on_or_before_observation_date
airline_pb_history,601021.SH,Spring Airlines,2025-09-17,3.03,akshare_baidu_valuation_history,"akshare.stock_zh_valuation_baidu(symbol=601021, indicator=市净率)",2026-08-08T20:42:28.083486+00:00,1H2025,2025-06-30,2025-08-29,2446.4677316574966,announced_on_or_before_observation_date
airline_pb_history,601021.SH,Spring Airlines,2025-09-18,2.98,akshare_baidu_valuation_history,"akshare.stock_zh_valuation_baidu(symbol=601021, indicator=市净率)",2026-08-08T20:42:28.083486+00:00,1H2025,2025-06-30,2025-08-29,2446.4677316574966,announced_on_or_before_observation_date
airline_pb_history,601021.SH,Spring Airlines,2025-09-19,3.02,akshare_baidu_valuation_history,"akshare.stock_zh_valuation_baidu(symbol=601021, indicator=市净率)",2026-08-08T20:42:28.083486+00:00,1H2025,2025-06-30,2025-08-29,2446.4677316574966,announced_on_or_before_observation_date
airline_pb_history,601021.SH,Spring Airlines,2025-09-20,3.02,akshare_baidu_valuation_history,"akshare.stock_zh_valuation_baidu(symbol=601021, indicator=市净率)",2026-08-08T20:42:28.083486+00:00,1H2025,2025-06-30,2025-08-29,2446.4677316574966,announced_on_or_before_observation_date
airline_pb_history,601021.SH,Spring Airlines,2025-09-21,3.02,akshare_baidu_valuation_history,"akshare.stock_zh_valuation_baidu(symbol=601021, indicator=市净率)",2026-08-08T20:42:28.083486+00:00,1H2025,2025-06-30,2025-08-29,2446.4677316574966,announced_on_or_before_observation_date
airline_pb_history,601021.SH,Spring Airlines,2025-09-22,2.98,akshare_baidu_valuation_history,"akshare.stock_zh_valuation_baidu(symbol=601021, indicator=市净率)",2026-08-08T20:42:28.083486+00:00,1H2025,2025-06-30,2025-08-29,2446.4677316574966,announced_on_or_before_observation_date
airline_pb_history,601021.SH,Spring Airlines,2025-09-23,2.93,akshare_baidu_valuation_history,"akshare.stock_zh_valuation_baidu(symbol=601021, indicator=市净率)",2026-08-08T20:42:28.083486+00:00,1H2025,2025-06-30,2025-08-29,2446.4677316574966,announced_on_or_before_observation_date
airline_pb_history,601021.SH,Spring Airlines,2025-09-24,2.93,akshare_baidu_valuation_history,"akshare.stock_zh_valuation_baidu(symbol=601021, indicator=市净率)",2026-08-08T20:42:28.083486+00:00,1H2025,2025-06-30,2025-08-29,2446.4677316574966,announced_on_or_before_observation_date
airline_pb_history,601021.SH,Spring Airlines,2025-09-25,2.94,akshare_baidu_valuation_history,"akshare.stock_zh_valuation_baidu(symbol=601021, indicator=市净率)",2026-08-08T20:42:28.083486+00:00,1H2025,2025-06-30,2025-08-29,2446.4677316574966,announced_on_or_before_observation_date
airline_pb_history,601021.SH,Spring Airlines,2025-09-26,2.99,akshare_baidu_valuation_history,"akshare.stock_zh_valuation_baidu(symbol=601021, indicator=市净率)",2026-08-08T20:42:28.083486+00:00,1H2025,2025-06-30,2025-08-29,2446.4677316574966,announced_on_or_before_observation_date
airline_pb_history,601021.SH,Spring Airlines,2025-09-27,2.99,akshare_baidu_valuation_history,"akshare.stock_zh_valuation_baidu(symbol=601021, indicator=市净率)",2026-08-08T20:42:28.083486+00:00,1H2025,2025-06-30,2025-08-29,2446.4677316574966,announced_on_or_before_observation_date
airline_pb_history,601021.SH,Spring Airlines,2025-09-28,2.99,akshare_baidu_valuation_history,"akshare.stock_zh_valuation_baidu(symbol=601021, indicator=市净率)",2026-08-08T20:42:28.083486+00:00,1H2025,2025-06-30,2025-08-29,2446.4677316574966,announced_on_or_before_observation_date
airline_pb_history,601021.SH,Spring Airlines,2025-09-29,2.99,akshare_baidu_valuation_history,"akshare.stock_zh_valuation_baidu(symbol=601021, indicator=市净率)",2026-08-08T20:42:28.083486+00:00,1H2025,2025-06-30,2025-08-29,2446.4677316574966,announced_on_or_before_observation_date
airline_pb_history,601021.SH,Spring Airlines,2025-09-30,2.99,akshare_baidu_valuation_history,"akshare.stock_zh_valuation_baidu(symbol=601021, indicator=市净率)",2026-08-08T20:42:28.083486+00:00,1H2025,2025-06-30,2025-08-29,2446.4677316574966,announced_on_or_before_observation_date
airline_pb_history,601021.SH,Spring Airlines,2025-10-01,2.99,akshare_baidu_valuation_history,"akshare.stock_zh_valuation_baidu(symbol=601021, indicator=市净率)",2026-08-08T20:42:28.083486+00:00,1H2025,2025-06-30,2025-08-29,2446.4677316574966,announced_on_or_before_observation_date
airline_pb_history,601021.SH,Spring Airlines,2025-10-02,2.99,akshare_baidu_valuation_history,"akshare.stock_zh_valuation_baidu(symbol=601021, indicator=市净率)",2026-08-08T20:42:28.083486+00:00,1H2025,2025-06-30,2025-08-29,2446.4677316574966,announced_on_or_before_observation_date
airline_pb_history,601021.SH,Spring Airlines,2025-10-03,2.99,akshare_baidu_valuation_history,"akshare.stock_zh_valuation_baidu(symbol=601021, indicator=市净率)",2026-08-08T20:42:28.083486+00:00,1H2025,2025-06-30,2025-08-29,2446.4677316574966,announced_on_or_before_observation_date
airline_pb_history,601021.SH,Spring Airlines,2025-10-04,2.99,akshare_baidu_valuation_history,"akshare.stock_zh_valuation_baidu(symbol=601021, indicator=市净率)",2026-08-08T20:42:28.083486+00:00,1H2025,2025-06-30,2025-08-29,2446.4677316574966,announced_on_or_before_observation_date
airline_pb_history,601021.SH,Spring Airlines,2025-10-05,2.99,akshare_baidu_valuation_history,"akshare.stock_zh_valuation_baidu(symbol=601021, indicator=市净率)",2026-08-08T20:42:28.083486+00:00,1H2025,2025-06-30,2025-08-29,2446.4677316574966,announced_on_or_before_observation_date
airline_pb_history,601021.SH,Spring Airlines,2025-10-06,2.99,akshare_baidu_valuation_history,"akshare.stock_zh_valuation_baidu(symbol=601021, indicator=市净率)",2026-08-08T20:42:28.083486+00:00,1H2025,2025-06-30,2025-08-29,2446.4677316574966,announced_on_or_before_observation_date
airline_pb_history,601021.SH,Spring Airlines,2025-10-07,2.99,akshare_baidu_valuation_history,"akshare.stock_zh_valuation_baidu(symbol=601021, indicator=市净率)",2026-08-08T20:42:28.083486+00:00,1H2025,2025-06-30,2025-08-29,2446.4677316574966,announced_on_or_before_observation_date
airline_pb_history,601021.SH,Spring Airlines,2025-10-08,2.99,akshare_baidu_valuation_history,"akshare.stock_zh_valuation_baidu(symbol=601021, indicator=市净率)",2026-08-08T20:42:28.083486+00:00,1H2025,2025-06-30,2025-08-29,2446.4677316574966,announced_on_or_before_observation_date
airline_pb_history,601021.SH,Spring Airlines,2025-10-09,2.98,akshare_baidu_valuation_history,"akshare.stock_zh_valuation_baidu(symbol=601021, indicator=市净率)",2026-08-08T20:42:28.083486+00:00,1H2025,2025-06-30,2025-08-29,2446.4677316574966,announced_on_or_before_observation_date
airline_pb_history,601021.SH,Spring Airlines,2025-10-10,2.96,akshare_baidu_valuation_history,"akshare.stock_zh_valuation_baidu(symbol=601021, indicator=市净率)",2026-08-08T20:42:28.083486+00:00,1H2025,2025-06-30,2025-08-29,2446.4677316574966,announced_on_or_before_observation_date
airline_pb_history,601021.SH,Spring Airlines,2025-10-11,2.96,akshare_baidu_valuation_history,"akshare.stock_zh_valuation_baidu(symbol=601021, indicator=市净率)",2026-08-08T20:42:28.083486+00:00,1H2025,2025-06-30,2025-08-29,2446.4677316574966,announced_on_or_before_observation_date
airline_pb_history,601021.SH,Spring Airlines,2025-10-12,2.96,akshare_baidu_valuation_history,"akshare.stock_zh_valuation_baidu(symbol=601021, indicator=市净率)",2026-08-08T20:42:28.083486+00:00,1H2025,2025-06-30,2025-08-29,2446.4677316574966,announced_on_or_before_observation_date
airline_pb_history,601021.SH,Spring Airlines,2025-10-13,2.9,akshare_baidu_valuation_history,"akshare.stock_zh_valuation_baidu(symbol=601021, indicator=市净率)",2026-08-08T20:42:28.083486+00:00,1H2025,2025-06-30,2025-08-29,2446.4677316574966,announced_on_or_before_observation_date
airline_pb_history,601021.SH,Spring Airlines,2025-10-14,2.91,akshare_baidu_valuation_history,"akshare.stock_zh_valuation_baidu(symbol=601021, indicator=市净率)",2026-08-08T20:42:28.083486+00:00,1H2025,2025-06-30,2025-08-29,2446.4677316574966,announced_on_or_before_observation_date
airline_pb_history,601021.SH,Spring Airlines,2025-10-15,3.0,akshare_baidu_valuation_history,"akshare.stock_zh_valuation_baidu(symbol=601021, indicator=市净率)",2026-08-08T20:42:28.083486+00:00,1H2025,2025-06-30,2025-08-29,2446.4677316574966,announced_on_or_before_observation_date
airline_pb_history,601021.SH,Spring Airlines,2025-10-16,2.96,akshare_baidu_valuation_history,"akshare.stock_zh_valuation_baidu(symbol=601021, indicator=市净率)",2026-08-08T20:42:28.083486+00:00,1H2025,2025-06-30,2025-08-29,2446.4677316574966,announced_on_or_before_observation_date
airline_pb_history,601021.SH,Spring Airlines,2025-10-17,3.0,akshare_baidu_valuation_history,"akshare.stock_zh_valuation_baidu(symbol=601021, indicator=市净率)",2026-08-08T20:42:28.083486+00:00,1H2025,2025-06-30,2025-08-29,2446.4677316574966,announced_on_or_before_observation_date
airline_pb_history,601021.SH,Spring Airlines,2025-10-18,3.0,akshare_baidu_valuation_history,"akshare.stock_zh_valuation_baidu(symbol=601021, indicator=市净率)",2026-08-08T20:42:28.083486+00:00,1H2025,2025-06-30,2025-08-29,2446.4677316574966,announced_on_or_before_observation_date
airline_pb_history,601021.SH,Spring Airlines,2025-10-19,3.0,akshare_baidu_valuation_history,"akshare.stock_zh_valuation_baidu(symbol=601021, indicator=市净率)",2026-08-08T20:42:28.083486+00:00,1H2025,2025-06-30,2025-08-29,2446.4677316574966,announced_on_or_before_observation_date
airline_pb_history,601021.SH,Spring Airlines,2025-10-20,3.05,akshare_baidu_valuation_history,"akshare.stock_zh_valuation_baidu(symbol=601021, indicator=市净率)",2026-08-08T20:42:28.083486+00:00,1H2025,2025-06-30,2025-08-29,2446.4677316574966,announced_on_or_before_observation_date
airline_pb_history,601021.SH,Spring Airlines,2025-10-21,3.06,akshare_baidu_valuation_history,"akshare.stock_zh_valuation_baidu(symbol=601021, indicator=市净率)",2026-08-08T20:42:28.083486+00:00,1H2025,2025-06-30,2025-08-29,2446.4677316574966,announced_on_or_before_observation_date
airline_pb_history,601021.SH,Spring Airlines,2025-10-22,3.03,akshare_baidu_valuation_history,"akshare.stock_zh_valuation_baidu(symbol=601021, indicator=市净率)",2026-08-08T20:42:28.083486+00:00,1H2025,2025-06-30,2025-08-29,2446.4677316574966,announced_on_or_before_observation_date
airline_pb_history,601021.SH,Spring Airlines,2025-10-23,3.02,akshare_baidu_valuation_history,"akshare.stock_zh_valuation_baidu(symbol=601021, indicator=市净率)",2026-08-08T20:42:28.083486+00:00,1H2025,2025-06-30,2025-08-29,2446.4677316574966,announced_on_or_before_observation_date
airline_pb_history,601021.SH,Spring Airlines,2025-10-24,2.96,akshare_baidu_valuation_history,"akshare.stock_zh_valuation_baidu(symbol=601021, indicator=市净率)",2026-08-08T20:42:28.083486+00:00,1H2025,2025-06-30,2025-08-29,2446.4677316574966,announced_on_or_before_observation_date
airline_pb_history,601021.SH,Spring Airlines,2025-10-25,2.96,akshare_baidu_valuation_history,"akshare.stock_zh_valuation_baidu(symbol=601021, indicator=市净率)",2026-08-08T20:42:28.083486+00:00,1H2025,2025-06-30,2025-08-29,2446.4677316574966,announced_on_or_before_observation_date
airline_pb_history,601021.SH,Spring Airlines,2025-10-26,2.96,akshare_baidu_valuation_history,"akshare.stock_zh_valuation_baidu(symbol=601021, indicator=市净率)",2026-08-08T20:42:28.083486+00:00,1H2025,2025-06-30,2025-08-29,2446.4677316574966,announced_on_or_before_observation_date
airline_pb_history,601021.SH,Spring Airlines,2025-10-27,2.94,akshare_baidu_valuation_history,"akshare.stock_zh_valuation_baidu(symbol=601021, indicator=市净率)",2026-08-08T20:42:28.083486+00:00,1H2025,2025-06-30,2025-08-29,2446.4677316574966,announced_on_or_before_observation_date
airline_pb_history,601021.SH,Spring Airlines,2025-10-28,2.95,akshare_baidu_valuation_history,"akshare.stock_zh_valuation_baidu(symbol=601021, indicator=市净率)",2026-08-08T20:42:28.083486+00:00,1H2025,2025-06-30,2025-08-29,2446.4677316574966,announced_on_or_before_observation_date
airline_pb_history,601021.SH,Spring Airlines,2025-10-29,2.95,akshare_baidu_valuation_history,"akshare.stock_zh_valuation_baidu(symbol=601021, indicator=市净率)",2026-08-08T20:42:28.083486+00:00,1H2025,2025-06-30,2025-08-29,2446.4677316574966,announced_on_or_before_observation_date
airline_pb_history,601021.SH,Spring Airlines,2025-10-30,2.98,akshare_baidu_valuation_history,"akshare.stock_zh_valuation_baidu(symbol=601021, indicator=市净率)",2026-08-08T20:42:28.083486+00:00,1H2025,2025-06-30,2025-08-29,2446.4677316574966,announced_on_or_before_observation_date
airline_pb_history,601021.SH,Spring Airlines,2025-10-31,2.88,akshare_baidu_valuation_history,"akshare.stock_zh_valuation_baidu(symbol=601021, indicator=市净率)",2026-08-08T20:42:28.083486+00:00,1H2025,2025-06-30,2025-08-29,2446.4677316574966,announced_on_or_before_observation_date
airline_pb_history,601021.SH,Spring Airlines,2025-11-01,2.88,akshare_baidu_valuation_history,"akshare.stock_zh_valuation_baidu(symbol=601021, indicator=市净率)",2026-08-08T20:42:28.083486+00:00,1H2025,2025-06-30,2025-08-29,2446.4677316574966,announced_on_or_before_observation_date
airline_pb_history,601021.SH,Spring Airlines,2025-11-02,2.88,akshare_baidu_valuation_history,"akshare.stock_zh_valuation_baidu(symbol=601021, indicator=市净率)",2026-08-08T20:42:28.083486+00:00,1H2025,2025-06-30,2025-08-29,2446.4677316574966,announced_on_or_before_observation_date
airline_pb_history,601021.SH,Spring Airlines,2025-11-03,2.87,akshare_baidu_valuation_history,"akshare.stock_zh_valuation_baidu(symbol=601021, indicator=市净率)",2026-08-08T20:42:28.083486+00:00,1H2025,2025-06-30,2025-08-29,2446.4677316574966,announced_on_or_before_observation_date
airline_pb_history,601021.SH,Spring Airlines,2025-11-04,2.92,akshare_baidu_valuation_history,"akshare.stock_zh_valuation_baidu(symbol=601021, indicator=市净率)",2026-08-08T20:42:28.083486+00:00,1H2025,2025-06-30,2025-08-29,2446.4677316574966,announced_on_or_before_observation_date
airline_pb_history,601021.SH,Spring Airlines,2025-11-05,2.99,akshare_baidu_valuation_history,"akshare.stock_zh_valuation_baidu(symbol=601021, indicator=市净率)",2026-08-08T20:42:28.083486+00:00,1H2025,2025-06-30,2025-08-29,2446.4677316574966,announced_on_or_before_observation_date
airline_pb_history,601021.SH,Spring Airlines,2025-11-06,3.0,akshare_baidu_valuation_history,"akshare.stock_zh_valuation_baidu(symbol=601021, indicator=市净率)",2026-08-08T20:42:28.083486+00:00,1H2025,2025-06-30,2025-08-29,2446.4677316574966,announced_on_or_before_observation_date
airline_pb_history,601021.SH,Spring Airlines,2025-11-07,2.99,akshare_baidu_valuation_history,"akshare.stock_zh_valuation_baidu(symbol=601021, indicator=市净率)",2026-08-08T20:42:28.083486+00:00,1H2025,2025-06-30,2025-08-29,2446.4677316574966,announced_on_or_before_observation_date
airline_pb_history,601021.SH,Spring Airlines,2025-11-08,2.99,akshare_baidu_valuation_history,"akshare.stock_zh_valuation_baidu(symbol=601021, indicator=市净率)",2026-08-08T20:42:28.083486+00:00,1H2025,2025-06-30,2025-08-29,2446.4677316574966,announced_on_or_before_observation_date
airline_pb_history,601021.SH,Spring Airlines,2025-11-09,2.99,akshare_baidu_valuation_history,"akshare.stock_zh_valuation_baidu(symbol=601021, indicator=市净率)",2026-08-08T20:42:28.083486+00:00,1H2025,2025-06-30,2025-08-29,2446.4677316574966,announced_on_or_before_observation_date
airline_pb_history,601021.SH,Spring Airlines,2025-11-10,3.14,akshare_baidu_valuation_history,"akshare.stock_zh_valuation_baidu(symbol=601021, indicator=市净率)",2026-08-08T20:42:28.083486+00:00,1H2025,2025-06-30,2025-08-29,2446.4677316574966,announced_on_or_before_observation_date
airline_pb_history,601021.SH,Spring Airlines,2025-11-11,3.17,akshare_baidu_valuation_history,"akshare.stock_zh_valuation_baidu(symbol=601021, indicator=市净率)",2026-08-08T20:42:28.083486+00:00,1H2025,2025-06-30,2025-08-29,2446.4677316574966,announced_on_or_before_observation_date
airline_pb_history,601021.SH,Spring Airlines,2025-11-12,3.17,akshare_baidu_valuation_history,"akshare.stock_zh_valuation_baidu(symbol=601021, indicator=市净率)",2026-08-08T20:42:28.083486+00:00,1H2025,2025-06-30,2025-08-29,2446.4677316574966,announced_on_or_before_observation_date
airline_pb_history,601021.SH,Spring Airlines,2025-11-13,3.22,akshare_baidu_valuation_history,"akshare.stock_zh_valuation_baidu(symbol=601021, indicator=市净率)",2026-08-08T20:42:28.083486+00:00,1H2025,2025-06-30,2025-08-29,2446.4677316574966,announced_on_or_before_observation_date
airline_pb_history,601021.SH,Spring Airlines,2025-11-14,3.18,akshare_baidu_valuation_history,"akshare.stock_zh_valuation_baidu(symbol=601021, indicator=市净率)",2026-08-08T20:42:28.083486+00:00,1H2025,2025-06-30,2025-08-29,2446.4677316574966,announced_on_or_before_observation_date
airline_pb_history,601021.SH,Spring Airlines,2025-11-15,3.18,akshare_baidu_valuation_history,"akshare.stock_zh_valuation_baidu(symbol=601021, indicator=市净率)",2026-08-08T20:42:28.083486+00:00,1H2025,2025-06-30,2025-08-29,2446.4677316574966,announced_on_or_before_observation_date
airline_pb_history,601021.SH,Spring Airlines,2025-11-16,3.18,akshare_baidu_valuation_history,"akshare.stock_zh_valuation_baidu(symbol=601021, indicator=市净率)",2026-08-08T20:42:28.083486+00:00,1H2025,2025-06-30,2025-08-29,2446.4677316574966,announced_on_or_before_observation_date
airline_pb_history,601021.SH,Spring Airlines,2025-11-17,3.02,akshare_baidu_valuation_history,"akshare.stock_zh_valuation_baidu(symbol=601021, indicator=市净率)",2026-08-08T20:42:28.083486+00:00,1H2025,2025-06-30,2025-08-29,2446.4677316574966,announced_on_or_before_observation_date
airline_pb_history,601021.SH,Spring Airlines,2025-11-18,2.96,akshare_baidu_valuation_history,"akshare.stock_zh_valuation_baidu(symbol=601021, indicator=市净率)",2026-08-08T20:42:28.083486+00:00,1H2025,2025-06-30,2025-08-29,2446.4677316574966,announced_on_or_before_observation_date
airline_pb_history,601021.SH,Spring Airlines,2025-11-19,3.02,akshare_baidu_valuation_history,"akshare.stock_zh_valuation_baidu(symbol=601021, indicator=市净率)",2026-08-08T20:42:28.083486+00:00,1H2025,2025-06-30,2025-08-29,2446.4677316574966,announced_on_or_before_observation_date
airline_pb_history,601021.SH,Spring Airlines,2025-11-20,3.01,akshare_baidu_valuation_history,"akshare.stock_zh_valuation_baidu(symbol=601021, indicator=市净率)",2026-08-08T20:42:28.083486+00:00,1H2025,2025-06-30,2025-08-29,2446.4677316574966,announced_on_or_before_observation_date
airline_pb_history,601021.SH,Spring Airlines,2025-11-21,2.98,akshare_baidu_valuation_history,"akshare.stock_zh_valuation_baidu(symbol=601021, indicator=市净率)",2026-08-08T20:42:28.083486+00:00,1H2025,2025-06-30,2025-08-29,2446.4677316574966,announced_on_or_before_observation_date
airline_pb_history,601021.SH,Spring Airlines,2025-11-22,2.98,akshare_baidu_valuation_history,"akshare.stock_zh_valuation_baidu(symbol=601021, indicator=市净率)",2026-08-08T20:42:28.083486+00:00,1H2025,2025-06-30,2025-08-29,2446.4677316574966,announced_on_or_before_observation_date
airline_pb_history,601021.SH,Spring Airlines,2025-11-23,2.98,akshare_baidu_valuation_history,"akshare.stock_zh_valuation_baidu(symbol=601021, indicator=市净率)",2026-08-08T20:42:28.083486+00:00,1H2025,2025-06-30,2025-08-29,2446.4677316574966,announced_on_or_before_observation_date
airline_pb_history,601021.SH,Spring Airlines,2025-11-24,2.96,akshare_baidu_valuation_history,"akshare.stock_zh_valuation_baidu(symbol=601021, indicator=市净率)",2026-08-08T20:42:28.083486+00:00,1H2025,2025-06-30,2025-08-29,2446.4677316574966,announced_on_or_before_observation_date
airline_pb_history,601021.SH,Spring Airlines,2025-11-25,2.92,akshare_baidu_valuation_history,"akshare.stock_zh_valuation_baidu(symbol=601021, indicator=市净率)",2026-08-08T20:42:28.083486+00:00,1H2025,2025-06-30,2025-08-29,2446.4677316574966,announced_on_or_before_observation_date
airline_pb_history,601021.SH,Spring Airlines,2025-11-26,2.95,akshare_baidu_valuation_history,"akshare.stock_zh_valuation_baidu(symbol=601021, indicator=市净率)",2026-08-08T20:42:28.083486+00:00,1H2025,2025-06-30,2025-08-29,2446.4677316574966,announced_on_or_before_observation_date
airline_pb_history,601021.SH,Spring Airlines,2025-11-27,2.95,akshare_baidu_valuation_history,"akshare.stock_zh_valuation_baidu(symbol=601021, indicator=市净率)",2026-08-08T20:42:28.083486+00:00,1H2025,2025-06-30,2025-08-29,2446.4677316574966,announced_on_or_before_observation_date
airline_pb_history,601021.SH,Spring Airlines,2025-11-28,2.96,akshare_baidu_valuation_history,"akshare.stock_zh_valuation_baidu(symbol=601021, indicator=市净率)",2026-08-08T20:42:28.083486+00:00,1H2025,2025-06-30,2025-08-29,2446.4677316574966,announced_on_or_before_observation_date
airline_pb_history,601021.SH,Spring Airlines,2025-11-29,2.96,akshare_baidu_valuation_history,"akshare.stock_zh_valuation_baidu(symbol=601021, indicator=市净率)",2026-08-08T20:42:28.083486+00:00,1H2025,2025-06-30,2025-08-29,2446.4677316574966,announced_on_or_before_observation_date
airline_pb_history,601021.SH,Spring Airlines,2025-11-30,2.96,akshare_baidu_valuation_history,"akshare.stock_zh_valuation_baidu(symbol=601021, indicator=市净率)",2026-08-08T20:42:28.083486+00:00,1H2025,2025-06-30,2025-08-29,2446.4677316574966,announced_on_or_before_observation_date
airline_pb_history,601021.SH,Spring Airlines,2025-12-01,2.99,akshare_baidu_valuation_history,"akshare.stock_zh_valuation_baidu(symbol=601021, indicator=市净率)",2026-08-08T20:42:28.083486+00:00,1H2025,2025-06-30,2025-08-29,2446.4677316574966,announced_on_or_before_observation_date
airline_pb_history,601021.SH,Spring Airlines,2025-12-02,2.95,akshare_baidu_valuation_history,"akshare.stock_zh_valuation_baidu(symbol=601021, indicator=市净率)",2026-08-08T20:42:28.083486+00:00,1H2025,2025-06-30,2025-08-29,2446.4677316574966,announced_on_or_before_observation_date
airline_pb_history,601021.SH,Spring Airlines,2025-12-03,3.0,akshare_baidu_valuation_history,"akshare.stock_zh_valuation_baidu(symbol=601021, indicator=市净率)",2026-08-08T20:42:28.083486+00:00,1H2025,2025-06-30,2025-08-29,2446.4677316574966,announced_on_or_before_observation_date
airline_pb_history,601021.SH,Spring Airlines,2025-12-04,2.96,akshare_baidu_valuation_history,"akshare.stock_zh_valuation_baidu(symbol=601021, indicator=市净率)",2026-08-08T20:42:28.083486+00:00,1H2025,2025-06-30,2025-08-29,2446.4677316574966,announced_on_or_before_observation_date
airline_pb_history,601021.SH,Spring Airlines,2025-12-05,2.97,akshare_baidu_valuation_history,"akshare.stock_zh_valuation_baidu(symbol=601021, indicator=市净率)",2026-08-08T20:42:28.083486+00:00,1H2025,2025-06-30,2025-08-29,2446.4677316574966,announced_on_or_before_observation_date
airline_pb_history,601021.SH,Spring Airlines,2025-12-06,2.97,akshare_baidu_valuation_history,"akshare.stock_zh_valuation_baidu(symbol=601021, indicator=市净率)",2026-08-08T20:42:28.083486+00:00,1H2025,2025-06-30,2025-08-29,2446.4677316574966,announced_on_or_before_observation_date
airline_pb_history,601021.SH,Spring Airlines,2025-12-07,2.97,akshare_baidu_valuation_history,"akshare.stock_zh_valuation_baidu(symbol=601021, indicator=市净率)",2026-08-08T20:42:28.083486+00:00,1H2025,2025-06-30,2025-08-29,2446.4677316574966,announced_on_or_before_observation_date
airline_pb_history,601021.SH,Spring Airlines,2025-12-08,2.93,akshare_baidu_valuation_history,"akshare.stock_zh_valuation_baidu(symbol=601021, indicator=市净率)",2026-08-08T20:42:28.083486+00:00,1H2025,2025-06-30,2025-08-29,2446.4677316574966,announced_on_or_before_observation_date
airline_pb_history,601021.SH,Spring Airlines,2025-12-09,2.87,akshare_baidu_valuation_history,"akshare.stock_zh_valuation_baidu(symbol=601021, indicator=市净率)",2026-08-08T20:42:28.083486+00:00,1H2025,2025-06-30,2025-08-29,2446.4677316574966,announced_on_or_before_observation_date
airline_pb_history,601021.SH,Spring Airlines,2025-12-10,2.87,akshare_baidu_valuation_history,"akshare.stock_zh_valuation_baidu(symbol=601021, indicator=市净率)",2026-08-08T20:42:28.083486+00:00,1H2025,2025-06-30,2025-08-29,2446.4677316574966,announced_on_or_before_observation_date
airline_pb_history,601021.SH,Spring Airlines,2025-12-11,2.83,akshare_baidu_valuation_history,"akshare.stock_zh_valuation_baidu(symbol=601021, indicator=市净率)",2026-08-08T20:42:28.083486+00:00,1H2025,2025-06-30,2025-08-29,2446.4677316574966,announced_on_or_before_observation_date
airline_pb_history,601021.SH,Spring Airlines,2025-12-12,2.82,akshare_baidu_valuation_history,"akshare.stock_zh_valuation_baidu(symbol=601021, indicator=市净率)",2026-08-08T20:42:28.083486+00:00,1H2025,2025-06-30,2025-08-29,2446.4677316574966,announced_on_or_before_observation_date
airline_pb_history,601021.SH,Spring Airlines,2025-12-13,2.82,akshare_baidu_valuation_history,"akshare.stock_zh_valuation_baidu(symbol=601021, indicator=市净率)",2026-08-08T20:42:28.083486+00:00,1H2025,2025-06-30,2025-08-29,2446.4677316574966,announced_on_or_before_observation_date
airline_pb_history,601021.SH,Spring Airlines,2025-12-14,2.82,akshare_baidu_valuation_history,"akshare.stock_zh_valuation_baidu(symbol=601021, indicator=市净率)",2026-08-08T20:42:28.083486+00:00,1H2025,2025-06-30,2025-08-29,2446.4677316574966,announced_on_or_before_observation_date
airline_pb_history,601021.SH,Spring Airlines,2025-12-15,2.82,akshare_baidu_valuation_history,"akshare.stock_zh_valuation_baidu(symbol=601021, indicator=市净率)",2026-08-08T20:42:28.083486+00:00,1H2025,2025-06-30,2025-08-29,2446.4677316574966,announced_on_or_before_observation_date
airline_pb_history,601021.SH,Spring Airlines,2025-12-16,2.89,akshare_baidu_valuation_history,"akshare.stock_zh_valuation_baidu(symbol=601021, indicator=市净率)",2026-08-08T20:42:28.083486+00:00,1H2025,2025-06-30,2025-08-29,2446.4677316574966,announced_on_or_before_observation_date
airline_pb_history,601021.SH,Spring Airlines,2025-12-17,2.93,akshare_baidu_valuation_history,"akshare.stock_zh_valuation_baidu(symbol=601021, indicator=市净率)",2026-08-08T20:42:28.083486+00:00,1H2025,2025-06-30,2025-08-29,2446.4677316574966,announced_on_or_before_observation_date
airline_pb_history,601021.SH,Spring Airlines,2025-12-18,2.98,akshare_baidu_valuation_history,"akshare.stock_zh_valuation_baidu(symbol=601021, indicator=市净率)",2026-08-08T20:42:28.083486+00:00,1H2025,2025-06-30,2025-08-29,2446.4677316574966,announced_on_or_before_observation_date
airline_pb_history,601021.SH,Spring Airlines,2025-12-19,3.0,akshare_baidu_valuation_history,"akshare.stock_zh_valuation_baidu(symbol=601021, indicator=市净率)",2026-08-08T20:42:28.083486+00:00,1H2025,2025-06-30,2025-08-29,2446.4677316574966,announced_on_or_before_observation_date
airline_pb_history,601021.SH,Spring Airlines,2025-12-20,3.0,akshare_baidu_valuation_history,"akshare.stock_zh_valuation_baidu(symbol=601021, indicator=市净率)",2026-08-08T20:42:28.083486+00:00,1H2025,2025-06-30,2025-08-29,2446.4677316574966,announced_on_or_before_observation_date
airline_pb_history,601021.SH,Spring Airlines,2025-12-21,3.0,akshare_baidu_valuation_history,"akshare.stock_zh_valuation_baidu(symbol=601021, indicator=市净率)",2026-08-08T20:42:28.083486+00:00,1H2025,2025-06-30,2025-08-29,2446.4677316574966,announced_on_or_before_observation_date
airline_pb_history,601021.SH,Spring Airlines,2025-12-22,3.02,akshare_baidu_valuation_history,"akshare.stock_zh_valuation_baidu(symbol=601021, indicator=市净率)",2026-08-08T20:42:28.083486+00:00,1H2025,2025-06-30,2025-08-29,2446.4677316574966,announced_on_or_before_observation_date
airline_pb_history,601021.SH,Spring Airlines,2025-12-23,3.03,akshare_baidu_valuation_history,"akshare.stock_zh_valuation_baidu(symbol=601021, indicator=市净率)",2026-08-08T20:42:28.083486+00:00,1H2025,2025-06-30,2025-08-29,2446.4677316574966,announced_on_or_before_observation_date
airline_pb_history,601021.SH,Spring Airlines,2025-12-24,2.99,akshare_baidu_valuation_history,"akshare.stock_zh_valuation_baidu(symbol=601021, indicator=市净率)",2026-08-08T20:42:28.083486+00:00,1H2025,2025-06-30,2025-08-29,2446.4677316574966,announced_on_or_before_observation_date
airline_pb_history,601021.SH,Spring Airlines,2025-12-25,3.03,akshare_baidu_valuation_history,"akshare.stock_zh_valuation_baidu(symbol=601021, indicator=市净率)",2026-08-08T20:42:28.083486+00:00,1H2025,2025-06-30,2025-08-29,2446.4677316574966,announced_on_or_before_observation_date
airline_pb_history,601021.SH,Spring Airlines,2025-12-26,3.04,akshare_baidu_valuation_history,"akshare.stock_zh_valuation_baidu(symbol=601021, indicator=市净率)",2026-08-08T20:42:28.083486+00:00,1H2025,2025-06-30,2025-08-29,2446.4677316574966,announced_on_or_before_observation_date
airline_pb_history,601021.SH,Spring Airlines,2025-12-27,3.04,akshare_baidu_valuation_history,"akshare.stock_zh_valuation_baidu(symbol=601021, indicator=市净率)",2026-08-08T20:42:28.083486+00:00,1H2025,2025-06-30,2025-08-29,2446.4677316574966,announced_on_or_before_observation_date
airline_pb_history,601021.SH,Spring Airlines,2025-12-28,3.04,akshare_baidu_valuation_history,"akshare.stock_zh_valuation_baidu(symbol=601021, indicator=市净率)",2026-08-08T20:42:28.083486+00:00,1H2025,2025-06-30,2025-08-29,2446.4677316574966,announced_on_or_before_observation_date
airline_pb_history,601021.SH,Spring Airlines,2025-12-29,3.14,akshare_baidu_valuation_history,"akshare.stock_zh_valuation_baidu(symbol=601021, indicator=市净率)",2026-08-08T20:42:28.083486+00:00,1H2025,2025-06-30,2025-08-29,2446.4677316574966,announced_on_or_before_observation_date
airline_pb_history,601021.SH,Spring Airlines,2025-12-30,3.1,akshare_baidu_valuation_history,"akshare.stock_zh_valuation_baidu(symbol=601021, indicator=市净率)",2026-08-08T20:42:28.083486+00:00,1H2025,2025-06-30,2025-08-29,2446.4677316574966,announced_on_or_before_observation_date
airline_pb_history,601021.SH,Spring Airlines,2025-12-31,3.2,akshare_baidu_valuation_history,"akshare.stock_zh_valuation_baidu(symbol=601021, indicator=市净率)",2026-08-08T20:42:28.083486+00:00,1H2025,2025-06-30,2025-08-29,2446.4677316574966,announced_on_or_before_observation_date
airline_pb_history,601021.SH,Spring Airlines,2026-01-01,3.2,akshare_baidu_valuation_history,"akshare.stock_zh_valuation_baidu(symbol=601021, indicator=市净率)",2026-08-08T20:42:28.083486+00:00,1H2025,2025-06-30,2025-08-29,2446.4677316574966,announced_on_or_before_observation_date
airline_pb_history,601021.SH,Spring Airlines,2026-01-02,3.2,akshare_baidu_valuation_history,"akshare.stock_zh_valuation_baidu(symbol=601021, indicator=市净率)",2026-08-08T20:42:28.083486+00:00,1H2025,2025-06-30,2025-08-29,2446.4677316574966,announced_on_or_before_observation_date
airline_pb_history,601021.SH,Spring Airlines,2026-01-03,3.2,akshare_baidu_valuation_history,"akshare.stock_zh_valuation_baidu(symbol=601021, indicator=市净率)",2026-08-08T20:42:28.083486+00:00,1H2025,2025-06-30,2025-08-29,2446.4677316574966,announced_on_or_before_observation_date
airline_pb_history,601021.SH,Spring Airlines,2026-01-04,3.2,akshare_baidu_valuation_history,"akshare.stock_zh_valuation_baidu(symbol=601021, indicator=市净率)",2026-08-08T20:42:28.083486+00:00,1H2025,2025-06-30,2025-08-29,2446.4677316574966,announced_on_or_before_observation_date
airline_pb_history,601021.SH,Spring Airlines,2026-01-05,3.19,akshare_baidu_valuation_history,"akshare.stock_zh_valuation_baidu(symbol=601021, indicator=市净率)",2026-08-08T20:42:28.083486+00:00,1H2025,2025-06-30,2025-08-29,2446.4677316574966,announced_on_or_before_observation_date
airline_pb_history,601021.SH,Spring Airlines,2026-01-06,3.16,akshare_baidu_valuation_history,"akshare.stock_zh_valuation_baidu(symbol=601021, indicator=市净率)",2026-08-08T20:42:28.083486+00:00,1H2025,2025-06-30,2025-08-29,2446.4677316574966,announced_on_or_before_observation_date
airline_pb_history,601021.SH,Spring Airlines,2026-01-07,3.18,akshare_baidu_valuation_history,"akshare.stock_zh_valuation_baidu(symbol=601021, indicator=市净率)",2026-08-08T20:42:28.083486+00:00,1H2025,2025-06-30,2025-08-29,2446.4677316574966,announced_on_or_before_observation_date
airline_pb_history,601021.SH,Spring Airlines,2026-01-08,3.2,akshare_baidu_valuation_history,"akshare.stock_zh_valuation_baidu(symbol=601021, indicator=市净率)",2026-08-08T20:42:28.083486+00:00,1H2025,2025-06-30,2025-08-29,2446.4677316574966,announced_on_or_before_observation_date
airline_pb_history,601021.SH,Spring Airlines,2026-01-09,3.14,akshare_baidu_valuation_history,"akshare.stock_zh_valuation_baidu(symbol=601021, indicator=市净率)",2026-08-08T20:42:28.083486+00:00,1H2025,2025-06-30,2025-08-29,2446.4677316574966,announced_on_or_before_observation_date
airline_pb_history,601021.SH,Spring Airlines,2026-01-10,3.14,akshare_baidu_valuation_history,"akshare.stock_zh_valuation_baidu(symbol=601021, indicator=市净率)",2026-08-08T20:42:28.083486+00:00,1H2025,2025-06-30,2025-08-29,2446.4677316574966,announced_on_or_before_observation_date
airline_pb_history,601021.SH,Spring Airlines,2026-01-11,3.14,akshare_baidu_valuation_history,"akshare.stock_zh_valuation_baidu(symbol=601021, indicator=市净率)",2026-08-08T20:42:28.083486+00:00,1H2025,2025-06-30,2025-08-29,2446.4677316574966,announced_on_or_before_observation_date
airline_pb_history,601021.SH,Spring Airlines,2026-01-12,3.17,akshare_baidu_valuation_history,"akshare.stock_zh_valuation_baidu(symbol=601021, indicator=市净率)",2026-08-08T20:42:28.083486+00:00,1H2025,2025-06-30,2025-08-29,2446.4677316574966,announced_on_or_before_observation_date
airline_pb_history,601021.SH,Spring Airlines,2026-01-13,3.11,akshare_baidu_valuation_history,"akshare.stock_zh_valuation_baidu(symbol=601021, indicator=市净率)",2026-08-08T20:42:28.083486+00:00,1H2025,2025-06-30,2025-08-29,2446.4677316574966,announced_on_or_before_observation_date
airline_pb_history,601021.SH,Spring Airlines,2026-01-14,3.09,akshare_baidu_valuation_history,"akshare.stock_zh_valuation_baidu(symbol=601021, indicator=市净率)",2026-08-08T20:42:28.083486+00:00,1H2025,2025-06-30,2025-08-29,2446.4677316574966,announced_on_or_before_observation_date
airline_pb_history,601021.SH,Spring Airlines,2026-01-15,3.07,akshare_baidu_valuation_history,"akshare.stock_zh_valuation_baidu(symbol=601021, indicator=市净率)",2026-08-08T20:42:28.083486+00:00,1H2025,2025-06-30,2025-08-29,2446.4677316574966,announced_on_or_before_observation_date
airline_pb_history,601021.SH,Spring Airlines,2026-01-16,3.03,akshare_baidu_valuation_history,"akshare.stock_zh_valuation_baidu(symbol=601021, indicator=市净率)",2026-08-08T20:42:28.083486+00:00,1H2025,2025-06-30,2025-08-29,2446.4677316574966,announced_on_or_before_observation_date
airline_pb_history,601021.SH,Spring Airlines,2026-01-17,3.03,akshare_baidu_valuation_history,"akshare.stock_zh_valuation_baidu(symbol=601021, indicator=市净率)",2026-08-08T20:42:28.083486+00:00,1H2025,2025-06-30,2025-08-29,2446.4677316574966,announced_on_or_before_observation_date
airline_pb_history,601021.SH,Spring Airlines,2026-01-18,3.03,akshare_baidu_valuation_history,"akshare.stock_zh_valuation_baidu(symbol=601021, indicator=市净率)",2026-08-08T20:42:28.083486+00:00,1H2025,2025-06-30,2025-08-29,2446.4677316574966,announced_on_or_before_observation_date
airline_pb_history,601021.SH,Spring Airlines,2026-01-19,3.15,akshare_baidu_valuation_history,"akshare.stock_zh_valuation_baidu(symbol=601021, indicator=市净率)",2026-08-08T20:42:28.083486+00:00,1H2025,2025-06-30,2025-08-29,2446.4677316574966,announced_on_or_before_observation_date
airline_pb_history,601021.SH,Spring Airlines,2026-01-20,3.17,akshare_baidu_valuation_history,"akshare.stock_zh_valuation_baidu(symbol=601021, indicator=市净率)",2026-08-08T20:42:28.083486+00:00,1H2025,2025-06-30,2025-08-29,2446.4677316574966,announced_on_or_before_observation_date
airline_pb_history,601021.SH,Spring Airlines,2026-01-21,3.16,akshare_baidu_valuation_history,"akshare.stock_zh_valuation_baidu(symbol=601021, indicator=市净率)",2026-08-08T20:42:28.083486+00:00,1H2025,2025-06-30,2025-08-29,2446.4677316574966,announced_on_or_before_observation_date
airline_pb_history,601021.SH,Spring Airlines,2026-01-22,3.17,akshare_baidu_valuation_history,"akshare.stock_zh_valuation_baidu(symbol=601021, indicator=市净率)",2026-08-08T20:42:28.083486+00:00,1H2025,2025-06-30,2025-08-29,2446.4677316574966,announced_on_or_before_observation_date
airline_pb_history,601021.SH,Spring Airlines,2026-01-23,3.13,akshare_baidu_valuation_history,"akshare.stock_zh_valuation_baidu(symbol=601021, indicator=市净率)",2026-08-08T20:42:28.083486+00:00,1H2025,2025-06-30,2025-08-29,2446.4677316574966,announced_on_or_before_observation_date
airline_pb_history,601021.SH,Spring Airlines,2026-01-24,3.13,akshare_baidu_valuation_history,"akshare.stock_zh_valuation_baidu(symbol=601021, indicator=市净率)",2026-08-08T20:42:28.083486+00:00,1H2025,2025-06-30,2025-08-29,2446.4677316574966,announced_on_or_before_observation_date
airline_pb_history,601021.SH,Spring Airlines,2026-01-25,3.13,akshare_baidu_valuation_history,"akshare.stock_zh_valuation_baidu(symbol=601021, indicator=市净率)",2026-08-08T20:42:28.083486+00:00,1H2025,2025-06-30,2025-08-29,2446.4677316574966,announced_on_or_before_observation_date
airline_pb_history,601021.SH,Spring Airlines,2026-01-26,3.13,akshare_baidu_valuation_history,"akshare.stock_zh_valuation_baidu(symbol=601021, indicator=市净率)",2026-08-08T20:42:28.083486+00:00,1H2025,2025-06-30,2025-08-29,2446.4677316574966,announced_on_or_before_observation_date
airline_pb_history,601021.SH,Spring Airlines,2026-01-27,3.07,akshare_baidu_valuation_history,"akshare.stock_zh_valuation_baidu(symbol=601021, indicator=市净率)",2026-08-08T20:42:28.083486+00:00,1H2025,2025-06-30,2025-08-29,2446.4677316574966,announced_on_or_before_observation_date
airline_pb_history,601021.SH,Spring Airlines,2026-01-28,3.02,akshare_baidu_valuation_history,"akshare.stock_zh_valuation_baidu(symbol=601021, indicator=市净率)",2026-08-08T20:42:28.083486+00:00,1H2025,2025-06-30,2025-08-29,2446.4677316574966,announced_on_or_before_observation_date
airline_pb_history,601021.SH,Spring Airlines,2026-01-29,3.01,akshare_baidu_valuation_history,"akshare.stock_zh_valuation_baidu(symbol=601021, indicator=市净率)",2026-08-08T20:42:28.083486+00:00,1H2025,2025-06-30,2025-08-29,2446.4677316574966,announced_on_or_before_observation_date
airline_pb_history,601021.SH,Spring Airlines,2026-01-30,3.03,akshare_baidu_valuation_history,"akshare.stock_zh_valuation_baidu(symbol=601021, indicator=市净率)",2026-08-08T20:42:28.083486+00:00,1H2025,2025-06-30,2025-08-29,2446.4677316574966,announced_on_or_before_observation_date
airline_pb_history,601021.SH,Spring Airlines,2026-01-31,3.03,akshare_baidu_valuation_history,"akshare.stock_zh_valuation_baidu(symbol=601021, indicator=市净率)",2026-08-08T20:42:28.083486+00:00,1H2025,2025-06-30,2025-08-29,2446.4677316574966,announced_on_or_before_observation_date
airline_pb_history,601021.SH,Spring Airlines,2026-02-01,3.03,akshare_baidu_valuation_history,"akshare.stock_zh_valuation_baidu(symbol=601021, indicator=市净率)",2026-08-08T20:42:28.083486+00:00,1H2025,2025-06-30,2025-08-29,2446.4677316574966,announced_on_or_before_observation_date
airline_pb_history,601021.SH,Spring Airlines,2026-02-02,2.97,akshare_baidu_valuation_history,"akshare.stock_zh_valuation_baidu(symbol=601021, indicator=市净率)",2026-08-08T20:42:28.083486+00:00,1H2025,2025-06-30,2025-08-29,2446.4677316574966,announced_on_or_before_observation_date
airline_pb_history,601021.SH,Spring Airlines,2026-02-03,3.0,akshare_baidu_valuation_history,"akshare.stock_zh_valuation_baidu(symbol=601021, indicator=市净率)",2026-08-08T20:42:28.083486+00:00,1H2025,2025-06-30,2025-08-29,2446.4677316574966,announced_on_or_before_observation_date
airline_pb_history,601021.SH,Spring Airlines,2026-02-04,3.17,akshare_baidu_valuation_history,"akshare.stock_zh_valuation_baidu(symbol=601021, indicator=市净率)",2026-08-08T20:42:28.083486+00:00,1H2025,2025-06-30,2025-08-29,2446.4677316574966,announced_on_or_before_observation_date
airline_pb_history,601021.SH,Spring Airlines,2026-02-05,3.2,akshare_baidu_valuation_history,"akshare.stock_zh_valuation_baidu(symbol=601021, indicator=市净率)",2026-08-08T20:42:28.083486+00:00,1H2025,2025-06-30,2025-08-29,2446.4677316574966,announced_on_or_before_observation_date
airline_pb_history,601021.SH,Spring Airlines,2026-02-06,3.17,akshare_baidu_valuation_history,"akshare.stock_zh_valuation_baidu(symbol=601021, indicator=市净率)",2026-08-08T20:42:28.083486+00:00,1H2025,2025-06-30,2025-08-29,2446.4677316574966,announced_on_or_before_observation_date
airline_pb_history,601021.SH,Spring Airlines,2026-02-07,3.17,akshare_baidu_valuation_history,"akshare.stock_zh_valuation_baidu(symbol=601021, indicator=市净率)",2026-08-08T20:42:28.083486+00:00,1H2025,2025-06-30,2025-08-29,2446.4677316574966,announced_on_or_before_observation_date
airline_pb_history,601021.SH,Spring Airlines,2026-02-08,3.17,akshare_baidu_valuation_history,"akshare.stock_zh_valuation_baidu(symbol=601021, indicator=市净率)",2026-08-08T20:42:28.083486+00:00,1H2025,2025-06-30,2025-08-29,2446.4677316574966,announced_on_or_before_observation_date
airline_pb_history,601021.SH,Spring Airlines,2026-02-09,3.2,akshare_baidu_valuation_history,"akshare.stock_zh_valuation_baidu(symbol=601021, indicator=市净率)",2026-08-08T20:42:28.083486+00:00,1H2025,2025-06-30,2025-08-29,2446.4677316574966,announced_on_or_before_observation_date
airline_pb_history,601021.SH,Spring Airlines,2026-02-10,3.16,akshare_baidu_valuation_history,"akshare.stock_zh_valuation_baidu(symbol=601021, indicator=市净率)",2026-08-08T20:42:28.083486+00:00,1H2025,2025-06-30,2025-08-29,2446.4677316574966,announced_on_or_before_observation_date
airline_pb_history,601021.SH,Spring Airlines,2026-02-11,3.13,akshare_baidu_valuation_history,"akshare.stock_zh_valuation_baidu(symbol=601021, indicator=市净率)",2026-08-08T20:42:28.083486+00:00,1H2025,2025-06-30,2025-08-29,2446.4677316574966,announced_on_or_before_observation_date
airline_pb_history,601021.SH,Spring Airlines,2026-02-12,3.09,akshare_baidu_valuation_history,"akshare.stock_zh_valuation_baidu(symbol=601021, indicator=市净率)",2026-08-08T20:42:28.083486+00:00,1H2025,2025-06-30,2025-08-29,2446.4677316574966,announced_on_or_before_observation_date
airline_pb_history,601021.SH,Spring Airlines,2026-02-13,3.06,akshare_baidu_valuation_history,"akshare.stock_zh_valuation_baidu(symbol=601021, indicator=市净率)",2026-08-08T20:42:28.083486+00:00,1H2025,2025-06-30,2025-08-29,2446.4677316574966,announced_on_or_before_observation_date
airline_pb_history,601021.SH,Spring Airlines,2026-02-14,3.06,akshare_baidu_valuation_history,"akshare.stock_zh_valuation_baidu(symbol=601021, indicator=市净率)",2026-08-08T20:42:28.083486+00:00,1H2025,2025-06-30,2025-08-29,2446.4677316574966,announced_on_or_before_observation_date
airline_pb_history,601021.SH,Spring Airlines,2026-02-15,3.06,akshare_baidu_valuation_history,"akshare.stock_zh_valuation_baidu(symbol=601021, indicator=市净率)",2026-08-08T20:42:28.083486+00:00,1H2025,2025-06-30,2025-08-29,2446.4677316574966,announced_on_or_before_observation_date
airline_pb_history,601021.SH,Spring Airlines,2026-02-16,3.06,akshare_baidu_valuation_history,"akshare.stock_zh_valuation_baidu(symbol=601021, indicator=市净率)",2026-08-08T20:42:28.083486+00:00,1H2025,2025-06-30,2025-08-29,2446.4677316574966,announced_on_or_before_observation_date
airline_pb_history,601021.SH,Spring Airlines,2026-02-17,3.06,akshare_baidu_valuation_history,"akshare.stock_zh_valuation_baidu(symbol=601021, indicator=市净率)",2026-08-08T20:42:28.083486+00:00,1H2025,2025-06-30,2025-08-29,2446.4677316574966,announced_on_or_before_observation_date
airline_pb_history,601021.SH,Spring Airlines,2026-02-18,3.06,akshare_baidu_valuation_history,"akshare.stock_zh_valuation_baidu(symbol=601021, indicator=市净率)",2026-08-08T20:42:28.083486+00:00,1H2025,2025-06-30,2025-08-29,2446.4677316574966,announced_on_or_before_observation_date
airline_pb_history,601021.SH,Spring Airlines,2026-02-19,3.06,akshare_baidu_valuation_history,"akshare.stock_zh_valuation_baidu(symbol=601021, indicator=市净率)",2026-08-08T20:42:28.083486+00:00,1H2025,2025-06-30,2025-08-29,2446.4677316574966,announced_on_or_before_observation_date
airline_pb_history,601021.SH,Spring Airlines,2026-02-20,3.06,akshare_baidu_valuation_history,"akshare.stock_zh_valuation_baidu(symbol=601021, indicator=市净率)",2026-08-08T20:42:28.083486+00:00,1H2025,2025-06-30,2025-08-29,2446.4677316574966,announced_on_or_before_observation_date
airline_pb_history,601021.SH,Spring Airlines,2026-02-21,3.06,akshare_baidu_valuation_history,"akshare.stock_zh_valuation_baidu(symbol=601021, indicator=市净率)",2026-08-08T20:42:28.083486+00:00,1H2025,2025-06-30,2025-08-29,2446.4677316574966,announced_on_or_before_observation_date
airline_pb_history,601021.SH,Spring Airlines,2026-02-22,3.06,akshare_baidu_valuation_history,"akshare.stock_zh_valuation_baidu(symbol=601021, indicator=市净率)",2026-08-08T20:42:28.083486+00:00,1H2025,2025-06-30,2025-08-29,2446.4677316574966,announced_on_or_before_observation_date
airline_pb_history,601021.SH,Spring Airlines,2026-02-23,3.06,akshare_baidu_valuation_history,"akshare.stock_zh_valuation_baidu(symbol=601021, indicator=市净率)",2026-08-08T20:42:28.083486+00:00,1H2025,2025-06-30,2025-08-29,2446.4677316574966,announced_on_or_before_observation_date
airline_pb_history,601021.SH,Spring Airlines,2026-02-24,2.99,akshare_baidu_valuation_history,"akshare.stock_zh_valuation_baidu(symbol=601021, indicator=市净率)",2026-08-08T20:42:28.083486+00:00,1H2025,2025-06-30,2025-08-29,2446.4677316574966,announced_on_or_before_observation_date
airline_pb_history,601021.SH,Spring Airlines,2026-02-25,2.98,akshare_baidu_valuation_history,"akshare.stock_zh_valuation_baidu(symbol=601021, indicator=市净率)",2026-08-08T20:42:28.083486+00:00,1H2025,2025-06-30,2025-08-29,2446.4677316574966,announced_on_or_before_observation_date
airline_pb_history,601021.SH,Spring Airlines,2026-02-26,2.99,akshare_baidu_valuation_history,"akshare.stock_zh_valuation_baidu(symbol=601021, indicator=市净率)",2026-08-08T20:42:28.083486+00:00,1H2025,2025-06-30,2025-08-29,2446.4677316574966,announced_on_or_before_observation_date
airline_pb_history,601021.SH,Spring Airlines,2026-02-27,2.96,akshare_baidu_valuation_history,"akshare.stock_zh_valuation_baidu(symbol=601021, indicator=市净率)",2026-08-08T20:42:28.083486+00:00,1H2025,2025-06-30,2025-08-29,2446.4677316574966,announced_on_or_before_observation_date
airline_pb_history,601021.SH,Spring Airlines,2026-02-28,2.96,akshare_baidu_valuation_history,"akshare.stock_zh_valuation_baidu(symbol=601021, indicator=市净率)",2026-08-08T20:42:28.083486+00:00,1H2025,2025-06-30,2025-08-29,2446.4677316574966,announced_on_or_before_observation_date
airline_pb_history,601021.SH,Spring Airlines,2026-03-01,2.96,akshare_baidu_valuation_history,"akshare.stock_zh_valuation_baidu(symbol=601021, indicator=市净率)",2026-08-08T20:42:28.083486+00:00,1H2025,2025-06-30,2025-08-29,2446.4677316574966,announced_on_or_before_observation_date
airline_pb_history,601021.SH,Spring Airlines,2026-03-02,2.84,akshare_baidu_valuation_history,"akshare.stock_zh_valuation_baidu(symbol=601021, indicator=市净率)",2026-08-08T20:42:28.083486+00:00,1H2025,2025-06-30,2025-08-29,2446.4677316574966,announced_on_or_before_observation_date
airline_pb_history,601021.SH,Spring Airlines,2026-03-03,2.76,akshare_baidu_valuation_history,"akshare.stock_zh_valuation_baidu(symbol=601021, indicator=市净率)",2026-08-08T20:42:28.083486+00:00,1H2025,2025-06-30,2025-08-29,2446.4677316574966,announced_on_or_before_observation_date
airline_pb_history,601021.SH,Spring Airlines,2026-03-04,2.71,akshare_baidu_valuation_history,"akshare.stock_zh_valuation_baidu(symbol=601021, indicator=市净率)",2026-08-08T20:42:28.083486+00:00,1H2025,2025-06-30,2025-08-29,2446.4677316574966,announced_on_or_before_observation_date
airline_pb_history,601021.SH,Spring Airlines,2026-03-05,2.68,akshare_baidu_valuation_history,"akshare.stock_zh_valuation_baidu(symbol=601021, indicator=市净率)",2026-08-08T20:42:28.083486+00:00,1H2025,2025-06-30,2025-08-29,2446.4677316574966,announced_on_or_before_observation_date
airline_pb_history,601021.SH,Spring Airlines,2026-03-06,2.71,akshare_baidu_valuation_history,"akshare.stock_zh_valuation_baidu(symbol=601021, indicator=市净率)",2026-08-08T20:42:28.083486+00:00,1H2025,2025-06-30,2025-08-29,2446.4677316574966,announced_on_or_before_observation_date
airline_pb_history,601021.SH,Spring Airlines,2026-03-07,2.71,akshare_baidu_valuation_history,"akshare.stock_zh_valuation_baidu(symbol=601021, indicator=市净率)",2026-08-08T20:42:28.083486+00:00,1H2025,2025-06-30,2025-08-29,2446.4677316574966,announced_on_or_before_observation_date
airline_pb_history,601021.SH,Spring Airlines,2026-03-08,2.71,akshare_baidu_valuation_history,"akshare.stock_zh_valuation_baidu(symbol=601021, indicator=市净率)",2026-08-08T20:42:28.083486+00:00,1H2025,2025-06-30,2025-08-29,2446.4677316574966,announced_on_or_before_observation_date
airline_pb_history,601021.SH,Spring Airlines,2026-03-09,2.56,akshare_baidu_valuation_history,"akshare.stock_zh_valuation_baidu(symbol=601021, indicator=市净率)",2026-08-08T20:42:28.083486+00:00,1H2025,2025-06-30,2025-08-29,2446.4677316574966,announced_on_or_before_observation_date
airline_pb_history,601021.SH,Spring Airlines,2026-03-10,2.63,akshare_baidu_valuation_history,"akshare.stock_zh_valuation_baidu(symbol=601021, indicator=市净率)",2026-08-08T20:42:28.083486+00:00,1H2025,2025-06-30,2025-08-29,2446.4677316574966,announced_on_or_before_observation_date
airline_pb_history,601021.SH,Spring Airlines,2026-03-11,2.62,akshare_baidu_valuation_history,"akshare.stock_zh_valuation_baidu(symbol=601021, indicator=市净率)",2026-08-08T20:42:28.083486+00:00,1H2025,2025-06-30,2025-08-29,2446.4677316574966,announced_on_or_before_observation_date
airline_pb_history,601021.SH,Spring Airlines,2026-03-12,2.6,akshare_baidu_valuation_history,"akshare.stock_zh_valuation_baidu(symbol=601021, indicator=市净率)",2026-08-08T20:42:28.083486+00:00,1H2025,2025-06-30,2025-08-29,2446.4677316574966,announced_on_or_before_observation_date
airline_pb_history,601021.SH,Spring Airlines,2026-03-13,2.59,akshare_baidu_valuation_history,"akshare.stock_zh_valuation_baidu(symbol=601021, indicator=市净率)",2026-08-08T20:42:28.083486+00:00,1H2025,2025-06-30,2025-08-29,2446.4677316574966,announced_on_or_before_observation_date
airline_pb_history,601021.SH,Spring Airlines,2026-03-14,2.59,akshare_baidu_valuation_history,"akshare.stock_zh_valuation_baidu(symbol=601021, indicator=市净率)",2026-08-08T20:42:28.083486+00:00,1H2025,2025-06-30,2025-08-29,2446.4677316574966,announced_on_or_before_observation_date
airline_pb_history,601021.SH,Spring Airlines,2026-03-15,2.59,akshare_baidu_valuation_history,"akshare.stock_zh_valuation_baidu(symbol=601021, indicator=市净率)",2026-08-08T20:42:28.083486+00:00,1H2025,2025-06-30,2025-08-29,2446.4677316574966,announced_on_or_before_observation_date
airline_pb_history,601021.SH,Spring Airlines,2026-03-16,2.6,akshare_baidu_valuation_history,"akshare.stock_zh_valuation_baidu(symbol=601021, indicator=市净率)",2026-08-08T20:42:28.083486+00:00,1H2025,2025-06-30,2025-08-29,2446.4677316574966,announced_on_or_before_observation_date
airline_pb_history,601021.SH,Spring Airlines,2026-03-17,2.59,akshare_baidu_valuation_history,"akshare.stock_zh_valuation_baidu(symbol=601021, indicator=市净率)",2026-08-08T20:42:28.083486+00:00,1H2025,2025-06-30,2025-08-29,2446.4677316574966,announced_on_or_before_observation_date
airline_pb_history,601021.SH,Spring Airlines,2026-03-18,2.62,akshare_baidu_valuation_history,"akshare.stock_zh_valuation_baidu(symbol=601021, indicator=市净率)",2026-08-08T20:42:28.083486+00:00,1H2025,2025-06-30,2025-08-29,2446.4677316574966,announced_on_or_before_observation_date
airline_pb_history,601021.SH,Spring Airlines,2026-03-19,2.54,akshare_baidu_valuation_history,"akshare.stock_zh_valuation_baidu(symbol=601021, indicator=市净率)",2026-08-08T20:42:28.083486+00:00,1H2025,2025-06-30,2025-08-29,2446.4677316574966,announced_on_or_before_observation_date
airline_pb_history,601021.SH,Spring Airlines,2026-03-20,2.51,akshare_baidu_valuation_history,"akshare.stock_zh_valuation_baidu(symbol=601021, indicator=市净率)",2026-08-08T20:42:28.083486+00:00,1H2025,2025-06-30,2025-08-29,2446.4677316574966,announced_on_or_before_observation_date
airline_pb_history,601021.SH,Spring Airlines,2026-03-21,2.51,akshare_baidu_valuation_history,"akshare.stock_zh_valuation_baidu(symbol=601021, indicator=市净率)",2026-08-08T20:42:28.083486+00:00,1H2025,2025-06-30,2025-08-29,2446.4677316574966,announced_on_or_before_observation_date
airline_pb_history,601021.SH,Spring Airlines,2026-03-22,2.51,akshare_baidu_valuation_history,"akshare.stock_zh_valuation_baidu(symbol=601021, indicator=市净率)",2026-08-08T20:42:28.083486+00:00,1H2025,2025-06-30,2025-08-29,2446.4677316574966,announced_on_or_before_observation_date
airline_pb_history,601021.SH,Spring Airlines,2026-03-23,2.35,akshare_baidu_valuation_history,"akshare.stock_zh_valuation_baidu(symbol=601021, indicator=市净率)",2026-08-08T20:42:28.083486+00:00,1H2025,2025-06-30,2025-08-29,2446.4677316574966,announced_on_or_before_observation_date
airline_pb_history,601021.SH,Spring Airlines,2026-03-24,2.37,akshare_baidu_valuation_history,"akshare.stock_zh_valuation_baidu(symbol=601021, indicator=市净率)",2026-08-08T20:42:28.083486+00:00,1H2025,2025-06-30,2025-08-29,2446.4677316574966,announced_on_or_before_observation_date
airline_pb_history,601021.SH,Spring Airlines,2026-03-25,2.47,akshare_baidu_valuation_history,"akshare.stock_zh_valuation_baidu(symbol=601021, indicator=市净率)",2026-08-08T20:42:28.083486+00:00,1H2025,2025-06-30,2025-08-29,2446.4677316574966,announced_on_or_before_observation_date
airline_pb_history,601021.SH,Spring Airlines,2026-03-26,2.49,akshare_baidu_valuation_history,"akshare.stock_zh_valuation_baidu(symbol=601021, indicator=市净率)",2026-08-08T20:42:28.083486+00:00,1H2025,2025-06-30,2025-08-29,2446.4677316574966,announced_on_or_before_observation_date
airline_pb_history,601021.SH,Spring Airlines,2026-03-27,2.5,akshare_baidu_valuation_history,"akshare.stock_zh_valuation_baidu(symbol=601021, indicator=市净率)",2026-08-08T20:42:28.083486+00:00,1H2025,2025-06-30,2025-08-29,2446.4677316574966,announced_on_or_before_observation_date
airline_pb_history,601021.SH,Spring Airlines,2026-03-28,2.5,akshare_baidu_valuation_history,"akshare.stock_zh_valuation_baidu(symbol=601021, indicator=市净率)",2026-08-08T20:42:28.083486+00:00,1H2025,2025-06-30,2025-08-29,2446.4677316574966,announced_on_or_before_observation_date
airline_pb_history,601021.SH,Spring Airlines,2026-03-29,2.5,akshare_baidu_valuation_history,"akshare.stock_zh_valuation_baidu(symbol=601021, indicator=市净率)",2026-08-08T20:42:28.083486+00:00,1H2025,2025-06-30,2025-08-29,2446.4677316574966,announced_on_or_before_observation_date
airline_pb_history,601021.SH,Spring Airlines,2026-03-30,2.49,akshare_baidu_valuation_history,"akshare.stock_zh_valuation_baidu(symbol=601021, indicator=市净率)",2026-08-08T20:42:28.083486+00:00,1H2025,2025-06-30,2025-08-29,2446.4677316574966,announced_on_or_before_observation_date
airline_pb_history,601021.SH,Spring Airlines,2026-03-31,2.49,akshare_baidu_valuation_history,"akshare.stock_zh_valuation_baidu(symbol=601021, indicator=市净率)",2026-08-08T20:42:28.083486+00:00,1H2025,2025-06-30,2025-08-29,2446.4677316574966,announced_on_or_before_observation_date
airline_pb_history,601021.SH,Spring Airlines,2026-04-01,2.57,akshare_baidu_valuation_history,"akshare.stock_zh_valuation_baidu(symbol=601021, indicator=市净率)",2026-08-08T20:42:28.083486+00:00,1H2025,2025-06-30,2025-08-29,2446.4677316574966,announced_on_or_before_observation_date
airline_pb_history,601021.SH,Spring Airlines,2026-04-02,2.54,akshare_baidu_valuation_history,"akshare.stock_zh_valuation_baidu(symbol=601021, indicator=市净率)",2026-08-08T20:42:28.083486+00:00,1H2025,2025-06-30,2025-08-29,2446.4677316574966,announced_on_or_before_observation_date
airline_pb_history,601021.SH,Spring Airlines,2026-04-03,2.49,akshare_baidu_valuation_history,"akshare.stock_zh_valuation_baidu(symbol=601021, indicator=市净率)",2026-08-08T20:42:28.083486+00:00,1H2025,2025-06-30,2025-08-29,2446.4677316574966,announced_on_or_before_observation_date
airline_pb_history,601021.SH,Spring Airlines,2026-04-04,2.49,akshare_baidu_valuation_history,"akshare.stock_zh_valuation_baidu(symbol=601021, indicator=市净率)",2026-08-08T20:42:28.083486+00:00,1H2025,2025-06-30,2025-08-29,2446.4677316574966,announced_on_or_before_observation_date
airline_pb_history,601021.SH,Spring Airlines,2026-04-05,2.49,akshare_baidu_valuation_history,"akshare.stock_zh_valuation_baidu(symbol=601021, indicator=市净率)",2026-08-08T20:42:28.083486+00:00,1H2025,2025-06-30,2025-08-29,2446.4677316574966,announced_on_or_before_observation_date
airline_pb_history,601021.SH,Spring Airlines,2026-04-06,2.49,akshare_baidu_valuation_history,"akshare.stock_zh_valuation_baidu(symbol=601021, indicator=市净率)",2026-08-08T20:42:28.083486+00:00,1H2025,2025-06-30,2025-08-29,2446.4677316574966,announced_on_or_before_observation_date
airline_pb_history,601021.SH,Spring Airlines,2026-04-07,2.47,akshare_baidu_valuation_history,"akshare.stock_zh_valuation_baidu(symbol=601021, indicator=市净率)",2026-08-08T20:42:28.083486+00:00,1H2025,2025-06-30,2025-08-29,2446.4677316574966,announced_on_or_before_observation_date
airline_pb_history,601021.SH,Spring Airlines,2026-04-08,2.62,akshare_baidu_valuation_history,"akshare.stock_zh_valuation_baidu(symbol=601021, indicator=市净率)",2026-08-08T20:42:28.083486+00:00,1H2025,2025-06-30,2025-08-29,2446.4677316574966,announced_on_or_before_observation_date
airline_pb_history,601021.SH,Spring Airlines,2026-04-09,2.56,akshare_baidu_valuation_history,"akshare.stock_zh_valuation_baidu(symbol=601021, indicator=市净率)",2026-08-08T20:42:28.083486+00:00,1H2025,2025-06-30,2025-08-29,2446.4677316574966,announced_on_or_before_observation_date
airline_pb_history,601021.SH,Spring Airlines,2026-04-10,2.54,akshare_baidu_valuation_history,"akshare.stock_zh_valuation_baidu(symbol=601021, indicator=市净率)",2026-08-08T20:42:28.083486+00:00,1H2025,2025-06-30,2025-08-29,2446.4677316574966,announced_on_or_before_observation_date
airline_pb_history,601021.SH,Spring Airlines,2026-04-11,2.54,akshare_baidu_valuation_history,"akshare.stock_zh_valuation_baidu(symbol=601021, indicator=市净率)",2026-08-08T20:42:28.083486+00:00,FY2025,2025-12-31,2026-04-11,2594.407409204736,announced_on_or_before_observation_date
airline_pb_history,601021.SH,Spring Airlines,2026-04-12,2.54,akshare_baidu_valuation_history,"akshare.stock_zh_valuation_baidu(symbol=601021, indicator=市净率)",2026-08-08T20:42:28.083486+00:00,FY2025,2025-12-31,2026-04-11,2594.407409204736,announced_on_or_before_observation_date
airline_pb_history,601021.SH,Spring Airlines,2026-04-13,2.51,akshare_baidu_valuation_history,"akshare.stock_zh_valuation_baidu(symbol=601021, indicator=市净率)",2026-08-08T20:42:28.083486+00:00,FY2025,2025-12-31,2026-04-11,2594.407409204736,announced_on_or_before_observation_date
airline_pb_history,601021.SH,Spring Airlines,2026-04-14,2.55,akshare_baidu_valuation_history,"akshare.stock_zh_valuation_baidu(symbol=601021, indicator=市净率)",2026-08-08T20:42:28.083486+00:00,FY2025,2025-12-31,2026-04-11,2594.407409204736,announced_on_or_before_observation_date
airline_pb_history,601021.SH,Spring Airlines,2026-04-15,2.57,akshare_baidu_valuation_history,"akshare.stock_zh_valuation_baidu(symbol=601021, indicator=市净率)",2026-08-08T20:42:28.083486+00:00,FY2025,2025-12-31,2026-04-11,2594.407409204736,announced_on_or_before_observation_date
airline_pb_history,601021.SH,Spring Airlines,2026-04-16,2.57,akshare_baidu_valuation_history,"akshare.stock_zh_valuation_baidu(symbol=601021, indicator=市净率)",2026-08-08T20:42:28.083486+00:00,FY2025,2025-12-31,2026-04-11,2594.407409204736,announced_on_or_before_observation_date
airline_pb_history,601021.SH,Spring Airlines,2026-04-17,2.55,akshare_baidu_valuation_history,"akshare.stock_zh_valuation_baidu(symbol=601021, indicator=市净率)",2026-08-08T20:42:28.083486+00:00,FY2025,2025-12-31,2026-04-11,2594.407409204736,announced_on_or_before_observation_date
airline_pb_history,601021.SH,Spring Airlines,2026-04-18,2.55,akshare_baidu_valuation_history,"akshare.stock_zh_valuation_baidu(symbol=601021, indicator=市净率)",2026-08-08T20:42:28.083486+00:00,FY2025,2025-12-31,2026-04-11,2594.407409204736,announced_on_or_before_observation_date
airline_pb_history,601021.SH,Spring Airlines,2026-04-19,2.55,akshare_baidu_valuation_history,"akshare.stock_zh_valuation_baidu(symbol=601021, indicator=市净率)",2026-08-08T20:42:28.083486+00:00,FY2025,2025-12-31,2026-04-11,2594.407409204736,announced_on_or_before_observation_date
airline_pb_history,601021.SH,Spring Airlines,2026-04-20,2.62,akshare_baidu_valuation_history,"akshare.stock_zh_valuation_baidu(symbol=601021, indicator=市净率)",2026-08-08T20:42:28.083486+00:00,FY2025,2025-12-31,2026-04-11,2594.407409204736,announced_on_or_before_observation_date
airline_pb_history,601021.SH,Spring Airlines,2026-04-21,2.62,akshare_baidu_valuation_history,"akshare.stock_zh_valuation_baidu(symbol=601021, indicator=市净率)",2026-08-08T20:42:28.083486+00:00,FY2025,2025-12-31,2026-04-11,2594.407409204736,announced_on_or_before_observation_date
airline_pb_history,601021.SH,Spring Airlines,2026-04-22,2.6,akshare_baidu_valuation_history,"akshare.stock_zh_valuation_baidu(symbol=601021, indicator=市净率)",2026-08-08T20:42:28.083486+00:00,FY2025,2025-12-31,2026-04-11,2594.407409204736,announced_on_or_before_observation_date
airline_pb_history,601021.SH,Spring Airlines,2026-04-23,2.6,akshare_baidu_valuation_history,"akshare.stock_zh_valuation_baidu(symbol=601021, indicator=市净率)",2026-08-08T20:42:28.083486+00:00,FY2025,2025-12-31,2026-04-11,2594.407409204736,announced_on_or_before_observation_date
airline_pb_history,601021.SH,Spring Airlines,2026-04-24,2.6,akshare_baidu_valuation_history,"akshare.stock_zh_valuation_baidu(symbol=601021, indicator=市净率)",2026-08-08T20:42:28.083486+00:00,FY2025,2025-12-31,2026-04-11,2594.407409204736,announced_on_or_before_observation_date
airline_pb_history,601021.SH,Spring Airlines,2026-04-25,2.6,akshare_baidu_valuation_history,"akshare.stock_zh_valuation_baidu(symbol=601021, indicator=市净率)",2026-08-08T20:42:28.083486+00:00,FY2025,2025-12-31,2026-04-11,2594.407409204736,announced_on_or_before_observation_date
airline_pb_history,601021.SH,Spring Airlines,2026-04-26,2.6,akshare_baidu_valuation_history,"akshare.stock_zh_valuation_baidu(symbol=601021, indicator=市净率)",2026-08-08T20:42:28.083486+00:00,FY2025,2025-12-31,2026-04-11,2594.407409204736,announced_on_or_before_observation_date
airline_pb_history,601021.SH,Spring Airlines,2026-04-27,2.58,akshare_baidu_valuation_history,"akshare.stock_zh_valuation_baidu(symbol=601021, indicator=市净率)",2026-08-08T20:42:28.083486+00:00,FY2025,2025-12-31,2026-04-11,2594.407409204736,announced_on_or_before_observation_date
airline_pb_history,601021.SH,Spring Airlines,2026-04-28,2.52,akshare_baidu_valuation_history,"akshare.stock_zh_valuation_baidu(symbol=601021, indicator=市净率)",2026-08-08T20:42:28.083486+00:00,FY2025,2025-12-31,2026-04-11,2594.407409204736,announced_on_or_before_observation_date
airline_pb_history,601021.SH,Spring Airlines,2026-04-29,2.54,akshare_baidu_valuation_history,"akshare.stock_zh_valuation_baidu(symbol=601021, indicator=市净率)",2026-08-08T20:42:28.083486+00:00,FY2025,2025-12-31,2026-04-11,2594.407409204736,announced_on_or_before_observation_date
airline_pb_history,601021.SH,Spring Airlines,2026-04-30,2.48,akshare_baidu_valuation_history,"akshare.stock_zh_valuation_baidu(symbol=601021, indicator=市净率)",2026-08-08T20:42:28.083486+00:00,FY2025,2025-12-31,2026-04-11,2594.407409204736,announced_on_or_before_observation_date
airline_pb_history,601021.SH,Spring Airlines,2026-05-01,2.48,akshare_baidu_valuation_history,"akshare.stock_zh_valuation_baidu(symbol=601021, indicator=市净率)",2026-08-08T20:42:28.083486+00:00,FY2025,2025-12-31,2026-04-11,2594.407409204736,announced_on_or_before_observation_date
airline_pb_history,601021.SH,Spring Airlines,2026-05-02,2.48,akshare_baidu_valuation_history,"akshare.stock_zh_valuation_baidu(symbol=601021, indicator=市净率)",2026-08-08T20:42:28.083486+00:00,FY2025,2025-12-31,2026-04-11,2594.407409204736,announced_on_or_before_observation_date
airline_pb_history,601021.SH,Spring Airlines,2026-05-03,2.48,akshare_baidu_valuation_history,"akshare.stock_zh_valuation_baidu(symbol=601021, indicator=市净率)",2026-08-08T20:42:28.083486+00:00,FY2025,2025-12-31,2026-04-11,2594.407409204736,announced_on_or_before_observation_date
airline_pb_history,601021.SH,Spring Airlines,2026-05-04,2.48,akshare_baidu_valuation_history,"akshare.stock_zh_valuation_baidu(symbol=601021, indicator=市净率)",2026-08-08T20:42:28.083486+00:00,FY2025,2025-12-31,2026-04-11,2594.407409204736,announced_on_or_before_observation_date
airline_pb_history,601021.SH,Spring Airlines,2026-05-05,2.48,akshare_baidu_valuation_history,"akshare.stock_zh_valuation_baidu(symbol=601021, indicator=市净率)",2026-08-08T20:42:28.083486+00:00,FY2025,2025-12-31,2026-04-11,2594.407409204736,announced_on_or_before_observation_date
airline_pb_history,601021.SH,Spring Airlines,2026-05-06,2.48,akshare_baidu_valuation_history,"akshare.stock_zh_valuation_baidu(symbol=601021, indicator=市净率)",2026-08-08T20:42:28.083486+00:00,FY2025,2025-12-31,2026-04-11,2594.407409204736,announced_on_or_before_observation_date
airline_pb_history,601021.SH,Spring Airlines,2026-05-07,2.51,akshare_baidu_valuation_history,"akshare.stock_zh_valuation_baidu(symbol=601021, indicator=市净率)",2026-08-08T20:42:28.083486+00:00,FY2025,2025-12-31,2026-04-11,2594.407409204736,announced_on_or_before_observation_date
airline_pb_history,601021.SH,Spring Airlines,2026-05-08,2.52,akshare_baidu_valuation_history,"akshare.stock_zh_valuation_baidu(symbol=601021, indicator=市净率)",2026-08-08T20:42:28.083486+00:00,FY2025,2025-12-31,2026-04-11,2594.407409204736,announced_on_or_before_observation_date
airline_pb_history,601021.SH,Spring Airlines,2026-05-09,2.52,akshare_baidu_valuation_history,"akshare.stock_zh_valuation_baidu(symbol=601021, indicator=市净率)",2026-08-08T20:42:28.083486+00:00,FY2025,2025-12-31,2026-04-11,2594.407409204736,announced_on_or_before_observation_date
airline_pb_history,601021.SH,Spring Airlines,2026-05-10,2.52,akshare_baidu_valuation_history,"akshare.stock_zh_valuation_baidu(symbol=601021, indicator=市净率)",2026-08-08T20:42:28.083486+00:00,FY2025,2025-12-31,2026-04-11,2594.407409204736,announced_on_or_before_observation_date
airline_pb_history,601021.SH,Spring Airlines,2026-05-11,2.46,akshare_baidu_valuation_history,"akshare.stock_zh_valuation_baidu(symbol=601021, indicator=市净率)",2026-08-08T20:42:28.083486+00:00,FY2025,2025-12-31,2026-04-11,2594.407409204736,announced_on_or_before_observation_date
airline_pb_history,601021.SH,Spring Airlines,2026-05-12,2.44,akshare_baidu_valuation_history,"akshare.stock_zh_valuation_baidu(symbol=601021, indicator=市净率)",2026-08-08T20:42:28.083486+00:00,FY2025,2025-12-31,2026-04-11,2594.407409204736,announced_on_or_before_observation_date
airline_pb_history,601021.SH,Spring Airlines,2026-05-13,2.44,akshare_baidu_valuation_history,"akshare.stock_zh_valuation_baidu(symbol=601021, indicator=市净率)",2026-08-08T20:42:28.083486+00:00,FY2025,2025-12-31,2026-04-11,2594.407409204736,announced_on_or_before_observation_date
airline_pb_history,601021.SH,Spring Airlines,2026-05-14,2.41,akshare_baidu_valuation_history,"akshare.stock_zh_valuation_baidu(symbol=601021, indicator=市净率)",2026-08-08T20:42:28.083486+00:00,FY2025,2025-12-31,2026-04-11,2594.407409204736,announced_on_or_before_observation_date
airline_pb_history,601021.SH,Spring Airlines,2026-05-15,2.38,akshare_baidu_valuation_history,"akshare.stock_zh_valuation_baidu(symbol=601021, indicator=市净率)",2026-08-08T20:42:28.083486+00:00,FY2025,2025-12-31,2026-04-11,2594.407409204736,announced_on_or_before_observation_date
airline_pb_history,601021.SH,Spring Airlines,2026-05-16,2.38,akshare_baidu_valuation_history,"akshare.stock_zh_valuation_baidu(symbol=601021, indicator=市净率)",2026-08-08T20:42:28.083486+00:00,FY2025,2025-12-31,2026-04-11,2594.407409204736,announced_on_or_before_observation_date
airline_pb_history,601021.SH,Spring Airlines,2026-05-17,2.38,akshare_baidu_valuation_history,"akshare.stock_zh_valuation_baidu(symbol=601021, indicator=市净率)",2026-08-08T20:42:28.083486+00:00,FY2025,2025-12-31,2026-04-11,2594.407409204736,announced_on_or_before_observation_date
airline_pb_history,601021.SH,Spring Airlines,2026-05-18,2.32,akshare_baidu_valuation_history,"akshare.stock_zh_valuation_baidu(symbol=601021, indicator=市净率)",2026-08-08T20:42:28.083486+00:00,FY2025,2025-12-31,2026-04-11,2594.407409204736,announced_on_or_before_observation_date
airline_pb_history,601021.SH,Spring Airlines,2026-05-19,2.39,akshare_baidu_valuation_history,"akshare.stock_zh_valuation_baidu(symbol=601021, indicator=市净率)",2026-08-08T20:42:28.083486+00:00,FY2025,2025-12-31,2026-04-11,2594.407409204736,announced_on_or_before_observation_date
airline_pb_history,601021.SH,Spring Airlines,2026-05-20,2.39,akshare_baidu_valuation_history,"akshare.stock_zh_valuation_baidu(symbol=601021, indicator=市净率)",2026-08-08T20:42:28.083486+00:00,FY2025,2025-12-31,2026-04-11,2594.407409204736,announced_on_or_before_observation_date
airline_pb_history,601021.SH,Spring Airlines,2026-05-21,2.51,akshare_baidu_valuation_history,"akshare.stock_zh_valuation_baidu(symbol=601021, indicator=市净率)",2026-08-08T20:42:28.083486+00:00,FY2025,2025-12-31,2026-04-11,2594.407409204736,announced_on_or_before_observation_date
airline_pb_history,601021.SH,Spring Airlines,2026-05-22,2.44,akshare_baidu_valuation_history,"akshare.stock_zh_valuation_baidu(symbol=601021, indicator=市净率)",2026-08-08T20:42:28.083486+00:00,FY2025,2025-12-31,2026-04-11,2594.407409204736,announced_on_or_before_observation_date
airline_pb_history,601021.SH,Spring Airlines,2026-05-23,2.44,akshare_baidu_valuation_history,"akshare.stock_zh_valuation_baidu(symbol=601021, indicator=市净率)",2026-08-08T20:42:28.083486+00:00,FY2025,2025-12-31,2026-04-11,2594.407409204736,announced_on_or_before_observation_date
airline_pb_history,601021.SH,Spring Airlines,2026-05-24,2.44,akshare_baidu_valuation_history,"akshare.stock_zh_valuation_baidu(symbol=601021, indicator=市净率)",2026-08-08T20:42:28.083486+00:00,FY2025,2025-12-31,2026-04-11,2594.407409204736,announced_on_or_before_observation_date
airline_pb_history,601021.SH,Spring Airlines,2026-05-25,2.54,akshare_baidu_valuation_history,"akshare.stock_zh_valuation_baidu(symbol=601021, indicator=市净率)",2026-08-08T20:42:28.083486+00:00,FY2025,2025-12-31,2026-04-11,2594.407409204736,announced_on_or_before_observation_date
airline_pb_history,601021.SH,Spring Airlines,2026-05-26,2.53,akshare_baidu_valuation_history,"akshare.stock_zh_valuation_baidu(symbol=601021, indicator=市净率)",2026-08-08T20:42:28.083486+00:00,FY2025,2025-12-31,2026-04-11,2594.407409204736,announced_on_or_before_observation_date
airline_pb_history,601021.SH,Spring Airlines,2026-05-27,2.53,akshare_baidu_valuation_history,"akshare.stock_zh_valuation_baidu(symbol=601021, indicator=市净率)",2026-08-08T20:42:28.083486+00:00,FY2025,2025-12-31,2026-04-11,2594.407409204736,announced_on_or_before_observation_date
airline_pb_history,601021.SH,Spring Airlines,2026-05-28,2.51,akshare_baidu_valuation_history,"akshare.stock_zh_valuation_baidu(symbol=601021, indicator=市净率)",2026-08-08T20:42:28.083486+00:00,FY2025,2025-12-31,2026-04-11,2594.407409204736,announced_on_or_before_observation_date
airline_pb_history,601021.SH,Spring Airlines,2026-05-29,2.57,akshare_baidu_valuation_history,"akshare.stock_zh_valuation_baidu(symbol=601021, indicator=市净率)",2026-08-08T20:42:28.083486+00:00,FY2025,2025-12-31,2026-04-11,2594.407409204736,announced_on_or_before_observation_date
airline_pb_history,601021.SH,Spring Airlines,2026-05-30,2.57,akshare_baidu_valuation_history,"akshare.stock_zh_valuation_baidu(symbol=601021, indicator=市净率)",2026-08-08T20:42:28.083486+00:00,FY2025,2025-12-31,2026-04-11,2594.407409204736,announced_on_or_before_observation_date
airline_pb_history,601021.SH,Spring Airlines,2026-05-31,2.57,akshare_baidu_valuation_history,"akshare.stock_zh_valuation_baidu(symbol=601021, indicator=市净率)",2026-08-08T20:42:28.083486+00:00,FY2025,2025-12-31,2026-04-11,2594.407409204736,announced_on_or_before_observation_date
airline_pb_history,601021.SH,Spring Airlines,2026-06-01,2.54,akshare_baidu_valuation_history,"akshare.stock_zh_valuation_baidu(symbol=601021, indicator=市净率)",2026-08-08T20:42:28.083486+00:00,FY2025,2025-12-31,2026-04-11,2594.407409204736,announced_on_or_before_observation_date
airline_pb_history,601021.SH,Spring Airlines,2026-06-02,2.49,akshare_baidu_valuation_history,"akshare.stock_zh_valuation_baidu(symbol=601021, indicator=市净率)",2026-08-08T20:42:28.083486+00:00,FY2025,2025-12-31,2026-04-11,2594.407409204736,announced_on_or_before_observation_date
airline_pb_history,601021.SH,Spring Airlines,2026-06-03,2.4,akshare_baidu_valuation_history,"akshare.stock_zh_valuation_baidu(symbol=601021, indicator=市净率)",2026-08-08T20:42:28.083486+00:00,FY2025,2025-12-31,2026-04-11,2594.407409204736,announced_on_or_before_observation_date
airline_pb_history,601021.SH,Spring Airlines,2026-06-04,2.4,akshare_baidu_valuation_history,"akshare.stock_zh_valuation_baidu(symbol=601021, indicator=市净率)",2026-08-08T20:42:28.083486+00:00,FY2025,2025-12-31,2026-04-11,2594.407409204736,announced_on_or_before_observation_date
airline_pb_history,601021.SH,Spring Airlines,2026-06-05,2.41,akshare_baidu_valuation_history,"akshare.stock_zh_valuation_baidu(symbol=601021, indicator=市净率)",2026-08-08T20:42:28.083486+00:00,FY2025,2025-12-31,2026-04-11,2594.407409204736,announced_on_or_before_observation_date
airline_pb_history,601021.SH,Spring Airlines,2026-06-06,2.41,akshare_baidu_valuation_history,"akshare.stock_zh_valuation_baidu(symbol=601021, indicator=市净率)",2026-08-08T20:42:28.083486+00:00,FY2025,2025-12-31,2026-04-11,2594.407409204736,announced_on_or_before_observation_date
airline_pb_history,601021.SH,Spring Airlines,2026-06-07,2.41,akshare_baidu_valuation_history,"akshare.stock_zh_valuation_baidu(symbol=601021, indicator=市净率)",2026-08-08T20:42:28.083486+00:00,FY2025,2025-12-31,2026-04-11,2594.407409204736,announced_on_or_before_observation_date
airline_pb_history,601021.SH,Spring Airlines,2026-06-08,2.3,akshare_baidu_valuation_history,"akshare.stock_zh_valuation_baidu(symbol=601021, indicator=市净率)",2026-08-08T20:42:28.083486+00:00,FY2025,2025-12-31,2026-04-11,2594.407409204736,announced_on_or_before_observation_date
airline_pb_history,601021.SH,Spring Airlines,2026-06-09,2.35,akshare_baidu_valuation_history,"akshare.stock_zh_valuation_baidu(symbol=601021, indicator=市净率)",2026-08-08T20:42:28.083486+00:00,FY2025,2025-12-31,2026-04-11,2594.407409204736,announced_on_or_before_observation_date
airline_pb_history,601021.SH,Spring Airlines,2026-06-10,2.37,akshare_baidu_valuation_history,"akshare.stock_zh_valuation_baidu(symbol=601021, indicator=市净率)",2026-08-08T20:42:28.083486+00:00,FY2025,2025-12-31,2026-04-11,2594.407409204736,announced_on_or_before_observation_date
airline_pb_history,601021.SH,Spring Airlines,2026-06-11,2.31,akshare_baidu_valuation_history,"akshare.stock_zh_valuation_baidu(symbol=601021, indicator=市净率)",2026-08-08T20:42:28.083486+00:00,FY2025,2025-12-31,2026-04-11,2594.407409204736,announced_on_or_before_observation_date
airline_pb_history,601021.SH,Spring Airlines,2026-06-12,2.39,akshare_baidu_valuation_history,"akshare.stock_zh_valuation_baidu(symbol=601021, indicator=市净率)",2026-08-08T20:42:28.083486+00:00,FY2025,2025-12-31,2026-04-11,2594.407409204736,announced_on_or_before_observation_date
airline_pb_history,601021.SH,Spring Airlines,2026-06-13,2.39,akshare_baidu_valuation_history,"akshare.stock_zh_valuation_baidu(symbol=601021, indicator=市净率)",2026-08-08T20:42:28.083486+00:00,FY2025,2025-12-31,2026-04-11,2594.407409204736,announced_on_or_before_observation_date
airline_pb_history,601021.SH,Spring Airlines,2026-06-14,2.39,akshare_baidu_valuation_history,"akshare.stock_zh_valuation_baidu(symbol=601021, indicator=市净率)",2026-08-08T20:42:28.083486+00:00,FY2025,2025-12-31,2026-04-11,2594.407409204736,announced_on_or_before_observation_date
airline_pb_history,601021.SH,Spring Airlines,2026-06-15,2.54,akshare_baidu_valuation_history,"akshare.stock_zh_valuation_baidu(symbol=601021, indicator=市净率)",2026-08-08T20:42:28.083486+00:00,FY2025,2025-12-31,2026-04-11,2594.407409204736,announced_on_or_before_observation_date
airline_pb_history,601021.SH,Spring Airlines,2026-06-16,2.47,akshare_baidu_valuation_history,"akshare.stock_zh_valuation_baidu(symbol=601021, indicator=市净率)",2026-08-08T20:42:28.083486+00:00,FY2025,2025-12-31,2026-04-11,2594.407409204736,announced_on_or_before_observation_date
airline_pb_history,601021.SH,Spring Airlines,2026-06-17,2.47,akshare_baidu_valuation_history,"akshare.stock_zh_valuation_baidu(symbol=601021, indicator=市净率)",2026-08-08T20:42:28.083486+00:00,FY2025,2025-12-31,2026-04-11,2594.407409204736,announced_on_or_before_observation_date
airline_pb_history,601021.SH,Spring Airlines,2026-06-18,2.4,akshare_baidu_valuation_history,"akshare.stock_zh_valuation_baidu(symbol=601021, indicator=市净率)",2026-08-08T20:42:28.083486+00:00,FY2025,2025-12-31,2026-04-11,2594.407409204736,announced_on_or_before_observation_date
airline_pb_history,601021.SH,Spring Airlines,2026-06-19,2.4,akshare_baidu_valuation_history,"akshare.stock_zh_valuation_baidu(symbol=601021, indicator=市净率)",2026-08-08T20:42:28.083486+00:00,FY2025,2025-12-31,2026-04-11,2594.407409204736,announced_on_or_before_observation_date
airline_pb_history,601021.SH,Spring Airlines,2026-06-20,2.4,akshare_baidu_valuation_history,"akshare.stock_zh_valuation_baidu(symbol=601021, indicator=市净率)",2026-08-08T20:42:28.083486+00:00,FY2025,2025-12-31,2026-04-11,2594.407409204736,announced_on_or_before_observation_date
airline_pb_history,601021.SH,Spring Airlines,2026-06-21,2.4,akshare_baidu_valuation_history,"akshare.stock_zh_valuation_baidu(symbol=601021, indicator=市净率)",2026-08-08T20:42:28.083486+00:00,FY2025,2025-12-31,2026-04-11,2594.407409204736,announced_on_or_before_observation_date
airline_pb_history,601021.SH,Spring Airlines,2026-06-22,2.42,akshare_baidu_valuation_history,"akshare.stock_zh_valuation_baidu(symbol=601021, indicator=市净率)",2026-08-08T20:42:28.083486+00:00,FY2025,2025-12-31,2026-04-11,2594.407409204736,announced_on_or_before_observation_date
airline_pb_history,601021.SH,Spring Airlines,2026-06-23,2.41,akshare_baidu_valuation_history,"akshare.stock_zh_valuation_baidu(symbol=601021, indicator=市净率)",2026-08-08T20:42:28.083486+00:00,FY2025,2025-12-31,2026-04-11,2594.407409204736,announced_on_or_before_observation_date
airline_pb_history,601021.SH,Spring Airlines,2026-06-24,2.4,akshare_baidu_valuation_history,"akshare.stock_zh_valuation_baidu(symbol=601021, indicator=市净率)",2026-08-08T20:42:28.083486+00:00,FY2025,2025-12-31,2026-04-11,2594.407409204736,announced_on_or_before_observation_date
airline_pb_history,601021.SH,Spring Airlines,2026-06-25,2.49,akshare_baidu_valuation_history,"akshare.stock_zh_valuation_baidu(symbol=601021, indicator=市净率)",2026-08-08T20:42:28.083486+00:00,FY2025,2025-12-31,2026-04-11,2594.407409204736,announced_on_or_before_observation_date
airline_pb_history,601021.SH,Spring Airlines,2026-06-26,2.48,akshare_baidu_valuation_history,"akshare.stock_zh_valuation_baidu(symbol=601021, indicator=市净率)",2026-08-08T20:42:28.083486+00:00,FY2025,2025-12-31,2026-04-11,2594.407409204736,announced_on_or_before_observation_date
airline_pb_history,601021.SH,Spring Airlines,2026-06-27,2.48,akshare_baidu_valuation_history,"akshare.stock_zh_valuation_baidu(symbol=601021, indicator=市净率)",2026-08-08T20:42:28.083486+00:00,FY2025,2025-12-31,2026-04-11,2594.407409204736,announced_on_or_before_observation_date
airline_pb_history,601021.SH,Spring Airlines,2026-06-28,2.48,akshare_baidu_valuation_history,"akshare.stock_zh_valuation_baidu(symbol=601021, indicator=市净率)",2026-08-08T20:42:28.083486+00:00,FY2025,2025-12-31,2026-04-11,2594.407409204736,announced_on_or_before_observation_date
airline_pb_history,601021.SH,Spring Airlines,2026-06-29,2.49,akshare_baidu_valuation_history,"akshare.stock_zh_valuation_baidu(symbol=601021, indicator=市净率)",2026-08-08T20:42:28.083486+00:00,FY2025,2025-12-31,2026-04-11,2594.407409204736,announced_on_or_before_observation_date
airline_pb_history,601021.SH,Spring Airlines,2026-06-30,2.39,akshare_baidu_valuation_history,"akshare.stock_zh_valuation_baidu(symbol=601021, indicator=市净率)",2026-08-08T20:42:28.083486+00:00,FY2025,2025-12-31,2026-04-11,2594.407409204736,announced_on_or_before_observation_date
airline_pb_history,601021.SH,Spring Airlines,2026-07-01,2.48,akshare_baidu_valuation_history,"akshare.stock_zh_valuation_baidu(symbol=601021, indicator=市净率)",2026-08-08T20:42:28.083486+00:00,FY2025,2025-12-31,2026-04-11,2594.407409204736,announced_on_or_before_observation_date
airline_pb_history,601021.SH,Spring Airlines,2026-07-02,2.45,akshare_baidu_valuation_history,"akshare.stock_zh_valuation_baidu(symbol=601021, indicator=市净率)",2026-08-08T20:42:28.083486+00:00,FY2025,2025-12-31,2026-04-11,2594.407409204736,announced_on_or_before_observation_date
airline_pb_history,601021.SH,Spring Airlines,2026-07-03,2.45,akshare_baidu_valuation_history,"akshare.stock_zh_valuation_baidu(symbol=601021, indicator=市净率)",2026-08-08T20:42:28.083486+00:00,FY2025,2025-12-31,2026-04-11,2594.407409204736,announced_on_or_before_observation_date
airline_pb_history,601021.SH,Spring Airlines,2026-07-04,2.45,akshare_baidu_valuation_history,"akshare.stock_zh_valuation_baidu(symbol=601021, indicator=市净率)",2026-08-08T20:42:28.083486+00:00,FY2025,2025-12-31,2026-04-11,2594.407409204736,announced_on_or_before_observation_date
airline_pb_history,601021.SH,Spring Airlines,2026-07-05,2.45,akshare_baidu_valuation_history,"akshare.stock_zh_valuation_baidu(symbol=601021, indicator=市净率)",2026-08-08T20:42:28.083486+00:00,FY2025,2025-12-31,2026-04-11,2594.407409204736,announced_on_or_before_observation_date
airline_pb_history,601021.SH,Spring Airlines,2026-07-06,2.51,akshare_baidu_valuation_history,"akshare.stock_zh_valuation_baidu(symbol=601021, indicator=市净率)",2026-08-08T20:42:28.083486+00:00,FY2025,2025-12-31,2026-04-11,2594.407409204736,announced_on_or_before_observation_date
airline_pb_history,601021.SH,Spring Airlines,2026-07-07,2.48,akshare_baidu_valuation_history,"akshare.stock_zh_valuation_baidu(symbol=601021, indicator=市净率)",2026-08-08T20:42:28.083486+00:00,FY2025,2025-12-31,2026-04-11,2594.407409204736,announced_on_or_before_observation_date
airline_pb_history,601021.SH,Spring Airlines,2026-07-08,2.46,akshare_baidu_valuation_history,"akshare.stock_zh_valuation_baidu(symbol=601021, indicator=市净率)",2026-08-08T20:42:28.083486+00:00,FY2025,2025-12-31,2026-04-11,2594.407409204736,announced_on_or_before_observation_date
airline_pb_history,601021.SH,Spring Airlines,2026-07-09,2.41,akshare_baidu_valuation_history,"akshare.stock_zh_valuation_baidu(symbol=601021, indicator=市净率)",2026-08-08T20:42:28.083486+00:00,FY2025,2025-12-31,2026-04-11,2594.407409204736,announced_on_or_before_observation_date
airline_pb_history,601021.SH,Spring Airlines,2026-07-10,2.42,akshare_baidu_valuation_history,"akshare.stock_zh_valuation_baidu(symbol=601021, indicator=市净率)",2026-08-08T20:42:28.083486+00:00,FY2025,2025-12-31,2026-04-11,2594.407409204736,announced_on_or_before_observation_date
airline_pb_history,601021.SH,Spring Airlines,2026-07-11,2.42,akshare_baidu_valuation_history,"akshare.stock_zh_valuation_baidu(symbol=601021, indicator=市净率)",2026-08-08T20:42:28.083486+00:00,FY2025,2025-12-31,2026-04-11,2594.407409204736,announced_on_or_before_observation_date
airline_pb_history,601021.SH,Spring Airlines,2026-07-12,2.42,akshare_baidu_valuation_history,"akshare.stock_zh_valuation_baidu(symbol=601021, indicator=市净率)",2026-08-08T20:42:28.083486+00:00,FY2025,2025-12-31,2026-04-11,2594.407409204736,announced_on_or_before_observation_date
airline_pb_history,601021.SH,Spring Airlines,2026-07-13,2.37,akshare_baidu_valuation_history,"akshare.stock_zh_valuation_baidu(symbol=601021, indicator=市净率)",2026-08-08T20:42:28.083486+00:00,FY2025,2025-12-31,2026-04-11,2594.407409204736,announced_on_or_before_observation_date
airline_pb_history,601021.SH,Spring Airlines,2026-07-14,2.38,akshare_baidu_valuation_history,"akshare.stock_zh_valuation_baidu(symbol=601021, indicator=市净率)",2026-08-08T20:42:28.083486+00:00,FY2025,2025-12-31,2026-04-11,2594.407409204736,announced_on_or_before_observation_date
airline_pb_history,601021.SH,Spring Airlines,2026-07-15,2.41,akshare_baidu_valuation_history,"akshare.stock_zh_valuation_baidu(symbol=601021, indicator=市净率)",2026-08-08T20:42:28.083486+00:00,FY2025,2025-12-31,2026-04-11,2594.407409204736,announced_on_or_before_observation_date
airline_pb_history,601021.SH,Spring Airlines,2026-07-16,2.39,akshare_baidu_valuation_history,"akshare.stock_zh_valuation_baidu(symbol=601021, indicator=市净率)",2026-08-08T20:42:28.083486+00:00,FY2025,2025-12-31,2026-04-11,2594.407409204736,announced_on_or_before_observation_date
airline_pb_history,601021.SH,Spring Airlines,2026-07-17,2.39,akshare_baidu_valuation_history,"akshare.stock_zh_valuation_baidu(symbol=601021, indicator=市净率)",2026-08-08T20:42:28.083486+00:00,FY2025,2025-12-31,2026-04-11,2594.407409204736,announced_on_or_before_observation_date
airline_pb_history,601021.SH,Spring Airlines,2026-07-18,2.39,akshare_baidu_valuation_history,"akshare.stock_zh_valuation_baidu(symbol=601021, indicator=市净率)",2026-08-08T20:42:28.083486+00:00,FY2025,2025-12-31,2026-04-11,2594.407409204736,announced_on_or_before_observation_date
airline_pb_history,601021.SH,Spring Airlines,2026-07-19,2.39,akshare_baidu_valuation_history,"akshare.stock_zh_valuation_baidu(symbol=601021, indicator=市净率)",2026-08-08T20:42:28.083486+00:00,FY2025,2025-12-31,2026-04-11,2594.407409204736,announced_on_or_before_observation_date
airline_pb_history,601021.SH,Spring Airlines,2026-07-20,2.41,akshare_baidu_valuation_history,"akshare.stock_zh_valuation_baidu(symbol=601021, indicator=市净率)",2026-08-08T20:42:28.083486+00:00,FY2025,2025-12-31,2026-04-11,2594.407409204736,announced_on_or_before_observation_date
airline_pb_history,601021.SH,Spring Airlines,2026-07-21,2.39,akshare_baidu_valuation_history,"akshare.stock_zh_valuation_baidu(symbol=601021, indicator=市净率)",2026-08-08T20:42:28.083486+00:00,FY2025,2025-12-31,2026-04-11,2594.407409204736,announced_on_or_before_observation_date
airline_pb_history,601021.SH,Spring Airlines,2026-07-22,2.39,akshare_baidu_valuation_history,"akshare.stock_zh_valuation_baidu(symbol=601021, indicator=市净率)",2026-08-08T20:42:28.083486+00:00,FY2025,2025-12-31,2026-04-11,2594.407409204736,announced_on_or_before_observation_date
airline_pb_history,601021.SH,Spring Airlines,2026-07-23,2.42,akshare_baidu_valuation_history,"akshare.stock_zh_valuation_baidu(symbol=601021, indicator=市净率)",2026-08-08T20:42:28.083486+00:00,FY2025,2025-12-31,2026-04-11,2594.407409204736,announced_on_or_before_observation_date
airline_pb_history,601021.SH,Spring Airlines,2026-07-24,2.34,akshare_baidu_valuation_history,"akshare.stock_zh_valuation_baidu(symbol=601021, indicator=市净率)",2026-08-08T20:42:28.083486+00:00,FY2025,2025-12-31,2026-04-11,2594.407409204736,announced_on_or_before_observation_date
airline_pb_history,601021.SH,Spring Airlines,2026-07-25,2.34,akshare_baidu_valuation_history,"akshare.stock_zh_valuation_baidu(symbol=601021, indicator=市净率)",2026-08-08T20:42:28.083486+00:00,FY2025,2025-12-31,2026-04-11,2594.407409204736,announced_on_or_before_observation_date
airline_pb_history,601021.SH,Spring Airlines,2026-07-26,2.34,akshare_baidu_valuation_history,"akshare.stock_zh_valuation_baidu(symbol=601021, indicator=市净率)",2026-08-08T20:42:28.083486+00:00,FY2025,2025-12-31,2026-04-11,2594.407409204736,announced_on_or_before_observation_date
airline_pb_history,601021.SH,Spring Airlines,2026-07-27,2.41,akshare_baidu_valuation_history,"akshare.stock_zh_valuation_baidu(symbol=601021, indicator=市净率)",2026-08-08T20:42:28.083486+00:00,FY2025,2025-12-31,2026-04-11,2594.407409204736,announced_on_or_before_observation_date
airline_pb_history,601021.SH,Spring Airlines,2026-07-28,2.42,akshare_baidu_valuation_history,"akshare.stock_zh_valuation_baidu(symbol=601021, indicator=市净率)",2026-08-08T20:42:28.083486+00:00,FY2025,2025-12-31,2026-04-11,2594.407409204736,announced_on_or_before_observation_date
airline_pb_history,601021.SH,Spring Airlines,2026-07-29,2.42,akshare_baidu_valuation_history,"akshare.stock_zh_valuation_baidu(symbol=601021, indicator=市净率)",2026-08-08T20:42:28.083486+00:00,FY2025,2025-12-31,2026-04-11,2594.407409204736,announced_on_or_before_observation_date
airline_pb_history,601021.SH,Spring Airlines,2026-07-30,2.48,akshare_baidu_valuation_history,"akshare.stock_zh_valuation_baidu(symbol=601021, indicator=市净率)",2026-08-08T20:42:28.083486+00:00,FY2025,2025-12-31,2026-04-11,2594.407409204736,announced_on_or_before_observation_date
airline_pb_history,601021.SH,Spring Airlines,2026-07-31,2.47,akshare_baidu_valuation_history,"akshare.stock_zh_valuation_baidu(symbol=601021, indicator=市净率)",2026-08-08T20:42:28.083486+00:00,FY2025,2025-12-31,2026-04-11,2594.407409204736,announced_on_or_before_observation_date
airline_pb_history,601021.SH,Spring Airlines,2026-08-01,2.47,akshare_baidu_valuation_history,"akshare.stock_zh_valuation_baidu(symbol=601021, indicator=市净率)",2026-08-08T20:42:28.083486+00:00,FY2025,2025-12-31,2026-04-11,2594.407409204736,announced_on_or_before_observation_date
airline_pb_history,601021.SH,Spring Airlines,2026-08-02,2.47,akshare_baidu_valuation_history,"akshare.stock_zh_valuation_baidu(symbol=601021, indicator=市净率)",2026-08-08T20:42:28.083486+00:00,FY2025,2025-12-31,2026-04-11,2594.407409204736,announced_on_or_before_observation_date
airline_pb_history,601021.SH,Spring Airlines,2026-08-03,2.45,akshare_baidu_valuation_history,"akshare.stock_zh_valuation_baidu(symbol=601021, indicator=市净率)",2026-08-08T20:42:28.083486+00:00,FY2025,2025-12-31,2026-04-11,2594.407409204736,announced_on_or_before_observation_date
airline_pb_history,601021.SH,Spring Airlines,2026-08-04,2.4,akshare_baidu_valuation_history,"akshare.stock_zh_valuation_baidu(symbol=601021, indicator=市净率)",2026-08-08T20:42:28.083486+00:00,FY2025,2025-12-31,2026-04-11,2594.407409204736,announced_on_or_before_observation_date
airline_pb_history,601021.SH,Spring Airlines,2026-08-05,2.46,akshare_baidu_valuation_history,"akshare.stock_zh_valuation_baidu(symbol=601021, indicator=市净率)",2026-08-08T20:42:28.083486+00:00,FY2025,2025-12-31,2026-04-11,2594.407409204736,announced_on_or_before_observation_date
airline_pb_history,601021.SH,Spring Airlines,2026-08-06,2.44,akshare_baidu_valuation_history,"akshare.stock_zh_valuation_baidu(symbol=601021, indicator=市净率)",2026-08-08T20:42:28.083486+00:00,FY2025,2025-12-31,2026-04-11,2594.407409204736,announced_on_or_before_observation_date
airline_pb_history,601021.SH,Spring Airlines,2026-08-07,2.4,akshare_baidu_valuation_history,"akshare.stock_zh_valuation_baidu(symbol=601021, indicator=市净率)",2026-08-08T20:42:28.083486+00:00,FY2025,2025-12-31,2026-04-11,2594.407409204736,announced_on_or_before_observation_date
airline_pb_history,601021.SH,Spring Airlines,2026-08-08,2.4,akshare_baidu_valuation_history,"akshare.stock_zh_valuation_baidu(symbol=601021, indicator=市净率)",2026-08-08T20:42:28.083486+00:00,FY2025,2025-12-31,2026-04-11,2594.407409204736,announced_on_or_before_observation_date
airline_pb_history,603885.SH,Juneyao Airlines,2025-08-09,3.13,akshare_baidu_valuation_history,"akshare.stock_zh_valuation_baidu(symbol=603885, indicator=市净率)",2026-08-08T20:42:28.083486+00:00,,,,,no_announced_equity_basis_available
airline_pb_history,603885.SH,Juneyao Airlines,2025-08-10,3.13,akshare_baidu_valuation_history,"akshare.stock_zh_valuation_baidu(symbol=603885, indicator=市净率)",2026-08-08T20:42:28.083486+00:00,,,,,no_announced_equity_basis_available
airline_pb_history,603885.SH,Juneyao Airlines,2025-08-11,3.15,akshare_baidu_valuation_history,"akshare.stock_zh_valuation_baidu(symbol=603885, indicator=市净率)",2026-08-08T20:42:28.083486+00:00,,,,,no_announced_equity_basis_available
airline_pb_history,603885.SH,Juneyao Airlines,2025-08-12,3.14,akshare_baidu_valuation_history,"akshare.stock_zh_valuation_baidu(symbol=603885, indicator=市净率)",2026-08-08T20:42:28.083486+00:00,,,,,no_announced_equity_basis_available
airline_pb_history,603885.SH,Juneyao Airlines,2025-08-13,3.19,akshare_baidu_valuation_history,"akshare.stock_zh_valuation_baidu(symbol=603885, indicator=市净率)",2026-08-08T20:42:28.083486+00:00,,,,,no_announced_equity_basis_available
airline_pb_history,603885.SH,Juneyao Airlines,2025-08-14,3.14,akshare_baidu_valuation_history,"akshare.stock_zh_valuation_baidu(symbol=603885, indicator=市净率)",2026-08-08T20:42:28.083486+00:00,,,,,no_announced_equity_basis_available
airline_pb_history,603885.SH,Juneyao Airlines,2025-08-15,3.21,akshare_baidu_valuation_history,"akshare.stock_zh_valuation_baidu(symbol=603885, indicator=市净率)",2026-08-08T20:42:28.083486+00:00,,,,,no_announced_equity_basis_available
airline_pb_history,603885.SH,Juneyao Airlines,2025-08-16,3.21,akshare_baidu_valuation_history,"akshare.stock_zh_valuation_baidu(symbol=603885, indicator=市净率)",2026-08-08T20:42:28.083486+00:00,,,,,no_announced_equity_basis_available
airline_pb_history,603885.SH,Juneyao Airlines,2025-08-17,3.21,akshare_baidu_valuation_history,"akshare.stock_zh_valuation_baidu(symbol=603885, indicator=市净率)",2026-08-08T20:42:28.083486+00:00,,,,,no_announced_equity_basis_available
airline_pb_history,603885.SH,Juneyao Airlines,2025-08-18,3.17,akshare_baidu_valuation_history,"akshare.stock_zh_valuation_baidu(symbol=603885, indicator=市净率)",2026-08-08T20:42:28.083486+00:00,,,,,no_announced_equity_basis_available
airline_pb_history,603885.SH,Juneyao Airlines,2025-08-19,3.17,akshare_baidu_valuation_history,"akshare.stock_zh_valuation_baidu(symbol=603885, indicator=市净率)",2026-08-08T20:42:28.083486+00:00,,,,,no_announced_equity_basis_available
airline_pb_history,603885.SH,Juneyao Airlines,2025-08-20,3.19,akshare_baidu_valuation_history,"akshare.stock_zh_valuation_baidu(symbol=603885, indicator=市净率)",2026-08-08T20:42:28.083486+00:00,,,,,no_announced_equity_basis_available
airline_pb_history,603885.SH,Juneyao Airlines,2025-08-21,3.21,akshare_baidu_valuation_history,"akshare.stock_zh_valuation_baidu(symbol=603885, indicator=市净率)",2026-08-08T20:42:28.083486+00:00,,,,,no_announced_equity_basis_available
airline_pb_history,603885.SH,Juneyao Airlines,2025-08-22,3.18,akshare_baidu_valuation_history,"akshare.stock_zh_valuation_baidu(symbol=603885, indicator=市净率)",2026-08-08T20:42:28.083486+00:00,,,,,no_announced_equity_basis_available
airline_pb_history,603885.SH,Juneyao Airlines,2025-08-23,3.03,akshare_baidu_valuation_history,"akshare.stock_zh_valuation_baidu(symbol=603885, indicator=市净率)",2026-08-08T20:42:28.083486+00:00,1H2025,2025-06-30,2025-08-23,1277.6788458705107,announced_on_or_before_observation_date
airline_pb_history,603885.SH,Juneyao Airlines,2025-08-24,3.03,akshare_baidu_valuation_history,"akshare.stock_zh_valuation_baidu(symbol=603885, indicator=市净率)",2026-08-08T20:42:28.083486+00:00,1H2025,2025-06-30,2025-08-23,1277.6788458705107,announced_on_or_before_observation_date
airline_pb_history,603885.SH,Juneyao Airlines,2025-08-25,3.04,akshare_baidu_valuation_history,"akshare.stock_zh_valuation_baidu(symbol=603885, indicator=市净率)",2026-08-08T20:42:28.083486+00:00,1H2025,2025-06-30,2025-08-23,1277.6788458705107,announced_on_or_before_observation_date
airline_pb_history,603885.SH,Juneyao Airlines,2025-08-26,3.03,akshare_baidu_valuation_history,"akshare.stock_zh_valuation_baidu(symbol=603885, indicator=市净率)",2026-08-08T20:42:28.083486+00:00,1H2025,2025-06-30,2025-08-23,1277.6788458705107,announced_on_or_before_observation_date
airline_pb_history,603885.SH,Juneyao Airlines,2025-08-27,2.99,akshare_baidu_valuation_history,"akshare.stock_zh_valuation_baidu(symbol=603885, indicator=市净率)",2026-08-08T20:42:28.083486+00:00,1H2025,2025-06-30,2025-08-23,1277.6788458705107,announced_on_or_before_observation_date
airline_pb_history,603885.SH,Juneyao Airlines,2025-08-28,2.99,akshare_baidu_valuation_history,"akshare.stock_zh_valuation_baidu(symbol=603885, indicator=市净率)",2026-08-08T20:42:28.083486+00:00,1H2025,2025-06-30,2025-08-23,1277.6788458705107,announced_on_or_before_observation_date
airline_pb_history,603885.SH,Juneyao Airlines,2025-08-29,3.01,akshare_baidu_valuation_history,"akshare.stock_zh_valuation_baidu(symbol=603885, indicator=市净率)",2026-08-08T20:42:28.083486+00:00,1H2025,2025-06-30,2025-08-23,1277.6788458705107,announced_on_or_before_observation_date
airline_pb_history,603885.SH,Juneyao Airlines,2025-08-30,3.01,akshare_baidu_valuation_history,"akshare.stock_zh_valuation_baidu(symbol=603885, indicator=市净率)",2026-08-08T20:42:28.083486+00:00,1H2025,2025-06-30,2025-08-23,1277.6788458705107,announced_on_or_before_observation_date
airline_pb_history,603885.SH,Juneyao Airlines,2025-08-31,3.01,akshare_baidu_valuation_history,"akshare.stock_zh_valuation_baidu(symbol=603885, indicator=市净率)",2026-08-08T20:42:28.083486+00:00,1H2025,2025-06-30,2025-08-23,1277.6788458705107,announced_on_or_before_observation_date
airline_pb_history,603885.SH,Juneyao Airlines,2025-09-01,2.97,akshare_baidu_valuation_history,"akshare.stock_zh_valuation_baidu(symbol=603885, indicator=市净率)",2026-08-08T20:42:28.083486+00:00,1H2025,2025-06-30,2025-08-23,1277.6788458705107,announced_on_or_before_observation_date
airline_pb_history,603885.SH,Juneyao Airlines,2025-09-02,2.96,akshare_baidu_valuation_history,"akshare.stock_zh_valuation_baidu(symbol=603885, indicator=市净率)",2026-08-08T20:42:28.083486+00:00,1H2025,2025-06-30,2025-08-23,1277.6788458705107,announced_on_or_before_observation_date
airline_pb_history,603885.SH,Juneyao Airlines,2025-09-03,2.92,akshare_baidu_valuation_history,"akshare.stock_zh_valuation_baidu(symbol=603885, indicator=市净率)",2026-08-08T20:42:28.083486+00:00,1H2025,2025-06-30,2025-08-23,1277.6788458705107,announced_on_or_before_observation_date
airline_pb_history,603885.SH,Juneyao Airlines,2025-09-04,2.98,akshare_baidu_valuation_history,"akshare.stock_zh_valuation_baidu(symbol=603885, indicator=市净率)",2026-08-08T20:42:28.083486+00:00,1H2025,2025-06-30,2025-08-23,1277.6788458705107,announced_on_or_before_observation_date
airline_pb_history,603885.SH,Juneyao Airlines,2025-09-05,3.04,akshare_baidu_valuation_history,"akshare.stock_zh_valuation_baidu(symbol=603885, indicator=市净率)",2026-08-08T20:42:28.083486+00:00,1H2025,2025-06-30,2025-08-23,1277.6788458705107,announced_on_or_before_observation_date
airline_pb_history,603885.SH,Juneyao Airlines,2025-09-06,3.04,akshare_baidu_valuation_history,"akshare.stock_zh_valuation_baidu(symbol=603885, indicator=市净率)",2026-08-08T20:42:28.083486+00:00,1H2025,2025-06-30,2025-08-23,1277.6788458705107,announced_on_or_before_observation_date
airline_pb_history,603885.SH,Juneyao Airlines,2025-09-07,3.04,akshare_baidu_valuation_history,"akshare.stock_zh_valuation_baidu(symbol=603885, indicator=市净率)",2026-08-08T20:42:28.083486+00:00,1H2025,2025-06-30,2025-08-23,1277.6788458705107,announced_on_or_before_observation_date
airline_pb_history,603885.SH,Juneyao Airlines,2025-09-08,3.09,akshare_baidu_valuation_history,"akshare.stock_zh_valuation_baidu(symbol=603885, indicator=市净率)",2026-08-08T20:42:28.083486+00:00,1H2025,2025-06-30,2025-08-23,1277.6788458705107,announced_on_or_before_observation_date
airline_pb_history,603885.SH,Juneyao Airlines,2025-09-09,3.11,akshare_baidu_valuation_history,"akshare.stock_zh_valuation_baidu(symbol=603885, indicator=市净率)",2026-08-08T20:42:28.083486+00:00,1H2025,2025-06-30,2025-08-23,1277.6788458705107,announced_on_or_before_observation_date
airline_pb_history,603885.SH,Juneyao Airlines,2025-09-10,3.06,akshare_baidu_valuation_history,"akshare.stock_zh_valuation_baidu(symbol=603885, indicator=市净率)",2026-08-08T20:42:28.083486+00:00,1H2025,2025-06-30,2025-08-23,1277.6788458705107,announced_on_or_before_observation_date
airline_pb_history,603885.SH,Juneyao Airlines,2025-09-11,3.07,akshare_baidu_valuation_history,"akshare.stock_zh_valuation_baidu(symbol=603885, indicator=市净率)",2026-08-08T20:42:28.083486+00:00,1H2025,2025-06-30,2025-08-23,1277.6788458705107,announced_on_or_before_observation_date
airline_pb_history,603885.SH,Juneyao Airlines,2025-09-12,3.11,akshare_baidu_valuation_history,"akshare.stock_zh_valuation_baidu(symbol=603885, indicator=市净率)",2026-08-08T20:42:28.083486+00:00,1H2025,2025-06-30,2025-08-23,1277.6788458705107,announced_on_or_before_observation_date
airline_pb_history,603885.SH,Juneyao Airlines,2025-09-13,3.11,akshare_baidu_valuation_history,"akshare.stock_zh_valuation_baidu(symbol=603885, indicator=市净率)",2026-08-08T20:42:28.083486+00:00,1H2025,2025-06-30,2025-08-23,1277.6788458705107,announced_on_or_before_observation_date
airline_pb_history,603885.SH,Juneyao Airlines,2025-09-14,3.11,akshare_baidu_valuation_history,"akshare.stock_zh_valuation_baidu(symbol=603885, indicator=市净率)",2026-08-08T20:42:28.083486+00:00,1H2025,2025-06-30,2025-08-23,1277.6788458705107,announced_on_or_before_observation_date
airline_pb_history,603885.SH,Juneyao Airlines,2025-09-15,3.12,akshare_baidu_valuation_history,"akshare.stock_zh_valuation_baidu(symbol=603885, indicator=市净率)",2026-08-08T20:42:28.083486+00:00,1H2025,2025-06-30,2025-08-23,1277.6788458705107,announced_on_or_before_observation_date
airline_pb_history,603885.SH,Juneyao Airlines,2025-09-16,3.15,akshare_baidu_valuation_history,"akshare.stock_zh_valuation_baidu(symbol=603885, indicator=市净率)",2026-08-08T20:42:28.083486+00:00,1H2025,2025-06-30,2025-08-23,1277.6788458705107,announced_on_or_before_observation_date
airline_pb_history,603885.SH,Juneyao Airlines,2025-09-17,3.24,akshare_baidu_valuation_history,"akshare.stock_zh_valuation_baidu(symbol=603885, indicator=市净率)",2026-08-08T20:42:28.083486+00:00,1H2025,2025-06-30,2025-08-23,1277.6788458705107,announced_on_or_before_observation_date
airline_pb_history,603885.SH,Juneyao Airlines,2025-09-18,3.16,akshare_baidu_valuation_history,"akshare.stock_zh_valuation_baidu(symbol=603885, indicator=市净率)",2026-08-08T20:42:28.083486+00:00,1H2025,2025-06-30,2025-08-23,1277.6788458705107,announced_on_or_before_observation_date
airline_pb_history,603885.SH,Juneyao Airlines,2025-09-19,3.23,akshare_baidu_valuation_history,"akshare.stock_zh_valuation_baidu(symbol=603885, indicator=市净率)",2026-08-08T20:42:28.083486+00:00,1H2025,2025-06-30,2025-08-23,1277.6788458705107,announced_on_or_before_observation_date
airline_pb_history,603885.SH,Juneyao Airlines,2025-09-20,3.23,akshare_baidu_valuation_history,"akshare.stock_zh_valuation_baidu(symbol=603885, indicator=市净率)",2026-08-08T20:42:28.083486+00:00,1H2025,2025-06-30,2025-08-23,1277.6788458705107,announced_on_or_before_observation_date
airline_pb_history,603885.SH,Juneyao Airlines,2025-09-21,3.23,akshare_baidu_valuation_history,"akshare.stock_zh_valuation_baidu(symbol=603885, indicator=市净率)",2026-08-08T20:42:28.083486+00:00,1H2025,2025-06-30,2025-08-23,1277.6788458705107,announced_on_or_before_observation_date
airline_pb_history,603885.SH,Juneyao Airlines,2025-09-22,3.23,akshare_baidu_valuation_history,"akshare.stock_zh_valuation_baidu(symbol=603885, indicator=市净率)",2026-08-08T20:42:28.083486+00:00,1H2025,2025-06-30,2025-08-23,1277.6788458705107,announced_on_or_before_observation_date
airline_pb_history,603885.SH,Juneyao Airlines,2025-09-23,3.2,akshare_baidu_valuation_history,"akshare.stock_zh_valuation_baidu(symbol=603885, indicator=市净率)",2026-08-08T20:42:28.083486+00:00,1H2025,2025-06-30,2025-08-23,1277.6788458705107,announced_on_or_before_observation_date
airline_pb_history,603885.SH,Juneyao Airlines,2025-09-24,3.2,akshare_baidu_valuation_history,"akshare.stock_zh_valuation_baidu(symbol=603885, indicator=市净率)",2026-08-08T20:42:28.083486+00:00,1H2025,2025-06-30,2025-08-23,1277.6788458705107,announced_on_or_before_observation_date
airline_pb_history,603885.SH,Juneyao Airlines,2025-09-25,3.2,akshare_baidu_valuation_history,"akshare.stock_zh_valuation_baidu(symbol=603885, indicator=市净率)",2026-08-08T20:42:28.083486+00:00,1H2025,2025-06-30,2025-08-23,1277.6788458705107,announced_on_or_before_observation_date
airline_pb_history,603885.SH,Juneyao Airlines,2025-09-26,3.24,akshare_baidu_valuation_history,"akshare.stock_zh_valuation_baidu(symbol=603885, indicator=市净率)",2026-08-08T20:42:28.083486+00:00,1H2025,2025-06-30,2025-08-23,1277.6788458705107,announced_on_or_before_observation_date
airline_pb_history,603885.SH,Juneyao Airlines,2025-09-27,3.24,akshare_baidu_valuation_history,"akshare.stock_zh_valuation_baidu(symbol=603885, indicator=市净率)",2026-08-08T20:42:28.083486+00:00,1H2025,2025-06-30,2025-08-23,1277.6788458705107,announced_on_or_before_observation_date
airline_pb_history,603885.SH,Juneyao Airlines,2025-09-28,3.24,akshare_baidu_valuation_history,"akshare.stock_zh_valuation_baidu(symbol=603885, indicator=市净率)",2026-08-08T20:42:28.083486+00:00,1H2025,2025-06-30,2025-08-23,1277.6788458705107,announced_on_or_before_observation_date
airline_pb_history,603885.SH,Juneyao Airlines,2025-09-29,3.24,akshare_baidu_valuation_history,"akshare.stock_zh_valuation_baidu(symbol=603885, indicator=市净率)",2026-08-08T20:42:28.083486+00:00,1H2025,2025-06-30,2025-08-23,1277.6788458705107,announced_on_or_before_observation_date
airline_pb_history,603885.SH,Juneyao Airlines,2025-09-30,3.24,akshare_baidu_valuation_history,"akshare.stock_zh_valuation_baidu(symbol=603885, indicator=市净率)",2026-08-08T20:42:28.083486+00:00,1H2025,2025-06-30,2025-08-23,1277.6788458705107,announced_on_or_before_observation_date
airline_pb_history,603885.SH,Juneyao Airlines,2025-10-01,3.24,akshare_baidu_valuation_history,"akshare.stock_zh_valuation_baidu(symbol=603885, indicator=市净率)",2026-08-08T20:42:28.083486+00:00,1H2025,2025-06-30,2025-08-23,1277.6788458705107,announced_on_or_before_observation_date
airline_pb_history,603885.SH,Juneyao Airlines,2025-10-02,3.24,akshare_baidu_valuation_history,"akshare.stock_zh_valuation_baidu(symbol=603885, indicator=市净率)",2026-08-08T20:42:28.083486+00:00,1H2025,2025-06-30,2025-08-23,1277.6788458705107,announced_on_or_before_observation_date
airline_pb_history,603885.SH,Juneyao Airlines,2025-10-03,3.24,akshare_baidu_valuation_history,"akshare.stock_zh_valuation_baidu(symbol=603885, indicator=市净率)",2026-08-08T20:42:28.083486+00:00,1H2025,2025-06-30,2025-08-23,1277.6788458705107,announced_on_or_before_observation_date
airline_pb_history,603885.SH,Juneyao Airlines,2025-10-04,3.24,akshare_baidu_valuation_history,"akshare.stock_zh_valuation_baidu(symbol=603885, indicator=市净率)",2026-08-08T20:42:28.083486+00:00,1H2025,2025-06-30,2025-08-23,1277.6788458705107,announced_on_or_before_observation_date
airline_pb_history,603885.SH,Juneyao Airlines,2025-10-05,3.24,akshare_baidu_valuation_history,"akshare.stock_zh_valuation_baidu(symbol=603885, indicator=市净率)",2026-08-08T20:42:28.083486+00:00,1H2025,2025-06-30,2025-08-23,1277.6788458705107,announced_on_or_before_observation_date
airline_pb_history,603885.SH,Juneyao Airlines,2025-10-06,3.24,akshare_baidu_valuation_history,"akshare.stock_zh_valuation_baidu(symbol=603885, indicator=市净率)",2026-08-08T20:42:28.083486+00:00,1H2025,2025-06-30,2025-08-23,1277.6788458705107,announced_on_or_before_observation_date
airline_pb_history,603885.SH,Juneyao Airlines,2025-10-07,3.24,akshare_baidu_valuation_history,"akshare.stock_zh_valuation_baidu(symbol=603885, indicator=市净率)",2026-08-08T20:42:28.083486+00:00,1H2025,2025-06-30,2025-08-23,1277.6788458705107,announced_on_or_before_observation_date
airline_pb_history,603885.SH,Juneyao Airlines,2025-10-08,3.24,akshare_baidu_valuation_history,"akshare.stock_zh_valuation_baidu(symbol=603885, indicator=市净率)",2026-08-08T20:42:28.083486+00:00,1H2025,2025-06-30,2025-08-23,1277.6788458705107,announced_on_or_before_observation_date
airline_pb_history,603885.SH,Juneyao Airlines,2025-10-09,3.27,akshare_baidu_valuation_history,"akshare.stock_zh_valuation_baidu(symbol=603885, indicator=市净率)",2026-08-08T20:42:28.083486+00:00,1H2025,2025-06-30,2025-08-23,1277.6788458705107,announced_on_or_before_observation_date
airline_pb_history,603885.SH,Juneyao Airlines,2025-10-10,3.24,akshare_baidu_valuation_history,"akshare.stock_zh_valuation_baidu(symbol=603885, indicator=市净率)",2026-08-08T20:42:28.083486+00:00,1H2025,2025-06-30,2025-08-23,1277.6788458705107,announced_on_or_before_observation_date
airline_pb_history,603885.SH,Juneyao Airlines,2025-10-11,3.24,akshare_baidu_valuation_history,"akshare.stock_zh_valuation_baidu(symbol=603885, indicator=市净率)",2026-08-08T20:42:28.083486+00:00,1H2025,2025-06-30,2025-08-23,1277.6788458705107,announced_on_or_before_observation_date
airline_pb_history,603885.SH,Juneyao Airlines,2025-10-12,3.24,akshare_baidu_valuation_history,"akshare.stock_zh_valuation_baidu(symbol=603885, indicator=市净率)",2026-08-08T20:42:28.083486+00:00,1H2025,2025-06-30,2025-08-23,1277.6788458705107,announced_on_or_before_observation_date
airline_pb_history,603885.SH,Juneyao Airlines,2025-10-13,3.15,akshare_baidu_valuation_history,"akshare.stock_zh_valuation_baidu(symbol=603885, indicator=市净率)",2026-08-08T20:42:28.083486+00:00,1H2025,2025-06-30,2025-08-23,1277.6788458705107,announced_on_or_before_observation_date
airline_pb_history,603885.SH,Juneyao Airlines,2025-10-14,3.14,akshare_baidu_valuation_history,"akshare.stock_zh_valuation_baidu(symbol=603885, indicator=市净率)",2026-08-08T20:42:28.083486+00:00,1H2025,2025-06-30,2025-08-23,1277.6788458705107,announced_on_or_before_observation_date
airline_pb_history,603885.SH,Juneyao Airlines,2025-10-15,3.35,akshare_baidu_valuation_history,"akshare.stock_zh_valuation_baidu(symbol=603885, indicator=市净率)",2026-08-08T20:42:28.083486+00:00,1H2025,2025-06-30,2025-08-23,1277.6788458705107,announced_on_or_before_observation_date
airline_pb_history,603885.SH,Juneyao Airlines,2025-10-16,3.26,akshare_baidu_valuation_history,"akshare.stock_zh_valuation_baidu(symbol=603885, indicator=市净率)",2026-08-08T20:42:28.083486+00:00,1H2025,2025-06-30,2025-08-23,1277.6788458705107,announced_on_or_before_observation_date
airline_pb_history,603885.SH,Juneyao Airlines,2025-10-17,3.36,akshare_baidu_valuation_history,"akshare.stock_zh_valuation_baidu(symbol=603885, indicator=市净率)",2026-08-08T20:42:28.083486+00:00,1H2025,2025-06-30,2025-08-23,1277.6788458705107,announced_on_or_before_observation_date
airline_pb_history,603885.SH,Juneyao Airlines,2025-10-18,3.36,akshare_baidu_valuation_history,"akshare.stock_zh_valuation_baidu(symbol=603885, indicator=市净率)",2026-08-08T20:42:28.083486+00:00,1H2025,2025-06-30,2025-08-23,1277.6788458705107,announced_on_or_before_observation_date
airline_pb_history,603885.SH,Juneyao Airlines,2025-10-19,3.36,akshare_baidu_valuation_history,"akshare.stock_zh_valuation_baidu(symbol=603885, indicator=市净率)",2026-08-08T20:42:28.083486+00:00,1H2025,2025-06-30,2025-08-23,1277.6788458705107,announced_on_or_before_observation_date
airline_pb_history,603885.SH,Juneyao Airlines,2025-10-20,3.4,akshare_baidu_valuation_history,"akshare.stock_zh_valuation_baidu(symbol=603885, indicator=市净率)",2026-08-08T20:42:28.083486+00:00,1H2025,2025-06-30,2025-08-23,1277.6788458705107,announced_on_or_before_observation_date
airline_pb_history,603885.SH,Juneyao Airlines,2025-10-21,3.35,akshare_baidu_valuation_history,"akshare.stock_zh_valuation_baidu(symbol=603885, indicator=市净率)",2026-08-08T20:42:28.083486+00:00,1H2025,2025-06-30,2025-08-23,1277.6788458705107,announced_on_or_before_observation_date
airline_pb_history,603885.SH,Juneyao Airlines,2025-10-22,3.31,akshare_baidu_valuation_history,"akshare.stock_zh_valuation_baidu(symbol=603885, indicator=市净率)",2026-08-08T20:42:28.083486+00:00,1H2025,2025-06-30,2025-08-23,1277.6788458705107,announced_on_or_before_observation_date
airline_pb_history,603885.SH,Juneyao Airlines,2025-10-23,3.3,akshare_baidu_valuation_history,"akshare.stock_zh_valuation_baidu(symbol=603885, indicator=市净率)",2026-08-08T20:42:28.083486+00:00,1H2025,2025-06-30,2025-08-23,1277.6788458705107,announced_on_or_before_observation_date
airline_pb_history,603885.SH,Juneyao Airlines,2025-10-24,3.24,akshare_baidu_valuation_history,"akshare.stock_zh_valuation_baidu(symbol=603885, indicator=市净率)",2026-08-08T20:42:28.083486+00:00,1H2025,2025-06-30,2025-08-23,1277.6788458705107,announced_on_or_before_observation_date
airline_pb_history,603885.SH,Juneyao Airlines,2025-10-25,3.24,akshare_baidu_valuation_history,"akshare.stock_zh_valuation_baidu(symbol=603885, indicator=市净率)",2026-08-08T20:42:28.083486+00:00,1H2025,2025-06-30,2025-08-23,1277.6788458705107,announced_on_or_before_observation_date
airline_pb_history,603885.SH,Juneyao Airlines,2025-10-26,3.24,akshare_baidu_valuation_history,"akshare.stock_zh_valuation_baidu(symbol=603885, indicator=市净率)",2026-08-08T20:42:28.083486+00:00,1H2025,2025-06-30,2025-08-23,1277.6788458705107,announced_on_or_before_observation_date
airline_pb_history,603885.SH,Juneyao Airlines,2025-10-27,3.21,akshare_baidu_valuation_history,"akshare.stock_zh_valuation_baidu(symbol=603885, indicator=市净率)",2026-08-08T20:42:28.083486+00:00,1H2025,2025-06-30,2025-08-23,1277.6788458705107,announced_on_or_before_observation_date
airline_pb_history,603885.SH,Juneyao Airlines,2025-10-28,3.23,akshare_baidu_valuation_history,"akshare.stock_zh_valuation_baidu(symbol=603885, indicator=市净率)",2026-08-08T20:42:28.083486+00:00,1H2025,2025-06-30,2025-08-23,1277.6788458705107,announced_on_or_before_observation_date
airline_pb_history,603885.SH,Juneyao Airlines,2025-10-29,3.24,akshare_baidu_valuation_history,"akshare.stock_zh_valuation_baidu(symbol=603885, indicator=市净率)",2026-08-08T20:42:28.083486+00:00,1H2025,2025-06-30,2025-08-23,1277.6788458705107,announced_on_or_before_observation_date
airline_pb_history,603885.SH,Juneyao Airlines,2025-10-30,3.23,akshare_baidu_valuation_history,"akshare.stock_zh_valuation_baidu(symbol=603885, indicator=市净率)",2026-08-08T20:42:28.083486+00:00,1H2025,2025-06-30,2025-08-23,1277.6788458705107,announced_on_or_before_observation_date
airline_pb_history,603885.SH,Juneyao Airlines,2025-10-31,2.88,akshare_baidu_valuation_history,"akshare.stock_zh_valuation_baidu(symbol=603885, indicator=市净率)",2026-08-08T20:42:28.083486+00:00,1H2025,2025-06-30,2025-08-23,1277.6788458705107,announced_on_or_before_observation_date
airline_pb_history,603885.SH,Juneyao Airlines,2025-11-01,2.88,akshare_baidu_valuation_history,"akshare.stock_zh_valuation_baidu(symbol=603885, indicator=市净率)",2026-08-08T20:42:28.083486+00:00,1H2025,2025-06-30,2025-08-23,1277.6788458705107,announced_on_or_before_observation_date
airline_pb_history,603885.SH,Juneyao Airlines,2025-11-02,2.88,akshare_baidu_valuation_history,"akshare.stock_zh_valuation_baidu(symbol=603885, indicator=市净率)",2026-08-08T20:42:28.083486+00:00,1H2025,2025-06-30,2025-08-23,1277.6788458705107,announced_on_or_before_observation_date
airline_pb_history,603885.SH,Juneyao Airlines,2025-11-03,2.93,akshare_baidu_valuation_history,"akshare.stock_zh_valuation_baidu(symbol=603885, indicator=市净率)",2026-08-08T20:42:28.083486+00:00,1H2025,2025-06-30,2025-08-23,1277.6788458705107,announced_on_or_before_observation_date
airline_pb_history,603885.SH,Juneyao Airlines,2025-11-04,2.89,akshare_baidu_valuation_history,"akshare.stock_zh_valuation_baidu(symbol=603885, indicator=市净率)",2026-08-08T20:42:28.083486+00:00,1H2025,2025-06-30,2025-08-23,1277.6788458705107,announced_on_or_before_observation_date
airline_pb_history,603885.SH,Juneyao Airlines,2025-11-05,2.92,akshare_baidu_valuation_history,"akshare.stock_zh_valuation_baidu(symbol=603885, indicator=市净率)",2026-08-08T20:42:28.083486+00:00,1H2025,2025-06-30,2025-08-23,1277.6788458705107,announced_on_or_before_observation_date
airline_pb_history,603885.SH,Juneyao Airlines,2025-11-06,2.96,akshare_baidu_valuation_history,"akshare.stock_zh_valuation_baidu(symbol=603885, indicator=市净率)",2026-08-08T20:42:28.083486+00:00,1H2025,2025-06-30,2025-08-23,1277.6788458705107,announced_on_or_before_observation_date
airline_pb_history,603885.SH,Juneyao Airlines,2025-11-07,2.94,akshare_baidu_valuation_history,"akshare.stock_zh_valuation_baidu(symbol=603885, indicator=市净率)",2026-08-08T20:42:28.083486+00:00,1H2025,2025-06-30,2025-08-23,1277.6788458705107,announced_on_or_before_observation_date
airline_pb_history,603885.SH,Juneyao Airlines,2025-11-08,2.94,akshare_baidu_valuation_history,"akshare.stock_zh_valuation_baidu(symbol=603885, indicator=市净率)",2026-08-08T20:42:28.083486+00:00,1H2025,2025-06-30,2025-08-23,1277.6788458705107,announced_on_or_before_observation_date
airline_pb_history,603885.SH,Juneyao Airlines,2025-11-09,2.94,akshare_baidu_valuation_history,"akshare.stock_zh_valuation_baidu(symbol=603885, indicator=市净率)",2026-08-08T20:42:28.083486+00:00,1H2025,2025-06-30,2025-08-23,1277.6788458705107,announced_on_or_before_observation_date
airline_pb_history,603885.SH,Juneyao Airlines,2025-11-10,3.12,akshare_baidu_valuation_history,"akshare.stock_zh_valuation_baidu(symbol=603885, indicator=市净率)",2026-08-08T20:42:28.083486+00:00,1H2025,2025-06-30,2025-08-23,1277.6788458705107,announced_on_or_before_observation_date
airline_pb_history,603885.SH,Juneyao Airlines,2025-11-11,3.17,akshare_baidu_valuation_history,"akshare.stock_zh_valuation_baidu(symbol=603885, indicator=市净率)",2026-08-08T20:42:28.083486+00:00,1H2025,2025-06-30,2025-08-23,1277.6788458705107,announced_on_or_before_observation_date
airline_pb_history,603885.SH,Juneyao Airlines,2025-11-12,3.26,akshare_baidu_valuation_history,"akshare.stock_zh_valuation_baidu(symbol=603885, indicator=市净率)",2026-08-08T20:42:28.083486+00:00,1H2025,2025-06-30,2025-08-23,1277.6788458705107,announced_on_or_before_observation_date
airline_pb_history,603885.SH,Juneyao Airlines,2025-11-13,3.28,akshare_baidu_valuation_history,"akshare.stock_zh_valuation_baidu(symbol=603885, indicator=市净率)",2026-08-08T20:42:28.083486+00:00,1H2025,2025-06-30,2025-08-23,1277.6788458705107,announced_on_or_before_observation_date
airline_pb_history,603885.SH,Juneyao Airlines,2025-11-14,3.28,akshare_baidu_valuation_history,"akshare.stock_zh_valuation_baidu(symbol=603885, indicator=市净率)",2026-08-08T20:42:28.083486+00:00,1H2025,2025-06-30,2025-08-23,1277.6788458705107,announced_on_or_before_observation_date
airline_pb_history,603885.SH,Juneyao Airlines,2025-11-15,3.28,akshare_baidu_valuation_history,"akshare.stock_zh_valuation_baidu(symbol=603885, indicator=市净率)",2026-08-08T20:42:28.083486+00:00,1H2025,2025-06-30,2025-08-23,1277.6788458705107,announced_on_or_before_observation_date
airline_pb_history,603885.SH,Juneyao Airlines,2025-11-16,3.28,akshare_baidu_valuation_history,"akshare.stock_zh_valuation_baidu(symbol=603885, indicator=市净率)",2026-08-08T20:42:28.083486+00:00,1H2025,2025-06-30,2025-08-23,1277.6788458705107,announced_on_or_before_observation_date
airline_pb_history,603885.SH,Juneyao Airlines,2025-11-17,3.18,akshare_baidu_valuation_history,"akshare.stock_zh_valuation_baidu(symbol=603885, indicator=市净率)",2026-08-08T20:42:28.083486+00:00,1H2025,2025-06-30,2025-08-23,1277.6788458705107,announced_on_or_before_observation_date
airline_pb_history,603885.SH,Juneyao Airlines,2025-11-18,3.16,akshare_baidu_valuation_history,"akshare.stock_zh_valuation_baidu(symbol=603885, indicator=市净率)",2026-08-08T20:42:28.083486+00:00,1H2025,2025-06-30,2025-08-23,1277.6788458705107,announced_on_or_before_observation_date
airline_pb_history,603885.SH,Juneyao Airlines,2025-11-19,3.12,akshare_baidu_valuation_history,"akshare.stock_zh_valuation_baidu(symbol=603885, indicator=市净率)",2026-08-08T20:42:28.083486+00:00,1H2025,2025-06-30,2025-08-23,1277.6788458705107,announced_on_or_before_observation_date
airline_pb_history,603885.SH,Juneyao Airlines,2025-11-20,2.97,akshare_baidu_valuation_history,"akshare.stock_zh_valuation_baidu(symbol=603885, indicator=市净率)",2026-08-08T20:42:28.083486+00:00,1H2025,2025-06-30,2025-08-23,1277.6788458705107,announced_on_or_before_observation_date
airline_pb_history,603885.SH,Juneyao Airlines,2025-11-21,2.94,akshare_baidu_valuation_history,"akshare.stock_zh_valuation_baidu(symbol=603885, indicator=市净率)",2026-08-08T20:42:28.083486+00:00,1H2025,2025-06-30,2025-08-23,1277.6788458705107,announced_on_or_before_observation_date
airline_pb_history,603885.SH,Juneyao Airlines,2025-11-22,2.94,akshare_baidu_valuation_history,"akshare.stock_zh_valuation_baidu(symbol=603885, indicator=市净率)",2026-08-08T20:42:28.083486+00:00,1H2025,2025-06-30,2025-08-23,1277.6788458705107,announced_on_or_before_observation_date
airline_pb_history,603885.SH,Juneyao Airlines,2025-11-23,2.94,akshare_baidu_valuation_history,"akshare.stock_zh_valuation_baidu(symbol=603885, indicator=市净率)",2026-08-08T20:42:28.083486+00:00,1H2025,2025-06-30,2025-08-23,1277.6788458705107,announced_on_or_before_observation_date
airline_pb_history,603885.SH,Juneyao Airlines,2025-11-24,2.84,akshare_baidu_valuation_history,"akshare.stock_zh_valuation_baidu(symbol=603885, indicator=市净率)",2026-08-08T20:42:28.083486+00:00,1H2025,2025-06-30,2025-08-23,1277.6788458705107,announced_on_or_before_observation_date
airline_pb_history,603885.SH,Juneyao Airlines,2025-11-25,2.78,akshare_baidu_valuation_history,"akshare.stock_zh_valuation_baidu(symbol=603885, indicator=市净率)",2026-08-08T20:42:28.083486+00:00,1H2025,2025-06-30,2025-08-23,1277.6788458705107,announced_on_or_before_observation_date
airline_pb_history,603885.SH,Juneyao Airlines,2025-11-26,2.84,akshare_baidu_valuation_history,"akshare.stock_zh_valuation_baidu(symbol=603885, indicator=市净率)",2026-08-08T20:42:28.083486+00:00,1H2025,2025-06-30,2025-08-23,1277.6788458705107,announced_on_or_before_observation_date
airline_pb_history,603885.SH,Juneyao Airlines,2025-11-27,2.82,akshare_baidu_valuation_history,"akshare.stock_zh_valuation_baidu(symbol=603885, indicator=市净率)",2026-08-08T20:42:28.083486+00:00,1H2025,2025-06-30,2025-08-23,1277.6788458705107,announced_on_or_before_observation_date
airline_pb_history,603885.SH,Juneyao Airlines,2025-11-28,2.84,akshare_baidu_valuation_history,"akshare.stock_zh_valuation_baidu(symbol=603885, indicator=市净率)",2026-08-08T20:42:28.083486+00:00,1H2025,2025-06-30,2025-08-23,1277.6788458705107,announced_on_or_before_observation_date
airline_pb_history,603885.SH,Juneyao Airlines,2025-11-29,2.84,akshare_baidu_valuation_history,"akshare.stock_zh_valuation_baidu(symbol=603885, indicator=市净率)",2026-08-08T20:42:28.083486+00:00,1H2025,2025-06-30,2025-08-23,1277.6788458705107,announced_on_or_before_observation_date
airline_pb_history,603885.SH,Juneyao Airlines,2025-11-30,2.84,akshare_baidu_valuation_history,"akshare.stock_zh_valuation_baidu(symbol=603885, indicator=市净率)",2026-08-08T20:42:28.083486+00:00,1H2025,2025-06-30,2025-08-23,1277.6788458705107,announced_on_or_before_observation_date
airline_pb_history,603885.SH,Juneyao Airlines,2025-12-01,2.96,akshare_baidu_valuation_history,"akshare.stock_zh_valuation_baidu(symbol=603885, indicator=市净率)",2026-08-08T20:42:28.083486+00:00,1H2025,2025-06-30,2025-08-23,1277.6788458705107,announced_on_or_before_observation_date
airline_pb_history,603885.SH,Juneyao Airlines,2025-12-02,2.93,akshare_baidu_valuation_history,"akshare.stock_zh_valuation_baidu(symbol=603885, indicator=市净率)",2026-08-08T20:42:28.083486+00:00,1H2025,2025-06-30,2025-08-23,1277.6788458705107,announced_on_or_before_observation_date
airline_pb_history,603885.SH,Juneyao Airlines,2025-12-03,3.0,akshare_baidu_valuation_history,"akshare.stock_zh_valuation_baidu(symbol=603885, indicator=市净率)",2026-08-08T20:42:28.083486+00:00,1H2025,2025-06-30,2025-08-23,1277.6788458705107,announced_on_or_before_observation_date
airline_pb_history,603885.SH,Juneyao Airlines,2025-12-04,3.05,akshare_baidu_valuation_history,"akshare.stock_zh_valuation_baidu(symbol=603885, indicator=市净率)",2026-08-08T20:42:28.083486+00:00,1H2025,2025-06-30,2025-08-23,1277.6788458705107,announced_on_or_before_observation_date
airline_pb_history,603885.SH,Juneyao Airlines,2025-12-05,3.02,akshare_baidu_valuation_history,"akshare.stock_zh_valuation_baidu(symbol=603885, indicator=市净率)",2026-08-08T20:42:28.083486+00:00,1H2025,2025-06-30,2025-08-23,1277.6788458705107,announced_on_or_before_observation_date
airline_pb_history,603885.SH,Juneyao Airlines,2025-12-06,3.02,akshare_baidu_valuation_history,"akshare.stock_zh_valuation_baidu(symbol=603885, indicator=市净率)",2026-08-08T20:42:28.083486+00:00,1H2025,2025-06-30,2025-08-23,1277.6788458705107,announced_on_or_before_observation_date
airline_pb_history,603885.SH,Juneyao Airlines,2025-12-07,3.02,akshare_baidu_valuation_history,"akshare.stock_zh_valuation_baidu(symbol=603885, indicator=市净率)",2026-08-08T20:42:28.083486+00:00,1H2025,2025-06-30,2025-08-23,1277.6788458705107,announced_on_or_before_observation_date
airline_pb_history,603885.SH,Juneyao Airlines,2025-12-08,3.08,akshare_baidu_valuation_history,"akshare.stock_zh_valuation_baidu(symbol=603885, indicator=市净率)",2026-08-08T20:42:28.083486+00:00,1H2025,2025-06-30,2025-08-23,1277.6788458705107,announced_on_or_before_observation_date
airline_pb_history,603885.SH,Juneyao Airlines,2025-12-09,2.98,akshare_baidu_valuation_history,"akshare.stock_zh_valuation_baidu(symbol=603885, indicator=市净率)",2026-08-08T20:42:28.083486+00:00,1H2025,2025-06-30,2025-08-23,1277.6788458705107,announced_on_or_before_observation_date
airline_pb_history,603885.SH,Juneyao Airlines,2025-12-10,3.0,akshare_baidu_valuation_history,"akshare.stock_zh_valuation_baidu(symbol=603885, indicator=市净率)",2026-08-08T20:42:28.083486+00:00,1H2025,2025-06-30,2025-08-23,1277.6788458705107,announced_on_or_before_observation_date
airline_pb_history,603885.SH,Juneyao Airlines,2025-12-11,2.96,akshare_baidu_valuation_history,"akshare.stock_zh_valuation_baidu(symbol=603885, indicator=市净率)",2026-08-08T20:42:28.083486+00:00,1H2025,2025-06-30,2025-08-23,1277.6788458705107,announced_on_or_before_observation_date
airline_pb_history,603885.SH,Juneyao Airlines,2025-12-12,3.01,akshare_baidu_valuation_history,"akshare.stock_zh_valuation_baidu(symbol=603885, indicator=市净率)",2026-08-08T20:42:28.083486+00:00,1H2025,2025-06-30,2025-08-23,1277.6788458705107,announced_on_or_before_observation_date
airline_pb_history,603885.SH,Juneyao Airlines,2025-12-13,3.01,akshare_baidu_valuation_history,"akshare.stock_zh_valuation_baidu(symbol=603885, indicator=市净率)",2026-08-08T20:42:28.083486+00:00,1H2025,2025-06-30,2025-08-23,1277.6788458705107,announced_on_or_before_observation_date
airline_pb_history,603885.SH,Juneyao Airlines,2025-12-14,3.01,akshare_baidu_valuation_history,"akshare.stock_zh_valuation_baidu(symbol=603885, indicator=市净率)",2026-08-08T20:42:28.083486+00:00,1H2025,2025-06-30,2025-08-23,1277.6788458705107,announced_on_or_before_observation_date
airline_pb_history,603885.SH,Juneyao Airlines,2025-12-15,3.04,akshare_baidu_valuation_history,"akshare.stock_zh_valuation_baidu(symbol=603885, indicator=市净率)",2026-08-08T20:42:28.083486+00:00,1H2025,2025-06-30,2025-08-23,1277.6788458705107,announced_on_or_before_observation_date
airline_pb_history,603885.SH,Juneyao Airlines,2025-12-16,3.07,akshare_baidu_valuation_history,"akshare.stock_zh_valuation_baidu(symbol=603885, indicator=市净率)",2026-08-08T20:42:28.083486+00:00,1H2025,2025-06-30,2025-08-23,1277.6788458705107,announced_on_or_before_observation_date
airline_pb_history,603885.SH,Juneyao Airlines,2025-12-17,3.14,akshare_baidu_valuation_history,"akshare.stock_zh_valuation_baidu(symbol=603885, indicator=市净率)",2026-08-08T20:42:28.083486+00:00,1H2025,2025-06-30,2025-08-23,1277.6788458705107,announced_on_or_before_observation_date
airline_pb_history,603885.SH,Juneyao Airlines,2025-12-18,3.14,akshare_baidu_valuation_history,"akshare.stock_zh_valuation_baidu(symbol=603885, indicator=市净率)",2026-08-08T20:42:28.083486+00:00,1H2025,2025-06-30,2025-08-23,1277.6788458705107,announced_on_or_before_observation_date
airline_pb_history,603885.SH,Juneyao Airlines,2025-12-19,3.13,akshare_baidu_valuation_history,"akshare.stock_zh_valuation_baidu(symbol=603885, indicator=市净率)",2026-08-08T20:42:28.083486+00:00,1H2025,2025-06-30,2025-08-23,1277.6788458705107,announced_on_or_before_observation_date
airline_pb_history,603885.SH,Juneyao Airlines,2025-12-20,3.13,akshare_baidu_valuation_history,"akshare.stock_zh_valuation_baidu(symbol=603885, indicator=市净率)",2026-08-08T20:42:28.083486+00:00,1H2025,2025-06-30,2025-08-23,1277.6788458705107,announced_on_or_before_observation_date
airline_pb_history,603885.SH,Juneyao Airlines,2025-12-21,3.13,akshare_baidu_valuation_history,"akshare.stock_zh_valuation_baidu(symbol=603885, indicator=市净率)",2026-08-08T20:42:28.083486+00:00,1H2025,2025-06-30,2025-08-23,1277.6788458705107,announced_on_or_before_observation_date
airline_pb_history,603885.SH,Juneyao Airlines,2025-12-22,3.09,akshare_baidu_valuation_history,"akshare.stock_zh_valuation_baidu(symbol=603885, indicator=市净率)",2026-08-08T20:42:28.083486+00:00,1H2025,2025-06-30,2025-08-23,1277.6788458705107,announced_on_or_before_observation_date
airline_pb_history,603885.SH,Juneyao Airlines,2025-12-23,3.1,akshare_baidu_valuation_history,"akshare.stock_zh_valuation_baidu(symbol=603885, indicator=市净率)",2026-08-08T20:42:28.083486+00:00,1H2025,2025-06-30,2025-08-23,1277.6788458705107,announced_on_or_before_observation_date
airline_pb_history,603885.SH,Juneyao Airlines,2025-12-24,3.08,akshare_baidu_valuation_history,"akshare.stock_zh_valuation_baidu(symbol=603885, indicator=市净率)",2026-08-08T20:42:28.083486+00:00,1H2025,2025-06-30,2025-08-23,1277.6788458705107,announced_on_or_before_observation_date
airline_pb_history,603885.SH,Juneyao Airlines,2025-12-25,3.13,akshare_baidu_valuation_history,"akshare.stock_zh_valuation_baidu(symbol=603885, indicator=市净率)",2026-08-08T20:42:28.083486+00:00,1H2025,2025-06-30,2025-08-23,1277.6788458705107,announced_on_or_before_observation_date
airline_pb_history,603885.SH,Juneyao Airlines,2025-12-26,3.12,akshare_baidu_valuation_history,"akshare.stock_zh_valuation_baidu(symbol=603885, indicator=市净率)",2026-08-08T20:42:28.083486+00:00,1H2025,2025-06-30,2025-08-23,1277.6788458705107,announced_on_or_before_observation_date
airline_pb_history,603885.SH,Juneyao Airlines,2025-12-27,3.12,akshare_baidu_valuation_history,"akshare.stock_zh_valuation_baidu(symbol=603885, indicator=市净率)",2026-08-08T20:42:28.083486+00:00,1H2025,2025-06-30,2025-08-23,1277.6788458705107,announced_on_or_before_observation_date
airline_pb_history,603885.SH,Juneyao Airlines,2025-12-28,3.12,akshare_baidu_valuation_history,"akshare.stock_zh_valuation_baidu(symbol=603885, indicator=市净率)",2026-08-08T20:42:28.083486+00:00,1H2025,2025-06-30,2025-08-23,1277.6788458705107,announced_on_or_before_observation_date
airline_pb_history,603885.SH,Juneyao Airlines,2025-12-29,3.17,akshare_baidu_valuation_history,"akshare.stock_zh_valuation_baidu(symbol=603885, indicator=市净率)",2026-08-08T20:42:28.083486+00:00,1H2025,2025-06-30,2025-08-23,1277.6788458705107,announced_on_or_before_observation_date
airline_pb_history,603885.SH,Juneyao Airlines,2025-12-30,3.08,akshare_baidu_valuation_history,"akshare.stock_zh_valuation_baidu(symbol=603885, indicator=市净率)",2026-08-08T20:42:28.083486+00:00,1H2025,2025-06-30,2025-08-23,1277.6788458705107,announced_on_or_before_observation_date
airline_pb_history,603885.SH,Juneyao Airlines,2025-12-31,3.31,akshare_baidu_valuation_history,"akshare.stock_zh_valuation_baidu(symbol=603885, indicator=市净率)",2026-08-08T20:42:28.083486+00:00,1H2025,2025-06-30,2025-08-23,1277.6788458705107,announced_on_or_before_observation_date
airline_pb_history,603885.SH,Juneyao Airlines,2026-01-01,3.31,akshare_baidu_valuation_history,"akshare.stock_zh_valuation_baidu(symbol=603885, indicator=市净率)",2026-08-08T20:42:28.083486+00:00,1H2025,2025-06-30,2025-08-23,1277.6788458705107,announced_on_or_before_observation_date
airline_pb_history,603885.SH,Juneyao Airlines,2026-01-02,3.31,akshare_baidu_valuation_history,"akshare.stock_zh_valuation_baidu(symbol=603885, indicator=市净率)",2026-08-08T20:42:28.083486+00:00,1H2025,2025-06-30,2025-08-23,1277.6788458705107,announced_on_or_before_observation_date
airline_pb_history,603885.SH,Juneyao Airlines,2026-01-03,3.31,akshare_baidu_valuation_history,"akshare.stock_zh_valuation_baidu(symbol=603885, indicator=市净率)",2026-08-08T20:42:28.083486+00:00,1H2025,2025-06-30,2025-08-23,1277.6788458705107,announced_on_or_before_observation_date
airline_pb_history,603885.SH,Juneyao Airlines,2026-01-04,3.31,akshare_baidu_valuation_history,"akshare.stock_zh_valuation_baidu(symbol=603885, indicator=市净率)",2026-08-08T20:42:28.083486+00:00,1H2025,2025-06-30,2025-08-23,1277.6788458705107,announced_on_or_before_observation_date
airline_pb_history,603885.SH,Juneyao Airlines,2026-01-05,3.28,akshare_baidu_valuation_history,"akshare.stock_zh_valuation_baidu(symbol=603885, indicator=市净率)",2026-08-08T20:42:28.083486+00:00,1H2025,2025-06-30,2025-08-23,1277.6788458705107,announced_on_or_before_observation_date
airline_pb_history,603885.SH,Juneyao Airlines,2026-01-06,3.39,akshare_baidu_valuation_history,"akshare.stock_zh_valuation_baidu(symbol=603885, indicator=市净率)",2026-08-08T20:42:28.083486+00:00,1H2025,2025-06-30,2025-08-23,1277.6788458705107,announced_on_or_before_observation_date
airline_pb_history,603885.SH,Juneyao Airlines,2026-01-07,3.37,akshare_baidu_valuation_history,"akshare.stock_zh_valuation_baidu(symbol=603885, indicator=市净率)",2026-08-08T20:42:28.083486+00:00,1H2025,2025-06-30,2025-08-23,1277.6788458705107,announced_on_or_before_observation_date
airline_pb_history,603885.SH,Juneyao Airlines,2026-01-08,3.34,akshare_baidu_valuation_history,"akshare.stock_zh_valuation_baidu(symbol=603885, indicator=市净率)",2026-08-08T20:42:28.083486+00:00,1H2025,2025-06-30,2025-08-23,1277.6788458705107,announced_on_or_before_observation_date
airline_pb_history,603885.SH,Juneyao Airlines,2026-01-09,3.35,akshare_baidu_valuation_history,"akshare.stock_zh_valuation_baidu(symbol=603885, indicator=市净率)",2026-08-08T20:42:28.083486+00:00,1H2025,2025-06-30,2025-08-23,1277.6788458705107,announced_on_or_before_observation_date
airline_pb_history,603885.SH,Juneyao Airlines,2026-01-10,3.35,akshare_baidu_valuation_history,"akshare.stock_zh_valuation_baidu(symbol=603885, indicator=市净率)",2026-08-08T20:42:28.083486+00:00,1H2025,2025-06-30,2025-08-23,1277.6788458705107,announced_on_or_before_observation_date
airline_pb_history,603885.SH,Juneyao Airlines,2026-01-11,3.35,akshare_baidu_valuation_history,"akshare.stock_zh_valuation_baidu(symbol=603885, indicator=市净率)",2026-08-08T20:42:28.083486+00:00,1H2025,2025-06-30,2025-08-23,1277.6788458705107,announced_on_or_before_observation_date
airline_pb_history,603885.SH,Juneyao Airlines,2026-01-12,3.38,akshare_baidu_valuation_history,"akshare.stock_zh_valuation_baidu(symbol=603885, indicator=市净率)",2026-08-08T20:42:28.083486+00:00,1H2025,2025-06-30,2025-08-23,1277.6788458705107,announced_on_or_before_observation_date
airline_pb_history,603885.SH,Juneyao Airlines,2026-01-13,3.31,akshare_baidu_valuation_history,"akshare.stock_zh_valuation_baidu(symbol=603885, indicator=市净率)",2026-08-08T20:42:28.083486+00:00,1H2025,2025-06-30,2025-08-23,1277.6788458705107,announced_on_or_before_observation_date
airline_pb_history,603885.SH,Juneyao Airlines,2026-01-14,3.27,akshare_baidu_valuation_history,"akshare.stock_zh_valuation_baidu(symbol=603885, indicator=市净率)",2026-08-08T20:42:28.083486+00:00,1H2025,2025-06-30,2025-08-23,1277.6788458705107,announced_on_or_before_observation_date
airline_pb_history,603885.SH,Juneyao Airlines,2026-01-15,3.28,akshare_baidu_valuation_history,"akshare.stock_zh_valuation_baidu(symbol=603885, indicator=市净率)",2026-08-08T20:42:28.083486+00:00,1H2025,2025-06-30,2025-08-23,1277.6788458705107,announced_on_or_before_observation_date
airline_pb_history,603885.SH,Juneyao Airlines,2026-01-16,3.28,akshare_baidu_valuation_history,"akshare.stock_zh_valuation_baidu(symbol=603885, indicator=市净率)",2026-08-08T20:42:28.083486+00:00,1H2025,2025-06-30,2025-08-23,1277.6788458705107,announced_on_or_before_observation_date
airline_pb_history,603885.SH,Juneyao Airlines,2026-01-17,3.28,akshare_baidu_valuation_history,"akshare.stock_zh_valuation_baidu(symbol=603885, indicator=市净率)",2026-08-08T20:42:28.083486+00:00,1H2025,2025-06-30,2025-08-23,1277.6788458705107,announced_on_or_before_observation_date
airline_pb_history,603885.SH,Juneyao Airlines,2026-01-18,3.28,akshare_baidu_valuation_history,"akshare.stock_zh_valuation_baidu(symbol=603885, indicator=市净率)",2026-08-08T20:42:28.083486+00:00,1H2025,2025-06-30,2025-08-23,1277.6788458705107,announced_on_or_before_observation_date
airline_pb_history,603885.SH,Juneyao Airlines,2026-01-19,3.4,akshare_baidu_valuation_history,"akshare.stock_zh_valuation_baidu(symbol=603885, indicator=市净率)",2026-08-08T20:42:28.083486+00:00,1H2025,2025-06-30,2025-08-23,1277.6788458705107,announced_on_or_before_observation_date
airline_pb_history,603885.SH,Juneyao Airlines,2026-01-20,3.45,akshare_baidu_valuation_history,"akshare.stock_zh_valuation_baidu(symbol=603885, indicator=市净率)",2026-08-08T20:42:28.083486+00:00,1H2025,2025-06-30,2025-08-23,1277.6788458705107,announced_on_or_before_observation_date
airline_pb_history,603885.SH,Juneyao Airlines,2026-01-21,3.46,akshare_baidu_valuation_history,"akshare.stock_zh_valuation_baidu(symbol=603885, indicator=市净率)",2026-08-08T20:42:28.083486+00:00,1H2025,2025-06-30,2025-08-23,1277.6788458705107,announced_on_or_before_observation_date
airline_pb_history,603885.SH,Juneyao Airlines,2026-01-22,3.48,akshare_baidu_valuation_history,"akshare.stock_zh_valuation_baidu(symbol=603885, indicator=市净率)",2026-08-08T20:42:28.083486+00:00,1H2025,2025-06-30,2025-08-23,1277.6788458705107,announced_on_or_before_observation_date
airline_pb_history,603885.SH,Juneyao Airlines,2026-01-23,3.49,akshare_baidu_valuation_history,"akshare.stock_zh_valuation_baidu(symbol=603885, indicator=市净率)",2026-08-08T20:42:28.083486+00:00,1H2025,2025-06-30,2025-08-23,1277.6788458705107,announced_on_or_before_observation_date
airline_pb_history,603885.SH,Juneyao Airlines,2026-01-24,3.49,akshare_baidu_valuation_history,"akshare.stock_zh_valuation_baidu(symbol=603885, indicator=市净率)",2026-08-08T20:42:28.083486+00:00,1H2025,2025-06-30,2025-08-23,1277.6788458705107,announced_on_or_before_observation_date
airline_pb_history,603885.SH,Juneyao Airlines,2026-01-25,3.49,akshare_baidu_valuation_history,"akshare.stock_zh_valuation_baidu(symbol=603885, indicator=市净率)",2026-08-08T20:42:28.083486+00:00,1H2025,2025-06-30,2025-08-23,1277.6788458705107,announced_on_or_before_observation_date
airline_pb_history,603885.SH,Juneyao Airlines,2026-01-26,3.46,akshare_baidu_valuation_history,"akshare.stock_zh_valuation_baidu(symbol=603885, indicator=市净率)",2026-08-08T20:42:28.083486+00:00,1H2025,2025-06-30,2025-08-23,1277.6788458705107,announced_on_or_before_observation_date
airline_pb_history,603885.SH,Juneyao Airlines,2026-01-27,3.44,akshare_baidu_valuation_history,"akshare.stock_zh_valuation_baidu(symbol=603885, indicator=市净率)",2026-08-08T20:42:28.083486+00:00,1H2025,2025-06-30,2025-08-23,1277.6788458705107,announced_on_or_before_observation_date
airline_pb_history,603885.SH,Juneyao Airlines,2026-01-28,3.39,akshare_baidu_valuation_history,"akshare.stock_zh_valuation_baidu(symbol=603885, indicator=市净率)",2026-08-08T20:42:28.083486+00:00,1H2025,2025-06-30,2025-08-23,1277.6788458705107,announced_on_or_before_observation_date
airline_pb_history,603885.SH,Juneyao Airlines,2026-01-29,3.35,akshare_baidu_valuation_history,"akshare.stock_zh_valuation_baidu(symbol=603885, indicator=市净率)",2026-08-08T20:42:28.083486+00:00,1H2025,2025-06-30,2025-08-23,1277.6788458705107,announced_on_or_before_observation_date
airline_pb_history,603885.SH,Juneyao Airlines,2026-01-30,3.34,akshare_baidu_valuation_history,"akshare.stock_zh_valuation_baidu(symbol=603885, indicator=市净率)",2026-08-08T20:42:28.083486+00:00,1H2025,2025-06-30,2025-08-23,1277.6788458705107,announced_on_or_before_observation_date
airline_pb_history,603885.SH,Juneyao Airlines,2026-01-31,3.34,akshare_baidu_valuation_history,"akshare.stock_zh_valuation_baidu(symbol=603885, indicator=市净率)",2026-08-08T20:42:28.083486+00:00,1H2025,2025-06-30,2025-08-23,1277.6788458705107,announced_on_or_before_observation_date
airline_pb_history,603885.SH,Juneyao Airlines,2026-02-01,3.34,akshare_baidu_valuation_history,"akshare.stock_zh_valuation_baidu(symbol=603885, indicator=市净率)",2026-08-08T20:42:28.083486+00:00,1H2025,2025-06-30,2025-08-23,1277.6788458705107,announced_on_or_before_observation_date
airline_pb_history,603885.SH,Juneyao Airlines,2026-02-02,3.21,akshare_baidu_valuation_history,"akshare.stock_zh_valuation_baidu(symbol=603885, indicator=市净率)",2026-08-08T20:42:28.083486+00:00,1H2025,2025-06-30,2025-08-23,1277.6788458705107,announced_on_or_before_observation_date
airline_pb_history,603885.SH,Juneyao Airlines,2026-02-03,3.28,akshare_baidu_valuation_history,"akshare.stock_zh_valuation_baidu(symbol=603885, indicator=市净率)",2026-08-08T20:42:28.083486+00:00,1H2025,2025-06-30,2025-08-23,1277.6788458705107,announced_on_or_before_observation_date
airline_pb_history,603885.SH,Juneyao Airlines,2026-02-04,3.42,akshare_baidu_valuation_history,"akshare.stock_zh_valuation_baidu(symbol=603885, indicator=市净率)",2026-08-08T20:42:28.083486+00:00,1H2025,2025-06-30,2025-08-23,1277.6788458705107,announced_on_or_before_observation_date
airline_pb_history,603885.SH,Juneyao Airlines,2026-02-05,3.42,akshare_baidu_valuation_history,"akshare.stock_zh_valuation_baidu(symbol=603885, indicator=市净率)",2026-08-08T20:42:28.083486+00:00,1H2025,2025-06-30,2025-08-23,1277.6788458705107,announced_on_or_before_observation_date
airline_pb_history,603885.SH,Juneyao Airlines,2026-02-06,3.42,akshare_baidu_valuation_history,"akshare.stock_zh_valuation_baidu(symbol=603885, indicator=市净率)",2026-08-08T20:42:28.083486+00:00,1H2025,2025-06-30,2025-08-23,1277.6788458705107,announced_on_or_before_observation_date
airline_pb_history,603885.SH,Juneyao Airlines,2026-02-07,3.42,akshare_baidu_valuation_history,"akshare.stock_zh_valuation_baidu(symbol=603885, indicator=市净率)",2026-08-08T20:42:28.083486+00:00,1H2025,2025-06-30,2025-08-23,1277.6788458705107,announced_on_or_before_observation_date
airline_pb_history,603885.SH,Juneyao Airlines,2026-02-08,3.42,akshare_baidu_valuation_history,"akshare.stock_zh_valuation_baidu(symbol=603885, indicator=市净率)",2026-08-08T20:42:28.083486+00:00,1H2025,2025-06-30,2025-08-23,1277.6788458705107,announced_on_or_before_observation_date
airline_pb_history,603885.SH,Juneyao Airlines,2026-02-09,3.41,akshare_baidu_valuation_history,"akshare.stock_zh_valuation_baidu(symbol=603885, indicator=市净率)",2026-08-08T20:42:28.083486+00:00,1H2025,2025-06-30,2025-08-23,1277.6788458705107,announced_on_or_before_observation_date
airline_pb_history,603885.SH,Juneyao Airlines,2026-02-10,3.31,akshare_baidu_valuation_history,"akshare.stock_zh_valuation_baidu(symbol=603885, indicator=市净率)",2026-08-08T20:42:28.083486+00:00,1H2025,2025-06-30,2025-08-23,1277.6788458705107,announced_on_or_before_observation_date
airline_pb_history,603885.SH,Juneyao Airlines,2026-02-11,3.26,akshare_baidu_valuation_history,"akshare.stock_zh_valuation_baidu(symbol=603885, indicator=市净率)",2026-08-08T20:42:28.083486+00:00,1H2025,2025-06-30,2025-08-23,1277.6788458705107,announced_on_or_before_observation_date
airline_pb_history,603885.SH,Juneyao Airlines,2026-02-12,3.2,akshare_baidu_valuation_history,"akshare.stock_zh_valuation_baidu(symbol=603885, indicator=市净率)",2026-08-08T20:42:28.083486+00:00,1H2025,2025-06-30,2025-08-23,1277.6788458705107,announced_on_or_before_observation_date
airline_pb_history,603885.SH,Juneyao Airlines,2026-02-13,3.1,akshare_baidu_valuation_history,"akshare.stock_zh_valuation_baidu(symbol=603885, indicator=市净率)",2026-08-08T20:42:28.083486+00:00,1H2025,2025-06-30,2025-08-23,1277.6788458705107,announced_on_or_before_observation_date
airline_pb_history,603885.SH,Juneyao Airlines,2026-02-14,3.1,akshare_baidu_valuation_history,"akshare.stock_zh_valuation_baidu(symbol=603885, indicator=市净率)",2026-08-08T20:42:28.083486+00:00,1H2025,2025-06-30,2025-08-23,1277.6788458705107,announced_on_or_before_observation_date
airline_pb_history,603885.SH,Juneyao Airlines,2026-02-15,3.1,akshare_baidu_valuation_history,"akshare.stock_zh_valuation_baidu(symbol=603885, indicator=市净率)",2026-08-08T20:42:28.083486+00:00,1H2025,2025-06-30,2025-08-23,1277.6788458705107,announced_on_or_before_observation_date
airline_pb_history,603885.SH,Juneyao Airlines,2026-02-16,3.1,akshare_baidu_valuation_history,"akshare.stock_zh_valuation_baidu(symbol=603885, indicator=市净率)",2026-08-08T20:42:28.083486+00:00,1H2025,2025-06-30,2025-08-23,1277.6788458705107,announced_on_or_before_observation_date
airline_pb_history,603885.SH,Juneyao Airlines,2026-02-17,3.1,akshare_baidu_valuation_history,"akshare.stock_zh_valuation_baidu(symbol=603885, indicator=市净率)",2026-08-08T20:42:28.083486+00:00,1H2025,2025-06-30,2025-08-23,1277.6788458705107,announced_on_or_before_observation_date
airline_pb_history,603885.SH,Juneyao Airlines,2026-02-18,3.1,akshare_baidu_valuation_history,"akshare.stock_zh_valuation_baidu(symbol=603885, indicator=市净率)",2026-08-08T20:42:28.083486+00:00,1H2025,2025-06-30,2025-08-23,1277.6788458705107,announced_on_or_before_observation_date
airline_pb_history,603885.SH,Juneyao Airlines,2026-02-19,3.1,akshare_baidu_valuation_history,"akshare.stock_zh_valuation_baidu(symbol=603885, indicator=市净率)",2026-08-08T20:42:28.083486+00:00,1H2025,2025-06-30,2025-08-23,1277.6788458705107,announced_on_or_before_observation_date
airline_pb_history,603885.SH,Juneyao Airlines,2026-02-20,3.1,akshare_baidu_valuation_history,"akshare.stock_zh_valuation_baidu(symbol=603885, indicator=市净率)",2026-08-08T20:42:28.083486+00:00,1H2025,2025-06-30,2025-08-23,1277.6788458705107,announced_on_or_before_observation_date
airline_pb_history,603885.SH,Juneyao Airlines,2026-02-21,3.1,akshare_baidu_valuation_history,"akshare.stock_zh_valuation_baidu(symbol=603885, indicator=市净率)",2026-08-08T20:42:28.083486+00:00,1H2025,2025-06-30,2025-08-23,1277.6788458705107,announced_on_or_before_observation_date
airline_pb_history,603885.SH,Juneyao Airlines,2026-02-22,3.1,akshare_baidu_valuation_history,"akshare.stock_zh_valuation_baidu(symbol=603885, indicator=市净率)",2026-08-08T20:42:28.083486+00:00,1H2025,2025-06-30,2025-08-23,1277.6788458705107,announced_on_or_before_observation_date
airline_pb_history,603885.SH,Juneyao Airlines,2026-02-23,3.1,akshare_baidu_valuation_history,"akshare.stock_zh_valuation_baidu(symbol=603885, indicator=市净率)",2026-08-08T20:42:28.083486+00:00,1H2025,2025-06-30,2025-08-23,1277.6788458705107,announced_on_or_before_observation_date
airline_pb_history,603885.SH,Juneyao Airlines,2026-02-24,3.13,akshare_baidu_valuation_history,"akshare.stock_zh_valuation_baidu(symbol=603885, indicator=市净率)",2026-08-08T20:42:28.083486+00:00,1H2025,2025-06-30,2025-08-23,1277.6788458705107,announced_on_or_before_observation_date
airline_pb_history,603885.SH,Juneyao Airlines,2026-02-25,3.14,akshare_baidu_valuation_history,"akshare.stock_zh_valuation_baidu(symbol=603885, indicator=市净率)",2026-08-08T20:42:28.083486+00:00,1H2025,2025-06-30,2025-08-23,1277.6788458705107,announced_on_or_before_observation_date
airline_pb_history,603885.SH,Juneyao Airlines,2026-02-26,3.13,akshare_baidu_valuation_history,"akshare.stock_zh_valuation_baidu(symbol=603885, indicator=市净率)",2026-08-08T20:42:28.083486+00:00,1H2025,2025-06-30,2025-08-23,1277.6788458705107,announced_on_or_before_observation_date
airline_pb_history,603885.SH,Juneyao Airlines,2026-02-27,3.11,akshare_baidu_valuation_history,"akshare.stock_zh_valuation_baidu(symbol=603885, indicator=市净率)",2026-08-08T20:42:28.083486+00:00,1H2025,2025-06-30,2025-08-23,1277.6788458705107,announced_on_or_before_observation_date
airline_pb_history,603885.SH,Juneyao Airlines,2026-02-28,3.11,akshare_baidu_valuation_history,"akshare.stock_zh_valuation_baidu(symbol=603885, indicator=市净率)",2026-08-08T20:42:28.083486+00:00,1H2025,2025-06-30,2025-08-23,1277.6788458705107,announced_on_or_before_observation_date
airline_pb_history,603885.SH,Juneyao Airlines,2026-03-01,3.11,akshare_baidu_valuation_history,"akshare.stock_zh_valuation_baidu(symbol=603885, indicator=市净率)",2026-08-08T20:42:28.083486+00:00,1H2025,2025-06-30,2025-08-23,1277.6788458705107,announced_on_or_before_observation_date
airline_pb_history,603885.SH,Juneyao Airlines,2026-03-02,2.97,akshare_baidu_valuation_history,"akshare.stock_zh_valuation_baidu(symbol=603885, indicator=市净率)",2026-08-08T20:42:28.083486+00:00,1H2025,2025-06-30,2025-08-23,1277.6788458705107,announced_on_or_before_observation_date
airline_pb_history,603885.SH,Juneyao Airlines,2026-03-03,2.84,akshare_baidu_valuation_history,"akshare.stock_zh_valuation_baidu(symbol=603885, indicator=市净率)",2026-08-08T20:42:28.083486+00:00,1H2025,2025-06-30,2025-08-23,1277.6788458705107,announced_on_or_before_observation_date
airline_pb_history,603885.SH,Juneyao Airlines,2026-03-04,2.85,akshare_baidu_valuation_history,"akshare.stock_zh_valuation_baidu(symbol=603885, indicator=市净率)",2026-08-08T20:42:28.083486+00:00,1H2025,2025-06-30,2025-08-23,1277.6788458705107,announced_on_or_before_observation_date
airline_pb_history,603885.SH,Juneyao Airlines,2026-03-05,2.8,akshare_baidu_valuation_history,"akshare.stock_zh_valuation_baidu(symbol=603885, indicator=市净率)",2026-08-08T20:42:28.083486+00:00,1H2025,2025-06-30,2025-08-23,1277.6788458705107,announced_on_or_before_observation_date
airline_pb_history,603885.SH,Juneyao Airlines,2026-03-06,2.86,akshare_baidu_valuation_history,"akshare.stock_zh_valuation_baidu(symbol=603885, indicator=市净率)",2026-08-08T20:42:28.083486+00:00,1H2025,2025-06-30,2025-08-23,1277.6788458705107,announced_on_or_before_observation_date
airline_pb_history,603885.SH,Juneyao Airlines,2026-03-07,2.86,akshare_baidu_valuation_history,"akshare.stock_zh_valuation_baidu(symbol=603885, indicator=市净率)",2026-08-08T20:42:28.083486+00:00,1H2025,2025-06-30,2025-08-23,1277.6788458705107,announced_on_or_before_observation_date
airline_pb_history,603885.SH,Juneyao Airlines,2026-03-08,2.86,akshare_baidu_valuation_history,"akshare.stock_zh_valuation_baidu(symbol=603885, indicator=市净率)",2026-08-08T20:42:28.083486+00:00,1H2025,2025-06-30,2025-08-23,1277.6788458705107,announced_on_or_before_observation_date
airline_pb_history,603885.SH,Juneyao Airlines,2026-03-09,2.74,akshare_baidu_valuation_history,"akshare.stock_zh_valuation_baidu(symbol=603885, indicator=市净率)",2026-08-08T20:42:28.083486+00:00,1H2025,2025-06-30,2025-08-23,1277.6788458705107,announced_on_or_before_observation_date
airline_pb_history,603885.SH,Juneyao Airlines,2026-03-10,2.77,akshare_baidu_valuation_history,"akshare.stock_zh_valuation_baidu(symbol=603885, indicator=市净率)",2026-08-08T20:42:28.083486+00:00,1H2025,2025-06-30,2025-08-23,1277.6788458705107,announced_on_or_before_observation_date
airline_pb_history,603885.SH,Juneyao Airlines,2026-03-11,2.7,akshare_baidu_valuation_history,"akshare.stock_zh_valuation_baidu(symbol=603885, indicator=市净率)",2026-08-08T20:42:28.083486+00:00,1H2025,2025-06-30,2025-08-23,1277.6788458705107,announced_on_or_before_observation_date
airline_pb_history,603885.SH,Juneyao Airlines,2026-03-12,2.68,akshare_baidu_valuation_history,"akshare.stock_zh_valuation_baidu(symbol=603885, indicator=市净率)",2026-08-08T20:42:28.083486+00:00,1H2025,2025-06-30,2025-08-23,1277.6788458705107,announced_on_or_before_observation_date
airline_pb_history,603885.SH,Juneyao Airlines,2026-03-13,2.67,akshare_baidu_valuation_history,"akshare.stock_zh_valuation_baidu(symbol=603885, indicator=市净率)",2026-08-08T20:42:28.083486+00:00,1H2025,2025-06-30,2025-08-23,1277.6788458705107,announced_on_or_before_observation_date
airline_pb_history,603885.SH,Juneyao Airlines,2026-03-14,2.67,akshare_baidu_valuation_history,"akshare.stock_zh_valuation_baidu(symbol=603885, indicator=市净率)",2026-08-08T20:42:28.083486+00:00,1H2025,2025-06-30,2025-08-23,1277.6788458705107,announced_on_or_before_observation_date
airline_pb_history,603885.SH,Juneyao Airlines,2026-03-15,2.67,akshare_baidu_valuation_history,"akshare.stock_zh_valuation_baidu(symbol=603885, indicator=市净率)",2026-08-08T20:42:28.083486+00:00,1H2025,2025-06-30,2025-08-23,1277.6788458705107,announced_on_or_before_observation_date
airline_pb_history,603885.SH,Juneyao Airlines,2026-03-16,2.65,akshare_baidu_valuation_history,"akshare.stock_zh_valuation_baidu(symbol=603885, indicator=市净率)",2026-08-08T20:42:28.083486+00:00,1H2025,2025-06-30,2025-08-23,1277.6788458705107,announced_on_or_before_observation_date
airline_pb_history,603885.SH,Juneyao Airlines,2026-03-17,2.66,akshare_baidu_valuation_history,"akshare.stock_zh_valuation_baidu(symbol=603885, indicator=市净率)",2026-08-08T20:42:28.083486+00:00,1H2025,2025-06-30,2025-08-23,1277.6788458705107,announced_on_or_before_observation_date
airline_pb_history,603885.SH,Juneyao Airlines,2026-03-18,2.68,akshare_baidu_valuation_history,"akshare.stock_zh_valuation_baidu(symbol=603885, indicator=市净率)",2026-08-08T20:42:28.083486+00:00,1H2025,2025-06-30,2025-08-23,1277.6788458705107,announced_on_or_before_observation_date
airline_pb_history,603885.SH,Juneyao Airlines,2026-03-19,2.55,akshare_baidu_valuation_history,"akshare.stock_zh_valuation_baidu(symbol=603885, indicator=市净率)",2026-08-08T20:42:28.083486+00:00,1H2025,2025-06-30,2025-08-23,1277.6788458705107,announced_on_or_before_observation_date
airline_pb_history,603885.SH,Juneyao Airlines,2026-03-20,2.53,akshare_baidu_valuation_history,"akshare.stock_zh_valuation_baidu(symbol=603885, indicator=市净率)",2026-08-08T20:42:28.083486+00:00,1H2025,2025-06-30,2025-08-23,1277.6788458705107,announced_on_or_before_observation_date
airline_pb_history,603885.SH,Juneyao Airlines,2026-03-21,2.53,akshare_baidu_valuation_history,"akshare.stock_zh_valuation_baidu(symbol=603885, indicator=市净率)",2026-08-08T20:42:28.083486+00:00,1H2025,2025-06-30,2025-08-23,1277.6788458705107,announced_on_or_before_observation_date
airline_pb_history,603885.SH,Juneyao Airlines,2026-03-22,2.53,akshare_baidu_valuation_history,"akshare.stock_zh_valuation_baidu(symbol=603885, indicator=市净率)",2026-08-08T20:42:28.083486+00:00,1H2025,2025-06-30,2025-08-23,1277.6788458705107,announced_on_or_before_observation_date
airline_pb_history,603885.SH,Juneyao Airlines,2026-03-23,2.39,akshare_baidu_valuation_history,"akshare.stock_zh_valuation_baidu(symbol=603885, indicator=市净率)",2026-08-08T20:42:28.083486+00:00,1H2025,2025-06-30,2025-08-23,1277.6788458705107,announced_on_or_before_observation_date
airline_pb_history,603885.SH,Juneyao Airlines,2026-03-24,2.42,akshare_baidu_valuation_history,"akshare.stock_zh_valuation_baidu(symbol=603885, indicator=市净率)",2026-08-08T20:42:28.083486+00:00,1H2025,2025-06-30,2025-08-23,1277.6788458705107,announced_on_or_before_observation_date
airline_pb_history,603885.SH,Juneyao Airlines,2026-03-25,2.63,akshare_baidu_valuation_history,"akshare.stock_zh_valuation_baidu(symbol=603885, indicator=市净率)",2026-08-08T20:42:28.083486+00:00,1H2025,2025-06-30,2025-08-23,1277.6788458705107,announced_on_or_before_observation_date
airline_pb_history,603885.SH,Juneyao Airlines,2026-03-26,2.63,akshare_baidu_valuation_history,"akshare.stock_zh_valuation_baidu(symbol=603885, indicator=市净率)",2026-08-08T20:42:28.083486+00:00,1H2025,2025-06-30,2025-08-23,1277.6788458705107,announced_on_or_before_observation_date
airline_pb_history,603885.SH,Juneyao Airlines,2026-03-27,2.67,akshare_baidu_valuation_history,"akshare.stock_zh_valuation_baidu(symbol=603885, indicator=市净率)",2026-08-08T20:42:28.083486+00:00,1H2025,2025-06-30,2025-08-23,1277.6788458705107,announced_on_or_before_observation_date
airline_pb_history,603885.SH,Juneyao Airlines,2026-03-28,2.67,akshare_baidu_valuation_history,"akshare.stock_zh_valuation_baidu(symbol=603885, indicator=市净率)",2026-08-08T20:42:28.083486+00:00,1H2025,2025-06-30,2025-08-23,1277.6788458705107,announced_on_or_before_observation_date
airline_pb_history,603885.SH,Juneyao Airlines,2026-03-29,2.67,akshare_baidu_valuation_history,"akshare.stock_zh_valuation_baidu(symbol=603885, indicator=市净率)",2026-08-08T20:42:28.083486+00:00,1H2025,2025-06-30,2025-08-23,1277.6788458705107,announced_on_or_before_observation_date
airline_pb_history,603885.SH,Juneyao Airlines,2026-03-30,2.66,akshare_baidu_valuation_history,"akshare.stock_zh_valuation_baidu(symbol=603885, indicator=市净率)",2026-08-08T20:42:28.083486+00:00,1H2025,2025-06-30,2025-08-23,1277.6788458705107,announced_on_or_before_observation_date
airline_pb_history,603885.SH,Juneyao Airlines,2026-03-31,2.66,akshare_baidu_valuation_history,"akshare.stock_zh_valuation_baidu(symbol=603885, indicator=市净率)",2026-08-08T20:42:28.083486+00:00,1H2025,2025-06-30,2025-08-23,1277.6788458705107,announced_on_or_before_observation_date
airline_pb_history,603885.SH,Juneyao Airlines,2026-04-01,2.74,akshare_baidu_valuation_history,"akshare.stock_zh_valuation_baidu(symbol=603885, indicator=市净率)",2026-08-08T20:42:28.083486+00:00,1H2025,2025-06-30,2025-08-23,1277.6788458705107,announced_on_or_before_observation_date
airline_pb_history,603885.SH,Juneyao Airlines,2026-04-02,2.71,akshare_baidu_valuation_history,"akshare.stock_zh_valuation_baidu(symbol=603885, indicator=市净率)",2026-08-08T20:42:28.083486+00:00,1H2025,2025-06-30,2025-08-23,1277.6788458705107,announced_on_or_before_observation_date
airline_pb_history,603885.SH,Juneyao Airlines,2026-04-03,2.68,akshare_baidu_valuation_history,"akshare.stock_zh_valuation_baidu(symbol=603885, indicator=市净率)",2026-08-08T20:42:28.083486+00:00,1H2025,2025-06-30,2025-08-23,1277.6788458705107,announced_on_or_before_observation_date
airline_pb_history,603885.SH,Juneyao Airlines,2026-04-04,2.68,akshare_baidu_valuation_history,"akshare.stock_zh_valuation_baidu(symbol=603885, indicator=市净率)",2026-08-08T20:42:28.083486+00:00,1H2025,2025-06-30,2025-08-23,1277.6788458705107,announced_on_or_before_observation_date
airline_pb_history,603885.SH,Juneyao Airlines,2026-04-05,2.68,akshare_baidu_valuation_history,"akshare.stock_zh_valuation_baidu(symbol=603885, indicator=市净率)",2026-08-08T20:42:28.083486+00:00,1H2025,2025-06-30,2025-08-23,1277.6788458705107,announced_on_or_before_observation_date
airline_pb_history,603885.SH,Juneyao Airlines,2026-04-06,2.68,akshare_baidu_valuation_history,"akshare.stock_zh_valuation_baidu(symbol=603885, indicator=市净率)",2026-08-08T20:42:28.083486+00:00,1H2025,2025-06-30,2025-08-23,1277.6788458705107,announced_on_or_before_observation_date
airline_pb_history,603885.SH,Juneyao Airlines,2026-04-07,2.68,akshare_baidu_valuation_history,"akshare.stock_zh_valuation_baidu(symbol=603885, indicator=市净率)",2026-08-08T20:42:28.083486+00:00,1H2025,2025-06-30,2025-08-23,1277.6788458705107,announced_on_or_before_observation_date
airline_pb_history,603885.SH,Juneyao Airlines,2026-04-08,2.85,akshare_baidu_valuation_history,"akshare.stock_zh_valuation_baidu(symbol=603885, indicator=市净率)",2026-08-08T20:42:28.083486+00:00,1H2025,2025-06-30,2025-08-23,1277.6788458705107,announced_on_or_before_observation_date
airline_pb_history,603885.SH,Juneyao Airlines,2026-04-09,2.78,akshare_baidu_valuation_history,"akshare.stock_zh_valuation_baidu(symbol=603885, indicator=市净率)",2026-08-08T20:42:28.083486+00:00,1H2025,2025-06-30,2025-08-23,1277.6788458705107,announced_on_or_before_observation_date
airline_pb_history,603885.SH,Juneyao Airlines,2026-04-10,2.74,akshare_baidu_valuation_history,"akshare.stock_zh_valuation_baidu(symbol=603885, indicator=市净率)",2026-08-08T20:42:28.083486+00:00,1H2025,2025-06-30,2025-08-23,1277.6788458705107,announced_on_or_before_observation_date
airline_pb_history,603885.SH,Juneyao Airlines,2026-04-11,2.74,akshare_baidu_valuation_history,"akshare.stock_zh_valuation_baidu(symbol=603885, indicator=市净率)",2026-08-08T20:42:28.083486+00:00,1H2025,2025-06-30,2025-08-23,1277.6788458705107,announced_on_or_before_observation_date
airline_pb_history,603885.SH,Juneyao Airlines,2026-04-12,2.74,akshare_baidu_valuation_history,"akshare.stock_zh_valuation_baidu(symbol=603885, indicator=市净率)",2026-08-08T20:42:28.083486+00:00,1H2025,2025-06-30,2025-08-23,1277.6788458705107,announced_on_or_before_observation_date
airline_pb_history,603885.SH,Juneyao Airlines,2026-04-13,2.69,akshare_baidu_valuation_history,"akshare.stock_zh_valuation_baidu(symbol=603885, indicator=市净率)",2026-08-08T20:42:28.083486+00:00,1H2025,2025-06-30,2025-08-23,1277.6788458705107,announced_on_or_before_observation_date
airline_pb_history,603885.SH,Juneyao Airlines,2026-04-14,2.71,akshare_baidu_valuation_history,"akshare.stock_zh_valuation_baidu(symbol=603885, indicator=市净率)",2026-08-08T20:42:28.083486+00:00,1H2025,2025-06-30,2025-08-23,1277.6788458705107,announced_on_or_before_observation_date
airline_pb_history,603885.SH,Juneyao Airlines,2026-04-15,2.68,akshare_baidu_valuation_history,"akshare.stock_zh_valuation_baidu(symbol=603885, indicator=市净率)",2026-08-08T20:42:28.083486+00:00,1H2025,2025-06-30,2025-08-23,1277.6788458705107,announced_on_or_before_observation_date
airline_pb_history,603885.SH,Juneyao Airlines,2026-04-16,2.66,akshare_baidu_valuation_history,"akshare.stock_zh_valuation_baidu(symbol=603885, indicator=市净率)",2026-08-08T20:42:28.083486+00:00,1H2025,2025-06-30,2025-08-23,1277.6788458705107,announced_on_or_before_observation_date
airline_pb_history,603885.SH,Juneyao Airlines,2026-04-17,2.67,akshare_baidu_valuation_history,"akshare.stock_zh_valuation_baidu(symbol=603885, indicator=市净率)",2026-08-08T20:42:28.083486+00:00,1H2025,2025-06-30,2025-08-23,1277.6788458705107,announced_on_or_before_observation_date
airline_pb_history,603885.SH,Juneyao Airlines,2026-04-18,2.67,akshare_baidu_valuation_history,"akshare.stock_zh_valuation_baidu(symbol=603885, indicator=市净率)",2026-08-08T20:42:28.083486+00:00,1H2025,2025-06-30,2025-08-23,1277.6788458705107,announced_on_or_before_observation_date
airline_pb_history,603885.SH,Juneyao Airlines,2026-04-19,2.67,akshare_baidu_valuation_history,"akshare.stock_zh_valuation_baidu(symbol=603885, indicator=市净率)",2026-08-08T20:42:28.083486+00:00,1H2025,2025-06-30,2025-08-23,1277.6788458705107,announced_on_or_before_observation_date
airline_pb_history,603885.SH,Juneyao Airlines,2026-04-20,2.72,akshare_baidu_valuation_history,"akshare.stock_zh_valuation_baidu(symbol=603885, indicator=市净率)",2026-08-08T20:42:28.083486+00:00,1H2025,2025-06-30,2025-08-23,1277.6788458705107,announced_on_or_before_observation_date
airline_pb_history,603885.SH,Juneyao Airlines,2026-04-21,2.71,akshare_baidu_valuation_history,"akshare.stock_zh_valuation_baidu(symbol=603885, indicator=市净率)",2026-08-08T20:42:28.083486+00:00,1H2025,2025-06-30,2025-08-23,1277.6788458705107,announced_on_or_before_observation_date
airline_pb_history,603885.SH,Juneyao Airlines,2026-04-22,2.7,akshare_baidu_valuation_history,"akshare.stock_zh_valuation_baidu(symbol=603885, indicator=市净率)",2026-08-08T20:42:28.083486+00:00,1H2025,2025-06-30,2025-08-23,1277.6788458705107,announced_on_or_before_observation_date
airline_pb_history,603885.SH,Juneyao Airlines,2026-04-23,2.19,akshare_baidu_valuation_history,"akshare.stock_zh_valuation_baidu(symbol=603885, indicator=市净率)",2026-08-08T20:42:28.083486+00:00,1H2025,2025-06-30,2025-08-23,1277.6788458705107,announced_on_or_before_observation_date
airline_pb_history,603885.SH,Juneyao Airlines,2026-04-24,2.13,akshare_baidu_valuation_history,"akshare.stock_zh_valuation_baidu(symbol=603885, indicator=市净率)",2026-08-08T20:42:28.083486+00:00,1H2025,2025-06-30,2025-08-23,1277.6788458705107,announced_on_or_before_observation_date
airline_pb_history,603885.SH,Juneyao Airlines,2026-04-25,2.13,akshare_baidu_valuation_history,"akshare.stock_zh_valuation_baidu(symbol=603885, indicator=市净率)",2026-08-08T20:42:28.083486+00:00,1H2025,2025-06-30,2025-08-23,1277.6788458705107,announced_on_or_before_observation_date
airline_pb_history,603885.SH,Juneyao Airlines,2026-04-26,2.13,akshare_baidu_valuation_history,"akshare.stock_zh_valuation_baidu(symbol=603885, indicator=市净率)",2026-08-08T20:42:28.083486+00:00,1H2025,2025-06-30,2025-08-23,1277.6788458705107,announced_on_or_before_observation_date
airline_pb_history,603885.SH,Juneyao Airlines,2026-04-27,2.1,akshare_baidu_valuation_history,"akshare.stock_zh_valuation_baidu(symbol=603885, indicator=市净率)",2026-08-08T20:42:28.083486+00:00,1H2025,2025-06-30,2025-08-23,1277.6788458705107,announced_on_or_before_observation_date
airline_pb_history,603885.SH,Juneyao Airlines,2026-04-28,2.05,akshare_baidu_valuation_history,"akshare.stock_zh_valuation_baidu(symbol=603885, indicator=市净率)",2026-08-08T20:42:28.083486+00:00,1H2025,2025-06-30,2025-08-23,1277.6788458705107,announced_on_or_before_observation_date
airline_pb_history,603885.SH,Juneyao Airlines,2026-04-29,2.08,akshare_baidu_valuation_history,"akshare.stock_zh_valuation_baidu(symbol=603885, indicator=市净率)",2026-08-08T20:42:28.083486+00:00,1H2025,2025-06-30,2025-08-23,1277.6788458705107,announced_on_or_before_observation_date
airline_pb_history,603885.SH,Juneyao Airlines,2026-04-30,2.41,akshare_baidu_valuation_history,"akshare.stock_zh_valuation_baidu(symbol=603885, indicator=市净率)",2026-08-08T20:42:28.083486+00:00,1H2025,2025-06-30,2025-08-23,1277.6788458705107,announced_on_or_before_observation_date
airline_pb_history,603885.SH,Juneyao Airlines,2026-05-01,2.41,akshare_baidu_valuation_history,"akshare.stock_zh_valuation_baidu(symbol=603885, indicator=市净率)",2026-08-08T20:42:28.083486+00:00,1H2025,2025-06-30,2025-08-23,1277.6788458705107,announced_on_or_before_observation_date
airline_pb_history,603885.SH,Juneyao Airlines,2026-05-02,2.41,akshare_baidu_valuation_history,"akshare.stock_zh_valuation_baidu(symbol=603885, indicator=市净率)",2026-08-08T20:42:28.083486+00:00,1H2025,2025-06-30,2025-08-23,1277.6788458705107,announced_on_or_before_observation_date
airline_pb_history,603885.SH,Juneyao Airlines,2026-05-03,2.41,akshare_baidu_valuation_history,"akshare.stock_zh_valuation_baidu(symbol=603885, indicator=市净率)",2026-08-08T20:42:28.083486+00:00,1H2025,2025-06-30,2025-08-23,1277.6788458705107,announced_on_or_before_observation_date
airline_pb_history,603885.SH,Juneyao Airlines,2026-05-04,2.41,akshare_baidu_valuation_history,"akshare.stock_zh_valuation_baidu(symbol=603885, indicator=市净率)",2026-08-08T20:42:28.083486+00:00,1H2025,2025-06-30,2025-08-23,1277.6788458705107,announced_on_or_before_observation_date
airline_pb_history,603885.SH,Juneyao Airlines,2026-05-05,2.41,akshare_baidu_valuation_history,"akshare.stock_zh_valuation_baidu(symbol=603885, indicator=市净率)",2026-08-08T20:42:28.083486+00:00,1H2025,2025-06-30,2025-08-23,1277.6788458705107,announced_on_or_before_observation_date
airline_pb_history,603885.SH,Juneyao Airlines,2026-05-06,2.42,akshare_baidu_valuation_history,"akshare.stock_zh_valuation_baidu(symbol=603885, indicator=市净率)",2026-08-08T20:42:28.083486+00:00,1H2025,2025-06-30,2025-08-23,1277.6788458705107,announced_on_or_before_observation_date
airline_pb_history,603885.SH,Juneyao Airlines,2026-05-07,2.48,akshare_baidu_valuation_history,"akshare.stock_zh_valuation_baidu(symbol=603885, indicator=市净率)",2026-08-08T20:42:28.083486+00:00,1H2025,2025-06-30,2025-08-23,1277.6788458705107,announced_on_or_before_observation_date
airline_pb_history,603885.SH,Juneyao Airlines,2026-05-08,2.49,akshare_baidu_valuation_history,"akshare.stock_zh_valuation_baidu(symbol=603885, indicator=市净率)",2026-08-08T20:42:28.083486+00:00,1H2025,2025-06-30,2025-08-23,1277.6788458705107,announced_on_or_before_observation_date
airline_pb_history,603885.SH,Juneyao Airlines,2026-05-09,2.49,akshare_baidu_valuation_history,"akshare.stock_zh_valuation_baidu(symbol=603885, indicator=市净率)",2026-08-08T20:42:28.083486+00:00,1H2025,2025-06-30,2025-08-23,1277.6788458705107,announced_on_or_before_observation_date
airline_pb_history,603885.SH,Juneyao Airlines,2026-05-10,2.49,akshare_baidu_valuation_history,"akshare.stock_zh_valuation_baidu(symbol=603885, indicator=市净率)",2026-08-08T20:42:28.083486+00:00,1H2025,2025-06-30,2025-08-23,1277.6788458705107,announced_on_or_before_observation_date
airline_pb_history,603885.SH,Juneyao Airlines,2026-05-11,2.43,akshare_baidu_valuation_history,"akshare.stock_zh_valuation_baidu(symbol=603885, indicator=市净率)",2026-08-08T20:42:28.083486+00:00,1H2025,2025-06-30,2025-08-23,1277.6788458705107,announced_on_or_before_observation_date
airline_pb_history,603885.SH,Juneyao Airlines,2026-05-12,2.45,akshare_baidu_valuation_history,"akshare.stock_zh_valuation_baidu(symbol=603885, indicator=市净率)",2026-08-08T20:42:28.083486+00:00,1H2025,2025-06-30,2025-08-23,1277.6788458705107,announced_on_or_before_observation_date
airline_pb_history,603885.SH,Juneyao Airlines,2026-05-13,2.48,akshare_baidu_valuation_history,"akshare.stock_zh_valuation_baidu(symbol=603885, indicator=市净率)",2026-08-08T20:42:28.083486+00:00,1H2025,2025-06-30,2025-08-23,1277.6788458705107,announced_on_or_before_observation_date
airline_pb_history,603885.SH,Juneyao Airlines,2026-05-14,2.41,akshare_baidu_valuation_history,"akshare.stock_zh_valuation_baidu(symbol=603885, indicator=市净率)",2026-08-08T20:42:28.083486+00:00,1H2025,2025-06-30,2025-08-23,1277.6788458705107,announced_on_or_before_observation_date
airline_pb_history,603885.SH,Juneyao Airlines,2026-05-15,2.37,akshare_baidu_valuation_history,"akshare.stock_zh_valuation_baidu(symbol=603885, indicator=市净率)",2026-08-08T20:42:28.083486+00:00,1H2025,2025-06-30,2025-08-23,1277.6788458705107,announced_on_or_before_observation_date
airline_pb_history,603885.SH,Juneyao Airlines,2026-05-16,2.37,akshare_baidu_valuation_history,"akshare.stock_zh_valuation_baidu(symbol=603885, indicator=市净率)",2026-08-08T20:42:28.083486+00:00,1H2025,2025-06-30,2025-08-23,1277.6788458705107,announced_on_or_before_observation_date
airline_pb_history,603885.SH,Juneyao Airlines,2026-05-17,2.37,akshare_baidu_valuation_history,"akshare.stock_zh_valuation_baidu(symbol=603885, indicator=市净率)",2026-08-08T20:42:28.083486+00:00,1H2025,2025-06-30,2025-08-23,1277.6788458705107,announced_on_or_before_observation_date
airline_pb_history,603885.SH,Juneyao Airlines,2026-05-18,2.26,akshare_baidu_valuation_history,"akshare.stock_zh_valuation_baidu(symbol=603885, indicator=市净率)",2026-08-08T20:42:28.083486+00:00,1H2025,2025-06-30,2025-08-23,1277.6788458705107,announced_on_or_before_observation_date
airline_pb_history,603885.SH,Juneyao Airlines,2026-05-19,2.32,akshare_baidu_valuation_history,"akshare.stock_zh_valuation_baidu(symbol=603885, indicator=市净率)",2026-08-08T20:42:28.083486+00:00,1H2025,2025-06-30,2025-08-23,1277.6788458705107,announced_on_or_before_observation_date
airline_pb_history,603885.SH,Juneyao Airlines,2026-05-20,2.33,akshare_baidu_valuation_history,"akshare.stock_zh_valuation_baidu(symbol=603885, indicator=市净率)",2026-08-08T20:42:28.083486+00:00,1H2025,2025-06-30,2025-08-23,1277.6788458705107,announced_on_or_before_observation_date
airline_pb_history,603885.SH,Juneyao Airlines,2026-05-21,2.43,akshare_baidu_valuation_history,"akshare.stock_zh_valuation_baidu(symbol=603885, indicator=市净率)",2026-08-08T20:42:28.083486+00:00,1H2025,2025-06-30,2025-08-23,1277.6788458705107,announced_on_or_before_observation_date
airline_pb_history,603885.SH,Juneyao Airlines,2026-05-22,2.41,akshare_baidu_valuation_history,"akshare.stock_zh_valuation_baidu(symbol=603885, indicator=市净率)",2026-08-08T20:42:28.083486+00:00,1H2025,2025-06-30,2025-08-23,1277.6788458705107,announced_on_or_before_observation_date
airline_pb_history,603885.SH,Juneyao Airlines,2026-05-23,2.41,akshare_baidu_valuation_history,"akshare.stock_zh_valuation_baidu(symbol=603885, indicator=市净率)",2026-08-08T20:42:28.083486+00:00,1H2025,2025-06-30,2025-08-23,1277.6788458705107,announced_on_or_before_observation_date
airline_pb_history,603885.SH,Juneyao Airlines,2026-05-24,2.41,akshare_baidu_valuation_history,"akshare.stock_zh_valuation_baidu(symbol=603885, indicator=市净率)",2026-08-08T20:42:28.083486+00:00,1H2025,2025-06-30,2025-08-23,1277.6788458705107,announced_on_or_before_observation_date
airline_pb_history,603885.SH,Juneyao Airlines,2026-05-25,2.48,akshare_baidu_valuation_history,"akshare.stock_zh_valuation_baidu(symbol=603885, indicator=市净率)",2026-08-08T20:42:28.083486+00:00,1H2025,2025-06-30,2025-08-23,1277.6788458705107,announced_on_or_before_observation_date
airline_pb_history,603885.SH,Juneyao Airlines,2026-05-26,2.48,akshare_baidu_valuation_history,"akshare.stock_zh_valuation_baidu(symbol=603885, indicator=市净率)",2026-08-08T20:42:28.083486+00:00,1H2025,2025-06-30,2025-08-23,1277.6788458705107,announced_on_or_before_observation_date
airline_pb_history,603885.SH,Juneyao Airlines,2026-05-27,2.47,akshare_baidu_valuation_history,"akshare.stock_zh_valuation_baidu(symbol=603885, indicator=市净率)",2026-08-08T20:42:28.083486+00:00,1H2025,2025-06-30,2025-08-23,1277.6788458705107,announced_on_or_before_observation_date
airline_pb_history,603885.SH,Juneyao Airlines,2026-05-28,2.43,akshare_baidu_valuation_history,"akshare.stock_zh_valuation_baidu(symbol=603885, indicator=市净率)",2026-08-08T20:42:28.083486+00:00,1H2025,2025-06-30,2025-08-23,1277.6788458705107,announced_on_or_before_observation_date
airline_pb_history,603885.SH,Juneyao Airlines,2026-05-29,2.51,akshare_baidu_valuation_history,"akshare.stock_zh_valuation_baidu(symbol=603885, indicator=市净率)",2026-08-08T20:42:28.083486+00:00,1H2025,2025-06-30,2025-08-23,1277.6788458705107,announced_on_or_before_observation_date
airline_pb_history,603885.SH,Juneyao Airlines,2026-05-30,2.51,akshare_baidu_valuation_history,"akshare.stock_zh_valuation_baidu(symbol=603885, indicator=市净率)",2026-08-08T20:42:28.083486+00:00,1H2025,2025-06-30,2025-08-23,1277.6788458705107,announced_on_or_before_observation_date
airline_pb_history,603885.SH,Juneyao Airlines,2026-05-31,2.51,akshare_baidu_valuation_history,"akshare.stock_zh_valuation_baidu(symbol=603885, indicator=市净率)",2026-08-08T20:42:28.083486+00:00,1H2025,2025-06-30,2025-08-23,1277.6788458705107,announced_on_or_before_observation_date
airline_pb_history,603885.SH,Juneyao Airlines,2026-06-01,2.52,akshare_baidu_valuation_history,"akshare.stock_zh_valuation_baidu(symbol=603885, indicator=市净率)",2026-08-08T20:42:28.083486+00:00,1H2025,2025-06-30,2025-08-23,1277.6788458705107,announced_on_or_before_observation_date
airline_pb_history,603885.SH,Juneyao Airlines,2026-06-02,2.42,akshare_baidu_valuation_history,"akshare.stock_zh_valuation_baidu(symbol=603885, indicator=市净率)",2026-08-08T20:42:28.083486+00:00,1H2025,2025-06-30,2025-08-23,1277.6788458705107,announced_on_or_before_observation_date
airline_pb_history,603885.SH,Juneyao Airlines,2026-06-03,2.31,akshare_baidu_valuation_history,"akshare.stock_zh_valuation_baidu(symbol=603885, indicator=市净率)",2026-08-08T20:42:28.083486+00:00,1H2025,2025-06-30,2025-08-23,1277.6788458705107,announced_on_or_before_observation_date
airline_pb_history,603885.SH,Juneyao Airlines,2026-06-04,2.31,akshare_baidu_valuation_history,"akshare.stock_zh_valuation_baidu(symbol=603885, indicator=市净率)",2026-08-08T20:42:28.083486+00:00,1H2025,2025-06-30,2025-08-23,1277.6788458705107,announced_on_or_before_observation_date
airline_pb_history,603885.SH,Juneyao Airlines,2026-06-05,2.3,akshare_baidu_valuation_history,"akshare.stock_zh_valuation_baidu(symbol=603885, indicator=市净率)",2026-08-08T20:42:28.083486+00:00,1H2025,2025-06-30,2025-08-23,1277.6788458705107,announced_on_or_before_observation_date
airline_pb_history,603885.SH,Juneyao Airlines,2026-06-06,2.3,akshare_baidu_valuation_history,"akshare.stock_zh_valuation_baidu(symbol=603885, indicator=市净率)",2026-08-08T20:42:28.083486+00:00,1H2025,2025-06-30,2025-08-23,1277.6788458705107,announced_on_or_before_observation_date
airline_pb_history,603885.SH,Juneyao Airlines,2026-06-07,2.3,akshare_baidu_valuation_history,"akshare.stock_zh_valuation_baidu(symbol=603885, indicator=市净率)",2026-08-08T20:42:28.083486+00:00,1H2025,2025-06-30,2025-08-23,1277.6788458705107,announced_on_or_before_observation_date
airline_pb_history,603885.SH,Juneyao Airlines,2026-06-08,2.16,akshare_baidu_valuation_history,"akshare.stock_zh_valuation_baidu(symbol=603885, indicator=市净率)",2026-08-08T20:42:28.083486+00:00,1H2025,2025-06-30,2025-08-23,1277.6788458705107,announced_on_or_before_observation_date
airline_pb_history,603885.SH,Juneyao Airlines,2026-06-09,2.22,akshare_baidu_valuation_history,"akshare.stock_zh_valuation_baidu(symbol=603885, indicator=市净率)",2026-08-08T20:42:28.083486+00:00,1H2025,2025-06-30,2025-08-23,1277.6788458705107,announced_on_or_before_observation_date
airline_pb_history,603885.SH,Juneyao Airlines,2026-06-10,2.27,akshare_baidu_valuation_history,"akshare.stock_zh_valuation_baidu(symbol=603885, indicator=市净率)",2026-08-08T20:42:28.083486+00:00,1H2025,2025-06-30,2025-08-23,1277.6788458705107,announced_on_or_before_observation_date
airline_pb_history,603885.SH,Juneyao Airlines,2026-06-11,2.25,akshare_baidu_valuation_history,"akshare.stock_zh_valuation_baidu(symbol=603885, indicator=市净率)",2026-08-08T20:42:28.083486+00:00,1H2025,2025-06-30,2025-08-23,1277.6788458705107,announced_on_or_before_observation_date
airline_pb_history,603885.SH,Juneyao Airlines,2026-06-12,2.4,akshare_baidu_valuation_history,"akshare.stock_zh_valuation_baidu(symbol=603885, indicator=市净率)",2026-08-08T20:42:28.083486+00:00,1H2025,2025-06-30,2025-08-23,1277.6788458705107,announced_on_or_before_observation_date
airline_pb_history,603885.SH,Juneyao Airlines,2026-06-13,2.4,akshare_baidu_valuation_history,"akshare.stock_zh_valuation_baidu(symbol=603885, indicator=市净率)",2026-08-08T20:42:28.083486+00:00,1H2025,2025-06-30,2025-08-23,1277.6788458705107,announced_on_or_before_observation_date
airline_pb_history,603885.SH,Juneyao Airlines,2026-06-14,2.4,akshare_baidu_valuation_history,"akshare.stock_zh_valuation_baidu(symbol=603885, indicator=市净率)",2026-08-08T20:42:28.083486+00:00,1H2025,2025-06-30,2025-08-23,1277.6788458705107,announced_on_or_before_observation_date
airline_pb_history,603885.SH,Juneyao Airlines,2026-06-15,2.46,akshare_baidu_valuation_history,"akshare.stock_zh_valuation_baidu(symbol=603885, indicator=市净率)",2026-08-08T20:42:28.083486+00:00,1H2025,2025-06-30,2025-08-23,1277.6788458705107,announced_on_or_before_observation_date
airline_pb_history,603885.SH,Juneyao Airlines,2026-06-16,2.39,akshare_baidu_valuation_history,"akshare.stock_zh_valuation_baidu(symbol=603885, indicator=市净率)",2026-08-08T20:42:28.083486+00:00,1H2025,2025-06-30,2025-08-23,1277.6788458705107,announced_on_or_before_observation_date
airline_pb_history,603885.SH,Juneyao Airlines,2026-06-17,2.4,akshare_baidu_valuation_history,"akshare.stock_zh_valuation_baidu(symbol=603885, indicator=市净率)",2026-08-08T20:42:28.083486+00:00,1H2025,2025-06-30,2025-08-23,1277.6788458705107,announced_on_or_before_observation_date
airline_pb_history,603885.SH,Juneyao Airlines,2026-06-18,2.29,akshare_baidu_valuation_history,"akshare.stock_zh_valuation_baidu(symbol=603885, indicator=市净率)",2026-08-08T20:42:28.083486+00:00,1H2025,2025-06-30,2025-08-23,1277.6788458705107,announced_on_or_before_observation_date
airline_pb_history,603885.SH,Juneyao Airlines,2026-06-19,2.29,akshare_baidu_valuation_history,"akshare.stock_zh_valuation_baidu(symbol=603885, indicator=市净率)",2026-08-08T20:42:28.083486+00:00,1H2025,2025-06-30,2025-08-23,1277.6788458705107,announced_on_or_before_observation_date
airline_pb_history,603885.SH,Juneyao Airlines,2026-06-20,2.29,akshare_baidu_valuation_history,"akshare.stock_zh_valuation_baidu(symbol=603885, indicator=市净率)",2026-08-08T20:42:28.083486+00:00,1H2025,2025-06-30,2025-08-23,1277.6788458705107,announced_on_or_before_observation_date
airline_pb_history,603885.SH,Juneyao Airlines,2026-06-21,2.29,akshare_baidu_valuation_history,"akshare.stock_zh_valuation_baidu(symbol=603885, indicator=市净率)",2026-08-08T20:42:28.083486+00:00,1H2025,2025-06-30,2025-08-23,1277.6788458705107,announced_on_or_before_observation_date
airline_pb_history,603885.SH,Juneyao Airlines,2026-06-22,2.22,akshare_baidu_valuation_history,"akshare.stock_zh_valuation_baidu(symbol=603885, indicator=市净率)",2026-08-08T20:42:28.083486+00:00,1H2025,2025-06-30,2025-08-23,1277.6788458705107,announced_on_or_before_observation_date
airline_pb_history,603885.SH,Juneyao Airlines,2026-06-23,2.17,akshare_baidu_valuation_history,"akshare.stock_zh_valuation_baidu(symbol=603885, indicator=市净率)",2026-08-08T20:42:28.083486+00:00,1H2025,2025-06-30,2025-08-23,1277.6788458705107,announced_on_or_before_observation_date
airline_pb_history,603885.SH,Juneyao Airlines,2026-06-24,2.21,akshare_baidu_valuation_history,"akshare.stock_zh_valuation_baidu(symbol=603885, indicator=市净率)",2026-08-08T20:42:28.083486+00:00,1H2025,2025-06-30,2025-08-23,1277.6788458705107,announced_on_or_before_observation_date
airline_pb_history,603885.SH,Juneyao Airlines,2026-06-25,2.31,akshare_baidu_valuation_history,"akshare.stock_zh_valuation_baidu(symbol=603885, indicator=市净率)",2026-08-08T20:42:28.083486+00:00,1H2025,2025-06-30,2025-08-23,1277.6788458705107,announced_on_or_before_observation_date
airline_pb_history,603885.SH,Juneyao Airlines,2026-06-26,2.25,akshare_baidu_valuation_history,"akshare.stock_zh_valuation_baidu(symbol=603885, indicator=市净率)",2026-08-08T20:42:28.083486+00:00,1H2025,2025-06-30,2025-08-23,1277.6788458705107,announced_on_or_before_observation_date
airline_pb_history,603885.SH,Juneyao Airlines,2026-06-27,2.25,akshare_baidu_valuation_history,"akshare.stock_zh_valuation_baidu(symbol=603885, indicator=市净率)",2026-08-08T20:42:28.083486+00:00,1H2025,2025-06-30,2025-08-23,1277.6788458705107,announced_on_or_before_observation_date
airline_pb_history,603885.SH,Juneyao Airlines,2026-06-28,2.25,akshare_baidu_valuation_history,"akshare.stock_zh_valuation_baidu(symbol=603885, indicator=市净率)",2026-08-08T20:42:28.083486+00:00,1H2025,2025-06-30,2025-08-23,1277.6788458705107,announced_on_or_before_observation_date
airline_pb_history,603885.SH,Juneyao Airlines,2026-06-29,2.23,akshare_baidu_valuation_history,"akshare.stock_zh_valuation_baidu(symbol=603885, indicator=市净率)",2026-08-08T20:42:28.083486+00:00,1H2025,2025-06-30,2025-08-23,1277.6788458705107,announced_on_or_before_observation_date
airline_pb_history,603885.SH,Juneyao Airlines,2026-06-30,2.17,akshare_baidu_valuation_history,"akshare.stock_zh_valuation_baidu(symbol=603885, indicator=市净率)",2026-08-08T20:42:28.083486+00:00,1H2025,2025-06-30,2025-08-23,1277.6788458705107,announced_on_or_before_observation_date
airline_pb_history,603885.SH,Juneyao Airlines,2026-07-01,2.27,akshare_baidu_valuation_history,"akshare.stock_zh_valuation_baidu(symbol=603885, indicator=市净率)",2026-08-08T20:42:28.083486+00:00,1H2025,2025-06-30,2025-08-23,1277.6788458705107,announced_on_or_before_observation_date
airline_pb_history,603885.SH,Juneyao Airlines,2026-07-02,2.22,akshare_baidu_valuation_history,"akshare.stock_zh_valuation_baidu(symbol=603885, indicator=市净率)",2026-08-08T20:42:28.083486+00:00,1H2025,2025-06-30,2025-08-23,1277.6788458705107,announced_on_or_before_observation_date
airline_pb_history,603885.SH,Juneyao Airlines,2026-07-03,2.18,akshare_baidu_valuation_history,"akshare.stock_zh_valuation_baidu(symbol=603885, indicator=市净率)",2026-08-08T20:42:28.083486+00:00,1H2025,2025-06-30,2025-08-23,1277.6788458705107,announced_on_or_before_observation_date
airline_pb_history,603885.SH,Juneyao Airlines,2026-07-04,2.18,akshare_baidu_valuation_history,"akshare.stock_zh_valuation_baidu(symbol=603885, indicator=市净率)",2026-08-08T20:42:28.083486+00:00,1H2025,2025-06-30,2025-08-23,1277.6788458705107,announced_on_or_before_observation_date
airline_pb_history,603885.SH,Juneyao Airlines,2026-07-05,2.18,akshare_baidu_valuation_history,"akshare.stock_zh_valuation_baidu(symbol=603885, indicator=市净率)",2026-08-08T20:42:28.083486+00:00,1H2025,2025-06-30,2025-08-23,1277.6788458705107,announced_on_or_before_observation_date
airline_pb_history,603885.SH,Juneyao Airlines,2026-07-06,2.24,akshare_baidu_valuation_history,"akshare.stock_zh_valuation_baidu(symbol=603885, indicator=市净率)",2026-08-08T20:42:28.083486+00:00,1H2025,2025-06-30,2025-08-23,1277.6788458705107,announced_on_or_before_observation_date
airline_pb_history,603885.SH,Juneyao Airlines,2026-07-07,2.21,akshare_baidu_valuation_history,"akshare.stock_zh_valuation_baidu(symbol=603885, indicator=市净率)",2026-08-08T20:42:28.083486+00:00,1H2025,2025-06-30,2025-08-23,1277.6788458705107,announced_on_or_before_observation_date
airline_pb_history,603885.SH,Juneyao Airlines,2026-07-08,2.18,akshare_baidu_valuation_history,"akshare.stock_zh_valuation_baidu(symbol=603885, indicator=市净率)",2026-08-08T20:42:28.083486+00:00,1H2025,2025-06-30,2025-08-23,1277.6788458705107,announced_on_or_before_observation_date
airline_pb_history,603885.SH,Juneyao Airlines,2026-07-09,2.13,akshare_baidu_valuation_history,"akshare.stock_zh_valuation_baidu(symbol=603885, indicator=市净率)",2026-08-08T20:42:28.083486+00:00,1H2025,2025-06-30,2025-08-23,1277.6788458705107,announced_on_or_before_observation_date
airline_pb_history,603885.SH,Juneyao Airlines,2026-07-10,2.15,akshare_baidu_valuation_history,"akshare.stock_zh_valuation_baidu(symbol=603885, indicator=市净率)",2026-08-08T20:42:28.083486+00:00,1H2025,2025-06-30,2025-08-23,1277.6788458705107,announced_on_or_before_observation_date
airline_pb_history,603885.SH,Juneyao Airlines,2026-07-11,2.15,akshare_baidu_valuation_history,"akshare.stock_zh_valuation_baidu(symbol=603885, indicator=市净率)",2026-08-08T20:42:28.083486+00:00,1H2025,2025-06-30,2025-08-23,1277.6788458705107,announced_on_or_before_observation_date
airline_pb_history,603885.SH,Juneyao Airlines,2026-07-12,2.15,akshare_baidu_valuation_history,"akshare.stock_zh_valuation_baidu(symbol=603885, indicator=市净率)",2026-08-08T20:42:28.083486+00:00,1H2025,2025-06-30,2025-08-23,1277.6788458705107,announced_on_or_before_observation_date
airline_pb_history,603885.SH,Juneyao Airlines,2026-07-13,2.1,akshare_baidu_valuation_history,"akshare.stock_zh_valuation_baidu(symbol=603885, indicator=市净率)",2026-08-08T20:42:28.083486+00:00,1H2025,2025-06-30,2025-08-23,1277.6788458705107,announced_on_or_before_observation_date
airline_pb_history,603885.SH,Juneyao Airlines,2026-07-14,2.13,akshare_baidu_valuation_history,"akshare.stock_zh_valuation_baidu(symbol=603885, indicator=市净率)",2026-08-08T20:42:28.083486+00:00,1H2025,2025-06-30,2025-08-23,1277.6788458705107,announced_on_or_before_observation_date
airline_pb_history,603885.SH,Juneyao Airlines,2026-07-15,2.17,akshare_baidu_valuation_history,"akshare.stock_zh_valuation_baidu(symbol=603885, indicator=市净率)",2026-08-08T20:42:28.083486+00:00,1H2025,2025-06-30,2025-08-23,1277.6788458705107,announced_on_or_before_observation_date
airline_pb_history,603885.SH,Juneyao Airlines,2026-07-16,2.18,akshare_baidu_valuation_history,"akshare.stock_zh_valuation_baidu(symbol=603885, indicator=市净率)",2026-08-08T20:42:28.083486+00:00,1H2025,2025-06-30,2025-08-23,1277.6788458705107,announced_on_or_before_observation_date
airline_pb_history,603885.SH,Juneyao Airlines,2026-07-17,2.16,akshare_baidu_valuation_history,"akshare.stock_zh_valuation_baidu(symbol=603885, indicator=市净率)",2026-08-08T20:42:28.083486+00:00,1H2025,2025-06-30,2025-08-23,1277.6788458705107,announced_on_or_before_observation_date
airline_pb_history,603885.SH,Juneyao Airlines,2026-07-18,2.16,akshare_baidu_valuation_history,"akshare.stock_zh_valuation_baidu(symbol=603885, indicator=市净率)",2026-08-08T20:42:28.083486+00:00,1H2025,2025-06-30,2025-08-23,1277.6788458705107,announced_on_or_before_observation_date
airline_pb_history,603885.SH,Juneyao Airlines,2026-07-19,2.16,akshare_baidu_valuation_history,"akshare.stock_zh_valuation_baidu(symbol=603885, indicator=市净率)",2026-08-08T20:42:28.083486+00:00,1H2025,2025-06-30,2025-08-23,1277.6788458705107,announced_on_or_before_observation_date
airline_pb_history,603885.SH,Juneyao Airlines,2026-07-20,2.17,akshare_baidu_valuation_history,"akshare.stock_zh_valuation_baidu(symbol=603885, indicator=市净率)",2026-08-08T20:42:28.083486+00:00,1H2025,2025-06-30,2025-08-23,1277.6788458705107,announced_on_or_before_observation_date
airline_pb_history,603885.SH,Juneyao Airlines,2026-07-21,2.19,akshare_baidu_valuation_history,"akshare.stock_zh_valuation_baidu(symbol=603885, indicator=市净率)",2026-08-08T20:42:28.083486+00:00,1H2025,2025-06-30,2025-08-23,1277.6788458705107,announced_on_or_before_observation_date
airline_pb_history,603885.SH,Juneyao Airlines,2026-07-22,2.22,akshare_baidu_valuation_history,"akshare.stock_zh_valuation_baidu(symbol=603885, indicator=市净率)",2026-08-08T20:42:28.083486+00:00,1H2025,2025-06-30,2025-08-23,1277.6788458705107,announced_on_or_before_observation_date
airline_pb_history,603885.SH,Juneyao Airlines,2026-07-23,2.24,akshare_baidu_valuation_history,"akshare.stock_zh_valuation_baidu(symbol=603885, indicator=市净率)",2026-08-08T20:42:28.083486+00:00,1H2025,2025-06-30,2025-08-23,1277.6788458705107,announced_on_or_before_observation_date
airline_pb_history,603885.SH,Juneyao Airlines,2026-07-24,2.2,akshare_baidu_valuation_history,"akshare.stock_zh_valuation_baidu(symbol=603885, indicator=市净率)",2026-08-08T20:42:28.083486+00:00,1H2025,2025-06-30,2025-08-23,1277.6788458705107,announced_on_or_before_observation_date
airline_pb_history,603885.SH,Juneyao Airlines,2026-07-25,2.2,akshare_baidu_valuation_history,"akshare.stock_zh_valuation_baidu(symbol=603885, indicator=市净率)",2026-08-08T20:42:28.083486+00:00,1H2025,2025-06-30,2025-08-23,1277.6788458705107,announced_on_or_before_observation_date
airline_pb_history,603885.SH,Juneyao Airlines,2026-07-26,2.2,akshare_baidu_valuation_history,"akshare.stock_zh_valuation_baidu(symbol=603885, indicator=市净率)",2026-08-08T20:42:28.083486+00:00,1H2025,2025-06-30,2025-08-23,1277.6788458705107,announced_on_or_before_observation_date
airline_pb_history,603885.SH,Juneyao Airlines,2026-07-27,2.27,akshare_baidu_valuation_history,"akshare.stock_zh_valuation_baidu(symbol=603885, indicator=市净率)",2026-08-08T20:42:28.083486+00:00,1H2025,2025-06-30,2025-08-23,1277.6788458705107,announced_on_or_before_observation_date
airline_pb_history,603885.SH,Juneyao Airlines,2026-07-28,2.3,akshare_baidu_valuation_history,"akshare.stock_zh_valuation_baidu(symbol=603885, indicator=市净率)",2026-08-08T20:42:28.083486+00:00,1H2025,2025-06-30,2025-08-23,1277.6788458705107,announced_on_or_before_observation_date
airline_pb_history,603885.SH,Juneyao Airlines,2026-07-29,2.3,akshare_baidu_valuation_history,"akshare.stock_zh_valuation_baidu(symbol=603885, indicator=市净率)",2026-08-08T20:42:28.083486+00:00,1H2025,2025-06-30,2025-08-23,1277.6788458705107,announced_on_or_before_observation_date
airline_pb_history,603885.SH,Juneyao Airlines,2026-07-30,2.29,akshare_baidu_valuation_history,"akshare.stock_zh_valuation_baidu(symbol=603885, indicator=市净率)",2026-08-08T20:42:28.083486+00:00,1H2025,2025-06-30,2025-08-23,1277.6788458705107,announced_on_or_before_observation_date
airline_pb_history,603885.SH,Juneyao Airlines,2026-07-31,2.32,akshare_baidu_valuation_history,"akshare.stock_zh_valuation_baidu(symbol=603885, indicator=市净率)",2026-08-08T20:42:28.083486+00:00,1H2025,2025-06-30,2025-08-23,1277.6788458705107,announced_on_or_before_observation_date
airline_pb_history,603885.SH,Juneyao Airlines,2026-08-01,2.32,akshare_baidu_valuation_history,"akshare.stock_zh_valuation_baidu(symbol=603885, indicator=市净率)",2026-08-08T20:42:28.083486+00:00,1H2025,2025-06-30,2025-08-23,1277.6788458705107,announced_on_or_before_observation_date
airline_pb_history,603885.SH,Juneyao Airlines,2026-08-02,2.32,akshare_baidu_valuation_history,"akshare.stock_zh_valuation_baidu(symbol=603885, indicator=市净率)",2026-08-08T20:42:28.083486+00:00,1H2025,2025-06-30,2025-08-23,1277.6788458705107,announced_on_or_before_observation_date
airline_pb_history,603885.SH,Juneyao Airlines,2026-08-03,2.35,akshare_baidu_valuation_history,"akshare.stock_zh_valuation_baidu(symbol=603885, indicator=市净率)",2026-08-08T20:42:28.083486+00:00,1H2025,2025-06-30,2025-08-23,1277.6788458705107,announced_on_or_before_observation_date
airline_pb_history,603885.SH,Juneyao Airlines,2026-08-04,2.31,akshare_baidu_valuation_history,"akshare.stock_zh_valuation_baidu(symbol=603885, indicator=市净率)",2026-08-08T20:42:28.083486+00:00,1H2025,2025-06-30,2025-08-23,1277.6788458705107,announced_on_or_before_observation_date
airline_pb_history,603885.SH,Juneyao Airlines,2026-08-05,2.35,akshare_baidu_valuation_history,"akshare.stock_zh_valuation_baidu(symbol=603885, indicator=市净率)",2026-08-08T20:42:28.083486+00:00,1H2025,2025-06-30,2025-08-23,1277.6788458705107,announced_on_or_before_observation_date
airline_pb_history,603885.SH,Juneyao Airlines,2026-08-06,2.35,akshare_baidu_valuation_history,"akshare.stock_zh_valuation_baidu(symbol=603885, indicator=市净率)",2026-08-08T20:42:28.083486+00:00,1H2025,2025-06-30,2025-08-23,1277.6788458705107,announced_on_or_before_observation_date
airline_pb_history,603885.SH,Juneyao Airlines,2026-08-07,2.32,akshare_baidu_valuation_history,"akshare.stock_zh_valuation_baidu(symbol=603885, indicator=市净率)",2026-08-08T20:42:28.083486+00:00,1H2025,2025-06-30,2025-08-23,1277.6788458705107,announced_on_or_before_observation_date
airline_pb_history,603885.SH,Juneyao Airlines,2026-08-08,2.32,akshare_baidu_valuation_history,"akshare.stock_zh_valuation_baidu(symbol=603885, indicator=市净率)",2026-08-08T20:42:28.083486+00:00,1H2025,2025-06-30,2025-08-23,1277.6788458705107,announced_on_or_before_observation_date
