dataset_id,airport,airport_label,observation_month,days_observed,heavy_rain_days,high_wind_days,fog_days,max_precipitation_mm,mean_precipitation_mm,max_wind_kmh,mean_max_temp_c,disruption_flag,source_note,retrieved_at
airline_weather_risk,CAN,Guangzhou Baiyun,2020-01,31,1,0,0,27.1,1.4387096774193548,23.8,22.148387096774197,low,"Monthly aggregate of Open-Meteo daily weather for the airline hub; thresholds are broad aviation-disruption proxies (>=25mm rain, >=40km/h wind, fog codes).  Weather is a risk/execution variable, not an earnings forecast.",2026-08-10T08:21:49.545686+00:00
airline_weather_risk,CAN,Guangzhou Baiyun,2020-02,29,1,0,0,52.4,3.710344827586207,30.0,21.824137931034482,low,"Monthly aggregate of Open-Meteo daily weather for the airline hub; thresholds are broad aviation-disruption proxies (>=25mm rain, >=40km/h wind, fog codes).  Weather is a risk/execution variable, not an earnings forecast.",2026-08-10T08:21:49.545686+00:00
airline_weather_risk,CAN,Guangzhou Baiyun,2020-03,31,0,0,0,16.7,5.283870967741935,24.5,24.43548387096774,low,"Monthly aggregate of Open-Meteo daily weather for the airline hub; thresholds are broad aviation-disruption proxies (>=25mm rain, >=40km/h wind, fog codes).  Weather is a risk/execution variable, not an earnings forecast.",2026-08-10T08:21:49.545686+00:00
airline_weather_risk,CAN,Guangzhou Baiyun,2020-04,30,1,0,0,41.1,4.116666666666666,23.4,25.073333333333334,low,"Monthly aggregate of Open-Meteo daily weather for the airline hub; thresholds are broad aviation-disruption proxies (>=25mm rain, >=40km/h wind, fog codes).  Weather is a risk/execution variable, not an earnings forecast.",2026-08-10T08:21:49.545686+00:00
airline_weather_risk,CAN,Guangzhou Baiyun,2020-05,31,3,0,0,78.1,10.977419354838709,25.2,31.50967741935484,moderate,"Monthly aggregate of Open-Meteo daily weather for the airline hub; thresholds are broad aviation-disruption proxies (>=25mm rain, >=40km/h wind, fog codes).  Weather is a risk/execution variable, not an earnings forecast.",2026-08-10T08:21:49.545686+00:00
airline_weather_risk,CAN,Guangzhou Baiyun,2020-06,30,6,0,0,77.6,14.213333333333336,25.9,31.580000000000002,high,"Monthly aggregate of Open-Meteo daily weather for the airline hub; thresholds are broad aviation-disruption proxies (>=25mm rain, >=40km/h wind, fog codes).  Weather is a risk/execution variable, not an earnings forecast.",2026-08-10T08:21:49.545686+00:00
airline_weather_risk,CAN,Guangzhou Baiyun,2020-07,31,1,0,0,30.0,3.761290322580645,24.2,34.41935483870968,low,"Monthly aggregate of Open-Meteo daily weather for the airline hub; thresholds are broad aviation-disruption proxies (>=25mm rain, >=40km/h wind, fog codes).  Weather is a risk/execution variable, not an earnings forecast.",2026-08-10T08:21:49.545686+00:00
airline_weather_risk,CAN,Guangzhou Baiyun,2020-08,31,3,0,0,34.9,10.180645161290323,30.3,31.509677419354837,moderate,"Monthly aggregate of Open-Meteo daily weather for the airline hub; thresholds are broad aviation-disruption proxies (>=25mm rain, >=40km/h wind, fog codes).  Weather is a risk/execution variable, not an earnings forecast.",2026-08-10T08:21:49.545686+00:00
airline_weather_risk,CAN,Guangzhou Baiyun,2020-09,30,5,0,0,48.3,13.090000000000002,22.8,30.45,high,"Monthly aggregate of Open-Meteo daily weather for the airline hub; thresholds are broad aviation-disruption proxies (>=25mm rain, >=40km/h wind, fog codes).  Weather is a risk/execution variable, not an earnings forecast.",2026-08-10T08:21:49.545686+00:00
airline_weather_risk,CAN,Guangzhou Baiyun,2020-10,31,0,0,0,19.7,1.7225806451612902,26.8,27.451612903225808,low,"Monthly aggregate of Open-Meteo daily weather for the airline hub; thresholds are broad aviation-disruption proxies (>=25mm rain, >=40km/h wind, fog codes).  Weather is a risk/execution variable, not an earnings forecast.",2026-08-10T08:21:49.545686+00:00
airline_weather_risk,CAN,Guangzhou Baiyun,2020-11,30,0,0,0,6.6,0.38333333333333325,22.2,26.37,low,"Monthly aggregate of Open-Meteo daily weather for the airline hub; thresholds are broad aviation-disruption proxies (>=25mm rain, >=40km/h wind, fog codes).  Weather is a risk/execution variable, not an earnings forecast.",2026-08-10T08:21:49.545686+00:00
airline_weather_risk,CAN,Guangzhou Baiyun,2020-12,31,0,0,0,3.5,0.25161290322580643,34.5,19.49677419354839,low,"Monthly aggregate of Open-Meteo daily weather for the airline hub; thresholds are broad aviation-disruption proxies (>=25mm rain, >=40km/h wind, fog codes).  Weather is a risk/execution variable, not an earnings forecast.",2026-08-10T08:21:49.545686+00:00
airline_weather_risk,CAN,Guangzhou Baiyun,2021-01,31,0,0,0,2.7,0.21935483870967745,27.0,19.635483870967743,low,"Monthly aggregate of Open-Meteo daily weather for the airline hub; thresholds are broad aviation-disruption proxies (>=25mm rain, >=40km/h wind, fog codes).  Weather is a risk/execution variable, not an earnings forecast.",2026-08-10T08:21:49.545686+00:00
airline_weather_risk,CAN,Guangzhou Baiyun,2021-02,28,1,0,0,34.9,2.2642857142857142,22.2,24.38571428571429,low,"Monthly aggregate of Open-Meteo daily weather for the airline hub; thresholds are broad aviation-disruption proxies (>=25mm rain, >=40km/h wind, fog codes).  Weather is a risk/execution variable, not an earnings forecast.",2026-08-10T08:21:49.545686+00:00
airline_weather_risk,CAN,Guangzhou Baiyun,2021-03,31,0,0,0,15.0,1.5935483870967744,24.9,25.86451612903226,low,"Monthly aggregate of Open-Meteo daily weather for the airline hub; thresholds are broad aviation-disruption proxies (>=25mm rain, >=40km/h wind, fog codes).  Weather is a risk/execution variable, not an earnings forecast.",2026-08-10T08:21:49.545686+00:00
airline_weather_risk,CAN,Guangzhou Baiyun,2021-04,30,2,0,0,48.7,5.3,21.3,27.976666666666667,moderate,"Monthly aggregate of Open-Meteo daily weather for the airline hub; thresholds are broad aviation-disruption proxies (>=25mm rain, >=40km/h wind, fog codes).  Weather is a risk/execution variable, not an earnings forecast.",2026-08-10T08:21:49.545686+00:00
airline_weather_risk,CAN,Guangzhou Baiyun,2021-05,31,2,0,0,44.9,7.506451612903226,20.8,32.39032258064516,moderate,"Monthly aggregate of Open-Meteo daily weather for the airline hub; thresholds are broad aviation-disruption proxies (>=25mm rain, >=40km/h wind, fog codes).  Weather is a risk/execution variable, not an earnings forecast.",2026-08-10T08:21:49.545686+00:00
airline_weather_risk,CAN,Guangzhou Baiyun,2021-06,30,6,0,0,47.3,12.126666666666667,19.6,31.279999999999998,high,"Monthly aggregate of Open-Meteo daily weather for the airline hub; thresholds are broad aviation-disruption proxies (>=25mm rain, >=40km/h wind, fog codes).  Weather is a risk/execution variable, not an earnings forecast.",2026-08-10T08:21:49.545686+00:00
airline_weather_risk,CAN,Guangzhou Baiyun,2021-07,31,2,0,0,38.4,6.161290322580644,23.2,33.070967741935476,moderate,"Monthly aggregate of Open-Meteo daily weather for the airline hub; thresholds are broad aviation-disruption proxies (>=25mm rain, >=40km/h wind, fog codes).  Weather is a risk/execution variable, not an earnings forecast.",2026-08-10T08:21:49.545686+00:00
airline_weather_risk,CAN,Guangzhou Baiyun,2021-08,31,2,0,0,51.7,10.687096774193549,19.3,31.66774193548387,moderate,"Monthly aggregate of Open-Meteo daily weather for the airline hub; thresholds are broad aviation-disruption proxies (>=25mm rain, >=40km/h wind, fog codes).  Weather is a risk/execution variable, not an earnings forecast.",2026-08-10T08:21:49.545686+00:00
airline_weather_risk,CAN,Guangzhou Baiyun,2021-09,30,0,0,0,20.6,4.886666666666666,14.7,32.50666666666667,low,"Monthly aggregate of Open-Meteo daily weather for the airline hub; thresholds are broad aviation-disruption proxies (>=25mm rain, >=40km/h wind, fog codes).  Weather is a risk/execution variable, not an earnings forecast.",2026-08-10T08:21:49.545686+00:00
airline_weather_risk,CAN,Guangzhou Baiyun,2021-10,31,4,0,0,90.3,8.938709677419354,38.5,27.112903225806452,high,"Monthly aggregate of Open-Meteo daily weather for the airline hub; thresholds are broad aviation-disruption proxies (>=25mm rain, >=40km/h wind, fog codes).  Weather is a risk/execution variable, not an earnings forecast.",2026-08-10T08:21:49.545686+00:00
airline_weather_risk,CAN,Guangzhou Baiyun,2021-11,30,0,0,0,19.9,0.8466666666666666,32.6,24.549999999999997,low,"Monthly aggregate of Open-Meteo daily weather for the airline hub; thresholds are broad aviation-disruption proxies (>=25mm rain, >=40km/h wind, fog codes).  Weather is a risk/execution variable, not an earnings forecast.",2026-08-10T08:21:49.545686+00:00
airline_weather_risk,CAN,Guangzhou Baiyun,2021-12,31,0,0,0,16.7,1.3870967741935485,28.5,20.758064516129032,low,"Monthly aggregate of Open-Meteo daily weather for the airline hub; thresholds are broad aviation-disruption proxies (>=25mm rain, >=40km/h wind, fog codes).  Weather is a risk/execution variable, not an earnings forecast.",2026-08-10T08:21:49.545686+00:00
airline_weather_risk,CAN,Guangzhou Baiyun,2022-01,31,0,0,0,12.1,1.1,21.1,20.05483870967742,low,"Monthly aggregate of Open-Meteo daily weather for the airline hub; thresholds are broad aviation-disruption proxies (>=25mm rain, >=40km/h wind, fog codes).  Weather is a risk/execution variable, not an earnings forecast.",2026-08-10T08:21:49.545686+00:00
airline_weather_risk,CAN,Guangzhou Baiyun,2022-02,28,3,0,0,43.9,7.55,22.5,15.964285714285712,moderate,"Monthly aggregate of Open-Meteo daily weather for the airline hub; thresholds are broad aviation-disruption proxies (>=25mm rain, >=40km/h wind, fog codes).  Weather is a risk/execution variable, not an earnings forecast.",2026-08-10T08:21:49.545686+00:00
airline_weather_risk,CAN,Guangzhou Baiyun,2022-03,31,4,0,0,49.8,7.619354838709677,26.1,25.241935483870968,high,"Monthly aggregate of Open-Meteo daily weather for the airline hub; thresholds are broad aviation-disruption proxies (>=25mm rain, >=40km/h wind, fog codes).  Weather is a risk/execution variable, not an earnings forecast.",2026-08-10T08:21:49.545686+00:00
airline_weather_risk,CAN,Guangzhou Baiyun,2022-04,30,1,0,0,26.6,3.796666666666667,23.5,27.12666666666667,low,"Monthly aggregate of Open-Meteo daily weather for the airline hub; thresholds are broad aviation-disruption proxies (>=25mm rain, >=40km/h wind, fog codes).  Weather is a risk/execution variable, not an earnings forecast.",2026-08-10T08:21:49.545686+00:00
airline_weather_risk,CAN,Guangzhou Baiyun,2022-05,31,10,0,0,55.8,15.383870967741935,22.7,27.858064516129033,high,"Monthly aggregate of Open-Meteo daily weather for the airline hub; thresholds are broad aviation-disruption proxies (>=25mm rain, >=40km/h wind, fog codes).  Weather is a risk/execution variable, not an earnings forecast.",2026-08-10T08:21:49.545686+00:00
airline_weather_risk,CAN,Guangzhou Baiyun,2022-06,30,13,0,0,69.2,21.386666666666667,20.4,30.61,high,"Monthly aggregate of Open-Meteo daily weather for the airline hub; thresholds are broad aviation-disruption proxies (>=25mm rain, >=40km/h wind, fog codes).  Weather is a risk/execution variable, not an earnings forecast.",2026-08-10T08:21:49.545686+00:00
airline_weather_risk,CAN,Guangzhou Baiyun,2022-07,31,6,0,0,59.6,10.967741935483874,28.9,33.51612903225807,high,"Monthly aggregate of Open-Meteo daily weather for the airline hub; thresholds are broad aviation-disruption proxies (>=25mm rain, >=40km/h wind, fog codes).  Weather is a risk/execution variable, not an earnings forecast.",2026-08-10T08:21:49.545686+00:00
airline_weather_risk,CAN,Guangzhou Baiyun,2022-08,31,3,0,0,55.7,11.758064516129032,29.6,32.2,moderate,"Monthly aggregate of Open-Meteo daily weather for the airline hub; thresholds are broad aviation-disruption proxies (>=25mm rain, >=40km/h wind, fog codes).  Weather is a risk/execution variable, not an earnings forecast.",2026-08-10T08:21:49.545686+00:00
airline_weather_risk,CAN,Guangzhou Baiyun,2022-09,30,1,0,0,34.3,3.2766666666666664,19.8,32.97,low,"Monthly aggregate of Open-Meteo daily weather for the airline hub; thresholds are broad aviation-disruption proxies (>=25mm rain, >=40km/h wind, fog codes).  Weather is a risk/execution variable, not an earnings forecast.",2026-08-10T08:21:49.545686+00:00
airline_weather_risk,CAN,Guangzhou Baiyun,2022-10,31,0,0,0,6.3,0.6161290322580646,32.1,30.274193548387096,low,"Monthly aggregate of Open-Meteo daily weather for the airline hub; thresholds are broad aviation-disruption proxies (>=25mm rain, >=40km/h wind, fog codes).  Weather is a risk/execution variable, not an earnings forecast.",2026-08-10T08:21:49.545686+00:00
airline_weather_risk,CAN,Guangzhou Baiyun,2022-11,30,1,0,0,53.1,5.133333333333332,28.6,25.746666666666666,low,"Monthly aggregate of Open-Meteo daily weather for the airline hub; thresholds are broad aviation-disruption proxies (>=25mm rain, >=40km/h wind, fog codes).  Weather is a risk/execution variable, not an earnings forecast.",2026-08-10T08:21:49.545686+00:00
airline_weather_risk,CAN,Guangzhou Baiyun,2022-12,31,0,0,0,5.0,0.2967741935483871,29.7,17.277419354838706,low,"Monthly aggregate of Open-Meteo daily weather for the airline hub; thresholds are broad aviation-disruption proxies (>=25mm rain, >=40km/h wind, fog codes).  Weather is a risk/execution variable, not an earnings forecast.",2026-08-10T08:21:49.545686+00:00
airline_weather_risk,CAN,Guangzhou Baiyun,2023-01,31,0,0,0,17.7,2.541935483870968,31.3,18.483870967741936,low,"Monthly aggregate of Open-Meteo daily weather for the airline hub; thresholds are broad aviation-disruption proxies (>=25mm rain, >=40km/h wind, fog codes).  Weather is a risk/execution variable, not an earnings forecast.",2026-08-10T08:21:49.545686+00:00
airline_weather_risk,CAN,Guangzhou Baiyun,2023-02,28,0,0,0,20.7,1.75,24.6,22.557142857142853,low,"Monthly aggregate of Open-Meteo daily weather for the airline hub; thresholds are broad aviation-disruption proxies (>=25mm rain, >=40km/h wind, fog codes).  Weather is a risk/execution variable, not an earnings forecast.",2026-08-10T08:21:49.545686+00:00
airline_weather_risk,CAN,Guangzhou Baiyun,2023-03,31,3,0,0,70.5,7.406451612903225,28.8,25.11612903225807,moderate,"Monthly aggregate of Open-Meteo daily weather for the airline hub; thresholds are broad aviation-disruption proxies (>=25mm rain, >=40km/h wind, fog codes).  Weather is a risk/execution variable, not an earnings forecast.",2026-08-10T08:21:49.545686+00:00
airline_weather_risk,CAN,Guangzhou Baiyun,2023-04,30,4,0,0,48.1,8.313333333333333,27.7,26.569999999999997,high,"Monthly aggregate of Open-Meteo daily weather for the airline hub; thresholds are broad aviation-disruption proxies (>=25mm rain, >=40km/h wind, fog codes).  Weather is a risk/execution variable, not an earnings forecast.",2026-08-10T08:21:49.545686+00:00
airline_weather_risk,CAN,Guangzhou Baiyun,2023-05,31,3,0,0,36.7,7.803225806451614,22.7,29.729032258064517,moderate,"Monthly aggregate of Open-Meteo daily weather for the airline hub; thresholds are broad aviation-disruption proxies (>=25mm rain, >=40km/h wind, fog codes).  Weather is a risk/execution variable, not an earnings forecast.",2026-08-10T08:21:49.545686+00:00
airline_weather_risk,CAN,Guangzhou Baiyun,2023-06,30,8,0,0,35.0,14.623333333333331,21.1,31.746666666666666,high,"Monthly aggregate of Open-Meteo daily weather for the airline hub; thresholds are broad aviation-disruption proxies (>=25mm rain, >=40km/h wind, fog codes).  Weather is a risk/execution variable, not an earnings forecast.",2026-08-10T08:21:49.545686+00:00
airline_weather_risk,CAN,Guangzhou Baiyun,2023-07,31,3,0,0,31.9,7.764516129032257,28.2,33.199999999999996,moderate,"Monthly aggregate of Open-Meteo daily weather for the airline hub; thresholds are broad aviation-disruption proxies (>=25mm rain, >=40km/h wind, fog codes).  Weather is a risk/execution variable, not an earnings forecast.",2026-08-10T08:21:49.545686+00:00
airline_weather_risk,CAN,Guangzhou Baiyun,2023-08,31,4,0,0,49.7,11.796774193548389,21.1,31.987096774193553,high,"Monthly aggregate of Open-Meteo daily weather for the airline hub; thresholds are broad aviation-disruption proxies (>=25mm rain, >=40km/h wind, fog codes).  Weather is a risk/execution variable, not an earnings forecast.",2026-08-10T08:21:49.545686+00:00
airline_weather_risk,CAN,Guangzhou Baiyun,2023-09,30,7,0,0,195.6,17.743333333333336,36.3,30.533333333333328,high,"Monthly aggregate of Open-Meteo daily weather for the airline hub; thresholds are broad aviation-disruption proxies (>=25mm rain, >=40km/h wind, fog codes).  Weather is a risk/execution variable, not an earnings forecast.",2026-08-10T08:21:49.545686+00:00
airline_weather_risk,CAN,Guangzhou Baiyun,2023-10,31,1,0,0,62.5,5.209677419354839,27.4,27.774193548387093,low,"Monthly aggregate of Open-Meteo daily weather for the airline hub; thresholds are broad aviation-disruption proxies (>=25mm rain, >=40km/h wind, fog codes).  Weather is a risk/execution variable, not an earnings forecast.",2026-08-10T08:21:49.545686+00:00
airline_weather_risk,CAN,Guangzhou Baiyun,2023-11,30,0,0,0,10.7,0.7233333333333333,26.8,25.373333333333335,low,"Monthly aggregate of Open-Meteo daily weather for the airline hub; thresholds are broad aviation-disruption proxies (>=25mm rain, >=40km/h wind, fog codes).  Weather is a risk/execution variable, not an earnings forecast.",2026-08-10T08:21:49.545686+00:00
airline_weather_risk,CAN,Guangzhou Baiyun,2023-12,31,0,0,0,5.1,0.5419354838709677,33.2,20.51612903225806,low,"Monthly aggregate of Open-Meteo daily weather for the airline hub; thresholds are broad aviation-disruption proxies (>=25mm rain, >=40km/h wind, fog codes).  Weather is a risk/execution variable, not an earnings forecast.",2026-08-10T08:21:49.545686+00:00
airline_weather_risk,CAN,Guangzhou Baiyun,2024-01,31,0,0,0,4.4,0.7709677419354838,28.2,20.41612903225806,low,"Monthly aggregate of Open-Meteo daily weather for the airline hub; thresholds are broad aviation-disruption proxies (>=25mm rain, >=40km/h wind, fog codes).  Weather is a risk/execution variable, not an earnings forecast.",2026-08-10T08:21:49.545686+00:00
airline_weather_risk,CAN,Guangzhou Baiyun,2024-02,29,0,0,0,17.0,1.579310344827586,27.4,20.613793103448277,low,"Monthly aggregate of Open-Meteo daily weather for the airline hub; thresholds are broad aviation-disruption proxies (>=25mm rain, >=40km/h wind, fog codes).  Weather is a risk/execution variable, not an earnings forecast.",2026-08-10T08:21:49.545686+00:00
airline_weather_risk,CAN,Guangzhou Baiyun,2024-03,31,2,0,0,52.5,6.109677419354839,28.3,23.82258064516129,moderate,"Monthly aggregate of Open-Meteo daily weather for the airline hub; thresholds are broad aviation-disruption proxies (>=25mm rain, >=40km/h wind, fog codes).  Weather is a risk/execution variable, not an earnings forecast.",2026-08-10T08:21:49.545686+00:00
airline_weather_risk,CAN,Guangzhou Baiyun,2024-04,30,15,0,0,140.1,36.99333333333334,30.9,28.526666666666664,high,"Monthly aggregate of Open-Meteo daily weather for the airline hub; thresholds are broad aviation-disruption proxies (>=25mm rain, >=40km/h wind, fog codes).  Weather is a risk/execution variable, not an earnings forecast.",2026-08-10T08:21:49.545686+00:00
airline_weather_risk,CAN,Guangzhou Baiyun,2024-05,31,5,0,0,55.7,11.996774193548388,20.7,28.667741935483868,high,"Monthly aggregate of Open-Meteo daily weather for the airline hub; thresholds are broad aviation-disruption proxies (>=25mm rain, >=40km/h wind, fog codes).  Weather is a risk/execution variable, not an earnings forecast.",2026-08-10T08:21:49.545686+00:00
airline_weather_risk,CAN,Guangzhou Baiyun,2024-06,30,7,0,0,90.3,18.203333333333333,23.8,30.676666666666673,high,"Monthly aggregate of Open-Meteo daily weather for the airline hub; thresholds are broad aviation-disruption proxies (>=25mm rain, >=40km/h wind, fog codes).  Weather is a risk/execution variable, not an earnings forecast.",2026-08-10T08:21:49.545686+00:00
airline_weather_risk,CAN,Guangzhou Baiyun,2024-07,31,3,0,0,72.2,10.103225806451613,22.8,32.50322580645162,moderate,"Monthly aggregate of Open-Meteo daily weather for the airline hub; thresholds are broad aviation-disruption proxies (>=25mm rain, >=40km/h wind, fog codes).  Weather is a risk/execution variable, not an earnings forecast.",2026-08-10T08:21:49.545686+00:00
airline_weather_risk,CAN,Guangzhou Baiyun,2024-08,31,5,0,0,39.9,12.303225806451612,19.5,32.00322580645162,high,"Monthly aggregate of Open-Meteo daily weather for the airline hub; thresholds are broad aviation-disruption proxies (>=25mm rain, >=40km/h wind, fog codes).  Weather is a risk/execution variable, not an earnings forecast.",2026-08-10T08:21:49.545686+00:00
airline_weather_risk,CAN,Guangzhou Baiyun,2024-09,30,2,0,0,34.1,8.680000000000001,24.3,31.5,moderate,"Monthly aggregate of Open-Meteo daily weather for the airline hub; thresholds are broad aviation-disruption proxies (>=25mm rain, >=40km/h wind, fog codes).  Weather is a risk/execution variable, not an earnings forecast.",2026-08-10T08:21:49.545686+00:00
airline_weather_risk,CAN,Guangzhou Baiyun,2024-10,31,0,0,0,18.8,1.1451612903225807,27.9,29.0,low,"Monthly aggregate of Open-Meteo daily weather for the airline hub; thresholds are broad aviation-disruption proxies (>=25mm rain, >=40km/h wind, fog codes).  Weather is a risk/execution variable, not an earnings forecast.",2026-08-10T08:21:49.545686+00:00
airline_weather_risk,CAN,Guangzhou Baiyun,2024-11,30,0,0,0,16.2,1.9233333333333333,23.5,25.426666666666666,low,"Monthly aggregate of Open-Meteo daily weather for the airline hub; thresholds are broad aviation-disruption proxies (>=25mm rain, >=40km/h wind, fog codes).  Weather is a risk/execution variable, not an earnings forecast.",2026-08-10T08:21:49.545686+00:00
airline_weather_risk,CAN,Guangzhou Baiyun,2024-12,31,0,0,0,0.6,0.01935483870967742,20.6,20.89354838709677,low,"Monthly aggregate of Open-Meteo daily weather for the airline hub; thresholds are broad aviation-disruption proxies (>=25mm rain, >=40km/h wind, fog codes).  Weather is a risk/execution variable, not an earnings forecast.",2026-08-10T08:21:49.545686+00:00
airline_weather_risk,CAN,Guangzhou Baiyun,2025-01,31,0,0,0,4.0,0.24193548387096775,21.1,21.409677419354832,low,"Monthly aggregate of Open-Meteo daily weather for the airline hub; thresholds are broad aviation-disruption proxies (>=25mm rain, >=40km/h wind, fog codes).  Weather is a risk/execution variable, not an earnings forecast.",2026-08-10T08:21:49.545686+00:00
airline_weather_risk,CAN,Guangzhou Baiyun,2025-02,28,0,0,0,8.5,0.8500000000000002,23.7,20.742857142857137,low,"Monthly aggregate of Open-Meteo daily weather for the airline hub; thresholds are broad aviation-disruption proxies (>=25mm rain, >=40km/h wind, fog codes).  Weather is a risk/execution variable, not an earnings forecast.",2026-08-10T08:21:49.545686+00:00
airline_weather_risk,CAN,Guangzhou Baiyun,2025-03,31,1,0,0,41.8,4.803225806451613,21.9,23.89032258064516,low,"Monthly aggregate of Open-Meteo daily weather for the airline hub; thresholds are broad aviation-disruption proxies (>=25mm rain, >=40km/h wind, fog codes).  Weather is a risk/execution variable, not an earnings forecast.",2026-08-10T08:21:49.545686+00:00
airline_weather_risk,CAN,Guangzhou Baiyun,2025-04,30,2,0,0,33.9,5.14,28.0,28.763333333333335,moderate,"Monthly aggregate of Open-Meteo daily weather for the airline hub; thresholds are broad aviation-disruption proxies (>=25mm rain, >=40km/h wind, fog codes).  Weather is a risk/execution variable, not an earnings forecast.",2026-08-10T08:21:49.545686+00:00
airline_weather_risk,CAN,Guangzhou Baiyun,2025-05,31,8,0,0,40.0,14.37741935483871,20.7,29.170967741935478,high,"Monthly aggregate of Open-Meteo daily weather for the airline hub; thresholds are broad aviation-disruption proxies (>=25mm rain, >=40km/h wind, fog codes).  Weather is a risk/execution variable, not an earnings forecast.",2026-08-10T08:21:49.545686+00:00
airline_weather_risk,CAN,Guangzhou Baiyun,2025-06,30,6,0,0,89.2,16.169999999999998,28.6,31.206666666666663,high,"Monthly aggregate of Open-Meteo daily weather for the airline hub; thresholds are broad aviation-disruption proxies (>=25mm rain, >=40km/h wind, fog codes).  Weather is a risk/execution variable, not an earnings forecast.",2026-08-10T08:21:49.545686+00:00
airline_weather_risk,CAN,Guangzhou Baiyun,2025-07,31,3,0,0,36.4,12.425806451612901,28.8,32.79677419354839,moderate,"Monthly aggregate of Open-Meteo daily weather for the airline hub; thresholds are broad aviation-disruption proxies (>=25mm rain, >=40km/h wind, fog codes).  Weather is a risk/execution variable, not an earnings forecast.",2026-08-10T08:21:49.545686+00:00
airline_weather_risk,CAN,Guangzhou Baiyun,2025-08,31,6,0,0,62.5,11.480645161290322,18.1,32.0516129032258,high,"Monthly aggregate of Open-Meteo daily weather for the airline hub; thresholds are broad aviation-disruption proxies (>=25mm rain, >=40km/h wind, fog codes).  Weather is a risk/execution variable, not an earnings forecast.",2026-08-10T08:21:49.545686+00:00
airline_weather_risk,CAN,Guangzhou Baiyun,2025-09,30,5,0,0,125.2,12.136666666666667,37.2,32.68,high,"Monthly aggregate of Open-Meteo daily weather for the airline hub; thresholds are broad aviation-disruption proxies (>=25mm rain, >=40km/h wind, fog codes).  Weather is a risk/execution variable, not an earnings forecast.",2026-08-10T08:21:49.545686+00:00
airline_weather_risk,CAN,Guangzhou Baiyun,2025-10,31,0,0,0,17.8,1.6870967741935485,27.7,30.761290322580646,low,"Monthly aggregate of Open-Meteo daily weather for the airline hub; thresholds are broad aviation-disruption proxies (>=25mm rain, >=40km/h wind, fog codes).  Weather is a risk/execution variable, not an earnings forecast.",2026-08-10T08:21:49.545686+00:00
airline_weather_risk,CAN,Guangzhou Baiyun,2025-11,30,0,0,0,8.6,0.6366666666666666,25.1,24.203333333333337,low,"Monthly aggregate of Open-Meteo daily weather for the airline hub; thresholds are broad aviation-disruption proxies (>=25mm rain, >=40km/h wind, fog codes).  Weather is a risk/execution variable, not an earnings forecast.",2026-08-10T08:21:49.545686+00:00
airline_weather_risk,CAN,Guangzhou Baiyun,2025-12,31,0,0,0,15.1,0.8677419354838708,24.9,22.500000000000004,low,"Monthly aggregate of Open-Meteo daily weather for the airline hub; thresholds are broad aviation-disruption proxies (>=25mm rain, >=40km/h wind, fog codes).  Weather is a risk/execution variable, not an earnings forecast.",2026-08-10T08:21:49.545686+00:00
airline_weather_risk,CAN,Guangzhou Baiyun,2026-01,31,0,0,0,2.3,0.12580645161290324,20.5,20.067741935483873,low,"Monthly aggregate of Open-Meteo daily weather for the airline hub; thresholds are broad aviation-disruption proxies (>=25mm rain, >=40km/h wind, fog codes).  Weather is a risk/execution variable, not an earnings forecast.",2026-08-10T08:21:49.545686+00:00
airline_weather_risk,CAN,Guangzhou Baiyun,2026-02,28,1,0,0,27.6,2.267857142857143,24.3,23.846428571428568,low,"Monthly aggregate of Open-Meteo daily weather for the airline hub; thresholds are broad aviation-disruption proxies (>=25mm rain, >=40km/h wind, fog codes).  Weather is a risk/execution variable, not an earnings forecast.",2026-08-10T08:21:49.545686+00:00
airline_weather_risk,CAN,Guangzhou Baiyun,2026-03,31,0,0,0,20.5,3.503225806451613,20.0,25.638709677419353,low,"Monthly aggregate of Open-Meteo daily weather for the airline hub; thresholds are broad aviation-disruption proxies (>=25mm rain, >=40km/h wind, fog codes).  Weather is a risk/execution variable, not an earnings forecast.",2026-08-10T08:21:49.545686+00:00
airline_weather_risk,CAN,Guangzhou Baiyun,2026-04,30,3,0,0,37.4,6.173333333333334,23.4,28.683333333333334,moderate,"Monthly aggregate of Open-Meteo daily weather for the airline hub; thresholds are broad aviation-disruption proxies (>=25mm rain, >=40km/h wind, fog codes).  Weather is a risk/execution variable, not an earnings forecast.",2026-08-10T08:21:49.545686+00:00
airline_weather_risk,CAN,Guangzhou Baiyun,2026-05,31,6,0,0,47.8,9.280645161290321,19.7,29.845161290322586,high,"Monthly aggregate of Open-Meteo daily weather for the airline hub; thresholds are broad aviation-disruption proxies (>=25mm rain, >=40km/h wind, fog codes).  Weather is a risk/execution variable, not an earnings forecast.",2026-08-10T08:21:49.545686+00:00
airline_weather_risk,CAN,Guangzhou Baiyun,2026-06,30,7,0,0,66.0,16.166666666666668,22.3,31.64,high,"Monthly aggregate of Open-Meteo daily weather for the airline hub; thresholds are broad aviation-disruption proxies (>=25mm rain, >=40km/h wind, fog codes).  Weather is a risk/execution variable, not an earnings forecast.",2026-08-10T08:21:49.545686+00:00
airline_weather_risk,CAN,Guangzhou Baiyun,2026-07,31,5,0,0,37.3,12.422580645161291,30.3,,high,"Monthly aggregate of Open-Meteo daily weather for the airline hub; thresholds are broad aviation-disruption proxies (>=25mm rain, >=40km/h wind, fog codes).  Weather is a risk/execution variable, not an earnings forecast.",2026-08-10T08:21:49.545686+00:00
airline_weather_risk,CAN,Guangzhou Baiyun,2026-08,12,0,0,0,21.0,4.733333333333333,14.8,,low,"Monthly aggregate of Open-Meteo daily weather for the airline hub; thresholds are broad aviation-disruption proxies (>=25mm rain, >=40km/h wind, fog codes).  Weather is a risk/execution variable, not an earnings forecast.",2026-08-10T08:21:49.545686+00:00
airline_weather_risk,CKG,Chongqing Jiangbei,2020-01,31,0,0,0,8.1,1.4967741935483874,15.5,11.448387096774193,low,"Monthly aggregate of Open-Meteo daily weather for the airline hub; thresholds are broad aviation-disruption proxies (>=25mm rain, >=40km/h wind, fog codes).  Weather is a risk/execution variable, not an earnings forecast.",2026-08-10T08:21:49.545686+00:00
airline_weather_risk,CKG,Chongqing Jiangbei,2020-02,29,0,0,0,22.8,2.36551724137931,17.4,13.810344827586206,low,"Monthly aggregate of Open-Meteo daily weather for the airline hub; thresholds are broad aviation-disruption proxies (>=25mm rain, >=40km/h wind, fog codes).  Weather is a risk/execution variable, not an earnings forecast.",2026-08-10T08:21:49.545686+00:00
airline_weather_risk,CKG,Chongqing Jiangbei,2020-03,31,1,0,0,26.7,2.7354838709677423,18.3,18.5,low,"Monthly aggregate of Open-Meteo daily weather for the airline hub; thresholds are broad aviation-disruption proxies (>=25mm rain, >=40km/h wind, fog codes).  Weather is a risk/execution variable, not an earnings forecast.",2026-08-10T08:21:49.545686+00:00
airline_weather_risk,CKG,Chongqing Jiangbei,2020-04,30,0,0,0,16.4,4.293333333333333,15.0,20.109999999999996,low,"Monthly aggregate of Open-Meteo daily weather for the airline hub; thresholds are broad aviation-disruption proxies (>=25mm rain, >=40km/h wind, fog codes).  Weather is a risk/execution variable, not an earnings forecast.",2026-08-10T08:21:49.545686+00:00
airline_weather_risk,CKG,Chongqing Jiangbei,2020-05,31,1,0,0,27.9,5.641935483870968,23.2,26.719354838709684,low,"Monthly aggregate of Open-Meteo daily weather for the airline hub; thresholds are broad aviation-disruption proxies (>=25mm rain, >=40km/h wind, fog codes).  Weather is a risk/execution variable, not an earnings forecast.",2026-08-10T08:21:49.545686+00:00
airline_weather_risk,CKG,Chongqing Jiangbei,2020-06,30,4,0,0,57.8,8.030000000000001,19.9,28.41333333333333,high,"Monthly aggregate of Open-Meteo daily weather for the airline hub; thresholds are broad aviation-disruption proxies (>=25mm rain, >=40km/h wind, fog codes).  Weather is a risk/execution variable, not an earnings forecast.",2026-08-10T08:21:49.545686+00:00
airline_weather_risk,CKG,Chongqing Jiangbei,2020-07,31,5,0,0,57.2,11.832258064516129,15.6,29.29032258064516,high,"Monthly aggregate of Open-Meteo daily weather for the airline hub; thresholds are broad aviation-disruption proxies (>=25mm rain, >=40km/h wind, fog codes).  Weather is a risk/execution variable, not an earnings forecast.",2026-08-10T08:21:49.545686+00:00
airline_weather_risk,CKG,Chongqing Jiangbei,2020-08,31,0,0,0,7.0,1.0838709677419356,18.9,33.87096774193548,low,"Monthly aggregate of Open-Meteo daily weather for the airline hub; thresholds are broad aviation-disruption proxies (>=25mm rain, >=40km/h wind, fog codes).  Weather is a risk/execution variable, not an earnings forecast.",2026-08-10T08:21:49.545686+00:00
airline_weather_risk,CKG,Chongqing Jiangbei,2020-09,30,1,0,0,30.0,5.7299999999999995,17.1,25.450000000000003,low,"Monthly aggregate of Open-Meteo daily weather for the airline hub; thresholds are broad aviation-disruption proxies (>=25mm rain, >=40km/h wind, fog codes).  Weather is a risk/execution variable, not an earnings forecast.",2026-08-10T08:21:49.545686+00:00
airline_weather_risk,CKG,Chongqing Jiangbei,2020-10,31,0,0,0,21.8,3.7258064516129035,15.3,19.458064516129028,low,"Monthly aggregate of Open-Meteo daily weather for the airline hub; thresholds are broad aviation-disruption proxies (>=25mm rain, >=40km/h wind, fog codes).  Weather is a risk/execution variable, not an earnings forecast.",2026-08-10T08:21:49.545686+00:00
airline_weather_risk,CKG,Chongqing Jiangbei,2020-11,30,0,0,0,21.1,1.783333333333333,15.0,17.19333333333333,low,"Monthly aggregate of Open-Meteo daily weather for the airline hub; thresholds are broad aviation-disruption proxies (>=25mm rain, >=40km/h wind, fog codes).  Weather is a risk/execution variable, not an earnings forecast.",2026-08-10T08:21:49.545686+00:00
airline_weather_risk,CKG,Chongqing Jiangbei,2020-12,31,0,0,0,7.9,0.9064516129032257,15.0,9.429032258064517,low,"Monthly aggregate of Open-Meteo daily weather for the airline hub; thresholds are broad aviation-disruption proxies (>=25mm rain, >=40km/h wind, fog codes).  Weather is a risk/execution variable, not an earnings forecast.",2026-08-10T08:21:49.545686+00:00
airline_weather_risk,CKG,Chongqing Jiangbei,2021-01,31,0,0,0,13.2,1.2064516129032257,17.9,9.648387096774195,low,"Monthly aggregate of Open-Meteo daily weather for the airline hub; thresholds are broad aviation-disruption proxies (>=25mm rain, >=40km/h wind, fog codes).  Weather is a risk/execution variable, not an earnings forecast.",2026-08-10T08:21:49.545686+00:00
airline_weather_risk,CKG,Chongqing Jiangbei,2021-02,28,1,0,0,25.2,2.471428571428571,18.1,16.639285714285712,low,"Monthly aggregate of Open-Meteo daily weather for the airline hub; thresholds are broad aviation-disruption proxies (>=25mm rain, >=40km/h wind, fog codes).  Weather is a risk/execution variable, not an earnings forecast.",2026-08-10T08:21:49.545686+00:00
airline_weather_risk,CKG,Chongqing Jiangbei,2021-03,31,0,0,0,24.2,3.551612903225806,17.4,18.529032258064515,low,"Monthly aggregate of Open-Meteo daily weather for the airline hub; thresholds are broad aviation-disruption proxies (>=25mm rain, >=40km/h wind, fog codes).  Weather is a risk/execution variable, not an earnings forecast.",2026-08-10T08:21:49.545686+00:00
airline_weather_risk,CKG,Chongqing Jiangbei,2021-04,30,1,0,0,26.6,5.016666666666667,14.0,20.436666666666667,low,"Monthly aggregate of Open-Meteo daily weather for the airline hub; thresholds are broad aviation-disruption proxies (>=25mm rain, >=40km/h wind, fog codes).  Weather is a risk/execution variable, not an earnings forecast.",2026-08-10T08:21:49.545686+00:00
airline_weather_risk,CKG,Chongqing Jiangbei,2021-05,31,1,0,0,41.9,5.7225806451612895,17.8,24.696774193548386,low,"Monthly aggregate of Open-Meteo daily weather for the airline hub; thresholds are broad aviation-disruption proxies (>=25mm rain, >=40km/h wind, fog codes).  Weather is a risk/execution variable, not an earnings forecast.",2026-08-10T08:21:49.545686+00:00
airline_weather_risk,CKG,Chongqing Jiangbei,2021-06,30,1,0,0,43.1,4.1433333333333335,16.9,28.71999999999999,low,"Monthly aggregate of Open-Meteo daily weather for the airline hub; thresholds are broad aviation-disruption proxies (>=25mm rain, >=40km/h wind, fog codes).  Weather is a risk/execution variable, not an earnings forecast.",2026-08-10T08:21:49.545686+00:00
airline_weather_risk,CKG,Chongqing Jiangbei,2021-07,31,5,0,0,34.4,8.419354838709678,17.7,30.677419354838708,high,"Monthly aggregate of Open-Meteo daily weather for the airline hub; thresholds are broad aviation-disruption proxies (>=25mm rain, >=40km/h wind, fog codes).  Weather is a risk/execution variable, not an earnings forecast.",2026-08-10T08:21:49.545686+00:00
airline_weather_risk,CKG,Chongqing Jiangbei,2021-08,31,5,0,0,61.7,11.303225806451616,21.7,29.845161290322583,high,"Monthly aggregate of Open-Meteo daily weather for the airline hub; thresholds are broad aviation-disruption proxies (>=25mm rain, >=40km/h wind, fog codes).  Weather is a risk/execution variable, not an earnings forecast.",2026-08-10T08:21:49.545686+00:00
airline_weather_risk,CKG,Chongqing Jiangbei,2021-09,30,3,0,0,40.2,6.283333333333333,16.4,28.826666666666664,moderate,"Monthly aggregate of Open-Meteo daily weather for the airline hub; thresholds are broad aviation-disruption proxies (>=25mm rain, >=40km/h wind, fog codes).  Weather is a risk/execution variable, not an earnings forecast.",2026-08-10T08:21:49.545686+00:00
airline_weather_risk,CKG,Chongqing Jiangbei,2021-10,31,0,0,0,17.8,3.3483870967741933,19.0,21.016129032258064,low,"Monthly aggregate of Open-Meteo daily weather for the airline hub; thresholds are broad aviation-disruption proxies (>=25mm rain, >=40km/h wind, fog codes).  Weather is a risk/execution variable, not an earnings forecast.",2026-08-10T08:21:49.545686+00:00
airline_weather_risk,CKG,Chongqing Jiangbei,2021-11,30,0,0,0,20.1,2.203333333333333,21.9,14.143333333333333,low,"Monthly aggregate of Open-Meteo daily weather for the airline hub; thresholds are broad aviation-disruption proxies (>=25mm rain, >=40km/h wind, fog codes).  Weather is a risk/execution variable, not an earnings forecast.",2026-08-10T08:21:49.545686+00:00
airline_weather_risk,CKG,Chongqing Jiangbei,2021-12,31,0,0,0,7.7,1.0225806451612904,17.2,11.916129032258064,low,"Monthly aggregate of Open-Meteo daily weather for the airline hub; thresholds are broad aviation-disruption proxies (>=25mm rain, >=40km/h wind, fog codes).  Weather is a risk/execution variable, not an earnings forecast.",2026-08-10T08:21:49.545686+00:00
airline_weather_risk,CKG,Chongqing Jiangbei,2022-01,31,0,0,0,16.2,1.6161290322580646,15.3,11.061290322580646,low,"Monthly aggregate of Open-Meteo daily weather for the airline hub; thresholds are broad aviation-disruption proxies (>=25mm rain, >=40km/h wind, fog codes).  Weather is a risk/execution variable, not an earnings forecast.",2026-08-10T08:21:49.545686+00:00
airline_weather_risk,CKG,Chongqing Jiangbei,2022-02,28,0,0,0,11.4,1.5035714285714286,18.8,10.864285714285714,low,"Monthly aggregate of Open-Meteo daily weather for the airline hub; thresholds are broad aviation-disruption proxies (>=25mm rain, >=40km/h wind, fog codes).  Weather is a risk/execution variable, not an earnings forecast.",2026-08-10T08:21:49.545686+00:00
airline_weather_risk,CKG,Chongqing Jiangbei,2022-03,31,2,0,0,31.7,4.751612903225806,22.2,21.287096774193543,moderate,"Monthly aggregate of Open-Meteo daily weather for the airline hub; thresholds are broad aviation-disruption proxies (>=25mm rain, >=40km/h wind, fog codes).  Weather is a risk/execution variable, not an earnings forecast.",2026-08-10T08:21:49.545686+00:00
airline_weather_risk,CKG,Chongqing Jiangbei,2022-04,30,1,0,0,33.8,5.22,29.3,22.35,low,"Monthly aggregate of Open-Meteo daily weather for the airline hub; thresholds are broad aviation-disruption proxies (>=25mm rain, >=40km/h wind, fog codes).  Weather is a risk/execution variable, not an earnings forecast.",2026-08-10T08:21:49.545686+00:00
airline_weather_risk,CKG,Chongqing Jiangbei,2022-05,31,2,0,0,65.0,7.274193548387096,18.9,24.50322580645161,moderate,"Monthly aggregate of Open-Meteo daily weather for the airline hub; thresholds are broad aviation-disruption proxies (>=25mm rain, >=40km/h wind, fog codes).  Weather is a risk/execution variable, not an earnings forecast.",2026-08-10T08:21:49.545686+00:00
airline_weather_risk,CKG,Chongqing Jiangbei,2022-06,30,2,0,0,36.6,5.393333333333333,17.6,29.033333333333335,moderate,"Monthly aggregate of Open-Meteo daily weather for the airline hub; thresholds are broad aviation-disruption proxies (>=25mm rain, >=40km/h wind, fog codes).  Weather is a risk/execution variable, not an earnings forecast.",2026-08-10T08:21:49.545686+00:00
airline_weather_risk,CKG,Chongqing Jiangbei,2022-07,31,1,0,0,26.7,3.3612903225806448,19.9,33.09677419354838,low,"Monthly aggregate of Open-Meteo daily weather for the airline hub; thresholds are broad aviation-disruption proxies (>=25mm rain, >=40km/h wind, fog codes).  Weather is a risk/execution variable, not an earnings forecast.",2026-08-10T08:21:49.545686+00:00
airline_weather_risk,CKG,Chongqing Jiangbei,2022-08,31,0,0,0,5.6,0.4225806451612903,21.9,38.26129032258064,low,"Monthly aggregate of Open-Meteo daily weather for the airline hub; thresholds are broad aviation-disruption proxies (>=25mm rain, >=40km/h wind, fog codes).  Weather is a risk/execution variable, not an earnings forecast.",2026-08-10T08:21:49.545686+00:00
airline_weather_risk,CKG,Chongqing Jiangbei,2022-09,30,1,0,0,33.2,4.91,22.5,27.310000000000002,low,"Monthly aggregate of Open-Meteo daily weather for the airline hub; thresholds are broad aviation-disruption proxies (>=25mm rain, >=40km/h wind, fog codes).  Weather is a risk/execution variable, not an earnings forecast.",2026-08-10T08:21:49.545686+00:00
airline_weather_risk,CKG,Chongqing Jiangbei,2022-10,31,0,0,0,14.6,1.4451612903225806,17.0,22.380645161290325,low,"Monthly aggregate of Open-Meteo daily weather for the airline hub; thresholds are broad aviation-disruption proxies (>=25mm rain, >=40km/h wind, fog codes).  Weather is a risk/execution variable, not an earnings forecast.",2026-08-10T08:21:49.545686+00:00
airline_weather_risk,CKG,Chongqing Jiangbei,2022-11,30,0,0,0,10.1,1.7500000000000002,20.4,19.243333333333336,low,"Monthly aggregate of Open-Meteo daily weather for the airline hub; thresholds are broad aviation-disruption proxies (>=25mm rain, >=40km/h wind, fog codes).  Weather is a risk/execution variable, not an earnings forecast.",2026-08-10T08:21:49.545686+00:00
airline_weather_risk,CKG,Chongqing Jiangbei,2022-12,31,0,0,0,11.5,1.3677419354838707,16.7,10.670967741935485,low,"Monthly aggregate of Open-Meteo daily weather for the airline hub; thresholds are broad aviation-disruption proxies (>=25mm rain, >=40km/h wind, fog codes).  Weather is a risk/execution variable, not an earnings forecast.",2026-08-10T08:21:49.545686+00:00
airline_weather_risk,CKG,Chongqing Jiangbei,2023-01,31,0,0,0,5.6,0.6000000000000001,16.6,10.751612903225805,low,"Monthly aggregate of Open-Meteo daily weather for the airline hub; thresholds are broad aviation-disruption proxies (>=25mm rain, >=40km/h wind, fog codes).  Weather is a risk/execution variable, not an earnings forecast.",2026-08-10T08:21:49.545686+00:00
airline_weather_risk,CKG,Chongqing Jiangbei,2023-02,28,0,0,0,11.4,1.3785714285714286,19.1,14.15,low,"Monthly aggregate of Open-Meteo daily weather for the airline hub; thresholds are broad aviation-disruption proxies (>=25mm rain, >=40km/h wind, fog codes).  Weather is a risk/execution variable, not an earnings forecast.",2026-08-10T08:21:49.545686+00:00
airline_weather_risk,CKG,Chongqing Jiangbei,2023-03,31,1,0,0,25.8,4.754838709677419,17.9,18.16774193548387,low,"Monthly aggregate of Open-Meteo daily weather for the airline hub; thresholds are broad aviation-disruption proxies (>=25mm rain, >=40km/h wind, fog codes).  Weather is a risk/execution variable, not an earnings forecast.",2026-08-10T08:21:49.545686+00:00
airline_weather_risk,CKG,Chongqing Jiangbei,2023-04,30,0,0,0,18.0,4.026666666666666,19.8,23.263333333333332,low,"Monthly aggregate of Open-Meteo daily weather for the airline hub; thresholds are broad aviation-disruption proxies (>=25mm rain, >=40km/h wind, fog codes).  Weather is a risk/execution variable, not an earnings forecast.",2026-08-10T08:21:49.545686+00:00
airline_weather_risk,CKG,Chongqing Jiangbei,2023-05,31,2,0,0,32.6,6.687096774193548,20.2,26.016129032258064,moderate,"Monthly aggregate of Open-Meteo daily weather for the airline hub; thresholds are broad aviation-disruption proxies (>=25mm rain, >=40km/h wind, fog codes).  Weather is a risk/execution variable, not an earnings forecast.",2026-08-10T08:21:49.545686+00:00
airline_weather_risk,CKG,Chongqing Jiangbei,2023-06,30,2,0,0,27.8,8.033333333333333,17.6,27.143333333333334,moderate,"Monthly aggregate of Open-Meteo daily weather for the airline hub; thresholds are broad aviation-disruption proxies (>=25mm rain, >=40km/h wind, fog codes).  Weather is a risk/execution variable, not an earnings forecast.",2026-08-10T08:21:49.545686+00:00
airline_weather_risk,CKG,Chongqing Jiangbei,2023-07,31,7,0,0,72.6,12.825806451612905,19.1,30.961290322580645,high,"Monthly aggregate of Open-Meteo daily weather for the airline hub; thresholds are broad aviation-disruption proxies (>=25mm rain, >=40km/h wind, fog codes).  Weather is a risk/execution variable, not an earnings forecast.",2026-08-10T08:21:49.545686+00:00
airline_weather_risk,CKG,Chongqing Jiangbei,2023-08,31,1,0,0,27.8,5.5451612903225795,17.2,31.109677419354846,low,"Monthly aggregate of Open-Meteo daily weather for the airline hub; thresholds are broad aviation-disruption proxies (>=25mm rain, >=40km/h wind, fog codes).  Weather is a risk/execution variable, not an earnings forecast.",2026-08-10T08:21:49.545686+00:00
airline_weather_risk,CKG,Chongqing Jiangbei,2023-09,30,5,0,0,43.3,7.623333333333333,19.7,28.95666666666667,high,"Monthly aggregate of Open-Meteo daily weather for the airline hub; thresholds are broad aviation-disruption proxies (>=25mm rain, >=40km/h wind, fog codes).  Weather is a risk/execution variable, not an earnings forecast.",2026-08-10T08:21:49.545686+00:00
airline_weather_risk,CKG,Chongqing Jiangbei,2023-10,31,0,0,0,22.2,5.925806451612903,18.3,22.083870967741937,low,"Monthly aggregate of Open-Meteo daily weather for the airline hub; thresholds are broad aviation-disruption proxies (>=25mm rain, >=40km/h wind, fog codes).  Weather is a risk/execution variable, not an earnings forecast.",2026-08-10T08:21:49.545686+00:00
airline_weather_risk,CKG,Chongqing Jiangbei,2023-11,30,0,0,0,21.4,3.38,16.9,18.519999999999996,low,"Monthly aggregate of Open-Meteo daily weather for the airline hub; thresholds are broad aviation-disruption proxies (>=25mm rain, >=40km/h wind, fog codes).  Weather is a risk/execution variable, not an earnings forecast.",2026-08-10T08:21:49.545686+00:00
airline_weather_risk,CKG,Chongqing Jiangbei,2023-12,31,0,0,0,4.4,0.5225806451612903,23.9,12.603225806451613,low,"Monthly aggregate of Open-Meteo daily weather for the airline hub; thresholds are broad aviation-disruption proxies (>=25mm rain, >=40km/h wind, fog codes).  Weather is a risk/execution variable, not an earnings forecast.",2026-08-10T08:21:49.545686+00:00
airline_weather_risk,CKG,Chongqing Jiangbei,2024-01,31,0,0,0,14.4,2.170967741935484,15.8,12.100000000000003,low,"Monthly aggregate of Open-Meteo daily weather for the airline hub; thresholds are broad aviation-disruption proxies (>=25mm rain, >=40km/h wind, fog codes).  Weather is a risk/execution variable, not an earnings forecast.",2026-08-10T08:21:49.545686+00:00
airline_weather_risk,CKG,Chongqing Jiangbei,2024-02,29,0,0,0,5.8,1.013793103448276,18.9,13.12413793103448,low,"Monthly aggregate of Open-Meteo daily weather for the airline hub; thresholds are broad aviation-disruption proxies (>=25mm rain, >=40km/h wind, fog codes).  Weather is a risk/execution variable, not an earnings forecast.",2026-08-10T08:21:49.545686+00:00
airline_weather_risk,CKG,Chongqing Jiangbei,2024-03,31,0,0,0,9.8,1.903225806451613,24.6,19.32903225806452,low,"Monthly aggregate of Open-Meteo daily weather for the airline hub; thresholds are broad aviation-disruption proxies (>=25mm rain, >=40km/h wind, fog codes).  Weather is a risk/execution variable, not an earnings forecast.",2026-08-10T08:21:49.545686+00:00
airline_weather_risk,CKG,Chongqing Jiangbei,2024-04,30,3,0,0,64.3,10.639999999999999,21.0,23.716666666666665,moderate,"Monthly aggregate of Open-Meteo daily weather for the airline hub; thresholds are broad aviation-disruption proxies (>=25mm rain, >=40km/h wind, fog codes).  Weather is a risk/execution variable, not an earnings forecast.",2026-08-10T08:21:49.545686+00:00
airline_weather_risk,CKG,Chongqing Jiangbei,2024-05,31,2,0,0,27.5,5.541935483870969,28.2,26.00322580645161,moderate,"Monthly aggregate of Open-Meteo daily weather for the airline hub; thresholds are broad aviation-disruption proxies (>=25mm rain, >=40km/h wind, fog codes).  Weather is a risk/execution variable, not an earnings forecast.",2026-08-10T08:21:49.545686+00:00
airline_weather_risk,CKG,Chongqing Jiangbei,2024-06,30,1,0,0,78.4,6.150000000000001,18.8,27.399999999999995,low,"Monthly aggregate of Open-Meteo daily weather for the airline hub; thresholds are broad aviation-disruption proxies (>=25mm rain, >=40km/h wind, fog codes).  Weather is a risk/execution variable, not an earnings forecast.",2026-08-10T08:21:49.545686+00:00
airline_weather_risk,CKG,Chongqing Jiangbei,2024-07,31,2,0,0,43.3,6.425806451612903,20.2,31.81935483870968,moderate,"Monthly aggregate of Open-Meteo daily weather for the airline hub; thresholds are broad aviation-disruption proxies (>=25mm rain, >=40km/h wind, fog codes).  Weather is a risk/execution variable, not an earnings forecast.",2026-08-10T08:21:49.545686+00:00
airline_weather_risk,CKG,Chongqing Jiangbei,2024-08,31,0,0,0,16.6,1.6096774193548389,19.1,35.67419354838711,low,"Monthly aggregate of Open-Meteo daily weather for the airline hub; thresholds are broad aviation-disruption proxies (>=25mm rain, >=40km/h wind, fog codes).  Weather is a risk/execution variable, not an earnings forecast.",2026-08-10T08:21:49.545686+00:00
airline_weather_risk,CKG,Chongqing Jiangbei,2024-09,30,1,0,0,36.3,1.813333333333333,25.3,35.30333333333333,low,"Monthly aggregate of Open-Meteo daily weather for the airline hub; thresholds are broad aviation-disruption proxies (>=25mm rain, >=40km/h wind, fog codes).  Weather is a risk/execution variable, not an earnings forecast.",2026-08-10T08:21:49.545686+00:00
airline_weather_risk,CKG,Chongqing Jiangbei,2024-10,31,1,0,0,41.5,4.32258064516129,16.6,21.574193548387093,low,"Monthly aggregate of Open-Meteo daily weather for the airline hub; thresholds are broad aviation-disruption proxies (>=25mm rain, >=40km/h wind, fog codes).  Weather is a risk/execution variable, not an earnings forecast.",2026-08-10T08:21:49.545686+00:00
airline_weather_risk,CKG,Chongqing Jiangbei,2024-11,30,0,0,0,13.4,3.173333333333333,21.0,17.096666666666668,low,"Monthly aggregate of Open-Meteo daily weather for the airline hub; thresholds are broad aviation-disruption proxies (>=25mm rain, >=40km/h wind, fog codes).  Weather is a risk/execution variable, not an earnings forecast.",2026-08-10T08:21:49.545686+00:00
airline_weather_risk,CKG,Chongqing Jiangbei,2024-12,31,0,0,0,6.7,1.0870967741935487,13.6,11.067741935483873,low,"Monthly aggregate of Open-Meteo daily weather for the airline hub; thresholds are broad aviation-disruption proxies (>=25mm rain, >=40km/h wind, fog codes).  Weather is a risk/execution variable, not an earnings forecast.",2026-08-10T08:21:49.545686+00:00
airline_weather_risk,CKG,Chongqing Jiangbei,2025-01,31,0,0,0,14.4,1.9741935483870972,17.6,11.725806451612904,low,"Monthly aggregate of Open-Meteo daily weather for the airline hub; thresholds are broad aviation-disruption proxies (>=25mm rain, >=40km/h wind, fog codes).  Weather is a risk/execution variable, not an earnings forecast.",2026-08-10T08:21:49.545686+00:00
airline_weather_risk,CKG,Chongqing Jiangbei,2025-02,28,0,0,0,8.3,1.707142857142857,15.5,12.107142857142858,low,"Monthly aggregate of Open-Meteo daily weather for the airline hub; thresholds are broad aviation-disruption proxies (>=25mm rain, >=40km/h wind, fog codes).  Weather is a risk/execution variable, not an earnings forecast.",2026-08-10T08:21:49.545686+00:00
airline_weather_risk,CKG,Chongqing Jiangbei,2025-03,31,0,0,0,12.3,2.5870967741935487,21.8,16.60322580645161,low,"Monthly aggregate of Open-Meteo daily weather for the airline hub; thresholds are broad aviation-disruption proxies (>=25mm rain, >=40km/h wind, fog codes).  Weather is a risk/execution variable, not an earnings forecast.",2026-08-10T08:21:49.545686+00:00
airline_weather_risk,CKG,Chongqing Jiangbei,2025-04,30,2,0,0,52.0,5.05,29.7,23.860000000000003,moderate,"Monthly aggregate of Open-Meteo daily weather for the airline hub; thresholds are broad aviation-disruption proxies (>=25mm rain, >=40km/h wind, fog codes).  Weather is a risk/execution variable, not an earnings forecast.",2026-08-10T08:21:49.545686+00:00
airline_weather_risk,CKG,Chongqing Jiangbei,2025-05,31,2,0,0,44.0,4.919354838709676,17.9,26.580645161290317,moderate,"Monthly aggregate of Open-Meteo daily weather for the airline hub; thresholds are broad aviation-disruption proxies (>=25mm rain, >=40km/h wind, fog codes).  Weather is a risk/execution variable, not an earnings forecast.",2026-08-10T08:21:49.545686+00:00
airline_weather_risk,CKG,Chongqing Jiangbei,2025-06,30,2,0,0,33.3,5.173333333333333,18.0,29.10333333333332,moderate,"Monthly aggregate of Open-Meteo daily weather for the airline hub; thresholds are broad aviation-disruption proxies (>=25mm rain, >=40km/h wind, fog codes).  Weather is a risk/execution variable, not an earnings forecast.",2026-08-10T08:21:49.545686+00:00
airline_weather_risk,CKG,Chongqing Jiangbei,2025-07,31,4,0,0,49.1,7.145161290322581,19.0,33.2,high,"Monthly aggregate of Open-Meteo daily weather for the airline hub; thresholds are broad aviation-disruption proxies (>=25mm rain, >=40km/h wind, fog codes).  Weather is a risk/execution variable, not an earnings forecast.",2026-08-10T08:21:49.545686+00:00
airline_weather_risk,CKG,Chongqing Jiangbei,2025-08,31,2,0,0,39.1,4.854838709677419,19.6,34.54516129032258,moderate,"Monthly aggregate of Open-Meteo daily weather for the airline hub; thresholds are broad aviation-disruption proxies (>=25mm rain, >=40km/h wind, fog codes).  Weather is a risk/execution variable, not an earnings forecast.",2026-08-10T08:21:49.545686+00:00
airline_weather_risk,CKG,Chongqing Jiangbei,2025-09,30,3,0,0,31.1,6.4399999999999995,20.7,29.37,moderate,"Monthly aggregate of Open-Meteo daily weather for the airline hub; thresholds are broad aviation-disruption proxies (>=25mm rain, >=40km/h wind, fog codes).  Weather is a risk/execution variable, not an earnings forecast.",2026-08-10T08:21:49.545686+00:00
airline_weather_risk,CKG,Chongqing Jiangbei,2025-10,31,3,0,0,59.2,7.861290322580644,19.4,23.761290322580646,moderate,"Monthly aggregate of Open-Meteo daily weather for the airline hub; thresholds are broad aviation-disruption proxies (>=25mm rain, >=40km/h wind, fog codes).  Weather is a risk/execution variable, not an earnings forecast.",2026-08-10T08:21:49.545686+00:00
airline_weather_risk,CKG,Chongqing Jiangbei,2025-11,30,0,0,0,16.7,2.36,20.8,16.366666666666667,low,"Monthly aggregate of Open-Meteo daily weather for the airline hub; thresholds are broad aviation-disruption proxies (>=25mm rain, >=40km/h wind, fog codes).  Weather is a risk/execution variable, not an earnings forecast.",2026-08-10T08:21:49.545686+00:00
airline_weather_risk,CKG,Chongqing Jiangbei,2025-12,31,0,0,0,13.6,1.6612903225806452,16.9,13.090322580645163,low,"Monthly aggregate of Open-Meteo daily weather for the airline hub; thresholds are broad aviation-disruption proxies (>=25mm rain, >=40km/h wind, fog codes).  Weather is a risk/execution variable, not an earnings forecast.",2026-08-10T08:21:49.545686+00:00
airline_weather_risk,CKG,Chongqing Jiangbei,2026-01,31,0,0,0,9.7,1.2129032258064516,15.3,11.519354838709678,low,"Monthly aggregate of Open-Meteo daily weather for the airline hub; thresholds are broad aviation-disruption proxies (>=25mm rain, >=40km/h wind, fog codes).  Weather is a risk/execution variable, not an earnings forecast.",2026-08-10T08:21:49.545686+00:00
airline_weather_risk,CKG,Chongqing Jiangbei,2026-02,28,0,0,0,16.3,1.4250000000000003,16.8,16.08214285714286,low,"Monthly aggregate of Open-Meteo daily weather for the airline hub; thresholds are broad aviation-disruption proxies (>=25mm rain, >=40km/h wind, fog codes).  Weather is a risk/execution variable, not an earnings forecast.",2026-08-10T08:21:49.545686+00:00
airline_weather_risk,CKG,Chongqing Jiangbei,2026-03,31,0,0,0,12.0,4.2225806451612895,20.3,18.02258064516129,low,"Monthly aggregate of Open-Meteo daily weather for the airline hub; thresholds are broad aviation-disruption proxies (>=25mm rain, >=40km/h wind, fog codes).  Weather is a risk/execution variable, not an earnings forecast.",2026-08-10T08:21:49.545686+00:00
airline_weather_risk,CKG,Chongqing Jiangbei,2026-04,30,1,0,0,30.2,7.02,19.5,22.876666666666665,low,"Monthly aggregate of Open-Meteo daily weather for the airline hub; thresholds are broad aviation-disruption proxies (>=25mm rain, >=40km/h wind, fog codes).  Weather is a risk/execution variable, not an earnings forecast.",2026-08-10T08:21:49.545686+00:00
airline_weather_risk,CKG,Chongqing Jiangbei,2026-05,31,3,0,0,49.6,8.458064516129031,18.3,26.261290322580642,moderate,"Monthly aggregate of Open-Meteo daily weather for the airline hub; thresholds are broad aviation-disruption proxies (>=25mm rain, >=40km/h wind, fog codes).  Weather is a risk/execution variable, not an earnings forecast.",2026-08-10T08:21:49.545686+00:00
airline_weather_risk,CKG,Chongqing Jiangbei,2026-06,30,3,0,0,34.1,7.569999999999999,18.9,26.66,moderate,"Monthly aggregate of Open-Meteo daily weather for the airline hub; thresholds are broad aviation-disruption proxies (>=25mm rain, >=40km/h wind, fog codes).  Weather is a risk/execution variable, not an earnings forecast.",2026-08-10T08:21:49.545686+00:00
airline_weather_risk,CKG,Chongqing Jiangbei,2026-07,31,1,0,0,31.0,2.119354838709678,18.1,,low,"Monthly aggregate of Open-Meteo daily weather for the airline hub; thresholds are broad aviation-disruption proxies (>=25mm rain, >=40km/h wind, fog codes).  Weather is a risk/execution variable, not an earnings forecast.",2026-08-10T08:21:49.545686+00:00
airline_weather_risk,CKG,Chongqing Jiangbei,2026-08,12,2,0,0,27.3,10.125,22.8,,moderate,"Monthly aggregate of Open-Meteo daily weather for the airline hub; thresholds are broad aviation-disruption proxies (>=25mm rain, >=40km/h wind, fog codes).  Weather is a risk/execution variable, not an earnings forecast.",2026-08-10T08:21:49.545686+00:00
airline_weather_risk,CTU,Chengdu Shuangliu,2020-01,31,0,0,0,3.7,0.6516129032258066,22.4,10.716129032258063,low,"Monthly aggregate of Open-Meteo daily weather for the airline hub; thresholds are broad aviation-disruption proxies (>=25mm rain, >=40km/h wind, fog codes).  Weather is a risk/execution variable, not an earnings forecast.",2026-08-10T08:21:49.545686+00:00
airline_weather_risk,CTU,Chengdu Shuangliu,2020-02,29,0,0,0,3.1,0.5448275862068965,22.7,14.286206896551725,low,"Monthly aggregate of Open-Meteo daily weather for the airline hub; thresholds are broad aviation-disruption proxies (>=25mm rain, >=40km/h wind, fog codes).  Weather is a risk/execution variable, not an earnings forecast.",2026-08-10T08:21:49.545686+00:00
airline_weather_risk,CTU,Chengdu Shuangliu,2020-03,31,0,0,0,11.1,1.432258064516129,30.7,19.383870967741935,low,"Monthly aggregate of Open-Meteo daily weather for the airline hub; thresholds are broad aviation-disruption proxies (>=25mm rain, >=40km/h wind, fog codes).  Weather is a risk/execution variable, not an earnings forecast.",2026-08-10T08:21:49.545686+00:00
airline_weather_risk,CTU,Chengdu Shuangliu,2020-04,30,0,0,0,13.7,1.1366666666666667,21.1,22.746666666666666,low,"Monthly aggregate of Open-Meteo daily weather for the airline hub; thresholds are broad aviation-disruption proxies (>=25mm rain, >=40km/h wind, fog codes).  Weather is a risk/execution variable, not an earnings forecast.",2026-08-10T08:21:49.545686+00:00
airline_weather_risk,CTU,Chengdu Shuangliu,2020-05,31,0,0,0,17.5,2.487096774193548,27.5,30.029032258064518,low,"Monthly aggregate of Open-Meteo daily weather for the airline hub; thresholds are broad aviation-disruption proxies (>=25mm rain, >=40km/h wind, fog codes).  Weather is a risk/execution variable, not an earnings forecast.",2026-08-10T08:21:49.545686+00:00
airline_weather_risk,CTU,Chengdu Shuangliu,2020-06,30,0,0,0,20.9,2.5266666666666664,28.7,31.066666666666666,low,"Monthly aggregate of Open-Meteo daily weather for the airline hub; thresholds are broad aviation-disruption proxies (>=25mm rain, >=40km/h wind, fog codes).  Weather is a risk/execution variable, not an earnings forecast.",2026-08-10T08:21:49.545686+00:00
airline_weather_risk,CTU,Chengdu Shuangliu,2020-07,31,4,0,0,51.7,8.03225806451613,26.7,29.35483870967742,high,"Monthly aggregate of Open-Meteo daily weather for the airline hub; thresholds are broad aviation-disruption proxies (>=25mm rain, >=40km/h wind, fog codes).  Weather is a risk/execution variable, not an earnings forecast.",2026-08-10T08:21:49.545686+00:00
airline_weather_risk,CTU,Chengdu Shuangliu,2020-08,31,7,0,0,193.2,27.341935483870973,39.6,28.625806451612902,high,"Monthly aggregate of Open-Meteo daily weather for the airline hub; thresholds are broad aviation-disruption proxies (>=25mm rain, >=40km/h wind, fog codes).  Weather is a risk/execution variable, not an earnings forecast.",2026-08-10T08:21:49.545686+00:00
airline_weather_risk,CTU,Chengdu Shuangliu,2020-09,30,0,0,0,15.9,3.3699999999999997,18.2,25.04,low,"Monthly aggregate of Open-Meteo daily weather for the airline hub; thresholds are broad aviation-disruption proxies (>=25mm rain, >=40km/h wind, fog codes).  Weather is a risk/execution variable, not an earnings forecast.",2026-08-10T08:21:49.545686+00:00
airline_weather_risk,CTU,Chengdu Shuangliu,2020-10,31,0,0,0,6.2,1.3096774193548393,22.0,19.690322580645166,low,"Monthly aggregate of Open-Meteo daily weather for the airline hub; thresholds are broad aviation-disruption proxies (>=25mm rain, >=40km/h wind, fog codes).  Weather is a risk/execution variable, not an earnings forecast.",2026-08-10T08:21:49.545686+00:00
airline_weather_risk,CTU,Chengdu Shuangliu,2020-11,30,0,0,0,3.0,0.36333333333333334,20.0,16.833333333333332,low,"Monthly aggregate of Open-Meteo daily weather for the airline hub; thresholds are broad aviation-disruption proxies (>=25mm rain, >=40km/h wind, fog codes).  Weather is a risk/execution variable, not an earnings forecast.",2026-08-10T08:21:49.545686+00:00
airline_weather_risk,CTU,Chengdu Shuangliu,2020-12,31,0,0,0,6.3,1.1322580645161293,23.8,8.964516129032255,low,"Monthly aggregate of Open-Meteo daily weather for the airline hub; thresholds are broad aviation-disruption proxies (>=25mm rain, >=40km/h wind, fog codes).  Weather is a risk/execution variable, not an earnings forecast.",2026-08-10T08:21:49.545686+00:00
airline_weather_risk,CTU,Chengdu Shuangliu,2021-01,31,0,0,0,3.7,0.4935483870967741,22.3,9.91935483870968,low,"Monthly aggregate of Open-Meteo daily weather for the airline hub; thresholds are broad aviation-disruption proxies (>=25mm rain, >=40km/h wind, fog codes).  Weather is a risk/execution variable, not an earnings forecast.",2026-08-10T08:21:49.545686+00:00
airline_weather_risk,CTU,Chengdu Shuangliu,2021-02,28,0,0,0,5.6,0.7321428571428571,24.2,17.239285714285714,low,"Monthly aggregate of Open-Meteo daily weather for the airline hub; thresholds are broad aviation-disruption proxies (>=25mm rain, >=40km/h wind, fog codes).  Weather is a risk/execution variable, not an earnings forecast.",2026-08-10T08:21:49.545686+00:00
airline_weather_risk,CTU,Chengdu Shuangliu,2021-03,31,0,0,0,8.2,1.4870967741935481,21.5,19.283870967741933,low,"Monthly aggregate of Open-Meteo daily weather for the airline hub; thresholds are broad aviation-disruption proxies (>=25mm rain, >=40km/h wind, fog codes).  Weather is a risk/execution variable, not an earnings forecast.",2026-08-10T08:21:49.545686+00:00
airline_weather_risk,CTU,Chengdu Shuangliu,2021-04,30,0,0,0,8.3,2.0533333333333332,22.7,20.989999999999995,low,"Monthly aggregate of Open-Meteo daily weather for the airline hub; thresholds are broad aviation-disruption proxies (>=25mm rain, >=40km/h wind, fog codes).  Weather is a risk/execution variable, not an earnings forecast.",2026-08-10T08:21:49.545686+00:00
airline_weather_risk,CTU,Chengdu Shuangliu,2021-05,31,0,0,0,21.1,3.890322580645161,22.4,26.041935483870965,low,"Monthly aggregate of Open-Meteo daily weather for the airline hub; thresholds are broad aviation-disruption proxies (>=25mm rain, >=40km/h wind, fog codes).  Weather is a risk/execution variable, not an earnings forecast.",2026-08-10T08:21:49.545686+00:00
airline_weather_risk,CTU,Chengdu Shuangliu,2021-06,30,1,0,0,44.7,3.1800000000000006,26.5,29.096666666666668,low,"Monthly aggregate of Open-Meteo daily weather for the airline hub; thresholds are broad aviation-disruption proxies (>=25mm rain, >=40km/h wind, fog codes).  Weather is a risk/execution variable, not an earnings forecast.",2026-08-10T08:21:49.545686+00:00
airline_weather_risk,CTU,Chengdu Shuangliu,2021-07,31,2,0,0,84.3,9.341935483870968,24.3,30.274193548387093,moderate,"Monthly aggregate of Open-Meteo daily weather for the airline hub; thresholds are broad aviation-disruption proxies (>=25mm rain, >=40km/h wind, fog codes).  Weather is a risk/execution variable, not an earnings forecast.",2026-08-10T08:21:49.545686+00:00
airline_weather_risk,CTU,Chengdu Shuangliu,2021-08,31,4,0,0,66.8,9.793548387096774,31.8,28.677419354838708,high,"Monthly aggregate of Open-Meteo daily weather for the airline hub; thresholds are broad aviation-disruption proxies (>=25mm rain, >=40km/h wind, fog codes).  Weather is a risk/execution variable, not an earnings forecast.",2026-08-10T08:21:49.545686+00:00
airline_weather_risk,CTU,Chengdu Shuangliu,2021-09,30,2,0,0,39.6,5.326666666666666,28.2,27.45666666666667,moderate,"Monthly aggregate of Open-Meteo daily weather for the airline hub; thresholds are broad aviation-disruption proxies (>=25mm rain, >=40km/h wind, fog codes).  Weather is a risk/execution variable, not an earnings forecast.",2026-08-10T08:21:49.545686+00:00
airline_weather_risk,CTU,Chengdu Shuangliu,2021-10,31,1,0,0,27.6,3.322580645161291,31.2,19.68064516129032,low,"Monthly aggregate of Open-Meteo daily weather for the airline hub; thresholds are broad aviation-disruption proxies (>=25mm rain, >=40km/h wind, fog codes).  Weather is a risk/execution variable, not an earnings forecast.",2026-08-10T08:21:49.545686+00:00
airline_weather_risk,CTU,Chengdu Shuangliu,2021-11,30,0,0,0,5.5,0.6500000000000001,32.9,14.590000000000002,low,"Monthly aggregate of Open-Meteo daily weather for the airline hub; thresholds are broad aviation-disruption proxies (>=25mm rain, >=40km/h wind, fog codes).  Weather is a risk/execution variable, not an earnings forecast.",2026-08-10T08:21:49.545686+00:00
airline_weather_risk,CTU,Chengdu Shuangliu,2021-12,31,0,0,0,4.1,0.5354838709677419,27.4,11.82258064516129,low,"Monthly aggregate of Open-Meteo daily weather for the airline hub; thresholds are broad aviation-disruption proxies (>=25mm rain, >=40km/h wind, fog codes).  Weather is a risk/execution variable, not an earnings forecast.",2026-08-10T08:21:49.545686+00:00
airline_weather_risk,CTU,Chengdu Shuangliu,2022-01,31,0,0,0,4.8,0.9516129032258066,20.7,10.700000000000003,low,"Monthly aggregate of Open-Meteo daily weather for the airline hub; thresholds are broad aviation-disruption proxies (>=25mm rain, >=40km/h wind, fog codes).  Weather is a risk/execution variable, not an earnings forecast.",2026-08-10T08:21:49.545686+00:00
airline_weather_risk,CTU,Chengdu Shuangliu,2022-02,28,0,0,0,5.9,1.6928571428571426,17.7,9.846428571428572,low,"Monthly aggregate of Open-Meteo daily weather for the airline hub; thresholds are broad aviation-disruption proxies (>=25mm rain, >=40km/h wind, fog codes).  Weather is a risk/execution variable, not an earnings forecast.",2026-08-10T08:21:49.545686+00:00
airline_weather_risk,CTU,Chengdu Shuangliu,2022-03,31,0,0,0,10.1,1.6677419354838707,28.4,21.138709677419353,low,"Monthly aggregate of Open-Meteo daily weather for the airline hub; thresholds are broad aviation-disruption proxies (>=25mm rain, >=40km/h wind, fog codes).  Weather is a risk/execution variable, not an earnings forecast.",2026-08-10T08:21:49.545686+00:00
airline_weather_risk,CTU,Chengdu Shuangliu,2022-04,30,2,0,0,33.6,4.959999999999999,30.3,22.319999999999997,moderate,"Monthly aggregate of Open-Meteo daily weather for the airline hub; thresholds are broad aviation-disruption proxies (>=25mm rain, >=40km/h wind, fog codes).  Weather is a risk/execution variable, not an earnings forecast.",2026-08-10T08:21:49.545686+00:00
airline_weather_risk,CTU,Chengdu Shuangliu,2022-05,31,1,0,0,56.7,6.051612903225806,28.9,24.796774193548387,low,"Monthly aggregate of Open-Meteo daily weather for the airline hub; thresholds are broad aviation-disruption proxies (>=25mm rain, >=40km/h wind, fog codes).  Weather is a risk/execution variable, not an earnings forecast.",2026-08-10T08:21:49.545686+00:00
airline_weather_risk,CTU,Chengdu Shuangliu,2022-06,30,3,0,0,58.4,7.1866666666666665,24.0,29.123333333333335,moderate,"Monthly aggregate of Open-Meteo daily weather for the airline hub; thresholds are broad aviation-disruption proxies (>=25mm rain, >=40km/h wind, fog codes).  Weather is a risk/execution variable, not an earnings forecast.",2026-08-10T08:21:49.545686+00:00
airline_weather_risk,CTU,Chengdu Shuangliu,2022-07,31,3,0,0,31.4,4.267741935483871,27.6,32.31612903225806,moderate,"Monthly aggregate of Open-Meteo daily weather for the airline hub; thresholds are broad aviation-disruption proxies (>=25mm rain, >=40km/h wind, fog codes).  Weather is a risk/execution variable, not an earnings forecast.",2026-08-10T08:21:49.545686+00:00
airline_weather_risk,CTU,Chengdu Shuangliu,2022-08,31,1,0,0,26.1,2.8806451612903228,31.2,34.91612903225807,low,"Monthly aggregate of Open-Meteo daily weather for the airline hub; thresholds are broad aviation-disruption proxies (>=25mm rain, >=40km/h wind, fog codes).  Weather is a risk/execution variable, not an earnings forecast.",2026-08-10T08:21:49.545686+00:00
airline_weather_risk,CTU,Chengdu Shuangliu,2022-09,30,0,0,0,14.3,2.8900000000000006,23.4,26.036666666666665,low,"Monthly aggregate of Open-Meteo daily weather for the airline hub; thresholds are broad aviation-disruption proxies (>=25mm rain, >=40km/h wind, fog codes).  Weather is a risk/execution variable, not an earnings forecast.",2026-08-10T08:21:49.545686+00:00
airline_weather_risk,CTU,Chengdu Shuangliu,2022-10,31,0,0,0,7.4,1.438709677419355,20.9,21.800000000000004,low,"Monthly aggregate of Open-Meteo daily weather for the airline hub; thresholds are broad aviation-disruption proxies (>=25mm rain, >=40km/h wind, fog codes).  Weather is a risk/execution variable, not an earnings forecast.",2026-08-10T08:21:49.545686+00:00
airline_weather_risk,CTU,Chengdu Shuangliu,2022-11,30,0,0,0,5.9,0.6466666666666667,25.3,18.573333333333334,low,"Monthly aggregate of Open-Meteo daily weather for the airline hub; thresholds are broad aviation-disruption proxies (>=25mm rain, >=40km/h wind, fog codes).  Weather is a risk/execution variable, not an earnings forecast.",2026-08-10T08:21:49.545686+00:00
airline_weather_risk,CTU,Chengdu Shuangliu,2022-12,31,0,0,0,3.7,0.29677419354838713,22.3,10.551612903225807,low,"Monthly aggregate of Open-Meteo daily weather for the airline hub; thresholds are broad aviation-disruption proxies (>=25mm rain, >=40km/h wind, fog codes).  Weather is a risk/execution variable, not an earnings forecast.",2026-08-10T08:21:49.545686+00:00
airline_weather_risk,CTU,Chengdu Shuangliu,2023-01,31,0,0,0,0.7,0.08387096774193548,21.4,11.361290322580643,low,"Monthly aggregate of Open-Meteo daily weather for the airline hub; thresholds are broad aviation-disruption proxies (>=25mm rain, >=40km/h wind, fog codes).  Weather is a risk/execution variable, not an earnings forecast.",2026-08-10T08:21:49.545686+00:00
airline_weather_risk,CTU,Chengdu Shuangliu,2023-02,28,0,0,0,6.1,1.0214285714285716,22.1,14.185714285714287,low,"Monthly aggregate of Open-Meteo daily weather for the airline hub; thresholds are broad aviation-disruption proxies (>=25mm rain, >=40km/h wind, fog codes).  Weather is a risk/execution variable, not an earnings forecast.",2026-08-10T08:21:49.545686+00:00
airline_weather_risk,CTU,Chengdu Shuangliu,2023-03,31,0,0,0,5.1,1.3806451612903228,37.0,19.206451612903226,low,"Monthly aggregate of Open-Meteo daily weather for the airline hub; thresholds are broad aviation-disruption proxies (>=25mm rain, >=40km/h wind, fog codes).  Weather is a risk/execution variable, not an earnings forecast.",2026-08-10T08:21:49.545686+00:00
airline_weather_risk,CTU,Chengdu Shuangliu,2023-04,30,1,0,0,30.7,3.8066666666666666,29.7,24.480000000000004,low,"Monthly aggregate of Open-Meteo daily weather for the airline hub; thresholds are broad aviation-disruption proxies (>=25mm rain, >=40km/h wind, fog codes).  Weather is a risk/execution variable, not an earnings forecast.",2026-08-10T08:21:49.545686+00:00
airline_weather_risk,CTU,Chengdu Shuangliu,2023-05,31,0,0,0,6.8,1.4806451612903226,28.3,27.090322580645164,low,"Monthly aggregate of Open-Meteo daily weather for the airline hub; thresholds are broad aviation-disruption proxies (>=25mm rain, >=40km/h wind, fog codes).  Weather is a risk/execution variable, not an earnings forecast.",2026-08-10T08:21:49.545686+00:00
airline_weather_risk,CTU,Chengdu Shuangliu,2023-06,30,0,0,0,10.5,1.1166666666666665,23.8,31.643333333333327,low,"Monthly aggregate of Open-Meteo daily weather for the airline hub; thresholds are broad aviation-disruption proxies (>=25mm rain, >=40km/h wind, fog codes).  Weather is a risk/execution variable, not an earnings forecast.",2026-08-10T08:21:49.545686+00:00
airline_weather_risk,CTU,Chengdu Shuangliu,2023-07,31,3,0,0,97.6,8.7,32.7,32.148387096774194,moderate,"Monthly aggregate of Open-Meteo daily weather for the airline hub; thresholds are broad aviation-disruption proxies (>=25mm rain, >=40km/h wind, fog codes).  Weather is a risk/execution variable, not an earnings forecast.",2026-08-10T08:21:49.545686+00:00
airline_weather_risk,CTU,Chengdu Shuangliu,2023-08,31,3,0,0,28.1,8.62258064516129,24.0,29.92258064516129,moderate,"Monthly aggregate of Open-Meteo daily weather for the airline hub; thresholds are broad aviation-disruption proxies (>=25mm rain, >=40km/h wind, fog codes).  Weather is a risk/execution variable, not an earnings forecast.",2026-08-10T08:21:49.545686+00:00
airline_weather_risk,CTU,Chengdu Shuangliu,2023-09,30,1,0,0,29.9,2.62,26.2,27.490000000000002,low,"Monthly aggregate of Open-Meteo daily weather for the airline hub; thresholds are broad aviation-disruption proxies (>=25mm rain, >=40km/h wind, fog codes).  Weather is a risk/execution variable, not an earnings forecast.",2026-08-10T08:21:49.545686+00:00
airline_weather_risk,CTU,Chengdu Shuangliu,2023-10,31,0,0,0,18.1,2.0258064516129033,18.4,21.696774193548386,low,"Monthly aggregate of Open-Meteo daily weather for the airline hub; thresholds are broad aviation-disruption proxies (>=25mm rain, >=40km/h wind, fog codes).  Weather is a risk/execution variable, not an earnings forecast.",2026-08-10T08:21:49.545686+00:00
airline_weather_risk,CTU,Chengdu Shuangliu,2023-11,30,0,0,0,14.6,1.2766666666666664,22.9,17.953333333333333,low,"Monthly aggregate of Open-Meteo daily weather for the airline hub; thresholds are broad aviation-disruption proxies (>=25mm rain, >=40km/h wind, fog codes).  Weather is a risk/execution variable, not an earnings forecast.",2026-08-10T08:21:49.545686+00:00
airline_weather_risk,CTU,Chengdu Shuangliu,2023-12,31,0,0,0,0.6,0.06774193548387096,22.5,12.374193548387098,low,"Monthly aggregate of Open-Meteo daily weather for the airline hub; thresholds are broad aviation-disruption proxies (>=25mm rain, >=40km/h wind, fog codes).  Weather is a risk/execution variable, not an earnings forecast.",2026-08-10T08:21:49.545686+00:00
airline_weather_risk,CTU,Chengdu Shuangliu,2024-01,31,0,0,0,9.7,0.7225806451612904,26.8,11.9741935483871,low,"Monthly aggregate of Open-Meteo daily weather for the airline hub; thresholds are broad aviation-disruption proxies (>=25mm rain, >=40km/h wind, fog codes).  Weather is a risk/execution variable, not an earnings forecast.",2026-08-10T08:21:49.545686+00:00
airline_weather_risk,CTU,Chengdu Shuangliu,2024-02,29,0,0,0,3.5,0.4517241379310344,22.6,12.79655172413793,low,"Monthly aggregate of Open-Meteo daily weather for the airline hub; thresholds are broad aviation-disruption proxies (>=25mm rain, >=40km/h wind, fog codes).  Weather is a risk/execution variable, not an earnings forecast.",2026-08-10T08:21:49.545686+00:00
airline_weather_risk,CTU,Chengdu Shuangliu,2024-03,31,0,0,0,14.6,1.6258064516129032,25.5,19.577419354838714,low,"Monthly aggregate of Open-Meteo daily weather for the airline hub; thresholds are broad aviation-disruption proxies (>=25mm rain, >=40km/h wind, fog codes).  Weather is a risk/execution variable, not an earnings forecast.",2026-08-10T08:21:49.545686+00:00
airline_weather_risk,CTU,Chengdu Shuangliu,2024-04,30,0,0,0,15.1,3.396666666666667,28.0,24.70333333333333,low,"Monthly aggregate of Open-Meteo daily weather for the airline hub; thresholds are broad aviation-disruption proxies (>=25mm rain, >=40km/h wind, fog codes).  Weather is a risk/execution variable, not an earnings forecast.",2026-08-10T08:21:49.545686+00:00
airline_weather_risk,CTU,Chengdu Shuangliu,2024-05,31,0,0,0,11.2,1.7903225806451613,24.0,28.44516129032258,low,"Monthly aggregate of Open-Meteo daily weather for the airline hub; thresholds are broad aviation-disruption proxies (>=25mm rain, >=40km/h wind, fog codes).  Weather is a risk/execution variable, not an earnings forecast.",2026-08-10T08:21:49.545686+00:00
airline_weather_risk,CTU,Chengdu Shuangliu,2024-06,30,0,0,0,9.6,1.4333333333333333,20.9,30.263333333333332,low,"Monthly aggregate of Open-Meteo daily weather for the airline hub; thresholds are broad aviation-disruption proxies (>=25mm rain, >=40km/h wind, fog codes).  Weather is a risk/execution variable, not an earnings forecast.",2026-08-10T08:21:49.545686+00:00
airline_weather_risk,CTU,Chengdu Shuangliu,2024-07,31,5,0,0,39.3,9.829032258064515,23.6,30.587096774193547,high,"Monthly aggregate of Open-Meteo daily weather for the airline hub; thresholds are broad aviation-disruption proxies (>=25mm rain, >=40km/h wind, fog codes).  Weather is a risk/execution variable, not an earnings forecast.",2026-08-10T08:21:49.545686+00:00
airline_weather_risk,CTU,Chengdu Shuangliu,2024-08,31,0,0,0,23.4,2.6806451612903226,25.1,34.32903225806451,low,"Monthly aggregate of Open-Meteo daily weather for the airline hub; thresholds are broad aviation-disruption proxies (>=25mm rain, >=40km/h wind, fog codes).  Weather is a risk/execution variable, not an earnings forecast.",2026-08-10T08:21:49.545686+00:00
airline_weather_risk,CTU,Chengdu Shuangliu,2024-09,30,1,0,0,29.0,6.55,38.7,30.93333333333333,low,"Monthly aggregate of Open-Meteo daily weather for the airline hub; thresholds are broad aviation-disruption proxies (>=25mm rain, >=40km/h wind, fog codes).  Weather is a risk/execution variable, not an earnings forecast.",2026-08-10T08:21:49.545686+00:00
airline_weather_risk,CTU,Chengdu Shuangliu,2024-10,31,0,0,0,16.2,2.280645161290323,21.7,21.783870967741937,low,"Monthly aggregate of Open-Meteo daily weather for the airline hub; thresholds are broad aviation-disruption proxies (>=25mm rain, >=40km/h wind, fog codes).  Weather is a risk/execution variable, not an earnings forecast.",2026-08-10T08:21:49.545686+00:00
airline_weather_risk,CTU,Chengdu Shuangliu,2024-11,30,0,0,0,5.9,0.6933333333333332,17.5,17.20333333333333,low,"Monthly aggregate of Open-Meteo daily weather for the airline hub; thresholds are broad aviation-disruption proxies (>=25mm rain, >=40km/h wind, fog codes).  Weather is a risk/execution variable, not an earnings forecast.",2026-08-10T08:21:49.545686+00:00
airline_weather_risk,CTU,Chengdu Shuangliu,2024-12,31,0,0,0,4.2,0.603225806451613,16.6,10.754838709677417,low,"Monthly aggregate of Open-Meteo daily weather for the airline hub; thresholds are broad aviation-disruption proxies (>=25mm rain, >=40km/h wind, fog codes).  Weather is a risk/execution variable, not an earnings forecast.",2026-08-10T08:21:49.545686+00:00
airline_weather_risk,CTU,Chengdu Shuangliu,2025-01,31,0,0,0,3.5,0.6967741935483871,16.3,11.612903225806452,low,"Monthly aggregate of Open-Meteo daily weather for the airline hub; thresholds are broad aviation-disruption proxies (>=25mm rain, >=40km/h wind, fog codes).  Weather is a risk/execution variable, not an earnings forecast.",2026-08-10T08:21:49.545686+00:00
airline_weather_risk,CTU,Chengdu Shuangliu,2025-02,28,0,0,0,5.7,1.5285714285714287,15.7,11.114285714285714,low,"Monthly aggregate of Open-Meteo daily weather for the airline hub; thresholds are broad aviation-disruption proxies (>=25mm rain, >=40km/h wind, fog codes).  Weather is a risk/execution variable, not an earnings forecast.",2026-08-10T08:21:49.545686+00:00
airline_weather_risk,CTU,Chengdu Shuangliu,2025-03,31,0,0,0,14.3,1.7354838709677423,26.7,16.245161290322578,low,"Monthly aggregate of Open-Meteo daily weather for the airline hub; thresholds are broad aviation-disruption proxies (>=25mm rain, >=40km/h wind, fog codes).  Weather is a risk/execution variable, not an earnings forecast.",2026-08-10T08:21:49.545686+00:00
airline_weather_risk,CTU,Chengdu Shuangliu,2025-04,30,0,0,0,9.7,1.7933333333333332,27.4,25.656666666666663,low,"Monthly aggregate of Open-Meteo daily weather for the airline hub; thresholds are broad aviation-disruption proxies (>=25mm rain, >=40km/h wind, fog codes).  Weather is a risk/execution variable, not an earnings forecast.",2026-08-10T08:21:49.545686+00:00
airline_weather_risk,CTU,Chengdu Shuangliu,2025-05,31,1,0,0,40.2,2.409677419354839,22.6,29.509677419354833,low,"Monthly aggregate of Open-Meteo daily weather for the airline hub; thresholds are broad aviation-disruption proxies (>=25mm rain, >=40km/h wind, fog codes).  Weather is a risk/execution variable, not an earnings forecast.",2026-08-10T08:21:49.545686+00:00
airline_weather_risk,CTU,Chengdu Shuangliu,2025-06,30,3,0,0,54.7,4.8100000000000005,24.5,31.65333333333333,moderate,"Monthly aggregate of Open-Meteo daily weather for the airline hub; thresholds are broad aviation-disruption proxies (>=25mm rain, >=40km/h wind, fog codes).  Weather is a risk/execution variable, not an earnings forecast.",2026-08-10T08:21:49.545686+00:00
airline_weather_risk,CTU,Chengdu Shuangliu,2025-07,31,6,0,0,40.7,9.109677419354838,21.1,31.73548387096774,high,"Monthly aggregate of Open-Meteo daily weather for the airline hub; thresholds are broad aviation-disruption proxies (>=25mm rain, >=40km/h wind, fog codes).  Weather is a risk/execution variable, not an earnings forecast.",2026-08-10T08:21:49.545686+00:00
airline_weather_risk,CTU,Chengdu Shuangliu,2025-08,31,3,0,0,60.5,11.519354838709678,19.8,31.332258064516132,moderate,"Monthly aggregate of Open-Meteo daily weather for the airline hub; thresholds are broad aviation-disruption proxies (>=25mm rain, >=40km/h wind, fog codes).  Weather is a risk/execution variable, not an earnings forecast.",2026-08-10T08:21:49.545686+00:00
airline_weather_risk,CTU,Chengdu Shuangliu,2025-09,30,2,0,0,50.6,5.503333333333333,18.2,27.043333333333337,moderate,"Monthly aggregate of Open-Meteo daily weather for the airline hub; thresholds are broad aviation-disruption proxies (>=25mm rain, >=40km/h wind, fog codes).  Weather is a risk/execution variable, not an earnings forecast.",2026-08-10T08:21:49.545686+00:00
airline_weather_risk,CTU,Chengdu Shuangliu,2025-10,31,0,0,0,12.4,2.1387096774193552,22.1,21.525806451612908,low,"Monthly aggregate of Open-Meteo daily weather for the airline hub; thresholds are broad aviation-disruption proxies (>=25mm rain, >=40km/h wind, fog codes).  Weather is a risk/execution variable, not an earnings forecast.",2026-08-10T08:21:49.545686+00:00
airline_weather_risk,CTU,Chengdu Shuangliu,2025-11,30,0,0,0,3.5,0.6266666666666668,16.0,15.98333333333333,low,"Monthly aggregate of Open-Meteo daily weather for the airline hub; thresholds are broad aviation-disruption proxies (>=25mm rain, >=40km/h wind, fog codes).  Weather is a risk/execution variable, not an earnings forecast.",2026-08-10T08:21:49.545686+00:00
airline_weather_risk,CTU,Chengdu Shuangliu,2025-12,31,0,0,0,2.0,0.18064516129032257,15.8,13.02258064516129,low,"Monthly aggregate of Open-Meteo daily weather for the airline hub; thresholds are broad aviation-disruption proxies (>=25mm rain, >=40km/h wind, fog codes).  Weather is a risk/execution variable, not an earnings forecast.",2026-08-10T08:21:49.545686+00:00
airline_weather_risk,CTU,Chengdu Shuangliu,2026-01,31,0,0,0,2.2,0.19032258064516128,17.9,11.41290322580645,low,"Monthly aggregate of Open-Meteo daily weather for the airline hub; thresholds are broad aviation-disruption proxies (>=25mm rain, >=40km/h wind, fog codes).  Weather is a risk/execution variable, not an earnings forecast.",2026-08-10T08:21:49.545686+00:00
airline_weather_risk,CTU,Chengdu Shuangliu,2026-02,28,0,0,0,7.4,0.8607142857142858,20.6,17.04642857142857,low,"Monthly aggregate of Open-Meteo daily weather for the airline hub; thresholds are broad aviation-disruption proxies (>=25mm rain, >=40km/h wind, fog codes).  Weather is a risk/execution variable, not an earnings forecast.",2026-08-10T08:21:49.545686+00:00
airline_weather_risk,CTU,Chengdu Shuangliu,2026-03,31,0,0,0,8.3,2.183870967741936,16.9,18.293548387096774,low,"Monthly aggregate of Open-Meteo daily weather for the airline hub; thresholds are broad aviation-disruption proxies (>=25mm rain, >=40km/h wind, fog codes).  Weather is a risk/execution variable, not an earnings forecast.",2026-08-10T08:21:49.545686+00:00
airline_weather_risk,CTU,Chengdu Shuangliu,2026-04,30,0,0,0,15.6,3.4899999999999998,24.6,23.91,low,"Monthly aggregate of Open-Meteo daily weather for the airline hub; thresholds are broad aviation-disruption proxies (>=25mm rain, >=40km/h wind, fog codes).  Weather is a risk/execution variable, not an earnings forecast.",2026-08-10T08:21:49.545686+00:00
airline_weather_risk,CTU,Chengdu Shuangliu,2026-05,31,0,0,0,9.4,1.274193548387097,20.0,27.9258064516129,low,"Monthly aggregate of Open-Meteo daily weather for the airline hub; thresholds are broad aviation-disruption proxies (>=25mm rain, >=40km/h wind, fog codes).  Weather is a risk/execution variable, not an earnings forecast.",2026-08-10T08:21:49.545686+00:00
airline_weather_risk,CTU,Chengdu Shuangliu,2026-06,30,0,0,0,11.8,1.7633333333333332,17.7,29.419999999999995,low,"Monthly aggregate of Open-Meteo daily weather for the airline hub; thresholds are broad aviation-disruption proxies (>=25mm rain, >=40km/h wind, fog codes).  Weather is a risk/execution variable, not an earnings forecast.",2026-08-10T08:21:49.545686+00:00
airline_weather_risk,CTU,Chengdu Shuangliu,2026-07,31,2,0,0,40.1,6.590322580645162,19.1,,moderate,"Monthly aggregate of Open-Meteo daily weather for the airline hub; thresholds are broad aviation-disruption proxies (>=25mm rain, >=40km/h wind, fog codes).  Weather is a risk/execution variable, not an earnings forecast.",2026-08-10T08:21:49.545686+00:00
airline_weather_risk,CTU,Chengdu Shuangliu,2026-08,12,1,0,0,47.1,5.108333333333333,15.4,,low,"Monthly aggregate of Open-Meteo daily weather for the airline hub; thresholds are broad aviation-disruption proxies (>=25mm rain, >=40km/h wind, fog codes).  Weather is a risk/execution variable, not an earnings forecast.",2026-08-10T08:21:49.545686+00:00
airline_weather_risk,HAK,Haikou Meilan,2020-01,31,0,0,0,8.0,0.9774193548387096,26.3,24.651612903225804,low,"Monthly aggregate of Open-Meteo daily weather for the airline hub; thresholds are broad aviation-disruption proxies (>=25mm rain, >=40km/h wind, fog codes).  Weather is a risk/execution variable, not an earnings forecast.",2026-08-10T08:21:49.545686+00:00
airline_weather_risk,HAK,Haikou Meilan,2020-02,29,0,0,0,5.4,1.2517241379310349,29.0,24.782758620689656,low,"Monthly aggregate of Open-Meteo daily weather for the airline hub; thresholds are broad aviation-disruption proxies (>=25mm rain, >=40km/h wind, fog codes).  Weather is a risk/execution variable, not an earnings forecast.",2026-08-10T08:21:49.545686+00:00
airline_weather_risk,HAK,Haikou Meilan,2020-03,31,0,0,0,7.7,1.1,28.0,29.664516129032254,low,"Monthly aggregate of Open-Meteo daily weather for the airline hub; thresholds are broad aviation-disruption proxies (>=25mm rain, >=40km/h wind, fog codes).  Weather is a risk/execution variable, not an earnings forecast.",2026-08-10T08:21:49.545686+00:00
airline_weather_risk,HAK,Haikou Meilan,2020-04,30,0,0,0,19.1,2.56,27.2,27.92,low,"Monthly aggregate of Open-Meteo daily weather for the airline hub; thresholds are broad aviation-disruption proxies (>=25mm rain, >=40km/h wind, fog codes).  Weather is a risk/execution variable, not an earnings forecast.",2026-08-10T08:21:49.545686+00:00
airline_weather_risk,HAK,Haikou Meilan,2020-05,31,1,0,0,140.3,8.590322580645163,25.6,34.877419354838715,low,"Monthly aggregate of Open-Meteo daily weather for the airline hub; thresholds are broad aviation-disruption proxies (>=25mm rain, >=40km/h wind, fog codes).  Weather is a risk/execution variable, not an earnings forecast.",2026-08-10T08:21:49.545686+00:00
airline_weather_risk,HAK,Haikou Meilan,2020-06,30,1,0,0,34.7,2.3066666666666666,24.5,34.38666666666666,low,"Monthly aggregate of Open-Meteo daily weather for the airline hub; thresholds are broad aviation-disruption proxies (>=25mm rain, >=40km/h wind, fog codes).  Weather is a risk/execution variable, not an earnings forecast.",2026-08-10T08:21:49.545686+00:00
airline_weather_risk,HAK,Haikou Meilan,2020-07,31,0,0,0,21.4,2.2967741935483867,31.5,35.745161290322585,low,"Monthly aggregate of Open-Meteo daily weather for the airline hub; thresholds are broad aviation-disruption proxies (>=25mm rain, >=40km/h wind, fog codes).  Weather is a risk/execution variable, not an earnings forecast.",2026-08-10T08:21:49.545686+00:00
airline_weather_risk,HAK,Haikou Meilan,2020-08,31,2,0,0,36.4,8.71290322580645,24.6,31.554838709677423,moderate,"Monthly aggregate of Open-Meteo daily weather for the airline hub; thresholds are broad aviation-disruption proxies (>=25mm rain, >=40km/h wind, fog codes).  Weather is a risk/execution variable, not an earnings forecast.",2026-08-10T08:21:49.545686+00:00
airline_weather_risk,HAK,Haikou Meilan,2020-09,30,1,0,0,25.3,7.050000000000001,29.5,31.223333333333333,low,"Monthly aggregate of Open-Meteo daily weather for the airline hub; thresholds are broad aviation-disruption proxies (>=25mm rain, >=40km/h wind, fog codes).  Weather is a risk/execution variable, not an earnings forecast.",2026-08-10T08:21:49.545686+00:00
airline_weather_risk,HAK,Haikou Meilan,2020-10,31,4,1,0,50.1,8.793548387096774,41.9,26.95806451612903,high,"Monthly aggregate of Open-Meteo daily weather for the airline hub; thresholds are broad aviation-disruption proxies (>=25mm rain, >=40km/h wind, fog codes).  Weather is a risk/execution variable, not an earnings forecast.",2026-08-10T08:21:49.545686+00:00
airline_weather_risk,HAK,Haikou Meilan,2020-11,30,0,0,0,13.3,1.4733333333333334,30.8,25.360000000000003,low,"Monthly aggregate of Open-Meteo daily weather for the airline hub; thresholds are broad aviation-disruption proxies (>=25mm rain, >=40km/h wind, fog codes).  Weather is a risk/execution variable, not an earnings forecast.",2026-08-10T08:21:49.545686+00:00
airline_weather_risk,HAK,Haikou Meilan,2020-12,31,0,0,0,6.2,0.6838709677419356,32.0,20.82580645161291,low,"Monthly aggregate of Open-Meteo daily weather for the airline hub; thresholds are broad aviation-disruption proxies (>=25mm rain, >=40km/h wind, fog codes).  Weather is a risk/execution variable, not an earnings forecast.",2026-08-10T08:21:49.545686+00:00
airline_weather_risk,HAK,Haikou Meilan,2021-01,31,0,0,0,10.6,0.7774193548387096,31.9,19.964516129032255,low,"Monthly aggregate of Open-Meteo daily weather for the airline hub; thresholds are broad aviation-disruption proxies (>=25mm rain, >=40km/h wind, fog codes).  Weather is a risk/execution variable, not an earnings forecast.",2026-08-10T08:21:49.545686+00:00
airline_weather_risk,HAK,Haikou Meilan,2021-02,28,1,0,0,44.5,2.6535714285714285,29.4,24.346428571428568,low,"Monthly aggregate of Open-Meteo daily weather for the airline hub; thresholds are broad aviation-disruption proxies (>=25mm rain, >=40km/h wind, fog codes).  Weather is a risk/execution variable, not an earnings forecast.",2026-08-10T08:21:49.545686+00:00
airline_weather_risk,HAK,Haikou Meilan,2021-03,31,0,0,0,4.3,0.9387096774193547,27.0,28.229032258064517,low,"Monthly aggregate of Open-Meteo daily weather for the airline hub; thresholds are broad aviation-disruption proxies (>=25mm rain, >=40km/h wind, fog codes).  Weather is a risk/execution variable, not an earnings forecast.",2026-08-10T08:21:49.545686+00:00
airline_weather_risk,HAK,Haikou Meilan,2021-04,30,1,0,0,27.3,3.956666666666666,24.1,30.02,low,"Monthly aggregate of Open-Meteo daily weather for the airline hub; thresholds are broad aviation-disruption proxies (>=25mm rain, >=40km/h wind, fog codes).  Weather is a risk/execution variable, not an earnings forecast.",2026-08-10T08:21:49.545686+00:00
airline_weather_risk,HAK,Haikou Meilan,2021-05,31,0,0,0,17.4,1.7000000000000002,27.9,34.91935483870968,low,"Monthly aggregate of Open-Meteo daily weather for the airline hub; thresholds are broad aviation-disruption proxies (>=25mm rain, >=40km/h wind, fog codes).  Weather is a risk/execution variable, not an earnings forecast.",2026-08-10T08:21:49.545686+00:00
airline_weather_risk,HAK,Haikou Meilan,2021-06,30,1,0,0,29.8,5.573333333333332,32.9,34.08333333333333,low,"Monthly aggregate of Open-Meteo daily weather for the airline hub; thresholds are broad aviation-disruption proxies (>=25mm rain, >=40km/h wind, fog codes).  Weather is a risk/execution variable, not an earnings forecast.",2026-08-10T08:21:49.545686+00:00
airline_weather_risk,HAK,Haikou Meilan,2021-07,31,1,0,0,33.8,5.216129032258064,37.2,33.53548387096774,low,"Monthly aggregate of Open-Meteo daily weather for the airline hub; thresholds are broad aviation-disruption proxies (>=25mm rain, >=40km/h wind, fog codes).  Weather is a risk/execution variable, not an earnings forecast.",2026-08-10T08:21:49.545686+00:00
airline_weather_risk,HAK,Haikou Meilan,2021-08,31,0,0,0,19.5,5.409677419354838,24.2,32.33870967741935,low,"Monthly aggregate of Open-Meteo daily weather for the airline hub; thresholds are broad aviation-disruption proxies (>=25mm rain, >=40km/h wind, fog codes).  Weather is a risk/execution variable, not an earnings forecast.",2026-08-10T08:21:49.545686+00:00
airline_weather_risk,HAK,Haikou Meilan,2021-09,30,0,0,0,16.3,6.15,24.4,30.956666666666667,low,"Monthly aggregate of Open-Meteo daily weather for the airline hub; thresholds are broad aviation-disruption proxies (>=25mm rain, >=40km/h wind, fog codes).  Weather is a risk/execution variable, not an earnings forecast.",2026-08-10T08:21:49.545686+00:00
airline_weather_risk,HAK,Haikou Meilan,2021-10,31,6,1,0,85.0,11.783870967741937,64.7,27.787096774193543,high,"Monthly aggregate of Open-Meteo daily weather for the airline hub; thresholds are broad aviation-disruption proxies (>=25mm rain, >=40km/h wind, fog codes).  Weather is a risk/execution variable, not an earnings forecast.",2026-08-10T08:21:49.545686+00:00
airline_weather_risk,HAK,Haikou Meilan,2021-11,30,0,0,0,10.5,1.1333333333333333,32.3,25.57,low,"Monthly aggregate of Open-Meteo daily weather for the airline hub; thresholds are broad aviation-disruption proxies (>=25mm rain, >=40km/h wind, fog codes).  Weather is a risk/execution variable, not an earnings forecast.",2026-08-10T08:21:49.545686+00:00
airline_weather_risk,HAK,Haikou Meilan,2021-12,31,1,0,0,33.5,2.8354838709677415,34.6,21.861290322580647,low,"Monthly aggregate of Open-Meteo daily weather for the airline hub; thresholds are broad aviation-disruption proxies (>=25mm rain, >=40km/h wind, fog codes).  Weather is a risk/execution variable, not an earnings forecast.",2026-08-10T08:21:49.545686+00:00
airline_weather_risk,HAK,Haikou Meilan,2022-01,31,0,0,0,18.3,2.690322580645161,24.5,22.99677419354839,low,"Monthly aggregate of Open-Meteo daily weather for the airline hub; thresholds are broad aviation-disruption proxies (>=25mm rain, >=40km/h wind, fog codes).  Weather is a risk/execution variable, not an earnings forecast.",2026-08-10T08:21:49.545686+00:00
airline_weather_risk,HAK,Haikou Meilan,2022-02,28,0,0,0,17.6,3.3678571428571433,32.7,20.828571428571426,low,"Monthly aggregate of Open-Meteo daily weather for the airline hub; thresholds are broad aviation-disruption proxies (>=25mm rain, >=40km/h wind, fog codes).  Weather is a risk/execution variable, not an earnings forecast.",2026-08-10T08:21:49.545686+00:00
airline_weather_risk,HAK,Haikou Meilan,2022-03,31,0,0,0,15.1,1.8419354838709676,27.6,27.76451612903226,low,"Monthly aggregate of Open-Meteo daily weather for the airline hub; thresholds are broad aviation-disruption proxies (>=25mm rain, >=40km/h wind, fog codes).  Weather is a risk/execution variable, not an earnings forecast.",2026-08-10T08:21:49.545686+00:00
airline_weather_risk,HAK,Haikou Meilan,2022-04,30,0,0,0,21.2,2.743333333333333,31.6,28.28666666666667,low,"Monthly aggregate of Open-Meteo daily weather for the airline hub; thresholds are broad aviation-disruption proxies (>=25mm rain, >=40km/h wind, fog codes).  Weather is a risk/execution variable, not an earnings forecast.",2026-08-10T08:21:49.545686+00:00
airline_weather_risk,HAK,Haikou Meilan,2022-05,31,2,0,0,38.2,10.825806451612904,29.3,29.216129032258063,moderate,"Monthly aggregate of Open-Meteo daily weather for the airline hub; thresholds are broad aviation-disruption proxies (>=25mm rain, >=40km/h wind, fog codes).  Weather is a risk/execution variable, not an earnings forecast.",2026-08-10T08:21:49.545686+00:00
airline_weather_risk,HAK,Haikou Meilan,2022-06,30,0,0,0,20.4,4.906666666666666,23.1,32.78666666666667,low,"Monthly aggregate of Open-Meteo daily weather for the airline hub; thresholds are broad aviation-disruption proxies (>=25mm rain, >=40km/h wind, fog codes).  Weather is a risk/execution variable, not an earnings forecast.",2026-08-10T08:21:49.545686+00:00
airline_weather_risk,HAK,Haikou Meilan,2022-07,31,3,0,0,117.0,10.858064516129033,38.9,32.01290322580646,moderate,"Monthly aggregate of Open-Meteo daily weather for the airline hub; thresholds are broad aviation-disruption proxies (>=25mm rain, >=40km/h wind, fog codes).  Weather is a risk/execution variable, not an earnings forecast.",2026-08-10T08:21:49.545686+00:00
airline_weather_risk,HAK,Haikou Meilan,2022-08,31,2,0,0,185.6,13.958064516129031,30.3,31.248387096774195,moderate,"Monthly aggregate of Open-Meteo daily weather for the airline hub; thresholds are broad aviation-disruption proxies (>=25mm rain, >=40km/h wind, fog codes).  Weather is a risk/execution variable, not an earnings forecast.",2026-08-10T08:21:49.545686+00:00
airline_weather_risk,HAK,Haikou Meilan,2022-09,30,1,0,0,31.1,7.256666666666666,33.4,30.813333333333336,low,"Monthly aggregate of Open-Meteo daily weather for the airline hub; thresholds are broad aviation-disruption proxies (>=25mm rain, >=40km/h wind, fog codes).  Weather is a risk/execution variable, not an earnings forecast.",2026-08-10T08:21:49.545686+00:00
airline_weather_risk,HAK,Haikou Meilan,2022-10,31,3,0,0,63.3,6.680645161290323,35.7,27.487096774193546,moderate,"Monthly aggregate of Open-Meteo daily weather for the airline hub; thresholds are broad aviation-disruption proxies (>=25mm rain, >=40km/h wind, fog codes).  Weather is a risk/execution variable, not an earnings forecast.",2026-08-10T08:21:49.545686+00:00
airline_weather_risk,HAK,Haikou Meilan,2022-11,30,1,0,0,31.9,4.003333333333334,27.9,27.070000000000004,low,"Monthly aggregate of Open-Meteo daily weather for the airline hub; thresholds are broad aviation-disruption proxies (>=25mm rain, >=40km/h wind, fog codes).  Weather is a risk/execution variable, not an earnings forecast.",2026-08-10T08:21:49.545686+00:00
airline_weather_risk,HAK,Haikou Meilan,2022-12,31,0,0,0,4.4,0.5516129032258065,31.2,20.5741935483871,low,"Monthly aggregate of Open-Meteo daily weather for the airline hub; thresholds are broad aviation-disruption proxies (>=25mm rain, >=40km/h wind, fog codes).  Weather is a risk/execution variable, not an earnings forecast.",2026-08-10T08:21:49.545686+00:00
airline_weather_risk,HAK,Haikou Meilan,2023-01,31,0,0,0,17.1,2.658064516129033,30.9,20.203225806451616,low,"Monthly aggregate of Open-Meteo daily weather for the airline hub; thresholds are broad aviation-disruption proxies (>=25mm rain, >=40km/h wind, fog codes).  Weather is a risk/execution variable, not an earnings forecast.",2026-08-10T08:21:49.545686+00:00
airline_weather_risk,HAK,Haikou Meilan,2023-02,28,0,0,0,14.5,1.4964285714285714,26.6,24.553571428571427,low,"Monthly aggregate of Open-Meteo daily weather for the airline hub; thresholds are broad aviation-disruption proxies (>=25mm rain, >=40km/h wind, fog codes).  Weather is a risk/execution variable, not an earnings forecast.",2026-08-10T08:21:49.545686+00:00
airline_weather_risk,HAK,Haikou Meilan,2023-03,31,1,0,0,31.8,2.416129032258065,28.9,28.519354838709678,low,"Monthly aggregate of Open-Meteo daily weather for the airline hub; thresholds are broad aviation-disruption proxies (>=25mm rain, >=40km/h wind, fog codes).  Weather is a risk/execution variable, not an earnings forecast.",2026-08-10T08:21:49.545686+00:00
airline_weather_risk,HAK,Haikou Meilan,2023-04,30,0,0,0,13.3,3.23,28.8,30.876666666666672,low,"Monthly aggregate of Open-Meteo daily weather for the airline hub; thresholds are broad aviation-disruption proxies (>=25mm rain, >=40km/h wind, fog codes).  Weather is a risk/execution variable, not an earnings forecast.",2026-08-10T08:21:49.545686+00:00
airline_weather_risk,HAK,Haikou Meilan,2023-05,31,2,0,0,39.2,4.538709677419354,27.2,32.63870967741936,moderate,"Monthly aggregate of Open-Meteo daily weather for the airline hub; thresholds are broad aviation-disruption proxies (>=25mm rain, >=40km/h wind, fog codes).  Weather is a risk/execution variable, not an earnings forecast.",2026-08-10T08:21:49.545686+00:00
airline_weather_risk,HAK,Haikou Meilan,2023-06,30,1,0,0,42.1,8.31,23.1,32.839999999999996,low,"Monthly aggregate of Open-Meteo daily weather for the airline hub; thresholds are broad aviation-disruption proxies (>=25mm rain, >=40km/h wind, fog codes).  Weather is a risk/execution variable, not an earnings forecast.",2026-08-10T08:21:49.545686+00:00
airline_weather_risk,HAK,Haikou Meilan,2023-07,31,2,0,0,72.2,7.412903225806452,37.5,33.05483870967742,moderate,"Monthly aggregate of Open-Meteo daily weather for the airline hub; thresholds are broad aviation-disruption proxies (>=25mm rain, >=40km/h wind, fog codes).  Weather is a risk/execution variable, not an earnings forecast.",2026-08-10T08:21:49.545686+00:00
airline_weather_risk,HAK,Haikou Meilan,2023-08,31,3,0,0,31.6,10.13225806451613,23.0,32.34838709677419,moderate,"Monthly aggregate of Open-Meteo daily weather for the airline hub; thresholds are broad aviation-disruption proxies (>=25mm rain, >=40km/h wind, fog codes).  Weather is a risk/execution variable, not an earnings forecast.",2026-08-10T08:21:49.545686+00:00
airline_weather_risk,HAK,Haikou Meilan,2023-09,30,1,0,0,42.1,11.04666666666667,25.2,30.743333333333332,low,"Monthly aggregate of Open-Meteo daily weather for the airline hub; thresholds are broad aviation-disruption proxies (>=25mm rain, >=40km/h wind, fog codes).  Weather is a risk/execution variable, not an earnings forecast.",2026-08-10T08:21:49.545686+00:00
airline_weather_risk,HAK,Haikou Meilan,2023-10,31,3,0,0,31.1,7.34516129032258,35.2,28.487096774193553,moderate,"Monthly aggregate of Open-Meteo daily weather for the airline hub; thresholds are broad aviation-disruption proxies (>=25mm rain, >=40km/h wind, fog codes).  Weather is a risk/execution variable, not an earnings forecast.",2026-08-10T08:21:49.545686+00:00
airline_weather_risk,HAK,Haikou Meilan,2023-11,30,1,0,0,29.4,2.6599999999999993,29.4,26.63,low,"Monthly aggregate of Open-Meteo daily weather for the airline hub; thresholds are broad aviation-disruption proxies (>=25mm rain, >=40km/h wind, fog codes).  Weather is a risk/execution variable, not an earnings forecast.",2026-08-10T08:21:49.545686+00:00
airline_weather_risk,HAK,Haikou Meilan,2023-12,31,0,0,0,7.8,1.0516129032258068,28.6,23.487096774193542,low,"Monthly aggregate of Open-Meteo daily weather for the airline hub; thresholds are broad aviation-disruption proxies (>=25mm rain, >=40km/h wind, fog codes).  Weather is a risk/execution variable, not an earnings forecast.",2026-08-10T08:21:49.545686+00:00
airline_weather_risk,HAK,Haikou Meilan,2024-01,31,0,0,0,8.4,1.070967741935484,28.4,23.364516129032257,low,"Monthly aggregate of Open-Meteo daily weather for the airline hub; thresholds are broad aviation-disruption proxies (>=25mm rain, >=40km/h wind, fog codes).  Weather is a risk/execution variable, not an earnings forecast.",2026-08-10T08:21:49.545686+00:00
airline_weather_risk,HAK,Haikou Meilan,2024-02,29,0,0,0,10.7,1.382758620689655,30.7,25.92758620689655,low,"Monthly aggregate of Open-Meteo daily weather for the airline hub; thresholds are broad aviation-disruption proxies (>=25mm rain, >=40km/h wind, fog codes).  Weather is a risk/execution variable, not an earnings forecast.",2026-08-10T08:21:49.545686+00:00
airline_weather_risk,HAK,Haikou Meilan,2024-03,31,0,0,0,8.3,1.4451612903225806,27.8,27.803225806451614,low,"Monthly aggregate of Open-Meteo daily weather for the airline hub; thresholds are broad aviation-disruption proxies (>=25mm rain, >=40km/h wind, fog codes).  Weather is a risk/execution variable, not an earnings forecast.",2026-08-10T08:21:49.545686+00:00
airline_weather_risk,HAK,Haikou Meilan,2024-04,30,0,0,0,22.3,2.813333333333333,31.7,34.92666666666666,low,"Monthly aggregate of Open-Meteo daily weather for the airline hub; thresholds are broad aviation-disruption proxies (>=25mm rain, >=40km/h wind, fog codes).  Weather is a risk/execution variable, not an earnings forecast.",2026-08-10T08:21:49.545686+00:00
airline_weather_risk,HAK,Haikou Meilan,2024-05,31,5,0,0,34.7,12.654838709677417,22.9,30.9,high,"Monthly aggregate of Open-Meteo daily weather for the airline hub; thresholds are broad aviation-disruption proxies (>=25mm rain, >=40km/h wind, fog codes).  Weather is a risk/execution variable, not an earnings forecast.",2026-08-10T08:21:49.545686+00:00
airline_weather_risk,HAK,Haikou Meilan,2024-06,30,4,0,0,35.8,10.359999999999996,23.0,32.5,high,"Monthly aggregate of Open-Meteo daily weather for the airline hub; thresholds are broad aviation-disruption proxies (>=25mm rain, >=40km/h wind, fog codes).  Weather is a risk/execution variable, not an earnings forecast.",2026-08-10T08:21:49.545686+00:00
airline_weather_risk,HAK,Haikou Meilan,2024-07,31,1,0,0,32.5,7.70967741935484,38.0,32.558064516129036,low,"Monthly aggregate of Open-Meteo daily weather for the airline hub; thresholds are broad aviation-disruption proxies (>=25mm rain, >=40km/h wind, fog codes).  Weather is a risk/execution variable, not an earnings forecast.",2026-08-10T08:21:49.545686+00:00
airline_weather_risk,HAK,Haikou Meilan,2024-08,31,1,0,0,37.4,6.696774193548386,18.4,33.274193548387096,low,"Monthly aggregate of Open-Meteo daily weather for the airline hub; thresholds are broad aviation-disruption proxies (>=25mm rain, >=40km/h wind, fog codes).  Weather is a risk/execution variable, not an earnings forecast.",2026-08-10T08:21:49.545686+00:00
airline_weather_risk,HAK,Haikou Meilan,2024-09,30,5,2,0,157.0,18.17666666666667,91.1,30.73333333333333,high,"Monthly aggregate of Open-Meteo daily weather for the airline hub; thresholds are broad aviation-disruption proxies (>=25mm rain, >=40km/h wind, fog codes).  Weather is a risk/execution variable, not an earnings forecast.",2026-08-10T08:21:49.545686+00:00
airline_weather_risk,HAK,Haikou Meilan,2024-10,31,4,0,0,68.8,8.248387096774193,39.1,28.570967741935483,high,"Monthly aggregate of Open-Meteo daily weather for the airline hub; thresholds are broad aviation-disruption proxies (>=25mm rain, >=40km/h wind, fog codes).  Weather is a risk/execution variable, not an earnings forecast.",2026-08-10T08:21:49.545686+00:00
airline_weather_risk,HAK,Haikou Meilan,2024-11,30,1,0,0,33.8,2.703333333333333,26.0,25.823333333333334,low,"Monthly aggregate of Open-Meteo daily weather for the airline hub; thresholds are broad aviation-disruption proxies (>=25mm rain, >=40km/h wind, fog codes).  Weather is a risk/execution variable, not an earnings forecast.",2026-08-10T08:21:49.545686+00:00
airline_weather_risk,HAK,Haikou Meilan,2024-12,31,0,0,0,1.1,0.1935483870967742,23.6,22.08709677419355,low,"Monthly aggregate of Open-Meteo daily weather for the airline hub; thresholds are broad aviation-disruption proxies (>=25mm rain, >=40km/h wind, fog codes).  Weather is a risk/execution variable, not an earnings forecast.",2026-08-10T08:21:49.545686+00:00
airline_weather_risk,HAK,Haikou Meilan,2025-01,31,0,0,0,7.9,0.6967741935483869,27.7,21.81935483870968,low,"Monthly aggregate of Open-Meteo daily weather for the airline hub; thresholds are broad aviation-disruption proxies (>=25mm rain, >=40km/h wind, fog codes).  Weather is a risk/execution variable, not an earnings forecast.",2026-08-10T08:21:49.545686+00:00
airline_weather_risk,HAK,Haikou Meilan,2025-02,28,0,0,0,4.2,0.7535714285714287,22.8,22.66785714285715,low,"Monthly aggregate of Open-Meteo daily weather for the airline hub; thresholds are broad aviation-disruption proxies (>=25mm rain, >=40km/h wind, fog codes).  Weather is a risk/execution variable, not an earnings forecast.",2026-08-10T08:21:49.545686+00:00
airline_weather_risk,HAK,Haikou Meilan,2025-03,31,0,0,0,16.1,1.5548387096774194,22.7,26.093548387096774,low,"Monthly aggregate of Open-Meteo daily weather for the airline hub; thresholds are broad aviation-disruption proxies (>=25mm rain, >=40km/h wind, fog codes).  Weather is a risk/execution variable, not an earnings forecast.",2026-08-10T08:21:49.545686+00:00
airline_weather_risk,HAK,Haikou Meilan,2025-04,30,1,0,0,25.2,3.1633333333333336,21.7,30.17666666666667,low,"Monthly aggregate of Open-Meteo daily weather for the airline hub; thresholds are broad aviation-disruption proxies (>=25mm rain, >=40km/h wind, fog codes).  Weather is a risk/execution variable, not an earnings forecast.",2026-08-10T08:21:49.545686+00:00
airline_weather_risk,HAK,Haikou Meilan,2025-05,31,3,0,0,43.7,8.790322580645162,22.8,31.870967741935488,moderate,"Monthly aggregate of Open-Meteo daily weather for the airline hub; thresholds are broad aviation-disruption proxies (>=25mm rain, >=40km/h wind, fog codes).  Weather is a risk/execution variable, not an earnings forecast.",2026-08-10T08:21:49.545686+00:00
airline_weather_risk,HAK,Haikou Meilan,2025-06,30,5,0,0,43.5,10.283333333333335,36.0,32.483333333333334,high,"Monthly aggregate of Open-Meteo daily weather for the airline hub; thresholds are broad aviation-disruption proxies (>=25mm rain, >=40km/h wind, fog codes).  Weather is a risk/execution variable, not an earnings forecast.",2026-08-10T08:21:49.545686+00:00
airline_weather_risk,HAK,Haikou Meilan,2025-07,31,3,0,0,49.3,10.83548387096774,29.1,32.064516129032256,moderate,"Monthly aggregate of Open-Meteo daily weather for the airline hub; thresholds are broad aviation-disruption proxies (>=25mm rain, >=40km/h wind, fog codes).  Weather is a risk/execution variable, not an earnings forecast.",2026-08-10T08:21:49.545686+00:00
airline_weather_risk,HAK,Haikou Meilan,2025-08,31,4,0,0,44.4,9.883870967741935,30.8,31.577419354838714,high,"Monthly aggregate of Open-Meteo daily weather for the airline hub; thresholds are broad aviation-disruption proxies (>=25mm rain, >=40km/h wind, fog codes).  Weather is a risk/execution variable, not an earnings forecast.",2026-08-10T08:21:49.545686+00:00
airline_weather_risk,HAK,Haikou Meilan,2025-09,30,5,0,0,43.8,13.26666666666667,32.9,30.949999999999996,high,"Monthly aggregate of Open-Meteo daily weather for the airline hub; thresholds are broad aviation-disruption proxies (>=25mm rain, >=40km/h wind, fog codes).  Weather is a risk/execution variable, not an earnings forecast.",2026-08-10T08:21:49.545686+00:00
airline_weather_risk,HAK,Haikou Meilan,2025-10,31,2,1,0,165.6,11.564516129032256,57.3,28.867741935483867,moderate,"Monthly aggregate of Open-Meteo daily weather for the airline hub; thresholds are broad aviation-disruption proxies (>=25mm rain, >=40km/h wind, fog codes).  Weather is a risk/execution variable, not an earnings forecast.",2026-08-10T08:21:49.545686+00:00
airline_weather_risk,HAK,Haikou Meilan,2025-11,30,1,0,0,47.6,3.4066666666666663,29.1,24.98666666666667,low,"Monthly aggregate of Open-Meteo daily weather for the airline hub; thresholds are broad aviation-disruption proxies (>=25mm rain, >=40km/h wind, fog codes).  Weather is a risk/execution variable, not an earnings forecast.",2026-08-10T08:21:49.545686+00:00
airline_weather_risk,HAK,Haikou Meilan,2025-12,31,0,0,0,11.7,1.1193548387096772,23.1,24.38064516129032,low,"Monthly aggregate of Open-Meteo daily weather for the airline hub; thresholds are broad aviation-disruption proxies (>=25mm rain, >=40km/h wind, fog codes).  Weather is a risk/execution variable, not an earnings forecast.",2026-08-10T08:21:49.545686+00:00
airline_weather_risk,HAK,Haikou Meilan,2026-01,31,0,0,0,2.4,0.37741935483870964,22.7,23.296774193548384,low,"Monthly aggregate of Open-Meteo daily weather for the airline hub; thresholds are broad aviation-disruption proxies (>=25mm rain, >=40km/h wind, fog codes).  Weather is a risk/execution variable, not an earnings forecast.",2026-08-10T08:21:49.545686+00:00
airline_weather_risk,HAK,Haikou Meilan,2026-02,28,0,0,0,12.9,0.9714285714285715,24.6,26.95357142857143,low,"Monthly aggregate of Open-Meteo daily weather for the airline hub; thresholds are broad aviation-disruption proxies (>=25mm rain, >=40km/h wind, fog codes).  Weather is a risk/execution variable, not an earnings forecast.",2026-08-10T08:21:49.545686+00:00
airline_weather_risk,HAK,Haikou Meilan,2026-03,31,1,0,0,26.6,2.061290322580645,24.7,28.174193548387095,low,"Monthly aggregate of Open-Meteo daily weather for the airline hub; thresholds are broad aviation-disruption proxies (>=25mm rain, >=40km/h wind, fog codes).  Weather is a risk/execution variable, not an earnings forecast.",2026-08-10T08:21:49.545686+00:00
airline_weather_risk,HAK,Haikou Meilan,2026-04,30,1,0,0,33.6,2.033333333333333,23.4,33.00333333333333,low,"Monthly aggregate of Open-Meteo daily weather for the airline hub; thresholds are broad aviation-disruption proxies (>=25mm rain, >=40km/h wind, fog codes).  Weather is a risk/execution variable, not an earnings forecast.",2026-08-10T08:21:49.545686+00:00
airline_weather_risk,HAK,Haikou Meilan,2026-05,31,1,0,0,26.6,5.34516129032258,20.6,32.82258064516129,low,"Monthly aggregate of Open-Meteo daily weather for the airline hub; thresholds are broad aviation-disruption proxies (>=25mm rain, >=40km/h wind, fog codes).  Weather is a risk/execution variable, not an earnings forecast.",2026-08-10T08:21:49.545686+00:00
airline_weather_risk,HAK,Haikou Meilan,2026-06,30,0,0,0,16.5,4.239999999999999,22.3,35.352000000000004,low,"Monthly aggregate of Open-Meteo daily weather for the airline hub; thresholds are broad aviation-disruption proxies (>=25mm rain, >=40km/h wind, fog codes).  Weather is a risk/execution variable, not an earnings forecast.",2026-08-10T08:21:49.545686+00:00
airline_weather_risk,HAK,Haikou Meilan,2026-07,31,0,0,0,22.4,7.358064516129032,33.9,,low,"Monthly aggregate of Open-Meteo daily weather for the airline hub; thresholds are broad aviation-disruption proxies (>=25mm rain, >=40km/h wind, fog codes).  Weather is a risk/execution variable, not an earnings forecast.",2026-08-10T08:21:49.545686+00:00
airline_weather_risk,HAK,Haikou Meilan,2026-08,12,4,0,0,39.3,16.999999999999996,20.1,,high,"Monthly aggregate of Open-Meteo daily weather for the airline hub; thresholds are broad aviation-disruption proxies (>=25mm rain, >=40km/h wind, fog codes).  Weather is a risk/execution variable, not an earnings forecast.",2026-08-10T08:21:49.545686+00:00
airline_weather_risk,HKG,Hong Kong International,2020-01,31,0,0,0,13.3,0.9548387096774192,35.6,20.951612903225808,low,"Monthly aggregate of Open-Meteo daily weather for the airline hub; thresholds are broad aviation-disruption proxies (>=25mm rain, >=40km/h wind, fog codes).  Weather is a risk/execution variable, not an earnings forecast.",2026-08-10T08:21:49.545686+00:00
airline_weather_risk,HKG,Hong Kong International,2020-02,29,0,1,0,12.0,1.5344827586206895,42.3,20.641379310344828,low,"Monthly aggregate of Open-Meteo daily weather for the airline hub; thresholds are broad aviation-disruption proxies (>=25mm rain, >=40km/h wind, fog codes).  Weather is a risk/execution variable, not an earnings forecast.",2026-08-10T08:21:49.545686+00:00
airline_weather_risk,HKG,Hong Kong International,2020-03,31,0,1,0,12.5,2.132258064516129,41.1,23.54193548387097,low,"Monthly aggregate of Open-Meteo daily weather for the airline hub; thresholds are broad aviation-disruption proxies (>=25mm rain, >=40km/h wind, fog codes).  Weather is a risk/execution variable, not an earnings forecast.",2026-08-10T08:21:49.545686+00:00
airline_weather_risk,HKG,Hong Kong International,2020-04,30,0,0,0,23.5,3.39,33.4,23.62666666666667,low,"Monthly aggregate of Open-Meteo daily weather for the airline hub; thresholds are broad aviation-disruption proxies (>=25mm rain, >=40km/h wind, fog codes).  Weather is a risk/execution variable, not an earnings forecast.",2026-08-10T08:21:49.545686+00:00
airline_weather_risk,HKG,Hong Kong International,2020-05,31,3,0,0,43.3,9.051612903225806,28.8,28.641935483870967,moderate,"Monthly aggregate of Open-Meteo daily weather for the airline hub; thresholds are broad aviation-disruption proxies (>=25mm rain, >=40km/h wind, fog codes).  Weather is a risk/execution variable, not an earnings forecast.",2026-08-10T08:21:49.545686+00:00
airline_weather_risk,HKG,Hong Kong International,2020-06,30,2,0,0,94.0,7.283333333333332,38.4,29.869999999999997,moderate,"Monthly aggregate of Open-Meteo daily weather for the airline hub; thresholds are broad aviation-disruption proxies (>=25mm rain, >=40km/h wind, fog codes).  Weather is a risk/execution variable, not an earnings forecast.",2026-08-10T08:21:49.545686+00:00
airline_weather_risk,HKG,Hong Kong International,2020-07,31,0,0,0,16.8,2.0451612903225804,39.7,31.23870967741936,low,"Monthly aggregate of Open-Meteo daily weather for the airline hub; thresholds are broad aviation-disruption proxies (>=25mm rain, >=40km/h wind, fog codes).  Weather is a risk/execution variable, not an earnings forecast.",2026-08-10T08:21:49.545686+00:00
airline_weather_risk,HKG,Hong Kong International,2020-08,31,5,2,0,89.3,11.596774193548386,62.5,29.364516129032257,high,"Monthly aggregate of Open-Meteo daily weather for the airline hub; thresholds are broad aviation-disruption proxies (>=25mm rain, >=40km/h wind, fog codes).  Weather is a risk/execution variable, not an earnings forecast.",2026-08-10T08:21:49.545686+00:00
airline_weather_risk,HKG,Hong Kong International,2020-09,30,4,0,0,141.2,16.216666666666665,34.4,28.826666666666668,high,"Monthly aggregate of Open-Meteo daily weather for the airline hub; thresholds are broad aviation-disruption proxies (>=25mm rain, >=40km/h wind, fog codes).  Weather is a risk/execution variable, not an earnings forecast.",2026-08-10T08:21:49.545686+00:00
airline_weather_risk,HKG,Hong Kong International,2020-10,31,2,1,0,53.9,4.996774193548387,43.2,26.812903225806448,moderate,"Monthly aggregate of Open-Meteo daily weather for the airline hub; thresholds are broad aviation-disruption proxies (>=25mm rain, >=40km/h wind, fog codes).  Weather is a risk/execution variable, not an earnings forecast.",2026-08-10T08:21:49.545686+00:00
airline_weather_risk,HKG,Hong Kong International,2020-11,30,0,0,0,5.7,0.4166666666666667,29.3,25.246666666666663,low,"Monthly aggregate of Open-Meteo daily weather for the airline hub; thresholds are broad aviation-disruption proxies (>=25mm rain, >=40km/h wind, fog codes).  Weather is a risk/execution variable, not an earnings forecast.",2026-08-10T08:21:49.545686+00:00
airline_weather_risk,HKG,Hong Kong International,2020-12,31,0,1,0,1.8,0.18387096774193548,42.0,20.45806451612904,low,"Monthly aggregate of Open-Meteo daily weather for the airline hub; thresholds are broad aviation-disruption proxies (>=25mm rain, >=40km/h wind, fog codes).  Weather is a risk/execution variable, not an earnings forecast.",2026-08-10T08:21:49.545686+00:00
airline_weather_risk,HKG,Hong Kong International,2021-01,31,0,0,0,1.9,0.06774193548387097,33.4,18.758064516129032,low,"Monthly aggregate of Open-Meteo daily weather for the airline hub; thresholds are broad aviation-disruption proxies (>=25mm rain, >=40km/h wind, fog codes).  Weather is a risk/execution variable, not an earnings forecast.",2026-08-10T08:21:49.545686+00:00
airline_weather_risk,HKG,Hong Kong International,2021-02,28,1,1,0,38.9,1.7321428571428572,41.1,21.71428571428571,low,"Monthly aggregate of Open-Meteo daily weather for the airline hub; thresholds are broad aviation-disruption proxies (>=25mm rain, >=40km/h wind, fog codes).  Weather is a risk/execution variable, not an earnings forecast.",2026-08-10T08:21:49.545686+00:00
airline_weather_risk,HKG,Hong Kong International,2021-03,31,0,0,0,7.6,0.9419354838709678,30.0,23.796774193548387,low,"Monthly aggregate of Open-Meteo daily weather for the airline hub; thresholds are broad aviation-disruption proxies (>=25mm rain, >=40km/h wind, fog codes).  Weather is a risk/execution variable, not an earnings forecast.",2026-08-10T08:21:49.545686+00:00
airline_weather_risk,HKG,Hong Kong International,2021-04,30,1,0,0,63.4,3.733333333333334,31.3,25.810000000000006,low,"Monthly aggregate of Open-Meteo daily weather for the airline hub; thresholds are broad aviation-disruption proxies (>=25mm rain, >=40km/h wind, fog codes).  Weather is a risk/execution variable, not an earnings forecast.",2026-08-10T08:21:49.545686+00:00
airline_weather_risk,HKG,Hong Kong International,2021-05,31,1,0,0,30.9,3.193548387096774,31.1,29.867741935483874,low,"Monthly aggregate of Open-Meteo daily weather for the airline hub; thresholds are broad aviation-disruption proxies (>=25mm rain, >=40km/h wind, fog codes).  Weather is a risk/execution variable, not an earnings forecast.",2026-08-10T08:21:49.545686+00:00
airline_weather_risk,HKG,Hong Kong International,2021-06,30,4,0,0,92.0,10.830000000000002,31.7,29.256666666666664,high,"Monthly aggregate of Open-Meteo daily weather for the airline hub; thresholds are broad aviation-disruption proxies (>=25mm rain, >=40km/h wind, fog codes).  Weather is a risk/execution variable, not an earnings forecast.",2026-08-10T08:21:49.545686+00:00
airline_weather_risk,HKG,Hong Kong International,2021-07,31,1,0,0,30.0,6.006451612903225,36.3,30.25806451612903,low,"Monthly aggregate of Open-Meteo daily weather for the airline hub; thresholds are broad aviation-disruption proxies (>=25mm rain, >=40km/h wind, fog codes).  Weather is a risk/execution variable, not an earnings forecast.",2026-08-10T08:21:49.545686+00:00
airline_weather_risk,HKG,Hong Kong International,2021-08,31,4,0,0,63.4,11.219354838709679,29.4,29.11935483870968,high,"Monthly aggregate of Open-Meteo daily weather for the airline hub; thresholds are broad aviation-disruption proxies (>=25mm rain, >=40km/h wind, fog codes).  Weather is a risk/execution variable, not an earnings forecast.",2026-08-10T08:21:49.545686+00:00
airline_weather_risk,HKG,Hong Kong International,2021-09,30,0,0,0,8.0,2.416666666666667,26.7,30.133333333333336,low,"Monthly aggregate of Open-Meteo daily weather for the airline hub; thresholds are broad aviation-disruption proxies (>=25mm rain, >=40km/h wind, fog codes).  Weather is a risk/execution variable, not an earnings forecast.",2026-08-10T08:21:49.545686+00:00
airline_weather_risk,HKG,Hong Kong International,2021-10,31,4,3,0,156.1,12.867741935483869,52.8,26.858064516129033,high,"Monthly aggregate of Open-Meteo daily weather for the airline hub; thresholds are broad aviation-disruption proxies (>=25mm rain, >=40km/h wind, fog codes).  Weather is a risk/execution variable, not an earnings forecast.",2026-08-10T08:21:49.545686+00:00
airline_weather_risk,HKG,Hong Kong International,2021-11,30,0,1,0,6.2,0.41000000000000003,40.5,24.339999999999996,low,"Monthly aggregate of Open-Meteo daily weather for the airline hub; thresholds are broad aviation-disruption proxies (>=25mm rain, >=40km/h wind, fog codes).  Weather is a risk/execution variable, not an earnings forecast.",2026-08-10T08:21:49.545686+00:00
airline_weather_risk,HKG,Hong Kong International,2021-12,31,0,0,0,24.4,1.67741935483871,34.5,20.690322580645166,low,"Monthly aggregate of Open-Meteo daily weather for the airline hub; thresholds are broad aviation-disruption proxies (>=25mm rain, >=40km/h wind, fog codes).  Weather is a risk/execution variable, not an earnings forecast.",2026-08-10T08:21:49.545686+00:00
airline_weather_risk,HKG,Hong Kong International,2022-01,31,0,0,0,6.7,0.8580645161290323,29.9,19.941935483870967,low,"Monthly aggregate of Open-Meteo daily weather for the airline hub; thresholds are broad aviation-disruption proxies (>=25mm rain, >=40km/h wind, fog codes).  Weather is a risk/execution variable, not an earnings forecast.",2026-08-10T08:21:49.545686+00:00
airline_weather_risk,HKG,Hong Kong International,2022-02,28,2,0,0,40.2,6.142857142857143,35.1,16.91785714285714,moderate,"Monthly aggregate of Open-Meteo daily weather for the airline hub; thresholds are broad aviation-disruption proxies (>=25mm rain, >=40km/h wind, fog codes).  Weather is a risk/execution variable, not an earnings forecast.",2026-08-10T08:21:49.545686+00:00
airline_weather_risk,HKG,Hong Kong International,2022-03,31,1,0,0,43.2,3.787096774193549,36.3,23.22903225806452,low,"Monthly aggregate of Open-Meteo daily weather for the airline hub; thresholds are broad aviation-disruption proxies (>=25mm rain, >=40km/h wind, fog codes).  Weather is a risk/execution variable, not an earnings forecast.",2026-08-10T08:21:49.545686+00:00
airline_weather_risk,HKG,Hong Kong International,2022-04,30,0,0,0,4.8,1.0599999999999998,32.1,25.000000000000004,low,"Monthly aggregate of Open-Meteo daily weather for the airline hub; thresholds are broad aviation-disruption proxies (>=25mm rain, >=40km/h wind, fog codes).  Weather is a risk/execution variable, not an earnings forecast.",2026-08-10T08:21:49.545686+00:00
airline_weather_risk,HKG,Hong Kong International,2022-05,31,7,0,0,117.7,15.151612903225805,30.9,26.029032258064518,high,"Monthly aggregate of Open-Meteo daily weather for the airline hub; thresholds are broad aviation-disruption proxies (>=25mm rain, >=40km/h wind, fog codes).  Weather is a risk/execution variable, not an earnings forecast.",2026-08-10T08:21:49.545686+00:00
airline_weather_risk,HKG,Hong Kong International,2022-06,30,4,0,0,35.6,9.27,31.9,28.866666666666664,high,"Monthly aggregate of Open-Meteo daily weather for the airline hub; thresholds are broad aviation-disruption proxies (>=25mm rain, >=40km/h wind, fog codes).  Weather is a risk/execution variable, not an earnings forecast.",2026-08-10T08:21:49.545686+00:00
airline_weather_risk,HKG,Hong Kong International,2022-07,31,2,3,0,57.5,7.36451612903226,55.8,30.829032258064515,moderate,"Monthly aggregate of Open-Meteo daily weather for the airline hub; thresholds are broad aviation-disruption proxies (>=25mm rain, >=40km/h wind, fog codes).  Weather is a risk/execution variable, not an earnings forecast.",2026-08-10T08:21:49.545686+00:00
airline_weather_risk,HKG,Hong Kong International,2022-08,31,4,2,0,60.2,10.54516129032258,62.5,29.6516129032258,high,"Monthly aggregate of Open-Meteo daily weather for the airline hub; thresholds are broad aviation-disruption proxies (>=25mm rain, >=40km/h wind, fog codes).  Weather is a risk/execution variable, not an earnings forecast.",2026-08-10T08:21:49.545686+00:00
airline_weather_risk,HKG,Hong Kong International,2022-09,30,0,0,0,24.0,3.1666666666666665,31.1,31.09333333333333,low,"Monthly aggregate of Open-Meteo daily weather for the airline hub; thresholds are broad aviation-disruption proxies (>=25mm rain, >=40km/h wind, fog codes).  Weather is a risk/execution variable, not an earnings forecast.",2026-08-10T08:21:49.545686+00:00
airline_weather_risk,HKG,Hong Kong International,2022-10,31,1,1,0,26.3,1.3419354838709678,40.0,28.63870967741935,low,"Monthly aggregate of Open-Meteo daily weather for the airline hub; thresholds are broad aviation-disruption proxies (>=25mm rain, >=40km/h wind, fog codes).  Weather is a risk/execution variable, not an earnings forecast.",2026-08-10T08:21:49.545686+00:00
airline_weather_risk,HKG,Hong Kong International,2022-11,30,1,1,0,26.5,5.1866666666666665,40.3,24.55,low,"Monthly aggregate of Open-Meteo daily weather for the airline hub; thresholds are broad aviation-disruption proxies (>=25mm rain, >=40km/h wind, fog codes).  Weather is a risk/execution variable, not an earnings forecast.",2026-08-10T08:21:49.545686+00:00
airline_weather_risk,HKG,Hong Kong International,2022-12,31,0,1,0,13.5,1.0677419354838709,42.2,17.403225806451612,low,"Monthly aggregate of Open-Meteo daily weather for the airline hub; thresholds are broad aviation-disruption proxies (>=25mm rain, >=40km/h wind, fog codes).  Weather is a risk/execution variable, not an earnings forecast.",2026-08-10T08:21:49.545686+00:00
airline_weather_risk,HKG,Hong Kong International,2023-01,31,0,1,0,8.3,1.3387096774193548,42.9,18.35806451612903,low,"Monthly aggregate of Open-Meteo daily weather for the airline hub; thresholds are broad aviation-disruption proxies (>=25mm rain, >=40km/h wind, fog codes).  Weather is a risk/execution variable, not an earnings forecast.",2026-08-10T08:21:49.545686+00:00
airline_weather_risk,HKG,Hong Kong International,2023-02,28,0,0,0,3.7,0.5857142857142856,30.7,21.371428571428574,low,"Monthly aggregate of Open-Meteo daily weather for the airline hub; thresholds are broad aviation-disruption proxies (>=25mm rain, >=40km/h wind, fog codes).  Weather is a risk/execution variable, not an earnings forecast.",2026-08-10T08:21:49.545686+00:00
airline_weather_risk,HKG,Hong Kong International,2023-03,31,0,0,0,21.9,2.5903225806451613,34.2,23.312903225806448,low,"Monthly aggregate of Open-Meteo daily weather for the airline hub; thresholds are broad aviation-disruption proxies (>=25mm rain, >=40km/h wind, fog codes).  Weather is a risk/execution variable, not an earnings forecast.",2026-08-10T08:21:49.545686+00:00
airline_weather_risk,HKG,Hong Kong International,2023-04,30,1,0,0,29.6,3.6633333333333336,34.9,25.083333333333336,low,"Monthly aggregate of Open-Meteo daily weather for the airline hub; thresholds are broad aviation-disruption proxies (>=25mm rain, >=40km/h wind, fog codes).  Weather is a risk/execution variable, not an earnings forecast.",2026-08-10T08:21:49.545686+00:00
airline_weather_risk,HKG,Hong Kong International,2023-05,31,0,0,0,22.2,4.012903225806452,29.5,27.616129032258065,low,"Monthly aggregate of Open-Meteo daily weather for the airline hub; thresholds are broad aviation-disruption proxies (>=25mm rain, >=40km/h wind, fog codes).  Weather is a risk/execution variable, not an earnings forecast.",2026-08-10T08:21:49.545686+00:00
airline_weather_risk,HKG,Hong Kong International,2023-06,30,3,0,0,35.3,10.389999999999999,28.4,29.436666666666667,moderate,"Monthly aggregate of Open-Meteo daily weather for the airline hub; thresholds are broad aviation-disruption proxies (>=25mm rain, >=40km/h wind, fog codes).  Weather is a risk/execution variable, not an earnings forecast.",2026-08-10T08:21:49.545686+00:00
airline_weather_risk,HKG,Hong Kong International,2023-07,31,4,1,0,54.6,8.370967741935484,40.5,30.31612903225807,high,"Monthly aggregate of Open-Meteo daily weather for the airline hub; thresholds are broad aviation-disruption proxies (>=25mm rain, >=40km/h wind, fog codes).  Weather is a risk/execution variable, not an earnings forecast.",2026-08-10T08:21:49.545686+00:00
airline_weather_risk,HKG,Hong Kong International,2023-08,31,1,0,0,52.6,8.741935483870968,27.7,29.806451612903224,low,"Monthly aggregate of Open-Meteo daily weather for the airline hub; thresholds are broad aviation-disruption proxies (>=25mm rain, >=40km/h wind, fog codes).  Weather is a risk/execution variable, not an earnings forecast.",2026-08-10T08:21:49.545686+00:00
airline_weather_risk,HKG,Hong Kong International,2023-09,30,5,2,0,197.1,17.62666666666666,66.2,28.776666666666664,high,"Monthly aggregate of Open-Meteo daily weather for the airline hub; thresholds are broad aviation-disruption proxies (>=25mm rain, >=40km/h wind, fog codes).  Weather is a risk/execution variable, not an earnings forecast.",2026-08-10T08:21:49.545686+00:00
airline_weather_risk,HKG,Hong Kong International,2023-10,31,2,0,0,246.4,12.167741935483871,38.1,27.129032258064512,moderate,"Monthly aggregate of Open-Meteo daily weather for the airline hub; thresholds are broad aviation-disruption proxies (>=25mm rain, >=40km/h wind, fog codes).  Weather is a risk/execution variable, not an earnings forecast.",2026-08-10T08:21:49.545686+00:00
airline_weather_risk,HKG,Hong Kong International,2023-11,30,0,0,0,4.8,0.37999999999999995,35.0,24.759999999999998,low,"Monthly aggregate of Open-Meteo daily weather for the airline hub; thresholds are broad aviation-disruption proxies (>=25mm rain, >=40km/h wind, fog codes).  Weather is a risk/execution variable, not an earnings forecast.",2026-08-10T08:21:49.545686+00:00
airline_weather_risk,HKG,Hong Kong International,2023-12,31,0,0,0,2.8,0.19999999999999998,34.6,20.629032258064516,low,"Monthly aggregate of Open-Meteo daily weather for the airline hub; thresholds are broad aviation-disruption proxies (>=25mm rain, >=40km/h wind, fog codes).  Weather is a risk/execution variable, not an earnings forecast.",2026-08-10T08:21:49.545686+00:00
airline_weather_risk,HKG,Hong Kong International,2024-01,31,0,0,0,6.8,0.2967741935483871,34.1,19.46451612903226,low,"Monthly aggregate of Open-Meteo daily weather for the airline hub; thresholds are broad aviation-disruption proxies (>=25mm rain, >=40km/h wind, fog codes).  Weather is a risk/execution variable, not an earnings forecast.",2026-08-10T08:21:49.545686+00:00
airline_weather_risk,HKG,Hong Kong International,2024-02,29,0,0,0,4.1,0.7827586206896553,27.6,20.686206896551724,low,"Monthly aggregate of Open-Meteo daily weather for the airline hub; thresholds are broad aviation-disruption proxies (>=25mm rain, >=40km/h wind, fog codes).  Weather is a risk/execution variable, not an earnings forecast.",2026-08-10T08:21:49.545686+00:00
airline_weather_risk,HKG,Hong Kong International,2024-03,31,0,0,0,16.6,2.103225806451613,31.1,21.851612903225803,low,"Monthly aggregate of Open-Meteo daily weather for the airline hub; thresholds are broad aviation-disruption proxies (>=25mm rain, >=40km/h wind, fog codes).  Weather is a risk/execution variable, not an earnings forecast.",2026-08-10T08:21:49.545686+00:00
airline_weather_risk,HKG,Hong Kong International,2024-04,30,4,0,0,59.9,11.620000000000001,31.0,26.530000000000005,high,"Monthly aggregate of Open-Meteo daily weather for the airline hub; thresholds are broad aviation-disruption proxies (>=25mm rain, >=40km/h wind, fog codes).  Weather is a risk/execution variable, not an earnings forecast.",2026-08-10T08:21:49.545686+00:00
airline_weather_risk,HKG,Hong Kong International,2024-05,31,9,0,0,47.9,12.73870967741936,28.1,26.583870967741937,high,"Monthly aggregate of Open-Meteo daily weather for the airline hub; thresholds are broad aviation-disruption proxies (>=25mm rain, >=40km/h wind, fog codes).  Weather is a risk/execution variable, not an earnings forecast.",2026-08-10T08:21:49.545686+00:00
airline_weather_risk,HKG,Hong Kong International,2024-06,30,3,0,0,38.8,8.45,34.4,28.733333333333334,moderate,"Monthly aggregate of Open-Meteo daily weather for the airline hub; thresholds are broad aviation-disruption proxies (>=25mm rain, >=40km/h wind, fog codes).  Weather is a risk/execution variable, not an earnings forecast.",2026-08-10T08:21:49.545686+00:00
airline_weather_risk,HKG,Hong Kong International,2024-07,31,1,0,0,42.5,6.7548387096774185,36.8,29.974193548387102,low,"Monthly aggregate of Open-Meteo daily weather for the airline hub; thresholds are broad aviation-disruption proxies (>=25mm rain, >=40km/h wind, fog codes).  Weather is a risk/execution variable, not an earnings forecast.",2026-08-10T08:21:49.545686+00:00
airline_weather_risk,HKG,Hong Kong International,2024-08,31,7,0,0,50.7,11.13548387096774,25.8,29.719354838709677,high,"Monthly aggregate of Open-Meteo daily weather for the airline hub; thresholds are broad aviation-disruption proxies (>=25mm rain, >=40km/h wind, fog codes).  Weather is a risk/execution variable, not an earnings forecast.",2026-08-10T08:21:49.545686+00:00
airline_weather_risk,HKG,Hong Kong International,2024-09,30,5,0,0,61.1,11.253333333333332,33.1,29.506666666666668,high,"Monthly aggregate of Open-Meteo daily weather for the airline hub; thresholds are broad aviation-disruption proxies (>=25mm rain, >=40km/h wind, fog codes).  Weather is a risk/execution variable, not an earnings forecast.",2026-08-10T08:21:49.545686+00:00
airline_weather_risk,HKG,Hong Kong International,2024-10,31,0,0,0,4.0,0.2903225806451613,32.2,28.203225806451613,low,"Monthly aggregate of Open-Meteo daily weather for the airline hub; thresholds are broad aviation-disruption proxies (>=25mm rain, >=40km/h wind, fog codes).  Weather is a risk/execution variable, not an earnings forecast.",2026-08-10T08:21:49.545686+00:00
airline_weather_risk,HKG,Hong Kong International,2024-11,30,5,0,0,33.5,6.683333333333334,30.6,24.276666666666664,high,"Monthly aggregate of Open-Meteo daily weather for the airline hub; thresholds are broad aviation-disruption proxies (>=25mm rain, >=40km/h wind, fog codes).  Weather is a risk/execution variable, not an earnings forecast.",2026-08-10T08:21:49.545686+00:00
airline_weather_risk,HKG,Hong Kong International,2024-12,31,0,0,0,0.1,0.0064516129032258064,28.1,19.803225806451607,low,"Monthly aggregate of Open-Meteo daily weather for the airline hub; thresholds are broad aviation-disruption proxies (>=25mm rain, >=40km/h wind, fog codes).  Weather is a risk/execution variable, not an earnings forecast.",2026-08-10T08:21:49.545686+00:00
airline_weather_risk,HKG,Hong Kong International,2025-01,31,0,0,0,14.0,0.6838709677419355,30.8,18.551612903225806,low,"Monthly aggregate of Open-Meteo daily weather for the airline hub; thresholds are broad aviation-disruption proxies (>=25mm rain, >=40km/h wind, fog codes).  Weather is a risk/execution variable, not an earnings forecast.",2026-08-10T08:21:49.545686+00:00
airline_weather_risk,HKG,Hong Kong International,2025-02,28,0,0,0,5.2,0.7285714285714285,26.1,18.917857142857144,low,"Monthly aggregate of Open-Meteo daily weather for the airline hub; thresholds are broad aviation-disruption proxies (>=25mm rain, >=40km/h wind, fog codes).  Weather is a risk/execution variable, not an earnings forecast.",2026-08-10T08:21:49.545686+00:00
airline_weather_risk,HKG,Hong Kong International,2025-03,31,2,0,0,30.5,3.570967741935484,28.8,20.861290322580643,moderate,"Monthly aggregate of Open-Meteo daily weather for the airline hub; thresholds are broad aviation-disruption proxies (>=25mm rain, >=40km/h wind, fog codes).  Weather is a risk/execution variable, not an earnings forecast.",2026-08-10T08:21:49.545686+00:00
airline_weather_risk,HKG,Hong Kong International,2025-04,30,0,0,0,22.2,2.1266666666666665,31.3,24.33,low,"Monthly aggregate of Open-Meteo daily weather for the airline hub; thresholds are broad aviation-disruption proxies (>=25mm rain, >=40km/h wind, fog codes).  Weather is a risk/execution variable, not an earnings forecast.",2026-08-10T08:21:49.545686+00:00
airline_weather_risk,HKG,Hong Kong International,2025-05,31,2,0,0,45.7,5.141935483870968,28.0,27.883870967741938,moderate,"Monthly aggregate of Open-Meteo daily weather for the airline hub; thresholds are broad aviation-disruption proxies (>=25mm rain, >=40km/h wind, fog codes).  Weather is a risk/execution variable, not an earnings forecast.",2026-08-10T08:21:49.545686+00:00
airline_weather_risk,HKG,Hong Kong International,2025-06,30,3,0,0,52.4,9.786666666666667,34.6,29.043333333333337,moderate,"Monthly aggregate of Open-Meteo daily weather for the airline hub; thresholds are broad aviation-disruption proxies (>=25mm rain, >=40km/h wind, fog codes).  Weather is a risk/execution variable, not an earnings forecast.",2026-08-10T08:21:49.545686+00:00
airline_weather_risk,HKG,Hong Kong International,2025-07,31,7,1,0,87.3,15.009677419354839,61.9,30.177419354838705,high,"Monthly aggregate of Open-Meteo daily weather for the airline hub; thresholds are broad aviation-disruption proxies (>=25mm rain, >=40km/h wind, fog codes).  Weather is a risk/execution variable, not an earnings forecast.",2026-08-10T08:21:49.545686+00:00
airline_weather_risk,HKG,Hong Kong International,2025-08,31,4,0,0,75.4,10.77741935483871,26.2,29.545161290322582,high,"Monthly aggregate of Open-Meteo daily weather for the airline hub; thresholds are broad aviation-disruption proxies (>=25mm rain, >=40km/h wind, fog codes).  Weather is a risk/execution variable, not an earnings forecast.",2026-08-10T08:21:49.545686+00:00
airline_weather_risk,HKG,Hong Kong International,2025-09,30,3,1,0,109.1,11.159999999999998,58.1,29.853333333333335,moderate,"Monthly aggregate of Open-Meteo daily weather for the airline hub; thresholds are broad aviation-disruption proxies (>=25mm rain, >=40km/h wind, fog codes).  Weather is a risk/execution variable, not an earnings forecast.",2026-08-10T08:21:49.545686+00:00
airline_weather_risk,HKG,Hong Kong International,2025-10,31,0,0,0,16.9,2.2322580645161287,35.5,28.380645161290317,low,"Monthly aggregate of Open-Meteo daily weather for the airline hub; thresholds are broad aviation-disruption proxies (>=25mm rain, >=40km/h wind, fog codes).  Weather is a risk/execution variable, not an earnings forecast.",2026-08-10T08:21:49.545686+00:00
airline_weather_risk,HKG,Hong Kong International,2025-11,30,0,0,0,1.9,0.2,30.6,23.936666666666664,low,"Monthly aggregate of Open-Meteo daily weather for the airline hub; thresholds are broad aviation-disruption proxies (>=25mm rain, >=40km/h wind, fog codes).  Weather is a risk/execution variable, not an earnings forecast.",2026-08-10T08:21:49.545686+00:00
airline_weather_risk,HKG,Hong Kong International,2025-12,31,0,0,0,3.6,0.48387096774193555,26.9,21.62903225806452,low,"Monthly aggregate of Open-Meteo daily weather for the airline hub; thresholds are broad aviation-disruption proxies (>=25mm rain, >=40km/h wind, fog codes).  Weather is a risk/execution variable, not an earnings forecast.",2026-08-10T08:21:49.545686+00:00
airline_weather_risk,HKG,Hong Kong International,2026-01,31,0,0,0,2.4,0.17419354838709677,25.4,18.95483870967742,low,"Monthly aggregate of Open-Meteo daily weather for the airline hub; thresholds are broad aviation-disruption proxies (>=25mm rain, >=40km/h wind, fog codes).  Weather is a risk/execution variable, not an earnings forecast.",2026-08-10T08:21:49.545686+00:00
airline_weather_risk,HKG,Hong Kong International,2026-02,28,0,0,0,15.6,0.7678571428571429,28.3,21.296428571428574,low,"Monthly aggregate of Open-Meteo daily weather for the airline hub; thresholds are broad aviation-disruption proxies (>=25mm rain, >=40km/h wind, fog codes).  Weather is a risk/execution variable, not an earnings forecast.",2026-08-10T08:21:49.545686+00:00
airline_weather_risk,HKG,Hong Kong International,2026-03,31,0,0,0,20.7,1.8741935483870966,26.6,22.912903225806453,low,"Monthly aggregate of Open-Meteo daily weather for the airline hub; thresholds are broad aviation-disruption proxies (>=25mm rain, >=40km/h wind, fog codes).  Weather is a risk/execution variable, not an earnings forecast.",2026-08-10T08:21:49.545686+00:00
airline_weather_risk,HKG,Hong Kong International,2026-04,30,2,0,0,45.0,6.083333333333333,30.7,26.173333333333336,moderate,"Monthly aggregate of Open-Meteo daily weather for the airline hub; thresholds are broad aviation-disruption proxies (>=25mm rain, >=40km/h wind, fog codes).  Weather is a risk/execution variable, not an earnings forecast.",2026-08-10T08:21:49.545686+00:00
airline_weather_risk,HKG,Hong Kong International,2026-05,31,2,0,0,57.0,6.161290322580645,28.3,27.896774193548392,moderate,"Monthly aggregate of Open-Meteo daily weather for the airline hub; thresholds are broad aviation-disruption proxies (>=25mm rain, >=40km/h wind, fog codes).  Weather is a risk/execution variable, not an earnings forecast.",2026-08-10T08:21:49.545686+00:00
airline_weather_risk,HKG,Hong Kong International,2026-06,30,8,0,0,79.4,17.733333333333334,29.2,29.624000000000002,high,"Monthly aggregate of Open-Meteo daily weather for the airline hub; thresholds are broad aviation-disruption proxies (>=25mm rain, >=40km/h wind, fog codes).  Weather is a risk/execution variable, not an earnings forecast.",2026-08-10T08:21:49.545686+00:00
airline_weather_risk,HKG,Hong Kong International,2026-07,31,6,1,0,110.9,17.258064516129032,57.3,,high,"Monthly aggregate of Open-Meteo daily weather for the airline hub; thresholds are broad aviation-disruption proxies (>=25mm rain, >=40km/h wind, fog codes).  Weather is a risk/execution variable, not an earnings forecast.",2026-08-10T08:21:49.545686+00:00
airline_weather_risk,HKG,Hong Kong International,2026-08,12,1,0,0,27.7,7.358333333333332,21.5,,low,"Monthly aggregate of Open-Meteo daily weather for the airline hub; thresholds are broad aviation-disruption proxies (>=25mm rain, >=40km/h wind, fog codes).  Weather is a risk/execution variable, not an earnings forecast.",2026-08-10T08:21:49.545686+00:00
airline_weather_risk,PEK,Beijing Capital,2020-01,31,0,0,0,1.8,0.1032258064516129,18.9,3.974193548387097,low,"Monthly aggregate of Open-Meteo daily weather for the airline hub; thresholds are broad aviation-disruption proxies (>=25mm rain, >=40km/h wind, fog codes).  Weather is a risk/execution variable, not an earnings forecast.",2026-08-10T08:21:49.545686+00:00
airline_weather_risk,PEK,Beijing Capital,2020-02,29,0,0,0,15.6,0.7655172413793103,25.9,6.848275862068966,low,"Monthly aggregate of Open-Meteo daily weather for the airline hub; thresholds are broad aviation-disruption proxies (>=25mm rain, >=40km/h wind, fog codes).  Weather is a risk/execution variable, not an earnings forecast.",2026-08-10T08:21:49.545686+00:00
airline_weather_risk,PEK,Beijing Capital,2020-03,31,0,1,0,4.4,0.6064516129032257,43.0,15.167741935483871,low,"Monthly aggregate of Open-Meteo daily weather for the airline hub; thresholds are broad aviation-disruption proxies (>=25mm rain, >=40km/h wind, fog codes).  Weather is a risk/execution variable, not an earnings forecast.",2026-08-10T08:21:49.545686+00:00
airline_weather_risk,PEK,Beijing Capital,2020-04,30,0,0,0,10.1,0.3966666666666666,35.2,21.47333333333334,low,"Monthly aggregate of Open-Meteo daily weather for the airline hub; thresholds are broad aviation-disruption proxies (>=25mm rain, >=40km/h wind, fog codes).  Weather is a risk/execution variable, not an earnings forecast.",2026-08-10T08:21:49.545686+00:00
airline_weather_risk,PEK,Beijing Capital,2020-05,31,0,0,0,9.0,0.9419354838709678,34.3,27.22258064516129,low,"Monthly aggregate of Open-Meteo daily weather for the airline hub; thresholds are broad aviation-disruption proxies (>=25mm rain, >=40km/h wind, fog codes).  Weather is a risk/execution variable, not an earnings forecast.",2026-08-10T08:21:49.545686+00:00
airline_weather_risk,PEK,Beijing Capital,2020-06,30,0,0,0,15.6,0.76,26.4,32.93,low,"Monthly aggregate of Open-Meteo daily weather for the airline hub; thresholds are broad aviation-disruption proxies (>=25mm rain, >=40km/h wind, fog codes).  Weather is a risk/execution variable, not an earnings forecast.",2026-08-10T08:21:49.545686+00:00
airline_weather_risk,PEK,Beijing Capital,2020-07,31,0,0,0,20.1,3.041935483870968,19.0,31.132258064516133,low,"Monthly aggregate of Open-Meteo daily weather for the airline hub; thresholds are broad aviation-disruption proxies (>=25mm rain, >=40km/h wind, fog codes).  Weather is a risk/execution variable, not an earnings forecast.",2026-08-10T08:21:49.545686+00:00
airline_weather_risk,PEK,Beijing Capital,2020-08,31,3,0,0,54.9,6.306451612903226,31.6,30.258064516129036,moderate,"Monthly aggregate of Open-Meteo daily weather for the airline hub; thresholds are broad aviation-disruption proxies (>=25mm rain, >=40km/h wind, fog codes).  Weather is a risk/execution variable, not an earnings forecast.",2026-08-10T08:21:49.545686+00:00
airline_weather_risk,PEK,Beijing Capital,2020-09,30,1,0,0,26.8,2.44,24.3,25.81,low,"Monthly aggregate of Open-Meteo daily weather for the airline hub; thresholds are broad aviation-disruption proxies (>=25mm rain, >=40km/h wind, fog codes).  Weather is a risk/execution variable, not an earnings forecast.",2026-08-10T08:21:49.545686+00:00
airline_weather_risk,PEK,Beijing Capital,2020-10,31,0,0,0,6.8,0.24193548387096772,30.6,18.50967741935484,low,"Monthly aggregate of Open-Meteo daily weather for the airline hub; thresholds are broad aviation-disruption proxies (>=25mm rain, >=40km/h wind, fog codes).  Weather is a risk/execution variable, not an earnings forecast.",2026-08-10T08:21:49.545686+00:00
airline_weather_risk,PEK,Beijing Capital,2020-11,30,0,0,0,22.8,0.95,30.8,10.57666666666667,low,"Monthly aggregate of Open-Meteo daily weather for the airline hub; thresholds are broad aviation-disruption proxies (>=25mm rain, >=40km/h wind, fog codes).  Weather is a risk/execution variable, not an earnings forecast.",2026-08-10T08:21:49.545686+00:00
airline_weather_risk,PEK,Beijing Capital,2020-12,31,0,0,0,0.6,0.01935483870967742,30.3,2.2129032258064516,low,"Monthly aggregate of Open-Meteo daily weather for the airline hub; thresholds are broad aviation-disruption proxies (>=25mm rain, >=40km/h wind, fog codes).  Weather is a risk/execution variable, not an earnings forecast.",2026-08-10T08:21:49.545686+00:00
airline_weather_risk,PEK,Beijing Capital,2021-01,31,0,0,0,2.1,0.06774193548387097,33.3,1.1419354838709677,low,"Monthly aggregate of Open-Meteo daily weather for the airline hub; thresholds are broad aviation-disruption proxies (>=25mm rain, >=40km/h wind, fog codes).  Weather is a risk/execution variable, not an earnings forecast.",2026-08-10T08:21:49.545686+00:00
airline_weather_risk,PEK,Beijing Capital,2021-02,28,0,0,0,7.3,0.38571428571428573,30.4,8.464285714285714,low,"Monthly aggregate of Open-Meteo daily weather for the airline hub; thresholds are broad aviation-disruption proxies (>=25mm rain, >=40km/h wind, fog codes).  Weather is a risk/execution variable, not an earnings forecast.",2026-08-10T08:21:49.545686+00:00
airline_weather_risk,PEK,Beijing Capital,2021-03,31,0,0,0,8.6,0.6290322580645161,30.6,14.12258064516129,low,"Monthly aggregate of Open-Meteo daily weather for the airline hub; thresholds are broad aviation-disruption proxies (>=25mm rain, >=40km/h wind, fog codes).  Weather is a risk/execution variable, not an earnings forecast.",2026-08-10T08:21:49.545686+00:00
airline_weather_risk,PEK,Beijing Capital,2021-04,30,0,0,0,2.3,0.19,31.4,20.34666666666667,low,"Monthly aggregate of Open-Meteo daily weather for the airline hub; thresholds are broad aviation-disruption proxies (>=25mm rain, >=40km/h wind, fog codes).  Weather is a risk/execution variable, not an earnings forecast.",2026-08-10T08:21:49.545686+00:00
airline_weather_risk,PEK,Beijing Capital,2021-05,31,0,1,0,15.0,1.0806451612903225,40.1,26.538709677419355,low,"Monthly aggregate of Open-Meteo daily weather for the airline hub; thresholds are broad aviation-disruption proxies (>=25mm rain, >=40km/h wind, fog codes).  Weather is a risk/execution variable, not an earnings forecast.",2026-08-10T08:21:49.545686+00:00
airline_weather_risk,PEK,Beijing Capital,2021-06,30,0,0,0,16.8,2.8399999999999994,29.1,31.436666666666667,low,"Monthly aggregate of Open-Meteo daily weather for the airline hub; thresholds are broad aviation-disruption proxies (>=25mm rain, >=40km/h wind, fog codes).  Weather is a risk/execution variable, not an earnings forecast.",2026-08-10T08:21:49.545686+00:00
airline_weather_risk,PEK,Beijing Capital,2021-07,31,3,0,0,72.8,11.561290322580648,31.0,29.416129032258063,moderate,"Monthly aggregate of Open-Meteo daily weather for the airline hub; thresholds are broad aviation-disruption proxies (>=25mm rain, >=40km/h wind, fog codes).  Weather is a risk/execution variable, not an earnings forecast.",2026-08-10T08:21:49.545686+00:00
airline_weather_risk,PEK,Beijing Capital,2021-08,31,1,0,0,27.9,3.490322580645161,18.5,28.12258064516129,low,"Monthly aggregate of Open-Meteo daily weather for the airline hub; thresholds are broad aviation-disruption proxies (>=25mm rain, >=40km/h wind, fog codes).  Weather is a risk/execution variable, not an earnings forecast.",2026-08-10T08:21:49.545686+00:00
airline_weather_risk,PEK,Beijing Capital,2021-09,30,2,0,0,40.6,5.099999999999999,21.9,24.603333333333335,moderate,"Monthly aggregate of Open-Meteo daily weather for the airline hub; thresholds are broad aviation-disruption proxies (>=25mm rain, >=40km/h wind, fog codes).  Weather is a risk/execution variable, not an earnings forecast.",2026-08-10T08:21:49.545686+00:00
airline_weather_risk,PEK,Beijing Capital,2021-10,31,0,0,0,17.4,1.7645161290322582,22.4,16.706451612903226,low,"Monthly aggregate of Open-Meteo daily weather for the airline hub; thresholds are broad aviation-disruption proxies (>=25mm rain, >=40km/h wind, fog codes).  Weather is a risk/execution variable, not an earnings forecast.",2026-08-10T08:21:49.545686+00:00
airline_weather_risk,PEK,Beijing Capital,2021-11,30,0,0,0,11.4,0.81,32.3,9.616666666666667,low,"Monthly aggregate of Open-Meteo daily weather for the airline hub; thresholds are broad aviation-disruption proxies (>=25mm rain, >=40km/h wind, fog codes).  Weather is a risk/execution variable, not an earnings forecast.",2026-08-10T08:21:49.545686+00:00
airline_weather_risk,PEK,Beijing Capital,2021-12,31,0,0,0,3.4,0.11290322580645161,25.6,4.725806451612902,low,"Monthly aggregate of Open-Meteo daily weather for the airline hub; thresholds are broad aviation-disruption proxies (>=25mm rain, >=40km/h wind, fog codes).  Weather is a risk/execution variable, not an earnings forecast.",2026-08-10T08:21:49.545686+00:00
airline_weather_risk,PEK,Beijing Capital,2022-01,31,0,0,0,1.7,0.0967741935483871,26.2,2.083870967741935,low,"Monthly aggregate of Open-Meteo daily weather for the airline hub; thresholds are broad aviation-disruption proxies (>=25mm rain, >=40km/h wind, fog codes).  Weather is a risk/execution variable, not an earnings forecast.",2026-08-10T08:21:49.545686+00:00
airline_weather_risk,PEK,Beijing Capital,2022-02,28,0,0,0,3.9,0.1392857142857143,27.2,4.45,low,"Monthly aggregate of Open-Meteo daily weather for the airline hub; thresholds are broad aviation-disruption proxies (>=25mm rain, >=40km/h wind, fog codes).  Weather is a risk/execution variable, not an earnings forecast.",2026-08-10T08:21:49.545686+00:00
airline_weather_risk,PEK,Beijing Capital,2022-03,31,0,0,0,4.6,0.6225806451612903,34.1,12.845161290322581,low,"Monthly aggregate of Open-Meteo daily weather for the airline hub; thresholds are broad aviation-disruption proxies (>=25mm rain, >=40km/h wind, fog codes).  Weather is a risk/execution variable, not an earnings forecast.",2026-08-10T08:21:49.545686+00:00
airline_weather_risk,PEK,Beijing Capital,2022-04,30,0,0,0,6.2,0.5266666666666667,34.8,22.293333333333333,low,"Monthly aggregate of Open-Meteo daily weather for the airline hub; thresholds are broad aviation-disruption proxies (>=25mm rain, >=40km/h wind, fog codes).  Weather is a risk/execution variable, not an earnings forecast.",2026-08-10T08:21:49.545686+00:00
airline_weather_risk,PEK,Beijing Capital,2022-05,31,0,0,0,6.5,0.4838709677419355,29.8,27.574193548387104,low,"Monthly aggregate of Open-Meteo daily weather for the airline hub; thresholds are broad aviation-disruption proxies (>=25mm rain, >=40km/h wind, fog codes).  Weather is a risk/execution variable, not an earnings forecast.",2026-08-10T08:21:49.545686+00:00
airline_weather_risk,PEK,Beijing Capital,2022-06,30,1,0,0,33.3,5.346666666666666,33.1,30.440000000000005,low,"Monthly aggregate of Open-Meteo daily weather for the airline hub; thresholds are broad aviation-disruption proxies (>=25mm rain, >=40km/h wind, fog codes).  Weather is a risk/execution variable, not an earnings forecast.",2026-08-10T08:21:49.545686+00:00
airline_weather_risk,PEK,Beijing Capital,2022-07,31,2,0,0,73.2,6.970967741935484,19.6,31.53870967741935,moderate,"Monthly aggregate of Open-Meteo daily weather for the airline hub; thresholds are broad aviation-disruption proxies (>=25mm rain, >=40km/h wind, fog codes).  Weather is a risk/execution variable, not an earnings forecast.",2026-08-10T08:21:49.545686+00:00
airline_weather_risk,PEK,Beijing Capital,2022-08,31,4,0,0,51.9,6.5,22.9,29.51935483870968,high,"Monthly aggregate of Open-Meteo daily weather for the airline hub; thresholds are broad aviation-disruption proxies (>=25mm rain, >=40km/h wind, fog codes).  Weather is a risk/execution variable, not an earnings forecast.",2026-08-10T08:21:49.545686+00:00
airline_weather_risk,PEK,Beijing Capital,2022-09,30,0,0,0,1.9,0.09999999999999999,36.2,27.823333333333327,low,"Monthly aggregate of Open-Meteo daily weather for the airline hub; thresholds are broad aviation-disruption proxies (>=25mm rain, >=40km/h wind, fog codes).  Weather is a risk/execution variable, not an earnings forecast.",2026-08-10T08:21:49.545686+00:00
airline_weather_risk,PEK,Beijing Capital,2022-10,31,0,0,0,8.0,0.4,33.5,17.79354838709677,low,"Monthly aggregate of Open-Meteo daily weather for the airline hub; thresholds are broad aviation-disruption proxies (>=25mm rain, >=40km/h wind, fog codes).  Weather is a risk/execution variable, not an earnings forecast.",2026-08-10T08:21:49.545686+00:00
airline_weather_risk,PEK,Beijing Capital,2022-11,30,0,0,0,19.5,0.9333333333333335,38.2,10.536666666666667,low,"Monthly aggregate of Open-Meteo daily weather for the airline hub; thresholds are broad aviation-disruption proxies (>=25mm rain, >=40km/h wind, fog codes).  Weather is a risk/execution variable, not an earnings forecast.",2026-08-10T08:21:49.545686+00:00
airline_weather_risk,PEK,Beijing Capital,2022-12,31,0,0,0,0.7,0.02258064516129032,28.2,1.0935483870967742,low,"Monthly aggregate of Open-Meteo daily weather for the airline hub; thresholds are broad aviation-disruption proxies (>=25mm rain, >=40km/h wind, fog codes).  Weather is a risk/execution variable, not an earnings forecast.",2026-08-10T08:21:49.545686+00:00
airline_weather_risk,PEK,Beijing Capital,2023-01,31,0,0,0,2.4,0.10967741935483871,30.7,2.8096774193548386,low,"Monthly aggregate of Open-Meteo daily weather for the airline hub; thresholds are broad aviation-disruption proxies (>=25mm rain, >=40km/h wind, fog codes).  Weather is a risk/execution variable, not an earnings forecast.",2026-08-10T08:21:49.545686+00:00
airline_weather_risk,PEK,Beijing Capital,2023-02,28,0,0,0,4.2,0.25357142857142856,23.8,6.267857142857144,low,"Monthly aggregate of Open-Meteo daily weather for the airline hub; thresholds are broad aviation-disruption proxies (>=25mm rain, >=40km/h wind, fog codes).  Weather is a risk/execution variable, not an earnings forecast.",2026-08-10T08:21:49.545686+00:00
airline_weather_risk,PEK,Beijing Capital,2023-03,31,0,0,0,3.0,0.18064516129032257,31.7,16.45806451612903,low,"Monthly aggregate of Open-Meteo daily weather for the airline hub; thresholds are broad aviation-disruption proxies (>=25mm rain, >=40km/h wind, fog codes).  Weather is a risk/execution variable, not an earnings forecast.",2026-08-10T08:21:49.545686+00:00
airline_weather_risk,PEK,Beijing Capital,2023-04,30,0,0,0,11.7,0.8533333333333334,28.1,20.779999999999998,low,"Monthly aggregate of Open-Meteo daily weather for the airline hub; thresholds are broad aviation-disruption proxies (>=25mm rain, >=40km/h wind, fog codes).  Weather is a risk/execution variable, not an earnings forecast.",2026-08-10T08:21:49.545686+00:00
airline_weather_risk,PEK,Beijing Capital,2023-05,31,0,0,0,12.0,1.332258064516129,29.6,27.370967741935488,low,"Monthly aggregate of Open-Meteo daily weather for the airline hub; thresholds are broad aviation-disruption proxies (>=25mm rain, >=40km/h wind, fog codes).  Weather is a risk/execution variable, not an earnings forecast.",2026-08-10T08:21:49.545686+00:00
airline_weather_risk,PEK,Beijing Capital,2023-06,30,0,0,0,7.3,0.45,29.2,35.36666666666667,low,"Monthly aggregate of Open-Meteo daily weather for the airline hub; thresholds are broad aviation-disruption proxies (>=25mm rain, >=40km/h wind, fog codes).  Weather is a risk/execution variable, not an earnings forecast.",2026-08-10T08:21:49.545686+00:00
airline_weather_risk,PEK,Beijing Capital,2023-07,31,4,0,0,80.9,8.393548387096773,26.3,33.93548387096775,high,"Monthly aggregate of Open-Meteo daily weather for the airline hub; thresholds are broad aviation-disruption proxies (>=25mm rain, >=40km/h wind, fog codes).  Weather is a risk/execution variable, not an earnings forecast.",2026-08-10T08:21:49.545686+00:00
airline_weather_risk,PEK,Beijing Capital,2023-08,31,2,0,0,44.7,4.380645161290323,22.5,30.164516129032258,moderate,"Monthly aggregate of Open-Meteo daily weather for the airline hub; thresholds are broad aviation-disruption proxies (>=25mm rain, >=40km/h wind, fog codes).  Weather is a risk/execution variable, not an earnings forecast.",2026-08-10T08:21:49.545686+00:00
airline_weather_risk,PEK,Beijing Capital,2023-09,30,1,0,0,92.7,3.9966666666666666,21.0,26.73666666666667,low,"Monthly aggregate of Open-Meteo daily weather for the airline hub; thresholds are broad aviation-disruption proxies (>=25mm rain, >=40km/h wind, fog codes).  Weather is a risk/execution variable, not an earnings forecast.",2026-08-10T08:21:49.545686+00:00
airline_weather_risk,PEK,Beijing Capital,2023-10,31,0,0,0,2.8,0.24838709677419354,23.8,21.248387096774188,low,"Monthly aggregate of Open-Meteo daily weather for the airline hub; thresholds are broad aviation-disruption proxies (>=25mm rain, >=40km/h wind, fog codes).  Weather is a risk/execution variable, not an earnings forecast.",2026-08-10T08:21:49.545686+00:00
airline_weather_risk,PEK,Beijing Capital,2023-11,30,0,0,0,6.8,0.22666666666666666,32.7,8.736666666666666,low,"Monthly aggregate of Open-Meteo daily weather for the airline hub; thresholds are broad aviation-disruption proxies (>=25mm rain, >=40km/h wind, fog codes).  Weather is a risk/execution variable, not an earnings forecast.",2026-08-10T08:21:49.545686+00:00
airline_weather_risk,PEK,Beijing Capital,2023-12,31,0,0,0,5.7,0.432258064516129,25.2,0.9516129032258065,low,"Monthly aggregate of Open-Meteo daily weather for the airline hub; thresholds are broad aviation-disruption proxies (>=25mm rain, >=40km/h wind, fog codes).  Weather is a risk/execution variable, not an earnings forecast.",2026-08-10T08:21:49.545686+00:00
airline_weather_risk,PEK,Beijing Capital,2024-01,31,0,0,0,0.2,0.0064516129032258064,27.1,2.1870967741935488,low,"Monthly aggregate of Open-Meteo daily weather for the airline hub; thresholds are broad aviation-disruption proxies (>=25mm rain, >=40km/h wind, fog codes).  Weather is a risk/execution variable, not an earnings forecast.",2026-08-10T08:21:49.545686+00:00
airline_weather_risk,PEK,Beijing Capital,2024-02,29,0,0,0,3.2,0.22413793103448276,25.9,5.3999999999999995,low,"Monthly aggregate of Open-Meteo daily weather for the airline hub; thresholds are broad aviation-disruption proxies (>=25mm rain, >=40km/h wind, fog codes).  Weather is a risk/execution variable, not an earnings forecast.",2026-08-10T08:21:49.545686+00:00
airline_weather_risk,PEK,Beijing Capital,2024-03,31,0,0,0,3.1,0.267741935483871,33.3,14.838709677419356,low,"Monthly aggregate of Open-Meteo daily weather for the airline hub; thresholds are broad aviation-disruption proxies (>=25mm rain, >=40km/h wind, fog codes).  Weather is a risk/execution variable, not an earnings forecast.",2026-08-10T08:21:49.545686+00:00
airline_weather_risk,PEK,Beijing Capital,2024-04,30,0,0,0,11.6,1.1433333333333335,26.1,22.933333333333334,low,"Monthly aggregate of Open-Meteo daily weather for the airline hub; thresholds are broad aviation-disruption proxies (>=25mm rain, >=40km/h wind, fog codes).  Weather is a risk/execution variable, not an earnings forecast.",2026-08-10T08:21:49.545686+00:00
airline_weather_risk,PEK,Beijing Capital,2024-05,31,0,0,0,19.1,1.3612903225806452,34.5,28.53870967741935,low,"Monthly aggregate of Open-Meteo daily weather for the airline hub; thresholds are broad aviation-disruption proxies (>=25mm rain, >=40km/h wind, fog codes).  Weather is a risk/execution variable, not an earnings forecast.",2026-08-10T08:21:49.545686+00:00
airline_weather_risk,PEK,Beijing Capital,2024-06,30,0,0,0,12.0,1.0733333333333335,25.5,34.099999999999994,low,"Monthly aggregate of Open-Meteo daily weather for the airline hub; thresholds are broad aviation-disruption proxies (>=25mm rain, >=40km/h wind, fog codes).  Weather is a risk/execution variable, not an earnings forecast.",2026-08-10T08:21:49.545686+00:00
airline_weather_risk,PEK,Beijing Capital,2024-07,31,2,0,0,86.1,6.719354838709678,30.6,32.270967741935486,moderate,"Monthly aggregate of Open-Meteo daily weather for the airline hub; thresholds are broad aviation-disruption proxies (>=25mm rain, >=40km/h wind, fog codes).  Weather is a risk/execution variable, not an earnings forecast.",2026-08-10T08:21:49.545686+00:00
airline_weather_risk,PEK,Beijing Capital,2024-08,31,3,0,0,75.5,10.003225806451614,29.3,30.03870967741935,moderate,"Monthly aggregate of Open-Meteo daily weather for the airline hub; thresholds are broad aviation-disruption proxies (>=25mm rain, >=40km/h wind, fog codes).  Weather is a risk/execution variable, not an earnings forecast.",2026-08-10T08:21:49.545686+00:00
airline_weather_risk,PEK,Beijing Capital,2024-09,30,0,0,0,12.3,1.62,29.2,25.313333333333325,low,"Monthly aggregate of Open-Meteo daily weather for the airline hub; thresholds are broad aviation-disruption proxies (>=25mm rain, >=40km/h wind, fog codes).  Weather is a risk/execution variable, not an earnings forecast.",2026-08-10T08:21:49.545686+00:00
airline_weather_risk,PEK,Beijing Capital,2024-10,31,0,0,0,5.6,0.6290322580645162,24.1,17.9741935483871,low,"Monthly aggregate of Open-Meteo daily weather for the airline hub; thresholds are broad aviation-disruption proxies (>=25mm rain, >=40km/h wind, fog codes).  Weather is a risk/execution variable, not an earnings forecast.",2026-08-10T08:21:49.545686+00:00
airline_weather_risk,PEK,Beijing Capital,2024-11,30,0,0,0,10.6,0.6033333333333334,31.4,12.243333333333334,low,"Monthly aggregate of Open-Meteo daily weather for the airline hub; thresholds are broad aviation-disruption proxies (>=25mm rain, >=40km/h wind, fog codes).  Weather is a risk/execution variable, not an earnings forecast.",2026-08-10T08:21:49.545686+00:00
airline_weather_risk,PEK,Beijing Capital,2024-12,31,0,0,0,0.0,0.0,25.4,4.319354838709677,low,"Monthly aggregate of Open-Meteo daily weather for the airline hub; thresholds are broad aviation-disruption proxies (>=25mm rain, >=40km/h wind, fog codes).  Weather is a risk/execution variable, not an earnings forecast.",2026-08-10T08:21:49.545686+00:00
airline_weather_risk,PEK,Beijing Capital,2025-01,31,0,0,0,0.6,0.02258064516129032,28.2,3.3483870967741933,low,"Monthly aggregate of Open-Meteo daily weather for the airline hub; thresholds are broad aviation-disruption proxies (>=25mm rain, >=40km/h wind, fog codes).  Weather is a risk/execution variable, not an earnings forecast.",2026-08-10T08:21:49.545686+00:00
airline_weather_risk,PEK,Beijing Capital,2025-02,28,0,0,0,0.0,0.0,29.8,4.9821428571428585,low,"Monthly aggregate of Open-Meteo daily weather for the airline hub; thresholds are broad aviation-disruption proxies (>=25mm rain, >=40km/h wind, fog codes).  Weather is a risk/execution variable, not an earnings forecast.",2026-08-10T08:21:49.545686+00:00
airline_weather_risk,PEK,Beijing Capital,2025-03,31,0,0,0,4.6,0.30322580645161284,37.5,15.506451612903227,low,"Monthly aggregate of Open-Meteo daily weather for the airline hub; thresholds are broad aviation-disruption proxies (>=25mm rain, >=40km/h wind, fog codes).  Weather is a risk/execution variable, not an earnings forecast.",2026-08-10T08:21:49.545686+00:00
airline_weather_risk,PEK,Beijing Capital,2025-04,30,0,1,0,15.1,0.5733333333333334,42.2,23.60666666666667,low,"Monthly aggregate of Open-Meteo daily weather for the airline hub; thresholds are broad aviation-disruption proxies (>=25mm rain, >=40km/h wind, fog codes).  Weather is a risk/execution variable, not an earnings forecast.",2026-08-10T08:21:49.545686+00:00
airline_weather_risk,PEK,Beijing Capital,2025-05,31,1,0,0,34.7,2.9419354838709677,31.1,26.58064516129032,low,"Monthly aggregate of Open-Meteo daily weather for the airline hub; thresholds are broad aviation-disruption proxies (>=25mm rain, >=40km/h wind, fog codes).  Weather is a risk/execution variable, not an earnings forecast.",2026-08-10T08:21:49.545686+00:00
airline_weather_risk,PEK,Beijing Capital,2025-06,30,1,0,0,41.6,2.0700000000000003,27.2,33.05333333333333,low,"Monthly aggregate of Open-Meteo daily weather for the airline hub; thresholds are broad aviation-disruption proxies (>=25mm rain, >=40km/h wind, fog codes).  Weather is a risk/execution variable, not an earnings forecast.",2026-08-10T08:21:49.545686+00:00
airline_weather_risk,PEK,Beijing Capital,2025-07,31,4,0,0,57.8,9.938709677419356,16.6,31.525806451612905,high,"Monthly aggregate of Open-Meteo daily weather for the airline hub; thresholds are broad aviation-disruption proxies (>=25mm rain, >=40km/h wind, fog codes).  Weather is a risk/execution variable, not an earnings forecast.",2026-08-10T08:21:49.545686+00:00
airline_weather_risk,PEK,Beijing Capital,2025-08,31,3,0,0,57.5,7.425806451612904,24.0,29.709677419354843,moderate,"Monthly aggregate of Open-Meteo daily weather for the airline hub; thresholds are broad aviation-disruption proxies (>=25mm rain, >=40km/h wind, fog codes).  Weather is a risk/execution variable, not an earnings forecast.",2026-08-10T08:21:49.545686+00:00
airline_weather_risk,PEK,Beijing Capital,2025-09,30,0,0,0,16.4,1.466666666666667,20.9,26.640000000000004,low,"Monthly aggregate of Open-Meteo daily weather for the airline hub; thresholds are broad aviation-disruption proxies (>=25mm rain, >=40km/h wind, fog codes).  Weather is a risk/execution variable, not an earnings forecast.",2026-08-10T08:21:49.545686+00:00
airline_weather_risk,PEK,Beijing Capital,2025-10,31,1,0,0,25.7,2.774193548387097,21.9,16.258064516129036,low,"Monthly aggregate of Open-Meteo daily weather for the airline hub; thresholds are broad aviation-disruption proxies (>=25mm rain, >=40km/h wind, fog codes).  Weather is a risk/execution variable, not an earnings forecast.",2026-08-10T08:21:49.545686+00:00
airline_weather_risk,PEK,Beijing Capital,2025-11,30,0,0,0,4.4,0.14666666666666667,28.6,11.833333333333336,low,"Monthly aggregate of Open-Meteo daily weather for the airline hub; thresholds are broad aviation-disruption proxies (>=25mm rain, >=40km/h wind, fog codes).  Weather is a risk/execution variable, not an earnings forecast.",2026-08-10T08:21:49.545686+00:00
airline_weather_risk,PEK,Beijing Capital,2025-12,31,0,0,0,1.7,0.11612903225806451,24.2,3.3903225806451616,low,"Monthly aggregate of Open-Meteo daily weather for the airline hub; thresholds are broad aviation-disruption proxies (>=25mm rain, >=40km/h wind, fog codes).  Weather is a risk/execution variable, not an earnings forecast.",2026-08-10T08:21:49.545686+00:00
airline_weather_risk,PEK,Beijing Capital,2026-01,31,0,0,0,0.7,0.03870967741935484,27.4,1.5451612903225806,low,"Monthly aggregate of Open-Meteo daily weather for the airline hub; thresholds are broad aviation-disruption proxies (>=25mm rain, >=40km/h wind, fog codes).  Weather is a risk/execution variable, not an earnings forecast.",2026-08-10T08:21:49.545686+00:00
airline_weather_risk,PEK,Beijing Capital,2026-02,28,0,0,0,0.9,0.060714285714285714,33.3,7.628571428571429,low,"Monthly aggregate of Open-Meteo daily weather for the airline hub; thresholds are broad aviation-disruption proxies (>=25mm rain, >=40km/h wind, fog codes).  Weather is a risk/execution variable, not an earnings forecast.",2026-08-10T08:21:49.545686+00:00
airline_weather_risk,PEK,Beijing Capital,2026-03,31,0,0,0,3.2,0.3129032258064516,29.4,13.651612903225812,low,"Monthly aggregate of Open-Meteo daily weather for the airline hub; thresholds are broad aviation-disruption proxies (>=25mm rain, >=40km/h wind, fog codes).  Weather is a risk/execution variable, not an earnings forecast.",2026-08-10T08:21:49.545686+00:00
airline_weather_risk,PEK,Beijing Capital,2026-04,30,0,0,0,13.7,1.1533333333333333,33.7,21.376666666666665,low,"Monthly aggregate of Open-Meteo daily weather for the airline hub; thresholds are broad aviation-disruption proxies (>=25mm rain, >=40km/h wind, fog codes).  Weather is a risk/execution variable, not an earnings forecast.",2026-08-10T08:21:49.545686+00:00
airline_weather_risk,PEK,Beijing Capital,2026-05,31,2,0,0,44.8,3.209677419354838,28.6,26.87096774193548,moderate,"Monthly aggregate of Open-Meteo daily weather for the airline hub; thresholds are broad aviation-disruption proxies (>=25mm rain, >=40km/h wind, fog codes).  Weather is a risk/execution variable, not an earnings forecast.",2026-08-10T08:21:49.545686+00:00
airline_weather_risk,PEK,Beijing Capital,2026-06,30,1,0,0,31.3,3.913333333333333,27.0,28.372000000000003,low,"Monthly aggregate of Open-Meteo daily weather for the airline hub; thresholds are broad aviation-disruption proxies (>=25mm rain, >=40km/h wind, fog codes).  Weather is a risk/execution variable, not an earnings forecast.",2026-08-10T08:21:49.545686+00:00
airline_weather_risk,PEK,Beijing Capital,2026-07,31,2,0,0,40.5,5.574193548387096,22.1,,moderate,"Monthly aggregate of Open-Meteo daily weather for the airline hub; thresholds are broad aviation-disruption proxies (>=25mm rain, >=40km/h wind, fog codes).  Weather is a risk/execution variable, not an earnings forecast.",2026-08-10T08:21:49.545686+00:00
airline_weather_risk,PEK,Beijing Capital,2026-08,12,1,0,0,33.6,7.150000000000001,14.8,,low,"Monthly aggregate of Open-Meteo daily weather for the airline hub; thresholds are broad aviation-disruption proxies (>=25mm rain, >=40km/h wind, fog codes).  Weather is a risk/execution variable, not an earnings forecast.",2026-08-10T08:21:49.545686+00:00
airline_weather_risk,SHA-PVG,Shanghai Pudong,2020-01,31,2,0,0,25.3,4.870967741935484,37.8,9.887096774193548,moderate,"Monthly aggregate of Open-Meteo daily weather for the airline hub; thresholds are broad aviation-disruption proxies (>=25mm rain, >=40km/h wind, fog codes).  Weather is a risk/execution variable, not an earnings forecast.",2026-08-10T08:21:49.545686+00:00
airline_weather_risk,SHA-PVG,Shanghai Pudong,2020-02,29,0,0,0,13.0,1.9448275862068964,35.1,11.696551724137931,low,"Monthly aggregate of Open-Meteo daily weather for the airline hub; thresholds are broad aviation-disruption proxies (>=25mm rain, >=40km/h wind, fog codes).  Weather is a risk/execution variable, not an earnings forecast.",2026-08-10T08:21:49.545686+00:00
airline_weather_risk,SHA-PVG,Shanghai Pudong,2020-03,31,1,0,0,31.3,4.070967741935483,34.0,14.638709677419355,low,"Monthly aggregate of Open-Meteo daily weather for the airline hub; thresholds are broad aviation-disruption proxies (>=25mm rain, >=40km/h wind, fog codes).  Weather is a risk/execution variable, not an earnings forecast.",2026-08-10T08:21:49.545686+00:00
airline_weather_risk,SHA-PVG,Shanghai Pudong,2020-04,30,0,0,0,15.6,1.5,30.9,17.666666666666668,low,"Monthly aggregate of Open-Meteo daily weather for the airline hub; thresholds are broad aviation-disruption proxies (>=25mm rain, >=40km/h wind, fog codes).  Weather is a risk/execution variable, not an earnings forecast.",2026-08-10T08:21:49.545686+00:00
airline_weather_risk,SHA-PVG,Shanghai Pudong,2020-05,31,1,1,0,30.5,3.8677419354838714,40.3,24.270967741935486,low,"Monthly aggregate of Open-Meteo daily weather for the airline hub; thresholds are broad aviation-disruption proxies (>=25mm rain, >=40km/h wind, fog codes).  Weather is a risk/execution variable, not an earnings forecast.",2026-08-10T08:21:49.545686+00:00
airline_weather_risk,SHA-PVG,Shanghai Pudong,2020-06,30,3,0,0,36.2,8.286666666666667,31.4,27.109999999999992,moderate,"Monthly aggregate of Open-Meteo daily weather for the airline hub; thresholds are broad aviation-disruption proxies (>=25mm rain, >=40km/h wind, fog codes).  Weather is a risk/execution variable, not an earnings forecast.",2026-08-10T08:21:49.545686+00:00
airline_weather_risk,SHA-PVG,Shanghai Pudong,2020-07,31,7,0,0,76.8,13.048387096774194,27.4,28.454838709677418,high,"Monthly aggregate of Open-Meteo daily weather for the airline hub; thresholds are broad aviation-disruption proxies (>=25mm rain, >=40km/h wind, fog codes).  Weather is a risk/execution variable, not an earnings forecast.",2026-08-10T08:21:49.545686+00:00
airline_weather_risk,SHA-PVG,Shanghai Pudong,2020-08,31,1,2,0,69.3,4.361290322580646,51.1,31.890322580645158,moderate,"Monthly aggregate of Open-Meteo daily weather for the airline hub; thresholds are broad aviation-disruption proxies (>=25mm rain, >=40km/h wind, fog codes).  Weather is a risk/execution variable, not an earnings forecast.",2026-08-10T08:21:49.545686+00:00
airline_weather_risk,SHA-PVG,Shanghai Pudong,2020-09,30,3,0,0,55.9,5.15,31.7,26.343333333333337,moderate,"Monthly aggregate of Open-Meteo daily weather for the airline hub; thresholds are broad aviation-disruption proxies (>=25mm rain, >=40km/h wind, fog codes).  Weather is a risk/execution variable, not an earnings forecast.",2026-08-10T08:21:49.545686+00:00
airline_weather_risk,SHA-PVG,Shanghai Pudong,2020-10,31,0,0,0,20.5,1.167741935483871,34.9,21.251612903225805,low,"Monthly aggregate of Open-Meteo daily weather for the airline hub; thresholds are broad aviation-disruption proxies (>=25mm rain, >=40km/h wind, fog codes).  Weather is a risk/execution variable, not an earnings forecast.",2026-08-10T08:21:49.545686+00:00
airline_weather_risk,SHA-PVG,Shanghai Pudong,2020-11,30,0,0,0,13.3,1.8666666666666667,34.7,17.993333333333336,low,"Monthly aggregate of Open-Meteo daily weather for the airline hub; thresholds are broad aviation-disruption proxies (>=25mm rain, >=40km/h wind, fog codes).  Weather is a risk/execution variable, not an earnings forecast.",2026-08-10T08:21:49.545686+00:00
airline_weather_risk,SHA-PVG,Shanghai Pudong,2020-12,31,0,2,0,6.9,0.45806451612903226,44.1,10.399999999999999,moderate,"Monthly aggregate of Open-Meteo daily weather for the airline hub; thresholds are broad aviation-disruption proxies (>=25mm rain, >=40km/h wind, fog codes).  Weather is a risk/execution variable, not an earnings forecast.",2026-08-10T08:21:49.545686+00:00
airline_weather_risk,SHA-PVG,Shanghai Pudong,2021-01,31,0,0,0,9.0,0.5387096774193548,32.9,9.093548387096776,low,"Monthly aggregate of Open-Meteo daily weather for the airline hub; thresholds are broad aviation-disruption proxies (>=25mm rain, >=40km/h wind, fog codes).  Weather is a risk/execution variable, not an earnings forecast.",2026-08-10T08:21:49.545686+00:00
airline_weather_risk,SHA-PVG,Shanghai Pudong,2021-02,28,0,0,0,17.9,2.221428571428571,32.9,12.771428571428572,low,"Monthly aggregate of Open-Meteo daily weather for the airline hub; thresholds are broad aviation-disruption proxies (>=25mm rain, >=40km/h wind, fog codes).  Weather is a risk/execution variable, not an earnings forecast.",2026-08-10T08:21:49.545686+00:00
airline_weather_risk,SHA-PVG,Shanghai Pudong,2021-03,31,0,0,0,22.0,3.106451612903226,31.7,14.058064516129033,low,"Monthly aggregate of Open-Meteo daily weather for the airline hub; thresholds are broad aviation-disruption proxies (>=25mm rain, >=40km/h wind, fog codes).  Weather is a risk/execution variable, not an earnings forecast.",2026-08-10T08:21:49.545686+00:00
airline_weather_risk,SHA-PVG,Shanghai Pudong,2021-04,30,2,0,0,31.7,2.933333333333333,35.5,18.263333333333332,moderate,"Monthly aggregate of Open-Meteo daily weather for the airline hub; thresholds are broad aviation-disruption proxies (>=25mm rain, >=40km/h wind, fog codes).  Weather is a risk/execution variable, not an earnings forecast.",2026-08-10T08:21:49.545686+00:00
airline_weather_risk,SHA-PVG,Shanghai Pudong,2021-05,31,4,0,0,46.5,6.161290322580645,33.5,24.190322580645162,high,"Monthly aggregate of Open-Meteo daily weather for the airline hub; thresholds are broad aviation-disruption proxies (>=25mm rain, >=40km/h wind, fog codes).  Weather is a risk/execution variable, not an earnings forecast.",2026-08-10T08:21:49.545686+00:00
airline_weather_risk,SHA-PVG,Shanghai Pudong,2021-06,30,2,0,0,50.2,6.159999999999999,33.7,26.373333333333328,moderate,"Monthly aggregate of Open-Meteo daily weather for the airline hub; thresholds are broad aviation-disruption proxies (>=25mm rain, >=40km/h wind, fog codes).  Weather is a risk/execution variable, not an earnings forecast.",2026-08-10T08:21:49.545686+00:00
airline_weather_risk,SHA-PVG,Shanghai Pudong,2021-07,31,5,4,0,119.6,15.338709677419354,69.7,30.10322580645161,high,"Monthly aggregate of Open-Meteo daily weather for the airline hub; thresholds are broad aviation-disruption proxies (>=25mm rain, >=40km/h wind, fog codes).  Weather is a risk/execution variable, not an earnings forecast.",2026-08-10T08:21:49.545686+00:00
airline_weather_risk,SHA-PVG,Shanghai Pudong,2021-08,31,1,0,0,36.9,6.912903225806452,31.6,29.54838709677419,low,"Monthly aggregate of Open-Meteo daily weather for the airline hub; thresholds are broad aviation-disruption proxies (>=25mm rain, >=40km/h wind, fog codes).  Weather is a risk/execution variable, not an earnings forecast.",2026-08-10T08:21:49.545686+00:00
airline_weather_risk,SHA-PVG,Shanghai Pudong,2021-09,30,3,2,0,105.8,8.860000000000001,57.0,28.130000000000003,moderate,"Monthly aggregate of Open-Meteo daily weather for the airline hub; thresholds are broad aviation-disruption proxies (>=25mm rain, >=40km/h wind, fog codes).  Weather is a risk/execution variable, not an earnings forecast.",2026-08-10T08:21:49.545686+00:00
airline_weather_risk,SHA-PVG,Shanghai Pudong,2021-10,31,0,1,0,23.3,3.164516129032258,44.1,23.14193548387097,low,"Monthly aggregate of Open-Meteo daily weather for the airline hub; thresholds are broad aviation-disruption proxies (>=25mm rain, >=40km/h wind, fog codes).  Weather is a risk/execution variable, not an earnings forecast.",2026-08-10T08:21:49.545686+00:00
airline_weather_risk,SHA-PVG,Shanghai Pudong,2021-11,30,0,1,0,23.3,2.21,41.5,16.8,low,"Monthly aggregate of Open-Meteo daily weather for the airline hub; thresholds are broad aviation-disruption proxies (>=25mm rain, >=40km/h wind, fog codes).  Weather is a risk/execution variable, not an earnings forecast.",2026-08-10T08:21:49.545686+00:00
airline_weather_risk,SHA-PVG,Shanghai Pudong,2021-12,31,0,0,0,3.2,0.2064516129032258,34.2,11.493548387096777,low,"Monthly aggregate of Open-Meteo daily weather for the airline hub; thresholds are broad aviation-disruption proxies (>=25mm rain, >=40km/h wind, fog codes).  Weather is a risk/execution variable, not an earnings forecast.",2026-08-10T08:21:49.545686+00:00
airline_weather_risk,SHA-PVG,Shanghai Pudong,2022-01,31,0,0,0,13.4,2.3,30.3,8.75806451612903,low,"Monthly aggregate of Open-Meteo daily weather for the airline hub; thresholds are broad aviation-disruption proxies (>=25mm rain, >=40km/h wind, fog codes).  Weather is a risk/execution variable, not an earnings forecast.",2026-08-10T08:21:49.545686+00:00
airline_weather_risk,SHA-PVG,Shanghai Pudong,2022-02,28,0,0,0,18.2,1.9714285714285715,31.5,7.857142857142857,low,"Monthly aggregate of Open-Meteo daily weather for the airline hub; thresholds are broad aviation-disruption proxies (>=25mm rain, >=40km/h wind, fog codes).  Weather is a risk/execution variable, not an earnings forecast.",2026-08-10T08:21:49.545686+00:00
airline_weather_risk,SHA-PVG,Shanghai Pudong,2022-03,31,3,1,0,41.1,5.2,40.5,15.770967741935484,moderate,"Monthly aggregate of Open-Meteo daily weather for the airline hub; thresholds are broad aviation-disruption proxies (>=25mm rain, >=40km/h wind, fog codes).  Weather is a risk/execution variable, not an earnings forecast.",2026-08-10T08:21:49.545686+00:00
airline_weather_risk,SHA-PVG,Shanghai Pudong,2022-04,30,3,0,0,79.3,6.283333333333332,37.2,18.993333333333336,moderate,"Monthly aggregate of Open-Meteo daily weather for the airline hub; thresholds are broad aviation-disruption proxies (>=25mm rain, >=40km/h wind, fog codes).  Weather is a risk/execution variable, not an earnings forecast.",2026-08-10T08:21:49.545686+00:00
airline_weather_risk,SHA-PVG,Shanghai Pudong,2022-05,31,0,0,0,23.1,1.703225806451613,24.4,22.10967741935484,low,"Monthly aggregate of Open-Meteo daily weather for the airline hub; thresholds are broad aviation-disruption proxies (>=25mm rain, >=40km/h wind, fog codes).  Weather is a risk/execution variable, not an earnings forecast.",2026-08-10T08:21:49.545686+00:00
airline_weather_risk,SHA-PVG,Shanghai Pudong,2022-06,30,1,0,0,40.3,4.4,30.9,27.630000000000006,low,"Monthly aggregate of Open-Meteo daily weather for the airline hub; thresholds are broad aviation-disruption proxies (>=25mm rain, >=40km/h wind, fog codes).  Weather is a risk/execution variable, not an earnings forecast.",2026-08-10T08:21:49.545686+00:00
airline_weather_risk,SHA-PVG,Shanghai Pudong,2022-07,31,1,0,0,32.1,3.9387096774193546,28.9,32.69354838709677,low,"Monthly aggregate of Open-Meteo daily weather for the airline hub; thresholds are broad aviation-disruption proxies (>=25mm rain, >=40km/h wind, fog codes).  Weather is a risk/execution variable, not an earnings forecast.",2026-08-10T08:21:49.545686+00:00
airline_weather_risk,SHA-PVG,Shanghai Pudong,2022-08,31,0,0,0,17.1,2.406451612903226,26.7,33.70645161290323,low,"Monthly aggregate of Open-Meteo daily weather for the airline hub; thresholds are broad aviation-disruption proxies (>=25mm rain, >=40km/h wind, fog codes).  Weather is a risk/execution variable, not an earnings forecast.",2026-08-10T08:21:49.545686+00:00
airline_weather_risk,SHA-PVG,Shanghai Pudong,2022-09,30,2,3,0,66.1,7.4766666666666675,78.7,26.193333333333335,moderate,"Monthly aggregate of Open-Meteo daily weather for the airline hub; thresholds are broad aviation-disruption proxies (>=25mm rain, >=40km/h wind, fog codes).  Weather is a risk/execution variable, not an earnings forecast.",2026-08-10T08:21:49.545686+00:00
airline_weather_risk,SHA-PVG,Shanghai Pudong,2022-10,31,0,0,0,10.3,0.9741935483870967,35.9,21.40967741935484,low,"Monthly aggregate of Open-Meteo daily weather for the airline hub; thresholds are broad aviation-disruption proxies (>=25mm rain, >=40km/h wind, fog codes).  Weather is a risk/execution variable, not an earnings forecast.",2026-08-10T08:21:49.545686+00:00
airline_weather_risk,SHA-PVG,Shanghai Pudong,2022-11,30,0,1,0,12.6,2.5966666666666662,40.0,19.129999999999995,low,"Monthly aggregate of Open-Meteo daily weather for the airline hub; thresholds are broad aviation-disruption proxies (>=25mm rain, >=40km/h wind, fog codes).  Weather is a risk/execution variable, not an earnings forecast.",2026-08-10T08:21:49.545686+00:00
airline_weather_risk,SHA-PVG,Shanghai Pudong,2022-12,31,0,0,0,11.6,1.4548387096774194,37.4,9.125806451612902,low,"Monthly aggregate of Open-Meteo daily weather for the airline hub; thresholds are broad aviation-disruption proxies (>=25mm rain, >=40km/h wind, fog codes).  Weather is a risk/execution variable, not an earnings forecast.",2026-08-10T08:21:49.545686+00:00
airline_weather_risk,SHA-PVG,Shanghai Pudong,2023-01,31,1,1,0,44.9,2.4387096774193546,41.2,9.14516129032258,low,"Monthly aggregate of Open-Meteo daily weather for the airline hub; thresholds are broad aviation-disruption proxies (>=25mm rain, >=40km/h wind, fog codes).  Weather is a risk/execution variable, not an earnings forecast.",2026-08-10T08:21:49.545686+00:00
airline_weather_risk,SHA-PVG,Shanghai Pudong,2023-02,28,0,0,0,15.2,2.635714285714286,30.9,9.64642857142857,low,"Monthly aggregate of Open-Meteo daily weather for the airline hub; thresholds are broad aviation-disruption proxies (>=25mm rain, >=40km/h wind, fog codes).  Weather is a risk/execution variable, not an earnings forecast.",2026-08-10T08:21:49.545686+00:00
airline_weather_risk,SHA-PVG,Shanghai Pudong,2023-03,31,1,0,0,26.4,2.3612903225806448,39.3,14.745161290322581,low,"Monthly aggregate of Open-Meteo daily weather for the airline hub; thresholds are broad aviation-disruption proxies (>=25mm rain, >=40km/h wind, fog codes).  Weather is a risk/execution variable, not an earnings forecast.",2026-08-10T08:21:49.545686+00:00
airline_weather_risk,SHA-PVG,Shanghai Pudong,2023-04,30,0,1,0,16.8,1.87,45.3,19.319999999999997,low,"Monthly aggregate of Open-Meteo daily weather for the airline hub; thresholds are broad aviation-disruption proxies (>=25mm rain, >=40km/h wind, fog codes).  Weather is a risk/execution variable, not an earnings forecast.",2026-08-10T08:21:49.545686+00:00
airline_weather_risk,SHA-PVG,Shanghai Pudong,2023-05,31,1,0,0,27.8,3.4032258064516134,35.9,23.819354838709675,low,"Monthly aggregate of Open-Meteo daily weather for the airline hub; thresholds are broad aviation-disruption proxies (>=25mm rain, >=40km/h wind, fog codes).  Weather is a risk/execution variable, not an earnings forecast.",2026-08-10T08:21:49.545686+00:00
airline_weather_risk,SHA-PVG,Shanghai Pudong,2023-06,30,3,0,0,99.0,9.126666666666667,38.1,27.226666666666667,moderate,"Monthly aggregate of Open-Meteo daily weather for the airline hub; thresholds are broad aviation-disruption proxies (>=25mm rain, >=40km/h wind, fog codes).  Weather is a risk/execution variable, not an earnings forecast.",2026-08-10T08:21:49.545686+00:00
airline_weather_risk,SHA-PVG,Shanghai Pudong,2023-07,31,2,0,0,44.3,8.580645161290322,36.0,31.403225806451616,moderate,"Monthly aggregate of Open-Meteo daily weather for the airline hub; thresholds are broad aviation-disruption proxies (>=25mm rain, >=40km/h wind, fog codes).  Weather is a risk/execution variable, not an earnings forecast.",2026-08-10T08:21:49.545686+00:00
airline_weather_risk,SHA-PVG,Shanghai Pudong,2023-08,31,2,0,0,41.5,4.290322580645161,28.3,30.725806451612907,moderate,"Monthly aggregate of Open-Meteo daily weather for the airline hub; thresholds are broad aviation-disruption proxies (>=25mm rain, >=40km/h wind, fog codes).  Weather is a risk/execution variable, not an earnings forecast.",2026-08-10T08:21:49.545686+00:00
airline_weather_risk,SHA-PVG,Shanghai Pudong,2023-09,30,0,0,0,18.9,4.34,25.3,27.993333333333336,low,"Monthly aggregate of Open-Meteo daily weather for the airline hub; thresholds are broad aviation-disruption proxies (>=25mm rain, >=40km/h wind, fog codes).  Weather is a risk/execution variable, not an earnings forecast.",2026-08-10T08:21:49.545686+00:00
airline_weather_risk,SHA-PVG,Shanghai Pudong,2023-10,31,0,0,0,2.2,0.41290322580645167,32.2,23.6258064516129,low,"Monthly aggregate of Open-Meteo daily weather for the airline hub; thresholds are broad aviation-disruption proxies (>=25mm rain, >=40km/h wind, fog codes).  Weather is a risk/execution variable, not an earnings forecast.",2026-08-10T08:21:49.545686+00:00
airline_weather_risk,SHA-PVG,Shanghai Pudong,2023-11,30,1,0,0,32.1,2.25,34.0,18.259999999999994,low,"Monthly aggregate of Open-Meteo daily weather for the airline hub; thresholds are broad aviation-disruption proxies (>=25mm rain, >=40km/h wind, fog codes).  Weather is a risk/execution variable, not an earnings forecast.",2026-08-10T08:21:49.545686+00:00
airline_weather_risk,SHA-PVG,Shanghai Pudong,2023-12,31,0,0,0,13.0,1.1516129032258065,35.8,11.07741935483871,low,"Monthly aggregate of Open-Meteo daily weather for the airline hub; thresholds are broad aviation-disruption proxies (>=25mm rain, >=40km/h wind, fog codes).  Weather is a risk/execution variable, not an earnings forecast.",2026-08-10T08:21:49.545686+00:00
airline_weather_risk,SHA-PVG,Shanghai Pudong,2024-01,31,0,0,0,12.0,1.096774193548387,30.5,9.422580645161291,low,"Monthly aggregate of Open-Meteo daily weather for the airline hub; thresholds are broad aviation-disruption proxies (>=25mm rain, >=40km/h wind, fog codes).  Weather is a risk/execution variable, not an earnings forecast.",2026-08-10T08:21:49.545686+00:00
airline_weather_risk,SHA-PVG,Shanghai Pudong,2024-02,29,1,0,0,49.6,5.179310344827586,34.9,9.758620689655174,low,"Monthly aggregate of Open-Meteo daily weather for the airline hub; thresholds are broad aviation-disruption proxies (>=25mm rain, >=40km/h wind, fog codes).  Weather is a risk/execution variable, not an earnings forecast.",2026-08-10T08:21:49.545686+00:00
airline_weather_risk,SHA-PVG,Shanghai Pudong,2024-03,31,0,0,0,13.1,1.2838709677419355,33.6,15.187096774193547,low,"Monthly aggregate of Open-Meteo daily weather for the airline hub; thresholds are broad aviation-disruption proxies (>=25mm rain, >=40km/h wind, fog codes).  Weather is a risk/execution variable, not an earnings forecast.",2026-08-10T08:21:49.545686+00:00
airline_weather_risk,SHA-PVG,Shanghai Pudong,2024-04,30,1,0,0,25.3,5.1433333333333335,33.9,18.636666666666667,low,"Monthly aggregate of Open-Meteo daily weather for the airline hub; thresholds are broad aviation-disruption proxies (>=25mm rain, >=40km/h wind, fog codes).  Weather is a risk/execution variable, not an earnings forecast.",2026-08-10T08:21:49.545686+00:00
airline_weather_risk,SHA-PVG,Shanghai Pudong,2024-05,31,1,0,0,29.0,3.1387096774193552,36.0,23.30322580645161,low,"Monthly aggregate of Open-Meteo daily weather for the airline hub; thresholds are broad aviation-disruption proxies (>=25mm rain, >=40km/h wind, fog codes).  Weather is a risk/execution variable, not an earnings forecast.",2026-08-10T08:21:49.545686+00:00
airline_weather_risk,SHA-PVG,Shanghai Pudong,2024-06,30,7,0,0,71.4,12.256666666666664,27.8,26.323333333333338,high,"Monthly aggregate of Open-Meteo daily weather for the airline hub; thresholds are broad aviation-disruption proxies (>=25mm rain, >=40km/h wind, fog codes).  Weather is a risk/execution variable, not an earnings forecast.",2026-08-10T08:21:49.545686+00:00
airline_weather_risk,SHA-PVG,Shanghai Pudong,2024-07,31,3,2,0,55.4,6.022580645161289,47.1,32.81612903225807,moderate,"Monthly aggregate of Open-Meteo daily weather for the airline hub; thresholds are broad aviation-disruption proxies (>=25mm rain, >=40km/h wind, fog codes).  Weather is a risk/execution variable, not an earnings forecast.",2026-08-10T08:21:49.545686+00:00
airline_weather_risk,SHA-PVG,Shanghai Pudong,2024-08,31,0,0,0,11.7,1.0967741935483868,28.0,34.2483870967742,low,"Monthly aggregate of Open-Meteo daily weather for the airline hub; thresholds are broad aviation-disruption proxies (>=25mm rain, >=40km/h wind, fog codes).  Weather is a risk/execution variable, not an earnings forecast.",2026-08-10T08:21:49.545686+00:00
airline_weather_risk,SHA-PVG,Shanghai Pudong,2024-09,30,2,1,0,83.0,7.139999999999999,63.9,29.743333333333336,moderate,"Monthly aggregate of Open-Meteo daily weather for the airline hub; thresholds are broad aviation-disruption proxies (>=25mm rain, >=40km/h wind, fog codes).  Weather is a risk/execution variable, not an earnings forecast.",2026-08-10T08:21:49.545686+00:00
airline_weather_risk,SHA-PVG,Shanghai Pudong,2024-10,31,0,0,0,20.8,3.274193548387097,34.6,23.103225806451615,low,"Monthly aggregate of Open-Meteo daily weather for the airline hub; thresholds are broad aviation-disruption proxies (>=25mm rain, >=40km/h wind, fog codes).  Weather is a risk/execution variable, not an earnings forecast.",2026-08-10T08:21:49.545686+00:00
airline_weather_risk,SHA-PVG,Shanghai Pudong,2024-11,30,1,1,0,125.4,5.323333333333334,54.4,17.936666666666664,low,"Monthly aggregate of Open-Meteo daily weather for the airline hub; thresholds are broad aviation-disruption proxies (>=25mm rain, >=40km/h wind, fog codes).  Weather is a risk/execution variable, not an earnings forecast.",2026-08-10T08:21:49.545686+00:00
airline_weather_risk,SHA-PVG,Shanghai Pudong,2024-12,31,0,0,0,10.1,0.5258064516129033,23.7,10.932258064516128,low,"Monthly aggregate of Open-Meteo daily weather for the airline hub; thresholds are broad aviation-disruption proxies (>=25mm rain, >=40km/h wind, fog codes).  Weather is a risk/execution variable, not an earnings forecast.",2026-08-10T08:21:49.545686+00:00
airline_weather_risk,SHA-PVG,Shanghai Pudong,2025-01,31,0,0,0,12.7,0.535483870967742,26.0,10.519354838709676,low,"Monthly aggregate of Open-Meteo daily weather for the airline hub; thresholds are broad aviation-disruption proxies (>=25mm rain, >=40km/h wind, fog codes).  Weather is a risk/execution variable, not an earnings forecast.",2026-08-10T08:21:49.545686+00:00
airline_weather_risk,SHA-PVG,Shanghai Pudong,2025-02,28,0,0,0,10.9,0.9214285714285715,32.3,9.017857142857142,low,"Monthly aggregate of Open-Meteo daily weather for the airline hub; thresholds are broad aviation-disruption proxies (>=25mm rain, >=40km/h wind, fog codes).  Weather is a risk/execution variable, not an earnings forecast.",2026-08-10T08:21:49.545686+00:00
airline_weather_risk,SHA-PVG,Shanghai Pudong,2025-03,31,0,0,0,22.5,2.8645161290322583,36.6,16.200000000000003,low,"Monthly aggregate of Open-Meteo daily weather for the airline hub; thresholds are broad aviation-disruption proxies (>=25mm rain, >=40km/h wind, fog codes).  Weather is a risk/execution variable, not an earnings forecast.",2026-08-10T08:21:49.545686+00:00
airline_weather_risk,SHA-PVG,Shanghai Pudong,2025-04,30,0,1,0,20.9,1.4266666666666665,43.6,22.650000000000002,low,"Monthly aggregate of Open-Meteo daily weather for the airline hub; thresholds are broad aviation-disruption proxies (>=25mm rain, >=40km/h wind, fog codes).  Weather is a risk/execution variable, not an earnings forecast.",2026-08-10T08:21:49.545686+00:00
airline_weather_risk,SHA-PVG,Shanghai Pudong,2025-05,31,2,1,0,69.0,4.945161290322581,40.9,24.916129032258063,moderate,"Monthly aggregate of Open-Meteo daily weather for the airline hub; thresholds are broad aviation-disruption proxies (>=25mm rain, >=40km/h wind, fog codes).  Weather is a risk/execution variable, not an earnings forecast.",2026-08-10T08:21:49.545686+00:00
airline_weather_risk,SHA-PVG,Shanghai Pudong,2025-06,30,5,0,0,73.7,11.883333333333335,31.4,27.936666666666667,high,"Monthly aggregate of Open-Meteo daily weather for the airline hub; thresholds are broad aviation-disruption proxies (>=25mm rain, >=40km/h wind, fog codes).  Weather is a risk/execution variable, not an earnings forecast.",2026-08-10T08:21:49.545686+00:00
airline_weather_risk,SHA-PVG,Shanghai Pudong,2025-07,31,1,1,0,70.5,7.032258064516129,50.3,31.33225806451613,low,"Monthly aggregate of Open-Meteo daily weather for the airline hub; thresholds are broad aviation-disruption proxies (>=25mm rain, >=40km/h wind, fog codes).  Weather is a risk/execution variable, not an earnings forecast.",2026-08-10T08:21:49.545686+00:00
airline_weather_risk,SHA-PVG,Shanghai Pudong,2025-08,31,0,0,0,11.6,1.4161290322580646,24.2,34.59032258064516,low,"Monthly aggregate of Open-Meteo daily weather for the airline hub; thresholds are broad aviation-disruption proxies (>=25mm rain, >=40km/h wind, fog codes).  Weather is a risk/execution variable, not an earnings forecast.",2026-08-10T08:21:49.545686+00:00
airline_weather_risk,SHA-PVG,Shanghai Pudong,2025-09,30,0,0,0,21.9,4.426666666666667,23.2,31.410000000000007,low,"Monthly aggregate of Open-Meteo daily weather for the airline hub; thresholds are broad aviation-disruption proxies (>=25mm rain, >=40km/h wind, fog codes).  Weather is a risk/execution variable, not an earnings forecast.",2026-08-10T08:21:49.545686+00:00
airline_weather_risk,SHA-PVG,Shanghai Pudong,2025-10,31,0,0,0,15.7,2.0258064516129033,31.4,25.338709677419356,low,"Monthly aggregate of Open-Meteo daily weather for the airline hub; thresholds are broad aviation-disruption proxies (>=25mm rain, >=40km/h wind, fog codes).  Weather is a risk/execution variable, not an earnings forecast.",2026-08-10T08:21:49.545686+00:00
airline_weather_risk,SHA-PVG,Shanghai Pudong,2025-11,30,0,0,0,3.7,0.41333333333333333,33.8,17.99,low,"Monthly aggregate of Open-Meteo daily weather for the airline hub; thresholds are broad aviation-disruption proxies (>=25mm rain, >=40km/h wind, fog codes).  Weather is a risk/execution variable, not an earnings forecast.",2026-08-10T08:21:49.545686+00:00
airline_weather_risk,SHA-PVG,Shanghai Pudong,2025-12,31,0,0,0,4.4,0.20645161290322578,28.6,14.170967741935488,low,"Monthly aggregate of Open-Meteo daily weather for the airline hub; thresholds are broad aviation-disruption proxies (>=25mm rain, >=40km/h wind, fog codes).  Weather is a risk/execution variable, not an earnings forecast.",2026-08-10T08:21:49.545686+00:00
airline_weather_risk,SHA-PVG,Shanghai Pudong,2026-01,31,0,0,0,13.1,1.070967741935484,28.9,9.741935483870966,low,"Monthly aggregate of Open-Meteo daily weather for the airline hub; thresholds are broad aviation-disruption proxies (>=25mm rain, >=40km/h wind, fog codes).  Weather is a risk/execution variable, not an earnings forecast.",2026-08-10T08:21:49.545686+00:00
airline_weather_risk,SHA-PVG,Shanghai Pudong,2026-02,28,0,0,0,17.3,2.325,27.2,12.200000000000003,low,"Monthly aggregate of Open-Meteo daily weather for the airline hub; thresholds are broad aviation-disruption proxies (>=25mm rain, >=40km/h wind, fog codes).  Weather is a risk/execution variable, not an earnings forecast.",2026-08-10T08:21:49.545686+00:00
airline_weather_risk,SHA-PVG,Shanghai Pudong,2026-03,31,0,0,0,23.4,2.8612903225806448,34.9,13.741935483870968,low,"Monthly aggregate of Open-Meteo daily weather for the airline hub; thresholds are broad aviation-disruption proxies (>=25mm rain, >=40km/h wind, fog codes).  Weather is a risk/execution variable, not an earnings forecast.",2026-08-10T08:21:49.545686+00:00
airline_weather_risk,SHA-PVG,Shanghai Pudong,2026-04,30,3,0,0,32.5,4.996666666666666,29.8,19.476666666666674,moderate,"Monthly aggregate of Open-Meteo daily weather for the airline hub; thresholds are broad aviation-disruption proxies (>=25mm rain, >=40km/h wind, fog codes).  Weather is a risk/execution variable, not an earnings forecast.",2026-08-10T08:21:49.545686+00:00
airline_weather_risk,SHA-PVG,Shanghai Pudong,2026-05,31,0,0,0,23.1,2.319354838709677,25.6,25.390322580645158,low,"Monthly aggregate of Open-Meteo daily weather for the airline hub; thresholds are broad aviation-disruption proxies (>=25mm rain, >=40km/h wind, fog codes).  Weather is a risk/execution variable, not an earnings forecast.",2026-08-10T08:21:49.545686+00:00
airline_weather_risk,SHA-PVG,Shanghai Pudong,2026-06,30,2,0,0,29.4,7.079999999999999,26.4,26.748,moderate,"Monthly aggregate of Open-Meteo daily weather for the airline hub; thresholds are broad aviation-disruption proxies (>=25mm rain, >=40km/h wind, fog codes).  Weather is a risk/execution variable, not an earnings forecast.",2026-08-10T08:21:49.545686+00:00
airline_weather_risk,SHA-PVG,Shanghai Pudong,2026-07,31,1,2,0,35.5,5.851612903225805,54.9,,moderate,"Monthly aggregate of Open-Meteo daily weather for the airline hub; thresholds are broad aviation-disruption proxies (>=25mm rain, >=40km/h wind, fog codes).  Weather is a risk/execution variable, not an earnings forecast.",2026-08-10T08:21:49.545686+00:00
airline_weather_risk,SHA-PVG,Shanghai Pudong,2026-08,12,2,2,0,91.7,17.808333333333337,52.6,,moderate,"Monthly aggregate of Open-Meteo daily weather for the airline hub; thresholds are broad aviation-disruption proxies (>=25mm rain, >=40km/h wind, fog codes).  Weather is a risk/execution variable, not an earnings forecast.",2026-08-10T08:21:49.545686+00:00
airline_weather_risk,SHA-SHA,Shanghai Hongqiao,2020-01,31,0,0,0,24.5,4.590322580645161,32.8,10.003225806451614,low,"Monthly aggregate of Open-Meteo daily weather for the airline hub; thresholds are broad aviation-disruption proxies (>=25mm rain, >=40km/h wind, fog codes).  Weather is a risk/execution variable, not an earnings forecast.",2026-08-10T08:21:49.545686+00:00
airline_weather_risk,SHA-SHA,Shanghai Hongqiao,2020-02,29,0,0,0,14.1,1.9172413793103449,33.7,13.006896551724141,low,"Monthly aggregate of Open-Meteo daily weather for the airline hub; thresholds are broad aviation-disruption proxies (>=25mm rain, >=40km/h wind, fog codes).  Weather is a risk/execution variable, not an earnings forecast.",2026-08-10T08:21:49.545686+00:00
airline_weather_risk,SHA-SHA,Shanghai Hongqiao,2020-03,31,1,0,0,26.3,4.090322580645161,28.3,15.987096774193551,low,"Monthly aggregate of Open-Meteo daily weather for the airline hub; thresholds are broad aviation-disruption proxies (>=25mm rain, >=40km/h wind, fog codes).  Weather is a risk/execution variable, not an earnings forecast.",2026-08-10T08:21:49.545686+00:00
airline_weather_risk,SHA-SHA,Shanghai Hongqiao,2020-04,30,0,0,0,15.3,1.4266666666666667,30.6,19.423333333333332,low,"Monthly aggregate of Open-Meteo daily weather for the airline hub; thresholds are broad aviation-disruption proxies (>=25mm rain, >=40km/h wind, fog codes).  Weather is a risk/execution variable, not an earnings forecast.",2026-08-10T08:21:49.545686+00:00
airline_weather_risk,SHA-SHA,Shanghai Hongqiao,2020-05,31,0,0,0,24.7,3.903225806451613,35.1,26.358064516129037,low,"Monthly aggregate of Open-Meteo daily weather for the airline hub; thresholds are broad aviation-disruption proxies (>=25mm rain, >=40km/h wind, fog codes).  Weather is a risk/execution variable, not an earnings forecast.",2026-08-10T08:21:49.545686+00:00
airline_weather_risk,SHA-SHA,Shanghai Hongqiao,2020-06,30,3,0,0,41.5,10.139999999999999,29.0,28.490000000000002,moderate,"Monthly aggregate of Open-Meteo daily weather for the airline hub; thresholds are broad aviation-disruption proxies (>=25mm rain, >=40km/h wind, fog codes).  Weather is a risk/execution variable, not an earnings forecast.",2026-08-10T08:21:49.545686+00:00
airline_weather_risk,SHA-SHA,Shanghai Hongqiao,2020-07,31,7,0,0,69.1,13.851612903225808,26.7,29.280645161290323,high,"Monthly aggregate of Open-Meteo daily weather for the airline hub; thresholds are broad aviation-disruption proxies (>=25mm rain, >=40km/h wind, fog codes).  Weather is a risk/execution variable, not an earnings forecast.",2026-08-10T08:21:49.545686+00:00
airline_weather_risk,SHA-SHA,Shanghai Hongqiao,2020-08,31,2,1,0,37.8,4.361290322580644,45.8,33.093548387096774,moderate,"Monthly aggregate of Open-Meteo daily weather for the airline hub; thresholds are broad aviation-disruption proxies (>=25mm rain, >=40km/h wind, fog codes).  Weather is a risk/execution variable, not an earnings forecast.",2026-08-10T08:21:49.545686+00:00
airline_weather_risk,SHA-SHA,Shanghai Hongqiao,2020-09,30,1,0,0,57.5,4.779999999999999,24.2,26.826666666666668,low,"Monthly aggregate of Open-Meteo daily weather for the airline hub; thresholds are broad aviation-disruption proxies (>=25mm rain, >=40km/h wind, fog codes).  Weather is a risk/execution variable, not an earnings forecast.",2026-08-10T08:21:49.545686+00:00
airline_weather_risk,SHA-SHA,Shanghai Hongqiao,2020-10,31,0,0,0,22.5,1.4096774193548387,25.7,21.81612903225807,low,"Monthly aggregate of Open-Meteo daily weather for the airline hub; thresholds are broad aviation-disruption proxies (>=25mm rain, >=40km/h wind, fog codes).  Weather is a risk/execution variable, not an earnings forecast.",2026-08-10T08:21:49.545686+00:00
airline_weather_risk,SHA-SHA,Shanghai Hongqiao,2020-11,30,0,0,0,13.5,1.5899999999999999,32.9,18.630000000000006,low,"Monthly aggregate of Open-Meteo daily weather for the airline hub; thresholds are broad aviation-disruption proxies (>=25mm rain, >=40km/h wind, fog codes).  Weather is a risk/execution variable, not an earnings forecast.",2026-08-10T08:21:49.545686+00:00
airline_weather_risk,SHA-SHA,Shanghai Hongqiao,2020-12,31,0,0,0,6.4,0.4064516129032258,38.6,10.716129032258069,low,"Monthly aggregate of Open-Meteo daily weather for the airline hub; thresholds are broad aviation-disruption proxies (>=25mm rain, >=40km/h wind, fog codes).  Weather is a risk/execution variable, not an earnings forecast.",2026-08-10T08:21:49.545686+00:00
airline_weather_risk,SHA-SHA,Shanghai Hongqiao,2021-01,31,0,0,0,7.9,0.5354838709677419,27.6,10.335483870967742,low,"Monthly aggregate of Open-Meteo daily weather for the airline hub; thresholds are broad aviation-disruption proxies (>=25mm rain, >=40km/h wind, fog codes).  Weather is a risk/execution variable, not an earnings forecast.",2026-08-10T08:21:49.545686+00:00
airline_weather_risk,SHA-SHA,Shanghai Hongqiao,2021-02,28,0,0,0,17.4,2.067857142857143,31.1,14.135714285714284,low,"Monthly aggregate of Open-Meteo daily weather for the airline hub; thresholds are broad aviation-disruption proxies (>=25mm rain, >=40km/h wind, fog codes).  Weather is a risk/execution variable, not an earnings forecast.",2026-08-10T08:21:49.545686+00:00
airline_weather_risk,SHA-SHA,Shanghai Hongqiao,2021-03,31,1,0,0,26.4,3.1290322580645165,28.7,15.751612903225805,low,"Monthly aggregate of Open-Meteo daily weather for the airline hub; thresholds are broad aviation-disruption proxies (>=25mm rain, >=40km/h wind, fog codes).  Weather is a risk/execution variable, not an earnings forecast.",2026-08-10T08:21:49.545686+00:00
airline_weather_risk,SHA-SHA,Shanghai Hongqiao,2021-04,30,0,0,0,20.1,2.520000000000001,31.1,20.196666666666665,low,"Monthly aggregate of Open-Meteo daily weather for the airline hub; thresholds are broad aviation-disruption proxies (>=25mm rain, >=40km/h wind, fog codes).  Weather is a risk/execution variable, not an earnings forecast.",2026-08-10T08:21:49.545686+00:00
airline_weather_risk,SHA-SHA,Shanghai Hongqiao,2021-05,31,3,0,0,44.1,5.790322580645161,30.8,25.90645161290323,moderate,"Monthly aggregate of Open-Meteo daily weather for the airline hub; thresholds are broad aviation-disruption proxies (>=25mm rain, >=40km/h wind, fog codes).  Weather is a risk/execution variable, not an earnings forecast.",2026-08-10T08:21:49.545686+00:00
airline_weather_risk,SHA-SHA,Shanghai Hongqiao,2021-06,30,1,0,0,39.5,5.953333333333333,27.4,28.220000000000002,low,"Monthly aggregate of Open-Meteo daily weather for the airline hub; thresholds are broad aviation-disruption proxies (>=25mm rain, >=40km/h wind, fog codes).  Weather is a risk/execution variable, not an earnings forecast.",2026-08-10T08:21:49.545686+00:00
airline_weather_risk,SHA-SHA,Shanghai Hongqiao,2021-07,31,5,2,0,102.4,12.903225806451612,55.5,31.196774193548393,high,"Monthly aggregate of Open-Meteo daily weather for the airline hub; thresholds are broad aviation-disruption proxies (>=25mm rain, >=40km/h wind, fog codes).  Weather is a risk/execution variable, not an earnings forecast.",2026-08-10T08:21:49.545686+00:00
airline_weather_risk,SHA-SHA,Shanghai Hongqiao,2021-08,31,2,0,0,42.4,6.596774193548387,22.4,30.28387096774194,moderate,"Monthly aggregate of Open-Meteo daily weather for the airline hub; thresholds are broad aviation-disruption proxies (>=25mm rain, >=40km/h wind, fog codes).  Weather is a risk/execution variable, not an earnings forecast.",2026-08-10T08:21:49.545686+00:00
airline_weather_risk,SHA-SHA,Shanghai Hongqiao,2021-09,30,2,1,0,77.0,6.720000000000001,50.1,29.096666666666668,moderate,"Monthly aggregate of Open-Meteo daily weather for the airline hub; thresholds are broad aviation-disruption proxies (>=25mm rain, >=40km/h wind, fog codes).  Weather is a risk/execution variable, not an earnings forecast.",2026-08-10T08:21:49.545686+00:00
airline_weather_risk,SHA-SHA,Shanghai Hongqiao,2021-10,31,0,0,0,23.3,3.319354838709677,34.1,23.561290322580643,low,"Monthly aggregate of Open-Meteo daily weather for the airline hub; thresholds are broad aviation-disruption proxies (>=25mm rain, >=40km/h wind, fog codes).  Weather is a risk/execution variable, not an earnings forecast.",2026-08-10T08:21:49.545686+00:00
airline_weather_risk,SHA-SHA,Shanghai Hongqiao,2021-11,30,0,0,0,23.4,2.24,36.8,17.4,low,"Monthly aggregate of Open-Meteo daily weather for the airline hub; thresholds are broad aviation-disruption proxies (>=25mm rain, >=40km/h wind, fog codes).  Weather is a risk/execution variable, not an earnings forecast.",2026-08-10T08:21:49.545686+00:00
airline_weather_risk,SHA-SHA,Shanghai Hongqiao,2021-12,31,0,0,0,1.9,0.132258064516129,29.9,11.877419354838711,low,"Monthly aggregate of Open-Meteo daily weather for the airline hub; thresholds are broad aviation-disruption proxies (>=25mm rain, >=40km/h wind, fog codes).  Weather is a risk/execution variable, not an earnings forecast.",2026-08-10T08:21:49.545686+00:00
airline_weather_risk,SHA-SHA,Shanghai Hongqiao,2022-01,31,0,0,0,14.1,2.2354838709677423,24.7,9.45483870967742,low,"Monthly aggregate of Open-Meteo daily weather for the airline hub; thresholds are broad aviation-disruption proxies (>=25mm rain, >=40km/h wind, fog codes).  Weather is a risk/execution variable, not an earnings forecast.",2026-08-10T08:21:49.545686+00:00
airline_weather_risk,SHA-SHA,Shanghai Hongqiao,2022-02,28,0,0,0,19.9,2.085714285714286,27.1,8.617857142857144,low,"Monthly aggregate of Open-Meteo daily weather for the airline hub; thresholds are broad aviation-disruption proxies (>=25mm rain, >=40km/h wind, fog codes).  Weather is a risk/execution variable, not an earnings forecast.",2026-08-10T08:21:49.545686+00:00
airline_weather_risk,SHA-SHA,Shanghai Hongqiao,2022-03,31,3,0,0,34.0,4.6967741935483875,39.3,17.225806451612904,moderate,"Monthly aggregate of Open-Meteo daily weather for the airline hub; thresholds are broad aviation-disruption proxies (>=25mm rain, >=40km/h wind, fog codes).  Weather is a risk/execution variable, not an earnings forecast.",2026-08-10T08:21:49.545686+00:00
airline_weather_risk,SHA-SHA,Shanghai Hongqiao,2022-04,30,2,0,0,76.1,5.586666666666667,31.9,20.83,moderate,"Monthly aggregate of Open-Meteo daily weather for the airline hub; thresholds are broad aviation-disruption proxies (>=25mm rain, >=40km/h wind, fog codes).  Weather is a risk/execution variable, not an earnings forecast.",2026-08-10T08:21:49.545686+00:00
airline_weather_risk,SHA-SHA,Shanghai Hongqiao,2022-05,31,0,0,0,20.6,1.7774193548387094,21.5,23.916129032258063,low,"Monthly aggregate of Open-Meteo daily weather for the airline hub; thresholds are broad aviation-disruption proxies (>=25mm rain, >=40km/h wind, fog codes).  Weather is a risk/execution variable, not an earnings forecast.",2026-08-10T08:21:49.545686+00:00
airline_weather_risk,SHA-SHA,Shanghai Hongqiao,2022-06,30,2,0,0,46.4,4.846666666666666,26.5,29.26,moderate,"Monthly aggregate of Open-Meteo daily weather for the airline hub; thresholds are broad aviation-disruption proxies (>=25mm rain, >=40km/h wind, fog codes).  Weather is a risk/execution variable, not an earnings forecast.",2026-08-10T08:21:49.545686+00:00
airline_weather_risk,SHA-SHA,Shanghai Hongqiao,2022-07,31,1,0,0,32.1,3.4870967741935486,24.8,34.193548387096776,low,"Monthly aggregate of Open-Meteo daily weather for the airline hub; thresholds are broad aviation-disruption proxies (>=25mm rain, >=40km/h wind, fog codes).  Weather is a risk/execution variable, not an earnings forecast.",2026-08-10T08:21:49.545686+00:00
airline_weather_risk,SHA-SHA,Shanghai Hongqiao,2022-08,31,0,0,0,21.7,2.3225806451612905,21.7,35.62580645161291,low,"Monthly aggregate of Open-Meteo daily weather for the airline hub; thresholds are broad aviation-disruption proxies (>=25mm rain, >=40km/h wind, fog codes).  Weather is a risk/execution variable, not an earnings forecast.",2026-08-10T08:21:49.545686+00:00
airline_weather_risk,SHA-SHA,Shanghai Hongqiao,2022-09,30,4,2,0,87.3,8.893333333333336,51.1,27.156666666666663,high,"Monthly aggregate of Open-Meteo daily weather for the airline hub; thresholds are broad aviation-disruption proxies (>=25mm rain, >=40km/h wind, fog codes).  Weather is a risk/execution variable, not an earnings forecast.",2026-08-10T08:21:49.545686+00:00
airline_weather_risk,SHA-SHA,Shanghai Hongqiao,2022-10,31,0,0,0,9.9,0.8935483870967742,29.9,22.312903225806455,low,"Monthly aggregate of Open-Meteo daily weather for the airline hub; thresholds are broad aviation-disruption proxies (>=25mm rain, >=40km/h wind, fog codes).  Weather is a risk/execution variable, not an earnings forecast.",2026-08-10T08:21:49.545686+00:00
airline_weather_risk,SHA-SHA,Shanghai Hongqiao,2022-11,30,0,0,0,15.4,2.75,30.6,19.94666666666667,low,"Monthly aggregate of Open-Meteo daily weather for the airline hub; thresholds are broad aviation-disruption proxies (>=25mm rain, >=40km/h wind, fog codes).  Weather is a risk/execution variable, not an earnings forecast.",2026-08-10T08:21:49.545686+00:00
airline_weather_risk,SHA-SHA,Shanghai Hongqiao,2022-12,31,0,0,0,7.4,1.096774193548387,31.5,9.145161290322582,low,"Monthly aggregate of Open-Meteo daily weather for the airline hub; thresholds are broad aviation-disruption proxies (>=25mm rain, >=40km/h wind, fog codes).  Weather is a risk/execution variable, not an earnings forecast.",2026-08-10T08:21:49.545686+00:00
airline_weather_risk,SHA-SHA,Shanghai Hongqiao,2023-01,31,1,0,0,40.8,2.325806451612903,34.0,10.164516129032258,low,"Monthly aggregate of Open-Meteo daily weather for the airline hub; thresholds are broad aviation-disruption proxies (>=25mm rain, >=40km/h wind, fog codes).  Weather is a risk/execution variable, not an earnings forecast.",2026-08-10T08:21:49.545686+00:00
airline_weather_risk,SHA-SHA,Shanghai Hongqiao,2023-02,28,0,0,0,15.9,2.6035714285714286,27.7,10.807142857142859,low,"Monthly aggregate of Open-Meteo daily weather for the airline hub; thresholds are broad aviation-disruption proxies (>=25mm rain, >=40km/h wind, fog codes).  Weather is a risk/execution variable, not an earnings forecast.",2026-08-10T08:21:49.545686+00:00
airline_weather_risk,SHA-SHA,Shanghai Hongqiao,2023-03,31,0,0,0,19.5,1.9838709677419357,32.0,16.8741935483871,low,"Monthly aggregate of Open-Meteo daily weather for the airline hub; thresholds are broad aviation-disruption proxies (>=25mm rain, >=40km/h wind, fog codes).  Weather is a risk/execution variable, not an earnings forecast.",2026-08-10T08:21:49.545686+00:00
airline_weather_risk,SHA-SHA,Shanghai Hongqiao,2023-04,30,0,1,0,15.3,2.3200000000000003,40.5,21.390000000000004,low,"Monthly aggregate of Open-Meteo daily weather for the airline hub; thresholds are broad aviation-disruption proxies (>=25mm rain, >=40km/h wind, fog codes).  Weather is a risk/execution variable, not an earnings forecast.",2026-08-10T08:21:49.545686+00:00
airline_weather_risk,SHA-SHA,Shanghai Hongqiao,2023-05,31,2,0,0,25.3,3.625806451612903,36.4,26.36451612903226,moderate,"Monthly aggregate of Open-Meteo daily weather for the airline hub; thresholds are broad aviation-disruption proxies (>=25mm rain, >=40km/h wind, fog codes).  Weather is a risk/execution variable, not an earnings forecast.",2026-08-10T08:21:49.545686+00:00
airline_weather_risk,SHA-SHA,Shanghai Hongqiao,2023-06,30,3,0,0,118.2,8.636666666666667,28.5,29.79666666666667,moderate,"Monthly aggregate of Open-Meteo daily weather for the airline hub; thresholds are broad aviation-disruption proxies (>=25mm rain, >=40km/h wind, fog codes).  Weather is a risk/execution variable, not an earnings forecast.",2026-08-10T08:21:49.545686+00:00
airline_weather_risk,SHA-SHA,Shanghai Hongqiao,2023-07,31,3,0,0,51.9,10.238709677419356,31.0,31.9258064516129,moderate,"Monthly aggregate of Open-Meteo daily weather for the airline hub; thresholds are broad aviation-disruption proxies (>=25mm rain, >=40km/h wind, fog codes).  Weather is a risk/execution variable, not an earnings forecast.",2026-08-10T08:21:49.545686+00:00
airline_weather_risk,SHA-SHA,Shanghai Hongqiao,2023-08,31,2,0,0,31.2,5.474193548387096,24.4,31.28064516129032,moderate,"Monthly aggregate of Open-Meteo daily weather for the airline hub; thresholds are broad aviation-disruption proxies (>=25mm rain, >=40km/h wind, fog codes).  Weather is a risk/execution variable, not an earnings forecast.",2026-08-10T08:21:49.545686+00:00
airline_weather_risk,SHA-SHA,Shanghai Hongqiao,2023-09,30,2,0,0,34.2,5.336666666666669,21.7,28.569999999999997,moderate,"Monthly aggregate of Open-Meteo daily weather for the airline hub; thresholds are broad aviation-disruption proxies (>=25mm rain, >=40km/h wind, fog codes).  Weather is a risk/execution variable, not an earnings forecast.",2026-08-10T08:21:49.545686+00:00
airline_weather_risk,SHA-SHA,Shanghai Hongqiao,2023-10,31,0,0,0,7.0,0.5451612903225808,27.8,23.887096774193548,low,"Monthly aggregate of Open-Meteo daily weather for the airline hub; thresholds are broad aviation-disruption proxies (>=25mm rain, >=40km/h wind, fog codes).  Weather is a risk/execution variable, not an earnings forecast.",2026-08-10T08:21:49.545686+00:00
airline_weather_risk,SHA-SHA,Shanghai Hongqiao,2023-11,30,0,0,0,13.8,1.4733333333333334,30.6,18.360000000000003,low,"Monthly aggregate of Open-Meteo daily weather for the airline hub; thresholds are broad aviation-disruption proxies (>=25mm rain, >=40km/h wind, fog codes).  Weather is a risk/execution variable, not an earnings forecast.",2026-08-10T08:21:49.545686+00:00
airline_weather_risk,SHA-SHA,Shanghai Hongqiao,2023-12,31,0,0,0,12.5,1.396774193548387,29.3,11.190322580645159,low,"Monthly aggregate of Open-Meteo daily weather for the airline hub; thresholds are broad aviation-disruption proxies (>=25mm rain, >=40km/h wind, fog codes).  Weather is a risk/execution variable, not an earnings forecast.",2026-08-10T08:21:49.545686+00:00
airline_weather_risk,SHA-SHA,Shanghai Hongqiao,2024-01,31,0,0,0,10.5,1.3516129032258062,27.0,10.206451612903225,low,"Monthly aggregate of Open-Meteo daily weather for the airline hub; thresholds are broad aviation-disruption proxies (>=25mm rain, >=40km/h wind, fog codes).  Weather is a risk/execution variable, not an earnings forecast.",2026-08-10T08:21:49.545686+00:00
airline_weather_risk,SHA-SHA,Shanghai Hongqiao,2024-02,29,1,0,0,31.3,4.358620689655171,31.4,10.162068965517241,low,"Monthly aggregate of Open-Meteo daily weather for the airline hub; thresholds are broad aviation-disruption proxies (>=25mm rain, >=40km/h wind, fog codes).  Weather is a risk/execution variable, not an earnings forecast.",2026-08-10T08:21:49.545686+00:00
airline_weather_risk,SHA-SHA,Shanghai Hongqiao,2024-03,31,0,0,0,11.5,1.0290322580645161,29.0,16.667741935483868,low,"Monthly aggregate of Open-Meteo daily weather for the airline hub; thresholds are broad aviation-disruption proxies (>=25mm rain, >=40km/h wind, fog codes).  Weather is a risk/execution variable, not an earnings forecast.",2026-08-10T08:21:49.545686+00:00
airline_weather_risk,SHA-SHA,Shanghai Hongqiao,2024-04,30,1,0,0,25.1,4.766666666666666,34.0,20.44333333333333,low,"Monthly aggregate of Open-Meteo daily weather for the airline hub; thresholds are broad aviation-disruption proxies (>=25mm rain, >=40km/h wind, fog codes).  Weather is a risk/execution variable, not an earnings forecast.",2026-08-10T08:21:49.545686+00:00
airline_weather_risk,SHA-SHA,Shanghai Hongqiao,2024-05,31,0,0,0,24.2,2.7,33.3,24.690322580645155,low,"Monthly aggregate of Open-Meteo daily weather for the airline hub; thresholds are broad aviation-disruption proxies (>=25mm rain, >=40km/h wind, fog codes).  Weather is a risk/execution variable, not an earnings forecast.",2026-08-10T08:21:49.545686+00:00
airline_weather_risk,SHA-SHA,Shanghai Hongqiao,2024-06,30,6,0,0,70.3,12.123333333333333,25.2,27.513333333333335,high,"Monthly aggregate of Open-Meteo daily weather for the airline hub; thresholds are broad aviation-disruption proxies (>=25mm rain, >=40km/h wind, fog codes).  Weather is a risk/execution variable, not an earnings forecast.",2026-08-10T08:21:49.545686+00:00
airline_weather_risk,SHA-SHA,Shanghai Hongqiao,2024-07,31,4,1,0,40.0,5.996774193548387,43.0,33.60645161290322,high,"Monthly aggregate of Open-Meteo daily weather for the airline hub; thresholds are broad aviation-disruption proxies (>=25mm rain, >=40km/h wind, fog codes).  Weather is a risk/execution variable, not an earnings forecast.",2026-08-10T08:21:49.545686+00:00
airline_weather_risk,SHA-SHA,Shanghai Hongqiao,2024-08,31,0,0,0,14.2,1.9000000000000004,23.4,35.56451612903225,low,"Monthly aggregate of Open-Meteo daily weather for the airline hub; thresholds are broad aviation-disruption proxies (>=25mm rain, >=40km/h wind, fog codes).  Weather is a risk/execution variable, not an earnings forecast.",2026-08-10T08:21:49.545686+00:00
airline_weather_risk,SHA-SHA,Shanghai Hongqiao,2024-09,30,3,1,0,78.1,6.6933333333333325,54.5,30.65,moderate,"Monthly aggregate of Open-Meteo daily weather for the airline hub; thresholds are broad aviation-disruption proxies (>=25mm rain, >=40km/h wind, fog codes).  Weather is a risk/execution variable, not an earnings forecast.",2026-08-10T08:21:49.545686+00:00
airline_weather_risk,SHA-SHA,Shanghai Hongqiao,2024-10,31,2,0,0,42.5,4.854838709677419,31.1,23.054838709677416,moderate,"Monthly aggregate of Open-Meteo daily weather for the airline hub; thresholds are broad aviation-disruption proxies (>=25mm rain, >=40km/h wind, fog codes).  Weather is a risk/execution variable, not an earnings forecast.",2026-08-10T08:21:49.545686+00:00
airline_weather_risk,SHA-SHA,Shanghai Hongqiao,2024-11,30,1,1,0,116.0,4.676666666666667,41.5,18.136666666666667,low,"Monthly aggregate of Open-Meteo daily weather for the airline hub; thresholds are broad aviation-disruption proxies (>=25mm rain, >=40km/h wind, fog codes).  Weather is a risk/execution variable, not an earnings forecast.",2026-08-10T08:21:49.545686+00:00
airline_weather_risk,SHA-SHA,Shanghai Hongqiao,2024-12,31,0,0,0,9.4,0.5806451612903226,17.9,10.919354838709681,low,"Monthly aggregate of Open-Meteo daily weather for the airline hub; thresholds are broad aviation-disruption proxies (>=25mm rain, >=40km/h wind, fog codes).  Weather is a risk/execution variable, not an earnings forecast.",2026-08-10T08:21:49.545686+00:00
airline_weather_risk,SHA-SHA,Shanghai Hongqiao,2025-01,31,0,0,0,8.5,0.35161290322580646,19.5,10.893548387096773,low,"Monthly aggregate of Open-Meteo daily weather for the airline hub; thresholds are broad aviation-disruption proxies (>=25mm rain, >=40km/h wind, fog codes).  Weather is a risk/execution variable, not an earnings forecast.",2026-08-10T08:21:49.545686+00:00
airline_weather_risk,SHA-SHA,Shanghai Hongqiao,2025-02,28,0,0,0,9.5,0.8964285714285715,23.2,10.028571428571428,low,"Monthly aggregate of Open-Meteo daily weather for the airline hub; thresholds are broad aviation-disruption proxies (>=25mm rain, >=40km/h wind, fog codes).  Weather is a risk/execution variable, not an earnings forecast.",2026-08-10T08:21:49.545686+00:00
airline_weather_risk,SHA-SHA,Shanghai Hongqiao,2025-03,31,0,0,0,22.2,2.2903225806451615,24.4,17.096774193548388,low,"Monthly aggregate of Open-Meteo daily weather for the airline hub; thresholds are broad aviation-disruption proxies (>=25mm rain, >=40km/h wind, fog codes).  Weather is a risk/execution variable, not an earnings forecast.",2026-08-10T08:21:49.545686+00:00
airline_weather_risk,SHA-SHA,Shanghai Hongqiao,2025-04,30,1,0,0,30.8,1.6966666666666665,30.2,25.53666666666667,low,"Monthly aggregate of Open-Meteo daily weather for the airline hub; thresholds are broad aviation-disruption proxies (>=25mm rain, >=40km/h wind, fog codes).  Weather is a risk/execution variable, not an earnings forecast.",2026-08-10T08:21:49.545686+00:00
airline_weather_risk,SHA-SHA,Shanghai Hongqiao,2025-05,31,1,0,0,25.1,3.335483870967742,30.8,26.90967741935484,low,"Monthly aggregate of Open-Meteo daily weather for the airline hub; thresholds are broad aviation-disruption proxies (>=25mm rain, >=40km/h wind, fog codes).  Weather is a risk/execution variable, not an earnings forecast.",2026-08-10T08:21:49.545686+00:00
airline_weather_risk,SHA-SHA,Shanghai Hongqiao,2025-06,30,5,0,0,45.3,10.703333333333331,20.3,28.656666666666673,high,"Monthly aggregate of Open-Meteo daily weather for the airline hub; thresholds are broad aviation-disruption proxies (>=25mm rain, >=40km/h wind, fog codes).  Weather is a risk/execution variable, not an earnings forecast.",2026-08-10T08:21:49.545686+00:00
airline_weather_risk,SHA-SHA,Shanghai Hongqiao,2025-07,31,3,0,0,83.9,7.564516129032258,33.4,33.667741935483875,moderate,"Monthly aggregate of Open-Meteo daily weather for the airline hub; thresholds are broad aviation-disruption proxies (>=25mm rain, >=40km/h wind, fog codes).  Weather is a risk/execution variable, not an earnings forecast.",2026-08-10T08:21:49.545686+00:00
airline_weather_risk,SHA-SHA,Shanghai Hongqiao,2025-08,31,1,0,0,36.6,2.8,18.7,35.55161290322581,low,"Monthly aggregate of Open-Meteo daily weather for the airline hub; thresholds are broad aviation-disruption proxies (>=25mm rain, >=40km/h wind, fog codes).  Weather is a risk/execution variable, not an earnings forecast.",2026-08-10T08:21:49.545686+00:00
airline_weather_risk,SHA-SHA,Shanghai Hongqiao,2025-09,30,1,0,0,27.2,5.916666666666667,19.5,32.36,low,"Monthly aggregate of Open-Meteo daily weather for the airline hub; thresholds are broad aviation-disruption proxies (>=25mm rain, >=40km/h wind, fog codes).  Weather is a risk/execution variable, not an earnings forecast.",2026-08-10T08:21:49.545686+00:00
airline_weather_risk,SHA-SHA,Shanghai Hongqiao,2025-10,31,0,0,0,12.0,1.1419354838709677,22.8,26.351612903225814,low,"Monthly aggregate of Open-Meteo daily weather for the airline hub; thresholds are broad aviation-disruption proxies (>=25mm rain, >=40km/h wind, fog codes).  Weather is a risk/execution variable, not an earnings forecast.",2026-08-10T08:21:49.545686+00:00
airline_weather_risk,SHA-SHA,Shanghai Hongqiao,2025-11,30,0,0,0,3.9,0.47333333333333333,23.3,18.43,low,"Monthly aggregate of Open-Meteo daily weather for the airline hub; thresholds are broad aviation-disruption proxies (>=25mm rain, >=40km/h wind, fog codes).  Weather is a risk/execution variable, not an earnings forecast.",2026-08-10T08:21:49.545686+00:00
airline_weather_risk,SHA-SHA,Shanghai Hongqiao,2025-12,31,0,0,0,4.3,0.23870967741935484,22.9,14.296774193548389,low,"Monthly aggregate of Open-Meteo daily weather for the airline hub; thresholds are broad aviation-disruption proxies (>=25mm rain, >=40km/h wind, fog codes).  Weather is a risk/execution variable, not an earnings forecast.",2026-08-10T08:21:49.545686+00:00
airline_weather_risk,SHA-SHA,Shanghai Hongqiao,2026-01,31,0,0,0,16.4,1.0451612903225806,20.9,10.254838709677419,low,"Monthly aggregate of Open-Meteo daily weather for the airline hub; thresholds are broad aviation-disruption proxies (>=25mm rain, >=40km/h wind, fog codes).  Weather is a risk/execution variable, not an earnings forecast.",2026-08-10T08:21:49.545686+00:00
airline_weather_risk,SHA-SHA,Shanghai Hongqiao,2026-02,28,1,0,0,25.6,2.6000000000000005,19.8,12.892857142857144,low,"Monthly aggregate of Open-Meteo daily weather for the airline hub; thresholds are broad aviation-disruption proxies (>=25mm rain, >=40km/h wind, fog codes).  Weather is a risk/execution variable, not an earnings forecast.",2026-08-10T08:21:49.545686+00:00
airline_weather_risk,SHA-SHA,Shanghai Hongqiao,2026-03,31,0,0,0,17.7,2.725806451612903,24.8,15.138709677419353,low,"Monthly aggregate of Open-Meteo daily weather for the airline hub; thresholds are broad aviation-disruption proxies (>=25mm rain, >=40km/h wind, fog codes).  Weather is a risk/execution variable, not an earnings forecast.",2026-08-10T08:21:49.545686+00:00
airline_weather_risk,SHA-SHA,Shanghai Hongqiao,2026-04,30,2,0,0,28.8,5.243333333333334,23.4,20.59666666666667,moderate,"Monthly aggregate of Open-Meteo daily weather for the airline hub; thresholds are broad aviation-disruption proxies (>=25mm rain, >=40km/h wind, fog codes).  Weather is a risk/execution variable, not an earnings forecast.",2026-08-10T08:21:49.545686+00:00
airline_weather_risk,SHA-SHA,Shanghai Hongqiao,2026-05,31,1,0,0,25.2,2.587096774193548,21.7,27.661290322580644,low,"Monthly aggregate of Open-Meteo daily weather for the airline hub; thresholds are broad aviation-disruption proxies (>=25mm rain, >=40km/h wind, fog codes).  Weather is a risk/execution variable, not an earnings forecast.",2026-08-10T08:21:49.545686+00:00
airline_weather_risk,SHA-SHA,Shanghai Hongqiao,2026-06,30,3,0,0,34.3,7.963333333333333,19.4,28.787999999999997,moderate,"Monthly aggregate of Open-Meteo daily weather for the airline hub; thresholds are broad aviation-disruption proxies (>=25mm rain, >=40km/h wind, fog codes).  Weather is a risk/execution variable, not an earnings forecast.",2026-08-10T08:21:49.545686+00:00
airline_weather_risk,SHA-SHA,Shanghai Hongqiao,2026-07,31,0,0,0,24.3,6.725806451612903,35.9,,low,"Monthly aggregate of Open-Meteo daily weather for the airline hub; thresholds are broad aviation-disruption proxies (>=25mm rain, >=40km/h wind, fog codes).  Weather is a risk/execution variable, not an earnings forecast.",2026-08-10T08:21:49.545686+00:00
airline_weather_risk,SHA-SHA,Shanghai Hongqiao,2026-08,12,2,0,0,92.3,18.616666666666667,35.0,,moderate,"Monthly aggregate of Open-Meteo daily weather for the airline hub; thresholds are broad aviation-disruption proxies (>=25mm rain, >=40km/h wind, fog codes).  Weather is a risk/execution variable, not an earnings forecast.",2026-08-10T08:21:49.545686+00:00
airline_weather_risk,SZX,Shenzhen Bao'an,2020-01,31,0,0,0,15.1,0.970967741935484,26.8,22.26451612903226,low,"Monthly aggregate of Open-Meteo daily weather for the airline hub; thresholds are broad aviation-disruption proxies (>=25mm rain, >=40km/h wind, fog codes).  Weather is a risk/execution variable, not an earnings forecast.",2026-08-10T08:21:49.545686+00:00
airline_weather_risk,SZX,Shenzhen Bao'an,2020-02,29,0,0,0,17.3,2.586206896551724,31.6,21.71379310344828,low,"Monthly aggregate of Open-Meteo daily weather for the airline hub; thresholds are broad aviation-disruption proxies (>=25mm rain, >=40km/h wind, fog codes).  Weather is a risk/execution variable, not an earnings forecast.",2026-08-10T08:21:49.545686+00:00
airline_weather_risk,SZX,Shenzhen Bao'an,2020-03,31,0,0,0,12.0,2.6096774193548384,32.8,24.84516129032258,low,"Monthly aggregate of Open-Meteo daily weather for the airline hub; thresholds are broad aviation-disruption proxies (>=25mm rain, >=40km/h wind, fog codes).  Weather is a risk/execution variable, not an earnings forecast.",2026-08-10T08:21:49.545686+00:00
airline_weather_risk,SZX,Shenzhen Bao'an,2020-04,30,1,0,0,25.0,2.533333333333333,27.4,24.700000000000003,low,"Monthly aggregate of Open-Meteo daily weather for the airline hub; thresholds are broad aviation-disruption proxies (>=25mm rain, >=40km/h wind, fog codes).  Weather is a risk/execution variable, not an earnings forecast.",2026-08-10T08:21:49.545686+00:00
airline_weather_risk,SZX,Shenzhen Bao'an,2020-05,31,4,0,0,51.7,11.003225806451612,31.4,29.53548387096774,high,"Monthly aggregate of Open-Meteo daily weather for the airline hub; thresholds are broad aviation-disruption proxies (>=25mm rain, >=40km/h wind, fog codes).  Weather is a risk/execution variable, not an earnings forecast.",2026-08-10T08:21:49.545686+00:00
airline_weather_risk,SZX,Shenzhen Bao'an,2020-06,30,2,0,0,82.2,8.389999999999999,28.7,30.086666666666666,moderate,"Monthly aggregate of Open-Meteo daily weather for the airline hub; thresholds are broad aviation-disruption proxies (>=25mm rain, >=40km/h wind, fog codes).  Weather is a risk/execution variable, not an earnings forecast.",2026-08-10T08:21:49.545686+00:00
airline_weather_risk,SZX,Shenzhen Bao'an,2020-07,31,0,0,0,12.5,2.7258064516129026,32.6,32.02580645161291,low,"Monthly aggregate of Open-Meteo daily weather for the airline hub; thresholds are broad aviation-disruption proxies (>=25mm rain, >=40km/h wind, fog codes).  Weather is a risk/execution variable, not an earnings forecast.",2026-08-10T08:21:49.545686+00:00
airline_weather_risk,SZX,Shenzhen Bao'an,2020-08,31,4,1,0,69.8,11.135483870967741,43.4,30.293548387096774,high,"Monthly aggregate of Open-Meteo daily weather for the airline hub; thresholds are broad aviation-disruption proxies (>=25mm rain, >=40km/h wind, fog codes).  Weather is a risk/execution variable, not an earnings forecast.",2026-08-10T08:21:49.545686+00:00
airline_weather_risk,SZX,Shenzhen Bao'an,2020-09,30,5,0,0,89.0,14.003333333333334,24.5,29.75,high,"Monthly aggregate of Open-Meteo daily weather for the airline hub; thresholds are broad aviation-disruption proxies (>=25mm rain, >=40km/h wind, fog codes).  Weather is a risk/execution variable, not an earnings forecast.",2026-08-10T08:21:49.545686+00:00
airline_weather_risk,SZX,Shenzhen Bao'an,2020-10,31,2,0,0,34.2,3.225806451612903,27.2,27.796774193548387,moderate,"Monthly aggregate of Open-Meteo daily weather for the airline hub; thresholds are broad aviation-disruption proxies (>=25mm rain, >=40km/h wind, fog codes).  Weather is a risk/execution variable, not an earnings forecast.",2026-08-10T08:21:49.545686+00:00
airline_weather_risk,SZX,Shenzhen Bao'an,2020-11,30,0,0,0,3.3,0.26999999999999996,23.8,26.860000000000003,low,"Monthly aggregate of Open-Meteo daily weather for the airline hub; thresholds are broad aviation-disruption proxies (>=25mm rain, >=40km/h wind, fog codes).  Weather is a risk/execution variable, not an earnings forecast.",2026-08-10T08:21:49.545686+00:00
airline_weather_risk,SZX,Shenzhen Bao'an,2020-12,31,0,0,0,1.6,0.16129032258064516,36.8,21.287096774193547,low,"Monthly aggregate of Open-Meteo daily weather for the airline hub; thresholds are broad aviation-disruption proxies (>=25mm rain, >=40km/h wind, fog codes).  Weather is a risk/execution variable, not an earnings forecast.",2026-08-10T08:21:49.545686+00:00
airline_weather_risk,SZX,Shenzhen Bao'an,2021-01,31,0,0,0,0.8,0.041935483870967745,28.6,20.138709677419357,low,"Monthly aggregate of Open-Meteo daily weather for the airline hub; thresholds are broad aviation-disruption proxies (>=25mm rain, >=40km/h wind, fog codes).  Weather is a risk/execution variable, not an earnings forecast.",2026-08-10T08:21:49.545686+00:00
airline_weather_risk,SZX,Shenzhen Bao'an,2021-02,28,1,0,0,42.2,2.325,27.0,23.45357142857143,low,"Monthly aggregate of Open-Meteo daily weather for the airline hub; thresholds are broad aviation-disruption proxies (>=25mm rain, >=40km/h wind, fog codes).  Weather is a risk/execution variable, not an earnings forecast.",2026-08-10T08:21:49.545686+00:00
airline_weather_risk,SZX,Shenzhen Bao'an,2021-03,31,0,0,0,6.5,1.032258064516129,29.6,25.312903225806448,low,"Monthly aggregate of Open-Meteo daily weather for the airline hub; thresholds are broad aviation-disruption proxies (>=25mm rain, >=40km/h wind, fog codes).  Weather is a risk/execution variable, not an earnings forecast.",2026-08-10T08:21:49.545686+00:00
airline_weather_risk,SZX,Shenzhen Bao'an,2021-04,30,0,0,0,22.9,3.136666666666666,25.3,27.39666666666667,low,"Monthly aggregate of Open-Meteo daily weather for the airline hub; thresholds are broad aviation-disruption proxies (>=25mm rain, >=40km/h wind, fog codes).  Weather is a risk/execution variable, not an earnings forecast.",2026-08-10T08:21:49.545686+00:00
airline_weather_risk,SZX,Shenzhen Bao'an,2021-05,31,1,0,0,32.5,4.203225806451614,29.6,30.541935483870972,low,"Monthly aggregate of Open-Meteo daily weather for the airline hub; thresholds are broad aviation-disruption proxies (>=25mm rain, >=40km/h wind, fog codes).  Weather is a risk/execution variable, not an earnings forecast.",2026-08-10T08:21:49.545686+00:00
airline_weather_risk,SZX,Shenzhen Bao'an,2021-06,30,5,0,0,90.9,13.453333333333335,31.4,29.89,high,"Monthly aggregate of Open-Meteo daily weather for the airline hub; thresholds are broad aviation-disruption proxies (>=25mm rain, >=40km/h wind, fog codes).  Weather is a risk/execution variable, not an earnings forecast.",2026-08-10T08:21:49.545686+00:00
airline_weather_risk,SZX,Shenzhen Bao'an,2021-07,31,1,0,0,25.7,5.864516129032258,29.9,31.12903225806451,low,"Monthly aggregate of Open-Meteo daily weather for the airline hub; thresholds are broad aviation-disruption proxies (>=25mm rain, >=40km/h wind, fog codes).  Weather is a risk/execution variable, not an earnings forecast.",2026-08-10T08:21:49.545686+00:00
airline_weather_risk,SZX,Shenzhen Bao'an,2021-08,31,6,0,0,58.5,12.87741935483871,25.1,30.106451612903225,high,"Monthly aggregate of Open-Meteo daily weather for the airline hub; thresholds are broad aviation-disruption proxies (>=25mm rain, >=40km/h wind, fog codes).  Weather is a risk/execution variable, not an earnings forecast.",2026-08-10T08:21:49.545686+00:00
airline_weather_risk,SZX,Shenzhen Bao'an,2021-09,30,0,0,0,9.7,3.136666666666667,18.9,31.21,low,"Monthly aggregate of Open-Meteo daily weather for the airline hub; thresholds are broad aviation-disruption proxies (>=25mm rain, >=40km/h wind, fog codes).  Weather is a risk/execution variable, not an earnings forecast.",2026-08-10T08:21:49.545686+00:00
airline_weather_risk,SZX,Shenzhen Bao'an,2021-10,31,3,0,0,102.4,9.567741935483872,38.8,27.503225806451614,moderate,"Monthly aggregate of Open-Meteo daily weather for the airline hub; thresholds are broad aviation-disruption proxies (>=25mm rain, >=40km/h wind, fog codes).  Weather is a risk/execution variable, not an earnings forecast.",2026-08-10T08:21:49.545686+00:00
airline_weather_risk,SZX,Shenzhen Bao'an,2021-11,30,0,0,0,5.8,0.4766666666666666,31.7,25.10666666666667,low,"Monthly aggregate of Open-Meteo daily weather for the airline hub; thresholds are broad aviation-disruption proxies (>=25mm rain, >=40km/h wind, fog codes).  Weather is a risk/execution variable, not an earnings forecast.",2026-08-10T08:21:49.545686+00:00
airline_weather_risk,SZX,Shenzhen Bao'an,2021-12,31,2,0,0,43.3,3.380645161290322,25.9,21.32580645161291,moderate,"Monthly aggregate of Open-Meteo daily weather for the airline hub; thresholds are broad aviation-disruption proxies (>=25mm rain, >=40km/h wind, fog codes).  Weather is a risk/execution variable, not an earnings forecast.",2026-08-10T08:21:49.545686+00:00
airline_weather_risk,SZX,Shenzhen Bao'an,2022-01,31,0,0,0,5.9,0.5129032258064516,24.4,21.09677419354839,low,"Monthly aggregate of Open-Meteo daily weather for the airline hub; thresholds are broad aviation-disruption proxies (>=25mm rain, >=40km/h wind, fog codes).  Weather is a risk/execution variable, not an earnings forecast.",2026-08-10T08:21:49.545686+00:00
airline_weather_risk,SZX,Shenzhen Bao'an,2022-02,28,3,0,0,45.0,6.692857142857142,26.4,17.367857142857144,moderate,"Monthly aggregate of Open-Meteo daily weather for the airline hub; thresholds are broad aviation-disruption proxies (>=25mm rain, >=40km/h wind, fog codes).  Weather is a risk/execution variable, not an earnings forecast.",2026-08-10T08:21:49.545686+00:00
airline_weather_risk,SZX,Shenzhen Bao'an,2022-03,31,2,0,0,39.1,4.964516129032258,27.6,24.412903225806446,moderate,"Monthly aggregate of Open-Meteo daily weather for the airline hub; thresholds are broad aviation-disruption proxies (>=25mm rain, >=40km/h wind, fog codes).  Weather is a risk/execution variable, not an earnings forecast.",2026-08-10T08:21:49.545686+00:00
airline_weather_risk,SZX,Shenzhen Bao'an,2022-04,30,0,0,0,13.6,1.6600000000000001,28.0,26.000000000000004,low,"Monthly aggregate of Open-Meteo daily weather for the airline hub; thresholds are broad aviation-disruption proxies (>=25mm rain, >=40km/h wind, fog codes).  Weather is a risk/execution variable, not an earnings forecast.",2026-08-10T08:21:49.545686+00:00
airline_weather_risk,SZX,Shenzhen Bao'an,2022-05,31,4,0,0,72.7,11.683870967741937,27.2,27.06774193548387,high,"Monthly aggregate of Open-Meteo daily weather for the airline hub; thresholds are broad aviation-disruption proxies (>=25mm rain, >=40km/h wind, fog codes).  Weather is a risk/execution variable, not an earnings forecast.",2026-08-10T08:21:49.545686+00:00
airline_weather_risk,SZX,Shenzhen Bao'an,2022-06,30,6,0,0,46.0,14.003333333333336,30.1,29.146666666666672,high,"Monthly aggregate of Open-Meteo daily weather for the airline hub; thresholds are broad aviation-disruption proxies (>=25mm rain, >=40km/h wind, fog codes).  Weather is a risk/execution variable, not an earnings forecast.",2026-08-10T08:21:49.545686+00:00
airline_weather_risk,SZX,Shenzhen Bao'an,2022-07,31,4,0,0,56.6,8.593548387096776,39.6,31.432258064516127,high,"Monthly aggregate of Open-Meteo daily weather for the airline hub; thresholds are broad aviation-disruption proxies (>=25mm rain, >=40km/h wind, fog codes).  Weather is a risk/execution variable, not an earnings forecast.",2026-08-10T08:21:49.545686+00:00
airline_weather_risk,SZX,Shenzhen Bao'an,2022-08,31,3,0,0,58.8,10.674193548387096,36.1,30.529032258064518,moderate,"Monthly aggregate of Open-Meteo daily weather for the airline hub; thresholds are broad aviation-disruption proxies (>=25mm rain, >=40km/h wind, fog codes).  Weather is a risk/execution variable, not an earnings forecast.",2026-08-10T08:21:49.545686+00:00
airline_weather_risk,SZX,Shenzhen Bao'an,2022-09,30,1,0,0,26.6,3.8566666666666665,23.6,31.909999999999993,low,"Monthly aggregate of Open-Meteo daily weather for the airline hub; thresholds are broad aviation-disruption proxies (>=25mm rain, >=40km/h wind, fog codes).  Weather is a risk/execution variable, not an earnings forecast.",2026-08-10T08:21:49.545686+00:00
airline_weather_risk,SZX,Shenzhen Bao'an,2022-10,31,0,0,0,19.8,0.9419354838709677,35.0,30.24838709677419,low,"Monthly aggregate of Open-Meteo daily weather for the airline hub; thresholds are broad aviation-disruption proxies (>=25mm rain, >=40km/h wind, fog codes).  Weather is a risk/execution variable, not an earnings forecast.",2026-08-10T08:21:49.545686+00:00
airline_weather_risk,SZX,Shenzhen Bao'an,2022-11,30,3,0,0,38.6,6.456666666666666,29.4,25.39,moderate,"Monthly aggregate of Open-Meteo daily weather for the airline hub; thresholds are broad aviation-disruption proxies (>=25mm rain, >=40km/h wind, fog codes).  Weather is a risk/execution variable, not an earnings forecast.",2026-08-10T08:21:49.545686+00:00
airline_weather_risk,SZX,Shenzhen Bao'an,2022-12,31,0,0,0,9.0,0.8322580645161289,33.3,17.670967741935485,low,"Monthly aggregate of Open-Meteo daily weather for the airline hub; thresholds are broad aviation-disruption proxies (>=25mm rain, >=40km/h wind, fog codes).  Weather is a risk/execution variable, not an earnings forecast.",2026-08-10T08:21:49.545686+00:00
airline_weather_risk,SZX,Shenzhen Bao'an,2023-01,31,0,0,0,7.5,0.9903225806451614,36.1,19.06774193548387,low,"Monthly aggregate of Open-Meteo daily weather for the airline hub; thresholds are broad aviation-disruption proxies (>=25mm rain, >=40km/h wind, fog codes).  Weather is a risk/execution variable, not an earnings forecast.",2026-08-10T08:21:49.545686+00:00
airline_weather_risk,SZX,Shenzhen Bao'an,2023-02,28,0,0,0,12.8,1.2607142857142857,25.8,22.95714285714286,low,"Monthly aggregate of Open-Meteo daily weather for the airline hub; thresholds are broad aviation-disruption proxies (>=25mm rain, >=40km/h wind, fog codes).  Weather is a risk/execution variable, not an earnings forecast.",2026-08-10T08:21:49.545686+00:00
airline_weather_risk,SZX,Shenzhen Bao'an,2023-03,31,3,0,0,42.0,4.064516129032258,29.2,24.812903225806448,moderate,"Monthly aggregate of Open-Meteo daily weather for the airline hub; thresholds are broad aviation-disruption proxies (>=25mm rain, >=40km/h wind, fog codes).  Weather is a risk/execution variable, not an earnings forecast.",2026-08-10T08:21:49.545686+00:00
airline_weather_risk,SZX,Shenzhen Bao'an,2023-04,30,3,0,0,36.5,5.1433333333333335,31.4,26.179999999999996,moderate,"Monthly aggregate of Open-Meteo daily weather for the airline hub; thresholds are broad aviation-disruption proxies (>=25mm rain, >=40km/h wind, fog codes).  Weather is a risk/execution variable, not an earnings forecast.",2026-08-10T08:21:49.545686+00:00
airline_weather_risk,SZX,Shenzhen Bao'an,2023-05,31,0,0,0,23.9,4.27741935483871,31.2,28.79354838709677,low,"Monthly aggregate of Open-Meteo daily weather for the airline hub; thresholds are broad aviation-disruption proxies (>=25mm rain, >=40km/h wind, fog codes).  Weather is a risk/execution variable, not an earnings forecast.",2026-08-10T08:21:49.545686+00:00
airline_weather_risk,SZX,Shenzhen Bao'an,2023-06,30,3,0,0,32.1,10.05666666666667,26.4,30.420000000000005,moderate,"Monthly aggregate of Open-Meteo daily weather for the airline hub; thresholds are broad aviation-disruption proxies (>=25mm rain, >=40km/h wind, fog codes).  Weather is a risk/execution variable, not an earnings forecast.",2026-08-10T08:21:49.545686+00:00
airline_weather_risk,SZX,Shenzhen Bao'an,2023-07,31,3,0,0,51.7,7.077419354838711,33.6,31.92258064516129,moderate,"Monthly aggregate of Open-Meteo daily weather for the airline hub; thresholds are broad aviation-disruption proxies (>=25mm rain, >=40km/h wind, fog codes).  Weather is a risk/execution variable, not an earnings forecast.",2026-08-10T08:21:49.545686+00:00
airline_weather_risk,SZX,Shenzhen Bao'an,2023-08,31,2,0,0,30.5,8.512903225806452,25.6,31.293548387096774,moderate,"Monthly aggregate of Open-Meteo daily weather for the airline hub; thresholds are broad aviation-disruption proxies (>=25mm rain, >=40km/h wind, fog codes).  Weather is a risk/execution variable, not an earnings forecast.",2026-08-10T08:21:49.545686+00:00
airline_weather_risk,SZX,Shenzhen Bao'an,2023-09,30,7,2,0,173.7,18.560000000000002,44.6,30.133333333333333,high,"Monthly aggregate of Open-Meteo daily weather for the airline hub; thresholds are broad aviation-disruption proxies (>=25mm rain, >=40km/h wind, fog codes).  Weather is a risk/execution variable, not an earnings forecast.",2026-08-10T08:21:49.545686+00:00
airline_weather_risk,SZX,Shenzhen Bao'an,2023-10,31,3,0,0,57.5,7.009677419354839,32.7,27.941935483870967,moderate,"Monthly aggregate of Open-Meteo daily weather for the airline hub; thresholds are broad aviation-disruption proxies (>=25mm rain, >=40km/h wind, fog codes).  Weather is a risk/execution variable, not an earnings forecast.",2026-08-10T08:21:49.545686+00:00
airline_weather_risk,SZX,Shenzhen Bao'an,2023-11,30,0,0,0,8.8,0.7166666666666667,28.2,26.24,low,"Monthly aggregate of Open-Meteo daily weather for the airline hub; thresholds are broad aviation-disruption proxies (>=25mm rain, >=40km/h wind, fog codes).  Weather is a risk/execution variable, not an earnings forecast.",2026-08-10T08:21:49.545686+00:00
airline_weather_risk,SZX,Shenzhen Bao'an,2023-12,31,0,0,0,2.8,0.2193548387096774,30.6,22.42258064516129,low,"Monthly aggregate of Open-Meteo daily weather for the airline hub; thresholds are broad aviation-disruption proxies (>=25mm rain, >=40km/h wind, fog codes).  Weather is a risk/execution variable, not an earnings forecast.",2026-08-10T08:21:49.545686+00:00
airline_weather_risk,SZX,Shenzhen Bao'an,2024-01,31,0,0,0,7.8,0.5935483870967743,25.8,21.54516129032258,low,"Monthly aggregate of Open-Meteo daily weather for the airline hub; thresholds are broad aviation-disruption proxies (>=25mm rain, >=40km/h wind, fog codes).  Weather is a risk/execution variable, not an earnings forecast.",2026-08-10T08:21:49.545686+00:00
airline_weather_risk,SZX,Shenzhen Bao'an,2024-02,29,0,0,0,7.1,1.0620689655172413,28.1,22.941379310344825,low,"Monthly aggregate of Open-Meteo daily weather for the airline hub; thresholds are broad aviation-disruption proxies (>=25mm rain, >=40km/h wind, fog codes).  Weather is a risk/execution variable, not an earnings forecast.",2026-08-10T08:21:49.545686+00:00
airline_weather_risk,SZX,Shenzhen Bao'an,2024-03,31,1,0,0,37.0,3.690322580645161,33.4,24.196774193548386,low,"Monthly aggregate of Open-Meteo daily weather for the airline hub; thresholds are broad aviation-disruption proxies (>=25mm rain, >=40km/h wind, fog codes).  Weather is a risk/execution variable, not an earnings forecast.",2026-08-10T08:21:49.545686+00:00
airline_weather_risk,SZX,Shenzhen Bao'an,2024-04,30,6,0,0,116.7,19.326666666666668,32.8,28.606666666666662,high,"Monthly aggregate of Open-Meteo daily weather for the airline hub; thresholds are broad aviation-disruption proxies (>=25mm rain, >=40km/h wind, fog codes).  Weather is a risk/execution variable, not an earnings forecast.",2026-08-10T08:21:49.545686+00:00
airline_weather_risk,SZX,Shenzhen Bao'an,2024-05,31,7,0,0,53.3,15.274193548387096,24.9,28.451612903225804,high,"Monthly aggregate of Open-Meteo daily weather for the airline hub; thresholds are broad aviation-disruption proxies (>=25mm rain, >=40km/h wind, fog codes).  Weather is a risk/execution variable, not an earnings forecast.",2026-08-10T08:21:49.545686+00:00
airline_weather_risk,SZX,Shenzhen Bao'an,2024-06,30,4,0,0,77.6,11.01666666666667,34.6,30.25,high,"Monthly aggregate of Open-Meteo daily weather for the airline hub; thresholds are broad aviation-disruption proxies (>=25mm rain, >=40km/h wind, fog codes).  Weather is a risk/execution variable, not an earnings forecast.",2026-08-10T08:21:49.545686+00:00
airline_weather_risk,SZX,Shenzhen Bao'an,2024-07,31,3,0,0,48.2,7.800000000000001,29.8,31.709677419354843,moderate,"Monthly aggregate of Open-Meteo daily weather for the airline hub; thresholds are broad aviation-disruption proxies (>=25mm rain, >=40km/h wind, fog codes).  Weather is a risk/execution variable, not an earnings forecast.",2026-08-10T08:21:49.545686+00:00
airline_weather_risk,SZX,Shenzhen Bao'an,2024-08,31,4,0,0,59.6,12.219354838709675,25.3,31.154838709677417,high,"Monthly aggregate of Open-Meteo daily weather for the airline hub; thresholds are broad aviation-disruption proxies (>=25mm rain, >=40km/h wind, fog codes).  Weather is a risk/execution variable, not an earnings forecast.",2026-08-10T08:21:49.545686+00:00
airline_weather_risk,SZX,Shenzhen Bao'an,2024-09,30,4,0,0,54.3,9.713333333333335,31.1,30.97333333333334,high,"Monthly aggregate of Open-Meteo daily weather for the airline hub; thresholds are broad aviation-disruption proxies (>=25mm rain, >=40km/h wind, fog codes).  Weather is a risk/execution variable, not an earnings forecast.",2026-08-10T08:21:49.545686+00:00
airline_weather_risk,SZX,Shenzhen Bao'an,2024-10,31,0,0,0,6.7,0.45161290322580644,26.7,30.39677419354839,low,"Monthly aggregate of Open-Meteo daily weather for the airline hub; thresholds are broad aviation-disruption proxies (>=25mm rain, >=40km/h wind, fog codes).  Weather is a risk/execution variable, not an earnings forecast.",2026-08-10T08:21:49.545686+00:00
airline_weather_risk,SZX,Shenzhen Bao'an,2024-11,30,3,0,0,43.8,5.11,23.7,25.86,moderate,"Monthly aggregate of Open-Meteo daily weather for the airline hub; thresholds are broad aviation-disruption proxies (>=25mm rain, >=40km/h wind, fog codes).  Weather is a risk/execution variable, not an earnings forecast.",2026-08-10T08:21:49.545686+00:00
airline_weather_risk,SZX,Shenzhen Bao'an,2024-12,31,0,0,0,1.7,0.11612903225806452,22.7,20.870967741935477,low,"Monthly aggregate of Open-Meteo daily weather for the airline hub; thresholds are broad aviation-disruption proxies (>=25mm rain, >=40km/h wind, fog codes).  Weather is a risk/execution variable, not an earnings forecast.",2026-08-10T08:21:49.545686+00:00
airline_weather_risk,SZX,Shenzhen Bao'an,2025-01,31,0,0,0,4.5,0.3096774193548387,21.8,20.887096774193544,low,"Monthly aggregate of Open-Meteo daily weather for the airline hub; thresholds are broad aviation-disruption proxies (>=25mm rain, >=40km/h wind, fog codes).  Weather is a risk/execution variable, not an earnings forecast.",2026-08-10T08:21:49.545686+00:00
airline_weather_risk,SZX,Shenzhen Bao'an,2025-02,28,0,0,0,5.6,0.9142857142857143,20.8,21.575,low,"Monthly aggregate of Open-Meteo daily weather for the airline hub; thresholds are broad aviation-disruption proxies (>=25mm rain, >=40km/h wind, fog codes).  Weather is a risk/execution variable, not an earnings forecast.",2026-08-10T08:21:49.545686+00:00
airline_weather_risk,SZX,Shenzhen Bao'an,2025-03,31,1,0,0,34.4,2.4096774193548383,26.6,24.01935483870967,low,"Monthly aggregate of Open-Meteo daily weather for the airline hub; thresholds are broad aviation-disruption proxies (>=25mm rain, >=40km/h wind, fog codes).  Weather is a risk/execution variable, not an earnings forecast.",2026-08-10T08:21:49.545686+00:00
airline_weather_risk,SZX,Shenzhen Bao'an,2025-04,30,1,0,0,31.7,3.3133333333333335,34.9,27.906666666666673,low,"Monthly aggregate of Open-Meteo daily weather for the airline hub; thresholds are broad aviation-disruption proxies (>=25mm rain, >=40km/h wind, fog codes).  Weather is a risk/execution variable, not an earnings forecast.",2026-08-10T08:21:49.545686+00:00
airline_weather_risk,SZX,Shenzhen Bao'an,2025-05,31,1,0,0,44.8,6.593548387096774,23.1,29.951612903225808,low,"Monthly aggregate of Open-Meteo daily weather for the airline hub; thresholds are broad aviation-disruption proxies (>=25mm rain, >=40km/h wind, fog codes).  Weather is a risk/execution variable, not an earnings forecast.",2026-08-10T08:21:49.545686+00:00
airline_weather_risk,SZX,Shenzhen Bao'an,2025-06,30,4,0,0,62.7,10.506666666666664,31.3,31.29,high,"Monthly aggregate of Open-Meteo daily weather for the airline hub; thresholds are broad aviation-disruption proxies (>=25mm rain, >=40km/h wind, fog codes).  Weather is a risk/execution variable, not an earnings forecast.",2026-08-10T08:21:49.545686+00:00
airline_weather_risk,SZX,Shenzhen Bao'an,2025-07,31,5,1,0,59.5,13.909677419354837,47.7,32.14193548387097,high,"Monthly aggregate of Open-Meteo daily weather for the airline hub; thresholds are broad aviation-disruption proxies (>=25mm rain, >=40km/h wind, fog codes).  Weather is a risk/execution variable, not an earnings forecast.",2026-08-10T08:21:49.545686+00:00
airline_weather_risk,SZX,Shenzhen Bao'an,2025-08,31,4,0,0,80.1,11.206451612903225,22.7,31.516129032258064,high,"Monthly aggregate of Open-Meteo daily weather for the airline hub; thresholds are broad aviation-disruption proxies (>=25mm rain, >=40km/h wind, fog codes).  Weather is a risk/execution variable, not an earnings forecast.",2026-08-10T08:21:49.545686+00:00
airline_weather_risk,SZX,Shenzhen Bao'an,2025-09,30,3,1,0,91.5,10.326666666666663,46.3,31.65666666666667,moderate,"Monthly aggregate of Open-Meteo daily weather for the airline hub; thresholds are broad aviation-disruption proxies (>=25mm rain, >=40km/h wind, fog codes).  Weather is a risk/execution variable, not an earnings forecast.",2026-08-10T08:21:49.545686+00:00
airline_weather_risk,SZX,Shenzhen Bao'an,2025-10,31,0,0,0,9.6,1.732258064516129,27.0,30.335483870967735,low,"Monthly aggregate of Open-Meteo daily weather for the airline hub; thresholds are broad aviation-disruption proxies (>=25mm rain, >=40km/h wind, fog codes).  Weather is a risk/execution variable, not an earnings forecast.",2026-08-10T08:21:49.545686+00:00
airline_weather_risk,SZX,Shenzhen Bao'an,2025-11,30,0,0,0,1.8,0.22000000000000003,26.5,25.276666666666664,low,"Monthly aggregate of Open-Meteo daily weather for the airline hub; thresholds are broad aviation-disruption proxies (>=25mm rain, >=40km/h wind, fog codes).  Weather is a risk/execution variable, not an earnings forecast.",2026-08-10T08:21:49.545686+00:00
airline_weather_risk,SZX,Shenzhen Bao'an,2025-12,31,0,0,0,8.8,0.6129032258064516,23.3,23.812903225806448,low,"Monthly aggregate of Open-Meteo daily weather for the airline hub; thresholds are broad aviation-disruption proxies (>=25mm rain, >=40km/h wind, fog codes).  Weather is a risk/execution variable, not an earnings forecast.",2026-08-10T08:21:49.545686+00:00
airline_weather_risk,SZX,Shenzhen Bao'an,2026-01,31,0,0,0,4.3,0.34516129032258064,21.2,21.396774193548385,low,"Monthly aggregate of Open-Meteo daily weather for the airline hub; thresholds are broad aviation-disruption proxies (>=25mm rain, >=40km/h wind, fog codes).  Weather is a risk/execution variable, not an earnings forecast.",2026-08-10T08:21:49.545686+00:00
airline_weather_risk,SZX,Shenzhen Bao'an,2026-02,28,0,0,0,6.1,0.5714285714285714,21.6,24.68571428571428,low,"Monthly aggregate of Open-Meteo daily weather for the airline hub; thresholds are broad aviation-disruption proxies (>=25mm rain, >=40km/h wind, fog codes).  Weather is a risk/execution variable, not an earnings forecast.",2026-08-10T08:21:49.545686+00:00
airline_weather_risk,SZX,Shenzhen Bao'an,2026-03,31,3,0,0,36.7,4.619354838709678,26.1,25.999999999999996,moderate,"Monthly aggregate of Open-Meteo daily weather for the airline hub; thresholds are broad aviation-disruption proxies (>=25mm rain, >=40km/h wind, fog codes).  Weather is a risk/execution variable, not an earnings forecast.",2026-08-10T08:21:49.545686+00:00
airline_weather_risk,SZX,Shenzhen Bao'an,2026-04,30,2,0,0,73.7,7.41,31.4,28.413333333333334,moderate,"Monthly aggregate of Open-Meteo daily weather for the airline hub; thresholds are broad aviation-disruption proxies (>=25mm rain, >=40km/h wind, fog codes).  Weather is a risk/execution variable, not an earnings forecast.",2026-08-10T08:21:49.545686+00:00
airline_weather_risk,SZX,Shenzhen Bao'an,2026-05,31,3,0,0,30.8,6.945161290322581,23.3,29.929032258064517,moderate,"Monthly aggregate of Open-Meteo daily weather for the airline hub; thresholds are broad aviation-disruption proxies (>=25mm rain, >=40km/h wind, fog codes).  Weather is a risk/execution variable, not an earnings forecast.",2026-08-10T08:21:49.545686+00:00
airline_weather_risk,SZX,Shenzhen Bao'an,2026-06,30,8,0,0,70.9,17.563333333333333,24.3,30.888,high,"Monthly aggregate of Open-Meteo daily weather for the airline hub; thresholds are broad aviation-disruption proxies (>=25mm rain, >=40km/h wind, fog codes).  Weather is a risk/execution variable, not an earnings forecast.",2026-08-10T08:21:49.545686+00:00
airline_weather_risk,SZX,Shenzhen Bao'an,2026-07,31,4,1,0,68.3,13.729032258064516,49.4,,high,"Monthly aggregate of Open-Meteo daily weather for the airline hub; thresholds are broad aviation-disruption proxies (>=25mm rain, >=40km/h wind, fog codes).  Weather is a risk/execution variable, not an earnings forecast.",2026-08-10T08:21:49.545686+00:00
airline_weather_risk,SZX,Shenzhen Bao'an,2026-08,12,2,0,0,28.9,7.683333333333334,18.9,,moderate,"Monthly aggregate of Open-Meteo daily weather for the airline hub; thresholds are broad aviation-disruption proxies (>=25mm rain, >=40km/h wind, fog codes).  Weather is a risk/execution variable, not an earnings forecast.",2026-08-10T08:21:49.545686+00:00
airline_weather_risk,TFU,Chengdu Tianfu,2020-01,31,0,0,0,3.2,0.5612903225806452,19.5,11.338709677419356,low,"Monthly aggregate of Open-Meteo daily weather for the airline hub; thresholds are broad aviation-disruption proxies (>=25mm rain, >=40km/h wind, fog codes).  Weather is a risk/execution variable, not an earnings forecast.",2026-08-10T08:21:49.545686+00:00
airline_weather_risk,TFU,Chengdu Tianfu,2020-02,29,0,0,0,3.2,0.3896551724137931,32.0,14.589655172413794,low,"Monthly aggregate of Open-Meteo daily weather for the airline hub; thresholds are broad aviation-disruption proxies (>=25mm rain, >=40km/h wind, fog codes).  Weather is a risk/execution variable, not an earnings forecast.",2026-08-10T08:21:49.545686+00:00
airline_weather_risk,TFU,Chengdu Tianfu,2020-03,31,0,0,0,14.4,1.2064516129032257,32.1,19.74516129032258,low,"Monthly aggregate of Open-Meteo daily weather for the airline hub; thresholds are broad aviation-disruption proxies (>=25mm rain, >=40km/h wind, fog codes).  Weather is a risk/execution variable, not an earnings forecast.",2026-08-10T08:21:49.545686+00:00
airline_weather_risk,TFU,Chengdu Tianfu,2020-04,30,0,0,0,12.0,0.9766666666666667,22.5,23.386666666666667,low,"Monthly aggregate of Open-Meteo daily weather for the airline hub; thresholds are broad aviation-disruption proxies (>=25mm rain, >=40km/h wind, fog codes).  Weather is a risk/execution variable, not an earnings forecast.",2026-08-10T08:21:49.545686+00:00
airline_weather_risk,TFU,Chengdu Tianfu,2020-05,31,1,0,0,28.4,2.0999999999999996,33.7,31.32580645161291,low,"Monthly aggregate of Open-Meteo daily weather for the airline hub; thresholds are broad aviation-disruption proxies (>=25mm rain, >=40km/h wind, fog codes).  Weather is a risk/execution variable, not an earnings forecast.",2026-08-10T08:21:49.545686+00:00
airline_weather_risk,TFU,Chengdu Tianfu,2020-06,30,2,0,0,41.6,4.119999999999999,29.1,31.893333333333338,moderate,"Monthly aggregate of Open-Meteo daily weather for the airline hub; thresholds are broad aviation-disruption proxies (>=25mm rain, >=40km/h wind, fog codes).  Weather is a risk/execution variable, not an earnings forecast.",2026-08-10T08:21:49.545686+00:00
airline_weather_risk,TFU,Chengdu Tianfu,2020-07,31,3,0,0,45.7,7.367741935483871,28.7,29.425806451612903,moderate,"Monthly aggregate of Open-Meteo daily weather for the airline hub; thresholds are broad aviation-disruption proxies (>=25mm rain, >=40km/h wind, fog codes).  Weather is a risk/execution variable, not an earnings forecast.",2026-08-10T08:21:49.545686+00:00
airline_weather_risk,TFU,Chengdu Tianfu,2020-08,31,5,0,0,49.3,10.95483870967742,33.9,29.367741935483867,high,"Monthly aggregate of Open-Meteo daily weather for the airline hub; thresholds are broad aviation-disruption proxies (>=25mm rain, >=40km/h wind, fog codes).  Weather is a risk/execution variable, not an earnings forecast.",2026-08-10T08:21:49.545686+00:00
airline_weather_risk,TFU,Chengdu Tianfu,2020-09,30,0,0,0,22.6,3.4466666666666668,19.3,25.243333333333336,low,"Monthly aggregate of Open-Meteo daily weather for the airline hub; thresholds are broad aviation-disruption proxies (>=25mm rain, >=40km/h wind, fog codes).  Weather is a risk/execution variable, not an earnings forecast.",2026-08-10T08:21:49.545686+00:00
airline_weather_risk,TFU,Chengdu Tianfu,2020-10,31,0,0,0,5.6,1.3806451612903226,21.3,19.870967741935484,low,"Monthly aggregate of Open-Meteo daily weather for the airline hub; thresholds are broad aviation-disruption proxies (>=25mm rain, >=40km/h wind, fog codes).  Weather is a risk/execution variable, not an earnings forecast.",2026-08-10T08:21:49.545686+00:00
airline_weather_risk,TFU,Chengdu Tianfu,2020-11,30,0,0,0,1.4,0.21333333333333335,23.3,17.236666666666665,low,"Monthly aggregate of Open-Meteo daily weather for the airline hub; thresholds are broad aviation-disruption proxies (>=25mm rain, >=40km/h wind, fog codes).  Weather is a risk/execution variable, not an earnings forecast.",2026-08-10T08:21:49.545686+00:00
airline_weather_risk,TFU,Chengdu Tianfu,2020-12,31,0,0,0,7.1,1.3774193548387095,24.3,9.361290322580645,low,"Monthly aggregate of Open-Meteo daily weather for the airline hub; thresholds are broad aviation-disruption proxies (>=25mm rain, >=40km/h wind, fog codes).  Weather is a risk/execution variable, not an earnings forecast.",2026-08-10T08:21:49.545686+00:00
airline_weather_risk,TFU,Chengdu Tianfu,2021-01,31,0,0,0,4.9,0.6258064516129034,23.2,10.335483870967742,low,"Monthly aggregate of Open-Meteo daily weather for the airline hub; thresholds are broad aviation-disruption proxies (>=25mm rain, >=40km/h wind, fog codes).  Weather is a risk/execution variable, not an earnings forecast.",2026-08-10T08:21:49.545686+00:00
airline_weather_risk,TFU,Chengdu Tianfu,2021-02,28,0,0,0,9.0,1.0964285714285713,28.4,17.071428571428573,low,"Monthly aggregate of Open-Meteo daily weather for the airline hub; thresholds are broad aviation-disruption proxies (>=25mm rain, >=40km/h wind, fog codes).  Weather is a risk/execution variable, not an earnings forecast.",2026-08-10T08:21:49.545686+00:00
airline_weather_risk,TFU,Chengdu Tianfu,2021-03,31,0,0,0,4.1,1.0161290322580645,28.9,19.358064516129037,low,"Monthly aggregate of Open-Meteo daily weather for the airline hub; thresholds are broad aviation-disruption proxies (>=25mm rain, >=40km/h wind, fog codes).  Weather is a risk/execution variable, not an earnings forecast.",2026-08-10T08:21:49.545686+00:00
airline_weather_risk,TFU,Chengdu Tianfu,2021-04,30,0,0,0,4.5,1.3,24.8,21.646666666666665,low,"Monthly aggregate of Open-Meteo daily weather for the airline hub; thresholds are broad aviation-disruption proxies (>=25mm rain, >=40km/h wind, fog codes).  Weather is a risk/execution variable, not an earnings forecast.",2026-08-10T08:21:49.545686+00:00
airline_weather_risk,TFU,Chengdu Tianfu,2021-05,31,0,0,0,13.9,2.900000000000001,26.5,26.996774193548386,low,"Monthly aggregate of Open-Meteo daily weather for the airline hub; thresholds are broad aviation-disruption proxies (>=25mm rain, >=40km/h wind, fog codes).  Weather is a risk/execution variable, not an earnings forecast.",2026-08-10T08:21:49.545686+00:00
airline_weather_risk,TFU,Chengdu Tianfu,2021-06,30,2,0,0,47.4,4.313333333333333,32.4,29.46,moderate,"Monthly aggregate of Open-Meteo daily weather for the airline hub; thresholds are broad aviation-disruption proxies (>=25mm rain, >=40km/h wind, fog codes).  Weather is a risk/execution variable, not an earnings forecast.",2026-08-10T08:21:49.545686+00:00
airline_weather_risk,TFU,Chengdu Tianfu,2021-07,31,2,0,0,96.1,9.154838709677419,21.3,30.54516129032258,moderate,"Monthly aggregate of Open-Meteo daily weather for the airline hub; thresholds are broad aviation-disruption proxies (>=25mm rain, >=40km/h wind, fog codes).  Weather is a risk/execution variable, not an earnings forecast.",2026-08-10T08:21:49.545686+00:00
airline_weather_risk,TFU,Chengdu Tianfu,2021-08,31,3,0,0,78.6,9.751612903225807,29.2,29.341935483870966,moderate,"Monthly aggregate of Open-Meteo daily weather for the airline hub; thresholds are broad aviation-disruption proxies (>=25mm rain, >=40km/h wind, fog codes).  Weather is a risk/execution variable, not an earnings forecast.",2026-08-10T08:21:49.545686+00:00
airline_weather_risk,TFU,Chengdu Tianfu,2021-09,30,2,0,0,75.4,8.750000000000002,27.9,27.48333333333333,moderate,"Monthly aggregate of Open-Meteo daily weather for the airline hub; thresholds are broad aviation-disruption proxies (>=25mm rain, >=40km/h wind, fog codes).  Weather is a risk/execution variable, not an earnings forecast.",2026-08-10T08:21:49.545686+00:00
airline_weather_risk,TFU,Chengdu Tianfu,2021-10,31,1,0,0,51.7,3.5161290322580645,28.0,20.13225806451613,low,"Monthly aggregate of Open-Meteo daily weather for the airline hub; thresholds are broad aviation-disruption proxies (>=25mm rain, >=40km/h wind, fog codes).  Weather is a risk/execution variable, not an earnings forecast.",2026-08-10T08:21:49.545686+00:00
airline_weather_risk,TFU,Chengdu Tianfu,2021-11,30,0,0,0,4.6,0.6966666666666667,38.7,14.756666666666666,low,"Monthly aggregate of Open-Meteo daily weather for the airline hub; thresholds are broad aviation-disruption proxies (>=25mm rain, >=40km/h wind, fog codes).  Weather is a risk/execution variable, not an earnings forecast.",2026-08-10T08:21:49.545686+00:00
airline_weather_risk,TFU,Chengdu Tianfu,2021-12,31,0,0,0,5.7,0.4967741935483871,25.5,12.316129032258067,low,"Monthly aggregate of Open-Meteo daily weather for the airline hub; thresholds are broad aviation-disruption proxies (>=25mm rain, >=40km/h wind, fog codes).  Weather is a risk/execution variable, not an earnings forecast.",2026-08-10T08:21:49.545686+00:00
airline_weather_risk,TFU,Chengdu Tianfu,2022-01,31,0,0,0,4.8,0.7709677419354839,17.1,11.216129032258065,low,"Monthly aggregate of Open-Meteo daily weather for the airline hub; thresholds are broad aviation-disruption proxies (>=25mm rain, >=40km/h wind, fog codes).  Weather is a risk/execution variable, not an earnings forecast.",2026-08-10T08:21:49.545686+00:00
airline_weather_risk,TFU,Chengdu Tianfu,2022-02,28,0,0,0,6.4,1.382142857142857,19.3,10.771428571428572,low,"Monthly aggregate of Open-Meteo daily weather for the airline hub; thresholds are broad aviation-disruption proxies (>=25mm rain, >=40km/h wind, fog codes).  Weather is a risk/execution variable, not an earnings forecast.",2026-08-10T08:21:49.545686+00:00
airline_weather_risk,TFU,Chengdu Tianfu,2022-03,31,0,0,0,7.8,1.1774193548387095,28.5,22.54193548387096,low,"Monthly aggregate of Open-Meteo daily weather for the airline hub; thresholds are broad aviation-disruption proxies (>=25mm rain, >=40km/h wind, fog codes).  Weather is a risk/execution variable, not an earnings forecast.",2026-08-10T08:21:49.545686+00:00
airline_weather_risk,TFU,Chengdu Tianfu,2022-04,30,1,0,0,26.5,4.4399999999999995,36.5,23.62,low,"Monthly aggregate of Open-Meteo daily weather for the airline hub; thresholds are broad aviation-disruption proxies (>=25mm rain, >=40km/h wind, fog codes).  Weather is a risk/execution variable, not an earnings forecast.",2026-08-10T08:21:49.545686+00:00
airline_weather_risk,TFU,Chengdu Tianfu,2022-05,31,2,0,0,46.4,5.483870967741934,34.8,25.612903225806456,moderate,"Monthly aggregate of Open-Meteo daily weather for the airline hub; thresholds are broad aviation-disruption proxies (>=25mm rain, >=40km/h wind, fog codes).  Weather is a risk/execution variable, not an earnings forecast.",2026-08-10T08:21:49.545686+00:00
airline_weather_risk,TFU,Chengdu Tianfu,2022-06,30,2,0,0,39.3,5.5566666666666675,22.7,29.869999999999997,moderate,"Monthly aggregate of Open-Meteo daily weather for the airline hub; thresholds are broad aviation-disruption proxies (>=25mm rain, >=40km/h wind, fog codes).  Weather is a risk/execution variable, not an earnings forecast.",2026-08-10T08:21:49.545686+00:00
airline_weather_risk,TFU,Chengdu Tianfu,2022-07,31,0,0,0,11.8,1.6290322580645158,26.0,34.02258064516129,low,"Monthly aggregate of Open-Meteo daily weather for the airline hub; thresholds are broad aviation-disruption proxies (>=25mm rain, >=40km/h wind, fog codes).  Weather is a risk/execution variable, not an earnings forecast.",2026-08-10T08:21:49.545686+00:00
airline_weather_risk,TFU,Chengdu Tianfu,2022-08,31,1,0,0,27.8,2.4064516129032256,29.7,38.41935483870968,low,"Monthly aggregate of Open-Meteo daily weather for the airline hub; thresholds are broad aviation-disruption proxies (>=25mm rain, >=40km/h wind, fog codes).  Weather is a risk/execution variable, not an earnings forecast.",2026-08-10T08:21:49.545686+00:00
airline_weather_risk,TFU,Chengdu Tianfu,2022-09,30,1,0,0,27.8,2.9233333333333333,20.7,26.87333333333333,low,"Monthly aggregate of Open-Meteo daily weather for the airline hub; thresholds are broad aviation-disruption proxies (>=25mm rain, >=40km/h wind, fog codes).  Weather is a risk/execution variable, not an earnings forecast.",2026-08-10T08:21:49.545686+00:00
airline_weather_risk,TFU,Chengdu Tianfu,2022-10,31,0,0,0,7.3,1.4838709677419355,28.6,22.480645161290326,low,"Monthly aggregate of Open-Meteo daily weather for the airline hub; thresholds are broad aviation-disruption proxies (>=25mm rain, >=40km/h wind, fog codes).  Weather is a risk/execution variable, not an earnings forecast.",2026-08-10T08:21:49.545686+00:00
airline_weather_risk,TFU,Chengdu Tianfu,2022-11,30,0,0,0,4.2,0.32,31.1,19.129999999999995,low,"Monthly aggregate of Open-Meteo daily weather for the airline hub; thresholds are broad aviation-disruption proxies (>=25mm rain, >=40km/h wind, fog codes).  Weather is a risk/execution variable, not an earnings forecast.",2026-08-10T08:21:49.545686+00:00
airline_weather_risk,TFU,Chengdu Tianfu,2022-12,31,0,0,0,4.3,0.4967741935483871,24.3,10.761290322580644,low,"Monthly aggregate of Open-Meteo daily weather for the airline hub; thresholds are broad aviation-disruption proxies (>=25mm rain, >=40km/h wind, fog codes).  Weather is a risk/execution variable, not an earnings forecast.",2026-08-10T08:21:49.545686+00:00
airline_weather_risk,TFU,Chengdu Tianfu,2023-01,31,0,0,0,0.6,0.05806451612903226,26.3,11.629032258064516,low,"Monthly aggregate of Open-Meteo daily weather for the airline hub; thresholds are broad aviation-disruption proxies (>=25mm rain, >=40km/h wind, fog codes).  Weather is a risk/execution variable, not an earnings forecast.",2026-08-10T08:21:49.545686+00:00
airline_weather_risk,TFU,Chengdu Tianfu,2023-02,28,0,0,0,6.1,0.7678571428571427,24.3,14.653571428571428,low,"Monthly aggregate of Open-Meteo daily weather for the airline hub; thresholds are broad aviation-disruption proxies (>=25mm rain, >=40km/h wind, fog codes).  Weather is a risk/execution variable, not an earnings forecast.",2026-08-10T08:21:49.545686+00:00
airline_weather_risk,TFU,Chengdu Tianfu,2023-03,31,0,1,0,5.0,0.9935483870967742,41.8,19.55483870967742,low,"Monthly aggregate of Open-Meteo daily weather for the airline hub; thresholds are broad aviation-disruption proxies (>=25mm rain, >=40km/h wind, fog codes).  Weather is a risk/execution variable, not an earnings forecast.",2026-08-10T08:21:49.545686+00:00
airline_weather_risk,TFU,Chengdu Tianfu,2023-04,30,2,0,0,29.1,2.8033333333333337,29.5,25.416666666666668,moderate,"Monthly aggregate of Open-Meteo daily weather for the airline hub; thresholds are broad aviation-disruption proxies (>=25mm rain, >=40km/h wind, fog codes).  Weather is a risk/execution variable, not an earnings forecast.",2026-08-10T08:21:49.545686+00:00
airline_weather_risk,TFU,Chengdu Tianfu,2023-05,31,0,0,0,12.8,1.6096774193548387,30.4,28.435483870967737,low,"Monthly aggregate of Open-Meteo daily weather for the airline hub; thresholds are broad aviation-disruption proxies (>=25mm rain, >=40km/h wind, fog codes).  Weather is a risk/execution variable, not an earnings forecast.",2026-08-10T08:21:49.545686+00:00
airline_weather_risk,TFU,Chengdu Tianfu,2023-06,30,0,0,0,7.1,1.4766666666666668,24.5,31.876666666666665,low,"Monthly aggregate of Open-Meteo daily weather for the airline hub; thresholds are broad aviation-disruption proxies (>=25mm rain, >=40km/h wind, fog codes).  Weather is a risk/execution variable, not an earnings forecast.",2026-08-10T08:21:49.545686+00:00
airline_weather_risk,TFU,Chengdu Tianfu,2023-07,31,4,0,0,56.5,8.770967741935483,33.8,33.6225806451613,high,"Monthly aggregate of Open-Meteo daily weather for the airline hub; thresholds are broad aviation-disruption proxies (>=25mm rain, >=40km/h wind, fog codes).  Weather is a risk/execution variable, not an earnings forecast.",2026-08-10T08:21:49.545686+00:00
airline_weather_risk,TFU,Chengdu Tianfu,2023-08,31,2,0,0,39.7,8.625806451612904,23.2,31.325806451612902,moderate,"Monthly aggregate of Open-Meteo daily weather for the airline hub; thresholds are broad aviation-disruption proxies (>=25mm rain, >=40km/h wind, fog codes).  Weather is a risk/execution variable, not an earnings forecast.",2026-08-10T08:21:49.545686+00:00
airline_weather_risk,TFU,Chengdu Tianfu,2023-09,30,0,0,0,18.9,1.9966666666666666,29.8,29.399999999999995,low,"Monthly aggregate of Open-Meteo daily weather for the airline hub; thresholds are broad aviation-disruption proxies (>=25mm rain, >=40km/h wind, fog codes).  Weather is a risk/execution variable, not an earnings forecast.",2026-08-10T08:21:49.545686+00:00
airline_weather_risk,TFU,Chengdu Tianfu,2023-10,31,0,0,0,12.5,1.7451612903225806,25.1,22.554838709677412,low,"Monthly aggregate of Open-Meteo daily weather for the airline hub; thresholds are broad aviation-disruption proxies (>=25mm rain, >=40km/h wind, fog codes).  Weather is a risk/execution variable, not an earnings forecast.",2026-08-10T08:21:49.545686+00:00
airline_weather_risk,TFU,Chengdu Tianfu,2023-11,30,0,0,0,15.3,0.7899999999999999,24.7,18.75333333333333,low,"Monthly aggregate of Open-Meteo daily weather for the airline hub; thresholds are broad aviation-disruption proxies (>=25mm rain, >=40km/h wind, fog codes).  Weather is a risk/execution variable, not an earnings forecast.",2026-08-10T08:21:49.545686+00:00
airline_weather_risk,TFU,Chengdu Tianfu,2023-12,31,0,0,0,0.7,0.03225806451612903,29.7,13.125806451612906,low,"Monthly aggregate of Open-Meteo daily weather for the airline hub; thresholds are broad aviation-disruption proxies (>=25mm rain, >=40km/h wind, fog codes).  Weather is a risk/execution variable, not an earnings forecast.",2026-08-10T08:21:49.545686+00:00
airline_weather_risk,TFU,Chengdu Tianfu,2024-01,31,0,0,0,16.4,0.8612903225806451,25.8,12.670967741935486,low,"Monthly aggregate of Open-Meteo daily weather for the airline hub; thresholds are broad aviation-disruption proxies (>=25mm rain, >=40km/h wind, fog codes).  Weather is a risk/execution variable, not an earnings forecast.",2026-08-10T08:21:49.545686+00:00
airline_weather_risk,TFU,Chengdu Tianfu,2024-02,29,0,0,0,2.3,0.32068965517241377,25.1,13.42758620689655,low,"Monthly aggregate of Open-Meteo daily weather for the airline hub; thresholds are broad aviation-disruption proxies (>=25mm rain, >=40km/h wind, fog codes).  Weather is a risk/execution variable, not an earnings forecast.",2026-08-10T08:21:49.545686+00:00
airline_weather_risk,TFU,Chengdu Tianfu,2024-03,31,0,0,0,17.4,1.4451612903225806,33.4,21.129032258064516,low,"Monthly aggregate of Open-Meteo daily weather for the airline hub; thresholds are broad aviation-disruption proxies (>=25mm rain, >=40km/h wind, fog codes).  Weather is a risk/execution variable, not an earnings forecast.",2026-08-10T08:21:49.545686+00:00
airline_weather_risk,TFU,Chengdu Tianfu,2024-04,30,0,0,0,15.4,3.7,34.8,25.793333333333333,low,"Monthly aggregate of Open-Meteo daily weather for the airline hub; thresholds are broad aviation-disruption proxies (>=25mm rain, >=40km/h wind, fog codes).  Weather is a risk/execution variable, not an earnings forecast.",2026-08-10T08:21:49.545686+00:00
airline_weather_risk,TFU,Chengdu Tianfu,2024-05,31,1,0,0,28.2,2.3354838709677415,25.6,29.380645161290317,low,"Monthly aggregate of Open-Meteo daily weather for the airline hub; thresholds are broad aviation-disruption proxies (>=25mm rain, >=40km/h wind, fog codes).  Weather is a risk/execution variable, not an earnings forecast.",2026-08-10T08:21:49.545686+00:00
airline_weather_risk,TFU,Chengdu Tianfu,2024-06,30,0,0,0,7.2,1.07,21.0,30.603333333333335,low,"Monthly aggregate of Open-Meteo daily weather for the airline hub; thresholds are broad aviation-disruption proxies (>=25mm rain, >=40km/h wind, fog codes).  Weather is a risk/execution variable, not an earnings forecast.",2026-08-10T08:21:49.545686+00:00
airline_weather_risk,TFU,Chengdu Tianfu,2024-07,31,3,0,0,35.4,8.783870967741937,20.9,31.36451612903226,moderate,"Monthly aggregate of Open-Meteo daily weather for the airline hub; thresholds are broad aviation-disruption proxies (>=25mm rain, >=40km/h wind, fog codes).  Weather is a risk/execution variable, not an earnings forecast.",2026-08-10T08:21:49.545686+00:00
airline_weather_risk,TFU,Chengdu Tianfu,2024-08,31,0,0,0,23.6,2.387096774193549,27.7,35.599999999999994,low,"Monthly aggregate of Open-Meteo daily weather for the airline hub; thresholds are broad aviation-disruption proxies (>=25mm rain, >=40km/h wind, fog codes).  Weather is a risk/execution variable, not an earnings forecast.",2026-08-10T08:21:49.545686+00:00
airline_weather_risk,TFU,Chengdu Tianfu,2024-09,30,1,1,0,28.6,4.59,41.2,33.230000000000004,low,"Monthly aggregate of Open-Meteo daily weather for the airline hub; thresholds are broad aviation-disruption proxies (>=25mm rain, >=40km/h wind, fog codes).  Weather is a risk/execution variable, not an earnings forecast.",2026-08-10T08:21:49.545686+00:00
airline_weather_risk,TFU,Chengdu Tianfu,2024-10,31,0,0,0,10.2,1.8483870967741938,18.7,22.809677419354834,low,"Monthly aggregate of Open-Meteo daily weather for the airline hub; thresholds are broad aviation-disruption proxies (>=25mm rain, >=40km/h wind, fog codes).  Weather is a risk/execution variable, not an earnings forecast.",2026-08-10T08:21:49.545686+00:00
airline_weather_risk,TFU,Chengdu Tianfu,2024-11,30,0,0,0,4.5,0.43333333333333335,28.5,17.543333333333333,low,"Monthly aggregate of Open-Meteo daily weather for the airline hub; thresholds are broad aviation-disruption proxies (>=25mm rain, >=40km/h wind, fog codes).  Weather is a risk/execution variable, not an earnings forecast.",2026-08-10T08:21:49.545686+00:00
airline_weather_risk,TFU,Chengdu Tianfu,2024-12,31,0,0,0,9.1,0.738709677419355,18.8,11.351612903225808,low,"Monthly aggregate of Open-Meteo daily weather for the airline hub; thresholds are broad aviation-disruption proxies (>=25mm rain, >=40km/h wind, fog codes).  Weather is a risk/execution variable, not an earnings forecast.",2026-08-10T08:21:49.545686+00:00
airline_weather_risk,TFU,Chengdu Tianfu,2025-01,31,0,0,0,5.3,0.8129032258064517,28.5,12.064516129032258,low,"Monthly aggregate of Open-Meteo daily weather for the airline hub; thresholds are broad aviation-disruption proxies (>=25mm rain, >=40km/h wind, fog codes).  Weather is a risk/execution variable, not an earnings forecast.",2026-08-10T08:21:49.545686+00:00
airline_weather_risk,TFU,Chengdu Tianfu,2025-02,28,0,0,0,7.1,1.4642857142857142,24.3,11.62142857142857,low,"Monthly aggregate of Open-Meteo daily weather for the airline hub; thresholds are broad aviation-disruption proxies (>=25mm rain, >=40km/h wind, fog codes).  Weather is a risk/execution variable, not an earnings forecast.",2026-08-10T08:21:49.545686+00:00
airline_weather_risk,TFU,Chengdu Tianfu,2025-03,31,0,0,0,10.3,1.3290322580645162,36.1,16.470967741935485,low,"Monthly aggregate of Open-Meteo daily weather for the airline hub; thresholds are broad aviation-disruption proxies (>=25mm rain, >=40km/h wind, fog codes).  Weather is a risk/execution variable, not an earnings forecast.",2026-08-10T08:21:49.545686+00:00
airline_weather_risk,TFU,Chengdu Tianfu,2025-04,30,0,1,0,9.0,1.3233333333333335,42.9,26.910000000000004,low,"Monthly aggregate of Open-Meteo daily weather for the airline hub; thresholds are broad aviation-disruption proxies (>=25mm rain, >=40km/h wind, fog codes).  Weather is a risk/execution variable, not an earnings forecast.",2026-08-10T08:21:49.545686+00:00
airline_weather_risk,TFU,Chengdu Tianfu,2025-05,31,0,0,0,14.1,1.7225806451612906,31.5,30.674193548387095,low,"Monthly aggregate of Open-Meteo daily weather for the airline hub; thresholds are broad aviation-disruption proxies (>=25mm rain, >=40km/h wind, fog codes).  Weather is a risk/execution variable, not an earnings forecast.",2026-08-10T08:21:49.545686+00:00
airline_weather_risk,TFU,Chengdu Tianfu,2025-06,30,2,0,0,63.2,5.913333333333333,31.9,32.64333333333333,moderate,"Monthly aggregate of Open-Meteo daily weather for the airline hub; thresholds are broad aviation-disruption proxies (>=25mm rain, >=40km/h wind, fog codes).  Weather is a risk/execution variable, not an earnings forecast.",2026-08-10T08:21:49.545686+00:00
airline_weather_risk,TFU,Chengdu Tianfu,2025-07,31,0,0,0,22.2,4.422580645161291,22.2,32.54193548387097,low,"Monthly aggregate of Open-Meteo daily weather for the airline hub; thresholds are broad aviation-disruption proxies (>=25mm rain, >=40km/h wind, fog codes).  Weather is a risk/execution variable, not an earnings forecast.",2026-08-10T08:21:49.545686+00:00
airline_weather_risk,TFU,Chengdu Tianfu,2025-08,31,4,0,0,29.2,8.058064516129031,24.8,32.225806451612904,high,"Monthly aggregate of Open-Meteo daily weather for the airline hub; thresholds are broad aviation-disruption proxies (>=25mm rain, >=40km/h wind, fog codes).  Weather is a risk/execution variable, not an earnings forecast.",2026-08-10T08:21:49.545686+00:00
airline_weather_risk,TFU,Chengdu Tianfu,2025-09,30,2,0,0,54.0,7.293333333333333,28.7,27.336666666666666,moderate,"Monthly aggregate of Open-Meteo daily weather for the airline hub; thresholds are broad aviation-disruption proxies (>=25mm rain, >=40km/h wind, fog codes).  Weather is a risk/execution variable, not an earnings forecast.",2026-08-10T08:21:49.545686+00:00
airline_weather_risk,TFU,Chengdu Tianfu,2025-10,31,0,0,0,15.2,2.712903225806452,27.9,21.825806451612902,low,"Monthly aggregate of Open-Meteo daily weather for the airline hub; thresholds are broad aviation-disruption proxies (>=25mm rain, >=40km/h wind, fog codes).  Weather is a risk/execution variable, not an earnings forecast.",2026-08-10T08:21:49.545686+00:00
airline_weather_risk,TFU,Chengdu Tianfu,2025-11,30,0,0,0,4.6,0.55,27.1,16.330000000000002,low,"Monthly aggregate of Open-Meteo daily weather for the airline hub; thresholds are broad aviation-disruption proxies (>=25mm rain, >=40km/h wind, fog codes).  Weather is a risk/execution variable, not an earnings forecast.",2026-08-10T08:21:49.545686+00:00
airline_weather_risk,TFU,Chengdu Tianfu,2025-12,31,0,0,0,5.2,0.23225806451612904,26.5,13.161290322580642,low,"Monthly aggregate of Open-Meteo daily weather for the airline hub; thresholds are broad aviation-disruption proxies (>=25mm rain, >=40km/h wind, fog codes).  Weather is a risk/execution variable, not an earnings forecast.",2026-08-10T08:21:49.545686+00:00
airline_weather_risk,TFU,Chengdu Tianfu,2026-01,31,0,0,0,5.4,0.3387096774193548,21.8,11.409677419354841,low,"Monthly aggregate of Open-Meteo daily weather for the airline hub; thresholds are broad aviation-disruption proxies (>=25mm rain, >=40km/h wind, fog codes).  Weather is a risk/execution variable, not an earnings forecast.",2026-08-10T08:21:49.545686+00:00
airline_weather_risk,TFU,Chengdu Tianfu,2026-02,28,0,0,0,11.0,0.6464285714285716,27.3,17.053571428571427,low,"Monthly aggregate of Open-Meteo daily weather for the airline hub; thresholds are broad aviation-disruption proxies (>=25mm rain, >=40km/h wind, fog codes).  Weather is a risk/execution variable, not an earnings forecast.",2026-08-10T08:21:49.545686+00:00
airline_weather_risk,TFU,Chengdu Tianfu,2026-03,31,0,0,0,7.8,2.0451612903225804,23.0,18.835483870967746,low,"Monthly aggregate of Open-Meteo daily weather for the airline hub; thresholds are broad aviation-disruption proxies (>=25mm rain, >=40km/h wind, fog codes).  Weather is a risk/execution variable, not an earnings forecast.",2026-08-10T08:21:49.545686+00:00
airline_weather_risk,TFU,Chengdu Tianfu,2026-04,30,0,0,0,15.0,2.8366666666666664,29.3,24.016666666666666,low,"Monthly aggregate of Open-Meteo daily weather for the airline hub; thresholds are broad aviation-disruption proxies (>=25mm rain, >=40km/h wind, fog codes).  Weather is a risk/execution variable, not an earnings forecast.",2026-08-10T08:21:49.545686+00:00
airline_weather_risk,TFU,Chengdu Tianfu,2026-05,31,0,0,0,16.0,1.5096774193548388,31.2,29.229032258064514,low,"Monthly aggregate of Open-Meteo daily weather for the airline hub; thresholds are broad aviation-disruption proxies (>=25mm rain, >=40km/h wind, fog codes).  Weather is a risk/execution variable, not an earnings forecast.",2026-08-10T08:21:49.545686+00:00
airline_weather_risk,TFU,Chengdu Tianfu,2026-06,30,0,0,0,21.9,2.486666666666666,26.2,28.887999999999998,low,"Monthly aggregate of Open-Meteo daily weather for the airline hub; thresholds are broad aviation-disruption proxies (>=25mm rain, >=40km/h wind, fog codes).  Weather is a risk/execution variable, not an earnings forecast.",2026-08-10T08:21:49.545686+00:00
airline_weather_risk,TFU,Chengdu Tianfu,2026-07,31,1,0,0,40.9,3.512903225806452,26.0,,low,"Monthly aggregate of Open-Meteo daily weather for the airline hub; thresholds are broad aviation-disruption proxies (>=25mm rain, >=40km/h wind, fog codes).  Weather is a risk/execution variable, not an earnings forecast.",2026-08-10T08:21:49.545686+00:00
airline_weather_risk,TFU,Chengdu Tianfu,2026-08,12,1,0,0,48.9,6.733333333333333,22.7,,low,"Monthly aggregate of Open-Meteo daily weather for the airline hub; thresholds are broad aviation-disruption proxies (>=25mm rain, >=40km/h wind, fog codes).  Weather is a risk/execution variable, not an earnings forecast.",2026-08-10T08:21:49.545686+00:00
