dataset_id,company,ticker,market,snapshot_date,financial_period,chain_stage,canonical_metric,value_numeric,value_text,unit,native_currency,as_of_date,source_field,source_quality,source_note,retrieved_at
airline_research_chain,Cathay Pacific,0293.HK,HK,2026-08-06,1H2026,supply,ask_yoy_pct,11.78180088972014,,percentage,,2026-08-06,airline_expectation_bridge.h1_ask_yoy_pct,derived_join_with_source_lineage,Derived chain row from the expectation bridge/readiness gate. Retains source field and as-of date; this layer adds no new estimate.,2026-08-08T10:43:19.885388+00:00
airline_research_chain,Cathay Pacific,0293.HK,HK,2026-08-06,1H2026,supply,latest_report_ask_mn_seat_km,74662.0,,million seat-km,,2026-08-05,airline_expectation_bridge.latest_report_ask_mn_seat_km,derived_join_with_source_lineage,Derived chain row from the expectation bridge/readiness gate. Retains source field and as-of date; this layer adds no new estimate.,2026-08-08T10:43:19.885388+00:00
airline_research_chain,Cathay Pacific,0293.HK,HK,2026-08-06,1H2026,supply,passenger_capacity_lf_change_pp,2.690767347946988,,percentage points,,2026-08-06,airline_expectation_bridge.h1_passenger_lf_change_pp,derived_join_with_source_lineage,Derived chain row from the expectation bridge/readiness gate. Retains source field and as-of date; this layer adds no new estimate.,2026-08-08T10:43:19.885388+00:00
airline_research_chain,Cathay Pacific,0293.HK,HK,2026-08-06,1H2026,demand,rpk_yoy_pct,15.32803958899781,,percentage,,2026-08-06,airline_expectation_bridge.h1_rpk_yoy_pct,derived_join_with_source_lineage,Derived chain row from the expectation bridge/readiness gate. Retains source field and as-of date; this layer adds no new estimate.,2026-08-08T10:43:19.885388+00:00
airline_research_chain,Cathay Pacific,0293.HK,HK,2026-08-06,1H2026,demand,latest_report_rpk_mn_passenger_km,65334.0,,million passenger-km,,2026-08-05,airline_expectation_bridge.latest_report_rpk_mn_passenger_km,derived_join_with_source_lineage,Derived chain row from the expectation bridge/readiness gate. Retains source field and as-of date; this layer adds no new estimate.,2026-08-08T10:43:19.885388+00:00
airline_research_chain,Cathay Pacific,0293.HK,HK,2026-08-06,1H2026,demand,latest_report_passenger_load_factor_pct,87.5,,percentage,,2026-08-05,airline_expectation_bridge.latest_report_passenger_load_factor_pct,derived_join_with_source_lineage,Derived chain row from the expectation bridge/readiness gate. Retains source field and as-of date; this layer adds no new estimate.,2026-08-08T10:43:19.885388+00:00
airline_research_chain,Cathay Pacific,0293.HK,HK,2026-08-06,1H2026,demand,passengers_yoy_pct,17.459059414485342,,percentage,,2026-08-06,airline_expectation_bridge.h1_passengers_yoy_pct,derived_join_with_source_lineage,Derived chain row from the expectation bridge/readiness gate. Retains source field and as-of date; this layer adds no new estimate.,2026-08-08T10:43:19.885388+00:00
airline_research_chain,Cathay Pacific,0293.HK,HK,2026-08-06,1H2026,demand,cargo_tonnes_yoy_pct,8.514235975388166,,percentage,,2026-08-06,airline_expectation_bridge.h1_cargo_tonnes_yoy_pct,derived_join_with_source_lineage,Derived chain row from the expectation bridge/readiness gate. Retains source field and as-of date; this layer adds no new estimate.,2026-08-08T10:43:19.885388+00:00
airline_research_chain,Cathay Pacific,0293.HK,HK,2026-08-06,1H2026,revenue,latest_report_revenue_native_mn,68061.0,,native million,HKD,2026-08-05,airline_expectation_bridge.latest_report_revenue_native_mn,derived_join_with_source_lineage,Derived chain row from the expectation bridge/readiness gate. Retains source field and as-of date; this layer adds no new estimate.,2026-08-08T10:43:19.885388+00:00
airline_research_chain,Cathay Pacific,0293.HK,HK,2026-08-06,1H2026,revenue,latest_report_passenger_revenue_native_mn,47342.0,,native million,HKD,2026-08-05,airline_expectation_bridge.latest_report_passenger_revenue_native_mn,derived_join_with_source_lineage,Derived chain row from the expectation bridge/readiness gate. Retains source field and as-of date; this layer adds no new estimate.,2026-08-08T10:43:19.885388+00:00
airline_research_chain,Cathay Pacific,0293.HK,HK,2026-08-06,1H2026,revenue,latest_report_passenger_yield_native,66.1,,native currency/RPK,HKD,2026-08-05,airline_expectation_bridge.latest_report_passenger_yield_native,derived_join_with_source_lineage,Derived chain row from the expectation bridge/readiness gate. Retains source field and as-of date; this layer adds no new estimate.,2026-08-08T10:43:19.885388+00:00
airline_research_chain,Cathay Pacific,0293.HK,HK,2026-08-06,1H2026,revenue,latest_report_rask_native,57.9,,native currency/ASK,HKD,2026-08-05,airline_expectation_bridge.latest_report_rask_native,derived_join_with_source_lineage,Derived chain row from the expectation bridge/readiness gate. Retains source field and as-of date; this layer adds no new estimate.,2026-08-08T10:43:19.885388+00:00
airline_research_chain,Cathay Pacific,0293.HK,HK,2026-08-06,1H2026,revenue,fy2026_revenue_consensus_avg_usd_mn,16681.489094494707,,USD million,,2026-08-06,airline_expectation_bridge.fy2026_revenue_avg_usd_mn,derived_join_with_source_lineage,Derived chain row from the expectation bridge/readiness gate. Retains source field and as-of date; this layer adds no new estimate.,2026-08-08T10:43:19.885388+00:00
airline_research_chain,Cathay Pacific,0293.HK,HK,2026-08-06,1H2026,revenue,fy2026_revenue_growth_vs_latest_actual_pct,12.0699994,,percentage,,2026-08-06,airline_expectation_bridge.fy2026_revenue_growth_pct,derived_join_with_source_lineage,Derived chain row from the expectation bridge/readiness gate. Retains source field and as-of date; this layer adds no new estimate.,2026-08-08T10:43:19.885388+00:00
airline_research_chain,Cathay Pacific,0293.HK,HK,2026-08-06,1H2026,cost,latest_report_operating_cost_native_mn,61466.0,,native million,HKD,2026-08-05,airline_expectation_bridge.latest_report_operating_cost_native_mn,derived_join_with_source_lineage,Derived chain row from the expectation bridge/readiness gate. Retains source field and as-of date; this layer adds no new estimate.,2026-08-08T10:43:19.885388+00:00
airline_research_chain,Cathay Pacific,0293.HK,HK,2026-08-06,1H2026,cost,latest_report_fuel_cost_native_mn,23224.0,,native million,HKD,2026-08-05,airline_expectation_bridge.latest_report_fuel_cost_native_mn,derived_join_with_source_lineage,Derived chain row from the expectation bridge/readiness gate. Retains source field and as-of date; this layer adds no new estimate.,2026-08-08T10:43:19.885388+00:00
airline_research_chain,Cathay Pacific,0293.HK,HK,2026-08-06,1H2026,cost,latest_report_fuel_hedge_native_mn,-878.0,,native million,HKD,2026-08-06,airline_expectation_bridge.latest_report_fuel_hedge_native_mn,derived_join_with_source_lineage,Derived chain row from the expectation bridge/readiness gate. Retains source field and as-of date; this layer adds no new estimate.,2026-08-08T10:43:19.885388+00:00
airline_research_chain,Cathay Pacific,0293.HK,HK,2026-08-06,1H2026,cost,fuel_cost_share_pct,37.78349005954512,,percentage,,2026-08-06,airline_expectation_bridge.latest_report_fuel_cost_share_pct,derived_join_with_source_lineage,Derived chain row from the expectation bridge/readiness gate. Retains source field and as-of date; this layer adds no new estimate.,2026-08-08T10:43:19.885388+00:00
airline_research_chain,Cathay Pacific,0293.HK,HK,2026-08-06,1H2026,cost,jet_fuel_spot_usd_per_gallon,3.736,,USD/gallon,,2026-07-31,airline_expectation_bridge.jet_fuel_spot_usd_per_gallon,derived_join_with_source_lineage,Derived chain row from the expectation bridge/readiness gate. Retains source field and as-of date; this layer adds no new estimate.,2026-08-08T10:43:19.885388+00:00
airline_research_chain,Cathay Pacific,0293.HK,HK,2026-08-06,1H2026,cost,brent_spot_usd_per_barrel,91.63,,USD/barrel,,2026-07-31,airline_expectation_bridge.brent_spot_usd_per_barrel,derived_join_with_source_lineage,Derived chain row from the expectation bridge/readiness gate. Retains source field and as-of date; this layer adds no new estimate.,2026-08-08T10:43:19.885388+00:00
airline_research_chain,Cathay Pacific,0293.HK,HK,2026-08-06,1H2026,earnings,latest_report_profit_native_mn,6243.0,,native million,HKD,2026-08-05,airline_expectation_bridge.latest_report_attributable_profit_native_mn,derived_join_with_source_lineage,Derived chain row from the expectation bridge/readiness gate. Retains source field and as-of date; this layer adds no new estimate.,2026-08-08T10:43:19.885388+00:00
airline_research_chain,Cathay Pacific,0293.HK,HK,2026-08-06,1H2026,risk,latest_report_net_borrowings_native_mn,47267.0,,native million,HKD,2026-08-05,airline_expectation_bridge.latest_report_net_borrowings_native_mn,derived_join_with_source_lineage,Derived chain row from the expectation bridge/readiness gate. Retains source field and as-of date; this layer adds no new estimate.,2026-08-08T10:43:19.885388+00:00
airline_research_chain,Cathay Pacific,0293.HK,HK,2026-08-06,1H2026,risk,latest_report_available_unrestricted_liquidity_native_mn,23575.0,,native million,HKD,2026-08-05,airline_expectation_bridge.latest_report_available_unrestricted_liquidity_native_mn,derived_join_with_source_lineage,Derived chain row from the expectation bridge/readiness gate. Retains source field and as-of date; this layer adds no new estimate.,2026-08-08T10:43:19.885388+00:00
airline_research_chain,Cathay Pacific,0293.HK,HK,2026-08-06,1H2026,earnings,fy2026_profit_consensus_avg_usd_mn,1372.0116771038893,,USD million,,2026-08-06,airline_expectation_bridge.fy2026_net_profit_avg_usd_mn,derived_join_with_source_lineage,Derived chain row from the expectation bridge/readiness gate. Retains source field and as-of date; this layer adds no new estimate.,2026-08-08T10:43:19.885388+00:00
airline_research_chain,Cathay Pacific,0293.HK,HK,2026-08-06,1H2026,earnings,fy2026_consensus_net_margin_pct,8.224755412013463,,percentage,,2026-08-06,airline_expectation_bridge.fy2026_consensus_net_margin_pct,derived_join_with_source_lineage,Derived chain row from the expectation bridge/readiness gate. Retains source field and as-of date; this layer adds no new estimate.,2026-08-08T10:43:19.885388+00:00
airline_research_chain,Cathay Pacific,0293.HK,HK,2026-08-06,1H2026,expectations,market_cap_usd_mn,11736.529522210689,,USD million,,2026-08-06,airline_expectation_bridge.market_cap_usd_mn,derived_join_with_source_lineage,Derived chain row from the expectation bridge/readiness gate. Retains source field and as-of date; this layer adds no new estimate.,2026-08-08T10:43:19.885388+00:00
airline_research_chain,Cathay Pacific,0293.HK,HK,2026-08-06,1H2026,expectations,market_cap_to_consensus_revenue_usd,0.7035660579057073,,multiple,,2026-08-06,airline_expectation_bridge.market_cap_to_consensus_revenue_usd,derived_join_with_source_lineage,Derived chain row from the expectation bridge/readiness gate. Retains source field and as-of date; this layer adds no new estimate.,2026-08-08T10:43:19.885388+00:00
airline_research_chain,Cathay Pacific,0293.HK,HK,2026-08-06,1H2026,expectations,consensus_valuation_quality,,profit_based_multiple_usable,,,2026-08-06,airline_expectation_bridge.consensus_valuation_quality,derived_join_with_source_lineage,Derived chain row from the expectation bridge/readiness gate. Retains source field and as-of date; this layer adds no new estimate.,2026-08-08T10:43:19.885388+00:00
airline_research_chain,Cathay Pacific,0293.HK,HK,2026-08-06,1H2026,expectations,revision_evidence_band,,current_snapshot_only,,,2026-08-06,airline_pair_readiness.revision_evidence_band,derived_join_with_source_lineage,Derived chain row from the expectation bridge/readiness gate. Retains source field and as-of date; this layer adds no new estimate.,2026-08-08T10:43:19.885388+00:00
airline_research_chain,Cathay Pacific,0293.HK,HK,2026-08-06,1H2026,expectations,unified_estimate_revision_count,0.0,,events,,2026-08-06,airline_pair_readiness.unified_estimate_revision_count,derived_join_with_source_lineage,Derived chain row from the expectation bridge/readiness gate. Retains source field and as-of date; this layer adds no new estimate.,2026-08-08T10:43:19.885388+00:00
airline_research_chain,Cathay Pacific,0293.HK,HK,2026-08-06,1H2026,expectations,unified_up_revision_count,0.0,,events,,2026-08-06,airline_pair_readiness.unified_up_revision_count,derived_join_with_source_lineage,Derived chain row from the expectation bridge/readiness gate. Retains source field and as-of date; this layer adds no new estimate.,2026-08-08T10:43:19.885388+00:00
airline_research_chain,Cathay Pacific,0293.HK,HK,2026-08-06,1H2026,expectations,unified_down_revision_count,0.0,,events,,2026-08-06,airline_pair_readiness.unified_down_revision_count,derived_join_with_source_lineage,Derived chain row from the expectation bridge/readiness gate. Retains source field and as-of date; this layer adds no new estimate.,2026-08-08T10:43:19.885388+00:00
airline_research_chain,Cathay Pacific,0293.HK,HK,2026-08-06,1H2026,expectations,yahoo_eps_revision_up_30d,4.0,,analyst-count signal,,2026-08-06,airline_expectation_bridge.yahoo_eps_revision_up_30d,derived_join_with_source_lineage,Yahoo Finance 30-day EPS revision count from a current vendor snapshot; it is not a dated broker-vintage revision.,2026-08-08T10:43:19.885388+00:00
airline_research_chain,Cathay Pacific,0293.HK,HK,2026-08-06,1H2026,expectations,yahoo_eps_revision_down_30d,0.0,,analyst-count signal,,2026-08-06,airline_expectation_bridge.yahoo_eps_revision_down_30d,derived_join_with_source_lineage,Yahoo Finance 30-day EPS revision count from a current vendor snapshot; it is not a dated broker-vintage revision.,2026-08-08T10:43:19.885388+00:00
airline_research_chain,Cathay Pacific,0293.HK,HK,2026-08-06,1H2026,catalyst,formal_report_status,,disclosed,,,2026-08-06,airline_expectation_bridge.formal_report_status,derived_join_with_source_lineage,Derived chain row from the expectation bridge/readiness gate. Retains source field and as-of date; this layer adds no new estimate.,2026-08-08T10:43:19.885388+00:00
airline_research_chain,Cathay Pacific,0293.HK,HK,2026-08-06,1H2026,catalyst,formal_report_scheduled_date,,2026-08-05,,,2026-08-06,airline_expectation_bridge.formal_report_scheduled_date,derived_join_with_source_lineage,Derived chain row from the expectation bridge/readiness gate. Retains source field and as-of date; this layer adds no new estimate.,2026-08-08T10:43:19.885388+00:00
airline_research_chain,Cathay Pacific,0293.HK,HK,2026-08-06,1H2026,catalyst,latest_event_type,,financial_results,,,2026-08-06,airline_expectation_bridge.latest_event_type,derived_join_with_source_lineage,Derived chain row from the expectation bridge/readiness gate. Retains source field and as-of date; this layer adds no new estimate.,2026-08-08T10:43:19.885388+00:00
airline_research_chain,Cathay Pacific,0293.HK,HK,2026-08-06,1H2026,catalyst,latest_event_date,,2026-08-05,,,2026-08-06,airline_expectation_bridge.latest_event_date,derived_join_with_source_lineage,Derived chain row from the expectation bridge/readiness gate. Retains source field and as-of date; this layer adds no new estimate.,2026-08-08T10:43:19.885388+00:00
airline_research_chain,Cathay Pacific,0293.HK,HK,2026-08-06,1H2026,catalyst,latest_event_metric,,profit_attributable_to_shareholders,,,2026-08-05,airline_expectation_bridge.latest_event_metric,derived_join_with_source_lineage,Derived chain row from the expectation bridge/readiness gate. Retains source field and as-of date; this layer adds no new estimate.,2026-08-08T10:43:19.885388+00:00
airline_research_chain,Cathay Pacific,0293.HK,HK,2026-08-06,1H2026,catalyst,latest_event_value_min,6243.0,,native unit,HKD,2026-08-05,airline_expectation_bridge.latest_event_value_min,derived_join_with_source_lineage,Derived chain row from the expectation bridge/readiness gate. Retains source field and as-of date; this layer adds no new estimate.,2026-08-08T10:43:19.885388+00:00
airline_research_chain,Cathay Pacific,0293.HK,HK,2026-08-06,1H2026,catalyst,latest_event_value_max,6243.0,,native unit,HKD,2026-08-05,airline_expectation_bridge.latest_event_value_max,derived_join_with_source_lineage,Derived chain row from the expectation bridge/readiness gate. Retains source field and as-of date; this layer adds no new estimate.,2026-08-08T10:43:19.885388+00:00
airline_research_chain,Cathay Pacific,0293.HK,HK,2026-08-06,1H2026,catalyst,latest_event_native_unit,,HKD million,,,2026-08-05,airline_expectation_bridge.latest_event_native_unit,derived_join_with_source_lineage,Derived chain row from the expectation bridge/readiness gate. Retains source field and as-of date; this layer adds no new estimate.,2026-08-08T10:43:19.885388+00:00
airline_research_chain,Cathay Pacific,0293.HK,HK,2026-08-06,1H2026,catalyst,latest_event_source_url,,https://www.cathaypacific.com/content/dam/cx/about-us/investor-relations/announcements/en/2026_cx_interim_results_en.pdf,,,2026-08-05,airline_expectation_bridge.latest_event_source_url,derived_join_with_source_lineage,Derived chain row from the expectation bridge/readiness gate. Retains source field and as-of date; this layer adds no new estimate.,2026-08-08T10:43:19.885388+00:00
airline_research_chain,Cathay Pacific,0293.HK,HK,2026-08-06,1H2026,demand,latest_report_cargo_tonnes,869.0,,thousand tonnes,,2026-08-05,airline_earnings_driver_comparability.cargo_tonnes,derived_join_with_source_lineage,"Latest comparable issuer-period driver joined from airline_earnings_driver_comparability; statement_period=1H2026, reported_or_derived=issuer_reported. Source page=2.0; this chain row does not add a new estimate.",2026-08-08T10:43:19.885388+00:00
airline_research_chain,Cathay Pacific,0293.HK,HK,2026-08-06,1H2026,demand,latest_report_cargo_load_factor_pct,59.2,,percent,,2026-08-05,airline_earnings_driver_comparability.cargo_load_factor_pct,derived_join_with_source_lineage,"Latest comparable issuer-period driver joined from airline_earnings_driver_comparability; statement_period=1H2026, reported_or_derived=issuer_reported. Source page=2.0; this chain row does not add a new estimate.",2026-08-08T10:43:19.885388+00:00
airline_research_chain,Cathay Pacific,0293.HK,HK,2026-08-06,1H2026,revenue,latest_report_cargo_revenue_native_mn,15702.0,,HKD million,HKD,2026-08-05,airline_earnings_driver_comparability.cargo_revenue,derived_join_with_source_lineage,"Latest comparable issuer-period driver joined from airline_earnings_driver_comparability; statement_period=1H2026, reported_or_derived=issuer_reported. Source page=9.0; this chain row does not add a new estimate.",2026-08-08T10:43:19.885388+00:00
airline_research_chain,Cathay Pacific,0293.HK,HK,2026-08-06,1H2026,revenue,latest_report_cargo_yield_native,3.06,,HKD per RFTK,HKD,2026-08-05,airline_earnings_driver_comparability.cargo_yield,derived_join_with_source_lineage,"Latest comparable issuer-period driver joined from airline_earnings_driver_comparability; statement_period=1H2026, reported_or_derived=issuer_reported. Source page=2.0; this chain row does not add a new estimate.",2026-08-08T10:43:19.885388+00:00
airline_research_chain,Cathay Pacific,0293.HK,HK,2026-08-06,1H2026,earnings,latest_report_operating_cash_flow_native_mn,13673.0,,HKD million,HKD,2026-08-05,airline_earnings_driver_comparability.operating_cash_flow,derived_join_with_source_lineage,"Latest comparable issuer-period driver joined from airline_earnings_driver_comparability; statement_period=1H2026, reported_or_derived=issuer_reported. Source page=17.0; this chain row does not add a new estimate.",2026-08-08T10:43:19.885388+00:00
airline_research_chain,Cathay Pacific,0293.HK,HK,2026-08-06,1H2026,cost,latest_report_cost_per_atk_ex_fuel_native,2.42,,HKD per ATK,HKD,2026-08-05,airline_earnings_driver_comparability.cost_per_atk_ex_fuel,derived_join_with_source_lineage,"Latest comparable issuer-period driver joined from airline_earnings_driver_comparability; statement_period=1H2026, reported_or_derived=issuer_reported. Source page=2.0; this chain row does not add a new estimate.",2026-08-08T10:43:19.885388+00:00
airline_research_chain,Cathay Pacific,0293.HK,HK,2026-08-06,1H2026,cost,latest_report_fuel_intensity_native,1345.0,,barrels per million ATK,,2026-08-05,airline_earnings_driver_comparability.fuel_intensity,derived_join_with_source_lineage,"Latest comparable issuer-period driver joined from airline_earnings_driver_comparability; statement_period=1H2026, reported_or_derived=issuer_reported. Source page=2.0; this chain row does not add a new estimate.",2026-08-08T10:43:19.885388+00:00
airline_research_chain,Cathay Pacific,0293.HK,HK,2026-08-06,1H2026,cost,latest_report_fuel_hedging_loss_gain_native_mn,-878.0,,HKD million,HKD,2026-08-05,airline_earnings_driver_comparability.fuel_hedging_loss_gain,derived_join_with_source_lineage,"Latest comparable issuer-period driver joined from airline_earnings_driver_comparability; statement_period=1H2026, reported_or_derived=issuer_reported. Source page=11.0; this chain row does not add a new estimate.",2026-08-08T10:43:19.885388+00:00
airline_research_chain,Cathay Pacific,0293.HK,HK,2026-08-06,1H2026,demand,rpk_minus_ask_growth_gap_pp,3.5462386992776693,,percentage points,,2026-08-06,airline_expectation_bridge.h1_rpk_yoy_pct - h1_ask_yoy_pct,derived_join_with_source_lineage,"Demand-versus-capacity growth gap: H1 RPK YoY minus H1 ASK YoY. Positive values indicate traffic demand grew faster than capacity; this is a diagnostic, not a fare/yield estimate.",2026-08-08T10:43:19.885388+00:00
airline_research_chain,Cathay Pacific,0293.HK,HK,2026-08-06,1H2026,expectations,public_report_evidence_row_count,0.0,,rows,,2026-08-07,airline_revision_coverage.public_report_evidence_row_count,derived_join_with_source_lineage,10jqka public-report coverage metadata joined into the expectations chain. Counts and up/down markers do not establish a complete prior numeric revision.,2026-08-08T10:43:19.885388+00:00
airline_research_chain,Cathay Pacific,0293.HK,HK,2026-08-06,1H2026,expectations,public_report_dated_row_count,0.0,,rows,,2026-08-07,airline_revision_coverage.public_report_dated_row_count,derived_join_with_source_lineage,10jqka public-report coverage metadata joined into the expectations chain. Counts and up/down markers do not establish a complete prior numeric revision.,2026-08-08T10:43:19.885388+00:00
airline_research_chain,Cathay Pacific,0293.HK,HK,2026-08-06,1H2026,expectations,public_report_eps_up_marker_count,0.0,,markers,,2026-08-07,airline_revision_coverage.public_report_eps_up_marker_count,derived_join_with_source_lineage,10jqka public-report coverage metadata joined into the expectations chain. Counts and up/down markers do not establish a complete prior numeric revision.,2026-08-08T10:43:19.885388+00:00
airline_research_chain,Cathay Pacific,0293.HK,HK,2026-08-06,1H2026,expectations,public_report_eps_down_marker_count,0.0,,markers,,2026-08-07,airline_revision_coverage.public_report_eps_down_marker_count,derived_join_with_source_lineage,10jqka public-report coverage metadata joined into the expectations chain. Counts and up/down markers do not establish a complete prior numeric revision.,2026-08-08T10:43:19.885388+00:00
airline_research_chain,Cathay Pacific,0293.HK,HK,2026-08-06,1H2026,expectations,public_report_net_profit_up_marker_count,0.0,,markers,,2026-08-07,airline_revision_coverage.public_report_net_profit_up_marker_count,derived_join_with_source_lineage,10jqka public-report coverage metadata joined into the expectations chain. Counts and up/down markers do not establish a complete prior numeric revision.,2026-08-08T10:43:19.885388+00:00
airline_research_chain,Cathay Pacific,0293.HK,HK,2026-08-06,1H2026,expectations,public_report_net_profit_down_marker_count,0.0,,markers,,2026-08-07,airline_revision_coverage.public_report_net_profit_down_marker_count,derived_join_with_source_lineage,10jqka public-report coverage metadata joined into the expectations chain. Counts and up/down markers do not establish a complete prior numeric revision.,2026-08-08T10:43:19.885388+00:00
airline_research_chain,Cathay Pacific,0293.HK,HK,2026-08-06,1H2026,expectations,public_report_evidence_scope,,not_available,,,2026-08-07,airline_revision_coverage.public_report_evidence_scope,derived_join_with_source_lineage,Public-report date/scope metadata retained separately from numeric estimates; revenue evidence remains page-snapshot-only.,2026-08-08T10:43:19.885388+00:00
airline_research_chain,Cathay Pacific,0293.HK,HK,2026-08-06,1H2026,cost,fuel_plus_5pct_profit_impact_usd_mn,-148.0260034017362,,USD million,,2026-07-31,airline_fuel_sensitivity_scenarios.pre_tax_profit_impact_usd_mn,derived_join_with_source_lineage,Fuel-price scenario at 5% using mechanical_fuel_cost_proxy; FX observation date 2026-08-06 and EIA observation date 2026-07-31.,2026-08-08T10:43:19.885388+00:00
airline_research_chain,Cathay Pacific,0293.HK,HK,2026-08-06,1H2026,cost,fuel_plus_5pct_scenario_method,,mechanical_fuel_cost_proxy,,,2026-07-31,airline_fuel_sensitivity_scenarios.scenario_method,derived_join_with_source_lineage,"Fuel scenario metadata retained separately from the numeric impact; mechanical cases exclude hedging, contracts, mix, pass-through and demand response.",2026-08-08T10:43:19.885388+00:00
airline_research_chain,Cathay Pacific,0293.HK,HK,2026-08-06,1H2026,cost,fuel_plus_5pct_issuer_sensitivity_available,,False,,,2026-07-31,airline_fuel_sensitivity_scenarios.issuer_sensitivity_available,derived_join_with_source_lineage,"Fuel scenario metadata retained separately from the numeric impact; mechanical cases exclude hedging, contracts, mix, pass-through and demand response.",2026-08-08T10:43:19.885388+00:00
airline_research_chain,Cathay Pacific,0293.HK,HK,2026-08-06,1H2026,cost,fuel_minus_5pct_profit_impact_usd_mn,148.0260034017362,,USD million,,2026-07-31,airline_fuel_sensitivity_scenarios.pre_tax_profit_impact_usd_mn,derived_join_with_source_lineage,Fuel-price scenario at -5% using mechanical_fuel_cost_proxy; FX observation date 2026-08-06 and EIA observation date 2026-07-31.,2026-08-08T10:43:19.885388+00:00
airline_research_chain,Cathay Pacific,0293.HK,HK,2026-08-06,1H2026,cost,fuel_minus_5pct_scenario_method,,mechanical_fuel_cost_proxy,,,2026-07-31,airline_fuel_sensitivity_scenarios.scenario_method,derived_join_with_source_lineage,"Fuel scenario metadata retained separately from the numeric impact; mechanical cases exclude hedging, contracts, mix, pass-through and demand response.",2026-08-08T10:43:19.885388+00:00
airline_research_chain,Cathay Pacific,0293.HK,HK,2026-08-06,1H2026,cost,fuel_minus_5pct_issuer_sensitivity_available,,False,,,2026-07-31,airline_fuel_sensitivity_scenarios.issuer_sensitivity_available,derived_join_with_source_lineage,"Fuel scenario metadata retained separately from the numeric impact; mechanical cases exclude hedging, contracts, mix, pass-through and demand response.",2026-08-08T10:43:19.885388+00:00
airline_research_chain,Cathay Pacific,0293.HK,HK,2026-08-06,1H2026,cost,fuel_scenario_fx_observation_date,,2026-08-06,,,2026-08-06,airline_fuel_sensitivity_scenarios.fx_observation_date,derived_join_with_source_lineage,Latest ECB FX observation used for the USD scenario translation; not a forward-FX assumption.,2026-08-08T10:43:19.885388+00:00
airline_research_chain,Cathay Pacific,0293.HK,HK,2026-08-06,1H2026,cost,fuel_surcharge_context,,162 CNY (Chinese Mainland to Hong Kong); 198 HKD (Hong Kong to Chinese Mainland); 1362 HKD (Long-haul from Hong Kong); 339 HKD (Other flights from Hong Kong); 633 HKD (South Asian Sub-Continent from Hong Kong),,,2026-08-01,airline_fuel_sensitivity_scenarios.surcharge_reference,derived_join_with_source_lineage,Official fuel-surcharge schedule context retained from the scenario layer; route/policy-specific and not realized fuel-cost recovery. Source URL: https://www.cathaypacific.com/cx/en_IE/latest-news/other-news/fuel-surcharge-updates.html.,2026-08-08T10:43:19.885388+00:00
airline_research_chain,Cathay Pacific,0293.HK,HK,2026-08-06,1H2026,catalyst,news_event_count_in_window,11.0,,articles,,2026-08-07 15:42:00,airline_news_events.published_at,derived_join_with_source_lineage,Public Eastmoney/AkShare news-window metadata for catalyst discovery. Keyword categories and relevance scope are not sentiment or alpha signals.,2026-08-08T10:43:19.885388+00:00
airline_research_chain,Cathay Pacific,0293.HK,HK,2026-08-06,1H2026,catalyst,news_direct_headline_count_in_window,7.0,,articles,,2026-08-07 15:42:00,airline_news_events.relevance_scope,derived_join_with_source_lineage,Public Eastmoney/AkShare news-window metadata for catalyst discovery. Keyword categories and relevance scope are not sentiment or alpha signals.,2026-08-08T10:43:19.885388+00:00
airline_research_chain,Cathay Pacific,0293.HK,HK,2026-08-06,1H2026,catalyst,news_latest_published_at,,2026-08-07 15:42:00,,,2026-08-07 15:42:00,airline_news_events.published_at,derived_join_with_source_lineage,Public Eastmoney/AkShare news-window metadata for catalyst discovery. Keyword categories and relevance scope are not sentiment or alpha signals.,2026-08-08T10:43:19.885388+00:00
airline_research_chain,Cathay Pacific,0293.HK,HK,2026-08-06,1H2026,catalyst,news_latest_title,,港股评级汇总：国金证券维持百济神州买入评级,,,2026-08-07 15:42:00,airline_news_events.news_title,derived_join_with_source_lineage,Public Eastmoney/AkShare news-window metadata for catalyst discovery. Keyword categories and relevance scope are not sentiment or alpha signals.,2026-08-08T10:43:19.885388+00:00
airline_research_chain,Cathay Pacific,0293.HK,HK,2026-08-06,1H2026,catalyst,news_latest_source_url,,http://finance.eastmoney.com/a/202608073835179544.html,,,2026-08-07 15:42:00,airline_news_events.news_url,derived_join_with_source_lineage,Public Eastmoney/AkShare news-window metadata for catalyst discovery. Keyword categories and relevance scope are not sentiment or alpha signals.,2026-08-08T10:43:19.885388+00:00
airline_research_chain,Cathay Pacific,0293.HK,HK,2026-08-06,1H2026,risk,beta_to_benchmark,0.5940028381416811,,multiple,,2026-08-06,airline_market_risk_metrics.beta_to_benchmark,derived_join_with_source_lineage,Derived market-risk row from the free historical risk snapshot. Borrow availability remains explicit.,2026-08-08T10:43:19.885388+00:00
airline_research_chain,Cathay Pacific,0293.HK,HK,2026-08-06,1H2026,risk,annualized_volatility_pct,28.93804239135641,,percentage,,2026-08-06,airline_market_risk_metrics.annualized_volatility_pct,derived_join_with_source_lineage,Derived market-risk row from the free historical risk snapshot. Borrow availability remains explicit.,2026-08-08T10:43:19.885388+00:00
airline_research_chain,Cathay Pacific,0293.HK,HK,2026-08-06,1H2026,risk,max_drawdown_pct,-20.19914699736057,,percentage,,2026-08-06,airline_market_risk_metrics.max_drawdown_pct,derived_join_with_source_lineage,Derived market-risk row from the free historical risk snapshot. Borrow availability remains explicit.,2026-08-08T10:43:19.885388+00:00
airline_research_chain,Cathay Pacific,0293.HK,HK,2026-08-06,1H2026,risk,median_daily_turnover_usd_mn_60d,21.410979192158884,,USD million/day,,2026-08-06,airline_market_risk_metrics.median_daily_turnover_usd_mn_60d,derived_join_with_source_lineage,Derived market-risk row from the free historical risk snapshot. Borrow availability remains explicit.,2026-08-08T10:43:19.885388+00:00
airline_research_chain,Cathay Pacific,0293.HK,HK,2026-08-06,1H2026,risk,borrow_data_available,,False,,,2026-08-06,airline_market_risk_metrics.borrow_data_available,derived_join_with_source_lineage,Derived market-risk row from the free historical risk snapshot. Borrow availability remains explicit.,2026-08-08T10:43:19.885388+00:00
airline_research_chain,Cathay Pacific,0293.HK,HK,2026-08-06,1H2026,risk,short_eligibility_status,,designated_security_eligible,,,2026-08-05,airline_short_eligibility.eligibility_status,derived_join_with_source_lineage,"Exchange eligibility evidence only: HKEX designated-list or SSE margin-detail presence. It does not establish locatable borrow, borrow fee, recall risk or execution availability; borrow_data_available remains false.",2026-08-08T10:43:19.885388+00:00
airline_research_chain,Spring Airlines,601021.SH,CN_A,2026-08-06,FY2025,supply,ask_yoy_pct,15.3643515471785,,percentage,,2026-08-06,airline_expectation_bridge.h1_ask_yoy_pct,derived_join_with_source_lineage,Derived chain row from the expectation bridge/readiness gate. Retains source field and as-of date; this layer adds no new estimate.,2026-08-08T10:43:19.885388+00:00
airline_research_chain,Spring Airlines,601021.SH,CN_A,2026-08-06,FY2025,supply,latest_report_ask_mn_seat_km,61749.0,,million seat-km,,2026-04-11,airline_expectation_bridge.latest_report_ask_mn_seat_km,derived_join_with_source_lineage,Derived chain row from the expectation bridge/readiness gate. Retains source field and as-of date; this layer adds no new estimate.,2026-08-08T10:43:19.885388+00:00
airline_research_chain,Spring Airlines,601021.SH,CN_A,2026-08-06,FY2025,supply,passenger_capacity_lf_change_pp,2.0757860913031294,,percentage points,,2026-08-06,airline_expectation_bridge.h1_passenger_lf_change_pp,derived_join_with_source_lineage,Derived chain row from the expectation bridge/readiness gate. Retains source field and as-of date; this layer adds no new estimate.,2026-08-08T10:43:19.885388+00:00
airline_research_chain,Spring Airlines,601021.SH,CN_A,2026-08-06,FY2025,demand,rpk_yoy_pct,18.009927629670546,,percentage,,2026-08-06,airline_expectation_bridge.h1_rpk_yoy_pct,derived_join_with_source_lineage,Derived chain row from the expectation bridge/readiness gate. Retains source field and as-of date; this layer adds no new estimate.,2026-08-08T10:43:19.885388+00:00
airline_research_chain,Spring Airlines,601021.SH,CN_A,2026-08-06,FY2025,demand,latest_report_rpk_mn_passenger_km,56519.0999,,million passenger-km,,2026-04-11,airline_expectation_bridge.latest_report_rpk_mn_passenger_km,derived_join_with_source_lineage,Derived chain row from the expectation bridge/readiness gate. Retains source field and as-of date; this layer adds no new estimate.,2026-08-08T10:43:19.885388+00:00
airline_research_chain,Spring Airlines,601021.SH,CN_A,2026-08-06,FY2025,demand,latest_report_passenger_load_factor_pct,91.53,,percentage,,2026-04-11,airline_expectation_bridge.latest_report_passenger_load_factor_pct,derived_join_with_source_lineage,Derived chain row from the expectation bridge/readiness gate. Retains source field and as-of date; this layer adds no new estimate.,2026-08-08T10:43:19.885388+00:00
airline_research_chain,Spring Airlines,601021.SH,CN_A,2026-08-06,FY2025,demand,passengers_yoy_pct,14.154205220600126,,percentage,,2026-08-06,airline_expectation_bridge.h1_passengers_yoy_pct,derived_join_with_source_lineage,Derived chain row from the expectation bridge/readiness gate. Retains source field and as-of date; this layer adds no new estimate.,2026-08-08T10:43:19.885388+00:00
airline_research_chain,Spring Airlines,601021.SH,CN_A,2026-08-06,FY2025,demand,cargo_tonnes_yoy_pct,22.573578421379818,,percentage,,2026-08-06,airline_expectation_bridge.h1_cargo_tonnes_yoy_pct,derived_join_with_source_lineage,Derived chain row from the expectation bridge/readiness gate. Retains source field and as-of date; this layer adds no new estimate.,2026-08-08T10:43:19.885388+00:00
airline_research_chain,Spring Airlines,601021.SH,CN_A,2026-08-06,FY2025,revenue,latest_report_revenue_native_mn,21459.531429,,native million,RMB,2026-04-11,airline_expectation_bridge.latest_report_revenue_native_mn,derived_join_with_source_lineage,Derived chain row from the expectation bridge/readiness gate. Retains source field and as-of date; this layer adds no new estimate.,2026-08-08T10:43:19.885388+00:00
airline_research_chain,Spring Airlines,601021.SH,CN_A,2026-08-06,FY2025,revenue,latest_report_passenger_revenue_native_mn,20937.304189,,native million,RMB,2026-04-11,airline_expectation_bridge.latest_report_passenger_revenue_native_mn,derived_join_with_source_lineage,Derived chain row from the expectation bridge/readiness gate. Retains source field and as-of date; this layer adds no new estimate.,2026-08-08T10:43:19.885388+00:00
airline_research_chain,Spring Airlines,601021.SH,CN_A,2026-08-06,FY2025,revenue,latest_report_passenger_yield_native,0.37,,native currency/RPK,RMB,2026-04-11,airline_expectation_bridge.latest_report_passenger_yield_native,derived_join_with_source_lineage,Derived chain row from the expectation bridge/readiness gate. Retains source field and as-of date; this layer adds no new estimate.,2026-08-08T10:43:19.885388+00:00
airline_research_chain,Spring Airlines,601021.SH,CN_A,2026-08-06,FY2025,revenue,latest_report_rask_native,0.3390711459132941,,native currency/ASK,RMB,2026-04-11,airline_expectation_bridge.latest_report_rask_native,derived_join_with_source_lineage,Derived chain row from the expectation bridge/readiness gate. Retains source field and as-of date; this layer adds no new estimate.,2026-08-08T10:43:19.885388+00:00
airline_research_chain,Spring Airlines,601021.SH,CN_A,2026-08-06,FY2025,revenue,fy2026_revenue_consensus_avg_usd_mn,3672.301939298056,,USD million,,2026-08-06,airline_expectation_bridge.fy2026_revenue_avg_usd_mn,derived_join_with_source_lineage,Derived chain row from the expectation bridge/readiness gate. Retains source field and as-of date; this layer adds no new estimate.,2026-08-08T10:43:19.885388+00:00
airline_research_chain,Spring Airlines,601021.SH,CN_A,2026-08-06,FY2025,revenue,fy2026_revenue_growth_vs_latest_actual_pct,15.5,,percentage,,2026-08-06,airline_expectation_bridge.fy2026_revenue_growth_pct,derived_join_with_source_lineage,Derived chain row from the expectation bridge/readiness gate. Retains source field and as-of date; this layer adds no new estimate.,2026-08-08T10:43:19.885388+00:00
airline_research_chain,Spring Airlines,601021.SH,CN_A,2026-08-06,FY2025,cost,latest_report_operating_cost_native_mn,18544.164817999997,,native million,RMB,2026-04-11,airline_expectation_bridge.latest_report_operating_cost_native_mn,derived_join_with_source_lineage,Derived chain row from the expectation bridge/readiness gate. Retains source field and as-of date; this layer adds no new estimate.,2026-08-08T10:43:19.885388+00:00
airline_research_chain,Spring Airlines,601021.SH,CN_A,2026-08-06,FY2025,cost,latest_report_fuel_cost_native_mn,6228.636517,,native million,RMB,2026-04-11,airline_expectation_bridge.latest_report_fuel_cost_native_mn,derived_join_with_source_lineage,Derived chain row from the expectation bridge/readiness gate. Retains source field and as-of date; this layer adds no new estimate.,2026-08-08T10:43:19.885388+00:00
airline_research_chain,Spring Airlines,601021.SH,CN_A,2026-08-06,FY2025,cost,latest_report_cask_native,0.3003152248295518,,native currency/ASK,RMB,2026-04-11,airline_expectation_bridge.latest_report_cask_native,derived_join_with_source_lineage,Derived chain row from the expectation bridge/readiness gate. Retains source field and as-of date; this layer adds no new estimate.,2026-08-08T10:43:19.885388+00:00
airline_research_chain,Spring Airlines,601021.SH,CN_A,2026-08-06,FY2025,cost,fuel_cost_share_pct,33.58812099725375,,percentage,,2026-08-06,airline_expectation_bridge.latest_report_fuel_cost_share_pct,derived_join_with_source_lineage,Derived chain row from the expectation bridge/readiness gate. Retains source field and as-of date; this layer adds no new estimate.,2026-08-08T10:43:19.885388+00:00
airline_research_chain,Spring Airlines,601021.SH,CN_A,2026-08-06,FY2025,cost,jet_fuel_spot_usd_per_gallon,3.736,,USD/gallon,,2026-07-31,airline_expectation_bridge.jet_fuel_spot_usd_per_gallon,derived_join_with_source_lineage,Derived chain row from the expectation bridge/readiness gate. Retains source field and as-of date; this layer adds no new estimate.,2026-08-08T10:43:19.885388+00:00
airline_research_chain,Spring Airlines,601021.SH,CN_A,2026-08-06,FY2025,cost,brent_spot_usd_per_barrel,91.63,,USD/barrel,,2026-07-31,airline_expectation_bridge.brent_spot_usd_per_barrel,derived_join_with_source_lineage,Derived chain row from the expectation bridge/readiness gate. Retains source field and as-of date; this layer adds no new estimate.,2026-08-08T10:43:19.885388+00:00
airline_research_chain,Spring Airlines,601021.SH,CN_A,2026-08-06,FY2025,earnings,latest_report_profit_native_mn,2317.401673,,native million,RMB,2026-04-11,airline_expectation_bridge.latest_report_attributable_profit_native_mn,derived_join_with_source_lineage,Derived chain row from the expectation bridge/readiness gate. Retains source field and as-of date; this layer adds no new estimate.,2026-08-08T10:43:19.885388+00:00
airline_research_chain,Spring Airlines,601021.SH,CN_A,2026-08-06,FY2025,risk,latest_report_cash_and_cash_equivalents_native_mn,6648.791807,,native million,RMB,2026-04-11,airline_expectation_bridge.latest_report_cash_and_cash_equivalents_native_mn,derived_join_with_source_lineage,Derived chain row from the expectation bridge/readiness gate. Retains source field and as-of date; this layer adds no new estimate.,2026-08-08T10:43:19.885388+00:00
airline_research_chain,Spring Airlines,601021.SH,CN_A,2026-08-06,FY2025,earnings,fy2026_profit_consensus_avg_usd_mn,315.30175357518806,,USD million,,2026-08-06,airline_expectation_bridge.fy2026_net_profit_avg_usd_mn,derived_join_with_source_lineage,Derived chain row from the expectation bridge/readiness gate. Retains source field and as-of date; this layer adds no new estimate.,2026-08-08T10:43:19.885388+00:00
airline_research_chain,Spring Airlines,601021.SH,CN_A,2026-08-06,FY2025,earnings,fy2026_consensus_net_margin_pct,8.585943062063588,,percentage,,2026-08-06,airline_expectation_bridge.fy2026_consensus_net_margin_pct,derived_join_with_source_lineage,Derived chain row from the expectation bridge/readiness gate. Retains source field and as-of date; this layer adds no new estimate.,2026-08-08T10:43:19.885388+00:00
airline_research_chain,Spring Airlines,601021.SH,CN_A,2026-08-06,FY2025,expectations,market_cap_usd_mn,6726.091683997021,,USD million,,2026-08-06,airline_expectation_bridge.market_cap_usd_mn,derived_join_with_source_lineage,Derived chain row from the expectation bridge/readiness gate. Retains source field and as-of date; this layer adds no new estimate.,2026-08-08T10:43:19.885388+00:00
airline_research_chain,Spring Airlines,601021.SH,CN_A,2026-08-06,FY2025,expectations,market_cap_to_consensus_revenue_usd,1.8315737091277091,,multiple,,2026-08-06,airline_expectation_bridge.market_cap_to_consensus_revenue_usd,derived_join_with_source_lineage,Derived chain row from the expectation bridge/readiness gate. Retains source field and as-of date; this layer adds no new estimate.,2026-08-08T10:43:19.885388+00:00
airline_research_chain,Spring Airlines,601021.SH,CN_A,2026-08-06,FY2025,expectations,consensus_valuation_quality,,profit_based_multiple_usable,,,2026-08-06,airline_expectation_bridge.consensus_valuation_quality,derived_join_with_source_lineage,Derived chain row from the expectation bridge/readiness gate. Retains source field and as-of date; this layer adds no new estimate.,2026-08-08T10:43:19.885388+00:00
airline_research_chain,Spring Airlines,601021.SH,CN_A,2026-08-06,FY2025,expectations,revision_evidence_band,,dated_estimate_revision_proxy,,,2026-08-06,airline_pair_readiness.revision_evidence_band,derived_join_with_source_lineage,Derived chain row from the expectation bridge/readiness gate. Retains source field and as-of date; this layer adds no new estimate.,2026-08-08T10:43:19.885388+00:00
airline_research_chain,Spring Airlines,601021.SH,CN_A,2026-08-06,FY2025,expectations,unified_estimate_revision_count,34.0,,events,,2026-08-06,airline_pair_readiness.unified_estimate_revision_count,derived_join_with_source_lineage,Derived chain row from the expectation bridge/readiness gate. Retains source field and as-of date; this layer adds no new estimate.,2026-08-08T10:43:19.885388+00:00
airline_research_chain,Spring Airlines,601021.SH,CN_A,2026-08-06,FY2025,expectations,unified_up_revision_count,12.0,,events,,2026-08-06,airline_pair_readiness.unified_up_revision_count,derived_join_with_source_lineage,Derived chain row from the expectation bridge/readiness gate. Retains source field and as-of date; this layer adds no new estimate.,2026-08-08T10:43:19.885388+00:00
airline_research_chain,Spring Airlines,601021.SH,CN_A,2026-08-06,FY2025,expectations,unified_down_revision_count,18.0,,events,,2026-08-06,airline_pair_readiness.unified_down_revision_count,derived_join_with_source_lineage,Derived chain row from the expectation bridge/readiness gate. Retains source field and as-of date; this layer adds no new estimate.,2026-08-08T10:43:19.885388+00:00
airline_research_chain,Spring Airlines,601021.SH,CN_A,2026-08-06,FY2025,expectations,unified_latest_estimate_revision_date,,2026-04-30,,,2026-04-30,airline_pair_readiness.unified_latest_estimate_revision_date,derived_join_with_source_lineage,Derived chain row from the expectation bridge/readiness gate. Retains source field and as-of date; this layer adds no new estimate.,2026-08-08T10:43:19.885388+00:00
airline_research_chain,Spring Airlines,601021.SH,CN_A,2026-08-06,FY2025,expectations,yahoo_eps_revision_up_30d,1.0,,analyst-count signal,,2026-08-06,airline_expectation_bridge.yahoo_eps_revision_up_30d,derived_join_with_source_lineage,Yahoo Finance 30-day EPS revision count from a current vendor snapshot; it is not a dated broker-vintage revision.,2026-08-08T10:43:19.885388+00:00
airline_research_chain,Spring Airlines,601021.SH,CN_A,2026-08-06,FY2025,expectations,yahoo_eps_revision_down_30d,0.0,,analyst-count signal,,2026-08-06,airline_expectation_bridge.yahoo_eps_revision_down_30d,derived_join_with_source_lineage,Yahoo Finance 30-day EPS revision count from a current vendor snapshot; it is not a dated broker-vintage revision.,2026-08-08T10:43:19.885388+00:00
airline_research_chain,Spring Airlines,601021.SH,CN_A,2026-08-06,FY2025,risk,latest_discovery_debt_to_assets_pct,61.501684,,percentage,,2026-03-31,airline_expectation_bridge.latest_discovery_debt_to_assets_pct,derived_join_with_source_lineage,A-share provider debt-to-assets ratio retained as leverage context with its period_end; the source lacks a complete issuer announcement-date PIT field.,2026-08-08T10:43:19.885388+00:00
airline_research_chain,Spring Airlines,601021.SH,CN_A,2026-08-06,FY2025,catalyst,formal_report_status,,scheduled,,,2026-08-06,airline_expectation_bridge.formal_report_status,derived_join_with_source_lineage,Derived chain row from the expectation bridge/readiness gate. Retains source field and as-of date; this layer adds no new estimate.,2026-08-08T10:43:19.885388+00:00
airline_research_chain,Spring Airlines,601021.SH,CN_A,2026-08-06,FY2025,catalyst,formal_report_scheduled_date,,2026-08-29,,,2026-08-06,airline_expectation_bridge.formal_report_scheduled_date,derived_join_with_source_lineage,Derived chain row from the expectation bridge/readiness gate. Retains source field and as-of date; this layer adds no new estimate.,2026-08-08T10:43:19.885388+00:00
airline_research_chain,Spring Airlines,601021.SH,CN_A,2026-08-06,FY2025,catalyst,latest_event_type,,earnings_guidance,,,2026-08-06,airline_expectation_bridge.latest_event_type,derived_join_with_source_lineage,Derived chain row from the expectation bridge/readiness gate. Retains source field and as-of date; this layer adds no new estimate.,2026-08-08T10:43:19.885388+00:00
airline_research_chain,Spring Airlines,601021.SH,CN_A,2026-08-06,FY2025,catalyst,latest_event_date,,2026-04-30,,,2026-08-06,airline_expectation_bridge.latest_event_date,derived_join_with_source_lineage,Derived chain row from the expectation bridge/readiness gate. Retains source field and as-of date; this layer adds no new estimate.,2026-08-08T10:43:19.885388+00:00
airline_research_chain,Spring Airlines,601021.SH,CN_A,2026-08-06,FY2025,catalyst,latest_event_metric,,planned_fleet_additions,,,2026-04-30,airline_expectation_bridge.latest_event_metric,derived_join_with_source_lineage,Derived chain row from the expectation bridge/readiness gate. Retains source field and as-of date; this layer adds no new estimate.,2026-08-08T10:43:19.885388+00:00
airline_research_chain,Spring Airlines,601021.SH,CN_A,2026-08-06,FY2025,catalyst,latest_event_value_min,12.0,,native unit,RMB,2026-04-30,airline_expectation_bridge.latest_event_value_min,derived_join_with_source_lineage,Derived chain row from the expectation bridge/readiness gate. Retains source field and as-of date; this layer adds no new estimate.,2026-08-08T10:43:19.885388+00:00
airline_research_chain,Spring Airlines,601021.SH,CN_A,2026-08-06,FY2025,catalyst,latest_event_value_max,12.0,,native unit,RMB,2026-04-30,airline_expectation_bridge.latest_event_value_max,derived_join_with_source_lineage,Derived chain row from the expectation bridge/readiness gate. Retains source field and as-of date; this layer adds no new estimate.,2026-08-08T10:43:19.885388+00:00
airline_research_chain,Spring Airlines,601021.SH,CN_A,2026-08-06,FY2025,catalyst,latest_event_native_unit,,aircraft,,,2026-04-30,airline_expectation_bridge.latest_event_native_unit,derived_join_with_source_lineage,Derived chain row from the expectation bridge/readiness gate. Retains source field and as-of date; this layer adds no new estimate.,2026-08-08T10:43:19.885388+00:00
airline_research_chain,Spring Airlines,601021.SH,CN_A,2026-08-06,FY2025,catalyst,latest_event_source_url,,https://static.cninfo.com.cn/finalpage/2026-04-30/1225264358.PDF,,,2026-04-30,airline_expectation_bridge.latest_event_source_url,derived_join_with_source_lineage,Derived chain row from the expectation bridge/readiness gate. Retains source field and as-of date; this layer adds no new estimate.,2026-08-08T10:43:19.885388+00:00
airline_research_chain,Spring Airlines,601021.SH,CN_A,2026-08-06,FY2025,revenue,latest_report_cargo_revenue_native_mn,158.308446,,RMB million,RMB,2026-04-11,airline_earnings_driver_comparability.cargo_revenue,derived_join_with_source_lineage,"Latest comparable issuer-period driver joined from airline_earnings_driver_comparability; statement_period=FY2025, reported_or_derived=issuer_reported. Source page=26.0; this chain row does not add a new estimate.",2026-08-08T10:43:19.885388+00:00
airline_research_chain,Spring Airlines,601021.SH,CN_A,2026-08-06,FY2025,earnings,latest_report_operating_cash_flow_native_mn,6623.358345,,RMB million,RMB,2026-04-11,airline_earnings_driver_comparability.operating_cash_flow,derived_join_with_source_lineage,"Latest comparable issuer-period driver joined from airline_earnings_driver_comparability; statement_period=FY2025, reported_or_derived=issuer_reported. Source page=8.0; this chain row does not add a new estimate.",2026-08-08T10:43:19.885388+00:00
airline_research_chain,Spring Airlines,601021.SH,CN_A,2026-08-06,FY2025,cost,latest_report_fuel_cost_per_ask_native,0.1008702410889245,,RMB/ASK,RMB,2026-04-11,airline_earnings_driver_comparability.fuel_cost_per_ask,derived_join_with_source_lineage,"Latest comparable issuer-period driver joined from airline_earnings_driver_comparability; statement_period=FY2025, reported_or_derived=derived. Source page=27.0; this chain row does not add a new estimate.",2026-08-08T10:43:19.885388+00:00
airline_research_chain,Spring Airlines,601021.SH,CN_A,2026-08-06,FY2025,supply,latest_report_fleet_total,134.0,,aircraft,,2026-04-11,airline_earnings_driver_comparability.fleet_total,derived_join_with_source_lineage,"Latest comparable issuer-period driver joined from airline_earnings_driver_comparability; statement_period=FY2025, reported_or_derived=issuer_reported. Source page=31.0; this chain row does not add a new estimate.",2026-08-08T10:43:19.885388+00:00
airline_research_chain,Spring Airlines,601021.SH,CN_A,2026-08-06,FY2025,supply,latest_report_daily_utilization,9.97,,hours/day,,2026-04-11,airline_earnings_driver_comparability.daily_utilization,derived_join_with_source_lineage,"Latest comparable issuer-period driver joined from airline_earnings_driver_comparability; statement_period=FY2025, reported_or_derived=issuer_reported. Source page=31.0; this chain row does not add a new estimate.",2026-08-08T10:43:19.885388+00:00
airline_research_chain,Spring Airlines,601021.SH,CN_A,2026-08-06,FY2025,demand,rpk_minus_ask_growth_gap_pp,2.6455760824920453,,percentage points,,2026-08-06,airline_expectation_bridge.h1_rpk_yoy_pct - h1_ask_yoy_pct,derived_join_with_source_lineage,"Demand-versus-capacity growth gap: H1 RPK YoY minus H1 ASK YoY. Positive values indicate traffic demand grew faster than capacity; this is a diagnostic, not a fare/yield estimate.",2026-08-08T10:43:19.885388+00:00
airline_research_chain,Spring Airlines,601021.SH,CN_A,2026-08-06,FY2025,forecast,bear_forecast_ask_mn_seat_km,73088.83335599999,,million seat-km,,2026-08-07,airline_company_financial_forecast_bridge.forecast_ask_mn_seat_km,derived_join_with_source_lineage,"bear case from the FY2026 pre-interim company financial forecast bridge. Mechanical driver output, not issuer guidance, broker consensus or a trade recommendation. Forecast status=mechanical_driver_bridge_not_issuer_forecast; scope=group_consolidated.",2026-08-08T10:43:19.885388+00:00
airline_research_chain,Spring Airlines,601021.SH,CN_A,2026-08-06,FY2025,forecast,bear_forecast_rpk_mn_passenger_km,65002.5602758901,,million passenger-km,,2026-08-07,airline_company_financial_forecast_bridge.forecast_rpk_mn_passenger_km,derived_join_with_source_lineage,"bear case from the FY2026 pre-interim company financial forecast bridge. Mechanical driver output, not issuer guidance, broker consensus or a trade recommendation. Forecast status=mechanical_driver_bridge_not_issuer_forecast; scope=group_consolidated.",2026-08-08T10:43:19.885388+00:00
airline_research_chain,Spring Airlines,601021.SH,CN_A,2026-08-06,FY2025,forecast,bear_forecast_load_factor_pct,88.9363768597545,,percentage,,2026-08-07,airline_company_financial_forecast_bridge.forecast_load_factor_pct,derived_join_with_source_lineage,"bear case from the FY2026 pre-interim company financial forecast bridge. Mechanical driver output, not issuer guidance, broker consensus or a trade recommendation. Forecast status=mechanical_driver_bridge_not_issuer_forecast; scope=group_consolidated.",2026-08-08T10:43:19.885388+00:00
airline_research_chain,Spring Airlines,601021.SH,CN_A,2026-08-06,FY2025,forecast,bear_forecast_rask_proxy_rmb_per_ask,0.3322897229950282,,RMB/ASK,CNY,2026-08-07,airline_company_financial_forecast_bridge.forecast_rask_proxy_rmb_per_ask,derived_join_with_source_lineage,"bear case from the FY2026 pre-interim company financial forecast bridge. Mechanical driver output, not issuer guidance, broker consensus or a trade recommendation. Forecast status=mechanical_driver_bridge_not_issuer_forecast; scope=group_consolidated.",2026-08-08T10:43:19.885388+00:00
airline_research_chain,Spring Airlines,601021.SH,CN_A,2026-08-06,FY2025,forecast,bear_forecast_cask_rmb_per_ask,0.3063215293261428,,RMB/ASK,CNY,2026-08-07,airline_company_financial_forecast_bridge.forecast_cask_rmb_per_ask,derived_join_with_source_lineage,"bear case from the FY2026 pre-interim company financial forecast bridge. Mechanical driver output, not issuer guidance, broker consensus or a trade recommendation. Forecast status=mechanical_driver_bridge_not_issuer_forecast; scope=group_consolidated.",2026-08-08T10:43:19.885388+00:00
airline_research_chain,Spring Airlines,601021.SH,CN_A,2026-08-06,FY2025,forecast,bear_forecast_revenue_usd_mn,3469.0179090134743,,USD million,,2026-08-07,airline_company_financial_forecast_bridge.forecast_revenue_usd_mn,derived_join_with_source_lineage,"bear case from the FY2026 pre-interim company financial forecast bridge. Mechanical driver output, not issuer guidance, broker consensus or a trade recommendation. Forecast status=mechanical_driver_bridge_not_issuer_forecast; scope=group_consolidated.",2026-08-08T10:43:19.885388+00:00
airline_research_chain,Spring Airlines,601021.SH,CN_A,2026-08-06,FY2025,forecast,bear_forecast_operating_cost_usd_mn,3197.9167503916005,,USD million,,2026-08-07,airline_company_financial_forecast_bridge.forecast_operating_cost_usd_mn,derived_join_with_source_lineage,"bear case from the FY2026 pre-interim company financial forecast bridge. Mechanical driver output, not issuer guidance, broker consensus or a trade recommendation. Forecast status=mechanical_driver_bridge_not_issuer_forecast; scope=group_consolidated.",2026-08-08T10:43:19.885388+00:00
airline_research_chain,Spring Airlines,601021.SH,CN_A,2026-08-06,FY2025,forecast,bear_forecast_earnings_proxy_after_fuel_usd_mn,178.81643918826714,,USD million,,2026-08-07,airline_company_financial_forecast_bridge.earnings_proxy_after_fuel_usd_mn,derived_join_with_source_lineage,"bear case from the FY2026 pre-interim company financial forecast bridge. Mechanical driver output, not issuer guidance, broker consensus or a trade recommendation. Forecast status=mechanical_driver_bridge_not_issuer_forecast; scope=group_consolidated.",2026-08-08T10:43:19.885388+00:00
airline_research_chain,Spring Airlines,601021.SH,CN_A,2026-08-06,FY2025,forecast,bear_forecast_revenue_gap_to_consensus_pct,-5.5356022910098375,,percentage,,2026-08-07,airline_company_financial_forecast_bridge.revenue_gap_to_consensus_pct,derived_join_with_source_lineage,"bear case from the FY2026 pre-interim company financial forecast bridge. Mechanical driver output, not issuer guidance, broker consensus or a trade recommendation. Forecast status=mechanical_driver_bridge_not_issuer_forecast; scope=group_consolidated.",2026-08-08T10:43:19.885388+00:00
airline_research_chain,Spring Airlines,601021.SH,CN_A,2026-08-06,FY2025,forecast,bear_forecast_earnings_gap_to_consensus_pct,-43.28720434926922,,percentage,,2026-08-07,airline_company_financial_forecast_bridge.earnings_gap_to_consensus_pct,derived_join_with_source_lineage,"bear case from the FY2026 pre-interim company financial forecast bridge. Mechanical driver output, not issuer guidance, broker consensus or a trade recommendation. Forecast status=mechanical_driver_bridge_not_issuer_forecast; scope=group_consolidated.",2026-08-08T10:43:19.885388+00:00
airline_research_chain,Spring Airlines,601021.SH,CN_A,2026-08-06,FY2025,forecast,base_forecast_ask_mn_seat_km,71236.36335599999,,million seat-km,,2026-08-07,airline_company_financial_forecast_bridge.forecast_ask_mn_seat_km,derived_join_with_source_lineage,"base case from the FY2026 pre-interim company financial forecast bridge. Mechanical driver output, not issuer guidance, broker consensus or a trade recommendation. Forecast status=mechanical_driver_bridge_not_issuer_forecast; scope=group_consolidated.",2026-08-08T10:43:19.885388+00:00
airline_research_chain,Spring Airlines,601021.SH,CN_A,2026-08-06,FY2025,forecast,base_forecast_rpk_mn_passenger_km,66698.1332728901,,million passenger-km,,2026-08-07,airline_company_financial_forecast_bridge.forecast_rpk_mn_passenger_km,derived_join_with_source_lineage,"base case from the FY2026 pre-interim company financial forecast bridge. Mechanical driver output, not issuer guidance, broker consensus or a trade recommendation. Forecast status=mechanical_driver_bridge_not_issuer_forecast; scope=group_consolidated.",2026-08-08T10:43:19.885388+00:00
airline_research_chain,Spring Airlines,601021.SH,CN_A,2026-08-06,FY2025,forecast,base_forecast_load_factor_pct,93.62933497821848,,percentage,,2026-08-07,airline_company_financial_forecast_bridge.forecast_load_factor_pct,derived_join_with_source_lineage,"base case from the FY2026 pre-interim company financial forecast bridge. Mechanical driver output, not issuer guidance, broker consensus or a trade recommendation. Forecast status=mechanical_driver_bridge_not_issuer_forecast; scope=group_consolidated.",2026-08-08T10:43:19.885388+00:00
airline_research_chain,Spring Airlines,601021.SH,CN_A,2026-08-06,FY2025,forecast,base_forecast_rask_proxy_rmb_per_ask,0.3390711459132941,,RMB/ASK,CNY,2026-08-07,airline_company_financial_forecast_bridge.forecast_rask_proxy_rmb_per_ask,derived_join_with_source_lineage,"base case from the FY2026 pre-interim company financial forecast bridge. Mechanical driver output, not issuer guidance, broker consensus or a trade recommendation. Forecast status=mechanical_driver_bridge_not_issuer_forecast; scope=group_consolidated.",2026-08-08T10:43:19.885388+00:00
airline_research_chain,Spring Airlines,601021.SH,CN_A,2026-08-06,FY2025,forecast,base_forecast_cask_rmb_per_ask,0.3003152248295518,,RMB/ASK,CNY,2026-08-07,airline_company_financial_forecast_bridge.forecast_cask_rmb_per_ask,derived_join_with_source_lineage,"base case from the FY2026 pre-interim company financial forecast bridge. Mechanical driver output, not issuer guidance, broker consensus or a trade recommendation. Forecast status=mechanical_driver_bridge_not_issuer_forecast; scope=group_consolidated.",2026-08-08T10:43:19.885388+00:00
airline_research_chain,Spring Airlines,601021.SH,CN_A,2026-08-06,FY2025,forecast,base_forecast_revenue_usd_mn,3450.095978791214,,USD million,,2026-08-07,airline_company_financial_forecast_bridge.forecast_revenue_usd_mn,derived_join_with_source_lineage,"base case from the FY2026 pre-interim company financial forecast bridge. Mechanical driver output, not issuer guidance, broker consensus or a trade recommendation. Forecast status=mechanical_driver_bridge_not_issuer_forecast; scope=group_consolidated.",2026-08-08T10:43:19.885388+00:00
airline_research_chain,Spring Airlines,601021.SH,CN_A,2026-08-06,FY2025,forecast,base_forecast_operating_cost_usd_mn,3055.7491017509565,,USD million,,2026-08-07,airline_company_financial_forecast_bridge.forecast_operating_cost_usd_mn,derived_join_with_source_lineage,"base case from the FY2026 pre-interim company financial forecast bridge. Mechanical driver output, not issuer guidance, broker consensus or a trade recommendation. Forecast status=mechanical_driver_bridge_not_issuer_forecast; scope=group_consolidated.",2026-08-08T10:43:19.885388+00:00
airline_research_chain,Spring Airlines,601021.SH,CN_A,2026-08-06,FY2025,forecast,base_forecast_earnings_proxy_after_fuel_usd_mn,313.4631881792576,,USD million,,2026-08-07,airline_company_financial_forecast_bridge.earnings_proxy_after_fuel_usd_mn,derived_join_with_source_lineage,"base case from the FY2026 pre-interim company financial forecast bridge. Mechanical driver output, not issuer guidance, broker consensus or a trade recommendation. Forecast status=mechanical_driver_bridge_not_issuer_forecast; scope=group_consolidated.",2026-08-08T10:43:19.885388+00:00
airline_research_chain,Spring Airlines,601021.SH,CN_A,2026-08-06,FY2025,forecast,base_forecast_revenue_gap_to_consensus_pct,-6.0508630330466815,,percentage,,2026-08-07,airline_company_financial_forecast_bridge.revenue_gap_to_consensus_pct,derived_join_with_source_lineage,"base case from the FY2026 pre-interim company financial forecast bridge. Mechanical driver output, not issuer guidance, broker consensus or a trade recommendation. Forecast status=mechanical_driver_bridge_not_issuer_forecast; scope=group_consolidated.",2026-08-08T10:43:19.885388+00:00
airline_research_chain,Spring Airlines,601021.SH,CN_A,2026-08-06,FY2025,forecast,base_forecast_earnings_gap_to_consensus_pct,-0.5831129624504428,,percentage,,2026-08-07,airline_company_financial_forecast_bridge.earnings_gap_to_consensus_pct,derived_join_with_source_lineage,"base case from the FY2026 pre-interim company financial forecast bridge. Mechanical driver output, not issuer guidance, broker consensus or a trade recommendation. Forecast status=mechanical_driver_bridge_not_issuer_forecast; scope=group_consolidated.",2026-08-08T10:43:19.885388+00:00
airline_research_chain,Spring Airlines,601021.SH,CN_A,2026-08-06,FY2025,forecast,bull_forecast_ask_mn_seat_km,70001.38335599999,,million seat-km,,2026-08-07,airline_company_financial_forecast_bridge.forecast_ask_mn_seat_km,derived_join_with_source_lineage,"bull case from the FY2026 pre-interim company financial forecast bridge. Mechanical driver output, not issuer guidance, broker consensus or a trade recommendation. Forecast status=mechanical_driver_bridge_not_issuer_forecast; scope=group_consolidated.",2026-08-08T10:43:19.885388+00:00
airline_research_chain,Spring Airlines,601021.SH,CN_A,2026-08-06,FY2025,forecast,bull_forecast_rpk_mn_passenger_km,68393.7062698901,,million passenger-km,,2026-08-07,airline_company_financial_forecast_bridge.forecast_rpk_mn_passenger_km,derived_join_with_source_lineage,"bull case from the FY2026 pre-interim company financial forecast bridge. Mechanical driver output, not issuer guidance, broker consensus or a trade recommendation. Forecast status=mechanical_driver_bridge_not_issuer_forecast; scope=group_consolidated.",2026-08-08T10:43:19.885388+00:00
airline_research_chain,Spring Airlines,601021.SH,CN_A,2026-08-06,FY2025,forecast,bull_forecast_load_factor_pct,97.70336383506329,,percentage,,2026-08-07,airline_company_financial_forecast_bridge.forecast_load_factor_pct,derived_join_with_source_lineage,"bull case from the FY2026 pre-interim company financial forecast bridge. Mechanical driver output, not issuer guidance, broker consensus or a trade recommendation. Forecast status=mechanical_driver_bridge_not_issuer_forecast; scope=group_consolidated.",2026-08-08T10:43:19.885388+00:00
airline_research_chain,Spring Airlines,601021.SH,CN_A,2026-08-06,FY2025,forecast,bull_forecast_rask_proxy_rmb_per_ask,0.34585256883156,,RMB/ASK,CNY,2026-08-07,airline_company_financial_forecast_bridge.forecast_rask_proxy_rmb_per_ask,derived_join_with_source_lineage,"bull case from the FY2026 pre-interim company financial forecast bridge. Mechanical driver output, not issuer guidance, broker consensus or a trade recommendation. Forecast status=mechanical_driver_bridge_not_issuer_forecast; scope=group_consolidated.",2026-08-08T10:43:19.885388+00:00
airline_research_chain,Spring Airlines,601021.SH,CN_A,2026-08-06,FY2025,forecast,bull_forecast_cask_rmb_per_ask,0.2973120725812563,,RMB/ASK,CNY,2026-08-07,airline_company_financial_forecast_bridge.forecast_cask_rmb_per_ask,derived_join_with_source_lineage,"bull case from the FY2026 pre-interim company financial forecast bridge. Mechanical driver output, not issuer guidance, broker consensus or a trade recommendation. Forecast status=mechanical_driver_bridge_not_issuer_forecast; scope=group_consolidated.",2026-08-08T10:43:19.885388+00:00
airline_research_chain,Spring Airlines,601021.SH,CN_A,2026-08-06,FY2025,forecast,bull_forecast_revenue_usd_mn,3458.089512792857,,USD million,,2026-08-07,airline_company_financial_forecast_bridge.forecast_revenue_usd_mn,derived_join_with_source_lineage,"bull case from the FY2026 pre-interim company financial forecast bridge. Mechanical driver output, not issuer guidance, broker consensus or a trade recommendation. Forecast status=mechanical_driver_bridge_not_issuer_forecast; scope=group_consolidated.",2026-08-08T10:43:19.885388+00:00
airline_research_chain,Spring Airlines,601021.SH,CN_A,2026-08-06,FY2025,forecast,bull_forecast_operating_cost_usd_mn,2972.74576763569,,USD million,,2026-08-07,airline_company_financial_forecast_bridge.forecast_operating_cost_usd_mn,derived_join_with_source_lineage,"bull case from the FY2026 pre-interim company financial forecast bridge. Mechanical driver output, not issuer guidance, broker consensus or a trade recommendation. Forecast status=mechanical_driver_bridge_not_issuer_forecast; scope=group_consolidated.",2026-08-08T10:43:19.885388+00:00
airline_research_chain,Spring Airlines,601021.SH,CN_A,2026-08-06,FY2025,forecast,bull_forecast_earnings_proxy_after_fuel_usd_mn,422.47558320633,,USD million,,2026-08-07,airline_company_financial_forecast_bridge.earnings_proxy_after_fuel_usd_mn,derived_join_with_source_lineage,"bull case from the FY2026 pre-interim company financial forecast bridge. Mechanical driver output, not issuer guidance, broker consensus or a trade recommendation. Forecast status=mechanical_driver_bridge_not_issuer_forecast; scope=group_consolidated.",2026-08-08T10:43:19.885388+00:00
airline_research_chain,Spring Airlines,601021.SH,CN_A,2026-08-06,FY2025,forecast,bull_forecast_revenue_gap_to_consensus_pct,-5.833192097111294,,percentage,,2026-08-07,airline_company_financial_forecast_bridge.revenue_gap_to_consensus_pct,derived_join_with_source_lineage,"bull case from the FY2026 pre-interim company financial forecast bridge. Mechanical driver output, not issuer guidance, broker consensus or a trade recommendation. Forecast status=mechanical_driver_bridge_not_issuer_forecast; scope=group_consolidated.",2026-08-08T10:43:19.885388+00:00
airline_research_chain,Spring Airlines,601021.SH,CN_A,2026-08-06,FY2025,forecast,bull_forecast_earnings_gap_to_consensus_pct,33.99087649082321,,percentage,,2026-08-07,airline_company_financial_forecast_bridge.earnings_gap_to_consensus_pct,derived_join_with_source_lineage,"bull case from the FY2026 pre-interim company financial forecast bridge. Mechanical driver output, not issuer guidance, broker consensus or a trade recommendation. Forecast status=mechanical_driver_bridge_not_issuer_forecast; scope=group_consolidated.",2026-08-08T10:43:19.885388+00:00
airline_research_chain,Spring Airlines,601021.SH,CN_A,2026-08-06,FY2025,expectations,public_report_evidence_row_count,81.0,,rows,,2026-08-07,airline_revision_coverage.public_report_evidence_row_count,derived_join_with_source_lineage,10jqka public-report coverage metadata joined into the expectations chain. Counts and up/down markers do not establish a complete prior numeric revision.,2026-08-08T10:43:19.885388+00:00
airline_research_chain,Spring Airlines,601021.SH,CN_A,2026-08-06,FY2025,expectations,public_report_dated_row_count,54.0,,rows,,2026-08-07,airline_revision_coverage.public_report_dated_row_count,derived_join_with_source_lineage,10jqka public-report coverage metadata joined into the expectations chain. Counts and up/down markers do not establish a complete prior numeric revision.,2026-08-08T10:43:19.885388+00:00
airline_research_chain,Spring Airlines,601021.SH,CN_A,2026-08-06,FY2025,expectations,public_report_eps_up_marker_count,2.0,,markers,,2026-08-07,airline_revision_coverage.public_report_eps_up_marker_count,derived_join_with_source_lineage,10jqka public-report coverage metadata joined into the expectations chain. Counts and up/down markers do not establish a complete prior numeric revision.,2026-08-08T10:43:19.885388+00:00
airline_research_chain,Spring Airlines,601021.SH,CN_A,2026-08-06,FY2025,expectations,public_report_eps_down_marker_count,12.0,,markers,,2026-08-07,airline_revision_coverage.public_report_eps_down_marker_count,derived_join_with_source_lineage,10jqka public-report coverage metadata joined into the expectations chain. Counts and up/down markers do not establish a complete prior numeric revision.,2026-08-08T10:43:19.885388+00:00
airline_research_chain,Spring Airlines,601021.SH,CN_A,2026-08-06,FY2025,expectations,public_report_net_profit_up_marker_count,3.0,,markers,,2026-08-07,airline_revision_coverage.public_report_net_profit_up_marker_count,derived_join_with_source_lineage,10jqka public-report coverage metadata joined into the expectations chain. Counts and up/down markers do not establish a complete prior numeric revision.,2026-08-08T10:43:19.885388+00:00
airline_research_chain,Spring Airlines,601021.SH,CN_A,2026-08-06,FY2025,expectations,public_report_net_profit_down_marker_count,18.0,,markers,,2026-08-07,airline_revision_coverage.public_report_net_profit_down_marker_count,derived_join_with_source_lineage,10jqka public-report coverage metadata joined into the expectations chain. Counts and up/down markers do not establish a complete prior numeric revision.,2026-08-08T10:43:19.885388+00:00
airline_research_chain,Spring Airlines,601021.SH,CN_A,2026-08-06,FY2025,expectations,public_report_latest_date,,2026-08-06,,,2026-08-06,airline_revision_coverage.public_report_latest_date,derived_join_with_source_lineage,Public-report date/scope metadata retained separately from numeric estimates; revenue evidence remains page-snapshot-only.,2026-08-08T10:43:19.885388+00:00
airline_research_chain,Spring Airlines,601021.SH,CN_A,2026-08-06,FY2025,expectations,public_report_evidence_scope,,dated_eps_profit_plus_page_snapshot_revenue,,,2026-08-07,airline_revision_coverage.public_report_evidence_scope,derived_join_with_source_lineage,Public-report date/scope metadata retained separately from numeric estimates; revenue evidence remains page-snapshot-only.,2026-08-08T10:43:19.885388+00:00
airline_research_chain,Spring Airlines,601021.SH,CN_A,2026-08-06,FY2025,cost,fuel_plus_5pct_profit_impact_usd_mn,-46.14426729775733,,USD million,,2026-07-31,airline_fuel_sensitivity_scenarios.pre_tax_profit_impact_usd_mn,derived_join_with_source_lineage,Fuel-price scenario at 5% using mechanical_fuel_cost_proxy; FX observation date 2026-08-06 and EIA observation date 2026-07-31.,2026-08-08T10:43:19.885388+00:00
airline_research_chain,Spring Airlines,601021.SH,CN_A,2026-08-06,FY2025,cost,fuel_plus_5pct_scenario_method,,mechanical_fuel_cost_proxy,,,2026-07-31,airline_fuel_sensitivity_scenarios.scenario_method,derived_join_with_source_lineage,"Fuel scenario metadata retained separately from the numeric impact; mechanical cases exclude hedging, contracts, mix, pass-through and demand response.",2026-08-08T10:43:19.885388+00:00
airline_research_chain,Spring Airlines,601021.SH,CN_A,2026-08-06,FY2025,cost,fuel_plus_5pct_issuer_sensitivity_available,,False,,,2026-07-31,airline_fuel_sensitivity_scenarios.issuer_sensitivity_available,derived_join_with_source_lineage,"Fuel scenario metadata retained separately from the numeric impact; mechanical cases exclude hedging, contracts, mix, pass-through and demand response.",2026-08-08T10:43:19.885388+00:00
airline_research_chain,Spring Airlines,601021.SH,CN_A,2026-08-06,FY2025,cost,fuel_minus_5pct_profit_impact_usd_mn,46.14426729775733,,USD million,,2026-07-31,airline_fuel_sensitivity_scenarios.pre_tax_profit_impact_usd_mn,derived_join_with_source_lineage,Fuel-price scenario at -5% using mechanical_fuel_cost_proxy; FX observation date 2026-08-06 and EIA observation date 2026-07-31.,2026-08-08T10:43:19.885388+00:00
airline_research_chain,Spring Airlines,601021.SH,CN_A,2026-08-06,FY2025,cost,fuel_minus_5pct_scenario_method,,mechanical_fuel_cost_proxy,,,2026-07-31,airline_fuel_sensitivity_scenarios.scenario_method,derived_join_with_source_lineage,"Fuel scenario metadata retained separately from the numeric impact; mechanical cases exclude hedging, contracts, mix, pass-through and demand response.",2026-08-08T10:43:19.885388+00:00
airline_research_chain,Spring Airlines,601021.SH,CN_A,2026-08-06,FY2025,cost,fuel_minus_5pct_issuer_sensitivity_available,,False,,,2026-07-31,airline_fuel_sensitivity_scenarios.issuer_sensitivity_available,derived_join_with_source_lineage,"Fuel scenario metadata retained separately from the numeric impact; mechanical cases exclude hedging, contracts, mix, pass-through and demand response.",2026-08-08T10:43:19.885388+00:00
airline_research_chain,Spring Airlines,601021.SH,CN_A,2026-08-06,FY2025,cost,fuel_scenario_fx_observation_date,,2026-08-06,,,2026-08-06,airline_fuel_sensitivity_scenarios.fx_observation_date,derived_join_with_source_lineage,Latest ECB FX observation used for the USD scenario translation; not a forward-FX assumption.,2026-08-08T10:43:19.885388+00:00
airline_research_chain,Spring Airlines,601021.SH,CN_A,2026-08-06,FY2025,cost,fuel_surcharge_context,,100 CNY (>800 km); 50 CNY (up to 800 km),,,2026-07-05,airline_fuel_sensitivity_scenarios.surcharge_reference,derived_join_with_source_lineage,Official fuel-surcharge schedule context retained from the scenario layer; route/policy-specific and not realized fuel-cost recovery. Source URL: https://english.www.gov.cn/news/202607/03/content_WS6a47b8a4c6d00ca5f9a0c052.html.,2026-08-08T10:43:19.885388+00:00
airline_research_chain,Spring Airlines,601021.SH,CN_A,2026-08-06,FY2025,catalyst,news_event_count_in_window,11.0,,articles,,2026-08-07 17:02:00,airline_news_events.published_at,derived_join_with_source_lineage,Public Eastmoney/AkShare news-window metadata for catalyst discovery. Keyword categories and relevance scope are not sentiment or alpha signals.,2026-08-08T10:43:19.885388+00:00
airline_research_chain,Spring Airlines,601021.SH,CN_A,2026-08-06,FY2025,catalyst,news_direct_headline_count_in_window,1.0,,articles,,2026-08-07 17:02:00,airline_news_events.relevance_scope,derived_join_with_source_lineage,Public Eastmoney/AkShare news-window metadata for catalyst discovery. Keyword categories and relevance scope are not sentiment or alpha signals.,2026-08-08T10:43:19.885388+00:00
airline_research_chain,Spring Airlines,601021.SH,CN_A,2026-08-06,FY2025,catalyst,news_latest_published_at,,2026-08-07 17:02:00,,,2026-08-07 17:02:00,airline_news_events.published_at,derived_join_with_source_lineage,Public Eastmoney/AkShare news-window metadata for catalyst discovery. Keyword categories and relevance scope are not sentiment or alpha signals.,2026-08-08T10:43:19.885388+00:00
airline_research_chain,Spring Airlines,601021.SH,CN_A,2026-08-06,FY2025,catalyst,news_latest_title,,3.38亿元主力资金今日撤离交通运输板块,,,2026-08-07 17:02:00,airline_news_events.news_title,derived_join_with_source_lineage,Public Eastmoney/AkShare news-window metadata for catalyst discovery. Keyword categories and relevance scope are not sentiment or alpha signals.,2026-08-08T10:43:19.885388+00:00
airline_research_chain,Spring Airlines,601021.SH,CN_A,2026-08-06,FY2025,catalyst,news_latest_source_url,,http://finance.eastmoney.com/a/202608073835259577.html,,,2026-08-07 17:02:00,airline_news_events.news_url,derived_join_with_source_lineage,Public Eastmoney/AkShare news-window metadata for catalyst discovery. Keyword categories and relevance scope are not sentiment or alpha signals.,2026-08-08T10:43:19.885388+00:00
airline_research_chain,Spring Airlines,601021.SH,CN_A,2026-08-06,FY2025,risk,beta_to_benchmark,0.4613861515949916,,multiple,,2026-08-06,airline_market_risk_metrics.beta_to_benchmark,derived_join_with_source_lineage,Derived market-risk row from the free historical risk snapshot. Borrow availability remains explicit.,2026-08-08T10:43:19.885388+00:00
airline_research_chain,Spring Airlines,601021.SH,CN_A,2026-08-06,FY2025,risk,annualized_volatility_pct,29.208552863921827,,percentage,,2026-08-06,airline_market_risk_metrics.annualized_volatility_pct,derived_join_with_source_lineage,Derived market-risk row from the free historical risk snapshot. Borrow availability remains explicit.,2026-08-08T10:43:19.885388+00:00
airline_research_chain,Spring Airlines,601021.SH,CN_A,2026-08-06,FY2025,risk,max_drawdown_pct,-27.01437634545878,,percentage,,2026-08-06,airline_market_risk_metrics.max_drawdown_pct,derived_join_with_source_lineage,Derived market-risk row from the free historical risk snapshot. Borrow availability remains explicit.,2026-08-08T10:43:19.885388+00:00
airline_research_chain,Spring Airlines,601021.SH,CN_A,2026-08-06,FY2025,risk,median_daily_turnover_usd_mn_60d,55.51771883667337,,USD million/day,,2026-08-06,airline_market_risk_metrics.median_daily_turnover_usd_mn_60d,derived_join_with_source_lineage,Derived market-risk row from the free historical risk snapshot. Borrow availability remains explicit.,2026-08-08T10:43:19.885388+00:00
airline_research_chain,Spring Airlines,601021.SH,CN_A,2026-08-06,FY2025,risk,borrow_data_available,,False,,,2026-08-06,airline_market_risk_metrics.borrow_data_available,derived_join_with_source_lineage,Derived market-risk row from the free historical risk snapshot. Borrow availability remains explicit.,2026-08-08T10:43:19.885388+00:00
airline_research_chain,Spring Airlines,601021.SH,CN_A,2026-08-06,FY2025,risk,short_eligibility_status,,margin_security_observed,,,2026-08-06,airline_short_eligibility.eligibility_status,derived_join_with_source_lineage,"Exchange eligibility evidence only: HKEX designated-list or SSE margin-detail presence. It does not establish locatable borrow, borrow fee, recall risk or execution availability; borrow_data_available remains false.",2026-08-08T10:43:19.885388+00:00
airline_research_chain,Juneyao Airlines,603885.SH,CN_A,2026-08-06,FY2025,supply,ask_yoy_pct,1.1305361741423188,,percentage,,2026-08-06,airline_expectation_bridge.h1_ask_yoy_pct,derived_join_with_source_lineage,Derived chain row from the expectation bridge/readiness gate. Retains source field and as-of date; this layer adds no new estimate.,2026-08-08T10:43:19.885388+00:00
airline_research_chain,Juneyao Airlines,603885.SH,CN_A,2026-08-06,FY2025,supply,latest_report_ask_mn_seat_km,57178.0275,,million seat-km,,2026-04-23,airline_expectation_bridge.latest_report_ask_mn_seat_km,derived_join_with_source_lineage,Derived chain row from the expectation bridge/readiness gate. Retains source field and as-of date; this layer adds no new estimate.,2026-08-08T10:43:19.885388+00:00
airline_research_chain,Juneyao Airlines,603885.SH,CN_A,2026-08-06,FY2025,supply,passenger_capacity_lf_change_pp,1.3557746803446378,,percentage points,,2026-08-06,airline_expectation_bridge.h1_passenger_lf_change_pp,derived_join_with_source_lineage,Derived chain row from the expectation bridge/readiness gate. Retains source field and as-of date; this layer adds no new estimate.,2026-08-08T10:43:19.885388+00:00
airline_research_chain,Juneyao Airlines,603885.SH,CN_A,2026-08-06,FY2025,demand,rpk_yoy_pct,2.731447541063889,,percentage,,2026-08-06,airline_expectation_bridge.h1_rpk_yoy_pct,derived_join_with_source_lineage,Derived chain row from the expectation bridge/readiness gate. Retains source field and as-of date; this layer adds no new estimate.,2026-08-08T10:43:19.885388+00:00
airline_research_chain,Juneyao Airlines,603885.SH,CN_A,2026-08-06,FY2025,demand,latest_report_rpk_mn_passenger_km,48961.2604,,million passenger-km,,2026-04-23,airline_expectation_bridge.latest_report_rpk_mn_passenger_km,derived_join_with_source_lineage,Derived chain row from the expectation bridge/readiness gate. Retains source field and as-of date; this layer adds no new estimate.,2026-08-08T10:43:19.885388+00:00
airline_research_chain,Juneyao Airlines,603885.SH,CN_A,2026-08-06,FY2025,demand,latest_report_passenger_load_factor_pct,85.63,,percentage,,2026-04-23,airline_expectation_bridge.latest_report_passenger_load_factor_pct,derived_join_with_source_lineage,Derived chain row from the expectation bridge/readiness gate. Retains source field and as-of date; this layer adds no new estimate.,2026-08-08T10:43:19.885388+00:00
airline_research_chain,Juneyao Airlines,603885.SH,CN_A,2026-08-06,FY2025,demand,passengers_yoy_pct,-1.4599958058784064,,percentage,,2026-08-06,airline_expectation_bridge.h1_passengers_yoy_pct,derived_join_with_source_lineage,Derived chain row from the expectation bridge/readiness gate. Retains source field and as-of date; this layer adds no new estimate.,2026-08-08T10:43:19.885388+00:00
airline_research_chain,Juneyao Airlines,603885.SH,CN_A,2026-08-06,FY2025,demand,cargo_tonnes_yoy_pct,5.530014147481909,,percentage,,2026-08-06,airline_expectation_bridge.h1_cargo_tonnes_yoy_pct,derived_join_with_source_lineage,Derived chain row from the expectation bridge/readiness gate. Retains source field and as-of date; this layer adds no new estimate.,2026-08-08T10:43:19.885388+00:00
airline_research_chain,Juneyao Airlines,603885.SH,CN_A,2026-08-06,FY2025,revenue,latest_report_revenue_native_mn,22499.43822361,,native million,RMB,2026-04-23,airline_expectation_bridge.latest_report_revenue_native_mn,derived_join_with_source_lineage,Derived chain row from the expectation bridge/readiness gate. Retains source field and as-of date; this layer adds no new estimate.,2026-08-08T10:43:19.885388+00:00
airline_research_chain,Juneyao Airlines,603885.SH,CN_A,2026-08-06,FY2025,revenue,latest_report_passenger_revenue_native_mn,21417.47734259,,native million,RMB,2026-04-23,airline_expectation_bridge.latest_report_passenger_revenue_native_mn,derived_join_with_source_lineage,Derived chain row from the expectation bridge/readiness gate. Retains source field and as-of date; this layer adds no new estimate.,2026-08-08T10:43:19.885388+00:00
airline_research_chain,Juneyao Airlines,603885.SH,CN_A,2026-08-06,FY2025,revenue,latest_report_passenger_yield_native,0.46,,native currency/RPK,RMB,2026-04-23,airline_expectation_bridge.latest_report_passenger_yield_native,derived_join_with_source_lineage,Derived chain row from the expectation bridge/readiness gate. Retains source field and as-of date; this layer adds no new estimate.,2026-08-08T10:43:19.885388+00:00
airline_research_chain,Juneyao Airlines,603885.SH,CN_A,2026-08-06,FY2025,revenue,latest_report_rask_native,0.3745753094156667,,native currency/ASK,RMB,2026-04-23,airline_expectation_bridge.latest_report_rask_native,derived_join_with_source_lineage,Derived chain row from the expectation bridge/readiness gate. Retains source field and as-of date; this layer adds no new estimate.,2026-08-08T10:43:19.885388+00:00
airline_research_chain,Juneyao Airlines,603885.SH,CN_A,2026-08-06,FY2025,revenue,fy2026_revenue_consensus_avg_usd_mn,3661.975018614085,,USD million,,2026-08-06,airline_expectation_bridge.fy2026_revenue_avg_usd_mn,derived_join_with_source_lineage,Derived chain row from the expectation bridge/readiness gate. Retains source field and as-of date; this layer adds no new estimate.,2026-08-08T10:43:19.885388+00:00
airline_research_chain,Juneyao Airlines,603885.SH,CN_A,2026-08-06,FY2025,revenue,fy2026_revenue_growth_vs_latest_actual_pct,9.8500006,,percentage,,2026-08-06,airline_expectation_bridge.fy2026_revenue_growth_pct,derived_join_with_source_lineage,Derived chain row from the expectation bridge/readiness gate. Retains source field and as-of date; this layer adds no new estimate.,2026-08-08T10:43:19.885388+00:00
airline_research_chain,Juneyao Airlines,603885.SH,CN_A,2026-08-06,FY2025,cost,latest_report_operating_cost_native_mn,19698.7811734,,native million,RMB,2026-04-23,airline_expectation_bridge.latest_report_operating_cost_native_mn,derived_join_with_source_lineage,Derived chain row from the expectation bridge/readiness gate. Retains source field and as-of date; this layer adds no new estimate.,2026-08-08T10:43:19.885388+00:00
airline_research_chain,Juneyao Airlines,603885.SH,CN_A,2026-08-06,FY2025,cost,latest_report_fuel_cost_native_mn,6488.0,,native million,RMB,2026-04-23,airline_expectation_bridge.latest_report_fuel_cost_native_mn,derived_join_with_source_lineage,Derived chain row from the expectation bridge/readiness gate. Retains source field and as-of date; this layer adds no new estimate.,2026-08-08T10:43:19.885388+00:00
airline_research_chain,Juneyao Airlines,603885.SH,CN_A,2026-08-06,FY2025,cost,latest_report_cask_native,0.344516627010262,,native currency/ASK,RMB,2026-04-23,airline_expectation_bridge.latest_report_cask_native,derived_join_with_source_lineage,Derived chain row from the expectation bridge/readiness gate. Retains source field and as-of date; this layer adds no new estimate.,2026-08-08T10:43:19.885388+00:00
airline_research_chain,Juneyao Airlines,603885.SH,CN_A,2026-08-06,FY2025,cost,fuel_cost_share_pct,32.936047884835574,,percentage,,2026-08-06,airline_expectation_bridge.latest_report_fuel_cost_share_pct,derived_join_with_source_lineage,Derived chain row from the expectation bridge/readiness gate. Retains source field and as-of date; this layer adds no new estimate.,2026-08-08T10:43:19.885388+00:00
airline_research_chain,Juneyao Airlines,603885.SH,CN_A,2026-08-06,FY2025,cost,jet_fuel_spot_usd_per_gallon,3.736,,USD/gallon,,2026-07-31,airline_expectation_bridge.jet_fuel_spot_usd_per_gallon,derived_join_with_source_lineage,Derived chain row from the expectation bridge/readiness gate. Retains source field and as-of date; this layer adds no new estimate.,2026-08-08T10:43:19.885388+00:00
airline_research_chain,Juneyao Airlines,603885.SH,CN_A,2026-08-06,FY2025,cost,brent_spot_usd_per_barrel,91.63,,USD/barrel,,2026-07-31,airline_expectation_bridge.brent_spot_usd_per_barrel,derived_join_with_source_lineage,Derived chain row from the expectation bridge/readiness gate. Retains source field and as-of date; this layer adds no new estimate.,2026-08-08T10:43:19.885388+00:00
airline_research_chain,Juneyao Airlines,603885.SH,CN_A,2026-08-06,FY2025,earnings,latest_report_profit_native_mn,1039.63838235,,native million,RMB,2026-04-23,airline_expectation_bridge.latest_report_attributable_profit_native_mn,derived_join_with_source_lineage,Derived chain row from the expectation bridge/readiness gate. Retains source field and as-of date; this layer adds no new estimate.,2026-08-08T10:43:19.885388+00:00
airline_research_chain,Juneyao Airlines,603885.SH,CN_A,2026-08-06,FY2025,risk,latest_report_cash_and_cash_equivalents_native_mn,2963.2715285,,native million,RMB,2026-04-23,airline_expectation_bridge.latest_report_cash_and_cash_equivalents_native_mn,derived_join_with_source_lineage,Derived chain row from the expectation bridge/readiness gate. Retains source field and as-of date; this layer adds no new estimate.,2026-08-08T10:43:19.885388+00:00
airline_research_chain,Juneyao Airlines,603885.SH,CN_A,2026-08-06,FY2025,risk,latest_report_total_liabilities_native_mn,40119.0,,native million,RMB,2026-04-23,airline_expectation_bridge.latest_report_total_liabilities_native_mn,derived_join_with_source_lineage,Derived chain row from the expectation bridge/readiness gate. Retains source field and as-of date; this layer adds no new estimate.,2026-08-08T10:43:19.885388+00:00
airline_research_chain,Juneyao Airlines,603885.SH,CN_A,2026-08-06,FY2025,risk,latest_report_liabilities_to_assets_pct,76.78112751703117,,percentage,,2026-04-23,airline_expectation_bridge.latest_report_liabilities_to_assets_pct,derived_join_with_source_lineage,Derived chain row from the expectation bridge/readiness gate. Retains source field and as-of date; this layer adds no new estimate.,2026-08-08T10:43:19.885388+00:00
airline_research_chain,Juneyao Airlines,603885.SH,CN_A,2026-08-06,FY2025,risk,latest_report_interest_bearing_debt_native_mn,35606.0,,native million,RMB,2026-04-23,airline_expectation_bridge.latest_report_interest_bearing_debt_native_mn,derived_join_with_source_lineage,Derived chain row from the expectation bridge/readiness gate. Retains source field and as-of date; this layer adds no new estimate.,2026-08-08T10:43:19.885388+00:00
airline_research_chain,Juneyao Airlines,603885.SH,CN_A,2026-08-06,FY2025,earnings,fy2026_profit_consensus_avg_usd_mn,137.35184472001848,,USD million,,2026-08-06,airline_expectation_bridge.fy2026_net_profit_avg_usd_mn,derived_join_with_source_lineage,Derived chain row from the expectation bridge/readiness gate. Retains source field and as-of date; this layer adds no new estimate.,2026-08-08T10:43:19.885388+00:00
airline_research_chain,Juneyao Airlines,603885.SH,CN_A,2026-08-06,FY2025,earnings,fy2026_consensus_net_margin_pct,3.750758648593971,,percentage,,2026-08-06,airline_expectation_bridge.fy2026_consensus_net_margin_pct,derived_join_with_source_lineage,Derived chain row from the expectation bridge/readiness gate. Retains source field and as-of date; this layer adds no new estimate.,2026-08-08T10:43:19.885388+00:00
airline_research_chain,Juneyao Airlines,603885.SH,CN_A,2026-08-06,FY2025,expectations,market_cap_usd_mn,3596.1883745410664,,USD million,,2026-08-06,airline_expectation_bridge.market_cap_usd_mn,derived_join_with_source_lineage,Derived chain row from the expectation bridge/readiness gate. Retains source field and as-of date; this layer adds no new estimate.,2026-08-08T10:43:19.885388+00:00
airline_research_chain,Juneyao Airlines,603885.SH,CN_A,2026-08-06,FY2025,expectations,market_cap_to_consensus_revenue_usd,0.9820352012947604,,multiple,,2026-08-06,airline_expectation_bridge.market_cap_to_consensus_revenue_usd,derived_join_with_source_lineage,Derived chain row from the expectation bridge/readiness gate. Retains source field and as-of date; this layer adds no new estimate.,2026-08-08T10:43:19.885388+00:00
airline_research_chain,Juneyao Airlines,603885.SH,CN_A,2026-08-06,FY2025,expectations,consensus_valuation_quality,,profit_based_multiple_usable,,,2026-08-06,airline_expectation_bridge.consensus_valuation_quality,derived_join_with_source_lineage,Derived chain row from the expectation bridge/readiness gate. Retains source field and as-of date; this layer adds no new estimate.,2026-08-08T10:43:19.885388+00:00
airline_research_chain,Juneyao Airlines,603885.SH,CN_A,2026-08-06,FY2025,expectations,revision_evidence_band,,dated_estimate_revision_proxy,,,2026-08-06,airline_pair_readiness.revision_evidence_band,derived_join_with_source_lineage,Derived chain row from the expectation bridge/readiness gate. Retains source field and as-of date; this layer adds no new estimate.,2026-08-08T10:43:19.885388+00:00
airline_research_chain,Juneyao Airlines,603885.SH,CN_A,2026-08-06,FY2025,expectations,unified_estimate_revision_count,35.0,,events,,2026-08-06,airline_pair_readiness.unified_estimate_revision_count,derived_join_with_source_lineage,Derived chain row from the expectation bridge/readiness gate. Retains source field and as-of date; this layer adds no new estimate.,2026-08-08T10:43:19.885388+00:00
airline_research_chain,Juneyao Airlines,603885.SH,CN_A,2026-08-06,FY2025,expectations,unified_up_revision_count,11.0,,events,,2026-08-06,airline_pair_readiness.unified_up_revision_count,derived_join_with_source_lineage,Derived chain row from the expectation bridge/readiness gate. Retains source field and as-of date; this layer adds no new estimate.,2026-08-08T10:43:19.885388+00:00
airline_research_chain,Juneyao Airlines,603885.SH,CN_A,2026-08-06,FY2025,expectations,unified_down_revision_count,16.0,,events,,2026-08-06,airline_pair_readiness.unified_down_revision_count,derived_join_with_source_lineage,Derived chain row from the expectation bridge/readiness gate. Retains source field and as-of date; this layer adds no new estimate.,2026-08-08T10:43:19.885388+00:00
airline_research_chain,Juneyao Airlines,603885.SH,CN_A,2026-08-06,FY2025,expectations,unified_latest_estimate_revision_date,,2026-04-30,,,2026-04-30,airline_pair_readiness.unified_latest_estimate_revision_date,derived_join_with_source_lineage,Derived chain row from the expectation bridge/readiness gate. Retains source field and as-of date; this layer adds no new estimate.,2026-08-08T10:43:19.885388+00:00
airline_research_chain,Juneyao Airlines,603885.SH,CN_A,2026-08-06,FY2025,expectations,yahoo_eps_revision_up_30d,0.0,,analyst-count signal,,2026-08-06,airline_expectation_bridge.yahoo_eps_revision_up_30d,derived_join_with_source_lineage,Yahoo Finance 30-day EPS revision count from a current vendor snapshot; it is not a dated broker-vintage revision.,2026-08-08T10:43:19.885388+00:00
airline_research_chain,Juneyao Airlines,603885.SH,CN_A,2026-08-06,FY2025,expectations,yahoo_eps_revision_down_30d,3.0,,analyst-count signal,,2026-08-06,airline_expectation_bridge.yahoo_eps_revision_down_30d,derived_join_with_source_lineage,Yahoo Finance 30-day EPS revision count from a current vendor snapshot; it is not a dated broker-vintage revision.,2026-08-08T10:43:19.885388+00:00
airline_research_chain,Juneyao Airlines,603885.SH,CN_A,2026-08-06,FY2025,risk,latest_discovery_debt_to_assets_pct,79.773379,,percentage,,2026-03-31,airline_expectation_bridge.latest_discovery_debt_to_assets_pct,derived_join_with_source_lineage,A-share provider debt-to-assets ratio retained as leverage context with its period_end; the source lacks a complete issuer announcement-date PIT field.,2026-08-08T10:43:19.885388+00:00
airline_research_chain,Juneyao Airlines,603885.SH,CN_A,2026-08-06,FY2025,catalyst,formal_report_status,,scheduled,,,2026-08-06,airline_expectation_bridge.formal_report_status,derived_join_with_source_lineage,Derived chain row from the expectation bridge/readiness gate. Retains source field and as-of date; this layer adds no new estimate.,2026-08-08T10:43:19.885388+00:00
airline_research_chain,Juneyao Airlines,603885.SH,CN_A,2026-08-06,FY2025,catalyst,formal_report_scheduled_date,,2026-08-31,,,2026-08-06,airline_expectation_bridge.formal_report_scheduled_date,derived_join_with_source_lineage,Derived chain row from the expectation bridge/readiness gate. Retains source field and as-of date; this layer adds no new estimate.,2026-08-08T10:43:19.885388+00:00
airline_research_chain,Juneyao Airlines,603885.SH,CN_A,2026-08-06,FY2025,catalyst,latest_event_type,,earnings_warning,,,2026-08-06,airline_expectation_bridge.latest_event_type,derived_join_with_source_lineage,Derived chain row from the expectation bridge/readiness gate. Retains source field and as-of date; this layer adds no new estimate.,2026-08-08T10:43:19.885388+00:00
airline_research_chain,Juneyao Airlines,603885.SH,CN_A,2026-08-06,FY2025,catalyst,latest_event_date,,2026-07-11,,,2026-08-06,airline_expectation_bridge.latest_event_date,derived_join_with_source_lineage,Derived chain row from the expectation bridge/readiness gate. Retains source field and as-of date; this layer adds no new estimate.,2026-08-08T10:43:19.885388+00:00
airline_research_chain,Juneyao Airlines,603885.SH,CN_A,2026-08-06,FY2025,catalyst,latest_event_metric,,profit_attributable_to_shareholders,,,2026-07-11,airline_expectation_bridge.latest_event_metric,derived_join_with_source_lineage,Derived chain row from the expectation bridge/readiness gate. Retains source field and as-of date; this layer adds no new estimate.,2026-08-08T10:43:19.885388+00:00
airline_research_chain,Juneyao Airlines,603885.SH,CN_A,2026-08-06,FY2025,catalyst,latest_event_value_min,140.0,,native unit,RMB,2026-07-11,airline_expectation_bridge.latest_event_value_min,derived_join_with_source_lineage,Derived chain row from the expectation bridge/readiness gate. Retains source field and as-of date; this layer adds no new estimate.,2026-08-08T10:43:19.885388+00:00
airline_research_chain,Juneyao Airlines,603885.SH,CN_A,2026-08-06,FY2025,catalyst,latest_event_value_max,210.0,,native unit,RMB,2026-07-11,airline_expectation_bridge.latest_event_value_max,derived_join_with_source_lineage,Derived chain row from the expectation bridge/readiness gate. Retains source field and as-of date; this layer adds no new estimate.,2026-08-08T10:43:19.885388+00:00
airline_research_chain,Juneyao Airlines,603885.SH,CN_A,2026-08-06,FY2025,catalyst,latest_event_native_unit,,RMB million,,,2026-07-11,airline_expectation_bridge.latest_event_native_unit,derived_join_with_source_lineage,Derived chain row from the expectation bridge/readiness gate. Retains source field and as-of date; this layer adds no new estimate.,2026-08-08T10:43:19.885388+00:00
airline_research_chain,Juneyao Airlines,603885.SH,CN_A,2026-08-06,FY2025,catalyst,latest_event_source_url,,https://static.cninfo.com.cn/finalpage/2026-07-11/1225419145.PDF,,,2026-07-11,airline_expectation_bridge.latest_event_source_url,derived_join_with_source_lineage,Derived chain row from the expectation bridge/readiness gate. Retains source field and as-of date; this layer adds no new estimate.,2026-08-08T10:43:19.885388+00:00
airline_research_chain,Juneyao Airlines,603885.SH,CN_A,2026-08-06,FY2025,revenue,latest_report_cargo_revenue_native_mn,839.05450283,,RMB million,RMB,2026-04-23,airline_earnings_driver_comparability.cargo_revenue,derived_join_with_source_lineage,"Latest comparable issuer-period driver joined from airline_earnings_driver_comparability; statement_period=FY2025, reported_or_derived=issuer_reported. Source page=20.0; this chain row does not add a new estimate.",2026-08-08T10:43:19.885388+00:00
airline_research_chain,Juneyao Airlines,603885.SH,CN_A,2026-08-06,FY2025,cost,latest_report_fuel_cost_per_ask_native,0.1134701612433202,,RMB/ASK,RMB,2026-04-23,airline_earnings_driver_comparability.fuel_cost_per_ask,derived_join_with_source_lineage,"Latest comparable issuer-period driver joined from airline_earnings_driver_comparability; statement_period=FY2025, reported_or_derived=derived. Source page=21.0; this chain row does not add a new estimate.",2026-08-08T10:43:19.885388+00:00
airline_research_chain,Juneyao Airlines,603885.SH,CN_A,2026-08-06,FY2025,supply,latest_report_fleet_total,129.0,,aircraft,,2026-04-23,airline_earnings_driver_comparability.fleet_total,derived_join_with_source_lineage,"Latest comparable issuer-period driver joined from airline_earnings_driver_comparability; statement_period=FY2025, reported_or_derived=issuer_reported. Source page=26.0; this chain row does not add a new estimate.",2026-08-08T10:43:19.885388+00:00
airline_research_chain,Juneyao Airlines,603885.SH,CN_A,2026-08-06,FY2025,supply,latest_report_daily_utilization,11.6,,hours/day,,2026-04-23,airline_earnings_driver_comparability.daily_utilization,derived_join_with_source_lineage,"Latest comparable issuer-period driver joined from airline_earnings_driver_comparability; statement_period=FY2025, reported_or_derived=issuer_reported. Source page=26.0; this chain row does not add a new estimate.",2026-08-08T10:43:19.885388+00:00
airline_research_chain,Juneyao Airlines,603885.SH,CN_A,2026-08-06,FY2025,demand,rpk_minus_ask_growth_gap_pp,1.6009113669215702,,percentage points,,2026-08-06,airline_expectation_bridge.h1_rpk_yoy_pct - h1_ask_yoy_pct,derived_join_with_source_lineage,"Demand-versus-capacity growth gap: H1 RPK YoY minus H1 ASK YoY. Positive values indicate traffic demand grew faster than capacity; this is a diagnostic, not a fare/yield estimate.",2026-08-08T10:43:19.885388+00:00
airline_research_chain,Juneyao Airlines,603885.SH,CN_A,2026-08-06,FY2025,forecast,bear_forecast_ask_mn_seat_km,59539.76592588749,,million seat-km,,2026-08-07,airline_company_financial_forecast_bridge.forecast_ask_mn_seat_km,derived_join_with_source_lineage,"bear case from the FY2026 pre-interim company financial forecast bridge. Mechanical driver output, not issuer guidance, broker consensus or a trade recommendation. Forecast status=mechanical_driver_bridge_not_issuer_forecast; scope=group_consolidated.",2026-08-08T10:43:19.885388+00:00
airline_research_chain,Juneyao Airlines,603885.SH,CN_A,2026-08-06,FY2025,forecast,bear_forecast_rpk_mn_passenger_km,48829.7504545656,,million passenger-km,,2026-08-07,airline_company_financial_forecast_bridge.forecast_rpk_mn_passenger_km,derived_join_with_source_lineage,"bear case from the FY2026 pre-interim company financial forecast bridge. Mechanical driver output, not issuer guidance, broker consensus or a trade recommendation. Forecast status=mechanical_driver_bridge_not_issuer_forecast; scope=group_consolidated.",2026-08-08T10:43:19.885388+00:00
airline_research_chain,Juneyao Airlines,603885.SH,CN_A,2026-08-06,FY2025,forecast,bear_forecast_load_factor_pct,82.01199600842695,,percentage,,2026-08-07,airline_company_financial_forecast_bridge.forecast_load_factor_pct,derived_join_with_source_lineage,"bear case from the FY2026 pre-interim company financial forecast bridge. Mechanical driver output, not issuer guidance, broker consensus or a trade recommendation. Forecast status=mechanical_driver_bridge_not_issuer_forecast; scope=group_consolidated.",2026-08-08T10:43:19.885388+00:00
airline_research_chain,Juneyao Airlines,603885.SH,CN_A,2026-08-06,FY2025,forecast,bear_forecast_rask_proxy_rmb_per_ask,0.3670838032273533,,RMB/ASK,CNY,2026-08-07,airline_company_financial_forecast_bridge.forecast_rask_proxy_rmb_per_ask,derived_join_with_source_lineage,"bear case from the FY2026 pre-interim company financial forecast bridge. Mechanical driver output, not issuer guidance, broker consensus or a trade recommendation. Forecast status=mechanical_driver_bridge_not_issuer_forecast; scope=group_consolidated.",2026-08-08T10:43:19.885388+00:00
airline_research_chain,Juneyao Airlines,603885.SH,CN_A,2026-08-06,FY2025,forecast,bear_forecast_cask_rmb_per_ask,0.3514069595504672,,RMB/ASK,CNY,2026-08-07,airline_company_financial_forecast_bridge.forecast_cask_rmb_per_ask,derived_join_with_source_lineage,"bear case from the FY2026 pre-interim company financial forecast bridge. Mechanical driver output, not issuer guidance, broker consensus or a trade recommendation. Forecast status=mechanical_driver_bridge_not_issuer_forecast; scope=group_consolidated.",2026-08-08T10:43:19.885388+00:00
airline_research_chain,Juneyao Airlines,603885.SH,CN_A,2026-08-06,FY2025,forecast,bear_forecast_revenue_usd_mn,3121.842207851239,,USD million,,2026-08-07,airline_company_financial_forecast_bridge.forecast_revenue_usd_mn,derived_join_with_source_lineage,"bear case from the FY2026 pre-interim company financial forecast bridge. Mechanical driver output, not issuer guidance, broker consensus or a trade recommendation. Forecast status=mechanical_driver_bridge_not_issuer_forecast; scope=group_consolidated.",2026-08-08T10:43:19.885388+00:00
airline_research_chain,Juneyao Airlines,603885.SH,CN_A,2026-08-06,FY2025,forecast,bear_forecast_operating_cost_usd_mn,2988.5194302018062,,USD million,,2026-08-07,airline_company_financial_forecast_bridge.forecast_operating_cost_usd_mn,derived_join_with_source_lineage,"bear case from the FY2026 pre-interim company financial forecast bridge. Mechanical driver output, not issuer guidance, broker consensus or a trade recommendation. Forecast status=mechanical_driver_bridge_not_issuer_forecast; scope=group_consolidated.",2026-08-08T10:43:19.885388+00:00
airline_research_chain,Juneyao Airlines,603885.SH,CN_A,2026-08-06,FY2025,forecast,bear_forecast_earnings_proxy_after_fuel_usd_mn,31.64846319265679,,USD million,,2026-08-07,airline_company_financial_forecast_bridge.earnings_proxy_after_fuel_usd_mn,derived_join_with_source_lineage,"bear case from the FY2026 pre-interim company financial forecast bridge. Mechanical driver output, not issuer guidance, broker consensus or a trade recommendation. Forecast status=mechanical_driver_bridge_not_issuer_forecast; scope=group_consolidated.",2026-08-08T10:43:19.885388+00:00
airline_research_chain,Juneyao Airlines,603885.SH,CN_A,2026-08-06,FY2025,forecast,bear_forecast_revenue_gap_to_consensus_pct,-14.749767762404474,,percentage,,2026-08-07,airline_company_financial_forecast_bridge.revenue_gap_to_consensus_pct,derived_join_with_source_lineage,"bear case from the FY2026 pre-interim company financial forecast bridge. Mechanical driver output, not issuer guidance, broker consensus or a trade recommendation. Forecast status=mechanical_driver_bridge_not_issuer_forecast; scope=group_consolidated.",2026-08-08T10:43:19.885388+00:00
airline_research_chain,Juneyao Airlines,603885.SH,CN_A,2026-08-06,FY2025,forecast,bear_forecast_earnings_gap_to_consensus_pct,-76.95810838422314,,percentage,,2026-08-07,airline_company_financial_forecast_bridge.earnings_gap_to_consensus_pct,derived_join_with_source_lineage,"bear case from the FY2026 pre-interim company financial forecast bridge. Mechanical driver output, not issuer guidance, broker consensus or a trade recommendation. Forecast status=mechanical_driver_bridge_not_issuer_forecast; scope=group_consolidated.",2026-08-08T10:43:19.885388+00:00
airline_research_chain,Juneyao Airlines,603885.SH,CN_A,2026-08-06,FY2025,forecast,base_forecast_ask_mn_seat_km,57824.42510088749,,million seat-km,,2026-08-07,airline_company_financial_forecast_bridge.forecast_ask_mn_seat_km,derived_join_with_source_lineage,"base case from the FY2026 pre-interim company financial forecast bridge. Mechanical driver output, not issuer guidance, broker consensus or a trade recommendation. Forecast status=mechanical_driver_bridge_not_issuer_forecast; scope=group_consolidated.",2026-08-08T10:43:19.885388+00:00
airline_research_chain,Juneyao Airlines,603885.SH,CN_A,2026-08-06,FY2025,forecast,base_forecast_rpk_mn_passenger_km,50298.5882665656,,million passenger-km,,2026-08-07,airline_company_financial_forecast_bridge.forecast_rpk_mn_passenger_km,derived_join_with_source_lineage,"base case from the FY2026 pre-interim company financial forecast bridge. Mechanical driver output, not issuer guidance, broker consensus or a trade recommendation. Forecast status=mechanical_driver_bridge_not_issuer_forecast; scope=group_consolidated.",2026-08-08T10:43:19.885388+00:00
airline_research_chain,Juneyao Airlines,603885.SH,CN_A,2026-08-06,FY2025,forecast,base_forecast_load_factor_pct,86.98502091254448,,percentage,,2026-08-07,airline_company_financial_forecast_bridge.forecast_load_factor_pct,derived_join_with_source_lineage,"base case from the FY2026 pre-interim company financial forecast bridge. Mechanical driver output, not issuer guidance, broker consensus or a trade recommendation. Forecast status=mechanical_driver_bridge_not_issuer_forecast; scope=group_consolidated.",2026-08-08T10:43:19.885388+00:00
airline_research_chain,Juneyao Airlines,603885.SH,CN_A,2026-08-06,FY2025,forecast,base_forecast_rask_proxy_rmb_per_ask,0.3745753094156667,,RMB/ASK,CNY,2026-08-07,airline_company_financial_forecast_bridge.forecast_rask_proxy_rmb_per_ask,derived_join_with_source_lineage,"base case from the FY2026 pre-interim company financial forecast bridge. Mechanical driver output, not issuer guidance, broker consensus or a trade recommendation. Forecast status=mechanical_driver_bridge_not_issuer_forecast; scope=group_consolidated.",2026-08-08T10:43:19.885388+00:00
airline_research_chain,Juneyao Airlines,603885.SH,CN_A,2026-08-06,FY2025,forecast,base_forecast_cask_rmb_per_ask,0.344516627010262,,RMB/ASK,CNY,2026-08-07,airline_company_financial_forecast_bridge.forecast_cask_rmb_per_ask,derived_join_with_source_lineage,"base case from the FY2026 pre-interim company financial forecast bridge. Mechanical driver output, not issuer guidance, broker consensus or a trade recommendation. Forecast status=mechanical_driver_bridge_not_issuer_forecast; scope=group_consolidated.",2026-08-08T10:43:19.885388+00:00
airline_research_chain,Juneyao Airlines,603885.SH,CN_A,2026-08-06,FY2025,forecast,base_forecast_revenue_usd_mn,3093.7774744886915,,USD million,,2026-08-07,airline_company_financial_forecast_bridge.forecast_revenue_usd_mn,derived_join_with_source_lineage,"base case from the FY2026 pre-interim company financial forecast bridge. Mechanical driver output, not issuer guidance, broker consensus or a trade recommendation. Forecast status=mechanical_driver_bridge_not_issuer_forecast; scope=group_consolidated.",2026-08-08T10:43:19.885388+00:00
airline_research_chain,Juneyao Airlines,603885.SH,CN_A,2026-08-06,FY2025,forecast,base_forecast_operating_cost_usd_mn,2845.509977403201,,USD million,,2026-08-07,airline_company_financial_forecast_bridge.forecast_operating_cost_usd_mn,derived_join_with_source_lineage,"base case from the FY2026 pre-interim company financial forecast bridge. Mechanical driver output, not issuer guidance, broker consensus or a trade recommendation. Forecast status=mechanical_driver_bridge_not_issuer_forecast; scope=group_consolidated.",2026-08-08T10:43:19.885388+00:00
airline_research_chain,Juneyao Airlines,603885.SH,CN_A,2026-08-06,FY2025,forecast,base_forecast_earnings_proxy_after_fuel_usd_mn,92.159951908674,,USD million,,2026-08-07,airline_company_financial_forecast_bridge.earnings_proxy_after_fuel_usd_mn,derived_join_with_source_lineage,"base case from the FY2026 pre-interim company financial forecast bridge. Mechanical driver output, not issuer guidance, broker consensus or a trade recommendation. Forecast status=mechanical_driver_bridge_not_issuer_forecast; scope=group_consolidated.",2026-08-08T10:43:19.885388+00:00
airline_research_chain,Juneyao Airlines,603885.SH,CN_A,2026-08-06,FY2025,forecast,base_forecast_revenue_gap_to_consensus_pct,-15.516150198655213,,percentage,,2026-08-07,airline_company_financial_forecast_bridge.revenue_gap_to_consensus_pct,derived_join_with_source_lineage,"base case from the FY2026 pre-interim company financial forecast bridge. Mechanical driver output, not issuer guidance, broker consensus or a trade recommendation. Forecast status=mechanical_driver_bridge_not_issuer_forecast; scope=group_consolidated.",2026-08-08T10:43:19.885388+00:00
airline_research_chain,Juneyao Airlines,603885.SH,CN_A,2026-08-06,FY2025,forecast,base_forecast_earnings_gap_to_consensus_pct,-32.90228311346293,,percentage,,2026-08-07,airline_company_financial_forecast_bridge.earnings_gap_to_consensus_pct,derived_join_with_source_lineage,"base case from the FY2026 pre-interim company financial forecast bridge. Mechanical driver output, not issuer guidance, broker consensus or a trade recommendation. Forecast status=mechanical_driver_bridge_not_issuer_forecast; scope=group_consolidated.",2026-08-08T10:43:19.885388+00:00
airline_research_chain,Juneyao Airlines,603885.SH,CN_A,2026-08-06,FY2025,forecast,bull_forecast_ask_mn_seat_km,56680.8645508875,,million seat-km,,2026-08-07,airline_company_financial_forecast_bridge.forecast_ask_mn_seat_km,derived_join_with_source_lineage,"bull case from the FY2026 pre-interim company financial forecast bridge. Mechanical driver output, not issuer guidance, broker consensus or a trade recommendation. Forecast status=mechanical_driver_bridge_not_issuer_forecast; scope=group_consolidated.",2026-08-08T10:43:19.885388+00:00
airline_research_chain,Juneyao Airlines,603885.SH,CN_A,2026-08-06,FY2025,forecast,bull_forecast_rpk_mn_passenger_km,51767.4260785656,,million passenger-km,,2026-08-07,airline_company_financial_forecast_bridge.forecast_rpk_mn_passenger_km,derived_join_with_source_lineage,"bull case from the FY2026 pre-interim company financial forecast bridge. Mechanical driver output, not issuer guidance, broker consensus or a trade recommendation. Forecast status=mechanical_driver_bridge_not_issuer_forecast; scope=group_consolidated.",2026-08-08T10:43:19.885388+00:00
airline_research_chain,Juneyao Airlines,603885.SH,CN_A,2026-08-06,FY2025,forecast,bull_forecast_load_factor_pct,91.33139815129203,,percentage,,2026-08-07,airline_company_financial_forecast_bridge.forecast_load_factor_pct,derived_join_with_source_lineage,"bull case from the FY2026 pre-interim company financial forecast bridge. Mechanical driver output, not issuer guidance, broker consensus or a trade recommendation. Forecast status=mechanical_driver_bridge_not_issuer_forecast; scope=group_consolidated.",2026-08-08T10:43:19.885388+00:00
airline_research_chain,Juneyao Airlines,603885.SH,CN_A,2026-08-06,FY2025,forecast,bull_forecast_rask_proxy_rmb_per_ask,0.38206681560398,,RMB/ASK,CNY,2026-08-07,airline_company_financial_forecast_bridge.forecast_rask_proxy_rmb_per_ask,derived_join_with_source_lineage,"bull case from the FY2026 pre-interim company financial forecast bridge. Mechanical driver output, not issuer guidance, broker consensus or a trade recommendation. Forecast status=mechanical_driver_bridge_not_issuer_forecast; scope=group_consolidated.",2026-08-08T10:43:19.885388+00:00
airline_research_chain,Juneyao Airlines,603885.SH,CN_A,2026-08-06,FY2025,forecast,bull_forecast_cask_rmb_per_ask,0.3410714607401593,,RMB/ASK,CNY,2026-08-07,airline_company_financial_forecast_bridge.forecast_cask_rmb_per_ask,derived_join_with_source_lineage,"bull case from the FY2026 pre-interim company financial forecast bridge. Mechanical driver output, not issuer guidance, broker consensus or a trade recommendation. Forecast status=mechanical_driver_bridge_not_issuer_forecast; scope=group_consolidated.",2026-08-08T10:43:19.885388+00:00
airline_research_chain,Juneyao Airlines,603885.SH,CN_A,2026-08-06,FY2025,forecast,bull_forecast_revenue_usd_mn,3093.2454807748136,,USD million,,2026-08-07,airline_company_financial_forecast_bridge.forecast_revenue_usd_mn,derived_join_with_source_lineage,"bull case from the FY2026 pre-interim company financial forecast bridge. Mechanical driver output, not issuer guidance, broker consensus or a trade recommendation. Forecast status=mechanical_driver_bridge_not_issuer_forecast; scope=group_consolidated.",2026-08-08T10:43:19.885388+00:00
airline_research_chain,Juneyao Airlines,603885.SH,CN_A,2026-08-06,FY2025,forecast,bull_forecast_operating_cost_usd_mn,2761.3435961141136,,USD million,,2026-08-07,airline_company_financial_forecast_bridge.forecast_operating_cost_usd_mn,derived_join_with_source_lineage,"bull case from the FY2026 pre-interim company financial forecast bridge. Mechanical driver output, not issuer guidance, broker consensus or a trade recommendation. Forecast status=mechanical_driver_bridge_not_issuer_forecast; scope=group_consolidated.",2026-08-08T10:43:19.885388+00:00
airline_research_chain,Juneyao Airlines,603885.SH,CN_A,2026-08-06,FY2025,forecast,bull_forecast_earnings_proxy_after_fuel_usd_mn,141.04865990464128,,USD million,,2026-08-07,airline_company_financial_forecast_bridge.earnings_proxy_after_fuel_usd_mn,derived_join_with_source_lineage,"bull case from the FY2026 pre-interim company financial forecast bridge. Mechanical driver output, not issuer guidance, broker consensus or a trade recommendation. Forecast status=mechanical_driver_bridge_not_issuer_forecast; scope=group_consolidated.",2026-08-08T10:43:19.885388+00:00
airline_research_chain,Juneyao Airlines,603885.SH,CN_A,2026-08-06,FY2025,forecast,bull_forecast_revenue_gap_to_consensus_pct,-15.530677706657698,,percentage,,2026-08-07,airline_company_financial_forecast_bridge.revenue_gap_to_consensus_pct,derived_join_with_source_lineage,"bull case from the FY2026 pre-interim company financial forecast bridge. Mechanical driver output, not issuer guidance, broker consensus or a trade recommendation. Forecast status=mechanical_driver_bridge_not_issuer_forecast; scope=group_consolidated.",2026-08-08T10:43:19.885388+00:00
airline_research_chain,Juneyao Airlines,603885.SH,CN_A,2026-08-06,FY2025,forecast,bull_forecast_earnings_gap_to_consensus_pct,2.691492926184196,,percentage,,2026-08-07,airline_company_financial_forecast_bridge.earnings_gap_to_consensus_pct,derived_join_with_source_lineage,"bull case from the FY2026 pre-interim company financial forecast bridge. Mechanical driver output, not issuer guidance, broker consensus or a trade recommendation. Forecast status=mechanical_driver_bridge_not_issuer_forecast; scope=group_consolidated.",2026-08-08T10:43:19.885388+00:00
airline_research_chain,Juneyao Airlines,603885.SH,CN_A,2026-08-06,FY2025,expectations,public_report_evidence_row_count,60.0,,rows,,2026-08-07,airline_revision_coverage.public_report_evidence_row_count,derived_join_with_source_lineage,10jqka public-report coverage metadata joined into the expectations chain. Counts and up/down markers do not establish a complete prior numeric revision.,2026-08-08T10:43:19.885388+00:00
airline_research_chain,Juneyao Airlines,603885.SH,CN_A,2026-08-06,FY2025,expectations,public_report_dated_row_count,40.0,,rows,,2026-08-07,airline_revision_coverage.public_report_dated_row_count,derived_join_with_source_lineage,10jqka public-report coverage metadata joined into the expectations chain. Counts and up/down markers do not establish a complete prior numeric revision.,2026-08-08T10:43:19.885388+00:00
airline_research_chain,Juneyao Airlines,603885.SH,CN_A,2026-08-06,FY2025,expectations,public_report_eps_up_marker_count,1.0,,markers,,2026-08-07,airline_revision_coverage.public_report_eps_up_marker_count,derived_join_with_source_lineage,10jqka public-report coverage metadata joined into the expectations chain. Counts and up/down markers do not establish a complete prior numeric revision.,2026-08-08T10:43:19.885388+00:00
airline_research_chain,Juneyao Airlines,603885.SH,CN_A,2026-08-06,FY2025,expectations,public_report_eps_down_marker_count,11.0,,markers,,2026-08-07,airline_revision_coverage.public_report_eps_down_marker_count,derived_join_with_source_lineage,10jqka public-report coverage metadata joined into the expectations chain. Counts and up/down markers do not establish a complete prior numeric revision.,2026-08-08T10:43:19.885388+00:00
airline_research_chain,Juneyao Airlines,603885.SH,CN_A,2026-08-06,FY2025,expectations,public_report_net_profit_up_marker_count,1.0,,markers,,2026-08-07,airline_revision_coverage.public_report_net_profit_up_marker_count,derived_join_with_source_lineage,10jqka public-report coverage metadata joined into the expectations chain. Counts and up/down markers do not establish a complete prior numeric revision.,2026-08-08T10:43:19.885388+00:00
airline_research_chain,Juneyao Airlines,603885.SH,CN_A,2026-08-06,FY2025,expectations,public_report_net_profit_down_marker_count,16.0,,markers,,2026-08-07,airline_revision_coverage.public_report_net_profit_down_marker_count,derived_join_with_source_lineage,10jqka public-report coverage metadata joined into the expectations chain. Counts and up/down markers do not establish a complete prior numeric revision.,2026-08-08T10:43:19.885388+00:00
airline_research_chain,Juneyao Airlines,603885.SH,CN_A,2026-08-06,FY2025,earnings,h1_warning_profit_low_native_mn,140.0,,RMB million,CNY,2026-07-11,airline_event_timeline.value_min/value_max,derived_join_with_source_lineage,"Mechanical expectations bridge: FY2026 A-share consensus minus the issuer's H1 preliminary profit range. The implied H2 amount is not a forecast and excludes seasonality, later estimate revisions, tax/one-offs and accounting changes; warning date=2026-07-11, consensus as-of=2026-08-07.",2026-08-08T10:43:19.885388+00:00
airline_research_chain,Juneyao Airlines,603885.SH,CN_A,2026-08-06,FY2025,earnings,h1_warning_profit_high_native_mn,210.0,,RMB million,CNY,2026-07-11,airline_event_timeline.value_min/value_max,derived_join_with_source_lineage,"Mechanical expectations bridge: FY2026 A-share consensus minus the issuer's H1 preliminary profit range. The implied H2 amount is not a forecast and excludes seasonality, later estimate revisions, tax/one-offs and accounting changes; warning date=2026-07-11, consensus as-of=2026-08-07.",2026-08-08T10:43:19.885388+00:00
airline_research_chain,Juneyao Airlines,603885.SH,CN_A,2026-08-06,FY2025,earnings,h1_warning_profit_mid_native_mn,175.0,,RMB million,CNY,2026-07-11,airline_event_timeline.value_min/value_max,derived_join_with_source_lineage,"Mechanical expectations bridge: FY2026 A-share consensus minus the issuer's H1 preliminary profit range. The implied H2 amount is not a forecast and excludes seasonality, later estimate revisions, tax/one-offs and accounting changes; warning date=2026-07-11, consensus as-of=2026-08-07.",2026-08-08T10:43:19.885388+00:00
airline_research_chain,Juneyao Airlines,603885.SH,CN_A,2026-08-06,FY2025,expectations,fy2026_profit_consensus_avg_native_mn,927.0,,RMB million,CNY,2026-08-07,airline_expectation_bridge.fy2026_net_profit_avg_native_mn,derived_join_with_source_lineage,"Mechanical expectations bridge: FY2026 A-share consensus minus the issuer's H1 preliminary profit range. The implied H2 amount is not a forecast and excludes seasonality, later estimate revisions, tax/one-offs and accounting changes; warning date=2026-07-11, consensus as-of=2026-08-07.",2026-08-08T10:43:19.885388+00:00
airline_research_chain,Juneyao Airlines,603885.SH,CN_A,2026-08-06,FY2025,expectations,implied_h2_profit_at_h1_warning_low_native_mn,787.0,,RMB million,CNY,2026-08-07,airline_expectation_bridge.fy2026_net_profit_avg_native_mn,derived_join_with_source_lineage,"Mechanical expectations bridge: FY2026 A-share consensus minus the issuer's H1 preliminary profit range. The implied H2 amount is not a forecast and excludes seasonality, later estimate revisions, tax/one-offs and accounting changes; warning date=2026-07-11, consensus as-of=2026-08-07.",2026-08-08T10:43:19.885388+00:00
airline_research_chain,Juneyao Airlines,603885.SH,CN_A,2026-08-06,FY2025,expectations,implied_h2_profit_at_h1_warning_high_native_mn,717.0,,RMB million,CNY,2026-08-07,airline_expectation_bridge.fy2026_net_profit_avg_native_mn,derived_join_with_source_lineage,"Mechanical expectations bridge: FY2026 A-share consensus minus the issuer's H1 preliminary profit range. The implied H2 amount is not a forecast and excludes seasonality, later estimate revisions, tax/one-offs and accounting changes; warning date=2026-07-11, consensus as-of=2026-08-07.",2026-08-08T10:43:19.885388+00:00
airline_research_chain,Juneyao Airlines,603885.SH,CN_A,2026-08-06,FY2025,expectations,implied_h2_profit_at_h1_warning_mid_native_mn,752.0,,RMB million,CNY,2026-08-07,airline_expectation_bridge.fy2026_net_profit_avg_native_mn,derived_join_with_source_lineage,"Mechanical expectations bridge: FY2026 A-share consensus minus the issuer's H1 preliminary profit range. The implied H2 amount is not a forecast and excludes seasonality, later estimate revisions, tax/one-offs and accounting changes; warning date=2026-07-11, consensus as-of=2026-08-07.",2026-08-08T10:43:19.885388+00:00
airline_research_chain,Juneyao Airlines,603885.SH,CN_A,2026-08-06,FY2025,expectations,historical_2h2025_profit_native_mn,534.1461409500001,,RMB million,CNY,2026-04-23,airline_earnings_driver_comparability.attributable_profit,derived_join_with_source_lineage,"Historical 2H2025 profit is derived as FY2025 attributable profit minus 1H2025 attributable profit from issuer-report driver rows. The difference against warning-implied 2H consensus is a recovery-base diagnostic, not a forecast.",2026-08-08T10:43:19.885388+00:00
airline_research_chain,Juneyao Airlines,603885.SH,CN_A,2026-08-06,FY2025,expectations,implied_h2_mid_minus_historical_2h2025_native_mn,217.85385904999987,,RMB million,CNY,2026-08-07,airline_expectation_bridge.implied_h2_profit_at_h1_warning_mid_native_mn,derived_join_with_source_lineage,"Historical 2H2025 profit is derived as FY2025 attributable profit minus 1H2025 attributable profit from issuer-report driver rows. The difference against warning-implied 2H consensus is a recovery-base diagnostic, not a forecast.",2026-08-08T10:43:19.885388+00:00
airline_research_chain,Juneyao Airlines,603885.SH,CN_A,2026-08-06,FY2025,expectations,public_report_latest_date,,2026-05-05,,,2026-05-05,airline_revision_coverage.public_report_latest_date,derived_join_with_source_lineage,Public-report date/scope metadata retained separately from numeric estimates; revenue evidence remains page-snapshot-only.,2026-08-08T10:43:19.885388+00:00
airline_research_chain,Juneyao Airlines,603885.SH,CN_A,2026-08-06,FY2025,expectations,public_report_evidence_scope,,dated_eps_profit_plus_page_snapshot_revenue,,,2026-08-07,airline_revision_coverage.public_report_evidence_scope,derived_join_with_source_lineage,Public-report date/scope metadata retained separately from numeric estimates; revenue evidence remains page-snapshot-only.,2026-08-08T10:43:19.885388+00:00
airline_research_chain,Juneyao Airlines,603885.SH,CN_A,2026-08-06,FY2025,cost,fuel_plus_5pct_profit_impact_usd_mn,-48.0657372461424,,USD million,,2026-07-31,airline_fuel_sensitivity_scenarios.pre_tax_profit_impact_usd_mn,derived_join_with_source_lineage,Fuel-price scenario at 5% using mechanical_fuel_cost_proxy; FX observation date 2026-08-06 and EIA observation date 2026-07-31.,2026-08-08T10:43:19.885388+00:00
airline_research_chain,Juneyao Airlines,603885.SH,CN_A,2026-08-06,FY2025,cost,fuel_plus_5pct_scenario_method,,mechanical_fuel_cost_proxy,,,2026-07-31,airline_fuel_sensitivity_scenarios.scenario_method,derived_join_with_source_lineage,"Fuel scenario metadata retained separately from the numeric impact; mechanical cases exclude hedging, contracts, mix, pass-through and demand response.",2026-08-08T10:43:19.885388+00:00
airline_research_chain,Juneyao Airlines,603885.SH,CN_A,2026-08-06,FY2025,cost,fuel_plus_5pct_issuer_sensitivity_available,,False,,,2026-07-31,airline_fuel_sensitivity_scenarios.issuer_sensitivity_available,derived_join_with_source_lineage,"Fuel scenario metadata retained separately from the numeric impact; mechanical cases exclude hedging, contracts, mix, pass-through and demand response.",2026-08-08T10:43:19.885388+00:00
airline_research_chain,Juneyao Airlines,603885.SH,CN_A,2026-08-06,FY2025,cost,fuel_minus_5pct_profit_impact_usd_mn,48.0657372461424,,USD million,,2026-07-31,airline_fuel_sensitivity_scenarios.pre_tax_profit_impact_usd_mn,derived_join_with_source_lineage,Fuel-price scenario at -5% using mechanical_fuel_cost_proxy; FX observation date 2026-08-06 and EIA observation date 2026-07-31.,2026-08-08T10:43:19.885388+00:00
airline_research_chain,Juneyao Airlines,603885.SH,CN_A,2026-08-06,FY2025,cost,fuel_minus_5pct_scenario_method,,mechanical_fuel_cost_proxy,,,2026-07-31,airline_fuel_sensitivity_scenarios.scenario_method,derived_join_with_source_lineage,"Fuel scenario metadata retained separately from the numeric impact; mechanical cases exclude hedging, contracts, mix, pass-through and demand response.",2026-08-08T10:43:19.885388+00:00
airline_research_chain,Juneyao Airlines,603885.SH,CN_A,2026-08-06,FY2025,cost,fuel_minus_5pct_issuer_sensitivity_available,,False,,,2026-07-31,airline_fuel_sensitivity_scenarios.issuer_sensitivity_available,derived_join_with_source_lineage,"Fuel scenario metadata retained separately from the numeric impact; mechanical cases exclude hedging, contracts, mix, pass-through and demand response.",2026-08-08T10:43:19.885388+00:00
airline_research_chain,Juneyao Airlines,603885.SH,CN_A,2026-08-06,FY2025,cost,fuel_scenario_fx_observation_date,,2026-08-06,,,2026-08-06,airline_fuel_sensitivity_scenarios.fx_observation_date,derived_join_with_source_lineage,Latest ECB FX observation used for the USD scenario translation; not a forward-FX assumption.,2026-08-08T10:43:19.885388+00:00
airline_research_chain,Juneyao Airlines,603885.SH,CN_A,2026-08-06,FY2025,cost,fuel_surcharge_context,,100 CNY (>800 km); 50 CNY (up to 800 km),,,2026-07-05,airline_fuel_sensitivity_scenarios.surcharge_reference,derived_join_with_source_lineage,Official fuel-surcharge schedule context retained from the scenario layer; route/policy-specific and not realized fuel-cost recovery. Source URL: https://english.www.gov.cn/news/202607/03/content_WS6a47b8a4c6d00ca5f9a0c052.html.,2026-08-08T10:43:19.885388+00:00
airline_research_chain,Juneyao Airlines,603885.SH,CN_A,2026-08-06,FY2025,catalyst,news_event_count_in_window,11.0,,articles,,2026-08-07 17:02:00,airline_news_events.published_at,derived_join_with_source_lineage,Public Eastmoney/AkShare news-window metadata for catalyst discovery. Keyword categories and relevance scope are not sentiment or alpha signals.,2026-08-08T10:43:19.885388+00:00
airline_research_chain,Juneyao Airlines,603885.SH,CN_A,2026-08-06,FY2025,catalyst,news_direct_headline_count_in_window,9.0,,articles,,2026-08-07 17:02:00,airline_news_events.relevance_scope,derived_join_with_source_lineage,Public Eastmoney/AkShare news-window metadata for catalyst discovery. Keyword categories and relevance scope are not sentiment or alpha signals.,2026-08-08T10:43:19.885388+00:00
airline_research_chain,Juneyao Airlines,603885.SH,CN_A,2026-08-06,FY2025,catalyst,news_latest_published_at,,2026-08-07 17:02:00,,,2026-08-07 17:02:00,airline_news_events.published_at,derived_join_with_source_lineage,Public Eastmoney/AkShare news-window metadata for catalyst discovery. Keyword categories and relevance scope are not sentiment or alpha signals.,2026-08-08T10:43:19.885388+00:00
airline_research_chain,Juneyao Airlines,603885.SH,CN_A,2026-08-06,FY2025,catalyst,news_latest_title,,3.38亿元主力资金今日撤离交通运输板块,,,2026-08-07 17:02:00,airline_news_events.news_title,derived_join_with_source_lineage,Public Eastmoney/AkShare news-window metadata for catalyst discovery. Keyword categories and relevance scope are not sentiment or alpha signals.,2026-08-08T10:43:19.885388+00:00
airline_research_chain,Juneyao Airlines,603885.SH,CN_A,2026-08-06,FY2025,catalyst,news_latest_source_url,,http://finance.eastmoney.com/a/202608073835259577.html,,,2026-08-07 17:02:00,airline_news_events.news_url,derived_join_with_source_lineage,Public Eastmoney/AkShare news-window metadata for catalyst discovery. Keyword categories and relevance scope are not sentiment or alpha signals.,2026-08-08T10:43:19.885388+00:00
airline_research_chain,Juneyao Airlines,603885.SH,CN_A,2026-08-06,FY2025,risk,beta_to_benchmark,0.6407473290883564,,multiple,,2026-08-06,airline_market_risk_metrics.beta_to_benchmark,derived_join_with_source_lineage,Derived market-risk row from the free historical risk snapshot. Borrow availability remains explicit.,2026-08-08T10:43:19.885388+00:00
airline_research_chain,Juneyao Airlines,603885.SH,CN_A,2026-08-06,FY2025,risk,annualized_volatility_pct,35.296791943099734,,percentage,,2026-08-06,airline_market_risk_metrics.annualized_volatility_pct,derived_join_with_source_lineage,Derived market-risk row from the free historical risk snapshot. Borrow availability remains explicit.,2026-08-08T10:43:19.885388+00:00
airline_research_chain,Juneyao Airlines,603885.SH,CN_A,2026-08-06,FY2025,risk,max_drawdown_pct,-36.15531694069779,,percentage,,2026-08-06,airline_market_risk_metrics.max_drawdown_pct,derived_join_with_source_lineage,Derived market-risk row from the free historical risk snapshot. Borrow availability remains explicit.,2026-08-08T10:43:19.885388+00:00
airline_research_chain,Juneyao Airlines,603885.SH,CN_A,2026-08-06,FY2025,risk,median_daily_turnover_usd_mn_60d,33.83980665619196,,USD million/day,,2026-08-06,airline_market_risk_metrics.median_daily_turnover_usd_mn_60d,derived_join_with_source_lineage,Derived market-risk row from the free historical risk snapshot. Borrow availability remains explicit.,2026-08-08T10:43:19.885388+00:00
airline_research_chain,Juneyao Airlines,603885.SH,CN_A,2026-08-06,FY2025,risk,borrow_data_available,,False,,,2026-08-06,airline_market_risk_metrics.borrow_data_available,derived_join_with_source_lineage,Derived market-risk row from the free historical risk snapshot. Borrow availability remains explicit.,2026-08-08T10:43:19.885388+00:00
airline_research_chain,Juneyao Airlines,603885.SH,CN_A,2026-08-06,FY2025,risk,short_eligibility_status,,margin_security_observed,,,2026-08-06,airline_short_eligibility.eligibility_status,derived_join_with_source_lineage,"Exchange eligibility evidence only: HKEX designated-list or SSE margin-detail presence. It does not establish locatable borrow, borrow fee, recall risk or execution availability; borrow_data_available remains false.",2026-08-08T10:43:19.885388+00:00
airline_research_chain,Hainan Airlines Holdings,600221.SH,CN_A,2026-08-06,FY2025,supply,ask_yoy_pct,-1.6930230862934417,,percentage,,2026-08-06,airline_expectation_bridge.h1_ask_yoy_pct,derived_join_with_source_lineage,Derived chain row from the expectation bridge/readiness gate. Retains source field and as-of date; this layer adds no new estimate.,2026-08-08T10:43:19.885388+00:00
airline_research_chain,Hainan Airlines Holdings,600221.SH,CN_A,2026-08-06,FY2025,supply,latest_report_ask_mn_seat_km,160503.74,,million seat-km,,2026-04-18,airline_expectation_bridge.latest_report_ask_mn_seat_km,derived_join_with_source_lineage,Derived chain row from the expectation bridge/readiness gate. Retains source field and as-of date; this layer adds no new estimate.,2026-08-08T10:43:19.885388+00:00
airline_research_chain,Hainan Airlines Holdings,600221.SH,CN_A,2026-08-06,FY2025,supply,passenger_capacity_lf_change_pp,1.5076756293501743,,percentage points,,2026-08-06,airline_expectation_bridge.h1_passenger_lf_change_pp,derived_join_with_source_lineage,Derived chain row from the expectation bridge/readiness gate. Retains source field and as-of date; this layer adds no new estimate.,2026-08-08T10:43:19.885388+00:00
airline_research_chain,Hainan Airlines Holdings,600221.SH,CN_A,2026-08-06,FY2025,demand,rpk_yoy_pct,0.0980757214668088,,percentage,,2026-08-06,airline_expectation_bridge.h1_rpk_yoy_pct,derived_join_with_source_lineage,Derived chain row from the expectation bridge/readiness gate. Retains source field and as-of date; this layer adds no new estimate.,2026-08-08T10:43:19.885388+00:00
airline_research_chain,Hainan Airlines Holdings,600221.SH,CN_A,2026-08-06,FY2025,demand,latest_report_rpk_mn_passenger_km,134484.36,,million passenger-km,,2026-04-18,airline_expectation_bridge.latest_report_rpk_mn_passenger_km,derived_join_with_source_lineage,Derived chain row from the expectation bridge/readiness gate. Retains source field and as-of date; this layer adds no new estimate.,2026-08-08T10:43:19.885388+00:00
airline_research_chain,Hainan Airlines Holdings,600221.SH,CN_A,2026-08-06,FY2025,demand,latest_report_passenger_load_factor_pct,83.79,,percentage,,2026-04-18,airline_expectation_bridge.latest_report_passenger_load_factor_pct,derived_join_with_source_lineage,Derived chain row from the expectation bridge/readiness gate. Retains source field and as-of date; this layer adds no new estimate.,2026-08-08T10:43:19.885388+00:00
airline_research_chain,Hainan Airlines Holdings,600221.SH,CN_A,2026-08-06,FY2025,demand,passengers_yoy_pct,-1.6167286473274354,,percentage,,2026-08-06,airline_expectation_bridge.h1_passengers_yoy_pct,derived_join_with_source_lineage,Derived chain row from the expectation bridge/readiness gate. Retains source field and as-of date; this layer adds no new estimate.,2026-08-08T10:43:19.885388+00:00
airline_research_chain,Hainan Airlines Holdings,600221.SH,CN_A,2026-08-06,FY2025,demand,cargo_tonnes_yoy_pct,1.8130709768095572,,percentage,,2026-08-06,airline_expectation_bridge.h1_cargo_tonnes_yoy_pct,derived_join_with_source_lineage,Derived chain row from the expectation bridge/readiness gate. Retains source field and as-of date; this layer adds no new estimate.,2026-08-08T10:43:19.885388+00:00
airline_research_chain,Hainan Airlines Holdings,600221.SH,CN_A,2026-08-06,FY2025,revenue,latest_report_revenue_native_mn,68470.91500000001,,native million,RMB,2026-04-18,airline_expectation_bridge.latest_report_revenue_native_mn,derived_join_with_source_lineage,Derived chain row from the expectation bridge/readiness gate. Retains source field and as-of date; this layer adds no new estimate.,2026-08-08T10:43:19.885388+00:00
airline_research_chain,Hainan Airlines Holdings,600221.SH,CN_A,2026-08-06,FY2025,revenue,latest_report_passenger_revenue_native_mn,60219.702,,native million,RMB,2026-04-18,airline_expectation_bridge.latest_report_passenger_revenue_native_mn,derived_join_with_source_lineage,Derived chain row from the expectation bridge/readiness gate. Retains source field and as-of date; this layer adds no new estimate.,2026-08-08T10:43:19.885388+00:00
airline_research_chain,Hainan Airlines Holdings,600221.SH,CN_A,2026-08-06,FY2025,revenue,latest_report_passenger_yield_native,0.4477821956397012,,native currency/RPK,RMB,2026-04-18,airline_expectation_bridge.latest_report_passenger_yield_native,derived_join_with_source_lineage,Derived chain row from the expectation bridge/readiness gate. Retains source field and as-of date; this layer adds no new estimate.,2026-08-08T10:43:19.885388+00:00
airline_research_chain,Hainan Airlines Holdings,600221.SH,CN_A,2026-08-06,FY2025,revenue,latest_report_rask_native,0.3751918927247427,,native currency/ASK,RMB,2026-04-18,airline_expectation_bridge.latest_report_rask_native,derived_join_with_source_lineage,Derived chain row from the expectation bridge/readiness gate. Retains source field and as-of date; this layer adds no new estimate.,2026-08-08T10:43:19.885388+00:00
airline_research_chain,Hainan Airlines Holdings,600221.SH,CN_A,2026-08-06,FY2025,revenue,fy2026_revenue_consensus_avg_usd_mn,11819.518883668386,,USD million,,2026-08-06,airline_expectation_bridge.fy2026_revenue_avg_usd_mn,derived_join_with_source_lineage,Derived chain row from the expectation bridge/readiness gate. Retains source field and as-of date; this layer adds no new estimate.,2026-08-08T10:43:19.885388+00:00
airline_research_chain,Hainan Airlines Holdings,600221.SH,CN_A,2026-08-06,FY2025,revenue,fy2026_revenue_growth_vs_latest_actual_pct,16.5,,percentage,,2026-08-06,airline_expectation_bridge.fy2026_revenue_growth_pct,derived_join_with_source_lineage,Derived chain row from the expectation bridge/readiness gate. Retains source field and as-of date; this layer adds no new estimate.,2026-08-08T10:43:19.885388+00:00
airline_research_chain,Hainan Airlines Holdings,600221.SH,CN_A,2026-08-06,FY2025,cost,latest_report_operating_cost_native_mn,63212.452000000005,,native million,RMB,2026-04-18,airline_expectation_bridge.latest_report_operating_cost_native_mn,derived_join_with_source_lineage,Derived chain row from the expectation bridge/readiness gate. Retains source field and as-of date; this layer adds no new estimate.,2026-08-08T10:43:19.885388+00:00
airline_research_chain,Hainan Airlines Holdings,600221.SH,CN_A,2026-08-06,FY2025,cost,latest_report_fuel_cost_native_mn,20087.05,,native million,RMB,2026-04-18,airline_expectation_bridge.latest_report_fuel_cost_native_mn,derived_join_with_source_lineage,Derived chain row from the expectation bridge/readiness gate. Retains source field and as-of date; this layer adds no new estimate.,2026-08-08T10:43:19.885388+00:00
airline_research_chain,Hainan Airlines Holdings,600221.SH,CN_A,2026-08-06,FY2025,cost,latest_report_cask_native,0.3938378756781618,,native currency/ASK,RMB,2026-04-18,airline_expectation_bridge.latest_report_cask_native,derived_join_with_source_lineage,Derived chain row from the expectation bridge/readiness gate. Retains source field and as-of date; this layer adds no new estimate.,2026-08-08T10:43:19.885388+00:00
airline_research_chain,Hainan Airlines Holdings,600221.SH,CN_A,2026-08-06,FY2025,cost,fuel_cost_share_pct,31.77704607946548,,percentage,,2026-08-06,airline_expectation_bridge.latest_report_fuel_cost_share_pct,derived_join_with_source_lineage,Derived chain row from the expectation bridge/readiness gate. Retains source field and as-of date; this layer adds no new estimate.,2026-08-08T10:43:19.885388+00:00
airline_research_chain,Hainan Airlines Holdings,600221.SH,CN_A,2026-08-06,FY2025,cost,jet_fuel_spot_usd_per_gallon,3.736,,USD/gallon,,2026-07-31,airline_expectation_bridge.jet_fuel_spot_usd_per_gallon,derived_join_with_source_lineage,Derived chain row from the expectation bridge/readiness gate. Retains source field and as-of date; this layer adds no new estimate.,2026-08-08T10:43:19.885388+00:00
airline_research_chain,Hainan Airlines Holdings,600221.SH,CN_A,2026-08-06,FY2025,cost,brent_spot_usd_per_barrel,91.63,,USD/barrel,,2026-07-31,airline_expectation_bridge.brent_spot_usd_per_barrel,derived_join_with_source_lineage,Derived chain row from the expectation bridge/readiness gate. Retains source field and as-of date; this layer adds no new estimate.,2026-08-08T10:43:19.885388+00:00
airline_research_chain,Hainan Airlines Holdings,600221.SH,CN_A,2026-08-06,FY2025,earnings,latest_report_profit_native_mn,1979.588,,native million,RMB,2026-04-18,airline_expectation_bridge.latest_report_attributable_profit_native_mn,derived_join_with_source_lineage,Derived chain row from the expectation bridge/readiness gate. Retains source field and as-of date; this layer adds no new estimate.,2026-08-08T10:43:19.885388+00:00
airline_research_chain,Hainan Airlines Holdings,600221.SH,CN_A,2026-08-06,FY2025,risk,latest_report_cash_and_cash_equivalents_native_mn,2552.353,,native million,RMB,2026-04-18,airline_expectation_bridge.latest_report_cash_and_cash_equivalents_native_mn,derived_join_with_source_lineage,Derived chain row from the expectation bridge/readiness gate. Retains source field and as-of date; this layer adds no new estimate.,2026-08-08T10:43:19.885388+00:00
airline_research_chain,Hainan Airlines Holdings,600221.SH,CN_A,2026-08-06,FY2025,risk,latest_report_total_liabilities_native_mn,146911.165,,native million,RMB,2026-04-18,airline_expectation_bridge.latest_report_total_liabilities_native_mn,derived_join_with_source_lineage,Derived chain row from the expectation bridge/readiness gate. Retains source field and as-of date; this layer adds no new estimate.,2026-08-08T10:43:19.885388+00:00
airline_research_chain,Hainan Airlines Holdings,600221.SH,CN_A,2026-08-06,FY2025,risk,latest_report_liabilities_to_assets_pct,96.47100235735148,,percentage,,2026-04-18,airline_expectation_bridge.latest_report_liabilities_to_assets_pct,derived_join_with_source_lineage,Derived chain row from the expectation bridge/readiness gate. Retains source field and as-of date; this layer adds no new estimate.,2026-08-08T10:43:19.885388+00:00
airline_research_chain,Hainan Airlines Holdings,600221.SH,CN_A,2026-08-06,FY2025,risk,latest_report_capex_cash_paid_native_mn,2188.703,,native million,RMB,2026-04-18,airline_expectation_bridge.latest_report_capex_cash_paid_native_mn,derived_join_with_source_lineage,Derived chain row from the expectation bridge/readiness gate. Retains source field and as-of date; this layer adds no new estimate.,2026-08-08T10:43:19.885388+00:00
airline_research_chain,Hainan Airlines Holdings,600221.SH,CN_A,2026-08-06,FY2025,earnings,fy2026_profit_consensus_avg_usd_mn,313.0792318159644,,USD million,,2026-08-06,airline_expectation_bridge.fy2026_net_profit_avg_usd_mn,derived_join_with_source_lineage,Derived chain row from the expectation bridge/readiness gate. Retains source field and as-of date; this layer adds no new estimate.,2026-08-08T10:43:19.885388+00:00
airline_research_chain,Hainan Airlines Holdings,600221.SH,CN_A,2026-08-06,FY2025,earnings,fy2026_consensus_net_margin_pct,2.6488322824083936,,percentage,,2026-08-06,airline_expectation_bridge.fy2026_consensus_net_margin_pct,derived_join_with_source_lineage,Derived chain row from the expectation bridge/readiness gate. Retains source field and as-of date; this layer adds no new estimate.,2026-08-08T10:43:19.885388+00:00
airline_research_chain,Hainan Airlines Holdings,600221.SH,CN_A,2026-08-06,FY2025,expectations,market_cap_usd_mn,8580.26750365863,,USD million,,2026-08-06,airline_expectation_bridge.market_cap_usd_mn,derived_join_with_source_lineage,Derived chain row from the expectation bridge/readiness gate. Retains source field and as-of date; this layer adds no new estimate.,2026-08-08T10:43:19.885388+00:00
airline_research_chain,Hainan Airlines Holdings,600221.SH,CN_A,2026-08-06,FY2025,expectations,market_cap_to_consensus_revenue_usd,0.7259405046946885,,multiple,,2026-08-06,airline_expectation_bridge.market_cap_to_consensus_revenue_usd,derived_join_with_source_lineage,Derived chain row from the expectation bridge/readiness gate. Retains source field and as-of date; this layer adds no new estimate.,2026-08-08T10:43:19.885388+00:00
airline_research_chain,Hainan Airlines Holdings,600221.SH,CN_A,2026-08-06,FY2025,expectations,consensus_valuation_quality,,profit_based_multiple_usable,,,2026-08-06,airline_expectation_bridge.consensus_valuation_quality,derived_join_with_source_lineage,Derived chain row from the expectation bridge/readiness gate. Retains source field and as-of date; this layer adds no new estimate.,2026-08-08T10:43:19.885388+00:00
airline_research_chain,Hainan Airlines Holdings,600221.SH,CN_A,2026-08-06,FY2025,expectations,revision_evidence_band,,dated_public_report_markers,,,2026-08-06,airline_pair_readiness.revision_evidence_band,derived_join_with_source_lineage,Derived chain row from the expectation bridge/readiness gate. Retains source field and as-of date; this layer adds no new estimate.,2026-08-08T10:43:19.885388+00:00
airline_research_chain,Hainan Airlines Holdings,600221.SH,CN_A,2026-08-06,FY2025,expectations,unified_estimate_revision_count,0.0,,events,,2026-08-06,airline_pair_readiness.unified_estimate_revision_count,derived_join_with_source_lineage,Derived chain row from the expectation bridge/readiness gate. Retains source field and as-of date; this layer adds no new estimate.,2026-08-08T10:43:19.885388+00:00
airline_research_chain,Hainan Airlines Holdings,600221.SH,CN_A,2026-08-06,FY2025,expectations,unified_up_revision_count,0.0,,events,,2026-08-06,airline_pair_readiness.unified_up_revision_count,derived_join_with_source_lineage,Derived chain row from the expectation bridge/readiness gate. Retains source field and as-of date; this layer adds no new estimate.,2026-08-08T10:43:19.885388+00:00
airline_research_chain,Hainan Airlines Holdings,600221.SH,CN_A,2026-08-06,FY2025,expectations,unified_down_revision_count,0.0,,events,,2026-08-06,airline_pair_readiness.unified_down_revision_count,derived_join_with_source_lineage,Derived chain row from the expectation bridge/readiness gate. Retains source field and as-of date; this layer adds no new estimate.,2026-08-08T10:43:19.885388+00:00
airline_research_chain,Hainan Airlines Holdings,600221.SH,CN_A,2026-08-06,FY2025,risk,latest_discovery_debt_to_assets_pct,95.304862,,percentage,,2026-03-31,airline_expectation_bridge.latest_discovery_debt_to_assets_pct,derived_join_with_source_lineage,A-share provider debt-to-assets ratio retained as leverage context with its period_end; the source lacks a complete issuer announcement-date PIT field.,2026-08-08T10:43:19.885388+00:00
airline_research_chain,Hainan Airlines Holdings,600221.SH,CN_A,2026-08-06,FY2025,catalyst,formal_report_status,,scheduled,,,2026-08-06,airline_expectation_bridge.formal_report_status,derived_join_with_source_lineage,Derived chain row from the expectation bridge/readiness gate. Retains source field and as-of date; this layer adds no new estimate.,2026-08-08T10:43:19.885388+00:00
airline_research_chain,Hainan Airlines Holdings,600221.SH,CN_A,2026-08-06,FY2025,catalyst,formal_report_scheduled_date,,2026-08-25,,,2026-08-06,airline_expectation_bridge.formal_report_scheduled_date,derived_join_with_source_lineage,Derived chain row from the expectation bridge/readiness gate. Retains source field and as-of date; this layer adds no new estimate.,2026-08-08T10:43:19.885388+00:00
airline_research_chain,Hainan Airlines Holdings,600221.SH,CN_A,2026-08-06,FY2025,catalyst,latest_event_type,,earnings_guidance,,,2026-08-06,airline_expectation_bridge.latest_event_type,derived_join_with_source_lineage,Derived chain row from the expectation bridge/readiness gate. Retains source field and as-of date; this layer adds no new estimate.,2026-08-08T10:43:19.885388+00:00
airline_research_chain,Hainan Airlines Holdings,600221.SH,CN_A,2026-08-06,FY2025,catalyst,latest_event_date,,2026-05-07,,,2026-08-06,airline_expectation_bridge.latest_event_date,derived_join_with_source_lineage,Derived chain row from the expectation bridge/readiness gate. Retains source field and as-of date; this layer adds no new estimate.,2026-08-08T10:43:19.885388+00:00
airline_research_chain,Hainan Airlines Holdings,600221.SH,CN_A,2026-08-06,FY2025,catalyst,latest_event_metric,,fleet_net_growth_target,,,2026-05-07,airline_expectation_bridge.latest_event_metric,derived_join_with_source_lineage,Derived chain row from the expectation bridge/readiness gate. Retains source field and as-of date; this layer adds no new estimate.,2026-08-08T10:43:19.885388+00:00
airline_research_chain,Hainan Airlines Holdings,600221.SH,CN_A,2026-08-06,FY2025,catalyst,latest_event_value_min,3.0,,native unit,RMB,2026-05-07,airline_expectation_bridge.latest_event_value_min,derived_join_with_source_lineage,Derived chain row from the expectation bridge/readiness gate. Retains source field and as-of date; this layer adds no new estimate.,2026-08-08T10:43:19.885388+00:00
airline_research_chain,Hainan Airlines Holdings,600221.SH,CN_A,2026-08-06,FY2025,catalyst,latest_event_value_max,5.0,,native unit,RMB,2026-05-07,airline_expectation_bridge.latest_event_value_max,derived_join_with_source_lineage,Derived chain row from the expectation bridge/readiness gate. Retains source field and as-of date; this layer adds no new estimate.,2026-08-08T10:43:19.885388+00:00
airline_research_chain,Hainan Airlines Holdings,600221.SH,CN_A,2026-08-06,FY2025,catalyst,latest_event_native_unit,,percent YoY fleet,,,2026-05-07,airline_expectation_bridge.latest_event_native_unit,derived_join_with_source_lineage,Derived chain row from the expectation bridge/readiness gate. Retains source field and as-of date; this layer adds no new estimate.,2026-08-08T10:43:19.885388+00:00
airline_research_chain,Hainan Airlines Holdings,600221.SH,CN_A,2026-08-06,FY2025,catalyst,latest_event_source_url,,https://dataclouds.cninfo.com.cn/shgonggao/investor/2026/20260507/dd477be55c5140ba9f1b54e327a0bbde.PDF,,,2026-05-07,airline_expectation_bridge.latest_event_source_url,derived_join_with_source_lineage,Derived chain row from the expectation bridge/readiness gate. Retains source field and as-of date; this layer adds no new estimate.,2026-08-08T10:43:19.885388+00:00
airline_research_chain,Hainan Airlines Holdings,600221.SH,CN_A,2026-08-06,FY2025,revenue,latest_report_cargo_revenue_native_mn,3231.747,,RMB million,RMB,2026-04-18,airline_earnings_driver_comparability.cargo_revenue,derived_join_with_source_lineage,"Latest comparable issuer-period driver joined from airline_earnings_driver_comparability; statement_period=FY2025, reported_or_derived=issuer_reported. Source page=167.0; this chain row does not add a new estimate.",2026-08-08T10:43:19.885388+00:00
airline_research_chain,Hainan Airlines Holdings,600221.SH,CN_A,2026-08-06,FY2025,earnings,latest_report_operating_cash_flow_native_mn,16051.07,,RMB million,RMB,2026-04-18,airline_earnings_driver_comparability.operating_cash_flow,derived_join_with_source_lineage,"Latest comparable issuer-period driver joined from airline_earnings_driver_comparability; statement_period=FY2025, reported_or_derived=issuer_reported. Source page=6.0; this chain row does not add a new estimate.",2026-08-08T10:43:19.885388+00:00
airline_research_chain,Hainan Airlines Holdings,600221.SH,CN_A,2026-08-06,FY2025,cost,latest_report_fuel_cost_per_ask_native,0.1251500432326374,,RMB/ASK,RMB,2026-04-18,airline_earnings_driver_comparability.fuel_cost_per_ask,derived_join_with_source_lineage,"Latest comparable issuer-period driver joined from airline_earnings_driver_comparability; statement_period=FY2025, reported_or_derived=derived. Source page=16.0; this chain row does not add a new estimate.",2026-08-08T10:43:19.885388+00:00
airline_research_chain,Hainan Airlines Holdings,600221.SH,CN_A,2026-08-06,FY2025,supply,latest_report_fleet_total,359.0,,aircraft,,2026-04-18,airline_earnings_driver_comparability.fleet_total,derived_join_with_source_lineage,"Latest comparable issuer-period driver joined from airline_earnings_driver_comparability; statement_period=FY2025, reported_or_derived=issuer_reported. Source page=14.0; this chain row does not add a new estimate.",2026-08-08T10:43:19.885388+00:00
airline_research_chain,Hainan Airlines Holdings,600221.SH,CN_A,2026-08-06,FY2025,supply,latest_report_daily_utilization,9.58,,hours/day,,2026-04-18,airline_earnings_driver_comparability.daily_utilization,derived_join_with_source_lineage,"Latest comparable issuer-period driver joined from airline_earnings_driver_comparability; statement_period=FY2025, reported_or_derived=issuer_reported. Source page=14.0; this chain row does not add a new estimate.",2026-08-08T10:43:19.885388+00:00
airline_research_chain,Hainan Airlines Holdings,600221.SH,CN_A,2026-08-06,FY2025,demand,rpk_minus_ask_growth_gap_pp,1.7910988077602505,,percentage points,,2026-08-06,airline_expectation_bridge.h1_rpk_yoy_pct - h1_ask_yoy_pct,derived_join_with_source_lineage,"Demand-versus-capacity growth gap: H1 RPK YoY minus H1 ASK YoY. Positive values indicate traffic demand grew faster than capacity; this is a diagnostic, not a fare/yield estimate.",2026-08-08T10:43:19.885388+00:00
airline_research_chain,Hainan Airlines Holdings,600221.SH,CN_A,2026-08-06,FY2025,expectations,public_report_evidence_row_count,18.0,,rows,,2026-08-07,airline_revision_coverage.public_report_evidence_row_count,derived_join_with_source_lineage,10jqka public-report coverage metadata joined into the expectations chain. Counts and up/down markers do not establish a complete prior numeric revision.,2026-08-08T10:43:19.885388+00:00
airline_research_chain,Hainan Airlines Holdings,600221.SH,CN_A,2026-08-06,FY2025,expectations,public_report_dated_row_count,12.0,,rows,,2026-08-07,airline_revision_coverage.public_report_dated_row_count,derived_join_with_source_lineage,10jqka public-report coverage metadata joined into the expectations chain. Counts and up/down markers do not establish a complete prior numeric revision.,2026-08-08T10:43:19.885388+00:00
airline_research_chain,Hainan Airlines Holdings,600221.SH,CN_A,2026-08-06,FY2025,expectations,public_report_eps_up_marker_count,0.0,,markers,,2026-08-07,airline_revision_coverage.public_report_eps_up_marker_count,derived_join_with_source_lineage,10jqka public-report coverage metadata joined into the expectations chain. Counts and up/down markers do not establish a complete prior numeric revision.,2026-08-08T10:43:19.885388+00:00
airline_research_chain,Hainan Airlines Holdings,600221.SH,CN_A,2026-08-06,FY2025,expectations,public_report_eps_down_marker_count,4.0,,markers,,2026-08-07,airline_revision_coverage.public_report_eps_down_marker_count,derived_join_with_source_lineage,10jqka public-report coverage metadata joined into the expectations chain. Counts and up/down markers do not establish a complete prior numeric revision.,2026-08-08T10:43:19.885388+00:00
airline_research_chain,Hainan Airlines Holdings,600221.SH,CN_A,2026-08-06,FY2025,expectations,public_report_net_profit_up_marker_count,0.0,,markers,,2026-08-07,airline_revision_coverage.public_report_net_profit_up_marker_count,derived_join_with_source_lineage,10jqka public-report coverage metadata joined into the expectations chain. Counts and up/down markers do not establish a complete prior numeric revision.,2026-08-08T10:43:19.885388+00:00
airline_research_chain,Hainan Airlines Holdings,600221.SH,CN_A,2026-08-06,FY2025,expectations,public_report_net_profit_down_marker_count,6.0,,markers,,2026-08-07,airline_revision_coverage.public_report_net_profit_down_marker_count,derived_join_with_source_lineage,10jqka public-report coverage metadata joined into the expectations chain. Counts and up/down markers do not establish a complete prior numeric revision.,2026-08-08T10:43:19.885388+00:00
airline_research_chain,Hainan Airlines Holdings,600221.SH,CN_A,2026-08-06,FY2025,expectations,public_report_latest_date,,2026-04-19,,,2026-04-19,airline_revision_coverage.public_report_latest_date,derived_join_with_source_lineage,Public-report date/scope metadata retained separately from numeric estimates; revenue evidence remains page-snapshot-only.,2026-08-08T10:43:19.885388+00:00
airline_research_chain,Hainan Airlines Holdings,600221.SH,CN_A,2026-08-06,FY2025,expectations,public_report_evidence_scope,,dated_eps_profit_plus_page_snapshot_revenue,,,2026-08-07,airline_revision_coverage.public_report_evidence_scope,derived_join_with_source_lineage,Public-report date/scope metadata retained separately from numeric estimates; revenue evidence remains page-snapshot-only.,2026-08-08T10:43:19.885388+00:00
airline_research_chain,Hainan Airlines Holdings,600221.SH,CN_A,2026-08-06,FY2025,cost,fuel_plus_5pct_profit_impact_usd_mn,-148.81301901204137,,USD million,,2026-07-31,airline_fuel_sensitivity_scenarios.pre_tax_profit_impact_usd_mn,derived_join_with_source_lineage,Fuel-price scenario at 5% using mechanical_fuel_cost_proxy; FX observation date 2026-08-06 and EIA observation date 2026-07-31.,2026-08-08T10:43:19.885388+00:00
airline_research_chain,Hainan Airlines Holdings,600221.SH,CN_A,2026-08-06,FY2025,cost,fuel_plus_5pct_scenario_method,,mechanical_fuel_cost_proxy,,,2026-07-31,airline_fuel_sensitivity_scenarios.scenario_method,derived_join_with_source_lineage,"Fuel scenario metadata retained separately from the numeric impact; mechanical cases exclude hedging, contracts, mix, pass-through and demand response.",2026-08-08T10:43:19.885388+00:00
airline_research_chain,Hainan Airlines Holdings,600221.SH,CN_A,2026-08-06,FY2025,cost,fuel_plus_5pct_issuer_sensitivity_available,,False,,,2026-07-31,airline_fuel_sensitivity_scenarios.issuer_sensitivity_available,derived_join_with_source_lineage,"Fuel scenario metadata retained separately from the numeric impact; mechanical cases exclude hedging, contracts, mix, pass-through and demand response.",2026-08-08T10:43:19.885388+00:00
airline_research_chain,Hainan Airlines Holdings,600221.SH,CN_A,2026-08-06,FY2025,cost,fuel_minus_5pct_profit_impact_usd_mn,148.81301901204137,,USD million,,2026-07-31,airline_fuel_sensitivity_scenarios.pre_tax_profit_impact_usd_mn,derived_join_with_source_lineage,Fuel-price scenario at -5% using mechanical_fuel_cost_proxy; FX observation date 2026-08-06 and EIA observation date 2026-07-31.,2026-08-08T10:43:19.885388+00:00
airline_research_chain,Hainan Airlines Holdings,600221.SH,CN_A,2026-08-06,FY2025,cost,fuel_minus_5pct_scenario_method,,mechanical_fuel_cost_proxy,,,2026-07-31,airline_fuel_sensitivity_scenarios.scenario_method,derived_join_with_source_lineage,"Fuel scenario metadata retained separately from the numeric impact; mechanical cases exclude hedging, contracts, mix, pass-through and demand response.",2026-08-08T10:43:19.885388+00:00
airline_research_chain,Hainan Airlines Holdings,600221.SH,CN_A,2026-08-06,FY2025,cost,fuel_minus_5pct_issuer_sensitivity_available,,False,,,2026-07-31,airline_fuel_sensitivity_scenarios.issuer_sensitivity_available,derived_join_with_source_lineage,"Fuel scenario metadata retained separately from the numeric impact; mechanical cases exclude hedging, contracts, mix, pass-through and demand response.",2026-08-08T10:43:19.885388+00:00
airline_research_chain,Hainan Airlines Holdings,600221.SH,CN_A,2026-08-06,FY2025,cost,fuel_scenario_fx_observation_date,,2026-08-06,,,2026-08-06,airline_fuel_sensitivity_scenarios.fx_observation_date,derived_join_with_source_lineage,Latest ECB FX observation used for the USD scenario translation; not a forward-FX assumption.,2026-08-08T10:43:19.885388+00:00
airline_research_chain,Hainan Airlines Holdings,600221.SH,CN_A,2026-08-06,FY2025,cost,fuel_surcharge_context,,100 CNY (>800 km); 50 CNY (up to 800 km),,,2026-07-05,airline_fuel_sensitivity_scenarios.surcharge_reference,derived_join_with_source_lineage,Official fuel-surcharge schedule context retained from the scenario layer; route/policy-specific and not realized fuel-cost recovery. Source URL: https://english.www.gov.cn/news/202607/03/content_WS6a47b8a4c6d00ca5f9a0c052.html.,2026-08-08T10:43:19.885388+00:00
airline_research_chain,Hainan Airlines Holdings,600221.SH,CN_A,2026-08-06,FY2025,catalyst,news_event_count_in_window,12.0,,articles,,2026-08-07 17:02:00,airline_news_events.published_at,derived_join_with_source_lineage,Public Eastmoney/AkShare news-window metadata for catalyst discovery. Keyword categories and relevance scope are not sentiment or alpha signals.,2026-08-08T10:43:19.885388+00:00
airline_research_chain,Hainan Airlines Holdings,600221.SH,CN_A,2026-08-06,FY2025,catalyst,news_direct_headline_count_in_window,1.0,,articles,,2026-08-07 17:02:00,airline_news_events.relevance_scope,derived_join_with_source_lineage,Public Eastmoney/AkShare news-window metadata for catalyst discovery. Keyword categories and relevance scope are not sentiment or alpha signals.,2026-08-08T10:43:19.885388+00:00
airline_research_chain,Hainan Airlines Holdings,600221.SH,CN_A,2026-08-06,FY2025,catalyst,news_latest_published_at,,2026-08-07 17:02:00,,,2026-08-07 17:02:00,airline_news_events.published_at,derived_join_with_source_lineage,Public Eastmoney/AkShare news-window metadata for catalyst discovery. Keyword categories and relevance scope are not sentiment or alpha signals.,2026-08-08T10:43:19.885388+00:00
airline_research_chain,Hainan Airlines Holdings,600221.SH,CN_A,2026-08-06,FY2025,catalyst,news_latest_title,,A股平均股价14.45元 68股股价不足2元,,,2026-08-07 17:02:00,airline_news_events.news_title,derived_join_with_source_lineage,Public Eastmoney/AkShare news-window metadata for catalyst discovery. Keyword categories and relevance scope are not sentiment or alpha signals.,2026-08-08T10:43:19.885388+00:00
airline_research_chain,Hainan Airlines Holdings,600221.SH,CN_A,2026-08-06,FY2025,catalyst,news_latest_source_url,,http://finance.eastmoney.com/a/202608073835260156.html,,,2026-08-07 17:02:00,airline_news_events.news_url,derived_join_with_source_lineage,Public Eastmoney/AkShare news-window metadata for catalyst discovery. Keyword categories and relevance scope are not sentiment or alpha signals.,2026-08-08T10:43:19.885388+00:00
airline_research_chain,Hainan Airlines Holdings,600221.SH,CN_A,2026-08-06,FY2025,risk,beta_to_benchmark,0.5766221603223475,,multiple,,2026-08-06,airline_market_risk_metrics.beta_to_benchmark,derived_join_with_source_lineage,Derived market-risk row from the free historical risk snapshot. Borrow availability remains explicit.,2026-08-08T10:43:19.885388+00:00
airline_research_chain,Hainan Airlines Holdings,600221.SH,CN_A,2026-08-06,FY2025,risk,annualized_volatility_pct,30.817494233710928,,percentage,,2026-08-06,airline_market_risk_metrics.annualized_volatility_pct,derived_join_with_source_lineage,Derived market-risk row from the free historical risk snapshot. Borrow availability remains explicit.,2026-08-08T10:43:19.885388+00:00
airline_research_chain,Hainan Airlines Holdings,600221.SH,CN_A,2026-08-06,FY2025,risk,max_drawdown_pct,-31.05263372537505,,percentage,,2026-08-06,airline_market_risk_metrics.max_drawdown_pct,derived_join_with_source_lineage,Derived market-risk row from the free historical risk snapshot. Borrow availability remains explicit.,2026-08-08T10:43:19.885388+00:00
airline_research_chain,Hainan Airlines Holdings,600221.SH,CN_A,2026-08-06,FY2025,risk,median_daily_turnover_usd_mn_60d,61.53826695595633,,USD million/day,,2026-08-06,airline_market_risk_metrics.median_daily_turnover_usd_mn_60d,derived_join_with_source_lineage,Derived market-risk row from the free historical risk snapshot. Borrow availability remains explicit.,2026-08-08T10:43:19.885388+00:00
airline_research_chain,Hainan Airlines Holdings,600221.SH,CN_A,2026-08-06,FY2025,risk,borrow_data_available,,False,,,2026-08-06,airline_market_risk_metrics.borrow_data_available,derived_join_with_source_lineage,Derived market-risk row from the free historical risk snapshot. Borrow availability remains explicit.,2026-08-08T10:43:19.885388+00:00
airline_research_chain,Hainan Airlines Holdings,600221.SH,CN_A,2026-08-06,FY2025,risk,short_eligibility_status,,margin_security_observed,,,2026-08-06,airline_short_eligibility.eligibility_status,derived_join_with_source_lineage,"Exchange eligibility evidence only: HKEX designated-list or SSE margin-detail presence. It does not establish locatable borrow, borrow fee, recall risk or execution availability; borrow_data_available remains false.",2026-08-08T10:43:19.885388+00:00
airline_research_chain,Air China,601111.SH,CN_A,2026-08-06,FY2025,supply,ask_yoy_pct,1.7455614804019135,,percentage,,2026-08-06,airline_expectation_bridge.h1_ask_yoy_pct,derived_join_with_source_lineage,Derived chain row from the expectation bridge/readiness gate. Retains source field and as-of date; this layer adds no new estimate.,2026-08-08T10:43:19.885388+00:00
airline_research_chain,Air China,601111.SH,CN_A,2026-08-06,FY2025,supply,latest_report_ask_mn_seat_km,367641.22,,million seat-km,,2026-03-27,airline_expectation_bridge.latest_report_ask_mn_seat_km,derived_join_with_source_lineage,Derived chain row from the expectation bridge/readiness gate. Retains source field and as-of date; this layer adds no new estimate.,2026-08-08T10:43:19.885388+00:00
airline_research_chain,Air China,601111.SH,CN_A,2026-08-06,FY2025,supply,passenger_capacity_lf_change_pp,4.024095250386495,,percentage points,,2026-08-06,airline_expectation_bridge.h1_passenger_lf_change_pp,derived_join_with_source_lineage,Derived chain row from the expectation bridge/readiness gate. Retains source field and as-of date; this layer adds no new estimate.,2026-08-08T10:43:19.885388+00:00
airline_research_chain,Air China,601111.SH,CN_A,2026-08-06,FY2025,demand,rpk_yoy_pct,6.817923367953407,,percentage,,2026-08-06,airline_expectation_bridge.h1_rpk_yoy_pct,derived_join_with_source_lineage,Derived chain row from the expectation bridge/readiness gate. Retains source field and as-of date; this layer adds no new estimate.,2026-08-08T10:43:19.885388+00:00
airline_research_chain,Air China,601111.SH,CN_A,2026-08-06,FY2025,demand,latest_report_rpk_mn_passenger_km,301015.56,,million passenger-km,,2026-03-27,airline_expectation_bridge.latest_report_rpk_mn_passenger_km,derived_join_with_source_lineage,Derived chain row from the expectation bridge/readiness gate. Retains source field and as-of date; this layer adds no new estimate.,2026-08-08T10:43:19.885388+00:00
airline_research_chain,Air China,601111.SH,CN_A,2026-08-06,FY2025,demand,latest_report_passenger_load_factor_pct,81.88,,percentage,,2026-03-27,airline_expectation_bridge.latest_report_passenger_load_factor_pct,derived_join_with_source_lineage,Derived chain row from the expectation bridge/readiness gate. Retains source field and as-of date; this layer adds no new estimate.,2026-08-08T10:43:19.885388+00:00
airline_research_chain,Air China,601111.SH,CN_A,2026-08-06,FY2025,demand,passengers_yoy_pct,-0.8473996364554854,,percentage,,2026-08-06,airline_expectation_bridge.h1_passengers_yoy_pct,derived_join_with_source_lineage,Derived chain row from the expectation bridge/readiness gate. Retains source field and as-of date; this layer adds no new estimate.,2026-08-08T10:43:19.885388+00:00
airline_research_chain,Air China,601111.SH,CN_A,2026-08-06,FY2025,demand,cargo_tonnes_yoy_pct,-0.0117225625739311,,percentage,,2026-08-06,airline_expectation_bridge.h1_cargo_tonnes_yoy_pct,derived_join_with_source_lineage,Derived chain row from the expectation bridge/readiness gate. Retains source field and as-of date; this layer adds no new estimate.,2026-08-08T10:43:19.885388+00:00
airline_research_chain,Air China,601111.SH,CN_A,2026-08-06,FY2025,revenue,latest_report_revenue_native_mn,171484.646,,native million,RMB,2026-03-27,airline_expectation_bridge.latest_report_revenue_native_mn,derived_join_with_source_lineage,Derived chain row from the expectation bridge/readiness gate. Retains source field and as-of date; this layer adds no new estimate.,2026-08-08T10:43:19.885388+00:00
airline_research_chain,Air China,601111.SH,CN_A,2026-08-06,FY2025,revenue,latest_report_passenger_revenue_native_mn,154855.779,,native million,RMB,2026-03-27,airline_expectation_bridge.latest_report_passenger_revenue_native_mn,derived_join_with_source_lineage,Derived chain row from the expectation bridge/readiness gate. Retains source field and as-of date; this layer adds no new estimate.,2026-08-08T10:43:19.885388+00:00
airline_research_chain,Air China,601111.SH,CN_A,2026-08-06,FY2025,revenue,latest_report_passenger_yield_native,0.5144,,native currency/RPK,RMB,2026-03-27,airline_expectation_bridge.latest_report_passenger_yield_native,derived_join_with_source_lineage,Derived chain row from the expectation bridge/readiness gate. Retains source field and as-of date; this layer adds no new estimate.,2026-08-08T10:43:19.885388+00:00
airline_research_chain,Air China,601111.SH,CN_A,2026-08-06,FY2025,revenue,latest_report_rask_native,0.4212144084387491,,native currency/ASK,RMB,2026-03-27,airline_expectation_bridge.latest_report_rask_native,derived_join_with_source_lineage,Derived chain row from the expectation bridge/readiness gate. Retains source field and as-of date; this layer adds no new estimate.,2026-08-08T10:43:19.885388+00:00
airline_research_chain,Air China,601111.SH,CN_A,2026-08-06,FY2025,revenue,fy2026_revenue_consensus_avg_usd_mn,28820.893458157338,,USD million,,2026-08-06,airline_expectation_bridge.fy2026_revenue_avg_usd_mn,derived_join_with_source_lineage,Derived chain row from the expectation bridge/readiness gate. Retains source field and as-of date; this layer adds no new estimate.,2026-08-08T10:43:19.885388+00:00
airline_research_chain,Air China,601111.SH,CN_A,2026-08-06,FY2025,revenue,fy2026_revenue_growth_vs_latest_actual_pct,10.05,,percentage,,2026-08-06,airline_expectation_bridge.fy2026_revenue_growth_pct,derived_join_with_source_lineage,Derived chain row from the expectation bridge/readiness gate. Retains source field and as-of date; this layer adds no new estimate.,2026-08-08T10:43:19.885388+00:00
airline_research_chain,Air China,601111.SH,CN_A,2026-08-06,FY2025,cost,latest_report_operating_cost_native_mn,162647.28,,native million,RMB,2026-03-27,airline_expectation_bridge.latest_report_operating_cost_native_mn,derived_join_with_source_lineage,Derived chain row from the expectation bridge/readiness gate. Retains source field and as-of date; this layer adds no new estimate.,2026-08-08T10:43:19.885388+00:00
airline_research_chain,Air China,601111.SH,CN_A,2026-08-06,FY2025,cost,latest_report_fuel_cost_native_mn,50041.444,,native million,RMB,2026-03-27,airline_expectation_bridge.latest_report_fuel_cost_native_mn,derived_join_with_source_lineage,Derived chain row from the expectation bridge/readiness gate. Retains source field and as-of date; this layer adds no new estimate.,2026-08-08T10:43:19.885388+00:00
airline_research_chain,Air China,601111.SH,CN_A,2026-08-06,FY2025,cost,latest_report_cask_native,0.4424076277409807,,native currency/ASK,RMB,2026-03-27,airline_expectation_bridge.latest_report_cask_native,derived_join_with_source_lineage,Derived chain row from the expectation bridge/readiness gate. Retains source field and as-of date; this layer adds no new estimate.,2026-08-08T10:43:19.885388+00:00
airline_research_chain,Air China,601111.SH,CN_A,2026-08-06,FY2025,cost,fuel_cost_share_pct,30.76684959010689,,percentage,,2026-08-06,airline_expectation_bridge.latest_report_fuel_cost_share_pct,derived_join_with_source_lineage,Derived chain row from the expectation bridge/readiness gate. Retains source field and as-of date; this layer adds no new estimate.,2026-08-08T10:43:19.885388+00:00
airline_research_chain,Air China,601111.SH,CN_A,2026-08-06,FY2025,cost,jet_fuel_spot_usd_per_gallon,3.736,,USD/gallon,,2026-07-31,airline_expectation_bridge.jet_fuel_spot_usd_per_gallon,derived_join_with_source_lineage,Derived chain row from the expectation bridge/readiness gate. Retains source field and as-of date; this layer adds no new estimate.,2026-08-08T10:43:19.885388+00:00
airline_research_chain,Air China,601111.SH,CN_A,2026-08-06,FY2025,cost,brent_spot_usd_per_barrel,91.63,,USD/barrel,,2026-07-31,airline_expectation_bridge.brent_spot_usd_per_barrel,derived_join_with_source_lineage,Derived chain row from the expectation bridge/readiness gate. Retains source field and as-of date; this layer adds no new estimate.,2026-08-08T10:43:19.885388+00:00
airline_research_chain,Air China,601111.SH,CN_A,2026-08-06,FY2025,earnings,latest_report_profit_native_mn,-1770.393,,native million,RMB,2026-03-27,airline_expectation_bridge.latest_report_attributable_profit_native_mn,derived_join_with_source_lineage,Derived chain row from the expectation bridge/readiness gate. Retains source field and as-of date; this layer adds no new estimate.,2026-08-08T10:43:19.885388+00:00
airline_research_chain,Air China,601111.SH,CN_A,2026-08-06,FY2025,risk,latest_report_cash_and_cash_equivalents_native_mn,14295.268,,native million,RMB,2026-03-27,airline_expectation_bridge.latest_report_cash_and_cash_equivalents_native_mn,derived_join_with_source_lineage,Derived chain row from the expectation bridge/readiness gate. Retains source field and as-of date; this layer adds no new estimate.,2026-08-08T10:43:19.885388+00:00
airline_research_chain,Air China,601111.SH,CN_A,2026-08-06,FY2025,risk,latest_report_total_liabilities_native_mn,303815.731,,native million,RMB,2026-03-27,airline_expectation_bridge.latest_report_total_liabilities_native_mn,derived_join_with_source_lineage,Derived chain row from the expectation bridge/readiness gate. Retains source field and as-of date; this layer adds no new estimate.,2026-08-08T10:43:19.885388+00:00
airline_research_chain,Air China,601111.SH,CN_A,2026-08-06,FY2025,risk,latest_report_liabilities_to_assets_pct,88.56381630047434,,percentage,,2026-03-27,airline_expectation_bridge.latest_report_liabilities_to_assets_pct,derived_join_with_source_lineage,Derived chain row from the expectation bridge/readiness gate. Retains source field and as-of date; this layer adds no new estimate.,2026-08-08T10:43:19.885388+00:00
airline_research_chain,Air China,601111.SH,CN_A,2026-08-06,FY2025,risk,latest_report_interest_bearing_debt_native_mn,228320.0,,native million,RMB,2026-03-27,airline_expectation_bridge.latest_report_interest_bearing_debt_native_mn,derived_join_with_source_lineage,Derived chain row from the expectation bridge/readiness gate. Retains source field and as-of date; this layer adds no new estimate.,2026-08-08T10:43:19.885388+00:00
airline_research_chain,Air China,601111.SH,CN_A,2026-08-06,FY2025,risk,latest_report_capex_cash_paid_native_mn,17561.276,,native million,RMB,2026-03-27,airline_expectation_bridge.latest_report_capex_cash_paid_native_mn,derived_join_with_source_lineage,Derived chain row from the expectation bridge/readiness gate. Retains source field and as-of date; this layer adds no new estimate.,2026-08-08T10:43:19.885388+00:00
airline_research_chain,Air China,601111.SH,CN_A,2026-08-06,FY2025,earnings,fy2026_profit_consensus_avg_usd_mn,40.0053916660248,,USD million,,2026-08-06,airline_expectation_bridge.fy2026_net_profit_avg_usd_mn,derived_join_with_source_lineage,Derived chain row from the expectation bridge/readiness gate. Retains source field and as-of date; this layer adds no new estimate.,2026-08-08T10:43:19.885388+00:00
airline_research_chain,Air China,601111.SH,CN_A,2026-08-06,FY2025,earnings,fy2026_consensus_net_margin_pct,0.138806910077598,,percentage,,2026-08-06,airline_expectation_bridge.fy2026_consensus_net_margin_pct,derived_join_with_source_lineage,Derived chain row from the expectation bridge/readiness gate. Retains source field and as-of date; this layer adds no new estimate.,2026-08-08T10:43:19.885388+00:00
airline_research_chain,Air China,601111.SH,CN_A,2026-08-06,FY2025,expectations,market_cap_usd_mn,18612.73072479396,,USD million,,2026-08-06,airline_expectation_bridge.market_cap_usd_mn,derived_join_with_source_lineage,Derived chain row from the expectation bridge/readiness gate. Retains source field and as-of date; this layer adds no new estimate.,2026-08-08T10:43:19.885388+00:00
airline_research_chain,Air China,601111.SH,CN_A,2026-08-06,FY2025,expectations,market_cap_to_consensus_revenue_usd,0.6458068606310294,,multiple,,2026-08-06,airline_expectation_bridge.market_cap_to_consensus_revenue_usd,derived_join_with_source_lineage,Derived chain row from the expectation bridge/readiness gate. Retains source field and as-of date; this layer adds no new estimate.,2026-08-08T10:43:19.885388+00:00
airline_research_chain,Air China,601111.SH,CN_A,2026-08-06,FY2025,expectations,consensus_valuation_quality,,unstable_profit_base,,,2026-08-06,airline_expectation_bridge.consensus_valuation_quality,derived_join_with_source_lineage,Derived chain row from the expectation bridge/readiness gate. Retains source field and as-of date; this layer adds no new estimate.,2026-08-08T10:43:19.885388+00:00
airline_research_chain,Air China,601111.SH,CN_A,2026-08-06,FY2025,expectations,revision_evidence_band,,dated_estimate_revision_proxy,,,2026-08-06,airline_pair_readiness.revision_evidence_band,derived_join_with_source_lineage,Derived chain row from the expectation bridge/readiness gate. Retains source field and as-of date; this layer adds no new estimate.,2026-08-08T10:43:19.885388+00:00
airline_research_chain,Air China,601111.SH,CN_A,2026-08-06,FY2025,expectations,unified_estimate_revision_count,42.0,,events,,2026-08-06,airline_pair_readiness.unified_estimate_revision_count,derived_join_with_source_lineage,Derived chain row from the expectation bridge/readiness gate. Retains source field and as-of date; this layer adds no new estimate.,2026-08-08T10:43:19.885388+00:00
airline_research_chain,Air China,601111.SH,CN_A,2026-08-06,FY2025,expectations,unified_up_revision_count,5.0,,events,,2026-08-06,airline_pair_readiness.unified_up_revision_count,derived_join_with_source_lineage,Derived chain row from the expectation bridge/readiness gate. Retains source field and as-of date; this layer adds no new estimate.,2026-08-08T10:43:19.885388+00:00
airline_research_chain,Air China,601111.SH,CN_A,2026-08-06,FY2025,expectations,unified_down_revision_count,29.0,,events,,2026-08-06,airline_pair_readiness.unified_down_revision_count,derived_join_with_source_lineage,Derived chain row from the expectation bridge/readiness gate. Retains source field and as-of date; this layer adds no new estimate.,2026-08-08T10:43:19.885388+00:00
airline_research_chain,Air China,601111.SH,CN_A,2026-08-06,FY2025,expectations,unified_latest_estimate_revision_date,,2026-05-05,,,2026-05-05,airline_pair_readiness.unified_latest_estimate_revision_date,derived_join_with_source_lineage,Derived chain row from the expectation bridge/readiness gate. Retains source field and as-of date; this layer adds no new estimate.,2026-08-08T10:43:19.885388+00:00
airline_research_chain,Air China,601111.SH,CN_A,2026-08-06,FY2025,expectations,yahoo_eps_revision_up_30d,1.0,,analyst-count signal,,2026-08-06,airline_expectation_bridge.yahoo_eps_revision_up_30d,derived_join_with_source_lineage,Yahoo Finance 30-day EPS revision count from a current vendor snapshot; it is not a dated broker-vintage revision.,2026-08-08T10:43:19.885388+00:00
airline_research_chain,Air China,601111.SH,CN_A,2026-08-06,FY2025,expectations,yahoo_eps_revision_down_30d,1.0,,analyst-count signal,,2026-08-06,airline_expectation_bridge.yahoo_eps_revision_down_30d,derived_join_with_source_lineage,Yahoo Finance 30-day EPS revision count from a current vendor snapshot; it is not a dated broker-vintage revision.,2026-08-08T10:43:19.885388+00:00
airline_research_chain,Air China,601111.SH,CN_A,2026-08-06,FY2025,risk,latest_discovery_debt_to_assets_pct,88.167976,,percentage,,2026-03-31,airline_expectation_bridge.latest_discovery_debt_to_assets_pct,derived_join_with_source_lineage,A-share provider debt-to-assets ratio retained as leverage context with its period_end; the source lacks a complete issuer announcement-date PIT field.,2026-08-08T10:43:19.885388+00:00
airline_research_chain,Air China,601111.SH,CN_A,2026-08-06,FY2025,catalyst,formal_report_status,,scheduled,,,2026-08-06,airline_expectation_bridge.formal_report_status,derived_join_with_source_lineage,Derived chain row from the expectation bridge/readiness gate. Retains source field and as-of date; this layer adds no new estimate.,2026-08-08T10:43:19.885388+00:00
airline_research_chain,Air China,601111.SH,CN_A,2026-08-06,FY2025,catalyst,formal_report_scheduled_date,,2026-08-31,,,2026-08-06,airline_expectation_bridge.formal_report_scheduled_date,derived_join_with_source_lineage,Derived chain row from the expectation bridge/readiness gate. Retains source field and as-of date; this layer adds no new estimate.,2026-08-08T10:43:19.885388+00:00
airline_research_chain,Air China,601111.SH,CN_A,2026-08-06,FY2025,catalyst,latest_event_type,,earnings_warning,,,2026-08-06,airline_expectation_bridge.latest_event_type,derived_join_with_source_lineage,Derived chain row from the expectation bridge/readiness gate. Retains source field and as-of date; this layer adds no new estimate.,2026-08-08T10:43:19.885388+00:00
airline_research_chain,Air China,601111.SH,CN_A,2026-08-06,FY2025,catalyst,latest_event_date,,2026-07-14,,,2026-08-06,airline_expectation_bridge.latest_event_date,derived_join_with_source_lineage,Derived chain row from the expectation bridge/readiness gate. Retains source field and as-of date; this layer adds no new estimate.,2026-08-08T10:43:19.885388+00:00
airline_research_chain,Air China,601111.SH,CN_A,2026-08-06,FY2025,catalyst,latest_event_metric,,net_loss_attributable_to_shareholders,,,2026-07-14,airline_expectation_bridge.latest_event_metric,derived_join_with_source_lineage,Derived chain row from the expectation bridge/readiness gate. Retains source field and as-of date; this layer adds no new estimate.,2026-08-08T10:43:19.885388+00:00
airline_research_chain,Air China,601111.SH,CN_A,2026-08-06,FY2025,catalyst,latest_event_value_min,-2600.0,,native unit,RMB,2026-07-14,airline_expectation_bridge.latest_event_value_min,derived_join_with_source_lineage,Derived chain row from the expectation bridge/readiness gate. Retains source field and as-of date; this layer adds no new estimate.,2026-08-08T10:43:19.885388+00:00
airline_research_chain,Air China,601111.SH,CN_A,2026-08-06,FY2025,catalyst,latest_event_value_max,-2100.0,,native unit,RMB,2026-07-14,airline_expectation_bridge.latest_event_value_max,derived_join_with_source_lineage,Derived chain row from the expectation bridge/readiness gate. Retains source field and as-of date; this layer adds no new estimate.,2026-08-08T10:43:19.885388+00:00
airline_research_chain,Air China,601111.SH,CN_A,2026-08-06,FY2025,catalyst,latest_event_native_unit,,RMB million,,,2026-07-14,airline_expectation_bridge.latest_event_native_unit,derived_join_with_source_lineage,Derived chain row from the expectation bridge/readiness gate. Retains source field and as-of date; this layer adds no new estimate.,2026-08-08T10:43:19.885388+00:00
airline_research_chain,Air China,601111.SH,CN_A,2026-08-06,FY2025,catalyst,latest_event_source_url,,https://static.cninfo.com.cn/finalpage/2026-07-15/1225425228.PDF,,,2026-07-14,airline_expectation_bridge.latest_event_source_url,derived_join_with_source_lineage,Derived chain row from the expectation bridge/readiness gate. Retains source field and as-of date; this layer adds no new estimate.,2026-08-08T10:43:19.885388+00:00
airline_research_chain,Air China,601111.SH,CN_A,2026-08-06,FY2025,demand,latest_report_cargo_load_factor_pct,39.05,,%,,2026-03-27,airline_earnings_driver_comparability.cargo_load_factor_pct,derived_join_with_source_lineage,"Latest comparable issuer-period driver joined from airline_earnings_driver_comparability; statement_period=FY2025, reported_or_derived=issuer_reported. Source page=17.0; this chain row does not add a new estimate.",2026-08-08T10:43:19.885388+00:00
airline_research_chain,Air China,601111.SH,CN_A,2026-08-06,FY2025,revenue,latest_report_cargo_revenue_native_mn,7778.38,,RMB million,RMB,2026-03-27,airline_earnings_driver_comparability.cargo_revenue,derived_join_with_source_lineage,"Latest comparable issuer-period driver joined from airline_earnings_driver_comparability; statement_period=FY2025, reported_or_derived=issuer_reported. Source page=16.0; this chain row does not add a new estimate.",2026-08-08T10:43:19.885388+00:00
airline_research_chain,Air China,601111.SH,CN_A,2026-08-06,FY2025,revenue,latest_report_cargo_yield_native,1.5399,,RMB/RTK,RMB,2026-03-27,airline_earnings_driver_comparability.cargo_yield,derived_join_with_source_lineage,"Latest comparable issuer-period driver joined from airline_earnings_driver_comparability; statement_period=FY2025, reported_or_derived=issuer_reported. Source page=17.0; this chain row does not add a new estimate.",2026-08-08T10:43:19.885388+00:00
airline_research_chain,Air China,601111.SH,CN_A,2026-08-06,FY2025,earnings,latest_report_operating_cash_flow_native_mn,42045.213,,RMB million,RMB,2026-03-27,airline_earnings_driver_comparability.operating_cash_flow,derived_join_with_source_lineage,"Latest comparable issuer-period driver joined from airline_earnings_driver_comparability; statement_period=FY2025, reported_or_derived=issuer_reported. Source page=8.0; this chain row does not add a new estimate.",2026-08-08T10:43:19.885388+00:00
airline_research_chain,Air China,601111.SH,CN_A,2026-08-06,FY2025,cost,latest_report_fuel_cost_per_ask_native,0.1361148894022275,,RMB/ASK,RMB,2026-03-27,airline_earnings_driver_comparability.fuel_cost_per_ask,derived_join_with_source_lineage,"Latest comparable issuer-period driver joined from airline_earnings_driver_comparability; statement_period=FY2025, reported_or_derived=derived. Source page=18.0; this chain row does not add a new estimate.",2026-08-08T10:43:19.885388+00:00
airline_research_chain,Air China,601111.SH,CN_A,2026-08-06,FY2025,cost,latest_report_fuel_sensitivity_5pct_cost_abs_native_mn,2502.0,,RMB million,RMB,2026-03-27,airline_earnings_driver_comparability.fuel_sensitivity_5pct_cost_abs,derived_join_with_source_lineage,"Latest comparable issuer-period driver joined from airline_earnings_driver_comparability; statement_period=FY2025, reported_or_derived=issuer_reported. Source page=29.0; this chain row does not add a new estimate.",2026-08-08T10:43:19.885388+00:00
airline_research_chain,Air China,601111.SH,CN_A,2026-08-06,FY2025,supply,latest_report_fleet_total,964.0,,aircraft,,2026-03-27,airline_earnings_driver_comparability.fleet_total,derived_join_with_source_lineage,"Latest comparable issuer-period driver joined from airline_earnings_driver_comparability; statement_period=FY2025, reported_or_derived=issuer_reported. Source page=17.0; this chain row does not add a new estimate.",2026-08-08T10:43:19.885388+00:00
airline_research_chain,Air China,601111.SH,CN_A,2026-08-06,FY2025,supply,latest_report_daily_utilization,8.89,,hours/day,,2026-03-27,airline_earnings_driver_comparability.daily_utilization,derived_join_with_source_lineage,"Latest comparable issuer-period driver joined from airline_earnings_driver_comparability; statement_period=FY2025, reported_or_derived=issuer_reported. Source page=17.0; this chain row does not add a new estimate.",2026-08-08T10:43:19.885388+00:00
airline_research_chain,Air China,601111.SH,CN_A,2026-08-06,FY2025,demand,rpk_minus_ask_growth_gap_pp,5.0723618875514935,,percentage points,,2026-08-06,airline_expectation_bridge.h1_rpk_yoy_pct - h1_ask_yoy_pct,derived_join_with_source_lineage,"Demand-versus-capacity growth gap: H1 RPK YoY minus H1 ASK YoY. Positive values indicate traffic demand grew faster than capacity; this is a diagnostic, not a fare/yield estimate.",2026-08-08T10:43:19.885388+00:00
airline_research_chain,Air China,601111.SH,CN_A,2026-08-06,FY2025,expectations,public_report_evidence_row_count,63.0,,rows,,2026-08-07,airline_revision_coverage.public_report_evidence_row_count,derived_join_with_source_lineage,10jqka public-report coverage metadata joined into the expectations chain. Counts and up/down markers do not establish a complete prior numeric revision.,2026-08-08T10:43:19.885388+00:00
airline_research_chain,Air China,601111.SH,CN_A,2026-08-06,FY2025,expectations,public_report_dated_row_count,42.0,,rows,,2026-08-07,airline_revision_coverage.public_report_dated_row_count,derived_join_with_source_lineage,10jqka public-report coverage metadata joined into the expectations chain. Counts and up/down markers do not establish a complete prior numeric revision.,2026-08-08T10:43:19.885388+00:00
airline_research_chain,Air China,601111.SH,CN_A,2026-08-06,FY2025,expectations,public_report_eps_up_marker_count,0.0,,markers,,2026-08-07,airline_revision_coverage.public_report_eps_up_marker_count,derived_join_with_source_lineage,10jqka public-report coverage metadata joined into the expectations chain. Counts and up/down markers do not establish a complete prior numeric revision.,2026-08-08T10:43:19.885388+00:00
airline_research_chain,Air China,601111.SH,CN_A,2026-08-06,FY2025,expectations,public_report_eps_down_marker_count,8.0,,markers,,2026-08-07,airline_revision_coverage.public_report_eps_down_marker_count,derived_join_with_source_lineage,10jqka public-report coverage metadata joined into the expectations chain. Counts and up/down markers do not establish a complete prior numeric revision.,2026-08-08T10:43:19.885388+00:00
airline_research_chain,Air China,601111.SH,CN_A,2026-08-06,FY2025,expectations,public_report_net_profit_up_marker_count,0.0,,markers,,2026-08-07,airline_revision_coverage.public_report_net_profit_up_marker_count,derived_join_with_source_lineage,10jqka public-report coverage metadata joined into the expectations chain. Counts and up/down markers do not establish a complete prior numeric revision.,2026-08-08T10:43:19.885388+00:00
airline_research_chain,Air China,601111.SH,CN_A,2026-08-06,FY2025,expectations,public_report_net_profit_down_marker_count,12.0,,markers,,2026-08-07,airline_revision_coverage.public_report_net_profit_down_marker_count,derived_join_with_source_lineage,10jqka public-report coverage metadata joined into the expectations chain. Counts and up/down markers do not establish a complete prior numeric revision.,2026-08-08T10:43:19.885388+00:00
airline_research_chain,Air China,601111.SH,CN_A,2026-08-06,FY2025,earnings,h1_warning_profit_low_native_mn,-2600.0,,RMB million,CNY,2026-07-14,airline_event_timeline.value_min/value_max,derived_join_with_source_lineage,"Mechanical expectations bridge: FY2026 A-share consensus minus the issuer's H1 preliminary profit range. The implied H2 amount is not a forecast and excludes seasonality, later estimate revisions, tax/one-offs and accounting changes; warning date=2026-07-14, consensus as-of=2026-08-07.",2026-08-08T10:43:19.885388+00:00
airline_research_chain,Air China,601111.SH,CN_A,2026-08-06,FY2025,earnings,h1_warning_profit_high_native_mn,-2100.0,,RMB million,CNY,2026-07-14,airline_event_timeline.value_min/value_max,derived_join_with_source_lineage,"Mechanical expectations bridge: FY2026 A-share consensus minus the issuer's H1 preliminary profit range. The implied H2 amount is not a forecast and excludes seasonality, later estimate revisions, tax/one-offs and accounting changes; warning date=2026-07-14, consensus as-of=2026-08-07.",2026-08-08T10:43:19.885388+00:00
airline_research_chain,Air China,601111.SH,CN_A,2026-08-06,FY2025,earnings,h1_warning_profit_mid_native_mn,-2350.0,,RMB million,CNY,2026-07-14,airline_event_timeline.value_min/value_max,derived_join_with_source_lineage,"Mechanical expectations bridge: FY2026 A-share consensus minus the issuer's H1 preliminary profit range. The implied H2 amount is not a forecast and excludes seasonality, later estimate revisions, tax/one-offs and accounting changes; warning date=2026-07-14, consensus as-of=2026-08-07.",2026-08-08T10:43:19.885388+00:00
airline_research_chain,Air China,601111.SH,CN_A,2026-08-06,FY2025,expectations,fy2026_profit_consensus_avg_native_mn,270.0,,RMB million,CNY,2026-08-07,airline_expectation_bridge.fy2026_net_profit_avg_native_mn,derived_join_with_source_lineage,"Mechanical expectations bridge: FY2026 A-share consensus minus the issuer's H1 preliminary profit range. The implied H2 amount is not a forecast and excludes seasonality, later estimate revisions, tax/one-offs and accounting changes; warning date=2026-07-14, consensus as-of=2026-08-07.",2026-08-08T10:43:19.885388+00:00
airline_research_chain,Air China,601111.SH,CN_A,2026-08-06,FY2025,expectations,implied_h2_profit_at_h1_warning_low_native_mn,2870.0,,RMB million,CNY,2026-08-07,airline_expectation_bridge.fy2026_net_profit_avg_native_mn,derived_join_with_source_lineage,"Mechanical expectations bridge: FY2026 A-share consensus minus the issuer's H1 preliminary profit range. The implied H2 amount is not a forecast and excludes seasonality, later estimate revisions, tax/one-offs and accounting changes; warning date=2026-07-14, consensus as-of=2026-08-07.",2026-08-08T10:43:19.885388+00:00
airline_research_chain,Air China,601111.SH,CN_A,2026-08-06,FY2025,expectations,implied_h2_profit_at_h1_warning_high_native_mn,2370.0,,RMB million,CNY,2026-08-07,airline_expectation_bridge.fy2026_net_profit_avg_native_mn,derived_join_with_source_lineage,"Mechanical expectations bridge: FY2026 A-share consensus minus the issuer's H1 preliminary profit range. The implied H2 amount is not a forecast and excludes seasonality, later estimate revisions, tax/one-offs and accounting changes; warning date=2026-07-14, consensus as-of=2026-08-07.",2026-08-08T10:43:19.885388+00:00
airline_research_chain,Air China,601111.SH,CN_A,2026-08-06,FY2025,expectations,implied_h2_profit_at_h1_warning_mid_native_mn,2620.0,,RMB million,CNY,2026-08-07,airline_expectation_bridge.fy2026_net_profit_avg_native_mn,derived_join_with_source_lineage,"Mechanical expectations bridge: FY2026 A-share consensus minus the issuer's H1 preliminary profit range. The implied H2 amount is not a forecast and excludes seasonality, later estimate revisions, tax/one-offs and accounting changes; warning date=2026-07-14, consensus as-of=2026-08-07.",2026-08-08T10:43:19.885388+00:00
airline_research_chain,Air China,601111.SH,CN_A,2026-08-06,FY2025,expectations,historical_2h2025_profit_native_mn,35.27999999999997,,RMB million,CNY,2026-03-27,airline_earnings_driver_comparability.attributable_profit,derived_join_with_source_lineage,"Historical 2H2025 profit is derived as FY2025 attributable profit minus 1H2025 attributable profit from issuer-report driver rows. The difference against warning-implied 2H consensus is a recovery-base diagnostic, not a forecast.",2026-08-08T10:43:19.885388+00:00
airline_research_chain,Air China,601111.SH,CN_A,2026-08-06,FY2025,expectations,implied_h2_mid_minus_historical_2h2025_native_mn,2584.7200000000003,,RMB million,CNY,2026-08-07,airline_expectation_bridge.implied_h2_profit_at_h1_warning_mid_native_mn,derived_join_with_source_lineage,"Historical 2H2025 profit is derived as FY2025 attributable profit minus 1H2025 attributable profit from issuer-report driver rows. The difference against warning-implied 2H consensus is a recovery-base diagnostic, not a forecast.",2026-08-08T10:43:19.885388+00:00
airline_research_chain,Air China,601111.SH,CN_A,2026-08-06,FY2025,expectations,hk_profit_consensus_usd_mn,-331.29259838990095,,USD million,,2026-08-07,airline_consensus_dispersion_all.hk_profit_avg_usd_mn,derived_join_with_source_lineage,"A/H FY2026 profit-consensus alignment joined into the research chain. The two market estimates can differ by provider coverage, share class and vintage; sign disagreement or warning alignment is a review flag, not a directional signal.",2026-08-08T10:43:19.885388+00:00
airline_research_chain,Air China,601111.SH,CN_A,2026-08-06,FY2025,expectations,a_profit_consensus_usd_mn,0.4001400416270524,,USD million,,2026-08-07,airline_consensus_dispersion_all.a_profit_avg_usd_mn,derived_join_with_source_lineage,"A/H FY2026 profit-consensus alignment joined into the research chain. The two market estimates can differ by provider coverage, share class and vintage; sign disagreement or warning alignment is a review flag, not a directional signal.",2026-08-08T10:43:19.885388+00:00
airline_research_chain,Air China,601111.SH,CN_A,2026-08-06,FY2025,expectations,profit_gap_a_minus_hk_usd_mn,371.29799005592577,,USD million,,2026-08-06,airline_consensus_dispersion.profit_gap_a_minus_hk_usd_mn,derived_join_with_source_lineage,"A/H FY2026 profit-consensus alignment joined into the research chain. The two market estimates can differ by provider coverage, share class and vintage; sign disagreement or warning alignment is a review flag, not a directional signal.",2026-08-08T10:43:19.885388+00:00
airline_research_chain,Air China,601111.SH,CN_A,2026-08-06,FY2025,expectations,profit_sign_disagreement_hk_vs_a,,True,,,2026-08-07,airline_consensus_dispersion_all.profit_sign_disagreement_hk_vs_a,derived_join_with_source_lineage,"A/H FY2026 profit-consensus alignment joined into the research chain. The two market estimates can differ by provider coverage, share class and vintage; sign disagreement or warning alignment is a review flag, not a directional signal.",2026-08-08T10:43:19.885388+00:00
airline_research_chain,Air China,601111.SH,CN_A,2026-08-06,FY2025,expectations,hk_profit_range_crosses_zero,,True,,,2026-08-07,airline_consensus_dispersion_all.hk_profit_range_crosses_zero,derived_join_with_source_lineage,"A/H FY2026 profit-consensus alignment joined into the research chain. The two market estimates can differ by provider coverage, share class and vintage; sign disagreement or warning alignment is a review flag, not a directional signal.",2026-08-08T10:43:19.885388+00:00
airline_research_chain,Air China,601111.SH,CN_A,2026-08-06,FY2025,expectations,a_profit_range_crosses_zero,,True,,,2026-08-07,airline_consensus_dispersion_all.a_profit_range_crosses_zero,derived_join_with_source_lineage,"A/H FY2026 profit-consensus alignment joined into the research chain. The two market estimates can differ by provider coverage, share class and vintage; sign disagreement or warning alignment is a review flag, not a directional signal.",2026-08-08T10:43:19.885388+00:00
airline_research_chain,Air China,601111.SH,CN_A,2026-08-06,FY2025,expectations,hk_profit_latest_observation_date,,2026-07-06,,,2026-07-06,airline_consensus_dispersion.hk_profit_latest_observation_date,derived_join_with_source_lineage,"A/H FY2026 profit-consensus alignment joined into the research chain. The two market estimates can differ by provider coverage, share class and vintage; sign disagreement or warning alignment is a review flag, not a directional signal.",2026-08-08T10:43:19.885388+00:00
airline_research_chain,Air China,601111.SH,CN_A,2026-08-06,FY2025,expectations,a_profit_latest_observation_date,,2026-07-21,,,2026-07-21,airline_consensus_dispersion.a_profit_latest_observation_date,derived_join_with_source_lineage,"A/H FY2026 profit-consensus alignment joined into the research chain. The two market estimates can differ by provider coverage, share class and vintage; sign disagreement or warning alignment is a review flag, not a directional signal.",2026-08-08T10:43:19.885388+00:00
airline_research_chain,Air China,601111.SH,CN_A,2026-08-06,FY2025,expectations,latest_h1_warning_date,,2026-07-14,,,2026-07-14,airline_consensus_dispersion.latest_h1_warning_date,derived_join_with_source_lineage,"A/H FY2026 profit-consensus alignment joined into the research chain. The two market estimates can differ by provider coverage, share class and vintage; sign disagreement or warning alignment is a review flag, not a directional signal.",2026-08-08T10:43:19.885388+00:00
airline_research_chain,Air China,601111.SH,CN_A,2026-08-06,FY2025,expectations,hk_profit_forecast_pre_warning,,True,,,2026-08-06,airline_consensus_dispersion.hk_profit_forecast_pre_warning,derived_join_with_source_lineage,"A/H FY2026 profit-consensus alignment joined into the research chain. The two market estimates can differ by provider coverage, share class and vintage; sign disagreement or warning alignment is a review flag, not a directional signal.",2026-08-08T10:43:19.885388+00:00
airline_research_chain,Air China,601111.SH,CN_A,2026-08-06,FY2025,expectations,a_profit_forecast_pre_warning,,False,,,2026-08-06,airline_consensus_dispersion.a_profit_forecast_pre_warning,derived_join_with_source_lineage,"A/H FY2026 profit-consensus alignment joined into the research chain. The two market estimates can differ by provider coverage, share class and vintage; sign disagreement or warning alignment is a review flag, not a directional signal.",2026-08-08T10:43:19.885388+00:00
airline_research_chain,Air China,601111.SH,CN_A,2026-08-06,FY2025,expectations,forecast_warning_alignment,,hk_pre_warning_a_post_warning,,,2026-08-06,airline_consensus_dispersion.forecast_warning_alignment,derived_join_with_source_lineage,"A/H FY2026 profit-consensus alignment joined into the research chain. The two market estimates can differ by provider coverage, share class and vintage; sign disagreement or warning alignment is a review flag, not a directional signal.",2026-08-08T10:43:19.885388+00:00
airline_research_chain,Air China,601111.SH,CN_A,2026-08-06,FY2025,expectations,public_report_latest_date,,2026-07-21,,,2026-07-21,airline_revision_coverage.public_report_latest_date,derived_join_with_source_lineage,Public-report date/scope metadata retained separately from numeric estimates; revenue evidence remains page-snapshot-only.,2026-08-08T10:43:19.885388+00:00
airline_research_chain,Air China,601111.SH,CN_A,2026-08-06,FY2025,expectations,public_report_evidence_scope,,dated_eps_profit_plus_page_snapshot_revenue,,,2026-08-07,airline_revision_coverage.public_report_evidence_scope,derived_join_with_source_lineage,Public-report date/scope metadata retained separately from numeric estimates; revenue evidence remains page-snapshot-only.,2026-08-08T10:43:19.885388+00:00
airline_research_chain,Air China,601111.SH,CN_A,2026-08-06,FY2025,cost,fuel_plus_5pct_profit_impact_usd_mn,-370.71662943849645,,USD million,,2026-07-31,airline_fuel_sensitivity_scenarios.pre_tax_profit_impact_usd_mn,derived_join_with_source_lineage,Fuel-price scenario at 5% using issuer_reported_5pct_sensitivity; FX observation date 2026-08-06 and EIA observation date 2026-07-31.,2026-08-08T10:43:19.885388+00:00
airline_research_chain,Air China,601111.SH,CN_A,2026-08-06,FY2025,cost,fuel_plus_5pct_scenario_method,,issuer_reported_5pct_sensitivity,,,2026-07-31,airline_fuel_sensitivity_scenarios.scenario_method,derived_join_with_source_lineage,"Fuel scenario metadata retained separately from the numeric impact; mechanical cases exclude hedging, contracts, mix, pass-through and demand response.",2026-08-08T10:43:19.885388+00:00
airline_research_chain,Air China,601111.SH,CN_A,2026-08-06,FY2025,cost,fuel_plus_5pct_issuer_sensitivity_available,,True,,,2026-07-31,airline_fuel_sensitivity_scenarios.issuer_sensitivity_available,derived_join_with_source_lineage,"Fuel scenario metadata retained separately from the numeric impact; mechanical cases exclude hedging, contracts, mix, pass-through and demand response.",2026-08-08T10:43:19.885388+00:00
airline_research_chain,Air China,601111.SH,CN_A,2026-08-06,FY2025,cost,fuel_minus_5pct_profit_impact_usd_mn,370.71662943849645,,USD million,,2026-07-31,airline_fuel_sensitivity_scenarios.pre_tax_profit_impact_usd_mn,derived_join_with_source_lineage,Fuel-price scenario at -5% using issuer_reported_5pct_sensitivity; FX observation date 2026-08-06 and EIA observation date 2026-07-31.,2026-08-08T10:43:19.885388+00:00
airline_research_chain,Air China,601111.SH,CN_A,2026-08-06,FY2025,cost,fuel_minus_5pct_scenario_method,,issuer_reported_5pct_sensitivity,,,2026-07-31,airline_fuel_sensitivity_scenarios.scenario_method,derived_join_with_source_lineage,"Fuel scenario metadata retained separately from the numeric impact; mechanical cases exclude hedging, contracts, mix, pass-through and demand response.",2026-08-08T10:43:19.885388+00:00
airline_research_chain,Air China,601111.SH,CN_A,2026-08-06,FY2025,cost,fuel_minus_5pct_issuer_sensitivity_available,,True,,,2026-07-31,airline_fuel_sensitivity_scenarios.issuer_sensitivity_available,derived_join_with_source_lineage,"Fuel scenario metadata retained separately from the numeric impact; mechanical cases exclude hedging, contracts, mix, pass-through and demand response.",2026-08-08T10:43:19.885388+00:00
airline_research_chain,Air China,601111.SH,CN_A,2026-08-06,FY2025,cost,fuel_scenario_fx_observation_date,,2026-08-06,,,2026-08-06,airline_fuel_sensitivity_scenarios.fx_observation_date,derived_join_with_source_lineage,Latest ECB FX observation used for the USD scenario translation; not a forward-FX assumption.,2026-08-08T10:43:19.885388+00:00
airline_research_chain,Air China,601111.SH,CN_A,2026-08-06,FY2025,cost,fuel_surcharge_context,,100 CNY (>800 km); 50 CNY (up to 800 km),,,2026-07-05,airline_fuel_sensitivity_scenarios.surcharge_reference,derived_join_with_source_lineage,Official fuel-surcharge schedule context retained from the scenario layer; route/policy-specific and not realized fuel-cost recovery. Source URL: https://english.www.gov.cn/news/202607/03/content_WS6a47b8a4c6d00ca5f9a0c052.html.,2026-08-08T10:43:19.885388+00:00
airline_research_chain,Air China,601111.SH,CN_A,2026-08-06,FY2025,catalyst,news_event_count_in_window,12.0,,articles,,2026-08-07 17:02:00,airline_news_events.published_at,derived_join_with_source_lineage,Public Eastmoney/AkShare news-window metadata for catalyst discovery. Keyword categories and relevance scope are not sentiment or alpha signals.,2026-08-08T10:43:19.885388+00:00
airline_research_chain,Air China,601111.SH,CN_A,2026-08-06,FY2025,catalyst,news_direct_headline_count_in_window,5.0,,articles,,2026-08-07 17:02:00,airline_news_events.relevance_scope,derived_join_with_source_lineage,Public Eastmoney/AkShare news-window metadata for catalyst discovery. Keyword categories and relevance scope are not sentiment or alpha signals.,2026-08-08T10:43:19.885388+00:00
airline_research_chain,Air China,601111.SH,CN_A,2026-08-06,FY2025,catalyst,news_latest_published_at,,2026-08-07 17:02:00,,,2026-08-07 17:02:00,airline_news_events.published_at,derived_join_with_source_lineage,Public Eastmoney/AkShare news-window metadata for catalyst discovery. Keyword categories and relevance scope are not sentiment or alpha signals.,2026-08-08T10:43:19.885388+00:00
airline_research_chain,Air China,601111.SH,CN_A,2026-08-06,FY2025,catalyst,news_latest_title,,3.38亿元主力资金今日撤离交通运输板块,,,2026-08-07 17:02:00,airline_news_events.news_title,derived_join_with_source_lineage,Public Eastmoney/AkShare news-window metadata for catalyst discovery. Keyword categories and relevance scope are not sentiment or alpha signals.,2026-08-08T10:43:19.885388+00:00
airline_research_chain,Air China,601111.SH,CN_A,2026-08-06,FY2025,catalyst,news_latest_source_url,,http://finance.eastmoney.com/a/202608073835259577.html,,,2026-08-07 17:02:00,airline_news_events.news_url,derived_join_with_source_lineage,Public Eastmoney/AkShare news-window metadata for catalyst discovery. Keyword categories and relevance scope are not sentiment or alpha signals.,2026-08-08T10:43:19.885388+00:00
airline_research_chain,Air China,601111.SH,CN_A,2026-08-06,FY2025,risk,beta_to_benchmark,1.0342278039906252,,multiple,,2026-08-06,airline_market_risk_metrics.beta_to_benchmark,derived_join_with_source_lineage,Derived market-risk row from the free historical risk snapshot. Borrow availability remains explicit.,2026-08-08T10:43:19.885388+00:00
airline_research_chain,Air China,601111.SH,CN_A,2026-08-06,FY2025,risk,annualized_volatility_pct,43.61415425962501,,percentage,,2026-08-06,airline_market_risk_metrics.annualized_volatility_pct,derived_join_with_source_lineage,Derived market-risk row from the free historical risk snapshot. Borrow availability remains explicit.,2026-08-08T10:43:19.885388+00:00
airline_research_chain,Air China,601111.SH,CN_A,2026-08-06,FY2025,risk,max_drawdown_pct,-47.757254907585434,,percentage,,2026-08-06,airline_market_risk_metrics.max_drawdown_pct,derived_join_with_source_lineage,Derived market-risk row from the free historical risk snapshot. Borrow availability remains explicit.,2026-08-08T10:43:19.885388+00:00
airline_research_chain,Air China,601111.SH,CN_A,2026-08-06,FY2025,risk,median_daily_turnover_usd_mn_60d,12.387988912287112,,USD million/day,,2026-08-06,airline_market_risk_metrics.median_daily_turnover_usd_mn_60d,derived_join_with_source_lineage,Derived market-risk row from the free historical risk snapshot. Borrow availability remains explicit.,2026-08-08T10:43:19.885388+00:00
airline_research_chain,Air China,601111.SH,CN_A,2026-08-06,FY2025,risk,borrow_data_available,,False,,,2026-08-06,airline_market_risk_metrics.borrow_data_available,derived_join_with_source_lineage,Derived market-risk row from the free historical risk snapshot. Borrow availability remains explicit.,2026-08-08T10:43:19.885388+00:00
airline_research_chain,Air China,601111.SH,CN_A,2026-08-06,FY2025,risk,short_eligibility_status,,margin_security_observed,,,2026-08-06,airline_short_eligibility.eligibility_status,derived_join_with_source_lineage,"Exchange eligibility evidence only: HKEX designated-list or SSE margin-detail presence. It does not establish locatable borrow, borrow fee, recall risk or execution availability; borrow_data_available remains false.",2026-08-08T10:43:19.885388+00:00
airline_research_chain,China Southern Airlines,600029.SH,CN_A,2026-08-06,FY2025,supply,ask_yoy_pct,4.145062078385916,,percentage,,2026-08-06,airline_expectation_bridge.h1_ask_yoy_pct,derived_join_with_source_lineage,Derived chain row from the expectation bridge/readiness gate. Retains source field and as-of date; this layer adds no new estimate.,2026-08-08T10:43:19.885388+00:00
airline_research_chain,China Southern Airlines,600029.SH,CN_A,2026-08-06,FY2025,supply,latest_report_ask_mn_seat_km,386429.36,,million seat-km,,2026-03-31,airline_expectation_bridge.latest_report_ask_mn_seat_km,derived_join_with_source_lineage,Derived chain row from the expectation bridge/readiness gate. Retains source field and as-of date; this layer adds no new estimate.,2026-08-08T10:43:19.885388+00:00
airline_research_chain,China Southern Airlines,600029.SH,CN_A,2026-08-06,FY2025,supply,passenger_capacity_lf_change_pp,-0.627668644480849,,percentage points,,2026-08-06,airline_expectation_bridge.h1_passenger_lf_change_pp,derived_join_with_source_lineage,Derived chain row from the expectation bridge/readiness gate. Retains source field and as-of date; this layer adds no new estimate.,2026-08-08T10:43:19.885388+00:00
airline_research_chain,China Southern Airlines,600029.SH,CN_A,2026-08-06,FY2025,demand,rpk_yoy_pct,3.380276679896935,,percentage,,2026-08-06,airline_expectation_bridge.h1_rpk_yoy_pct,derived_join_with_source_lineage,Derived chain row from the expectation bridge/readiness gate. Retains source field and as-of date; this layer adds no new estimate.,2026-08-08T10:43:19.885388+00:00
airline_research_chain,China Southern Airlines,600029.SH,CN_A,2026-08-06,FY2025,demand,latest_report_rpk_mn_passenger_km,331305.73,,million passenger-km,,2026-03-31,airline_expectation_bridge.latest_report_rpk_mn_passenger_km,derived_join_with_source_lineage,Derived chain row from the expectation bridge/readiness gate. Retains source field and as-of date; this layer adds no new estimate.,2026-08-08T10:43:19.885388+00:00
airline_research_chain,China Southern Airlines,600029.SH,CN_A,2026-08-06,FY2025,demand,latest_report_passenger_load_factor_pct,85.74,,percentage,,2026-03-31,airline_expectation_bridge.latest_report_passenger_load_factor_pct,derived_join_with_source_lineage,Derived chain row from the expectation bridge/readiness gate. Retains source field and as-of date; this layer adds no new estimate.,2026-08-08T10:43:19.885388+00:00
airline_research_chain,China Southern Airlines,600029.SH,CN_A,2026-08-06,FY2025,demand,passengers_yoy_pct,-0.1357952022470708,,percentage,,2026-08-06,airline_expectation_bridge.h1_passengers_yoy_pct,derived_join_with_source_lineage,Derived chain row from the expectation bridge/readiness gate. Retains source field and as-of date; this layer adds no new estimate.,2026-08-08T10:43:19.885388+00:00
airline_research_chain,China Southern Airlines,600029.SH,CN_A,2026-08-06,FY2025,demand,cargo_tonnes_yoy_pct,0.3062363762028816,,percentage,,2026-08-06,airline_expectation_bridge.h1_cargo_tonnes_yoy_pct,derived_join_with_source_lineage,Derived chain row from the expectation bridge/readiness gate. Retains source field and as-of date; this layer adds no new estimate.,2026-08-08T10:43:19.885388+00:00
airline_research_chain,China Southern Airlines,600029.SH,CN_A,2026-08-06,FY2025,revenue,latest_report_revenue_native_mn,182256.0,,native million,RMB,2026-03-31,airline_expectation_bridge.latest_report_revenue_native_mn,derived_join_with_source_lineage,Derived chain row from the expectation bridge/readiness gate. Retains source field and as-of date; this layer adds no new estimate.,2026-08-08T10:43:19.885388+00:00
airline_research_chain,China Southern Airlines,600029.SH,CN_A,2026-08-06,FY2025,revenue,latest_report_passenger_revenue_native_mn,156688.0,,native million,RMB,2026-03-31,airline_expectation_bridge.latest_report_passenger_revenue_native_mn,derived_join_with_source_lineage,Derived chain row from the expectation bridge/readiness gate. Retains source field and as-of date; this layer adds no new estimate.,2026-08-08T10:43:19.885388+00:00
airline_research_chain,China Southern Airlines,600029.SH,CN_A,2026-08-06,FY2025,revenue,latest_report_passenger_yield_native,0.46,,native currency/RPK,RMB,2026-03-31,airline_expectation_bridge.latest_report_passenger_yield_native,derived_join_with_source_lineage,Derived chain row from the expectation bridge/readiness gate. Retains source field and as-of date; this layer adds no new estimate.,2026-08-08T10:43:19.885388+00:00
airline_research_chain,China Southern Airlines,600029.SH,CN_A,2026-08-06,FY2025,revenue,latest_report_rask_native,0.4054764368835742,,native currency/ASK,RMB,2026-03-31,airline_expectation_bridge.latest_report_rask_native,derived_join_with_source_lineage,Derived chain row from the expectation bridge/readiness gate. Retains source field and as-of date; this layer adds no new estimate.,2026-08-08T10:43:19.885388+00:00
airline_research_chain,China Southern Airlines,600029.SH,CN_A,2026-08-06,FY2025,revenue,fy2026_revenue_consensus_avg_usd_mn,29414.91247320676,,USD million,,2026-08-06,airline_expectation_bridge.fy2026_revenue_avg_usd_mn,derived_join_with_source_lineage,Derived chain row from the expectation bridge/readiness gate. Retains source field and as-of date; this layer adds no new estimate.,2026-08-08T10:43:19.885388+00:00
airline_research_chain,China Southern Airlines,600029.SH,CN_A,2026-08-06,FY2025,revenue,fy2026_revenue_growth_vs_latest_actual_pct,8.930001,,percentage,,2026-08-06,airline_expectation_bridge.fy2026_revenue_growth_pct,derived_join_with_source_lineage,Derived chain row from the expectation bridge/readiness gate. Retains source field and as-of date; this layer adds no new estimate.,2026-08-08T10:43:19.885388+00:00
airline_research_chain,China Southern Airlines,600029.SH,CN_A,2026-08-06,FY2025,cost,latest_report_operating_cost_native_mn,163780.0,,native million,RMB,2026-03-31,airline_expectation_bridge.latest_report_operating_cost_native_mn,derived_join_with_source_lineage,Derived chain row from the expectation bridge/readiness gate. Retains source field and as-of date; this layer adds no new estimate.,2026-08-08T10:43:19.885388+00:00
airline_research_chain,China Southern Airlines,600029.SH,CN_A,2026-08-06,FY2025,cost,latest_report_fuel_cost_native_mn,52526.0,,native million,RMB,2026-03-31,airline_expectation_bridge.latest_report_fuel_cost_native_mn,derived_join_with_source_lineage,Derived chain row from the expectation bridge/readiness gate. Retains source field and as-of date; this layer adds no new estimate.,2026-08-08T10:43:19.885388+00:00
airline_research_chain,China Southern Airlines,600029.SH,CN_A,2026-08-06,FY2025,cost,latest_report_cask_native,0.423829079653782,,native currency/ASK,RMB,2026-03-31,airline_expectation_bridge.latest_report_cask_native,derived_join_with_source_lineage,Derived chain row from the expectation bridge/readiness gate. Retains source field and as-of date; this layer adds no new estimate.,2026-08-08T10:43:19.885388+00:00
airline_research_chain,China Southern Airlines,600029.SH,CN_A,2026-08-06,FY2025,cost,fuel_cost_share_pct,32.0710709488338,,percentage,,2026-08-06,airline_expectation_bridge.latest_report_fuel_cost_share_pct,derived_join_with_source_lineage,Derived chain row from the expectation bridge/readiness gate. Retains source field and as-of date; this layer adds no new estimate.,2026-08-08T10:43:19.885388+00:00
airline_research_chain,China Southern Airlines,600029.SH,CN_A,2026-08-06,FY2025,cost,jet_fuel_spot_usd_per_gallon,3.736,,USD/gallon,,2026-07-31,airline_expectation_bridge.jet_fuel_spot_usd_per_gallon,derived_join_with_source_lineage,Derived chain row from the expectation bridge/readiness gate. Retains source field and as-of date; this layer adds no new estimate.,2026-08-08T10:43:19.885388+00:00
airline_research_chain,China Southern Airlines,600029.SH,CN_A,2026-08-06,FY2025,cost,brent_spot_usd_per_barrel,91.63,,USD/barrel,,2026-07-31,airline_expectation_bridge.brent_spot_usd_per_barrel,derived_join_with_source_lineage,Derived chain row from the expectation bridge/readiness gate. Retains source field and as-of date; this layer adds no new estimate.,2026-08-08T10:43:19.885388+00:00
airline_research_chain,China Southern Airlines,600029.SH,CN_A,2026-08-06,FY2025,earnings,latest_report_profit_native_mn,857.0,,native million,RMB,2026-03-31,airline_expectation_bridge.latest_report_attributable_profit_native_mn,derived_join_with_source_lineage,Derived chain row from the expectation bridge/readiness gate. Retains source field and as-of date; this layer adds no new estimate.,2026-08-08T10:43:19.885388+00:00
airline_research_chain,China Southern Airlines,600029.SH,CN_A,2026-08-06,FY2025,risk,latest_report_cash_and_cash_equivalents_native_mn,9402.0,,native million,RMB,2026-03-31,airline_expectation_bridge.latest_report_cash_and_cash_equivalents_native_mn,derived_join_with_source_lineage,Derived chain row from the expectation bridge/readiness gate. Retains source field and as-of date; this layer adds no new estimate.,2026-08-08T10:43:19.885388+00:00
airline_research_chain,China Southern Airlines,600029.SH,CN_A,2026-08-06,FY2025,risk,latest_report_total_liabilities_native_mn,294803.0,,native million,RMB,2026-03-31,airline_expectation_bridge.latest_report_total_liabilities_native_mn,derived_join_with_source_lineage,Derived chain row from the expectation bridge/readiness gate. Retains source field and as-of date; this layer adds no new estimate.,2026-08-08T10:43:19.885388+00:00
airline_research_chain,China Southern Airlines,600029.SH,CN_A,2026-08-06,FY2025,risk,latest_report_liabilities_to_assets_pct,84.27421429674055,,percentage,,2026-03-31,airline_expectation_bridge.latest_report_liabilities_to_assets_pct,derived_join_with_source_lineage,Derived chain row from the expectation bridge/readiness gate. Retains source field and as-of date; this layer adds no new estimate.,2026-08-08T10:43:19.885388+00:00
airline_research_chain,China Southern Airlines,600029.SH,CN_A,2026-08-06,FY2025,risk,latest_report_capex_cash_paid_native_mn,17767.0,,native million,RMB,2026-03-31,airline_expectation_bridge.latest_report_capex_cash_paid_native_mn,derived_join_with_source_lineage,Derived chain row from the expectation bridge/readiness gate. Retains source field and as-of date; this layer adds no new estimate.,2026-08-08T10:43:19.885388+00:00
airline_research_chain,China Southern Airlines,600029.SH,CN_A,2026-08-06,FY2025,earnings,fy2026_profit_consensus_avg_usd_mn,104.75485891807236,,USD million,,2026-08-06,airline_expectation_bridge.fy2026_net_profit_avg_usd_mn,derived_join_with_source_lineage,Derived chain row from the expectation bridge/readiness gate. Retains source field and as-of date; this layer adds no new estimate.,2026-08-08T10:43:19.885388+00:00
airline_research_chain,China Southern Airlines,600029.SH,CN_A,2026-08-06,FY2025,earnings,fy2026_consensus_net_margin_pct,0.3561284060032159,,percentage,,2026-08-06,airline_expectation_bridge.fy2026_consensus_net_margin_pct,derived_join_with_source_lineage,Derived chain row from the expectation bridge/readiness gate. Retains source field and as-of date; this layer adds no new estimate.,2026-08-08T10:43:19.885388+00:00
airline_research_chain,China Southern Airlines,600029.SH,CN_A,2026-08-06,FY2025,expectations,market_cap_usd_mn,13908.096664869445,,USD million,,2026-08-06,airline_expectation_bridge.market_cap_usd_mn,derived_join_with_source_lineage,Derived chain row from the expectation bridge/readiness gate. Retains source field and as-of date; this layer adds no new estimate.,2026-08-08T10:43:19.885388+00:00
airline_research_chain,China Southern Airlines,600029.SH,CN_A,2026-08-06,FY2025,expectations,market_cap_to_consensus_revenue_usd,0.4728246829745949,,multiple,,2026-08-06,airline_expectation_bridge.market_cap_to_consensus_revenue_usd,derived_join_with_source_lineage,Derived chain row from the expectation bridge/readiness gate. Retains source field and as-of date; this layer adds no new estimate.,2026-08-08T10:43:19.885388+00:00
airline_research_chain,China Southern Airlines,600029.SH,CN_A,2026-08-06,FY2025,expectations,consensus_valuation_quality,,unstable_profit_base,,,2026-08-06,airline_expectation_bridge.consensus_valuation_quality,derived_join_with_source_lineage,Derived chain row from the expectation bridge/readiness gate. Retains source field and as-of date; this layer adds no new estimate.,2026-08-08T10:43:19.885388+00:00
airline_research_chain,China Southern Airlines,600029.SH,CN_A,2026-08-06,FY2025,expectations,revision_evidence_band,,dated_estimate_revision_proxy,,,2026-08-06,airline_pair_readiness.revision_evidence_band,derived_join_with_source_lineage,Derived chain row from the expectation bridge/readiness gate. Retains source field and as-of date; this layer adds no new estimate.,2026-08-08T10:43:19.885388+00:00
airline_research_chain,China Southern Airlines,600029.SH,CN_A,2026-08-06,FY2025,expectations,unified_estimate_revision_count,37.0,,events,,2026-08-06,airline_pair_readiness.unified_estimate_revision_count,derived_join_with_source_lineage,Derived chain row from the expectation bridge/readiness gate. Retains source field and as-of date; this layer adds no new estimate.,2026-08-08T10:43:19.885388+00:00
airline_research_chain,China Southern Airlines,600029.SH,CN_A,2026-08-06,FY2025,expectations,unified_up_revision_count,6.0,,events,,2026-08-06,airline_pair_readiness.unified_up_revision_count,derived_join_with_source_lineage,Derived chain row from the expectation bridge/readiness gate. Retains source field and as-of date; this layer adds no new estimate.,2026-08-08T10:43:19.885388+00:00
airline_research_chain,China Southern Airlines,600029.SH,CN_A,2026-08-06,FY2025,expectations,unified_down_revision_count,22.0,,events,,2026-08-06,airline_pair_readiness.unified_down_revision_count,derived_join_with_source_lineage,Derived chain row from the expectation bridge/readiness gate. Retains source field and as-of date; this layer adds no new estimate.,2026-08-08T10:43:19.885388+00:00
airline_research_chain,China Southern Airlines,600029.SH,CN_A,2026-08-06,FY2025,expectations,unified_latest_estimate_revision_date,,2026-02-06,,,2026-02-06,airline_pair_readiness.unified_latest_estimate_revision_date,derived_join_with_source_lineage,Derived chain row from the expectation bridge/readiness gate. Retains source field and as-of date; this layer adds no new estimate.,2026-08-08T10:43:19.885388+00:00
airline_research_chain,China Southern Airlines,600029.SH,CN_A,2026-08-06,FY2025,expectations,yahoo_eps_revision_up_30d,1.0,,analyst-count signal,,2026-08-06,airline_expectation_bridge.yahoo_eps_revision_up_30d,derived_join_with_source_lineage,Yahoo Finance 30-day EPS revision count from a current vendor snapshot; it is not a dated broker-vintage revision.,2026-08-08T10:43:19.885388+00:00
airline_research_chain,China Southern Airlines,600029.SH,CN_A,2026-08-06,FY2025,expectations,yahoo_eps_revision_down_30d,1.0,,analyst-count signal,,2026-08-06,airline_expectation_bridge.yahoo_eps_revision_down_30d,derived_join_with_source_lineage,Yahoo Finance 30-day EPS revision count from a current vendor snapshot; it is not a dated broker-vintage revision.,2026-08-08T10:43:19.885388+00:00
airline_research_chain,China Southern Airlines,600029.SH,CN_A,2026-08-06,FY2025,risk,latest_discovery_debt_to_assets_pct,83.966183,,percentage,,2026-03-31,airline_expectation_bridge.latest_discovery_debt_to_assets_pct,derived_join_with_source_lineage,A-share provider debt-to-assets ratio retained as leverage context with its period_end; the source lacks a complete issuer announcement-date PIT field.,2026-08-08T10:43:19.885388+00:00
airline_research_chain,China Southern Airlines,600029.SH,CN_A,2026-08-06,FY2025,catalyst,formal_report_status,,scheduled,,,2026-08-06,airline_expectation_bridge.formal_report_status,derived_join_with_source_lineage,Derived chain row from the expectation bridge/readiness gate. Retains source field and as-of date; this layer adds no new estimate.,2026-08-08T10:43:19.885388+00:00
airline_research_chain,China Southern Airlines,600029.SH,CN_A,2026-08-06,FY2025,catalyst,formal_report_scheduled_date,,2026-08-29,,,2026-08-06,airline_expectation_bridge.formal_report_scheduled_date,derived_join_with_source_lineage,Derived chain row from the expectation bridge/readiness gate. Retains source field and as-of date; this layer adds no new estimate.,2026-08-08T10:43:19.885388+00:00
airline_research_chain,China Southern Airlines,600029.SH,CN_A,2026-08-06,FY2025,catalyst,latest_event_type,,earnings_warning,,,2026-08-06,airline_expectation_bridge.latest_event_type,derived_join_with_source_lineage,Derived chain row from the expectation bridge/readiness gate. Retains source field and as-of date; this layer adds no new estimate.,2026-08-08T10:43:19.885388+00:00
airline_research_chain,China Southern Airlines,600029.SH,CN_A,2026-08-06,FY2025,catalyst,latest_event_date,,2026-07-14,,,2026-08-06,airline_expectation_bridge.latest_event_date,derived_join_with_source_lineage,Derived chain row from the expectation bridge/readiness gate. Retains source field and as-of date; this layer adds no new estimate.,2026-08-08T10:43:19.885388+00:00
airline_research_chain,China Southern Airlines,600029.SH,CN_A,2026-08-06,FY2025,catalyst,latest_event_metric,,net_loss_attributable_to_shareholders,,,2026-07-14,airline_expectation_bridge.latest_event_metric,derived_join_with_source_lineage,Derived chain row from the expectation bridge/readiness gate. Retains source field and as-of date; this layer adds no new estimate.,2026-08-08T10:43:19.885388+00:00
airline_research_chain,China Southern Airlines,600029.SH,CN_A,2026-08-06,FY2025,catalyst,latest_event_value_min,-3973.0,,native unit,RMB,2026-07-14,airline_expectation_bridge.latest_event_value_min,derived_join_with_source_lineage,Derived chain row from the expectation bridge/readiness gate. Retains source field and as-of date; this layer adds no new estimate.,2026-08-08T10:43:19.885388+00:00
airline_research_chain,China Southern Airlines,600029.SH,CN_A,2026-08-06,FY2025,catalyst,latest_event_value_max,-3473.0,,native unit,RMB,2026-07-14,airline_expectation_bridge.latest_event_value_max,derived_join_with_source_lineage,Derived chain row from the expectation bridge/readiness gate. Retains source field and as-of date; this layer adds no new estimate.,2026-08-08T10:43:19.885388+00:00
airline_research_chain,China Southern Airlines,600029.SH,CN_A,2026-08-06,FY2025,catalyst,latest_event_native_unit,,RMB million,,,2026-07-14,airline_expectation_bridge.latest_event_native_unit,derived_join_with_source_lineage,Derived chain row from the expectation bridge/readiness gate. Retains source field and as-of date; this layer adds no new estimate.,2026-08-08T10:43:19.885388+00:00
airline_research_chain,China Southern Airlines,600029.SH,CN_A,2026-08-06,FY2025,catalyst,latest_event_source_url,,https://static.cninfo.com.cn/finalpage/2026-07-15/1225424881.PDF,,,2026-07-14,airline_expectation_bridge.latest_event_source_url,derived_join_with_source_lineage,Derived chain row from the expectation bridge/readiness gate. Retains source field and as-of date; this layer adds no new estimate.,2026-08-08T10:43:19.885388+00:00
airline_research_chain,China Southern Airlines,600029.SH,CN_A,2026-08-06,FY2025,revenue,latest_report_cargo_revenue_native_mn,19670.0,,RMB million,RMB,2026-03-31,airline_earnings_driver_comparability.cargo_revenue,derived_join_with_source_lineage,"Latest comparable issuer-period driver joined from airline_earnings_driver_comparability; statement_period=FY2025, reported_or_derived=issuer_reported. Source page=22.0; this chain row does not add a new estimate.",2026-08-08T10:43:19.885388+00:00
airline_research_chain,China Southern Airlines,600029.SH,CN_A,2026-08-06,FY2025,revenue,latest_report_cargo_yield_native,1.97,,RMB/RTK,RMB,2026-03-31,airline_earnings_driver_comparability.cargo_yield,derived_join_with_source_lineage,"Latest comparable issuer-period driver joined from airline_earnings_driver_comparability; statement_period=FY2025, reported_or_derived=issuer_reported. Source page=16.0; this chain row does not add a new estimate.",2026-08-08T10:43:19.885388+00:00
airline_research_chain,China Southern Airlines,600029.SH,CN_A,2026-08-06,FY2025,cost,latest_report_fuel_cost_per_ask_native,0.1359265248375537,,RMB/ASK,RMB,2026-03-31,airline_earnings_driver_comparability.fuel_cost_per_ask,derived_join_with_source_lineage,"Latest comparable issuer-period driver joined from airline_earnings_driver_comparability; statement_period=FY2025, reported_or_derived=derived. Source page=23.0; this chain row does not add a new estimate.",2026-08-08T10:43:19.885388+00:00
airline_research_chain,China Southern Airlines,600029.SH,CN_A,2026-08-06,FY2025,supply,latest_report_fleet_total,972.0,,aircraft,,2026-03-31,airline_earnings_driver_comparability.fleet_total,derived_join_with_source_lineage,"Latest comparable issuer-period driver joined from airline_earnings_driver_comparability; statement_period=FY2025, reported_or_derived=issuer_reported. Source page=16.0; this chain row does not add a new estimate.",2026-08-08T10:43:19.885388+00:00
airline_research_chain,China Southern Airlines,600029.SH,CN_A,2026-08-06,FY2025,demand,rpk_minus_ask_growth_gap_pp,-0.7647853984889807,,percentage points,,2026-08-06,airline_expectation_bridge.h1_rpk_yoy_pct - h1_ask_yoy_pct,derived_join_with_source_lineage,"Demand-versus-capacity growth gap: H1 RPK YoY minus H1 ASK YoY. Positive values indicate traffic demand grew faster than capacity; this is a diagnostic, not a fare/yield estimate.",2026-08-08T10:43:19.885388+00:00
airline_research_chain,China Southern Airlines,600029.SH,CN_A,2026-08-06,FY2025,expectations,public_report_evidence_row_count,45.0,,rows,,2026-08-07,airline_revision_coverage.public_report_evidence_row_count,derived_join_with_source_lineage,10jqka public-report coverage metadata joined into the expectations chain. Counts and up/down markers do not establish a complete prior numeric revision.,2026-08-08T10:43:19.885388+00:00
airline_research_chain,China Southern Airlines,600029.SH,CN_A,2026-08-06,FY2025,expectations,public_report_dated_row_count,30.0,,rows,,2026-08-07,airline_revision_coverage.public_report_dated_row_count,derived_join_with_source_lineage,10jqka public-report coverage metadata joined into the expectations chain. Counts and up/down markers do not establish a complete prior numeric revision.,2026-08-08T10:43:19.885388+00:00
airline_research_chain,China Southern Airlines,600029.SH,CN_A,2026-08-06,FY2025,expectations,public_report_eps_up_marker_count,0.0,,markers,,2026-08-07,airline_revision_coverage.public_report_eps_up_marker_count,derived_join_with_source_lineage,10jqka public-report coverage metadata joined into the expectations chain. Counts and up/down markers do not establish a complete prior numeric revision.,2026-08-08T10:43:19.885388+00:00
airline_research_chain,China Southern Airlines,600029.SH,CN_A,2026-08-06,FY2025,expectations,public_report_eps_down_marker_count,9.0,,markers,,2026-08-07,airline_revision_coverage.public_report_eps_down_marker_count,derived_join_with_source_lineage,10jqka public-report coverage metadata joined into the expectations chain. Counts and up/down markers do not establish a complete prior numeric revision.,2026-08-08T10:43:19.885388+00:00
airline_research_chain,China Southern Airlines,600029.SH,CN_A,2026-08-06,FY2025,expectations,public_report_net_profit_up_marker_count,0.0,,markers,,2026-08-07,airline_revision_coverage.public_report_net_profit_up_marker_count,derived_join_with_source_lineage,10jqka public-report coverage metadata joined into the expectations chain. Counts and up/down markers do not establish a complete prior numeric revision.,2026-08-08T10:43:19.885388+00:00
airline_research_chain,China Southern Airlines,600029.SH,CN_A,2026-08-06,FY2025,expectations,public_report_net_profit_down_marker_count,12.0,,markers,,2026-08-07,airline_revision_coverage.public_report_net_profit_down_marker_count,derived_join_with_source_lineage,10jqka public-report coverage metadata joined into the expectations chain. Counts and up/down markers do not establish a complete prior numeric revision.,2026-08-08T10:43:19.885388+00:00
airline_research_chain,China Southern Airlines,600029.SH,CN_A,2026-08-06,FY2025,earnings,h1_warning_profit_low_native_mn,-3973.0,,RMB million,CNY,2026-07-14,airline_event_timeline.value_min/value_max,derived_join_with_source_lineage,"Mechanical expectations bridge: FY2026 A-share consensus minus the issuer's H1 preliminary profit range. The implied H2 amount is not a forecast and excludes seasonality, later estimate revisions, tax/one-offs and accounting changes; warning date=2026-07-14, consensus as-of=2026-08-07.",2026-08-08T10:43:19.885388+00:00
airline_research_chain,China Southern Airlines,600029.SH,CN_A,2026-08-06,FY2025,earnings,h1_warning_profit_high_native_mn,-3473.0,,RMB million,CNY,2026-07-14,airline_event_timeline.value_min/value_max,derived_join_with_source_lineage,"Mechanical expectations bridge: FY2026 A-share consensus minus the issuer's H1 preliminary profit range. The implied H2 amount is not a forecast and excludes seasonality, later estimate revisions, tax/one-offs and accounting changes; warning date=2026-07-14, consensus as-of=2026-08-07.",2026-08-08T10:43:19.885388+00:00
airline_research_chain,China Southern Airlines,600029.SH,CN_A,2026-08-06,FY2025,earnings,h1_warning_profit_mid_native_mn,-3723.0,,RMB million,CNY,2026-07-14,airline_event_timeline.value_min/value_max,derived_join_with_source_lineage,"Mechanical expectations bridge: FY2026 A-share consensus minus the issuer's H1 preliminary profit range. The implied H2 amount is not a forecast and excludes seasonality, later estimate revisions, tax/one-offs and accounting changes; warning date=2026-07-14, consensus as-of=2026-08-07.",2026-08-08T10:43:19.885388+00:00
airline_research_chain,China Southern Airlines,600029.SH,CN_A,2026-08-06,FY2025,expectations,fy2026_profit_consensus_avg_native_mn,707.0,,RMB million,CNY,2026-08-07,airline_expectation_bridge.fy2026_net_profit_avg_native_mn,derived_join_with_source_lineage,"Mechanical expectations bridge: FY2026 A-share consensus minus the issuer's H1 preliminary profit range. The implied H2 amount is not a forecast and excludes seasonality, later estimate revisions, tax/one-offs and accounting changes; warning date=2026-07-14, consensus as-of=2026-08-07.",2026-08-08T10:43:19.885388+00:00
airline_research_chain,China Southern Airlines,600029.SH,CN_A,2026-08-06,FY2025,expectations,implied_h2_profit_at_h1_warning_low_native_mn,4680.0,,RMB million,CNY,2026-08-07,airline_expectation_bridge.fy2026_net_profit_avg_native_mn,derived_join_with_source_lineage,"Mechanical expectations bridge: FY2026 A-share consensus minus the issuer's H1 preliminary profit range. The implied H2 amount is not a forecast and excludes seasonality, later estimate revisions, tax/one-offs and accounting changes; warning date=2026-07-14, consensus as-of=2026-08-07.",2026-08-08T10:43:19.885388+00:00
airline_research_chain,China Southern Airlines,600029.SH,CN_A,2026-08-06,FY2025,expectations,implied_h2_profit_at_h1_warning_high_native_mn,4180.0,,RMB million,CNY,2026-08-07,airline_expectation_bridge.fy2026_net_profit_avg_native_mn,derived_join_with_source_lineage,"Mechanical expectations bridge: FY2026 A-share consensus minus the issuer's H1 preliminary profit range. The implied H2 amount is not a forecast and excludes seasonality, later estimate revisions, tax/one-offs and accounting changes; warning date=2026-07-14, consensus as-of=2026-08-07.",2026-08-08T10:43:19.885388+00:00
airline_research_chain,China Southern Airlines,600029.SH,CN_A,2026-08-06,FY2025,expectations,implied_h2_profit_at_h1_warning_mid_native_mn,4430.0,,RMB million,CNY,2026-08-07,airline_expectation_bridge.fy2026_net_profit_avg_native_mn,derived_join_with_source_lineage,"Mechanical expectations bridge: FY2026 A-share consensus minus the issuer's H1 preliminary profit range. The implied H2 amount is not a forecast and excludes seasonality, later estimate revisions, tax/one-offs and accounting changes; warning date=2026-07-14, consensus as-of=2026-08-07.",2026-08-08T10:43:19.885388+00:00
airline_research_chain,China Southern Airlines,600029.SH,CN_A,2026-08-06,FY2025,expectations,historical_2h2025_profit_native_mn,261.0,,RMB million,CNY,2026-03-31,airline_earnings_driver_comparability.attributable_profit,derived_join_with_source_lineage,"Historical 2H2025 profit is derived as FY2025 attributable profit minus 1H2025 attributable profit from issuer-report driver rows. The difference against warning-implied 2H consensus is a recovery-base diagnostic, not a forecast.",2026-08-08T10:43:19.885388+00:00
airline_research_chain,China Southern Airlines,600029.SH,CN_A,2026-08-06,FY2025,expectations,implied_h2_mid_minus_historical_2h2025_native_mn,4169.0,,RMB million,CNY,2026-08-07,airline_expectation_bridge.implied_h2_profit_at_h1_warning_mid_native_mn,derived_join_with_source_lineage,"Historical 2H2025 profit is derived as FY2025 attributable profit minus 1H2025 attributable profit from issuer-report driver rows. The difference against warning-implied 2H consensus is a recovery-base diagnostic, not a forecast.",2026-08-08T10:43:19.885388+00:00
airline_research_chain,China Southern Airlines,600029.SH,CN_A,2026-08-06,FY2025,expectations,hk_profit_consensus_usd_mn,-214.34904644276543,,USD million,,2026-08-07,airline_consensus_dispersion_all.hk_profit_avg_usd_mn,derived_join_with_source_lineage,"A/H FY2026 profit-consensus alignment joined into the research chain. The two market estimates can differ by provider coverage, share class and vintage; sign disagreement or warning alignment is a review flag, not a directional signal.",2026-08-08T10:43:19.885388+00:00
airline_research_chain,China Southern Airlines,600029.SH,CN_A,2026-08-06,FY2025,expectations,a_profit_consensus_usd_mn,1.0477741090012078,,USD million,,2026-08-07,airline_consensus_dispersion_all.a_profit_avg_usd_mn,derived_join_with_source_lineage,"A/H FY2026 profit-consensus alignment joined into the research chain. The two market estimates can differ by provider coverage, share class and vintage; sign disagreement or warning alignment is a review flag, not a directional signal.",2026-08-08T10:43:19.885388+00:00
airline_research_chain,China Southern Airlines,600029.SH,CN_A,2026-08-06,FY2025,expectations,profit_gap_a_minus_hk_usd_mn,319.10390536083776,,USD million,,2026-08-06,airline_consensus_dispersion.profit_gap_a_minus_hk_usd_mn,derived_join_with_source_lineage,"A/H FY2026 profit-consensus alignment joined into the research chain. The two market estimates can differ by provider coverage, share class and vintage; sign disagreement or warning alignment is a review flag, not a directional signal.",2026-08-08T10:43:19.885388+00:00
airline_research_chain,China Southern Airlines,600029.SH,CN_A,2026-08-06,FY2025,expectations,profit_sign_disagreement_hk_vs_a,,True,,,2026-08-07,airline_consensus_dispersion_all.profit_sign_disagreement_hk_vs_a,derived_join_with_source_lineage,"A/H FY2026 profit-consensus alignment joined into the research chain. The two market estimates can differ by provider coverage, share class and vintage; sign disagreement or warning alignment is a review flag, not a directional signal.",2026-08-08T10:43:19.885388+00:00
airline_research_chain,China Southern Airlines,600029.SH,CN_A,2026-08-06,FY2025,expectations,hk_profit_range_crosses_zero,,True,,,2026-08-07,airline_consensus_dispersion_all.hk_profit_range_crosses_zero,derived_join_with_source_lineage,"A/H FY2026 profit-consensus alignment joined into the research chain. The two market estimates can differ by provider coverage, share class and vintage; sign disagreement or warning alignment is a review flag, not a directional signal.",2026-08-08T10:43:19.885388+00:00
airline_research_chain,China Southern Airlines,600029.SH,CN_A,2026-08-06,FY2025,expectations,a_profit_range_crosses_zero,,True,,,2026-08-07,airline_consensus_dispersion_all.a_profit_range_crosses_zero,derived_join_with_source_lineage,"A/H FY2026 profit-consensus alignment joined into the research chain. The two market estimates can differ by provider coverage, share class and vintage; sign disagreement or warning alignment is a review flag, not a directional signal.",2026-08-08T10:43:19.885388+00:00
airline_research_chain,China Southern Airlines,600029.SH,CN_A,2026-08-06,FY2025,expectations,hk_profit_latest_observation_date,,2026-07-06,,,2026-07-06,airline_consensus_dispersion.hk_profit_latest_observation_date,derived_join_with_source_lineage,"A/H FY2026 profit-consensus alignment joined into the research chain. The two market estimates can differ by provider coverage, share class and vintage; sign disagreement or warning alignment is a review flag, not a directional signal.",2026-08-08T10:43:19.885388+00:00
airline_research_chain,China Southern Airlines,600029.SH,CN_A,2026-08-06,FY2025,expectations,a_profit_latest_observation_date,,2026-07-06,,,2026-07-06,airline_consensus_dispersion.a_profit_latest_observation_date,derived_join_with_source_lineage,"A/H FY2026 profit-consensus alignment joined into the research chain. The two market estimates can differ by provider coverage, share class and vintage; sign disagreement or warning alignment is a review flag, not a directional signal.",2026-08-08T10:43:19.885388+00:00
airline_research_chain,China Southern Airlines,600029.SH,CN_A,2026-08-06,FY2025,expectations,latest_h1_warning_date,,2026-07-14,,,2026-07-14,airline_consensus_dispersion.latest_h1_warning_date,derived_join_with_source_lineage,"A/H FY2026 profit-consensus alignment joined into the research chain. The two market estimates can differ by provider coverage, share class and vintage; sign disagreement or warning alignment is a review flag, not a directional signal.",2026-08-08T10:43:19.885388+00:00
airline_research_chain,China Southern Airlines,600029.SH,CN_A,2026-08-06,FY2025,expectations,hk_profit_forecast_pre_warning,,True,,,2026-08-06,airline_consensus_dispersion.hk_profit_forecast_pre_warning,derived_join_with_source_lineage,"A/H FY2026 profit-consensus alignment joined into the research chain. The two market estimates can differ by provider coverage, share class and vintage; sign disagreement or warning alignment is a review flag, not a directional signal.",2026-08-08T10:43:19.885388+00:00
airline_research_chain,China Southern Airlines,600029.SH,CN_A,2026-08-06,FY2025,expectations,a_profit_forecast_pre_warning,,True,,,2026-08-06,airline_consensus_dispersion.a_profit_forecast_pre_warning,derived_join_with_source_lineage,"A/H FY2026 profit-consensus alignment joined into the research chain. The two market estimates can differ by provider coverage, share class and vintage; sign disagreement or warning alignment is a review flag, not a directional signal.",2026-08-08T10:43:19.885388+00:00
airline_research_chain,China Southern Airlines,600029.SH,CN_A,2026-08-06,FY2025,expectations,forecast_warning_alignment,,both_pre_warning,,,2026-08-06,airline_consensus_dispersion.forecast_warning_alignment,derived_join_with_source_lineage,"A/H FY2026 profit-consensus alignment joined into the research chain. The two market estimates can differ by provider coverage, share class and vintage; sign disagreement or warning alignment is a review flag, not a directional signal.",2026-08-08T10:43:19.885388+00:00
airline_research_chain,China Southern Airlines,600029.SH,CN_A,2026-08-06,FY2025,expectations,public_report_latest_date,,2026-07-06,,,2026-07-06,airline_revision_coverage.public_report_latest_date,derived_join_with_source_lineage,Public-report date/scope metadata retained separately from numeric estimates; revenue evidence remains page-snapshot-only.,2026-08-08T10:43:19.885388+00:00
airline_research_chain,China Southern Airlines,600029.SH,CN_A,2026-08-06,FY2025,expectations,public_report_evidence_scope,,dated_eps_profit_plus_page_snapshot_revenue,,,2026-08-07,airline_revision_coverage.public_report_evidence_scope,derived_join_with_source_lineage,Public-report date/scope metadata retained separately from numeric estimates; revenue evidence remains page-snapshot-only.,2026-08-08T10:43:19.885388+00:00
airline_research_chain,China Southern Airlines,600029.SH,CN_A,2026-08-06,FY2025,cost,fuel_plus_5pct_profit_impact_usd_mn,-389.13392641659607,,USD million,,2026-07-31,airline_fuel_sensitivity_scenarios.pre_tax_profit_impact_usd_mn,derived_join_with_source_lineage,Fuel-price scenario at 5% using mechanical_fuel_cost_proxy; FX observation date 2026-08-06 and EIA observation date 2026-07-31.,2026-08-08T10:43:19.885388+00:00
airline_research_chain,China Southern Airlines,600029.SH,CN_A,2026-08-06,FY2025,cost,fuel_plus_5pct_scenario_method,,mechanical_fuel_cost_proxy,,,2026-07-31,airline_fuel_sensitivity_scenarios.scenario_method,derived_join_with_source_lineage,"Fuel scenario metadata retained separately from the numeric impact; mechanical cases exclude hedging, contracts, mix, pass-through and demand response.",2026-08-08T10:43:19.885388+00:00
airline_research_chain,China Southern Airlines,600029.SH,CN_A,2026-08-06,FY2025,cost,fuel_plus_5pct_issuer_sensitivity_available,,False,,,2026-07-31,airline_fuel_sensitivity_scenarios.issuer_sensitivity_available,derived_join_with_source_lineage,"Fuel scenario metadata retained separately from the numeric impact; mechanical cases exclude hedging, contracts, mix, pass-through and demand response.",2026-08-08T10:43:19.885388+00:00
airline_research_chain,China Southern Airlines,600029.SH,CN_A,2026-08-06,FY2025,cost,fuel_minus_5pct_profit_impact_usd_mn,389.13392641659607,,USD million,,2026-07-31,airline_fuel_sensitivity_scenarios.pre_tax_profit_impact_usd_mn,derived_join_with_source_lineage,Fuel-price scenario at -5% using mechanical_fuel_cost_proxy; FX observation date 2026-08-06 and EIA observation date 2026-07-31.,2026-08-08T10:43:19.885388+00:00
airline_research_chain,China Southern Airlines,600029.SH,CN_A,2026-08-06,FY2025,cost,fuel_minus_5pct_scenario_method,,mechanical_fuel_cost_proxy,,,2026-07-31,airline_fuel_sensitivity_scenarios.scenario_method,derived_join_with_source_lineage,"Fuel scenario metadata retained separately from the numeric impact; mechanical cases exclude hedging, contracts, mix, pass-through and demand response.",2026-08-08T10:43:19.885388+00:00
airline_research_chain,China Southern Airlines,600029.SH,CN_A,2026-08-06,FY2025,cost,fuel_minus_5pct_issuer_sensitivity_available,,False,,,2026-07-31,airline_fuel_sensitivity_scenarios.issuer_sensitivity_available,derived_join_with_source_lineage,"Fuel scenario metadata retained separately from the numeric impact; mechanical cases exclude hedging, contracts, mix, pass-through and demand response.",2026-08-08T10:43:19.885388+00:00
airline_research_chain,China Southern Airlines,600029.SH,CN_A,2026-08-06,FY2025,cost,fuel_scenario_fx_observation_date,,2026-08-06,,,2026-08-06,airline_fuel_sensitivity_scenarios.fx_observation_date,derived_join_with_source_lineage,Latest ECB FX observation used for the USD scenario translation; not a forward-FX assumption.,2026-08-08T10:43:19.885388+00:00
airline_research_chain,China Southern Airlines,600029.SH,CN_A,2026-08-06,FY2025,cost,fuel_surcharge_context,,100 CNY (>800 km); 50 CNY (up to 800 km),,,2026-07-05,airline_fuel_sensitivity_scenarios.surcharge_reference,derived_join_with_source_lineage,Official fuel-surcharge schedule context retained from the scenario layer; route/policy-specific and not realized fuel-cost recovery. Source URL: https://english.www.gov.cn/news/202607/03/content_WS6a47b8a4c6d00ca5f9a0c052.html.,2026-08-08T10:43:19.885388+00:00
airline_research_chain,China Southern Airlines,600029.SH,CN_A,2026-08-06,FY2025,catalyst,news_event_count_in_window,11.0,,articles,,2026-08-07 17:02:00,airline_news_events.published_at,derived_join_with_source_lineage,Public Eastmoney/AkShare news-window metadata for catalyst discovery. Keyword categories and relevance scope are not sentiment or alpha signals.,2026-08-08T10:43:19.885388+00:00
airline_research_chain,China Southern Airlines,600029.SH,CN_A,2026-08-06,FY2025,catalyst,news_direct_headline_count_in_window,5.0,,articles,,2026-08-07 17:02:00,airline_news_events.relevance_scope,derived_join_with_source_lineage,Public Eastmoney/AkShare news-window metadata for catalyst discovery. Keyword categories and relevance scope are not sentiment or alpha signals.,2026-08-08T10:43:19.885388+00:00
airline_research_chain,China Southern Airlines,600029.SH,CN_A,2026-08-06,FY2025,catalyst,news_latest_published_at,,2026-08-07 17:02:00,,,2026-08-07 17:02:00,airline_news_events.published_at,derived_join_with_source_lineage,Public Eastmoney/AkShare news-window metadata for catalyst discovery. Keyword categories and relevance scope are not sentiment or alpha signals.,2026-08-08T10:43:19.885388+00:00
airline_research_chain,China Southern Airlines,600029.SH,CN_A,2026-08-06,FY2025,catalyst,news_latest_title,,3.38亿元主力资金今日撤离交通运输板块,,,2026-08-07 17:02:00,airline_news_events.news_title,derived_join_with_source_lineage,Public Eastmoney/AkShare news-window metadata for catalyst discovery. Keyword categories and relevance scope are not sentiment or alpha signals.,2026-08-08T10:43:19.885388+00:00
airline_research_chain,China Southern Airlines,600029.SH,CN_A,2026-08-06,FY2025,catalyst,news_latest_source_url,,http://finance.eastmoney.com/a/202608073835259577.html,,,2026-08-07 17:02:00,airline_news_events.news_url,derived_join_with_source_lineage,Public Eastmoney/AkShare news-window metadata for catalyst discovery. Keyword categories and relevance scope are not sentiment or alpha signals.,2026-08-08T10:43:19.885388+00:00
airline_research_chain,China Southern Airlines,600029.SH,CN_A,2026-08-06,FY2025,risk,beta_to_benchmark,0.9994658876949668,,multiple,,2026-08-06,airline_market_risk_metrics.beta_to_benchmark,derived_join_with_source_lineage,Derived market-risk row from the free historical risk snapshot. Borrow availability remains explicit.,2026-08-08T10:43:19.885388+00:00
airline_research_chain,China Southern Airlines,600029.SH,CN_A,2026-08-06,FY2025,risk,annualized_volatility_pct,45.16208380718546,,percentage,,2026-08-06,airline_market_risk_metrics.annualized_volatility_pct,derived_join_with_source_lineage,Derived market-risk row from the free historical risk snapshot. Borrow availability remains explicit.,2026-08-08T10:43:19.885388+00:00
airline_research_chain,China Southern Airlines,600029.SH,CN_A,2026-08-06,FY2025,risk,max_drawdown_pct,-50.30769201425406,,percentage,,2026-08-06,airline_market_risk_metrics.max_drawdown_pct,derived_join_with_source_lineage,Derived market-risk row from the free historical risk snapshot. Borrow availability remains explicit.,2026-08-08T10:43:19.885388+00:00
airline_research_chain,China Southern Airlines,600029.SH,CN_A,2026-08-06,FY2025,risk,median_daily_turnover_usd_mn_60d,7.233475493208728,,USD million/day,,2026-08-06,airline_market_risk_metrics.median_daily_turnover_usd_mn_60d,derived_join_with_source_lineage,Derived market-risk row from the free historical risk snapshot. Borrow availability remains explicit.,2026-08-08T10:43:19.885388+00:00
airline_research_chain,China Southern Airlines,600029.SH,CN_A,2026-08-06,FY2025,risk,borrow_data_available,,False,,,2026-08-06,airline_market_risk_metrics.borrow_data_available,derived_join_with_source_lineage,Derived market-risk row from the free historical risk snapshot. Borrow availability remains explicit.,2026-08-08T10:43:19.885388+00:00
airline_research_chain,China Southern Airlines,600029.SH,CN_A,2026-08-06,FY2025,risk,short_eligibility_status,,margin_security_observed,,,2026-08-06,airline_short_eligibility.eligibility_status,derived_join_with_source_lineage,"Exchange eligibility evidence only: HKEX designated-list or SSE margin-detail presence. It does not establish locatable borrow, borrow fee, recall risk or execution availability; borrow_data_available remains false.",2026-08-08T10:43:19.885388+00:00
airline_research_chain,China Eastern Airlines,600115.SH,CN_A,2026-08-06,FY2025,supply,ask_yoy_pct,1.7402851073684154,,percentage,,2026-08-06,airline_expectation_bridge.h1_ask_yoy_pct,derived_join_with_source_lineage,Derived chain row from the expectation bridge/readiness gate. Retains source field and as-of date; this layer adds no new estimate.,2026-08-08T10:43:19.885388+00:00
airline_research_chain,China Eastern Airlines,600115.SH,CN_A,2026-08-06,FY2025,supply,latest_report_ask_mn_seat_km,316930.52,,million seat-km,,2026-03-31,airline_expectation_bridge.latest_report_ask_mn_seat_km,derived_join_with_source_lineage,Derived chain row from the expectation bridge/readiness gate. Retains source field and as-of date; this layer adds no new estimate.,2026-08-08T10:43:19.885388+00:00
airline_research_chain,China Eastern Airlines,600115.SH,CN_A,2026-08-06,FY2025,supply,passenger_capacity_lf_change_pp,2.1264943712760385,,percentage points,,2026-08-06,airline_expectation_bridge.h1_passenger_lf_change_pp,derived_join_with_source_lineage,Derived chain row from the expectation bridge/readiness gate. Retains source field and as-of date; this layer adds no new estimate.,2026-08-08T10:43:19.885388+00:00
airline_research_chain,China Eastern Airlines,600115.SH,CN_A,2026-08-06,FY2025,demand,rpk_yoy_pct,4.291215481841435,,percentage,,2026-08-06,airline_expectation_bridge.h1_rpk_yoy_pct,derived_join_with_source_lineage,Derived chain row from the expectation bridge/readiness gate. Retains source field and as-of date; this layer adds no new estimate.,2026-08-08T10:43:19.885388+00:00
airline_research_chain,China Eastern Airlines,600115.SH,CN_A,2026-08-06,FY2025,demand,latest_report_rpk_mn_passenger_km,272103.81,,million passenger-km,,2026-03-31,airline_expectation_bridge.latest_report_rpk_mn_passenger_km,derived_join_with_source_lineage,Derived chain row from the expectation bridge/readiness gate. Retains source field and as-of date; this layer adds no new estimate.,2026-08-08T10:43:19.885388+00:00
airline_research_chain,China Eastern Airlines,600115.SH,CN_A,2026-08-06,FY2025,demand,latest_report_passenger_load_factor_pct,85.86,,percentage,,2026-03-31,airline_expectation_bridge.latest_report_passenger_load_factor_pct,derived_join_with_source_lineage,Derived chain row from the expectation bridge/readiness gate. Retains source field and as-of date; this layer adds no new estimate.,2026-08-08T10:43:19.885388+00:00
airline_research_chain,China Eastern Airlines,600115.SH,CN_A,2026-08-06,FY2025,demand,passengers_yoy_pct,-0.5558727029233447,,percentage,,2026-08-06,airline_expectation_bridge.h1_passengers_yoy_pct,derived_join_with_source_lineage,Derived chain row from the expectation bridge/readiness gate. Retains source field and as-of date; this layer adds no new estimate.,2026-08-08T10:43:19.885388+00:00
airline_research_chain,China Eastern Airlines,600115.SH,CN_A,2026-08-06,FY2025,demand,cargo_tonnes_yoy_pct,8.344168692407711,,percentage,,2026-08-06,airline_expectation_bridge.h1_cargo_tonnes_yoy_pct,derived_join_with_source_lineage,Derived chain row from the expectation bridge/readiness gate. Retains source field and as-of date; this layer adds no new estimate.,2026-08-08T10:43:19.885388+00:00
airline_research_chain,China Eastern Airlines,600115.SH,CN_A,2026-08-06,FY2025,revenue,latest_report_revenue_native_mn,139941.0,,native million,RMB,2026-03-31,airline_expectation_bridge.latest_report_revenue_native_mn,derived_join_with_source_lineage,Derived chain row from the expectation bridge/readiness gate. Retains source field and as-of date; this layer adds no new estimate.,2026-08-08T10:43:19.885388+00:00
airline_research_chain,China Eastern Airlines,600115.SH,CN_A,2026-08-06,FY2025,revenue,latest_report_passenger_yield_native,0.493,,native currency/RPK,RMB,2026-03-31,airline_expectation_bridge.latest_report_passenger_yield_native,derived_join_with_source_lineage,Derived chain row from the expectation bridge/readiness gate. Retains source field and as-of date; this layer adds no new estimate.,2026-08-08T10:43:19.885388+00:00
airline_research_chain,China Eastern Airlines,600115.SH,CN_A,2026-08-06,FY2025,revenue,latest_report_rask_native,0.4232699909431253,,native currency/ASK,RMB,2026-03-31,airline_expectation_bridge.latest_report_rask_native,derived_join_with_source_lineage,Derived chain row from the expectation bridge/readiness gate. Retains source field and as-of date; this layer adds no new estimate.,2026-08-08T10:43:19.885388+00:00
airline_research_chain,China Eastern Airlines,600115.SH,CN_A,2026-08-06,FY2025,revenue,fy2026_revenue_consensus_avg_usd_mn,23499.818782086833,,USD million,,2026-08-06,airline_expectation_bridge.fy2026_revenue_avg_usd_mn,derived_join_with_source_lineage,Derived chain row from the expectation bridge/readiness gate. Retains source field and as-of date; this layer adds no new estimate.,2026-08-08T10:43:19.885388+00:00
airline_research_chain,China Eastern Airlines,600115.SH,CN_A,2026-08-06,FY2025,revenue,fy2026_revenue_growth_vs_latest_actual_pct,13.340001,,percentage,,2026-08-06,airline_expectation_bridge.fy2026_revenue_growth_pct,derived_join_with_source_lineage,Derived chain row from the expectation bridge/readiness gate. Retains source field and as-of date; this layer adds no new estimate.,2026-08-08T10:43:19.885388+00:00
airline_research_chain,China Eastern Airlines,600115.SH,CN_A,2026-08-06,FY2025,cost,latest_report_operating_cost_native_mn,137114.0,,native million,RMB,2026-03-31,airline_expectation_bridge.latest_report_operating_cost_native_mn,derived_join_with_source_lineage,Derived chain row from the expectation bridge/readiness gate. Retains source field and as-of date; this layer adds no new estimate.,2026-08-08T10:43:19.885388+00:00
airline_research_chain,China Eastern Airlines,600115.SH,CN_A,2026-08-06,FY2025,cost,latest_report_fuel_cost_native_mn,43690.0,,native million,RMB,2026-03-31,airline_expectation_bridge.latest_report_fuel_cost_native_mn,derived_join_with_source_lineage,Derived chain row from the expectation bridge/readiness gate. Retains source field and as-of date; this layer adds no new estimate.,2026-08-08T10:43:19.885388+00:00
airline_research_chain,China Eastern Airlines,600115.SH,CN_A,2026-08-06,FY2025,cost,latest_report_fuel_hedge_native_mn,3.75,,native million,RMB,2026-08-06,airline_expectation_bridge.latest_report_fuel_hedge_native_mn,derived_join_with_source_lineage,Derived chain row from the expectation bridge/readiness gate. Retains source field and as-of date; this layer adds no new estimate.,2026-08-08T10:43:19.885388+00:00
airline_research_chain,China Eastern Airlines,600115.SH,CN_A,2026-08-06,FY2025,cost,latest_report_cask_native,0.4326311016054875,,native currency/ASK,RMB,2026-03-31,airline_expectation_bridge.latest_report_cask_native,derived_join_with_source_lineage,Derived chain row from the expectation bridge/readiness gate. Retains source field and as-of date; this layer adds no new estimate.,2026-08-08T10:43:19.885388+00:00
airline_research_chain,China Eastern Airlines,600115.SH,CN_A,2026-08-06,FY2025,cost,fuel_cost_share_pct,31.863996382572168,,percentage,,2026-08-06,airline_expectation_bridge.latest_report_fuel_cost_share_pct,derived_join_with_source_lineage,Derived chain row from the expectation bridge/readiness gate. Retains source field and as-of date; this layer adds no new estimate.,2026-08-08T10:43:19.885388+00:00
airline_research_chain,China Eastern Airlines,600115.SH,CN_A,2026-08-06,FY2025,cost,jet_fuel_spot_usd_per_gallon,3.736,,USD/gallon,,2026-07-31,airline_expectation_bridge.jet_fuel_spot_usd_per_gallon,derived_join_with_source_lineage,Derived chain row from the expectation bridge/readiness gate. Retains source field and as-of date; this layer adds no new estimate.,2026-08-08T10:43:19.885388+00:00
airline_research_chain,China Eastern Airlines,600115.SH,CN_A,2026-08-06,FY2025,cost,brent_spot_usd_per_barrel,91.63,,USD/barrel,,2026-07-31,airline_expectation_bridge.brent_spot_usd_per_barrel,derived_join_with_source_lineage,Derived chain row from the expectation bridge/readiness gate. Retains source field and as-of date; this layer adds no new estimate.,2026-08-08T10:43:19.885388+00:00
airline_research_chain,China Eastern Airlines,600115.SH,CN_A,2026-08-06,FY2025,earnings,latest_report_profit_native_mn,-1633.0,,native million,RMB,2026-03-31,airline_expectation_bridge.latest_report_attributable_profit_native_mn,derived_join_with_source_lineage,Derived chain row from the expectation bridge/readiness gate. Retains source field and as-of date; this layer adds no new estimate.,2026-08-08T10:43:19.885388+00:00
airline_research_chain,China Eastern Airlines,600115.SH,CN_A,2026-08-06,FY2025,risk,latest_report_total_liabilities_native_mn,252916.0,,native million,RMB,2026-03-31,airline_expectation_bridge.latest_report_total_liabilities_native_mn,derived_join_with_source_lineage,Derived chain row from the expectation bridge/readiness gate. Retains source field and as-of date; this layer adds no new estimate.,2026-08-08T10:43:19.885388+00:00
airline_research_chain,China Eastern Airlines,600115.SH,CN_A,2026-08-06,FY2025,risk,latest_report_liabilities_to_assets_pct,86.6851290769252,,percentage,,2026-03-31,airline_expectation_bridge.latest_report_liabilities_to_assets_pct,derived_join_with_source_lineage,Derived chain row from the expectation bridge/readiness gate. Retains source field and as-of date; this layer adds no new estimate.,2026-08-08T10:43:19.885388+00:00
airline_research_chain,China Eastern Airlines,600115.SH,CN_A,2026-08-06,FY2025,risk,latest_report_interest_bearing_debt_native_mn,181928.0,,native million,RMB,2026-03-31,airline_expectation_bridge.latest_report_interest_bearing_debt_native_mn,derived_join_with_source_lineage,Derived chain row from the expectation bridge/readiness gate. Retains source field and as-of date; this layer adds no new estimate.,2026-08-08T10:43:19.885388+00:00
airline_research_chain,China Eastern Airlines,600115.SH,CN_A,2026-08-06,FY2025,earnings,fy2026_profit_consensus_avg_usd_mn,64.30496290020282,,USD million,,2026-08-06,airline_expectation_bridge.fy2026_net_profit_avg_usd_mn,derived_join_with_source_lineage,Derived chain row from the expectation bridge/readiness gate. Retains source field and as-of date; this layer adds no new estimate.,2026-08-08T10:43:19.885388+00:00
airline_research_chain,China Eastern Airlines,600115.SH,CN_A,2026-08-06,FY2025,earnings,fy2026_consensus_net_margin_pct,0.2736402501504414,,percentage,,2026-08-06,airline_expectation_bridge.fy2026_consensus_net_margin_pct,derived_join_with_source_lineage,Derived chain row from the expectation bridge/readiness gate. Retains source field and as-of date; this layer adds no new estimate.,2026-08-08T10:43:19.885388+00:00
airline_research_chain,China Eastern Airlines,600115.SH,CN_A,2026-08-06,FY2025,expectations,market_cap_usd_mn,12239.87183239621,,USD million,,2026-08-06,airline_expectation_bridge.market_cap_usd_mn,derived_join_with_source_lineage,Derived chain row from the expectation bridge/readiness gate. Retains source field and as-of date; this layer adds no new estimate.,2026-08-08T10:43:19.885388+00:00
airline_research_chain,China Eastern Airlines,600115.SH,CN_A,2026-08-06,FY2025,expectations,market_cap_to_consensus_revenue_usd,0.520849626369301,,multiple,,2026-08-06,airline_expectation_bridge.market_cap_to_consensus_revenue_usd,derived_join_with_source_lineage,Derived chain row from the expectation bridge/readiness gate. Retains source field and as-of date; this layer adds no new estimate.,2026-08-08T10:43:19.885388+00:00
airline_research_chain,China Eastern Airlines,600115.SH,CN_A,2026-08-06,FY2025,expectations,consensus_valuation_quality,,unstable_profit_base,,,2026-08-06,airline_expectation_bridge.consensus_valuation_quality,derived_join_with_source_lineage,Derived chain row from the expectation bridge/readiness gate. Retains source field and as-of date; this layer adds no new estimate.,2026-08-08T10:43:19.885388+00:00
airline_research_chain,China Eastern Airlines,600115.SH,CN_A,2026-08-06,FY2025,expectations,revision_evidence_band,,dated_estimate_revision_proxy,,,2026-08-06,airline_pair_readiness.revision_evidence_band,derived_join_with_source_lineage,Derived chain row from the expectation bridge/readiness gate. Retains source field and as-of date; this layer adds no new estimate.,2026-08-08T10:43:19.885388+00:00
airline_research_chain,China Eastern Airlines,600115.SH,CN_A,2026-08-06,FY2025,expectations,unified_estimate_revision_count,14.0,,events,,2026-08-06,airline_pair_readiness.unified_estimate_revision_count,derived_join_with_source_lineage,Derived chain row from the expectation bridge/readiness gate. Retains source field and as-of date; this layer adds no new estimate.,2026-08-08T10:43:19.885388+00:00
airline_research_chain,China Eastern Airlines,600115.SH,CN_A,2026-08-06,FY2025,expectations,unified_up_revision_count,4.0,,events,,2026-08-06,airline_pair_readiness.unified_up_revision_count,derived_join_with_source_lineage,Derived chain row from the expectation bridge/readiness gate. Retains source field and as-of date; this layer adds no new estimate.,2026-08-08T10:43:19.885388+00:00
airline_research_chain,China Eastern Airlines,600115.SH,CN_A,2026-08-06,FY2025,expectations,unified_down_revision_count,4.0,,events,,2026-08-06,airline_pair_readiness.unified_down_revision_count,derived_join_with_source_lineage,Derived chain row from the expectation bridge/readiness gate. Retains source field and as-of date; this layer adds no new estimate.,2026-08-08T10:43:19.885388+00:00
airline_research_chain,China Eastern Airlines,600115.SH,CN_A,2026-08-06,FY2025,expectations,unified_latest_estimate_revision_date,,2026-05-05,,,2026-05-05,airline_pair_readiness.unified_latest_estimate_revision_date,derived_join_with_source_lineage,Derived chain row from the expectation bridge/readiness gate. Retains source field and as-of date; this layer adds no new estimate.,2026-08-08T10:43:19.885388+00:00
airline_research_chain,China Eastern Airlines,600115.SH,CN_A,2026-08-06,FY2025,expectations,yahoo_eps_revision_up_30d,3.0,,analyst-count signal,,2026-08-06,airline_expectation_bridge.yahoo_eps_revision_up_30d,derived_join_with_source_lineage,Yahoo Finance 30-day EPS revision count from a current vendor snapshot; it is not a dated broker-vintage revision.,2026-08-08T10:43:19.885388+00:00
airline_research_chain,China Eastern Airlines,600115.SH,CN_A,2026-08-06,FY2025,expectations,yahoo_eps_revision_down_30d,1.0,,analyst-count signal,,2026-08-06,airline_expectation_bridge.yahoo_eps_revision_down_30d,derived_join_with_source_lineage,Yahoo Finance 30-day EPS revision count from a current vendor snapshot; it is not a dated broker-vintage revision.,2026-08-08T10:43:19.885388+00:00
airline_research_chain,China Eastern Airlines,600115.SH,CN_A,2026-08-06,FY2025,risk,latest_discovery_debt_to_assets_pct,86.276017,,percentage,,2026-03-31,airline_expectation_bridge.latest_discovery_debt_to_assets_pct,derived_join_with_source_lineage,A-share provider debt-to-assets ratio retained as leverage context with its period_end; the source lacks a complete issuer announcement-date PIT field.,2026-08-08T10:43:19.885388+00:00
airline_research_chain,China Eastern Airlines,600115.SH,CN_A,2026-08-06,FY2025,catalyst,formal_report_status,,scheduled,,,2026-08-06,airline_expectation_bridge.formal_report_status,derived_join_with_source_lineage,Derived chain row from the expectation bridge/readiness gate. Retains source field and as-of date; this layer adds no new estimate.,2026-08-08T10:43:19.885388+00:00
airline_research_chain,China Eastern Airlines,600115.SH,CN_A,2026-08-06,FY2025,catalyst,formal_report_scheduled_date,,2026-08-31,,,2026-08-06,airline_expectation_bridge.formal_report_scheduled_date,derived_join_with_source_lineage,Derived chain row from the expectation bridge/readiness gate. Retains source field and as-of date; this layer adds no new estimate.,2026-08-08T10:43:19.885388+00:00
airline_research_chain,China Eastern Airlines,600115.SH,CN_A,2026-08-06,FY2025,catalyst,latest_event_type,,earnings_warning,,,2026-08-06,airline_expectation_bridge.latest_event_type,derived_join_with_source_lineage,Derived chain row from the expectation bridge/readiness gate. Retains source field and as-of date; this layer adds no new estimate.,2026-08-08T10:43:19.885388+00:00
airline_research_chain,China Eastern Airlines,600115.SH,CN_A,2026-08-06,FY2025,catalyst,latest_event_date,,2026-07-14,,,2026-08-06,airline_expectation_bridge.latest_event_date,derived_join_with_source_lineage,Derived chain row from the expectation bridge/readiness gate. Retains source field and as-of date; this layer adds no new estimate.,2026-08-08T10:43:19.885388+00:00
airline_research_chain,China Eastern Airlines,600115.SH,CN_A,2026-08-06,FY2025,catalyst,latest_event_metric,,net_loss_attributable_to_shareholders,,,2026-07-14,airline_expectation_bridge.latest_event_metric,derived_join_with_source_lineage,Derived chain row from the expectation bridge/readiness gate. Retains source field and as-of date; this layer adds no new estimate.,2026-08-08T10:43:19.885388+00:00
airline_research_chain,China Eastern Airlines,600115.SH,CN_A,2026-08-06,FY2025,catalyst,latest_event_value_min,-2400.0,,native unit,RMB,2026-07-14,airline_expectation_bridge.latest_event_value_min,derived_join_with_source_lineage,Derived chain row from the expectation bridge/readiness gate. Retains source field and as-of date; this layer adds no new estimate.,2026-08-08T10:43:19.885388+00:00
airline_research_chain,China Eastern Airlines,600115.SH,CN_A,2026-08-06,FY2025,catalyst,latest_event_value_max,-1800.0,,native unit,RMB,2026-07-14,airline_expectation_bridge.latest_event_value_max,derived_join_with_source_lineage,Derived chain row from the expectation bridge/readiness gate. Retains source field and as-of date; this layer adds no new estimate.,2026-08-08T10:43:19.885388+00:00
airline_research_chain,China Eastern Airlines,600115.SH,CN_A,2026-08-06,FY2025,catalyst,latest_event_native_unit,,RMB million,,,2026-07-14,airline_expectation_bridge.latest_event_native_unit,derived_join_with_source_lineage,Derived chain row from the expectation bridge/readiness gate. Retains source field and as-of date; this layer adds no new estimate.,2026-08-08T10:43:19.885388+00:00
airline_research_chain,China Eastern Airlines,600115.SH,CN_A,2026-08-06,FY2025,catalyst,latest_event_source_url,,https://global.ceair.com/global/static/AboutChinaEasternAirlines/intoEasternAirlines/InvestorRelations/announcement/ShanghaiExchangeReleased/shExcReleased2026/202607/P020260715320960861779.pdf,,,2026-07-14,airline_expectation_bridge.latest_event_source_url,derived_join_with_source_lineage,Derived chain row from the expectation bridge/readiness gate. Retains source field and as-of date; this layer adds no new estimate.,2026-08-08T10:43:19.885388+00:00
airline_research_chain,China Eastern Airlines,600115.SH,CN_A,2026-08-06,FY2025,demand,latest_report_cargo_load_factor_pct,39.64,,%,,2026-03-31,airline_earnings_driver_comparability.cargo_load_factor_pct,derived_join_with_source_lineage,"Latest comparable issuer-period driver joined from airline_earnings_driver_comparability; statement_period=FY2025, reported_or_derived=issuer_reported. Source page=32.0; this chain row does not add a new estimate.",2026-08-08T10:43:19.885388+00:00
airline_research_chain,China Eastern Airlines,600115.SH,CN_A,2026-08-06,FY2025,earnings,latest_report_operating_cash_flow_native_mn,37941.0,,RMB million,RMB,2026-03-31,airline_earnings_driver_comparability.operating_cash_flow,derived_join_with_source_lineage,"Latest comparable issuer-period driver joined from airline_earnings_driver_comparability; statement_period=FY2025, reported_or_derived=issuer_reported. Source page=11.0; this chain row does not add a new estimate.",2026-08-08T10:43:19.885388+00:00
airline_research_chain,China Eastern Airlines,600115.SH,CN_A,2026-08-06,FY2025,cost,latest_report_fuel_cost_per_ask_native,0.1378535585654546,,RMB/ASK,RMB,2026-03-31,airline_earnings_driver_comparability.fuel_cost_per_ask,derived_join_with_source_lineage,"Latest comparable issuer-period driver joined from airline_earnings_driver_comparability; statement_period=FY2025, reported_or_derived=derived. Source page=25.0; this chain row does not add a new estimate.",2026-08-08T10:43:19.885388+00:00
airline_research_chain,China Eastern Airlines,600115.SH,CN_A,2026-08-06,FY2025,cost,latest_report_fuel_hedge_fair_value_change_native_mn,3.75,,RMB million,RMB,2026-03-31,airline_earnings_driver_comparability.fuel_hedge_fair_value_change,derived_join_with_source_lineage,"Latest comparable issuer-period driver joined from airline_earnings_driver_comparability; statement_period=FY2025, reported_or_derived=issuer_reported. Source page=36.0; this chain row does not add a new estimate.",2026-08-08T10:43:19.885388+00:00
airline_research_chain,China Eastern Airlines,600115.SH,CN_A,2026-08-06,FY2025,earnings,latest_report_fuel_sensitivity_5pct_profit_up_native_mn,-2184.0,,RMB million,RMB,2026-03-31,airline_earnings_driver_comparability.fuel_sensitivity_5pct_profit_up,derived_join_with_source_lineage,"Latest comparable issuer-period driver joined from airline_earnings_driver_comparability; statement_period=FY2025, reported_or_derived=issuer_reported. Source page=47.0; this chain row does not add a new estimate.",2026-08-08T10:43:19.885388+00:00
airline_research_chain,China Eastern Airlines,600115.SH,CN_A,2026-08-06,FY2025,earnings,latest_report_fuel_sensitivity_5pct_profit_down_native_mn,2184.0,,RMB million,RMB,2026-03-31,airline_earnings_driver_comparability.fuel_sensitivity_5pct_profit_down,derived_join_with_source_lineage,"Latest comparable issuer-period driver joined from airline_earnings_driver_comparability; statement_period=FY2025, reported_or_derived=issuer_reported. Source page=47.0; this chain row does not add a new estimate.",2026-08-08T10:43:19.885388+00:00
airline_research_chain,China Eastern Airlines,600115.SH,CN_A,2026-08-06,FY2025,supply,latest_report_fleet_total,826.0,,aircraft,,2026-03-31,airline_earnings_driver_comparability.fleet_total,derived_join_with_source_lineage,"Latest comparable issuer-period driver joined from airline_earnings_driver_comparability; statement_period=FY2025, reported_or_derived=issuer_reported. Source page=32.0; this chain row does not add a new estimate.",2026-08-08T10:43:19.885388+00:00
airline_research_chain,China Eastern Airlines,600115.SH,CN_A,2026-08-06,FY2025,supply,latest_report_daily_utilization,9.34,,hours/day,,2026-03-31,airline_earnings_driver_comparability.daily_utilization,derived_join_with_source_lineage,"Latest comparable issuer-period driver joined from airline_earnings_driver_comparability; statement_period=FY2025, reported_or_derived=issuer_reported. Source page=32.0; this chain row does not add a new estimate.",2026-08-08T10:43:19.885388+00:00
airline_research_chain,China Eastern Airlines,600115.SH,CN_A,2026-08-06,FY2025,demand,rpk_minus_ask_growth_gap_pp,2.55093037447302,,percentage points,,2026-08-06,airline_expectation_bridge.h1_rpk_yoy_pct - h1_ask_yoy_pct,derived_join_with_source_lineage,"Demand-versus-capacity growth gap: H1 RPK YoY minus H1 ASK YoY. Positive values indicate traffic demand grew faster than capacity; this is a diagnostic, not a fare/yield estimate.",2026-08-08T10:43:19.885388+00:00
airline_research_chain,China Eastern Airlines,600115.SH,CN_A,2026-08-06,FY2025,expectations,public_report_evidence_row_count,54.0,,rows,,2026-08-07,airline_revision_coverage.public_report_evidence_row_count,derived_join_with_source_lineage,10jqka public-report coverage metadata joined into the expectations chain. Counts and up/down markers do not establish a complete prior numeric revision.,2026-08-08T10:43:19.885388+00:00
airline_research_chain,China Eastern Airlines,600115.SH,CN_A,2026-08-06,FY2025,expectations,public_report_dated_row_count,36.0,,rows,,2026-08-07,airline_revision_coverage.public_report_dated_row_count,derived_join_with_source_lineage,10jqka public-report coverage metadata joined into the expectations chain. Counts and up/down markers do not establish a complete prior numeric revision.,2026-08-08T10:43:19.885388+00:00
airline_research_chain,China Eastern Airlines,600115.SH,CN_A,2026-08-06,FY2025,expectations,public_report_eps_up_marker_count,1.0,,markers,,2026-08-07,airline_revision_coverage.public_report_eps_up_marker_count,derived_join_with_source_lineage,10jqka public-report coverage metadata joined into the expectations chain. Counts and up/down markers do not establish a complete prior numeric revision.,2026-08-08T10:43:19.885388+00:00
airline_research_chain,China Eastern Airlines,600115.SH,CN_A,2026-08-06,FY2025,expectations,public_report_eps_down_marker_count,6.0,,markers,,2026-08-07,airline_revision_coverage.public_report_eps_down_marker_count,derived_join_with_source_lineage,10jqka public-report coverage metadata joined into the expectations chain. Counts and up/down markers do not establish a complete prior numeric revision.,2026-08-08T10:43:19.885388+00:00
airline_research_chain,China Eastern Airlines,600115.SH,CN_A,2026-08-06,FY2025,expectations,public_report_net_profit_up_marker_count,4.0,,markers,,2026-08-07,airline_revision_coverage.public_report_net_profit_up_marker_count,derived_join_with_source_lineage,10jqka public-report coverage metadata joined into the expectations chain. Counts and up/down markers do not establish a complete prior numeric revision.,2026-08-08T10:43:19.885388+00:00
airline_research_chain,China Eastern Airlines,600115.SH,CN_A,2026-08-06,FY2025,expectations,public_report_net_profit_down_marker_count,8.0,,markers,,2026-08-07,airline_revision_coverage.public_report_net_profit_down_marker_count,derived_join_with_source_lineage,10jqka public-report coverage metadata joined into the expectations chain. Counts and up/down markers do not establish a complete prior numeric revision.,2026-08-08T10:43:19.885388+00:00
airline_research_chain,China Eastern Airlines,600115.SH,CN_A,2026-08-06,FY2025,earnings,h1_warning_profit_low_native_mn,-2400.0,,RMB million,CNY,2026-07-14,airline_event_timeline.value_min/value_max,derived_join_with_source_lineage,"Mechanical expectations bridge: FY2026 A-share consensus minus the issuer's H1 preliminary profit range. The implied H2 amount is not a forecast and excludes seasonality, later estimate revisions, tax/one-offs and accounting changes; warning date=2026-07-14, consensus as-of=2026-08-07.",2026-08-08T10:43:19.885388+00:00
airline_research_chain,China Eastern Airlines,600115.SH,CN_A,2026-08-06,FY2025,earnings,h1_warning_profit_high_native_mn,-1800.0,,RMB million,CNY,2026-07-14,airline_event_timeline.value_min/value_max,derived_join_with_source_lineage,"Mechanical expectations bridge: FY2026 A-share consensus minus the issuer's H1 preliminary profit range. The implied H2 amount is not a forecast and excludes seasonality, later estimate revisions, tax/one-offs and accounting changes; warning date=2026-07-14, consensus as-of=2026-08-07.",2026-08-08T10:43:19.885388+00:00
airline_research_chain,China Eastern Airlines,600115.SH,CN_A,2026-08-06,FY2025,earnings,h1_warning_profit_mid_native_mn,-2100.0,,RMB million,CNY,2026-07-14,airline_event_timeline.value_min/value_max,derived_join_with_source_lineage,"Mechanical expectations bridge: FY2026 A-share consensus minus the issuer's H1 preliminary profit range. The implied H2 amount is not a forecast and excludes seasonality, later estimate revisions, tax/one-offs and accounting changes; warning date=2026-07-14, consensus as-of=2026-08-07.",2026-08-08T10:43:19.885388+00:00
airline_research_chain,China Eastern Airlines,600115.SH,CN_A,2026-08-06,FY2025,expectations,fy2026_profit_consensus_avg_native_mn,434.0,,RMB million,CNY,2026-08-07,airline_expectation_bridge.fy2026_net_profit_avg_native_mn,derived_join_with_source_lineage,"Mechanical expectations bridge: FY2026 A-share consensus minus the issuer's H1 preliminary profit range. The implied H2 amount is not a forecast and excludes seasonality, later estimate revisions, tax/one-offs and accounting changes; warning date=2026-07-14, consensus as-of=2026-08-07.",2026-08-08T10:43:19.885388+00:00
airline_research_chain,China Eastern Airlines,600115.SH,CN_A,2026-08-06,FY2025,expectations,implied_h2_profit_at_h1_warning_low_native_mn,2834.0,,RMB million,CNY,2026-08-07,airline_expectation_bridge.fy2026_net_profit_avg_native_mn,derived_join_with_source_lineage,"Mechanical expectations bridge: FY2026 A-share consensus minus the issuer's H1 preliminary profit range. The implied H2 amount is not a forecast and excludes seasonality, later estimate revisions, tax/one-offs and accounting changes; warning date=2026-07-14, consensus as-of=2026-08-07.",2026-08-08T10:43:19.885388+00:00
airline_research_chain,China Eastern Airlines,600115.SH,CN_A,2026-08-06,FY2025,expectations,implied_h2_profit_at_h1_warning_high_native_mn,2234.0,,RMB million,CNY,2026-08-07,airline_expectation_bridge.fy2026_net_profit_avg_native_mn,derived_join_with_source_lineage,"Mechanical expectations bridge: FY2026 A-share consensus minus the issuer's H1 preliminary profit range. The implied H2 amount is not a forecast and excludes seasonality, later estimate revisions, tax/one-offs and accounting changes; warning date=2026-07-14, consensus as-of=2026-08-07.",2026-08-08T10:43:19.885388+00:00
airline_research_chain,China Eastern Airlines,600115.SH,CN_A,2026-08-06,FY2025,expectations,implied_h2_profit_at_h1_warning_mid_native_mn,2534.0,,RMB million,CNY,2026-08-07,airline_expectation_bridge.fy2026_net_profit_avg_native_mn,derived_join_with_source_lineage,"Mechanical expectations bridge: FY2026 A-share consensus minus the issuer's H1 preliminary profit range. The implied H2 amount is not a forecast and excludes seasonality, later estimate revisions, tax/one-offs and accounting changes; warning date=2026-07-14, consensus as-of=2026-08-07.",2026-08-08T10:43:19.885388+00:00
airline_research_chain,China Eastern Airlines,600115.SH,CN_A,2026-08-06,FY2025,expectations,historical_2h2025_profit_native_mn,-202.0,,RMB million,CNY,2026-03-31,airline_earnings_driver_comparability.attributable_profit,derived_join_with_source_lineage,"Historical 2H2025 profit is derived as FY2025 attributable profit minus 1H2025 attributable profit from issuer-report driver rows. The difference against warning-implied 2H consensus is a recovery-base diagnostic, not a forecast.",2026-08-08T10:43:19.885388+00:00
airline_research_chain,China Eastern Airlines,600115.SH,CN_A,2026-08-06,FY2025,expectations,implied_h2_mid_minus_historical_2h2025_native_mn,2736.0,,RMB million,CNY,2026-08-07,airline_expectation_bridge.implied_h2_profit_at_h1_warning_mid_native_mn,derived_join_with_source_lineage,"Historical 2H2025 profit is derived as FY2025 attributable profit minus 1H2025 attributable profit from issuer-report driver rows. The difference against warning-implied 2H consensus is a recovery-base diagnostic, not a forecast.",2026-08-08T10:43:19.885388+00:00
airline_research_chain,China Eastern Airlines,600115.SH,CN_A,2026-08-06,FY2025,expectations,hk_profit_consensus_usd_mn,-377.98230918327016,,USD million,,2026-08-07,airline_consensus_dispersion_all.hk_profit_avg_usd_mn,derived_join_with_source_lineage,"A/H FY2026 profit-consensus alignment joined into the research chain. The two market estimates can differ by provider coverage, share class and vintage; sign disagreement or warning alignment is a review flag, not a directional signal.",2026-08-08T10:43:19.885388+00:00
airline_research_chain,China Eastern Airlines,600115.SH,CN_A,2026-08-06,FY2025,expectations,a_profit_consensus_usd_mn,0.6431880669116324,,USD million,,2026-08-07,airline_consensus_dispersion_all.a_profit_avg_usd_mn,derived_join_with_source_lineage,"A/H FY2026 profit-consensus alignment joined into the research chain. The two market estimates can differ by provider coverage, share class and vintage; sign disagreement or warning alignment is a review flag, not a directional signal.",2026-08-08T10:43:19.885388+00:00
airline_research_chain,China Eastern Airlines,600115.SH,CN_A,2026-08-06,FY2025,expectations,profit_gap_a_minus_hk_usd_mn,442.287272083473,,USD million,,2026-08-06,airline_consensus_dispersion.profit_gap_a_minus_hk_usd_mn,derived_join_with_source_lineage,"A/H FY2026 profit-consensus alignment joined into the research chain. The two market estimates can differ by provider coverage, share class and vintage; sign disagreement or warning alignment is a review flag, not a directional signal.",2026-08-08T10:43:19.885388+00:00
airline_research_chain,China Eastern Airlines,600115.SH,CN_A,2026-08-06,FY2025,expectations,profit_sign_disagreement_hk_vs_a,,True,,,2026-08-07,airline_consensus_dispersion_all.profit_sign_disagreement_hk_vs_a,derived_join_with_source_lineage,"A/H FY2026 profit-consensus alignment joined into the research chain. The two market estimates can differ by provider coverage, share class and vintage; sign disagreement or warning alignment is a review flag, not a directional signal.",2026-08-08T10:43:19.885388+00:00
airline_research_chain,China Eastern Airlines,600115.SH,CN_A,2026-08-06,FY2025,expectations,hk_profit_range_crosses_zero,,True,,,2026-08-07,airline_consensus_dispersion_all.hk_profit_range_crosses_zero,derived_join_with_source_lineage,"A/H FY2026 profit-consensus alignment joined into the research chain. The two market estimates can differ by provider coverage, share class and vintage; sign disagreement or warning alignment is a review flag, not a directional signal.",2026-08-08T10:43:19.885388+00:00
airline_research_chain,China Eastern Airlines,600115.SH,CN_A,2026-08-06,FY2025,expectations,a_profit_range_crosses_zero,,True,,,2026-08-07,airline_consensus_dispersion_all.a_profit_range_crosses_zero,derived_join_with_source_lineage,"A/H FY2026 profit-consensus alignment joined into the research chain. The two market estimates can differ by provider coverage, share class and vintage; sign disagreement or warning alignment is a review flag, not a directional signal.",2026-08-08T10:43:19.885388+00:00
airline_research_chain,China Eastern Airlines,600115.SH,CN_A,2026-08-06,FY2025,expectations,hk_profit_latest_observation_date,,2026-07-06,,,2026-07-06,airline_consensus_dispersion.hk_profit_latest_observation_date,derived_join_with_source_lineage,"A/H FY2026 profit-consensus alignment joined into the research chain. The two market estimates can differ by provider coverage, share class and vintage; sign disagreement or warning alignment is a review flag, not a directional signal.",2026-08-08T10:43:19.885388+00:00
airline_research_chain,China Eastern Airlines,600115.SH,CN_A,2026-08-06,FY2025,expectations,a_profit_latest_observation_date,,2026-08-03,,,2026-08-03,airline_consensus_dispersion.a_profit_latest_observation_date,derived_join_with_source_lineage,"A/H FY2026 profit-consensus alignment joined into the research chain. The two market estimates can differ by provider coverage, share class and vintage; sign disagreement or warning alignment is a review flag, not a directional signal.",2026-08-08T10:43:19.885388+00:00
airline_research_chain,China Eastern Airlines,600115.SH,CN_A,2026-08-06,FY2025,expectations,latest_h1_warning_date,,2026-07-14,,,2026-07-14,airline_consensus_dispersion.latest_h1_warning_date,derived_join_with_source_lineage,"A/H FY2026 profit-consensus alignment joined into the research chain. The two market estimates can differ by provider coverage, share class and vintage; sign disagreement or warning alignment is a review flag, not a directional signal.",2026-08-08T10:43:19.885388+00:00
airline_research_chain,China Eastern Airlines,600115.SH,CN_A,2026-08-06,FY2025,expectations,hk_profit_forecast_pre_warning,,True,,,2026-08-06,airline_consensus_dispersion.hk_profit_forecast_pre_warning,derived_join_with_source_lineage,"A/H FY2026 profit-consensus alignment joined into the research chain. The two market estimates can differ by provider coverage, share class and vintage; sign disagreement or warning alignment is a review flag, not a directional signal.",2026-08-08T10:43:19.885388+00:00
airline_research_chain,China Eastern Airlines,600115.SH,CN_A,2026-08-06,FY2025,expectations,a_profit_forecast_pre_warning,,False,,,2026-08-06,airline_consensus_dispersion.a_profit_forecast_pre_warning,derived_join_with_source_lineage,"A/H FY2026 profit-consensus alignment joined into the research chain. The two market estimates can differ by provider coverage, share class and vintage; sign disagreement or warning alignment is a review flag, not a directional signal.",2026-08-08T10:43:19.885388+00:00
airline_research_chain,China Eastern Airlines,600115.SH,CN_A,2026-08-06,FY2025,expectations,forecast_warning_alignment,,hk_pre_warning_a_post_warning,,,2026-08-06,airline_consensus_dispersion.forecast_warning_alignment,derived_join_with_source_lineage,"A/H FY2026 profit-consensus alignment joined into the research chain. The two market estimates can differ by provider coverage, share class and vintage; sign disagreement or warning alignment is a review flag, not a directional signal.",2026-08-08T10:43:19.885388+00:00
airline_research_chain,China Eastern Airlines,600115.SH,CN_A,2026-08-06,FY2025,expectations,public_report_latest_date,,2026-08-03,,,2026-08-03,airline_revision_coverage.public_report_latest_date,derived_join_with_source_lineage,Public-report date/scope metadata retained separately from numeric estimates; revenue evidence remains page-snapshot-only.,2026-08-08T10:43:19.885388+00:00
airline_research_chain,China Eastern Airlines,600115.SH,CN_A,2026-08-06,FY2025,expectations,public_report_evidence_scope,,dated_eps_profit_plus_page_snapshot_revenue,,,2026-08-07,airline_revision_coverage.public_report_evidence_scope,derived_join_with_source_lineage,Public-report date/scope metadata retained separately from numeric estimates; revenue evidence remains page-snapshot-only.,2026-08-08T10:43:19.885388+00:00
airline_research_chain,China Eastern Airlines,600115.SH,CN_A,2026-08-06,FY2025,cost,fuel_plus_5pct_profit_impact_usd_mn,-323.59916814295616,,USD million,,2026-07-31,airline_fuel_sensitivity_scenarios.pre_tax_profit_impact_usd_mn,derived_join_with_source_lineage,Fuel-price scenario at 5% using issuer_reported_5pct_sensitivity; FX observation date 2026-08-06 and EIA observation date 2026-07-31.,2026-08-08T10:43:19.885388+00:00
airline_research_chain,China Eastern Airlines,600115.SH,CN_A,2026-08-06,FY2025,cost,fuel_plus_5pct_scenario_method,,issuer_reported_5pct_sensitivity,,,2026-07-31,airline_fuel_sensitivity_scenarios.scenario_method,derived_join_with_source_lineage,"Fuel scenario metadata retained separately from the numeric impact; mechanical cases exclude hedging, contracts, mix, pass-through and demand response.",2026-08-08T10:43:19.885388+00:00
airline_research_chain,China Eastern Airlines,600115.SH,CN_A,2026-08-06,FY2025,cost,fuel_plus_5pct_issuer_sensitivity_available,,True,,,2026-07-31,airline_fuel_sensitivity_scenarios.issuer_sensitivity_available,derived_join_with_source_lineage,"Fuel scenario metadata retained separately from the numeric impact; mechanical cases exclude hedging, contracts, mix, pass-through and demand response.",2026-08-08T10:43:19.885388+00:00
airline_research_chain,China Eastern Airlines,600115.SH,CN_A,2026-08-06,FY2025,cost,fuel_minus_5pct_profit_impact_usd_mn,323.59916814295616,,USD million,,2026-07-31,airline_fuel_sensitivity_scenarios.pre_tax_profit_impact_usd_mn,derived_join_with_source_lineage,Fuel-price scenario at -5% using issuer_reported_5pct_sensitivity; FX observation date 2026-08-06 and EIA observation date 2026-07-31.,2026-08-08T10:43:19.885388+00:00
airline_research_chain,China Eastern Airlines,600115.SH,CN_A,2026-08-06,FY2025,cost,fuel_minus_5pct_scenario_method,,issuer_reported_5pct_sensitivity,,,2026-07-31,airline_fuel_sensitivity_scenarios.scenario_method,derived_join_with_source_lineage,"Fuel scenario metadata retained separately from the numeric impact; mechanical cases exclude hedging, contracts, mix, pass-through and demand response.",2026-08-08T10:43:19.885388+00:00
airline_research_chain,China Eastern Airlines,600115.SH,CN_A,2026-08-06,FY2025,cost,fuel_minus_5pct_issuer_sensitivity_available,,True,,,2026-07-31,airline_fuel_sensitivity_scenarios.issuer_sensitivity_available,derived_join_with_source_lineage,"Fuel scenario metadata retained separately from the numeric impact; mechanical cases exclude hedging, contracts, mix, pass-through and demand response.",2026-08-08T10:43:19.885388+00:00
airline_research_chain,China Eastern Airlines,600115.SH,CN_A,2026-08-06,FY2025,cost,fuel_scenario_fx_observation_date,,2026-08-06,,,2026-08-06,airline_fuel_sensitivity_scenarios.fx_observation_date,derived_join_with_source_lineage,Latest ECB FX observation used for the USD scenario translation; not a forward-FX assumption.,2026-08-08T10:43:19.885388+00:00
airline_research_chain,China Eastern Airlines,600115.SH,CN_A,2026-08-06,FY2025,cost,fuel_surcharge_context,,100 CNY (>800 km); 50 CNY (up to 800 km),,,2026-07-05,airline_fuel_sensitivity_scenarios.surcharge_reference,derived_join_with_source_lineage,Official fuel-surcharge schedule context retained from the scenario layer; route/policy-specific and not realized fuel-cost recovery. Source URL: https://english.www.gov.cn/news/202607/03/content_WS6a47b8a4c6d00ca5f9a0c052.html.,2026-08-08T10:43:19.885388+00:00
airline_research_chain,China Eastern Airlines,600115.SH,CN_A,2026-08-06,FY2025,catalyst,news_event_count_in_window,11.0,,articles,,2026-08-07 17:02:00,airline_news_events.published_at,derived_join_with_source_lineage,Public Eastmoney/AkShare news-window metadata for catalyst discovery. Keyword categories and relevance scope are not sentiment or alpha signals.,2026-08-08T10:43:19.885388+00:00
airline_research_chain,China Eastern Airlines,600115.SH,CN_A,2026-08-06,FY2025,catalyst,news_direct_headline_count_in_window,4.0,,articles,,2026-08-07 17:02:00,airline_news_events.relevance_scope,derived_join_with_source_lineage,Public Eastmoney/AkShare news-window metadata for catalyst discovery. Keyword categories and relevance scope are not sentiment or alpha signals.,2026-08-08T10:43:19.885388+00:00
airline_research_chain,China Eastern Airlines,600115.SH,CN_A,2026-08-06,FY2025,catalyst,news_latest_published_at,,2026-08-07 17:02:00,,,2026-08-07 17:02:00,airline_news_events.published_at,derived_join_with_source_lineage,Public Eastmoney/AkShare news-window metadata for catalyst discovery. Keyword categories and relevance scope are not sentiment or alpha signals.,2026-08-08T10:43:19.885388+00:00
airline_research_chain,China Eastern Airlines,600115.SH,CN_A,2026-08-06,FY2025,catalyst,news_latest_title,,3.38亿元主力资金今日撤离交通运输板块,,,2026-08-07 17:02:00,airline_news_events.news_title,derived_join_with_source_lineage,Public Eastmoney/AkShare news-window metadata for catalyst discovery. Keyword categories and relevance scope are not sentiment or alpha signals.,2026-08-08T10:43:19.885388+00:00
airline_research_chain,China Eastern Airlines,600115.SH,CN_A,2026-08-06,FY2025,catalyst,news_latest_source_url,,http://finance.eastmoney.com/a/202608073835259577.html,,,2026-08-07 17:02:00,airline_news_events.news_url,derived_join_with_source_lineage,Public Eastmoney/AkShare news-window metadata for catalyst discovery. Keyword categories and relevance scope are not sentiment or alpha signals.,2026-08-08T10:43:19.885388+00:00
airline_research_chain,China Eastern Airlines,600115.SH,CN_A,2026-08-06,FY2025,risk,beta_to_benchmark,1.1355191616270903,,multiple,,2026-08-06,airline_market_risk_metrics.beta_to_benchmark,derived_join_with_source_lineage,Derived market-risk row from the free historical risk snapshot. Borrow availability remains explicit.,2026-08-08T10:43:19.885388+00:00
airline_research_chain,China Eastern Airlines,600115.SH,CN_A,2026-08-06,FY2025,risk,annualized_volatility_pct,54.81585648656752,,percentage,,2026-08-06,airline_market_risk_metrics.annualized_volatility_pct,derived_join_with_source_lineage,Derived market-risk row from the free historical risk snapshot. Borrow availability remains explicit.,2026-08-08T10:43:19.885388+00:00
airline_research_chain,China Eastern Airlines,600115.SH,CN_A,2026-08-06,FY2025,risk,max_drawdown_pct,-53.87045637459724,,percentage,,2026-08-06,airline_market_risk_metrics.max_drawdown_pct,derived_join_with_source_lineage,Derived market-risk row from the free historical risk snapshot. Borrow availability remains explicit.,2026-08-08T10:43:19.885388+00:00
airline_research_chain,China Eastern Airlines,600115.SH,CN_A,2026-08-06,FY2025,risk,median_daily_turnover_usd_mn_60d,8.798742150602246,,USD million/day,,2026-08-06,airline_market_risk_metrics.median_daily_turnover_usd_mn_60d,derived_join_with_source_lineage,Derived market-risk row from the free historical risk snapshot. Borrow availability remains explicit.,2026-08-08T10:43:19.885388+00:00
airline_research_chain,China Eastern Airlines,600115.SH,CN_A,2026-08-06,FY2025,risk,borrow_data_available,,False,,,2026-08-06,airline_market_risk_metrics.borrow_data_available,derived_join_with_source_lineage,Derived market-risk row from the free historical risk snapshot. Borrow availability remains explicit.,2026-08-08T10:43:19.885388+00:00
airline_research_chain,China Eastern Airlines,600115.SH,CN_A,2026-08-06,FY2025,risk,short_eligibility_status,,margin_security_observed,,,2026-08-06,airline_short_eligibility.eligibility_status,derived_join_with_source_lineage,"Exchange eligibility evidence only: HKEX designated-list or SSE margin-detail presence. It does not establish locatable borrow, borrow fee, recall risk or execution availability; borrow_data_available remains false.",2026-08-08T10:43:19.885388+00:00
